
coremark.elf:     file format elf32-littleriscv


Disassembly of section .text:

80000000 <_start>:
80000000:	00008117          	auipc	sp,0x8
80000004:	f0010113          	addi	sp,sp,-256 # 80007f00 <_stack_top>
80000008:	00003297          	auipc	t0,0x3
8000000c:	b0028293          	addi	t0,t0,-1280 # 80002b08 <static_memblk>
80000010:	00003317          	auipc	t1,0x3
80000014:	2e830313          	addi	t1,t1,744 # 800032f8 <__bss_end>
80000018:	0062f863          	bgeu	t0,t1,80000028 <_start+0x28>
8000001c:	0002a023          	sw	zero,0(t0)
80000020:	00428293          	addi	t0,t0,4
80000024:	ff5ff06f          	j	80000018 <_start+0x18>
80000028:	00000097          	auipc	ra,0x0
8000002c:	0b0080e7          	jalr	176(ra) # 800000d8 <main>
80000030:	00004297          	auipc	t0,0x4
80000034:	fc428293          	addi	t0,t0,-60 # 80003ff4 <tohost_exit>
80000038:	00a2a023          	sw	a0,0(t0)
8000003c:	0000006f          	j	8000003c <_start+0x3c>

80000040 <iterate>:
80000040:	ff010113          	addi	sp,sp,-16
80000044:	01212023          	sw	s2,0(sp)
80000048:	01c52903          	lw	s2,28(a0)
8000004c:	00112623          	sw	ra,12(sp)
80000050:	02052c23          	sw	zero,56(a0)
80000054:	02052e23          	sw	zero,60(a0)
80000058:	06090663          	beqz	s2,800000c4 <iterate+0x84>
8000005c:	00812423          	sw	s0,8(sp)
80000060:	00912223          	sw	s1,4(sp)
80000064:	00050413          	mv	s0,a0
80000068:	00000493          	li	s1,0
8000006c:	00100593          	li	a1,1
80000070:	00040513          	mv	a0,s0
80000074:	00001097          	auipc	ra,0x1
80000078:	e80080e7          	jalr	-384(ra) # 80000ef4 <core_bench_list>
8000007c:	03845583          	lhu	a1,56(s0)
80000080:	00002097          	auipc	ra,0x2
80000084:	2c4080e7          	jalr	708(ra) # 80002344 <crcu16>
80000088:	02a41c23          	sh	a0,56(s0)
8000008c:	fff00593          	li	a1,-1
80000090:	00040513          	mv	a0,s0
80000094:	00001097          	auipc	ra,0x1
80000098:	e60080e7          	jalr	-416(ra) # 80000ef4 <core_bench_list>
8000009c:	03845583          	lhu	a1,56(s0)
800000a0:	00002097          	auipc	ra,0x2
800000a4:	2a4080e7          	jalr	676(ra) # 80002344 <crcu16>
800000a8:	02a41c23          	sh	a0,56(s0)
800000ac:	00049463          	bnez	s1,800000b4 <iterate+0x74>
800000b0:	02a41d23          	sh	a0,58(s0)
800000b4:	00148493          	addi	s1,s1,1
800000b8:	fa991ae3          	bne	s2,s1,8000006c <iterate+0x2c>
800000bc:	00812403          	lw	s0,8(sp)
800000c0:	00412483          	lw	s1,4(sp)
800000c4:	00c12083          	lw	ra,12(sp)
800000c8:	00012903          	lw	s2,0(sp)
800000cc:	00000513          	li	a0,0
800000d0:	01010113          	addi	sp,sp,16
800000d4:	00008067          	ret

800000d8 <main>:
800000d8:	f8010113          	addi	sp,sp,-128
800000dc:	00810613          	addi	a2,sp,8
800000e0:	00410593          	addi	a1,sp,4
800000e4:	04e10513          	addi	a0,sp,78
800000e8:	06112e23          	sw	ra,124(sp)
800000ec:	06812c23          	sw	s0,120(sp)
800000f0:	06912a23          	sw	s1,116(sp)
800000f4:	07212823          	sw	s2,112(sp)
800000f8:	07312623          	sw	s3,108(sp)
800000fc:	07412423          	sw	s4,104(sp)
80000100:	00012223          	sw	zero,4(sp)
80000104:	00001097          	auipc	ra,0x1
80000108:	874080e7          	jalr	-1932(ra) # 80000978 <portable_init>
8000010c:	00100513          	li	a0,1
80000110:	00002097          	auipc	ra,0x2
80000114:	184080e7          	jalr	388(ra) # 80002294 <get_seed_32>
80000118:	00050793          	mv	a5,a0
8000011c:	00200513          	li	a0,2
80000120:	00f11623          	sh	a5,12(sp)
80000124:	00002097          	auipc	ra,0x2
80000128:	170080e7          	jalr	368(ra) # 80002294 <get_seed_32>
8000012c:	00050793          	mv	a5,a0
80000130:	00300513          	li	a0,3
80000134:	00f11723          	sh	a5,14(sp)
80000138:	00002097          	auipc	ra,0x2
8000013c:	15c080e7          	jalr	348(ra) # 80002294 <get_seed_32>
80000140:	00050793          	mv	a5,a0
80000144:	00400513          	li	a0,4
80000148:	00f11823          	sh	a5,16(sp)
8000014c:	00002097          	auipc	ra,0x2
80000150:	148080e7          	jalr	328(ra) # 80002294 <get_seed_32>
80000154:	00050793          	mv	a5,a0
80000158:	00500513          	li	a0,5
8000015c:	02f12423          	sw	a5,40(sp)
80000160:	00002097          	auipc	ra,0x2
80000164:	134080e7          	jalr	308(ra) # 80002294 <get_seed_32>
80000168:	00051463          	bnez	a0,80000170 <main+0x98>
8000016c:	00700513          	li	a0,7
80000170:	00c12783          	lw	a5,12(sp)
80000174:	02a12623          	sw	a0,44(sp)
80000178:	22079263          	bnez	a5,8000039c <main+0x2c4>
8000017c:	01011783          	lh	a5,16(sp)
80000180:	3a078063          	beqz	a5,80000520 <main+0x448>
80000184:	00257793          	andi	a5,a0,2
80000188:	00003317          	auipc	t1,0x3
8000018c:	98030313          	addi	t1,t1,-1664 # 80002b08 <static_memblk>
80000190:	00f037b3          	snez	a5,a5
80000194:	00157713          	andi	a4,a0,1
80000198:	04011623          	sh	zero,76(sp)
8000019c:	00612a23          	sw	t1,20(sp)
800001a0:	00457693          	andi	a3,a0,4
800001a4:	00f70733          	add	a4,a4,a5
800001a8:	00068863          	beqz	a3,800001b8 <main+0xe0>
800001ac:	00170713          	addi	a4,a4,1
800001b0:	01071713          	slli	a4,a4,0x10
800001b4:	01075713          	srli	a4,a4,0x10
800001b8:	7d000593          	li	a1,2000
800001bc:	02e5d5b3          	divu	a1,a1,a4
800001c0:	00c10693          	addi	a3,sp,12
800001c4:	00000793          	li	a5,0
800001c8:	00000613          	li	a2,0
800001cc:	00100893          	li	a7,1
800001d0:	00300813          	li	a6,3
800001d4:	02b12223          	sw	a1,36(sp)
800001d8:	00f89733          	sll	a4,a7,a5
800001dc:	00a77733          	and	a4,a4,a0
800001e0:	00178793          	addi	a5,a5,1
800001e4:	18071e63          	bnez	a4,80000380 <main+0x2a8>
800001e8:	00468693          	addi	a3,a3,4
800001ec:	ff0796e3          	bne	a5,a6,800001d8 <main+0x100>
800001f0:	02c12783          	lw	a5,44(sp)
800001f4:	0017f713          	andi	a4,a5,1
800001f8:	02070063          	beqz	a4,80000218 <main+0x140>
800001fc:	00c11603          	lh	a2,12(sp)
80000200:	01812583          	lw	a1,24(sp)
80000204:	02412503          	lw	a0,36(sp)
80000208:	00001097          	auipc	ra,0x1
8000020c:	02c080e7          	jalr	44(ra) # 80001234 <core_list_init>
80000210:	02c12783          	lw	a5,44(sp)
80000214:	02a12823          	sw	a0,48(sp)
80000218:	0027f713          	andi	a4,a5,2
8000021c:	12071c63          	bnez	a4,80000354 <main+0x27c>
80000220:	0047f793          	andi	a5,a5,4
80000224:	00078c63          	beqz	a5,8000023c <main+0x164>
80000228:	02012603          	lw	a2,32(sp)
8000022c:	00c11583          	lh	a1,12(sp)
80000230:	02412503          	lw	a0,36(sp)
80000234:	00002097          	auipc	ra,0x2
80000238:	a7c080e7          	jalr	-1412(ra) # 80001cb0 <core_init_state>
8000023c:	02812783          	lw	a5,40(sp)
80000240:	06079463          	bnez	a5,800002a8 <main+0x1d0>
80000244:	00100793          	li	a5,1
80000248:	02f12423          	sw	a5,40(sp)
8000024c:	02812703          	lw	a4,40(sp)
80000250:	00271793          	slli	a5,a4,0x2
80000254:	00e787b3          	add	a5,a5,a4
80000258:	00179793          	slli	a5,a5,0x1
8000025c:	02f12423          	sw	a5,40(sp)
80000260:	00000097          	auipc	ra,0x0
80000264:	698080e7          	jalr	1688(ra) # 800008f8 <start_time>
80000268:	00c10513          	addi	a0,sp,12
8000026c:	00000097          	auipc	ra,0x0
80000270:	dd4080e7          	jalr	-556(ra) # 80000040 <iterate>
80000274:	00000097          	auipc	ra,0x0
80000278:	698080e7          	jalr	1688(ra) # 8000090c <stop_time>
8000027c:	00000097          	auipc	ra,0x0
80000280:	6a4080e7          	jalr	1700(ra) # 80000920 <get_time>
80000284:	00000097          	auipc	ra,0x0
80000288:	6b4080e7          	jalr	1716(ra) # 80000938 <time_in_secs>
8000028c:	fc0500e3          	beqz	a0,8000024c <main+0x174>
80000290:	00a00793          	li	a5,10
80000294:	02a7d7b3          	divu	a5,a5,a0
80000298:	02812703          	lw	a4,40(sp)
8000029c:	00178793          	addi	a5,a5,1
800002a0:	02f707b3          	mul	a5,a4,a5
800002a4:	02f12423          	sw	a5,40(sp)
800002a8:	00000097          	auipc	ra,0x0
800002ac:	650080e7          	jalr	1616(ra) # 800008f8 <start_time>
800002b0:	00c10513          	addi	a0,sp,12
800002b4:	00000097          	auipc	ra,0x0
800002b8:	d8c080e7          	jalr	-628(ra) # 80000040 <iterate>
800002bc:	00000097          	auipc	ra,0x0
800002c0:	650080e7          	jalr	1616(ra) # 8000090c <stop_time>
800002c4:	00000097          	auipc	ra,0x0
800002c8:	65c080e7          	jalr	1628(ra) # 80000920 <get_time>
800002cc:	00050993          	mv	s3,a0
800002d0:	00c11503          	lh	a0,12(sp)
800002d4:	00000593          	li	a1,0
800002d8:	00002097          	auipc	ra,0x2
800002dc:	210080e7          	jalr	528(ra) # 800024e8 <crc16>
800002e0:	00050593          	mv	a1,a0
800002e4:	00e11503          	lh	a0,14(sp)
800002e8:	00002097          	auipc	ra,0x2
800002ec:	200080e7          	jalr	512(ra) # 800024e8 <crc16>
800002f0:	00050593          	mv	a1,a0
800002f4:	01011503          	lh	a0,16(sp)
800002f8:	00002097          	auipc	ra,0x2
800002fc:	1f0080e7          	jalr	496(ra) # 800024e8 <crc16>
80000300:	00050593          	mv	a1,a0
80000304:	02411503          	lh	a0,36(sp)
80000308:	00002097          	auipc	ra,0x2
8000030c:	1e0080e7          	jalr	480(ra) # 800024e8 <crc16>
80000310:	000087b7          	lui	a5,0x8
80000314:	b0578793          	addi	a5,a5,-1275 # 7b05 <_start-0x7fff84fb>
80000318:	00050913          	mv	s2,a0
8000031c:	58f50c63          	beq	a0,a5,800008b4 <main+0x7dc>
80000320:	0aa7f263          	bgeu	a5,a0,800003c4 <main+0x2ec>
80000324:	000097b7          	lui	a5,0x9
80000328:	a0278793          	addi	a5,a5,-1534 # 8a02 <_start-0x7fff75fe>
8000032c:	56f50863          	beq	a0,a5,8000089c <main+0x7c4>
80000330:	0000f7b7          	lui	a5,0xf
80000334:	9f578793          	addi	a5,a5,-1547 # e9f5 <_start-0x7fff160b>
80000338:	1ef51a63          	bne	a0,a5,8000052c <main+0x454>
8000033c:	00002517          	auipc	a0,0x2
80000340:	2d850513          	addi	a0,a0,728 # 80002614 <check_data_types+0x98>
80000344:	00000097          	auipc	ra,0x0
80000348:	608080e7          	jalr	1544(ra) # 8000094c <ee_printf>
8000034c:	00300793          	li	a5,3
80000350:	0a00006f          	j	800003f0 <main+0x318>
80000354:	00e11783          	lh	a5,14(sp)
80000358:	00c11603          	lh	a2,12(sp)
8000035c:	01c12583          	lw	a1,28(sp)
80000360:	02412503          	lw	a0,36(sp)
80000364:	01079793          	slli	a5,a5,0x10
80000368:	00c7e633          	or	a2,a5,a2
8000036c:	03410693          	addi	a3,sp,52
80000370:	00001097          	auipc	ra,0x1
80000374:	04c080e7          	jalr	76(ra) # 800013bc <core_init_matrix>
80000378:	02c12783          	lw	a5,44(sp)
8000037c:	ea5ff06f          	j	80000220 <main+0x148>
80000380:	02b60733          	mul	a4,a2,a1
80000384:	00160613          	addi	a2,a2,1
80000388:	01061613          	slli	a2,a2,0x10
8000038c:	01065613          	srli	a2,a2,0x10
80000390:	00e30733          	add	a4,t1,a4
80000394:	00e6a623          	sw	a4,12(a3)
80000398:	e51ff06f          	j	800001e8 <main+0x110>
8000039c:	00100713          	li	a4,1
800003a0:	dee792e3          	bne	a5,a4,80000184 <main+0xac>
800003a4:	01011783          	lh	a5,16(sp)
800003a8:	dc079ee3          	bnez	a5,80000184 <main+0xac>
800003ac:	341537b7          	lui	a5,0x34153
800003b0:	41578793          	addi	a5,a5,1045 # 34153415 <_start-0x4beacbeb>
800003b4:	06600713          	li	a4,102
800003b8:	00f12623          	sw	a5,12(sp)
800003bc:	00e11823          	sh	a4,16(sp)
800003c0:	dc5ff06f          	j	80000184 <main+0xac>
800003c4:	000027b7          	lui	a5,0x2
800003c8:	8f278793          	addi	a5,a5,-1806 # 18f2 <_start-0x7fffe70e>
800003cc:	50f50063          	beq	a0,a5,800008cc <main+0x7f4>
800003d0:	000057b7          	lui	a5,0x5
800003d4:	eaf78793          	addi	a5,a5,-337 # 4eaf <_start-0x7fffb151>
800003d8:	14f51a63          	bne	a0,a5,8000052c <main+0x454>
800003dc:	00002517          	auipc	a0,0x2
800003e0:	20450513          	addi	a0,a0,516 # 800025e0 <check_data_types+0x64>
800003e4:	00000097          	auipc	ra,0x0
800003e8:	568080e7          	jalr	1384(ra) # 8000094c <ee_printf>
800003ec:	00200793          	li	a5,2
800003f0:	00003a17          	auipc	s4,0x3
800003f4:	ee8a0a13          	addi	s4,s4,-280 # 800032d8 <default_num_contexts>
800003f8:	000a2703          	lw	a4,0(s4)
800003fc:	4e070463          	beqz	a4,800008e4 <main+0x80c>
80000400:	07612023          	sw	s6,96(sp)
80000404:	00179793          	slli	a5,a5,0x1
80000408:	00002b17          	auipc	s6,0x2
8000040c:	678b0b13          	addi	s6,s6,1656 # 80002a80 <list_known_crc>
80000410:	07512223          	sw	s5,100(sp)
80000414:	05712e23          	sw	s7,92(sp)
80000418:	00fb0b33          	add	s6,s6,a5
8000041c:	00000b93          	li	s7,0
80000420:	00000a93          	li	s5,0
80000424:	0340006f          	j	80000458 <main+0x380>
80000428:	00240433          	add	s0,s0,sp
8000042c:	04c45783          	lhu	a5,76(s0)
80000430:	001a8a93          	addi	s5,s5,1
80000434:	000a2703          	lw	a4,0(s4)
80000438:	017787b3          	add	a5,a5,s7
8000043c:	010a9a93          	slli	s5,s5,0x10
80000440:	01079493          	slli	s1,a5,0x10
80000444:	01079b93          	slli	s7,a5,0x10
80000448:	010ada93          	srli	s5,s5,0x10
8000044c:	0104d493          	srli	s1,s1,0x10
80000450:	410bdb93          	srai	s7,s7,0x10
80000454:	3ceaf263          	bgeu	s5,a4,80000818 <main+0x740>
80000458:	004a9413          	slli	s0,s5,0x4
8000045c:	015404b3          	add	s1,s0,s5
80000460:	00249493          	slli	s1,s1,0x2
80000464:	05048793          	addi	a5,s1,80
80000468:	002784b3          	add	s1,a5,sp
8000046c:	fdc4a783          	lw	a5,-36(s1)
80000470:	fe049e23          	sh	zero,-4(s1)
80000474:	0017f713          	andi	a4,a5,1
80000478:	02070a63          	beqz	a4,800004ac <main+0x3d4>
8000047c:	ff64d603          	lhu	a2,-10(s1)
80000480:	000b5683          	lhu	a3,0(s6)
80000484:	02d60463          	beq	a2,a3,800004ac <main+0x3d4>
80000488:	000a8593          	mv	a1,s5
8000048c:	00002517          	auipc	a0,0x2
80000490:	1e450513          	addi	a0,a0,484 # 80002670 <check_data_types+0xf4>
80000494:	00000097          	auipc	ra,0x0
80000498:	4b8080e7          	jalr	1208(ra) # 8000094c <ee_printf>
8000049c:	ffc4d703          	lhu	a4,-4(s1)
800004a0:	fdc4a783          	lw	a5,-36(s1)
800004a4:	00170713          	addi	a4,a4,1
800004a8:	fee49e23          	sh	a4,-4(s1)
800004ac:	0027f713          	andi	a4,a5,2
800004b0:	04070263          	beqz	a4,800004f4 <main+0x41c>
800004b4:	015404b3          	add	s1,s0,s5
800004b8:	00249493          	slli	s1,s1,0x2
800004bc:	05048713          	addi	a4,s1,80
800004c0:	002704b3          	add	s1,a4,sp
800004c4:	ff84d603          	lhu	a2,-8(s1)
800004c8:	00cb5683          	lhu	a3,12(s6)
800004cc:	02d60463          	beq	a2,a3,800004f4 <main+0x41c>
800004d0:	000a8593          	mv	a1,s5
800004d4:	00002517          	auipc	a0,0x2
800004d8:	1cc50513          	addi	a0,a0,460 # 800026a0 <check_data_types+0x124>
800004dc:	00000097          	auipc	ra,0x0
800004e0:	470080e7          	jalr	1136(ra) # 8000094c <ee_printf>
800004e4:	ffc4d703          	lhu	a4,-4(s1)
800004e8:	fdc4a783          	lw	a5,-36(s1)
800004ec:	00170713          	addi	a4,a4,1
800004f0:	fee49e23          	sh	a4,-4(s1)
800004f4:	01540433          	add	s0,s0,s5
800004f8:	0047f793          	andi	a5,a5,4
800004fc:	00241413          	slli	s0,s0,0x2
80000500:	f20784e3          	beqz	a5,80000428 <main+0x350>
80000504:	05040793          	addi	a5,s0,80
80000508:	00278433          	add	s0,a5,sp
8000050c:	ffa45603          	lhu	a2,-6(s0)
80000510:	018b5683          	lhu	a3,24(s6)
80000514:	2cd61c63          	bne	a2,a3,800007ec <main+0x714>
80000518:	ffc45783          	lhu	a5,-4(s0)
8000051c:	f15ff06f          	j	80000430 <main+0x358>
80000520:	06600793          	li	a5,102
80000524:	00f11823          	sh	a5,16(sp)
80000528:	c5dff06f          	j	80000184 <main+0xac>
8000052c:	00010437          	lui	s0,0x10
80000530:	fff40493          	addi	s1,s0,-1 # ffff <_start-0x7fff0001>
80000534:	00003a17          	auipc	s4,0x3
80000538:	da4a0a13          	addi	s4,s4,-604 # 800032d8 <default_num_contexts>
8000053c:	00002097          	auipc	ra,0x2
80000540:	040080e7          	jalr	64(ra) # 8000257c <check_data_types>
80000544:	02412583          	lw	a1,36(sp)
80000548:	009504b3          	add	s1,a0,s1
8000054c:	00002517          	auipc	a0,0x2
80000550:	1b850513          	addi	a0,a0,440 # 80002704 <check_data_types+0x188>
80000554:	00000097          	auipc	ra,0x0
80000558:	3f8080e7          	jalr	1016(ra) # 8000094c <ee_printf>
8000055c:	00098593          	mv	a1,s3
80000560:	00002517          	auipc	a0,0x2
80000564:	1bc50513          	addi	a0,a0,444 # 8000271c <check_data_types+0x1a0>
80000568:	00000097          	auipc	ra,0x0
8000056c:	3e4080e7          	jalr	996(ra) # 8000094c <ee_printf>
80000570:	00098513          	mv	a0,s3
80000574:	00000097          	auipc	ra,0x0
80000578:	3c4080e7          	jalr	964(ra) # 80000938 <time_in_secs>
8000057c:	00050593          	mv	a1,a0
80000580:	00002517          	auipc	a0,0x2
80000584:	1b450513          	addi	a0,a0,436 # 80002734 <check_data_types+0x1b8>
80000588:	00000097          	auipc	ra,0x0
8000058c:	3c4080e7          	jalr	964(ra) # 8000094c <ee_printf>
80000590:	01049493          	slli	s1,s1,0x10
80000594:	00098513          	mv	a0,s3
80000598:	0104d493          	srli	s1,s1,0x10
8000059c:	00000097          	auipc	ra,0x0
800005a0:	39c080e7          	jalr	924(ra) # 80000938 <time_in_secs>
800005a4:	2c051263          	bnez	a0,80000868 <main+0x790>
800005a8:	00098513          	mv	a0,s3
800005ac:	00000097          	auipc	ra,0x0
800005b0:	38c080e7          	jalr	908(ra) # 80000938 <time_in_secs>
800005b4:	00900793          	li	a5,9
800005b8:	28a7fc63          	bgeu	a5,a0,80000850 <main+0x778>
800005bc:	000a2783          	lw	a5,0(s4)
800005c0:	02812583          	lw	a1,40(sp)
800005c4:	00002517          	auipc	a0,0x2
800005c8:	1e050513          	addi	a0,a0,480 # 800027a4 <check_data_types+0x228>
800005cc:	01049493          	slli	s1,s1,0x10
800005d0:	02f585b3          	mul	a1,a1,a5
800005d4:	4104d493          	srai	s1,s1,0x10
800005d8:	00000097          	auipc	ra,0x0
800005dc:	374080e7          	jalr	884(ra) # 8000094c <ee_printf>
800005e0:	00002597          	auipc	a1,0x2
800005e4:	1dc58593          	addi	a1,a1,476 # 800027bc <check_data_types+0x240>
800005e8:	00002517          	auipc	a0,0x2
800005ec:	1f450513          	addi	a0,a0,500 # 800027dc <check_data_types+0x260>
800005f0:	00000097          	auipc	ra,0x0
800005f4:	35c080e7          	jalr	860(ra) # 8000094c <ee_printf>
800005f8:	00002597          	auipc	a1,0x2
800005fc:	1fc58593          	addi	a1,a1,508 # 800027f4 <check_data_types+0x278>
80000600:	00002517          	auipc	a0,0x2
80000604:	22c50513          	addi	a0,a0,556 # 8000282c <check_data_types+0x2b0>
80000608:	00000097          	auipc	ra,0x0
8000060c:	344080e7          	jalr	836(ra) # 8000094c <ee_printf>
80000610:	00002597          	auipc	a1,0x2
80000614:	23458593          	addi	a1,a1,564 # 80002844 <check_data_types+0x2c8>
80000618:	00002517          	auipc	a0,0x2
8000061c:	23850513          	addi	a0,a0,568 # 80002850 <check_data_types+0x2d4>
80000620:	00000097          	auipc	ra,0x0
80000624:	32c080e7          	jalr	812(ra) # 8000094c <ee_printf>
80000628:	00090593          	mv	a1,s2
8000062c:	00002517          	auipc	a0,0x2
80000630:	23c50513          	addi	a0,a0,572 # 80002868 <check_data_types+0x2ec>
80000634:	00000097          	auipc	ra,0x0
80000638:	318080e7          	jalr	792(ra) # 8000094c <ee_printf>
8000063c:	02c12783          	lw	a5,44(sp)
80000640:	0017f713          	andi	a4,a5,1
80000644:	04070863          	beqz	a4,80000694 <main+0x5bc>
80000648:	000a2703          	lw	a4,0(s4)
8000064c:	04070463          	beqz	a4,80000694 <main+0x5bc>
80000650:	00000413          	li	s0,0
80000654:	00441793          	slli	a5,s0,0x4
80000658:	008787b3          	add	a5,a5,s0
8000065c:	00279793          	slli	a5,a5,0x2
80000660:	002787b3          	add	a5,a5,sp
80000664:	0467d603          	lhu	a2,70(a5)
80000668:	00040593          	mv	a1,s0
8000066c:	00002517          	auipc	a0,0x2
80000670:	21850513          	addi	a0,a0,536 # 80002884 <check_data_types+0x308>
80000674:	00000097          	auipc	ra,0x0
80000678:	2d8080e7          	jalr	728(ra) # 8000094c <ee_printf>
8000067c:	00140413          	addi	s0,s0,1
80000680:	000a2783          	lw	a5,0(s4)
80000684:	01041413          	slli	s0,s0,0x10
80000688:	01045413          	srli	s0,s0,0x10
8000068c:	fcf464e3          	bltu	s0,a5,80000654 <main+0x57c>
80000690:	02c12783          	lw	a5,44(sp)
80000694:	0027f713          	andi	a4,a5,2
80000698:	04070863          	beqz	a4,800006e8 <main+0x610>
8000069c:	000a2703          	lw	a4,0(s4)
800006a0:	24070663          	beqz	a4,800008ec <main+0x814>
800006a4:	00000413          	li	s0,0
800006a8:	00441793          	slli	a5,s0,0x4
800006ac:	008787b3          	add	a5,a5,s0
800006b0:	00279793          	slli	a5,a5,0x2
800006b4:	002787b3          	add	a5,a5,sp
800006b8:	0487d603          	lhu	a2,72(a5)
800006bc:	00040593          	mv	a1,s0
800006c0:	00002517          	auipc	a0,0x2
800006c4:	1e050513          	addi	a0,a0,480 # 800028a0 <check_data_types+0x324>
800006c8:	00000097          	auipc	ra,0x0
800006cc:	284080e7          	jalr	644(ra) # 8000094c <ee_printf>
800006d0:	00140413          	addi	s0,s0,1
800006d4:	000a2783          	lw	a5,0(s4)
800006d8:	01041413          	slli	s0,s0,0x10
800006dc:	01045413          	srli	s0,s0,0x10
800006e0:	fcf464e3          	bltu	s0,a5,800006a8 <main+0x5d0>
800006e4:	02c12783          	lw	a5,44(sp)
800006e8:	0047f793          	andi	a5,a5,4
800006ec:	04078663          	beqz	a5,80000738 <main+0x660>
800006f0:	000a2783          	lw	a5,0(s4)
800006f4:	00000413          	li	s0,0
800006f8:	08078463          	beqz	a5,80000780 <main+0x6a8>
800006fc:	00441793          	slli	a5,s0,0x4
80000700:	008787b3          	add	a5,a5,s0
80000704:	00279793          	slli	a5,a5,0x2
80000708:	002787b3          	add	a5,a5,sp
8000070c:	04a7d603          	lhu	a2,74(a5)
80000710:	00040593          	mv	a1,s0
80000714:	00002517          	auipc	a0,0x2
80000718:	1a850513          	addi	a0,a0,424 # 800028bc <check_data_types+0x340>
8000071c:	00000097          	auipc	ra,0x0
80000720:	230080e7          	jalr	560(ra) # 8000094c <ee_printf>
80000724:	00140413          	addi	s0,s0,1
80000728:	000a2783          	lw	a5,0(s4)
8000072c:	01041413          	slli	s0,s0,0x10
80000730:	01045413          	srli	s0,s0,0x10
80000734:	fcf464e3          	bltu	s0,a5,800006fc <main+0x624>
80000738:	000a2783          	lw	a5,0(s4)
8000073c:	00000413          	li	s0,0
80000740:	04078063          	beqz	a5,80000780 <main+0x6a8>
80000744:	00441793          	slli	a5,s0,0x4
80000748:	008787b3          	add	a5,a5,s0
8000074c:	00279793          	slli	a5,a5,0x2
80000750:	002787b3          	add	a5,a5,sp
80000754:	0447d603          	lhu	a2,68(a5)
80000758:	00040593          	mv	a1,s0
8000075c:	00002517          	auipc	a0,0x2
80000760:	17c50513          	addi	a0,a0,380 # 800028d8 <check_data_types+0x35c>
80000764:	00000097          	auipc	ra,0x0
80000768:	1e8080e7          	jalr	488(ra) # 8000094c <ee_printf>
8000076c:	00140413          	addi	s0,s0,1
80000770:	000a2783          	lw	a5,0(s4)
80000774:	01041413          	slli	s0,s0,0x10
80000778:	01045413          	srli	s0,s0,0x10
8000077c:	fcf464e3          	bltu	s0,a5,80000744 <main+0x66c>
80000780:	0a048e63          	beqz	s1,8000083c <main+0x764>
80000784:	0a904263          	bgtz	s1,80000828 <main+0x750>
80000788:	00002517          	auipc	a0,0x2
8000078c:	1b850513          	addi	a0,a0,440 # 80002940 <check_data_types+0x3c4>
80000790:	00000097          	auipc	ra,0x0
80000794:	1bc080e7          	jalr	444(ra) # 8000094c <ee_printf>
80000798:	04415783          	lhu	a5,68(sp)
8000079c:	04a15703          	lhu	a4,74(sp)
800007a0:	04815683          	lhu	a3,72(sp)
800007a4:	04615603          	lhu	a2,70(sp)
800007a8:	02812503          	lw	a0,40(sp)
800007ac:	00048813          	mv	a6,s1
800007b0:	00090593          	mv	a1,s2
800007b4:	00000097          	auipc	ra,0x0
800007b8:	210080e7          	jalr	528(ra) # 800009c4 <port_results_export>
800007bc:	04e10513          	addi	a0,sp,78
800007c0:	00000097          	auipc	ra,0x0
800007c4:	1fc080e7          	jalr	508(ra) # 800009bc <portable_fini>
800007c8:	07c12083          	lw	ra,124(sp)
800007cc:	07812403          	lw	s0,120(sp)
800007d0:	07412483          	lw	s1,116(sp)
800007d4:	07012903          	lw	s2,112(sp)
800007d8:	06c12983          	lw	s3,108(sp)
800007dc:	06812a03          	lw	s4,104(sp)
800007e0:	00000513          	li	a0,0
800007e4:	08010113          	addi	sp,sp,128
800007e8:	00008067          	ret
800007ec:	000a8593          	mv	a1,s5
800007f0:	00002517          	auipc	a0,0x2
800007f4:	ee450513          	addi	a0,a0,-284 # 800026d4 <check_data_types+0x158>
800007f8:	00000097          	auipc	ra,0x0
800007fc:	154080e7          	jalr	340(ra) # 8000094c <ee_printf>
80000800:	ffc45783          	lhu	a5,-4(s0)
80000804:	00178793          	addi	a5,a5,1
80000808:	01079793          	slli	a5,a5,0x10
8000080c:	0107d793          	srli	a5,a5,0x10
80000810:	fef41e23          	sh	a5,-4(s0)
80000814:	c1dff06f          	j	80000430 <main+0x358>
80000818:	06412a83          	lw	s5,100(sp)
8000081c:	06012b03          	lw	s6,96(sp)
80000820:	05c12b83          	lw	s7,92(sp)
80000824:	d19ff06f          	j	8000053c <main+0x464>
80000828:	00002517          	auipc	a0,0x2
8000082c:	17c50513          	addi	a0,a0,380 # 800029a4 <check_data_types+0x428>
80000830:	00000097          	auipc	ra,0x0
80000834:	11c080e7          	jalr	284(ra) # 8000094c <ee_printf>
80000838:	f61ff06f          	j	80000798 <main+0x6c0>
8000083c:	00002517          	auipc	a0,0x2
80000840:	0b850513          	addi	a0,a0,184 # 800028f4 <check_data_types+0x378>
80000844:	00000097          	auipc	ra,0x0
80000848:	108080e7          	jalr	264(ra) # 8000094c <ee_printf>
8000084c:	f4dff06f          	j	80000798 <main+0x6c0>
80000850:	00002517          	auipc	a0,0x2
80000854:	f1450513          	addi	a0,a0,-236 # 80002764 <check_data_types+0x1e8>
80000858:	00000097          	auipc	ra,0x0
8000085c:	0f4080e7          	jalr	244(ra) # 8000094c <ee_printf>
80000860:	00148493          	addi	s1,s1,1
80000864:	d59ff06f          	j	800005bc <main+0x4e4>
80000868:	02812403          	lw	s0,40(sp)
8000086c:	000a2783          	lw	a5,0(s4)
80000870:	00098513          	mv	a0,s3
80000874:	02f40433          	mul	s0,s0,a5
80000878:	00000097          	auipc	ra,0x0
8000087c:	0c0080e7          	jalr	192(ra) # 80000938 <time_in_secs>
80000880:	00050593          	mv	a1,a0
80000884:	00002517          	auipc	a0,0x2
80000888:	ec850513          	addi	a0,a0,-312 # 8000274c <check_data_types+0x1d0>
8000088c:	02b455b3          	divu	a1,s0,a1
80000890:	00000097          	auipc	ra,0x0
80000894:	0bc080e7          	jalr	188(ra) # 8000094c <ee_printf>
80000898:	d11ff06f          	j	800005a8 <main+0x4d0>
8000089c:	00002517          	auipc	a0,0x2
800008a0:	ce850513          	addi	a0,a0,-792 # 80002584 <check_data_types+0x8>
800008a4:	00000097          	auipc	ra,0x0
800008a8:	0a8080e7          	jalr	168(ra) # 8000094c <ee_printf>
800008ac:	00000793          	li	a5,0
800008b0:	b41ff06f          	j	800003f0 <main+0x318>
800008b4:	00002517          	auipc	a0,0x2
800008b8:	d0050513          	addi	a0,a0,-768 # 800025b4 <check_data_types+0x38>
800008bc:	00000097          	auipc	ra,0x0
800008c0:	090080e7          	jalr	144(ra) # 8000094c <ee_printf>
800008c4:	00100793          	li	a5,1
800008c8:	b29ff06f          	j	800003f0 <main+0x318>
800008cc:	00002517          	auipc	a0,0x2
800008d0:	d7850513          	addi	a0,a0,-648 # 80002644 <check_data_types+0xc8>
800008d4:	00000097          	auipc	ra,0x0
800008d8:	078080e7          	jalr	120(ra) # 8000094c <ee_printf>
800008dc:	00400793          	li	a5,4
800008e0:	b11ff06f          	j	800003f0 <main+0x318>
800008e4:	00000493          	li	s1,0
800008e8:	c55ff06f          	j	8000053c <main+0x464>
800008ec:	0047f793          	andi	a5,a5,4
800008f0:	e40784e3          	beqz	a5,80000738 <main+0x660>
800008f4:	e8dff06f          	j	80000780 <main+0x6a8>

800008f8 <start_time>:
800008f8:	800087b7          	lui	a5,0x80008
800008fc:	0007a783          	lw	a5,0(a5) # 80008000 <_stack_top+0x100>
80000900:	00003717          	auipc	a4,0x3
80000904:	9ef72023          	sw	a5,-1568(a4) # 800032e0 <port_t0>
80000908:	00008067          	ret

8000090c <stop_time>:
8000090c:	800087b7          	lui	a5,0x80008
80000910:	0007a783          	lw	a5,0(a5) # 80008000 <_stack_top+0x100>
80000914:	00003717          	auipc	a4,0x3
80000918:	9cf72423          	sw	a5,-1592(a4) # 800032dc <port_t1>
8000091c:	00008067          	ret

80000920 <get_time>:
80000920:	00003517          	auipc	a0,0x3
80000924:	9bc52503          	lw	a0,-1604(a0) # 800032dc <port_t1>
80000928:	00003797          	auipc	a5,0x3
8000092c:	9b87a783          	lw	a5,-1608(a5) # 800032e0 <port_t0>
80000930:	40f50533          	sub	a0,a0,a5
80000934:	00008067          	ret

80000938 <time_in_secs>:
80000938:	55e647b7          	lui	a5,0x55e64
8000093c:	b8978793          	addi	a5,a5,-1143 # 55e63b89 <_start-0x2a19c477>
80000940:	02f53533          	mulhu	a0,a0,a5
80000944:	01955513          	srli	a0,a0,0x19
80000948:	00008067          	ret

8000094c <ee_printf>:
8000094c:	fe010113          	addi	sp,sp,-32
80000950:	00b12223          	sw	a1,4(sp)
80000954:	00c12423          	sw	a2,8(sp)
80000958:	00d12623          	sw	a3,12(sp)
8000095c:	00e12823          	sw	a4,16(sp)
80000960:	00f12a23          	sw	a5,20(sp)
80000964:	01012c23          	sw	a6,24(sp)
80000968:	01112e23          	sw	a7,28(sp)
8000096c:	00000513          	li	a0,0
80000970:	02010113          	addi	sp,sp,32
80000974:	00008067          	ret

80000978 <portable_init>:
80000978:	00003797          	auipc	a5,0x3
8000097c:	9607ae23          	sw	zero,-1668(a5) # 800032f4 <seed1_volatile>
80000980:	00003797          	auipc	a5,0x3
80000984:	9607a823          	sw	zero,-1680(a5) # 800032f0 <seed2_volatile>
80000988:	06600793          	li	a5,102
8000098c:	00003717          	auipc	a4,0x3
80000990:	96f72023          	sw	a5,-1696(a4) # 800032ec <seed3_volatile>
80000994:	02000793          	li	a5,32
80000998:	00003717          	auipc	a4,0x3
8000099c:	94f72823          	sw	a5,-1712(a4) # 800032e8 <seed4_volatile>
800009a0:	00100793          	li	a5,1
800009a4:	00003717          	auipc	a4,0x3
800009a8:	94072023          	sw	zero,-1728(a4) # 800032e4 <seed5_volatile>
800009ac:	00003717          	auipc	a4,0x3
800009b0:	92f72623          	sw	a5,-1748(a4) # 800032d8 <default_num_contexts>
800009b4:	00f50023          	sb	a5,0(a0)
800009b8:	00008067          	ret

800009bc <portable_fini>:
800009bc:	00050023          	sb	zero,0(a0)
800009c0:	00008067          	ret

800009c4 <port_results_export>:
800009c4:	434d5e37          	lui	t3,0x434d5
800009c8:	800088b7          	lui	a7,0x80008
800009cc:	b31e0e13          	addi	t3,t3,-1231 # 434d4b31 <_start-0x3cb2b4cf>
800009d0:	f1c8a023          	sw	t3,-256(a7) # 80007f00 <_stack_top>
800009d4:	f0a8a223          	sw	a0,-252(a7)
800009d8:	f0b8a423          	sw	a1,-248(a7)
800009dc:	f0c8a623          	sw	a2,-244(a7)
800009e0:	f0d8a823          	sw	a3,-240(a7)
800009e4:	f0e8aa23          	sw	a4,-236(a7)
800009e8:	f0f8ac23          	sw	a5,-232(a7)
800009ec:	00003697          	auipc	a3,0x3
800009f0:	8f46a683          	lw	a3,-1804(a3) # 800032e0 <port_t0>
800009f4:	80008737          	lui	a4,0x80008
800009f8:	f0d72e23          	sw	a3,-228(a4) # 80007f1c <_stack_top+0x1c>
800009fc:	00003617          	auipc	a2,0x3
80000a00:	8e062603          	lw	a2,-1824(a2) # 800032dc <port_t1>
80000a04:	80008737          	lui	a4,0x80008
80000a08:	444f56b7          	lui	a3,0x444f5
80000a0c:	f2c72023          	sw	a2,-224(a4) # 80007f20 <_stack_top+0x20>
80000a10:	f3072223          	sw	a6,-220(a4)
80000a14:	e4568693          	addi	a3,a3,-443 # 444f4e45 <_start-0x3bb0b1bb>
80000a18:	f2d72423          	sw	a3,-216(a4)
80000a1c:	00003717          	auipc	a4,0x3
80000a20:	5cf72a23          	sw	a5,1492(a4) # 80003ff0 <tohost>
80000a24:	00008067          	ret

80000a28 <cmp_idx>:
80000a28:	00060a63          	beqz	a2,80000a3c <cmp_idx+0x14>
80000a2c:	00251503          	lh	a0,2(a0)
80000a30:	00259783          	lh	a5,2(a1)
80000a34:	40f50533          	sub	a0,a0,a5
80000a38:	00008067          	ret
80000a3c:	00051783          	lh	a5,0(a0)
80000a40:	01079713          	slli	a4,a5,0x10
80000a44:	01075713          	srli	a4,a4,0x10
80000a48:	00875713          	srli	a4,a4,0x8
80000a4c:	f007f793          	andi	a5,a5,-256
80000a50:	00e7e7b3          	or	a5,a5,a4
80000a54:	00f51023          	sh	a5,0(a0)
80000a58:	00059783          	lh	a5,0(a1)
80000a5c:	00251503          	lh	a0,2(a0)
80000a60:	01079713          	slli	a4,a5,0x10
80000a64:	01075713          	srli	a4,a4,0x10
80000a68:	00875713          	srli	a4,a4,0x8
80000a6c:	f007f793          	andi	a5,a5,-256
80000a70:	00e7e7b3          	or	a5,a5,a4
80000a74:	00f59023          	sh	a5,0(a1)
80000a78:	00259783          	lh	a5,2(a1)
80000a7c:	40f50533          	sub	a0,a0,a5
80000a80:	00008067          	ret

80000a84 <calc_func>:
80000a84:	fe010113          	addi	sp,sp,-32
80000a88:	00812c23          	sw	s0,24(sp)
80000a8c:	00051403          	lh	s0,0(a0)
80000a90:	00112e23          	sw	ra,28(sp)
80000a94:	40745793          	srai	a5,s0,0x7
80000a98:	0017f793          	andi	a5,a5,1
80000a9c:	00078c63          	beqz	a5,80000ab4 <calc_func+0x30>
80000aa0:	01c12083          	lw	ra,28(sp)
80000aa4:	07f47513          	andi	a0,s0,127
80000aa8:	01812403          	lw	s0,24(sp)
80000aac:	02010113          	addi	sp,sp,32
80000ab0:	00008067          	ret
80000ab4:	40345713          	srai	a4,s0,0x3
80000ab8:	00f77713          	andi	a4,a4,15
80000abc:	00471793          	slli	a5,a4,0x4
80000ac0:	00f70633          	add	a2,a4,a5
80000ac4:	00912a23          	sw	s1,20(sp)
80000ac8:	01312623          	sw	s3,12(sp)
80000acc:	01212823          	sw	s2,16(sp)
80000ad0:	00747693          	andi	a3,s0,7
80000ad4:	0385d783          	lhu	a5,56(a1)
80000ad8:	00050993          	mv	s3,a0
80000adc:	00058493          	mv	s1,a1
80000ae0:	00060713          	mv	a4,a2
80000ae4:	08068663          	beqz	a3,80000b70 <calc_func+0xec>
80000ae8:	00100613          	li	a2,1
80000aec:	06c69a63          	bne	a3,a2,80000b60 <calc_func+0xdc>
80000af0:	00078613          	mv	a2,a5
80000af4:	00070593          	mv	a1,a4
80000af8:	02848513          	addi	a0,s1,40
80000afc:	00001097          	auipc	ra,0x1
80000b00:	170080e7          	jalr	368(ra) # 80001c6c <core_bench_matrix>
80000b04:	03c4d783          	lhu	a5,60(s1)
80000b08:	01051913          	slli	s2,a0,0x10
80000b0c:	41095913          	srai	s2,s2,0x10
80000b10:	08079c63          	bnez	a5,80000ba8 <calc_func+0x124>
80000b14:	0384d783          	lhu	a5,56(s1)
80000b18:	02a49e23          	sh	a0,60(s1)
80000b1c:	00078593          	mv	a1,a5
80000b20:	00002097          	auipc	ra,0x2
80000b24:	824080e7          	jalr	-2012(ra) # 80002344 <crcu16>
80000b28:	00050793          	mv	a5,a0
80000b2c:	f0047413          	andi	s0,s0,-256
80000b30:	07f97513          	andi	a0,s2,127
80000b34:	00856433          	or	s0,a0,s0
80000b38:	02f49c23          	sh	a5,56(s1)
80000b3c:	08046413          	ori	s0,s0,128
80000b40:	00899023          	sh	s0,0(s3)
80000b44:	01c12083          	lw	ra,28(sp)
80000b48:	01812403          	lw	s0,24(sp)
80000b4c:	01412483          	lw	s1,20(sp)
80000b50:	01012903          	lw	s2,16(sp)
80000b54:	00c12983          	lw	s3,12(sp)
80000b58:	02010113          	addi	sp,sp,32
80000b5c:	00008067          	ret
80000b60:	01041513          	slli	a0,s0,0x10
80000b64:	01055513          	srli	a0,a0,0x10
80000b68:	00040913          	mv	s2,s0
80000b6c:	fb1ff06f          	j	80000b1c <calc_func+0x98>
80000b70:	02100693          	li	a3,33
80000b74:	00c6e463          	bltu	a3,a2,80000b7c <calc_func+0xf8>
80000b78:	02200713          	li	a4,34
80000b7c:	00249683          	lh	a3,2(s1)
80000b80:	00049603          	lh	a2,0(s1)
80000b84:	0144a583          	lw	a1,20(s1)
80000b88:	0184a503          	lw	a0,24(s1)
80000b8c:	00001097          	auipc	ra,0x1
80000b90:	554080e7          	jalr	1364(ra) # 800020e0 <core_bench_state>
80000b94:	03e4d783          	lhu	a5,62(s1)
80000b98:	01051913          	slli	s2,a0,0x10
80000b9c:	41095913          	srai	s2,s2,0x10
80000ba0:	00079463          	bnez	a5,80000ba8 <calc_func+0x124>
80000ba4:	02a49f23          	sh	a0,62(s1)
80000ba8:	0384d783          	lhu	a5,56(s1)
80000bac:	f71ff06f          	j	80000b1c <calc_func+0x98>

80000bb0 <cmp_complex>:
80000bb0:	ff010113          	addi	sp,sp,-16
80000bb4:	00912223          	sw	s1,4(sp)
80000bb8:	00058493          	mv	s1,a1
80000bbc:	00060593          	mv	a1,a2
80000bc0:	00112623          	sw	ra,12(sp)
80000bc4:	00812423          	sw	s0,8(sp)
80000bc8:	00060413          	mv	s0,a2
80000bcc:	00000097          	auipc	ra,0x0
80000bd0:	eb8080e7          	jalr	-328(ra) # 80000a84 <calc_func>
80000bd4:	00050793          	mv	a5,a0
80000bd8:	00040593          	mv	a1,s0
80000bdc:	00048513          	mv	a0,s1
80000be0:	00078413          	mv	s0,a5
80000be4:	00000097          	auipc	ra,0x0
80000be8:	ea0080e7          	jalr	-352(ra) # 80000a84 <calc_func>
80000bec:	00c12083          	lw	ra,12(sp)
80000bf0:	40a40533          	sub	a0,s0,a0
80000bf4:	00812403          	lw	s0,8(sp)
80000bf8:	00412483          	lw	s1,4(sp)
80000bfc:	01010113          	addi	sp,sp,16
80000c00:	00008067          	ret

80000c04 <copy_info>:
80000c04:	00059703          	lh	a4,0(a1)
80000c08:	00259783          	lh	a5,2(a1)
80000c0c:	00e51023          	sh	a4,0(a0)
80000c10:	00f51123          	sh	a5,2(a0)
80000c14:	00008067          	ret

80000c18 <core_list_insert_new>:
80000c18:	00062803          	lw	a6,0(a2)
80000c1c:	00880893          	addi	a7,a6,8
80000c20:	04e8f663          	bgeu	a7,a4,80000c6c <core_list_insert_new+0x54>
80000c24:	0006a703          	lw	a4,0(a3)
80000c28:	00470313          	addi	t1,a4,4
80000c2c:	04f37063          	bgeu	t1,a5,80000c6c <core_list_insert_new+0x54>
80000c30:	01162023          	sw	a7,0(a2)
80000c34:	00052783          	lw	a5,0(a0)
80000c38:	00059883          	lh	a7,0(a1)
80000c3c:	00259603          	lh	a2,2(a1)
80000c40:	00f82023          	sw	a5,0(a6)
80000c44:	01052023          	sw	a6,0(a0)
80000c48:	00e82223          	sw	a4,4(a6)
80000c4c:	0006a783          	lw	a5,0(a3)
80000c50:	00080513          	mv	a0,a6
80000c54:	00478793          	addi	a5,a5,4
80000c58:	00f6a023          	sw	a5,0(a3)
80000c5c:	00482783          	lw	a5,4(a6)
80000c60:	01179023          	sh	a7,0(a5)
80000c64:	00c79123          	sh	a2,2(a5)
80000c68:	00008067          	ret
80000c6c:	00000813          	li	a6,0
80000c70:	00080513          	mv	a0,a6
80000c74:	00008067          	ret

80000c78 <core_list_remove>:
80000c78:	00050793          	mv	a5,a0
80000c7c:	00052503          	lw	a0,0(a0)
80000c80:	0047a683          	lw	a3,4(a5)
80000c84:	00452603          	lw	a2,4(a0)
80000c88:	00052703          	lw	a4,0(a0)
80000c8c:	00c7a223          	sw	a2,4(a5)
80000c90:	00d52223          	sw	a3,4(a0)
80000c94:	00e7a023          	sw	a4,0(a5)
80000c98:	00052023          	sw	zero,0(a0)
80000c9c:	00008067          	ret

80000ca0 <core_list_undo_remove>:
80000ca0:	0045a603          	lw	a2,4(a1)
80000ca4:	00452683          	lw	a3,4(a0)
80000ca8:	0005a703          	lw	a4,0(a1)
80000cac:	00c52223          	sw	a2,4(a0)
80000cb0:	00d5a223          	sw	a3,4(a1)
80000cb4:	00e52023          	sw	a4,0(a0)
80000cb8:	00a5a023          	sw	a0,0(a1)
80000cbc:	00008067          	ret

80000cc0 <core_list_find>:
80000cc0:	00259703          	lh	a4,2(a1)
80000cc4:	02074263          	bltz	a4,80000ce8 <core_list_find+0x28>
80000cc8:	00051863          	bnez	a0,80000cd8 <core_list_find+0x18>
80000ccc:	00008067          	ret
80000cd0:	00052503          	lw	a0,0(a0)
80000cd4:	02050c63          	beqz	a0,80000d0c <core_list_find+0x4c>
80000cd8:	00452783          	lw	a5,4(a0)
80000cdc:	00279783          	lh	a5,2(a5)
80000ce0:	fee798e3          	bne	a5,a4,80000cd0 <core_list_find+0x10>
80000ce4:	00008067          	ret
80000ce8:	02050263          	beqz	a0,80000d0c <core_list_find+0x4c>
80000cec:	00059703          	lh	a4,0(a1)
80000cf0:	00c0006f          	j	80000cfc <core_list_find+0x3c>
80000cf4:	00052503          	lw	a0,0(a0)
80000cf8:	00050c63          	beqz	a0,80000d10 <core_list_find+0x50>
80000cfc:	00452783          	lw	a5,4(a0)
80000d00:	0007c783          	lbu	a5,0(a5)
80000d04:	fee798e3          	bne	a5,a4,80000cf4 <core_list_find+0x34>
80000d08:	00008067          	ret
80000d0c:	00000513          	li	a0,0
80000d10:	00008067          	ret

80000d14 <core_list_reverse>:
80000d14:	02050063          	beqz	a0,80000d34 <core_list_reverse+0x20>
80000d18:	00000713          	li	a4,0
80000d1c:	0080006f          	j	80000d24 <core_list_reverse+0x10>
80000d20:	00078513          	mv	a0,a5
80000d24:	00052783          	lw	a5,0(a0)
80000d28:	00e52023          	sw	a4,0(a0)
80000d2c:	00050713          	mv	a4,a0
80000d30:	fe0798e3          	bnez	a5,80000d20 <core_list_reverse+0xc>
80000d34:	00008067          	ret

80000d38 <core_list_mergesort>:
80000d38:	fd010113          	addi	sp,sp,-48
80000d3c:	01312e23          	sw	s3,28(sp)
80000d40:	01512a23          	sw	s5,20(sp)
80000d44:	01712623          	sw	s7,12(sp)
80000d48:	01812423          	sw	s8,8(sp)
80000d4c:	01a12023          	sw	s10,0(sp)
80000d50:	00100a93          	li	s5,1
80000d54:	02112623          	sw	ra,44(sp)
80000d58:	02812423          	sw	s0,40(sp)
80000d5c:	02912223          	sw	s1,36(sp)
80000d60:	03212023          	sw	s2,32(sp)
80000d64:	01412c23          	sw	s4,24(sp)
80000d68:	01612823          	sw	s6,16(sp)
80000d6c:	01912223          	sw	s9,4(sp)
80000d70:	00050993          	mv	s3,a0
80000d74:	00058c13          	mv	s8,a1
80000d78:	00060b93          	mv	s7,a2
80000d7c:	000a8d13          	mv	s10,s5
80000d80:	0e098663          	beqz	s3,80000e6c <core_list_mergesort+0x134>
80000d84:	00000c93          	li	s9,0
80000d88:	00000913          	li	s2,0
80000d8c:	00000b13          	li	s6,0
80000d90:	001c8c93          	addi	s9,s9,1
80000d94:	00098793          	mv	a5,s3
80000d98:	00000413          	li	s0,0
80000d9c:	01545863          	bge	s0,s5,80000dac <core_list_mergesort+0x74>
80000da0:	0007a783          	lw	a5,0(a5)
80000da4:	00140413          	addi	s0,s0,1
80000da8:	fe079ae3          	bnez	a5,80000d9c <core_list_mergesort+0x64>
80000dac:	00090493          	mv	s1,s2
80000db0:	000a8a13          	mv	s4,s5
80000db4:	00098913          	mv	s2,s3
80000db8:	00078993          	mv	s3,a5
80000dbc:	02805463          	blez	s0,80000de4 <core_list_mergesort+0xac>
80000dc0:	060a0063          	beqz	s4,80000e20 <core_list_mergesort+0xe8>
80000dc4:	02099663          	bnez	s3,80000df0 <core_list_mergesort+0xb8>
80000dc8:	00090793          	mv	a5,s2
80000dcc:	fff40413          	addi	s0,s0,-1
80000dd0:	00092903          	lw	s2,0(s2)
80000dd4:	04048063          	beqz	s1,80000e14 <core_list_mergesort+0xdc>
80000dd8:	00f4a023          	sw	a5,0(s1)
80000ddc:	00078493          	mv	s1,a5
80000de0:	fe8040e3          	bgtz	s0,80000dc0 <core_list_mergesort+0x88>
80000de4:	11405263          	blez	s4,80000ee8 <core_list_mergesort+0x1b0>
80000de8:	06098863          	beqz	s3,80000e58 <core_list_mergesort+0x120>
80000dec:	08040e63          	beqz	s0,80000e88 <core_list_mergesort+0x150>
80000df0:	0049a583          	lw	a1,4(s3)
80000df4:	00492503          	lw	a0,4(s2)
80000df8:	000b8613          	mv	a2,s7
80000dfc:	000c00e7          	jalr	s8
80000e00:	fca054e3          	blez	a0,80000dc8 <core_list_mergesort+0x90>
80000e04:	00098793          	mv	a5,s3
80000e08:	fffa0a13          	addi	s4,s4,-1
80000e0c:	0009a983          	lw	s3,0(s3)
80000e10:	fc0494e3          	bnez	s1,80000dd8 <core_list_mergesort+0xa0>
80000e14:	00078b13          	mv	s6,a5
80000e18:	00078493          	mv	s1,a5
80000e1c:	fc5ff06f          	j	80000de0 <core_list_mergesort+0xa8>
80000e20:	00092783          	lw	a5,0(s2)
80000e24:	fff40413          	addi	s0,s0,-1
80000e28:	02048063          	beqz	s1,80000e48 <core_list_mergesort+0x110>
80000e2c:	0124a023          	sw	s2,0(s1)
80000e30:	02040063          	beqz	s0,80000e50 <core_list_mergesort+0x118>
80000e34:	00090493          	mv	s1,s2
80000e38:	00078913          	mv	s2,a5
80000e3c:	00092783          	lw	a5,0(s2)
80000e40:	fff40413          	addi	s0,s0,-1
80000e44:	fe0494e3          	bnez	s1,80000e2c <core_list_mergesort+0xf4>
80000e48:	00090b13          	mv	s6,s2
80000e4c:	fe0414e3          	bnez	s0,80000e34 <core_list_mergesort+0xfc>
80000e50:	f40990e3          	bnez	s3,80000d90 <core_list_mergesort+0x58>
80000e54:	00090493          	mv	s1,s2
80000e58:	0004a023          	sw	zero,0(s1)
80000e5c:	05ac8863          	beq	s9,s10,80000eac <core_list_mergesort+0x174>
80000e60:	000b0993          	mv	s3,s6
80000e64:	001a9a93          	slli	s5,s5,0x1
80000e68:	f0099ee3          	bnez	s3,80000d84 <core_list_mergesort+0x4c>
80000e6c:	00002023          	sw	zero,0(zero) # 0 <_start-0x80000000>
80000e70:	00100073          	ebreak
80000e74:	00098b13          	mv	s6,s3
80000e78:	020a0263          	beqz	s4,80000e9c <core_list_mergesort+0x164>
80000e7c:	00098493          	mv	s1,s3
80000e80:	fc078ce3          	beqz	a5,80000e58 <core_list_mergesort+0x120>
80000e84:	00078993          	mv	s3,a5
80000e88:	0009a783          	lw	a5,0(s3)
80000e8c:	fffa0a13          	addi	s4,s4,-1
80000e90:	fe0482e3          	beqz	s1,80000e74 <core_list_mergesort+0x13c>
80000e94:	0134a023          	sw	s3,0(s1)
80000e98:	fe0a12e3          	bnez	s4,80000e7c <core_list_mergesort+0x144>
80000e9c:	00098913          	mv	s2,s3
80000ea0:	00078993          	mv	s3,a5
80000ea4:	ee0996e3          	bnez	s3,80000d90 <core_list_mergesort+0x58>
80000ea8:	fadff06f          	j	80000e54 <core_list_mergesort+0x11c>
80000eac:	02c12083          	lw	ra,44(sp)
80000eb0:	02812403          	lw	s0,40(sp)
80000eb4:	02412483          	lw	s1,36(sp)
80000eb8:	02012903          	lw	s2,32(sp)
80000ebc:	01c12983          	lw	s3,28(sp)
80000ec0:	01812a03          	lw	s4,24(sp)
80000ec4:	01412a83          	lw	s5,20(sp)
80000ec8:	00c12b83          	lw	s7,12(sp)
80000ecc:	00812c03          	lw	s8,8(sp)
80000ed0:	00412c83          	lw	s9,4(sp)
80000ed4:	00012d03          	lw	s10,0(sp)
80000ed8:	000b0513          	mv	a0,s6
80000edc:	01012b03          	lw	s6,16(sp)
80000ee0:	03010113          	addi	sp,sp,48
80000ee4:	00008067          	ret
80000ee8:	00048913          	mv	s2,s1
80000eec:	ea0992e3          	bnez	s3,80000d90 <core_list_mergesort+0x58>
80000ef0:	f65ff06f          	j	80000e54 <core_list_mergesort+0x11c>

80000ef4 <core_bench_list>:
80000ef4:	00050613          	mv	a2,a0
80000ef8:	00451503          	lh	a0,4(a0)
80000efc:	fe010113          	addi	sp,sp,-32
80000f00:	00812c23          	sw	s0,24(sp)
80000f04:	00112e23          	sw	ra,28(sp)
80000f08:	00912a23          	sw	s1,20(sp)
80000f0c:	01212823          	sw	s2,16(sp)
80000f10:	01312623          	sw	s3,12(sp)
80000f14:	01412423          	sw	s4,8(sp)
80000f18:	01512223          	sw	s5,4(sp)
80000f1c:	02462403          	lw	s0,36(a2)
80000f20:	2ca05c63          	blez	a0,800011f8 <core_bench_list+0x304>
80000f24:	2e05c263          	bltz	a1,80001208 <core_bench_list+0x314>
80000f28:	30040263          	beqz	s0,8000122c <core_bench_list+0x338>
80000f2c:	00058913          	mv	s2,a1
80000f30:	00000313          	li	t1,0
80000f34:	00000e93          	li	t4,0
80000f38:	00000e13          	li	t3,0
80000f3c:	00000893          	li	a7,0
80000f40:	00000993          	li	s3,0
80000f44:	00040793          	mv	a5,s0
80000f48:	00c0006f          	j	80000f54 <core_bench_list+0x60>
80000f4c:	0007a783          	lw	a5,0(a5)
80000f50:	10078663          	beqz	a5,8000105c <core_bench_list+0x168>
80000f54:	0047a703          	lw	a4,4(a5)
80000f58:	00271803          	lh	a6,2(a4)
80000f5c:	ff2818e3          	bne	a6,s2,80000f4c <core_bench_list+0x58>
80000f60:	00000693          	li	a3,0
80000f64:	0080006f          	j	80000f6c <core_bench_list+0x78>
80000f68:	00070413          	mv	s0,a4
80000f6c:	00042703          	lw	a4,0(s0)
80000f70:	00d42023          	sw	a3,0(s0)
80000f74:	00040693          	mv	a3,s0
80000f78:	fe0718e3          	bnez	a4,80000f68 <core_bench_list+0x74>
80000f7c:	0e078463          	beqz	a5,80001064 <core_bench_list+0x170>
80000f80:	0047a703          	lw	a4,4(a5)
80000f84:	00071703          	lh	a4,0(a4)
80000f88:	00177693          	andi	a3,a4,1
80000f8c:	00068c63          	beqz	a3,80000fa4 <core_bench_list+0xb0>
80000f90:	40975713          	srai	a4,a4,0x9
80000f94:	00177713          	andi	a4,a4,1
80000f98:	00e88733          	add	a4,a7,a4
80000f9c:	01071893          	slli	a7,a4,0x10
80000fa0:	0108d893          	srli	a7,a7,0x10
80000fa4:	0007a703          	lw	a4,0(a5)
80000fa8:	00070c63          	beqz	a4,80000fc0 <core_bench_list+0xcc>
80000fac:	00072683          	lw	a3,0(a4)
80000fb0:	00d7a023          	sw	a3,0(a5)
80000fb4:	00042783          	lw	a5,0(s0)
80000fb8:	00f72023          	sw	a5,0(a4)
80000fbc:	00e42023          	sw	a4,0(s0)
80000fc0:	001e0e13          	addi	t3,t3,1
80000fc4:	010e1e13          	slli	t3,t3,0x10
80000fc8:	010e5e13          	srli	t3,t3,0x10
80000fcc:	06084663          	bltz	a6,80001038 <core_bench_list+0x144>
80000fd0:	00130793          	addi	a5,t1,1
80000fd4:	01079313          	slli	t1,a5,0x10
80000fd8:	00180913          	addi	s2,a6,1
80000fdc:	01091913          	slli	s2,s2,0x10
80000fe0:	01079793          	slli	a5,a5,0x10
80000fe4:	41035313          	srai	t1,t1,0x10
80000fe8:	41095913          	srai	s2,s2,0x10
80000fec:	0107d793          	srli	a5,a5,0x10
80000ff0:	0a650263          	beq	a0,t1,80001094 <core_bench_list+0x1a0>
80000ff4:	0ff7f993          	zext.b	s3,a5
80000ff8:	00098693          	mv	a3,s3
80000ffc:	00040793          	mv	a5,s0
80001000:	ffff8837          	lui	a6,0xffff8
80001004:	f40950e3          	bgez	s2,80000f44 <core_bench_list+0x50>
80001008:	0047a703          	lw	a4,4(a5)
8000100c:	00074983          	lbu	s3,0(a4)
80001010:	f4d988e3          	beq	s3,a3,80000f60 <core_bench_list+0x6c>
80001014:	0007a783          	lw	a5,0(a5)
80001018:	00078c63          	beqz	a5,80001030 <core_bench_list+0x13c>
8000101c:	0047a703          	lw	a4,4(a5)
80001020:	00074983          	lbu	s3,0(a4)
80001024:	f2d98ee3          	beq	s3,a3,80000f60 <core_bench_list+0x6c>
80001028:	0007a783          	lw	a5,0(a5)
8000102c:	fe0798e3          	bnez	a5,8000101c <core_bench_list+0x128>
80001030:	00068993          	mv	s3,a3
80001034:	f2dff06f          	j	80000f60 <core_bench_list+0x6c>
80001038:	00130693          	addi	a3,t1,1
8000103c:	01069313          	slli	t1,a3,0x10
80001040:	41035313          	srai	t1,t1,0x10
80001044:	01069693          	slli	a3,a3,0x10
80001048:	0106d693          	srli	a3,a3,0x10
8000104c:	04650263          	beq	a0,t1,80001090 <core_bench_list+0x19c>
80001050:	0ff6f693          	zext.b	a3,a3
80001054:	00040793          	mv	a5,s0
80001058:	fc5ff06f          	j	8000101c <core_bench_list+0x128>
8000105c:	00090813          	mv	a6,s2
80001060:	f01ff06f          	j	80000f60 <core_bench_list+0x6c>
80001064:	00042783          	lw	a5,0(s0)
80001068:	001e8e93          	addi	t4,t4,1
8000106c:	010e9e93          	slli	t4,t4,0x10
80001070:	0047a783          	lw	a5,4(a5)
80001074:	010ede93          	srli	t4,t4,0x10
80001078:	00178783          	lb	a5,1(a5)
8000107c:	0017f793          	andi	a5,a5,1
80001080:	00f887b3          	add	a5,a7,a5
80001084:	01079893          	slli	a7,a5,0x10
80001088:	0108d893          	srli	a7,a7,0x10
8000108c:	f41ff06f          	j	80000fcc <core_bench_list+0xd8>
80001090:	00080913          	mv	s2,a6
80001094:	002e1793          	slli	a5,t3,0x2
80001098:	41d787b3          	sub	a5,a5,t4
8000109c:	00f888b3          	add	a7,a7,a5
800010a0:	01089493          	slli	s1,a7,0x10
800010a4:	0104d493          	srli	s1,s1,0x10
800010a8:	00b05e63          	blez	a1,800010c4 <core_bench_list+0x1d0>
800010ac:	00040513          	mv	a0,s0
800010b0:	00000597          	auipc	a1,0x0
800010b4:	b0058593          	addi	a1,a1,-1280 # 80000bb0 <cmp_complex>
800010b8:	00000097          	auipc	ra,0x0
800010bc:	c80080e7          	jalr	-896(ra) # 80000d38 <core_list_mergesort>
800010c0:	00050413          	mv	s0,a0
800010c4:	00042783          	lw	a5,0(s0)
800010c8:	00040a13          	mv	s4,s0
800010cc:	0007aa83          	lw	s5,0(a5)
800010d0:	0047a703          	lw	a4,4(a5)
800010d4:	004aa603          	lw	a2,4(s5)
800010d8:	000aa683          	lw	a3,0(s5)
800010dc:	00c7a223          	sw	a2,4(a5)
800010e0:	00eaa223          	sw	a4,4(s5)
800010e4:	00d7a023          	sw	a3,0(a5)
800010e8:	000aa023          	sw	zero,0(s5)
800010ec:	00095863          	bgez	s2,800010fc <core_bench_list+0x208>
800010f0:	0cc0006f          	j	800011bc <core_bench_list+0x2c8>
800010f4:	000a2a03          	lw	s4,0(s4)
800010f8:	0c0a0a63          	beqz	s4,800011cc <core_bench_list+0x2d8>
800010fc:	004a2783          	lw	a5,4(s4)
80001100:	00279783          	lh	a5,2(a5)
80001104:	ff2798e3          	bne	a5,s2,800010f4 <core_bench_list+0x200>
80001108:	00442783          	lw	a5,4(s0)
8000110c:	00048593          	mv	a1,s1
80001110:	00079503          	lh	a0,0(a5)
80001114:	00001097          	auipc	ra,0x1
80001118:	3d4080e7          	jalr	980(ra) # 800024e8 <crc16>
8000111c:	000a2a03          	lw	s4,0(s4)
80001120:	00050493          	mv	s1,a0
80001124:	fe0a12e3          	bnez	s4,80001108 <core_bench_list+0x214>
80001128:	00042a03          	lw	s4,0(s0)
8000112c:	004aa703          	lw	a4,4(s5)
80001130:	004a2683          	lw	a3,4(s4)
80001134:	000a2783          	lw	a5,0(s4)
80001138:	00040513          	mv	a0,s0
8000113c:	00daa223          	sw	a3,4(s5)
80001140:	00ea2223          	sw	a4,4(s4)
80001144:	00faa023          	sw	a5,0(s5)
80001148:	015a2023          	sw	s5,0(s4)
8000114c:	00000613          	li	a2,0
80001150:	00000597          	auipc	a1,0x0
80001154:	8d858593          	addi	a1,a1,-1832 # 80000a28 <cmp_idx>
80001158:	00000097          	auipc	ra,0x0
8000115c:	be0080e7          	jalr	-1056(ra) # 80000d38 <core_list_mergesort>
80001160:	00052403          	lw	s0,0(a0)
80001164:	00050913          	mv	s2,a0
80001168:	02040263          	beqz	s0,8000118c <core_bench_list+0x298>
8000116c:	00492783          	lw	a5,4(s2)
80001170:	00048593          	mv	a1,s1
80001174:	00079503          	lh	a0,0(a5)
80001178:	00001097          	auipc	ra,0x1
8000117c:	370080e7          	jalr	880(ra) # 800024e8 <crc16>
80001180:	00042403          	lw	s0,0(s0)
80001184:	00050493          	mv	s1,a0
80001188:	fe0412e3          	bnez	s0,8000116c <core_bench_list+0x278>
8000118c:	01c12083          	lw	ra,28(sp)
80001190:	01812403          	lw	s0,24(sp)
80001194:	01012903          	lw	s2,16(sp)
80001198:	00c12983          	lw	s3,12(sp)
8000119c:	00812a03          	lw	s4,8(sp)
800011a0:	00412a83          	lw	s5,4(sp)
800011a4:	00048513          	mv	a0,s1
800011a8:	01412483          	lw	s1,20(sp)
800011ac:	02010113          	addi	sp,sp,32
800011b0:	00008067          	ret
800011b4:	000a2a03          	lw	s4,0(s4)
800011b8:	000a0a63          	beqz	s4,800011cc <core_bench_list+0x2d8>
800011bc:	004a2783          	lw	a5,4(s4)
800011c0:	0007c783          	lbu	a5,0(a5)
800011c4:	fef998e3          	bne	s3,a5,800011b4 <core_bench_list+0x2c0>
800011c8:	f41ff06f          	j	80001108 <core_bench_list+0x214>
800011cc:	00042a03          	lw	s4,0(s0)
800011d0:	f60a00e3          	beqz	s4,80001130 <core_bench_list+0x23c>
800011d4:	00442783          	lw	a5,4(s0)
800011d8:	00048593          	mv	a1,s1
800011dc:	00079503          	lh	a0,0(a5)
800011e0:	00001097          	auipc	ra,0x1
800011e4:	308080e7          	jalr	776(ra) # 800024e8 <crc16>
800011e8:	000a2a03          	lw	s4,0(s4)
800011ec:	00050493          	mv	s1,a0
800011f0:	f00a1ce3          	bnez	s4,80001108 <core_bench_list+0x214>
800011f4:	f35ff06f          	j	80001128 <core_bench_list+0x234>
800011f8:	00058913          	mv	s2,a1
800011fc:	00000493          	li	s1,0
80001200:	00000993          	li	s3,0
80001204:	ea5ff06f          	j	800010a8 <core_bench_list+0x1b4>
80001208:	02040263          	beqz	s0,8000122c <core_bench_list+0x338>
8000120c:	00058813          	mv	a6,a1
80001210:	00040793          	mv	a5,s0
80001214:	00000893          	li	a7,0
80001218:	00000313          	li	t1,0
8000121c:	00000693          	li	a3,0
80001220:	00000e93          	li	t4,0
80001224:	00000e13          	li	t3,0
80001228:	df5ff06f          	j	8000101c <core_bench_list+0x128>
8000122c:	00002783          	lw	a5,0(zero) # 0 <_start-0x80000000>
80001230:	00100073          	ebreak

80001234 <core_list_init>:
80001234:	ccccd7b7          	lui	a5,0xccccd
80001238:	ccd78793          	addi	a5,a5,-819 # cccccccd <_stack_top+0x4ccc4dcd>
8000123c:	02f53333          	mulhu	t1,a0,a5
80001240:	ffff87b7          	lui	a5,0xffff8
80001244:	0005a023          	sw	zero,0(a1)
80001248:	08078793          	addi	a5,a5,128 # ffff8080 <_stack_top+0x7fff0180>
8000124c:	01058693          	addi	a3,a1,16
80001250:	00058513          	mv	a0,a1
80001254:	00858e13          	addi	t3,a1,8
80001258:	00435313          	srli	t1,t1,0x4
8000125c:	ffe30313          	addi	t1,t1,-2
80001260:	00331e93          	slli	t4,t1,0x3
80001264:	01d58eb3          	add	t4,a1,t4
80001268:	01d5a223          	sw	t4,4(a1)
8000126c:	00fe9023          	sh	a5,0(t4)
80001270:	00231f93          	slli	t6,t1,0x2
80001274:	000e9123          	sh	zero,2(t4)
80001278:	01fe8fb3          	add	t6,t4,t6
8000127c:	004e8713          	addi	a4,t4,4
80001280:	ffff87b7          	lui	a5,0xffff8
80001284:	13d6f463          	bgeu	a3,t4,800013ac <core_list_init+0x178>
80001288:	008e8893          	addi	a7,t4,8
8000128c:	13f8f063          	bgeu	a7,t6,800013ac <core_list_init+0x178>
80001290:	00e5a623          	sw	a4,12(a1)
80001294:	0005a423          	sw	zero,8(a1)
80001298:	01c5a023          	sw	t3,0(a1)
8000129c:	fff7c793          	not	a5,a5
800012a0:	fff00713          	li	a4,-1
800012a4:	00fe9323          	sh	a5,6(t4)
800012a8:	00ee9223          	sh	a4,4(t4)
800012ac:	06030a63          	beqz	t1,80001320 <core_list_init+0xec>
800012b0:	01061293          	slli	t0,a2,0x10
800012b4:	ffff83b7          	lui	t2,0xffff8
800012b8:	0102d293          	srli	t0,t0,0x10
800012bc:	fff3c393          	not	t2,t2
800012c0:	00000813          	li	a6,0
800012c4:	01081713          	slli	a4,a6,0x10
800012c8:	01075713          	srli	a4,a4,0x10
800012cc:	005747b3          	xor	a5,a4,t0
800012d0:	00379793          	slli	a5,a5,0x3
800012d4:	00777713          	andi	a4,a4,7
800012d8:	0787f793          	andi	a5,a5,120
800012dc:	00e7e7b3          	or	a5,a5,a4
800012e0:	00879f13          	slli	t5,a5,0x8
800012e4:	00868593          	addi	a1,a3,8
800012e8:	00180813          	addi	a6,a6,1 # ffff8001 <_stack_top+0x7fff0101>
800012ec:	00488713          	addi	a4,a7,4
800012f0:	01e787b3          	add	a5,a5,t5
800012f4:	03d5f463          	bgeu	a1,t4,8000131c <core_list_init+0xe8>
800012f8:	03f77263          	bgeu	a4,t6,8000131c <core_list_init+0xe8>
800012fc:	01c6a023          	sw	t3,0(a3)
80001300:	00d52023          	sw	a3,0(a0)
80001304:	0116a223          	sw	a7,4(a3)
80001308:	00f89023          	sh	a5,0(a7)
8000130c:	00789123          	sh	t2,2(a7)
80001310:	00068e13          	mv	t3,a3
80001314:	00070893          	mv	a7,a4
80001318:	00058693          	mv	a3,a1
8000131c:	fb0314e3          	bne	t1,a6,800012c4 <core_list_init+0x90>
80001320:	000e2803          	lw	a6,0(t3)
80001324:	06080a63          	beqz	a6,80001398 <core_list_init+0x164>
80001328:	ccccd7b7          	lui	a5,0xccccd
8000132c:	ccd78793          	addi	a5,a5,-819 # cccccccd <_stack_top+0x4ccc4dcd>
80001330:	02f33333          	mulhu	t1,t1,a5
80001334:	00004eb7          	lui	t4,0x4
80001338:	fffe8e93          	addi	t4,t4,-1 # 3fff <_start-0x7fffc001>
8000133c:	20000713          	li	a4,512
80001340:	00100693          	li	a3,1
80001344:	00235313          	srli	t1,t1,0x2
80001348:	0080006f          	j	80001350 <core_list_init+0x11c>
8000134c:	00088813          	mv	a6,a7
80001350:	00d645b3          	xor	a1,a2,a3
80001354:	70077793          	andi	a5,a4,1792
80001358:	00b7e7b3          	or	a5,a5,a1
8000135c:	01d7f7b3          	and	a5,a5,t4
80001360:	01079793          	slli	a5,a5,0x10
80001364:	004e2583          	lw	a1,4(t3)
80001368:	4107d793          	srai	a5,a5,0x10
8000136c:	0066f663          	bgeu	a3,t1,80001378 <core_list_init+0x144>
80001370:	01069793          	slli	a5,a3,0x10
80001374:	4107d793          	srai	a5,a5,0x10
80001378:	00082883          	lw	a7,0(a6)
8000137c:	10070713          	addi	a4,a4,256
80001380:	01071713          	slli	a4,a4,0x10
80001384:	00f59123          	sh	a5,2(a1)
80001388:	01075713          	srli	a4,a4,0x10
8000138c:	00168693          	addi	a3,a3,1
80001390:	00080e13          	mv	t3,a6
80001394:	fa089ce3          	bnez	a7,8000134c <core_list_init+0x118>
80001398:	00000613          	li	a2,0
8000139c:	fffff597          	auipc	a1,0xfffff
800013a0:	68c58593          	addi	a1,a1,1676 # 80000a28 <cmp_idx>
800013a4:	00000317          	auipc	t1,0x0
800013a8:	99430067          	jr	-1644(t1) # 80000d38 <core_list_mergesort>
800013ac:	000e0693          	mv	a3,t3
800013b0:	00070893          	mv	a7,a4
800013b4:	00000e13          	li	t3,0
800013b8:	ef5ff06f          	j	800012ac <core_list_init+0x78>

800013bc <core_init_matrix>:
800013bc:	ff010113          	addi	sp,sp,-16
800013c0:	00812623          	sw	s0,12(sp)
800013c4:	00912423          	sw	s1,8(sp)
800013c8:	00050813          	mv	a6,a0
800013cc:	00061463          	bnez	a2,800013d4 <core_init_matrix+0x18>
800013d0:	00100613          	li	a2,1
800013d4:	fff58593          	addi	a1,a1,-1
800013d8:	ffc5f293          	andi	t0,a1,-4
800013dc:	00428413          	addi	s0,t0,4
800013e0:	00000793          	li	a5,0
800013e4:	0e080463          	beqz	a6,800014cc <core_init_matrix+0x110>
800013e8:	00078513          	mv	a0,a5
800013ec:	00178793          	addi	a5,a5,1
800013f0:	02f78733          	mul	a4,a5,a5
800013f4:	00371713          	slli	a4,a4,0x3
800013f8:	ff0768e3          	bltu	a4,a6,800013e8 <core_init_matrix+0x2c>
800013fc:	02a503b3          	mul	t2,a0,a0
80001400:	00139393          	slli	t2,t2,0x1
80001404:	007402b3          	add	t0,s0,t2
80001408:	0c050e63          	beqz	a0,800014e4 <core_init_matrix+0x128>
8000140c:	01212223          	sw	s2,4(sp)
80001410:	00050493          	mv	s1,a0
80001414:	00150313          	addi	t1,a0,1
80001418:	00151913          	slli	s2,a0,0x1
8000141c:	00028f13          	mv	t5,t0
80001420:	00000e93          	li	t4,0
80001424:	00100713          	li	a4,1
80001428:	40540e33          	sub	t3,s0,t0
8000142c:	00070f93          	mv	t6,a4
80001430:	000f0813          	mv	a6,t5
80001434:	02e60633          	mul	a2,a2,a4
80001438:	01071793          	slli	a5,a4,0x10
8000143c:	0107d793          	srli	a5,a5,0x10
80001440:	010e08b3          	add	a7,t3,a6
80001444:	00170713          	addi	a4,a4,1
80001448:	00280813          	addi	a6,a6,2
8000144c:	41f65593          	srai	a1,a2,0x1f
80001450:	0105d593          	srli	a1,a1,0x10
80001454:	00b60633          	add	a2,a2,a1
80001458:	01061613          	slli	a2,a2,0x10
8000145c:	01065613          	srli	a2,a2,0x10
80001460:	40b60633          	sub	a2,a2,a1
80001464:	00c785b3          	add	a1,a5,a2
80001468:	01059593          	slli	a1,a1,0x10
8000146c:	0105d593          	srli	a1,a1,0x10
80001470:	00f587b3          	add	a5,a1,a5
80001474:	feb81f23          	sh	a1,-2(a6)
80001478:	0ff7f793          	zext.b	a5,a5
8000147c:	00f89023          	sh	a5,0(a7)
80001480:	fa671ae3          	bne	a4,t1,80001434 <core_init_matrix+0x78>
80001484:	001e8e93          	addi	t4,t4,1
80001488:	01f50733          	add	a4,a0,t6
8000148c:	00a30333          	add	t1,t1,a0
80001490:	012f0f33          	add	t5,t5,s2
80001494:	f8ae9ce3          	bne	t4,a0,8000142c <core_init_matrix+0x70>
80001498:	00412903          	lw	s2,4(sp)
8000149c:	007287b3          	add	a5,t0,t2
800014a0:	fff78793          	addi	a5,a5,-1
800014a4:	0086a223          	sw	s0,4(a3)
800014a8:	ffc7f793          	andi	a5,a5,-4
800014ac:	00c12403          	lw	s0,12(sp)
800014b0:	00478793          	addi	a5,a5,4
800014b4:	0096a023          	sw	s1,0(a3)
800014b8:	00f6a623          	sw	a5,12(a3)
800014bc:	0056a423          	sw	t0,8(a3)
800014c0:	00812483          	lw	s1,8(sp)
800014c4:	01010113          	addi	sp,sp,16
800014c8:	00008067          	ret
800014cc:	fff00493          	li	s1,-1
800014d0:	01212223          	sw	s2,4(sp)
800014d4:	00628293          	addi	t0,t0,6
800014d8:	00048513          	mv	a0,s1
800014dc:	00200393          	li	t2,2
800014e0:	f35ff06f          	j	80001414 <core_init_matrix+0x58>
800014e4:	00000393          	li	t2,0
800014e8:	00000493          	li	s1,0
800014ec:	fb1ff06f          	j	8000149c <core_init_matrix+0xe0>

800014f0 <matrix_sum>:
800014f0:	00050e93          	mv	t4,a0
800014f4:	08050463          	beqz	a0,8000157c <matrix_sum+0x8c>
800014f8:	00251f93          	slli	t6,a0,0x2
800014fc:	40a00f33          	neg	t5,a0
80001500:	01f588b3          	add	a7,a1,t6
80001504:	003f1f13          	slli	t5,t5,0x3
80001508:	00000313          	li	t1,0
8000150c:	00000513          	li	a0,0
80001510:	00000693          	li	a3,0
80001514:	00000813          	li	a6,0
80001518:	41f88e33          	sub	t3,a7,t6
8000151c:	000e0713          	mv	a4,t3
80001520:	0140006f          	j	80001534 <matrix_sum+0x44>
80001524:	01079513          	slli	a0,a5,0x10
80001528:	00470713          	addi	a4,a4,4
8000152c:	41055513          	srai	a0,a0,0x10
80001530:	02e88e63          	beq	a7,a4,8000156c <matrix_sum+0x7c>
80001534:	00068593          	mv	a1,a3
80001538:	01051793          	slli	a5,a0,0x10
8000153c:	00072683          	lw	a3,0(a4)
80001540:	0107d793          	srli	a5,a5,0x10
80001544:	00a78513          	addi	a0,a5,10
80001548:	00d5a5b3          	slt	a1,a1,a3
8000154c:	01051513          	slli	a0,a0,0x10
80001550:	00d80833          	add	a6,a6,a3
80001554:	41055513          	srai	a0,a0,0x10
80001558:	00b787b3          	add	a5,a5,a1
8000155c:	fd0654e3          	bge	a2,a6,80001524 <matrix_sum+0x34>
80001560:	00470713          	addi	a4,a4,4
80001564:	00000813          	li	a6,0
80001568:	fce896e3          	bne	a7,a4,80001534 <matrix_sum+0x44>
8000156c:	00130313          	addi	t1,t1,1
80001570:	41ee08b3          	sub	a7,t3,t5
80001574:	fa6e92e3          	bne	t4,t1,80001518 <matrix_sum+0x28>
80001578:	00008067          	ret
8000157c:	00000513          	li	a0,0
80001580:	00008067          	ret

80001584 <matrix_mul_const>:
80001584:	04050a63          	beqz	a0,800015d8 <matrix_mul_const+0x54>
80001588:	00151f13          	slli	t5,a0,0x1
8000158c:	40a00eb3          	neg	t4,a0
80001590:	01e60833          	add	a6,a2,t5
80001594:	002e9e93          	slli	t4,t4,0x2
80001598:	00000313          	li	t1,0
8000159c:	00000893          	li	a7,0
800015a0:	41e80e33          	sub	t3,a6,t5
800015a4:	00231613          	slli	a2,t1,0x2
800015a8:	000e0793          	mv	a5,t3
800015ac:	00c58633          	add	a2,a1,a2
800015b0:	00079703          	lh	a4,0(a5)
800015b4:	00278793          	addi	a5,a5,2
800015b8:	00460613          	addi	a2,a2,4
800015bc:	02d70733          	mul	a4,a4,a3
800015c0:	fee62e23          	sw	a4,-4(a2)
800015c4:	ff0796e3          	bne	a5,a6,800015b0 <matrix_mul_const+0x2c>
800015c8:	00188893          	addi	a7,a7,1
800015cc:	00a30333          	add	t1,t1,a0
800015d0:	41de0833          	sub	a6,t3,t4
800015d4:	fd1516e3          	bne	a0,a7,800015a0 <matrix_mul_const+0x1c>
800015d8:	00008067          	ret

800015dc <matrix_add_const>:
800015dc:	04050463          	beqz	a0,80001624 <matrix_add_const+0x48>
800015e0:	00151313          	slli	t1,a0,0x1
800015e4:	40a008b3          	neg	a7,a0
800015e8:	01061613          	slli	a2,a2,0x10
800015ec:	006586b3          	add	a3,a1,t1
800015f0:	01065613          	srli	a2,a2,0x10
800015f4:	00289893          	slli	a7,a7,0x2
800015f8:	00000593          	li	a1,0
800015fc:	40668833          	sub	a6,a3,t1
80001600:	00080793          	mv	a5,a6
80001604:	0007d703          	lhu	a4,0(a5)
80001608:	00278793          	addi	a5,a5,2
8000160c:	00e60733          	add	a4,a2,a4
80001610:	fee79f23          	sh	a4,-2(a5)
80001614:	fef698e3          	bne	a3,a5,80001604 <matrix_add_const+0x28>
80001618:	00158593          	addi	a1,a1,1
8000161c:	411806b3          	sub	a3,a6,a7
80001620:	fcb51ee3          	bne	a0,a1,800015fc <matrix_add_const+0x20>
80001624:	00008067          	ret

80001628 <matrix_mul_vect>:
80001628:	04050a63          	beqz	a0,8000167c <matrix_mul_vect+0x54>
8000162c:	00251f13          	slli	t5,a0,0x2
80001630:	00151e13          	slli	t3,a0,0x1
80001634:	01e58f33          	add	t5,a1,t5
80001638:	01c68e33          	add	t3,a3,t3
8000163c:	00000e93          	li	t4,0
80001640:	001e9813          	slli	a6,t4,0x1
80001644:	01060833          	add	a6,a2,a6
80001648:	00068793          	mv	a5,a3
8000164c:	00000893          	li	a7,0
80001650:	00081703          	lh	a4,0(a6)
80001654:	00079303          	lh	t1,0(a5)
80001658:	00278793          	addi	a5,a5,2
8000165c:	00280813          	addi	a6,a6,2
80001660:	02670733          	mul	a4,a4,t1
80001664:	00e888b3          	add	a7,a7,a4
80001668:	fefe14e3          	bne	t3,a5,80001650 <matrix_mul_vect+0x28>
8000166c:	0115a023          	sw	a7,0(a1)
80001670:	00458593          	addi	a1,a1,4
80001674:	00ae8eb3          	add	t4,t4,a0
80001678:	fcbf14e3          	bne	t5,a1,80001640 <matrix_mul_vect+0x18>
8000167c:	00008067          	ret

80001680 <matrix_mul_matrix>:
80001680:	0a050463          	beqz	a0,80001728 <matrix_mul_matrix+0xa8>
80001684:	ff010113          	addi	sp,sp,-16
80001688:	00050f13          	mv	t5,a0
8000168c:	00151513          	slli	a0,a0,0x1
80001690:	00812623          	sw	s0,12(sp)
80001694:	00058393          	mv	t2,a1
80001698:	00068413          	mv	s0,a3
8000169c:	00060e93          	mv	t4,a2
800016a0:	00a60833          	add	a6,a2,a0
800016a4:	00000f93          	li	t6,0
800016a8:	00000293          	li	t0,0
800016ac:	002f9893          	slli	a7,t6,0x2
800016b0:	011388b3          	add	a7,t2,a7
800016b4:	00040313          	mv	t1,s0
800016b8:	00000e13          	li	t3,0
800016bc:	00030693          	mv	a3,t1
800016c0:	000e8793          	mv	a5,t4
800016c4:	00000613          	li	a2,0
800016c8:	00079703          	lh	a4,0(a5)
800016cc:	00069583          	lh	a1,0(a3)
800016d0:	00278793          	addi	a5,a5,2
800016d4:	00a686b3          	add	a3,a3,a0
800016d8:	02b70733          	mul	a4,a4,a1
800016dc:	00e60633          	add	a2,a2,a4
800016e0:	fef814e3          	bne	a6,a5,800016c8 <matrix_mul_matrix+0x48>
800016e4:	00c8a023          	sw	a2,0(a7)
800016e8:	001e0793          	addi	a5,t3,1
800016ec:	00488893          	addi	a7,a7,4
800016f0:	00230313          	addi	t1,t1,2
800016f4:	00ff0663          	beq	t5,a5,80001700 <matrix_mul_matrix+0x80>
800016f8:	00078e13          	mv	t3,a5
800016fc:	fc1ff06f          	j	800016bc <matrix_mul_matrix+0x3c>
80001700:	00ae8eb3          	add	t4,t4,a0
80001704:	01ef8fb3          	add	t6,t6,t5
80001708:	00a80833          	add	a6,a6,a0
8000170c:	00128793          	addi	a5,t0,1
80001710:	01c28663          	beq	t0,t3,8000171c <matrix_mul_matrix+0x9c>
80001714:	00078293          	mv	t0,a5
80001718:	f95ff06f          	j	800016ac <matrix_mul_matrix+0x2c>
8000171c:	00c12403          	lw	s0,12(sp)
80001720:	01010113          	addi	sp,sp,16
80001724:	00008067          	ret
80001728:	00008067          	ret

8000172c <matrix_mul_matrix_bitextract>:
8000172c:	0a050e63          	beqz	a0,800017e8 <matrix_mul_matrix_bitextract+0xbc>
80001730:	ff010113          	addi	sp,sp,-16
80001734:	00050f13          	mv	t5,a0
80001738:	00151513          	slli	a0,a0,0x1
8000173c:	00812623          	sw	s0,12(sp)
80001740:	00058393          	mv	t2,a1
80001744:	00068413          	mv	s0,a3
80001748:	00060e93          	mv	t4,a2
8000174c:	00a60833          	add	a6,a2,a0
80001750:	00000f93          	li	t6,0
80001754:	00000293          	li	t0,0
80001758:	002f9893          	slli	a7,t6,0x2
8000175c:	011388b3          	add	a7,t2,a7
80001760:	00040313          	mv	t1,s0
80001764:	00000e13          	li	t3,0
80001768:	00030613          	mv	a2,t1
8000176c:	000e8693          	mv	a3,t4
80001770:	00000593          	li	a1,0
80001774:	00061703          	lh	a4,0(a2)
80001778:	00069783          	lh	a5,0(a3)
8000177c:	00268693          	addi	a3,a3,2
80001780:	00a60633          	add	a2,a2,a0
80001784:	02e787b3          	mul	a5,a5,a4
80001788:	4027d713          	srai	a4,a5,0x2
8000178c:	4057d793          	srai	a5,a5,0x5
80001790:	00f77713          	andi	a4,a4,15
80001794:	07f7f793          	andi	a5,a5,127
80001798:	02f707b3          	mul	a5,a4,a5
8000179c:	00f585b3          	add	a1,a1,a5
800017a0:	fcd81ae3          	bne	a6,a3,80001774 <matrix_mul_matrix_bitextract+0x48>
800017a4:	00b8a023          	sw	a1,0(a7)
800017a8:	001e0793          	addi	a5,t3,1
800017ac:	00488893          	addi	a7,a7,4
800017b0:	00230313          	addi	t1,t1,2
800017b4:	00ff0663          	beq	t5,a5,800017c0 <matrix_mul_matrix_bitextract+0x94>
800017b8:	00078e13          	mv	t3,a5
800017bc:	fadff06f          	j	80001768 <matrix_mul_matrix_bitextract+0x3c>
800017c0:	00ae8eb3          	add	t4,t4,a0
800017c4:	01ef8fb3          	add	t6,t6,t5
800017c8:	00a80833          	add	a6,a6,a0
800017cc:	00128793          	addi	a5,t0,1
800017d0:	01c28663          	beq	t0,t3,800017dc <matrix_mul_matrix_bitextract+0xb0>
800017d4:	00078293          	mv	t0,a5
800017d8:	f81ff06f          	j	80001758 <matrix_mul_matrix_bitextract+0x2c>
800017dc:	00c12403          	lw	s0,12(sp)
800017e0:	01010113          	addi	sp,sp,16
800017e4:	00008067          	ret
800017e8:	00008067          	ret

800017ec <matrix_test>:
800017ec:	fd010113          	addi	sp,sp,-48
800017f0:	02812423          	sw	s0,40(sp)
800017f4:	02912223          	sw	s1,36(sp)
800017f8:	01412c23          	sw	s4,24(sp)
800017fc:	01512a23          	sw	s5,20(sp)
80001800:	fffffa37          	lui	s4,0xfffff
80001804:	02112623          	sw	ra,44(sp)
80001808:	03212023          	sw	s2,32(sp)
8000180c:	00058a93          	mv	s5,a1
80001810:	00060413          	mv	s0,a2
80001814:	00068493          	mv	s1,a3
80001818:	01476a33          	or	s4,a4,s4
8000181c:	3a050c63          	beqz	a0,80001bd4 <matrix_test+0x3e8>
80001820:	00151313          	slli	t1,a0,0x1
80001824:	01312e23          	sw	s3,28(sp)
80001828:	01812423          	sw	s8,8(sp)
8000182c:	006605b3          	add	a1,a2,t1
80001830:	40a00c33          	neg	s8,a0
80001834:	01071993          	slli	s3,a4,0x10
80001838:	01712623          	sw	s7,12(sp)
8000183c:	01612823          	sw	s6,16(sp)
80001840:	01912223          	sw	s9,4(sp)
80001844:	01a12023          	sw	s10,0(sp)
80001848:	00050893          	mv	a7,a0
8000184c:	00058613          	mv	a2,a1
80001850:	002c1c13          	slli	s8,s8,0x2
80001854:	0109d993          	srli	s3,s3,0x10
80001858:	00000b93          	li	s7,0
8000185c:	40660833          	sub	a6,a2,t1
80001860:	00080793          	mv	a5,a6
80001864:	0007d683          	lhu	a3,0(a5)
80001868:	00278793          	addi	a5,a5,2
8000186c:	00d986b3          	add	a3,s3,a3
80001870:	fed79f23          	sh	a3,-2(a5)
80001874:	fec798e3          	bne	a5,a2,80001864 <matrix_test+0x78>
80001878:	001b8913          	addi	s2,s7,1
8000187c:	41880633          	sub	a2,a6,s8
80001880:	01288663          	beq	a7,s2,8000188c <matrix_test+0xa0>
80001884:	00090b93          	mv	s7,s2
80001888:	fd5ff06f          	j	8000185c <matrix_test+0x70>
8000188c:	00000513          	li	a0,0
80001890:	00000893          	li	a7,0
80001894:	40658833          	sub	a6,a1,t1
80001898:	00251613          	slli	a2,a0,0x2
8000189c:	00080793          	mv	a5,a6
800018a0:	01560633          	add	a2,a2,s5
800018a4:	00079683          	lh	a3,0(a5)
800018a8:	00278793          	addi	a5,a5,2
800018ac:	00460613          	addi	a2,a2,4
800018b0:	02e686b3          	mul	a3,a3,a4
800018b4:	fed62e23          	sw	a3,-4(a2)
800018b8:	fef596e3          	bne	a1,a5,800018a4 <matrix_test+0xb8>
800018bc:	01250533          	add	a0,a0,s2
800018c0:	418805b3          	sub	a1,a6,s8
800018c4:	00188793          	addi	a5,a7,1
800018c8:	01788663          	beq	a7,s7,800018d4 <matrix_test+0xe8>
800018cc:	00078893          	mv	a7,a5
800018d0:	fc5ff06f          	j	80001894 <matrix_test+0xa8>
800018d4:	418a8cb3          	sub	s9,s5,s8
800018d8:	41200d33          	neg	s10,s2
800018dc:	000c8813          	mv	a6,s9
800018e0:	003d1d13          	slli	s10,s10,0x3
800018e4:	00000693          	li	a3,0
800018e8:	00000593          	li	a1,0
800018ec:	00000513          	li	a0,0
800018f0:	00000313          	li	t1,0
800018f4:	018808b3          	add	a7,a6,s8
800018f8:	00088713          	mv	a4,a7
800018fc:	0140006f          	j	80001910 <matrix_test+0x124>
80001900:	01079513          	slli	a0,a5,0x10
80001904:	00470713          	addi	a4,a4,4
80001908:	41055513          	srai	a0,a0,0x10
8000190c:	02e80e63          	beq	a6,a4,80001948 <matrix_test+0x15c>
80001910:	00068613          	mv	a2,a3
80001914:	01051793          	slli	a5,a0,0x10
80001918:	00072683          	lw	a3,0(a4)
8000191c:	0107d793          	srli	a5,a5,0x10
80001920:	00a78513          	addi	a0,a5,10
80001924:	00d62633          	slt	a2,a2,a3
80001928:	01051513          	slli	a0,a0,0x10
8000192c:	00d585b3          	add	a1,a1,a3
80001930:	41055513          	srai	a0,a0,0x10
80001934:	00c787b3          	add	a5,a5,a2
80001938:	fcba54e3          	bge	s4,a1,80001900 <matrix_test+0x114>
8000193c:	00470713          	addi	a4,a4,4
80001940:	00000593          	li	a1,0
80001944:	fce816e3          	bne	a6,a4,80001910 <matrix_test+0x124>
80001948:	41a88833          	sub	a6,a7,s10
8000194c:	00130793          	addi	a5,t1,1
80001950:	006b8663          	beq	s7,t1,8000195c <matrix_test+0x170>
80001954:	00078313          	mv	t1,a5
80001958:	f9dff06f          	j	800018f4 <matrix_test+0x108>
8000195c:	00000593          	li	a1,0
80001960:	00001097          	auipc	ra,0x1
80001964:	b88080e7          	jalr	-1144(ra) # 800024e8 <crc16>
80001968:	00048693          	mv	a3,s1
8000196c:	000a8593          	mv	a1,s5
80001970:	00050b13          	mv	s6,a0
80001974:	00040613          	mv	a2,s0
80001978:	00090513          	mv	a0,s2
8000197c:	00000097          	auipc	ra,0x0
80001980:	cac080e7          	jalr	-852(ra) # 80001628 <matrix_mul_vect>
80001984:	00000693          	li	a3,0
80001988:	00000593          	li	a1,0
8000198c:	00000513          	li	a0,0
80001990:	00000893          	li	a7,0
80001994:	019c0833          	add	a6,s8,s9
80001998:	00080713          	mv	a4,a6
8000199c:	0140006f          	j	800019b0 <matrix_test+0x1c4>
800019a0:	01079513          	slli	a0,a5,0x10
800019a4:	00470713          	addi	a4,a4,4
800019a8:	41055513          	srai	a0,a0,0x10
800019ac:	03970e63          	beq	a4,s9,800019e8 <matrix_test+0x1fc>
800019b0:	00068613          	mv	a2,a3
800019b4:	01051793          	slli	a5,a0,0x10
800019b8:	00072683          	lw	a3,0(a4)
800019bc:	0107d793          	srli	a5,a5,0x10
800019c0:	00a78513          	addi	a0,a5,10
800019c4:	00d62633          	slt	a2,a2,a3
800019c8:	01051513          	slli	a0,a0,0x10
800019cc:	00d585b3          	add	a1,a1,a3
800019d0:	41055513          	srai	a0,a0,0x10
800019d4:	00c787b3          	add	a5,a5,a2
800019d8:	fcba54e3          	bge	s4,a1,800019a0 <matrix_test+0x1b4>
800019dc:	00470713          	addi	a4,a4,4
800019e0:	00000593          	li	a1,0
800019e4:	fd9716e3          	bne	a4,s9,800019b0 <matrix_test+0x1c4>
800019e8:	41a80cb3          	sub	s9,a6,s10
800019ec:	00188793          	addi	a5,a7,1
800019f0:	01788663          	beq	a7,s7,800019fc <matrix_test+0x210>
800019f4:	00078893          	mv	a7,a5
800019f8:	f9dff06f          	j	80001994 <matrix_test+0x1a8>
800019fc:	000b0593          	mv	a1,s6
80001a00:	00001097          	auipc	ra,0x1
80001a04:	ae8080e7          	jalr	-1304(ra) # 800024e8 <crc16>
80001a08:	00040613          	mv	a2,s0
80001a0c:	00050b13          	mv	s6,a0
80001a10:	00048693          	mv	a3,s1
80001a14:	00090513          	mv	a0,s2
80001a18:	000a8593          	mv	a1,s5
80001a1c:	00000097          	auipc	ra,0x0
80001a20:	c64080e7          	jalr	-924(ra) # 80001680 <matrix_mul_matrix>
80001a24:	00000313          	li	t1,0
80001a28:	00000713          	li	a4,0
80001a2c:	00000613          	li	a2,0
80001a30:	00000513          	li	a0,0
80001a34:	00000893          	li	a7,0
80001a38:	00231593          	slli	a1,t1,0x2
80001a3c:	00ba85b3          	add	a1,s5,a1
80001a40:	00000813          	li	a6,0
80001a44:	0180006f          	j	80001a5c <matrix_test+0x270>
80001a48:	01079513          	slli	a0,a5,0x10
80001a4c:	00180813          	addi	a6,a6,1
80001a50:	41055513          	srai	a0,a0,0x10
80001a54:	00458593          	addi	a1,a1,4
80001a58:	05287063          	bgeu	a6,s2,80001a98 <matrix_test+0x2ac>
80001a5c:	00070693          	mv	a3,a4
80001a60:	01051793          	slli	a5,a0,0x10
80001a64:	0005a703          	lw	a4,0(a1)
80001a68:	0107d793          	srli	a5,a5,0x10
80001a6c:	00a78513          	addi	a0,a5,10
80001a70:	00e6a6b3          	slt	a3,a3,a4
80001a74:	01051513          	slli	a0,a0,0x10
80001a78:	00e60633          	add	a2,a2,a4
80001a7c:	41055513          	srai	a0,a0,0x10
80001a80:	00d787b3          	add	a5,a5,a3
80001a84:	fcca52e3          	bge	s4,a2,80001a48 <matrix_test+0x25c>
80001a88:	00180813          	addi	a6,a6,1
80001a8c:	00000613          	li	a2,0
80001a90:	00458593          	addi	a1,a1,4
80001a94:	fd2864e3          	bltu	a6,s2,80001a5c <matrix_test+0x270>
80001a98:	00188893          	addi	a7,a7,1
80001a9c:	01230333          	add	t1,t1,s2
80001aa0:	f928ece3          	bltu	a7,s2,80001a38 <matrix_test+0x24c>
80001aa4:	000b0593          	mv	a1,s6
80001aa8:	00001097          	auipc	ra,0x1
80001aac:	a40080e7          	jalr	-1472(ra) # 800024e8 <crc16>
80001ab0:	00050793          	mv	a5,a0
80001ab4:	00048693          	mv	a3,s1
80001ab8:	00040613          	mv	a2,s0
80001abc:	00090513          	mv	a0,s2
80001ac0:	000a8593          	mv	a1,s5
80001ac4:	00078493          	mv	s1,a5
80001ac8:	00000097          	auipc	ra,0x0
80001acc:	c64080e7          	jalr	-924(ra) # 8000172c <matrix_mul_matrix_bitextract>
80001ad0:	00000313          	li	t1,0
80001ad4:	00000713          	li	a4,0
80001ad8:	00000613          	li	a2,0
80001adc:	00000513          	li	a0,0
80001ae0:	00000893          	li	a7,0
80001ae4:	00231593          	slli	a1,t1,0x2
80001ae8:	00ba85b3          	add	a1,s5,a1
80001aec:	00000813          	li	a6,0
80001af0:	0180006f          	j	80001b08 <matrix_test+0x31c>
80001af4:	01079513          	slli	a0,a5,0x10
80001af8:	00180813          	addi	a6,a6,1
80001afc:	41055513          	srai	a0,a0,0x10
80001b00:	00458593          	addi	a1,a1,4
80001b04:	05287063          	bgeu	a6,s2,80001b44 <matrix_test+0x358>
80001b08:	00070693          	mv	a3,a4
80001b0c:	01051793          	slli	a5,a0,0x10
80001b10:	0005a703          	lw	a4,0(a1)
80001b14:	0107d793          	srli	a5,a5,0x10
80001b18:	00a78513          	addi	a0,a5,10
80001b1c:	00e6a6b3          	slt	a3,a3,a4
80001b20:	01051513          	slli	a0,a0,0x10
80001b24:	00e60633          	add	a2,a2,a4
80001b28:	41055513          	srai	a0,a0,0x10
80001b2c:	00d787b3          	add	a5,a5,a3
80001b30:	fcca52e3          	bge	s4,a2,80001af4 <matrix_test+0x308>
80001b34:	00180813          	addi	a6,a6,1
80001b38:	00000613          	li	a2,0
80001b3c:	00458593          	addi	a1,a1,4
80001b40:	fd2864e3          	bltu	a6,s2,80001b08 <matrix_test+0x31c>
80001b44:	00188893          	addi	a7,a7,1
80001b48:	01230333          	add	t1,t1,s2
80001b4c:	f928ece3          	bltu	a7,s2,80001ae4 <matrix_test+0x2f8>
80001b50:	00048593          	mv	a1,s1
80001b54:	00001097          	auipc	ra,0x1
80001b58:	994080e7          	jalr	-1644(ra) # 800024e8 <crc16>
80001b5c:	00000593          	li	a1,0
80001b60:	00000613          	li	a2,0
80001b64:	00159793          	slli	a5,a1,0x1
80001b68:	00f407b3          	add	a5,s0,a5
80001b6c:	00000693          	li	a3,0
80001b70:	0007d703          	lhu	a4,0(a5)
80001b74:	00168693          	addi	a3,a3,1
80001b78:	00278793          	addi	a5,a5,2
80001b7c:	41370733          	sub	a4,a4,s3
80001b80:	fee79f23          	sh	a4,-2(a5)
80001b84:	ff26e6e3          	bltu	a3,s2,80001b70 <matrix_test+0x384>
80001b88:	00160613          	addi	a2,a2,1
80001b8c:	012585b3          	add	a1,a1,s2
80001b90:	fd266ae3          	bltu	a2,s2,80001b64 <matrix_test+0x378>
80001b94:	01c12983          	lw	s3,28(sp)
80001b98:	01012b03          	lw	s6,16(sp)
80001b9c:	00c12b83          	lw	s7,12(sp)
80001ba0:	00812c03          	lw	s8,8(sp)
80001ba4:	00412c83          	lw	s9,4(sp)
80001ba8:	00012d03          	lw	s10,0(sp)
80001bac:	02c12083          	lw	ra,44(sp)
80001bb0:	02812403          	lw	s0,40(sp)
80001bb4:	01051513          	slli	a0,a0,0x10
80001bb8:	02412483          	lw	s1,36(sp)
80001bbc:	02012903          	lw	s2,32(sp)
80001bc0:	01812a03          	lw	s4,24(sp)
80001bc4:	01412a83          	lw	s5,20(sp)
80001bc8:	41055513          	srai	a0,a0,0x10
80001bcc:	03010113          	addi	sp,sp,48
80001bd0:	00008067          	ret
80001bd4:	00000593          	li	a1,0
80001bd8:	00001097          	auipc	ra,0x1
80001bdc:	910080e7          	jalr	-1776(ra) # 800024e8 <crc16>
80001be0:	00048693          	mv	a3,s1
80001be4:	00040613          	mv	a2,s0
80001be8:	00050913          	mv	s2,a0
80001bec:	000a8593          	mv	a1,s5
80001bf0:	00000513          	li	a0,0
80001bf4:	00000097          	auipc	ra,0x0
80001bf8:	a34080e7          	jalr	-1484(ra) # 80001628 <matrix_mul_vect>
80001bfc:	00090593          	mv	a1,s2
80001c00:	00000513          	li	a0,0
80001c04:	00001097          	auipc	ra,0x1
80001c08:	8e4080e7          	jalr	-1820(ra) # 800024e8 <crc16>
80001c0c:	00048693          	mv	a3,s1
80001c10:	00040613          	mv	a2,s0
80001c14:	00050913          	mv	s2,a0
80001c18:	000a8593          	mv	a1,s5
80001c1c:	00000513          	li	a0,0
80001c20:	00000097          	auipc	ra,0x0
80001c24:	a60080e7          	jalr	-1440(ra) # 80001680 <matrix_mul_matrix>
80001c28:	00090593          	mv	a1,s2
80001c2c:	00000513          	li	a0,0
80001c30:	00001097          	auipc	ra,0x1
80001c34:	8b8080e7          	jalr	-1864(ra) # 800024e8 <crc16>
80001c38:	00050793          	mv	a5,a0
80001c3c:	00040613          	mv	a2,s0
80001c40:	000a8593          	mv	a1,s5
80001c44:	00048693          	mv	a3,s1
80001c48:	00000513          	li	a0,0
80001c4c:	00078413          	mv	s0,a5
80001c50:	00000097          	auipc	ra,0x0
80001c54:	adc080e7          	jalr	-1316(ra) # 8000172c <matrix_mul_matrix_bitextract>
80001c58:	00040593          	mv	a1,s0
80001c5c:	00000513          	li	a0,0
80001c60:	00001097          	auipc	ra,0x1
80001c64:	888080e7          	jalr	-1912(ra) # 800024e8 <crc16>
80001c68:	f45ff06f          	j	80001bac <matrix_test+0x3c0>

80001c6c <core_bench_matrix>:
80001c6c:	ff010113          	addi	sp,sp,-16
80001c70:	00812423          	sw	s0,8(sp)
80001c74:	00852683          	lw	a3,8(a0)
80001c78:	00060413          	mv	s0,a2
80001c7c:	00058713          	mv	a4,a1
80001c80:	00452603          	lw	a2,4(a0)
80001c84:	00c52583          	lw	a1,12(a0)
80001c88:	00052503          	lw	a0,0(a0)
80001c8c:	00112623          	sw	ra,12(sp)
80001c90:	00000097          	auipc	ra,0x0
80001c94:	b5c080e7          	jalr	-1188(ra) # 800017ec <matrix_test>
80001c98:	00040593          	mv	a1,s0
80001c9c:	00812403          	lw	s0,8(sp)
80001ca0:	00c12083          	lw	ra,12(sp)
80001ca4:	01010113          	addi	sp,sp,16
80001ca8:	00001317          	auipc	t1,0x1
80001cac:	84030067          	jr	-1984(t1) # 800024e8 <crc16>

80001cb0 <core_init_state>:
80001cb0:	fff50813          	addi	a6,a0,-1
80001cb4:	00100e13          	li	t3,1
80001cb8:	110e7e63          	bgeu	t3,a6,80001dd4 <core_init_state+0x124>
80001cbc:	01c585b3          	add	a1,a1,t3
80001cc0:	01059593          	slli	a1,a1,0x10
80001cc4:	0105d593          	srli	a1,a1,0x10
80001cc8:	ff010113          	addi	sp,sp,-16
80001ccc:	0035d793          	srli	a5,a1,0x3
80001cd0:	00812623          	sw	s0,12(sp)
80001cd4:	00700893          	li	a7,7
80001cd8:	0075f693          	andi	a3,a1,7
80001cdc:	00000713          	li	a4,0
80001ce0:	00001317          	auipc	t1,0x1
80001ce4:	dc430313          	addi	t1,t1,-572 # 80002aa4 <intpat>
80001ce8:	00400e93          	li	t4,4
80001cec:	02c00f13          	li	t5,44
80001cf0:	0037f793          	andi	a5,a5,3
80001cf4:	07168e63          	beq	a3,a7,80001d70 <core_init_state+0xc0>
80001cf8:	0cdee463          	bltu	t4,a3,80001dc0 <core_init_state+0x110>
80001cfc:	ffd68693          	addi	a3,a3,-3
80001d00:	01069693          	slli	a3,a3,0x10
80001d04:	00279793          	slli	a5,a5,0x2
80001d08:	0106d693          	srli	a3,a3,0x10
80001d0c:	00f307b3          	add	a5,t1,a5
80001d10:	0ade6263          	bltu	t3,a3,80001db4 <core_init_state+0x104>
80001d14:	0107a783          	lw	a5,16(a5)
80001d18:	00800293          	li	t0,8
80001d1c:	00170693          	addi	a3,a4,1
80001d20:	00568433          	add	s0,a3,t0
80001d24:	07047463          	bgeu	s0,a6,80001d8c <core_init_state+0xdc>
80001d28:	00e60733          	add	a4,a2,a4
80001d2c:	00070693          	mv	a3,a4
80001d30:	005783b3          	add	t2,a5,t0
80001d34:	0007cf83          	lbu	t6,0(a5)
80001d38:	00178793          	addi	a5,a5,1
80001d3c:	00168693          	addi	a3,a3,1
80001d40:	fff68fa3          	sb	t6,-1(a3)
80001d44:	fef398e3          	bne	t2,a5,80001d34 <core_init_state+0x84>
80001d48:	00158593          	addi	a1,a1,1
80001d4c:	01059593          	slli	a1,a1,0x10
80001d50:	0105d593          	srli	a1,a1,0x10
80001d54:	00570733          	add	a4,a4,t0
80001d58:	01e70023          	sb	t5,0(a4)
80001d5c:	0035d793          	srli	a5,a1,0x3
80001d60:	0075f693          	andi	a3,a1,7
80001d64:	00040713          	mv	a4,s0
80001d68:	0037f793          	andi	a5,a5,3
80001d6c:	f91696e3          	bne	a3,a7,80001cf8 <core_init_state+0x48>
80001d70:	00279793          	slli	a5,a5,0x2
80001d74:	00800293          	li	t0,8
80001d78:	00170693          	addi	a3,a4,1
80001d7c:	00f307b3          	add	a5,t1,a5
80001d80:	00568433          	add	s0,a3,t0
80001d84:	0307a783          	lw	a5,48(a5)
80001d88:	fb0460e3          	bltu	s0,a6,80001d28 <core_init_state+0x78>
80001d8c:	00a76663          	bltu	a4,a0,80001d98 <core_init_state+0xe8>
80001d90:	0180006f          	j	80001da8 <core_init_state+0xf8>
80001d94:	00168693          	addi	a3,a3,1
80001d98:	00e60733          	add	a4,a2,a4
80001d9c:	00070023          	sb	zero,0(a4)
80001da0:	00068713          	mv	a4,a3
80001da4:	fea6e8e3          	bltu	a3,a0,80001d94 <core_init_state+0xe4>
80001da8:	00c12403          	lw	s0,12(sp)
80001dac:	01010113          	addi	sp,sp,16
80001db0:	00008067          	ret
80001db4:	0007a783          	lw	a5,0(a5)
80001db8:	00400293          	li	t0,4
80001dbc:	f61ff06f          	j	80001d1c <core_init_state+0x6c>
80001dc0:	00279793          	slli	a5,a5,0x2
80001dc4:	00f307b3          	add	a5,t1,a5
80001dc8:	0207a783          	lw	a5,32(a5)
80001dcc:	00800293          	li	t0,8
80001dd0:	f4dff06f          	j	80001d1c <core_init_state+0x6c>
80001dd4:	000e0693          	mv	a3,t3
80001dd8:	00000713          	li	a4,0
80001ddc:	0080006f          	j	80001de4 <core_init_state+0x134>
80001de0:	00168693          	addi	a3,a3,1
80001de4:	00e60733          	add	a4,a2,a4
80001de8:	00070023          	sb	zero,0(a4)
80001dec:	00068713          	mv	a4,a3
80001df0:	fea6e8e3          	bltu	a3,a0,80001de0 <core_init_state+0x130>
80001df4:	00008067          	ret

80001df8 <core_state_transition>:
80001df8:	00052683          	lw	a3,0(a0)
80001dfc:	00050613          	mv	a2,a0
80001e00:	0006c783          	lbu	a5,0(a3)
80001e04:	26078e63          	beqz	a5,80002080 <core_state_transition+0x288>
80001e08:	02c00713          	li	a4,44
80001e0c:	00000513          	li	a0,0
80001e10:	1ee78c63          	beq	a5,a4,80002008 <core_state_transition+0x210>
80001e14:	02e00813          	li	a6,46
80001e18:	23078663          	beq	a5,a6,80002044 <core_state_transition+0x24c>
80001e1c:	1ef86a63          	bltu	a6,a5,80002010 <core_state_transition+0x218>
80001e20:	fd578793          	addi	a5,a5,-43
80001e24:	0fd7f793          	andi	a5,a5,253
80001e28:	02078663          	beqz	a5,80001e54 <core_state_transition+0x5c>
80001e2c:	0045a703          	lw	a4,4(a1)
80001e30:	0005a783          	lw	a5,0(a1)
80001e34:	00168693          	addi	a3,a3,1
80001e38:	00170713          	addi	a4,a4,1
80001e3c:	00178793          	addi	a5,a5,1
80001e40:	00e5a223          	sw	a4,4(a1)
80001e44:	00f5a023          	sw	a5,0(a1)
80001e48:	00100513          	li	a0,1
80001e4c:	00d62023          	sw	a3,0(a2)
80001e50:	00008067          	ret
80001e54:	0005a503          	lw	a0,0(a1)
80001e58:	00168793          	addi	a5,a3,1
80001e5c:	00150513          	addi	a0,a0,1
80001e60:	00a5a023          	sw	a0,0(a1)
80001e64:	0016c883          	lbu	a7,1(a3)
80001e68:	26088663          	beqz	a7,800020d4 <core_state_transition+0x2dc>
80001e6c:	20e88263          	beq	a7,a4,80002070 <core_state_transition+0x278>
80001e70:	0085a503          	lw	a0,8(a1)
80001e74:	fd088713          	addi	a4,a7,-48
80001e78:	0ff77713          	zext.b	a4,a4
80001e7c:	00900313          	li	t1,9
80001e80:	00150513          	addi	a0,a0,1
80001e84:	00e37e63          	bgeu	t1,a4,80001ea0 <core_state_transition+0xa8>
80001e88:	1f088063          	beq	a7,a6,80002068 <core_state_transition+0x270>
80001e8c:	00a5a423          	sw	a0,8(a1)
80001e90:	00268693          	addi	a3,a3,2
80001e94:	00100513          	li	a0,1
80001e98:	00d62023          	sw	a3,0(a2)
80001e9c:	00008067          	ret
80001ea0:	00a5a423          	sw	a0,8(a1)
80001ea4:	0017c683          	lbu	a3,1(a5)
80001ea8:	00178793          	addi	a5,a5,1
80001eac:	18068663          	beqz	a3,80002038 <core_state_transition+0x240>
80001eb0:	02c00713          	li	a4,44
80001eb4:	1ee68e63          	beq	a3,a4,800020b0 <core_state_transition+0x2b8>
80001eb8:	02e00713          	li	a4,46
80001ebc:	02e68863          	beq	a3,a4,80001eec <core_state_transition+0xf4>
80001ec0:	fd068693          	addi	a3,a3,-48
80001ec4:	0ff6f693          	zext.b	a3,a3
80001ec8:	00900713          	li	a4,9
80001ecc:	fcd77ce3          	bgeu	a4,a3,80001ea4 <core_state_transition+0xac>
80001ed0:	0105a703          	lw	a4,16(a1)
80001ed4:	00100513          	li	a0,1
80001ed8:	00178693          	addi	a3,a5,1
80001edc:	00a707b3          	add	a5,a4,a0
80001ee0:	00f5a823          	sw	a5,16(a1)
80001ee4:	00d62023          	sw	a3,0(a2)
80001ee8:	00008067          	ret
80001eec:	0105a703          	lw	a4,16(a1)
80001ef0:	00170713          	addi	a4,a4,1
80001ef4:	00e5a823          	sw	a4,16(a1)
80001ef8:	0017c683          	lbu	a3,1(a5)
80001efc:	00178793          	addi	a5,a5,1
80001f00:	14068e63          	beqz	a3,8000205c <core_state_transition+0x264>
80001f04:	02c00713          	li	a4,44
80001f08:	0ee68c63          	beq	a3,a4,80002000 <core_state_transition+0x208>
80001f0c:	0df6f713          	andi	a4,a3,223
80001f10:	04500513          	li	a0,69
80001f14:	02a70863          	beq	a4,a0,80001f44 <core_state_transition+0x14c>
80001f18:	fd068693          	addi	a3,a3,-48
80001f1c:	0ff6f693          	zext.b	a3,a3
80001f20:	00900713          	li	a4,9
80001f24:	fcd77ae3          	bgeu	a4,a3,80001ef8 <core_state_transition+0x100>
80001f28:	0145a703          	lw	a4,20(a1)
80001f2c:	00100513          	li	a0,1
80001f30:	00178693          	addi	a3,a5,1
80001f34:	00a707b3          	add	a5,a4,a0
80001f38:	00f5aa23          	sw	a5,20(a1)
80001f3c:	00d62023          	sw	a3,0(a2)
80001f40:	00008067          	ret
80001f44:	0145a703          	lw	a4,20(a1)
80001f48:	00178693          	addi	a3,a5,1
80001f4c:	00170713          	addi	a4,a4,1
80001f50:	00e5aa23          	sw	a4,20(a1)
80001f54:	0017c703          	lbu	a4,1(a5)
80001f58:	12070c63          	beqz	a4,80002090 <core_state_transition+0x298>
80001f5c:	02c00513          	li	a0,44
80001f60:	14a70263          	beq	a4,a0,800020a4 <core_state_transition+0x2ac>
80001f64:	00c5a683          	lw	a3,12(a1)
80001f68:	fd570713          	addi	a4,a4,-43
80001f6c:	0fd77713          	andi	a4,a4,253
80001f70:	00168693          	addi	a3,a3,1
80001f74:	00d5a623          	sw	a3,12(a1)
80001f78:	00070a63          	beqz	a4,80001f8c <core_state_transition+0x194>
80001f7c:	00278693          	addi	a3,a5,2
80001f80:	00100513          	li	a0,1
80001f84:	00d62023          	sw	a3,0(a2)
80001f88:	00008067          	ret
80001f8c:	0027c703          	lbu	a4,2(a5)
80001f90:	00278693          	addi	a3,a5,2
80001f94:	0e070a63          	beqz	a4,80002088 <core_state_transition+0x290>
80001f98:	10a70063          	beq	a4,a0,80002098 <core_state_transition+0x2a0>
80001f9c:	0185a803          	lw	a6,24(a1)
80001fa0:	fd070713          	addi	a4,a4,-48
80001fa4:	0ff77713          	zext.b	a4,a4
80001fa8:	00180813          	addi	a6,a6,1
80001fac:	00900513          	li	a0,9
80001fb0:	0105ac23          	sw	a6,24(a1)
80001fb4:	00e57863          	bgeu	a0,a4,80001fc4 <core_state_transition+0x1cc>
80001fb8:	00378693          	addi	a3,a5,3
80001fbc:	00100513          	li	a0,1
80001fc0:	e8dff06f          	j	80001e4c <core_state_transition+0x54>
80001fc4:	00068813          	mv	a6,a3
80001fc8:	0016c703          	lbu	a4,1(a3)
80001fcc:	00168693          	addi	a3,a3,1
80001fd0:	02c00893          	li	a7,44
80001fd4:	fd070793          	addi	a5,a4,-48
80001fd8:	0ff7f793          	zext.b	a5,a5
80001fdc:	0e070863          	beqz	a4,800020cc <core_state_transition+0x2d4>
80001fe0:	0f170063          	beq	a4,a7,800020c0 <core_state_transition+0x2c8>
80001fe4:	fef570e3          	bgeu	a0,a5,80001fc4 <core_state_transition+0x1cc>
80001fe8:	0045a783          	lw	a5,4(a1)
80001fec:	00100513          	li	a0,1
80001ff0:	00280693          	addi	a3,a6,2
80001ff4:	00a787b3          	add	a5,a5,a0
80001ff8:	00f5a223          	sw	a5,4(a1)
80001ffc:	e51ff06f          	j	80001e4c <core_state_transition+0x54>
80002000:	00078693          	mv	a3,a5
80002004:	00500513          	li	a0,5
80002008:	00168693          	addi	a3,a3,1
8000200c:	e41ff06f          	j	80001e4c <core_state_transition+0x54>
80002010:	fd078793          	addi	a5,a5,-48
80002014:	0ff7f793          	zext.b	a5,a5
80002018:	00900513          	li	a0,9
8000201c:	e0f568e3          	bltu	a0,a5,80001e2c <core_state_transition+0x34>
80002020:	0005a503          	lw	a0,0(a1)
80002024:	00168793          	addi	a5,a3,1
80002028:	00150513          	addi	a0,a0,1
8000202c:	00a5a023          	sw	a0,0(a1)
80002030:	0016c683          	lbu	a3,1(a3)
80002034:	e80690e3          	bnez	a3,80001eb4 <core_state_transition+0xbc>
80002038:	00078693          	mv	a3,a5
8000203c:	00400513          	li	a0,4
80002040:	e0dff06f          	j	80001e4c <core_state_transition+0x54>
80002044:	0005a503          	lw	a0,0(a1)
80002048:	00168793          	addi	a5,a3,1
8000204c:	00150513          	addi	a0,a0,1
80002050:	00a5a023          	sw	a0,0(a1)
80002054:	0016c683          	lbu	a3,1(a3)
80002058:	ea0698e3          	bnez	a3,80001f08 <core_state_transition+0x110>
8000205c:	00078693          	mv	a3,a5
80002060:	00500513          	li	a0,5
80002064:	de9ff06f          	j	80001e4c <core_state_transition+0x54>
80002068:	00a5a423          	sw	a0,8(a1)
8000206c:	e8dff06f          	j	80001ef8 <core_state_transition+0x100>
80002070:	00078693          	mv	a3,a5
80002074:	00200513          	li	a0,2
80002078:	00168693          	addi	a3,a3,1
8000207c:	dd1ff06f          	j	80001e4c <core_state_transition+0x54>
80002080:	00000513          	li	a0,0
80002084:	dc9ff06f          	j	80001e4c <core_state_transition+0x54>
80002088:	00600513          	li	a0,6
8000208c:	dc1ff06f          	j	80001e4c <core_state_transition+0x54>
80002090:	00300513          	li	a0,3
80002094:	db9ff06f          	j	80001e4c <core_state_transition+0x54>
80002098:	00600513          	li	a0,6
8000209c:	00168693          	addi	a3,a3,1
800020a0:	dadff06f          	j	80001e4c <core_state_transition+0x54>
800020a4:	00300513          	li	a0,3
800020a8:	00168693          	addi	a3,a3,1
800020ac:	da1ff06f          	j	80001e4c <core_state_transition+0x54>
800020b0:	00078693          	mv	a3,a5
800020b4:	00400513          	li	a0,4
800020b8:	00168693          	addi	a3,a3,1
800020bc:	d91ff06f          	j	80001e4c <core_state_transition+0x54>
800020c0:	00700513          	li	a0,7
800020c4:	00168693          	addi	a3,a3,1
800020c8:	d85ff06f          	j	80001e4c <core_state_transition+0x54>
800020cc:	00700513          	li	a0,7
800020d0:	d7dff06f          	j	80001e4c <core_state_transition+0x54>
800020d4:	00078693          	mv	a3,a5
800020d8:	00200513          	li	a0,2
800020dc:	d71ff06f          	j	80001e4c <core_state_transition+0x54>

800020e0 <core_bench_state>:
800020e0:	f8010113          	addi	sp,sp,-128
800020e4:	07312623          	sw	s3,108(sp)
800020e8:	07412423          	sw	s4,104(sp)
800020ec:	01010993          	addi	s3,sp,16
800020f0:	03010a13          	addi	s4,sp,48
800020f4:	06812c23          	sw	s0,120(sp)
800020f8:	06912a23          	sw	s1,116(sp)
800020fc:	07212823          	sw	s2,112(sp)
80002100:	07512223          	sw	s5,100(sp)
80002104:	05712e23          	sw	s7,92(sp)
80002108:	05812c23          	sw	s8,88(sp)
8000210c:	05912a23          	sw	s9,84(sp)
80002110:	00070a93          	mv	s5,a4
80002114:	00078493          	mv	s1,a5
80002118:	06112e23          	sw	ra,124(sp)
8000211c:	07612023          	sw	s6,96(sp)
80002120:	00058413          	mv	s0,a1
80002124:	00b12623          	sw	a1,12(sp)
80002128:	00050c13          	mv	s8,a0
8000212c:	00060c93          	mv	s9,a2
80002130:	00068b93          	mv	s7,a3
80002134:	000a0793          	mv	a5,s4
80002138:	00098913          	mv	s2,s3
8000213c:	00098713          	mv	a4,s3
80002140:	0007a023          	sw	zero,0(a5)
80002144:	00072023          	sw	zero,0(a4)
80002148:	00478793          	addi	a5,a5,4
8000214c:	05010693          	addi	a3,sp,80
80002150:	00470713          	addi	a4,a4,4
80002154:	fed796e3          	bne	a5,a3,80002140 <core_bench_state+0x60>
80002158:	00044783          	lbu	a5,0(s0)
8000215c:	00c10b13          	addi	s6,sp,12
80002160:	12078463          	beqz	a5,80002288 <core_bench_state+0x1a8>
80002164:	03010593          	addi	a1,sp,48
80002168:	000b0513          	mv	a0,s6
8000216c:	00000097          	auipc	ra,0x0
80002170:	c8c080e7          	jalr	-884(ra) # 80001df8 <core_state_transition>
80002174:	00251813          	slli	a6,a0,0x2
80002178:	01098833          	add	a6,s3,a6
8000217c:	00c12703          	lw	a4,12(sp)
80002180:	00082783          	lw	a5,0(a6)
80002184:	00074703          	lbu	a4,0(a4)
80002188:	00178793          	addi	a5,a5,1
8000218c:	00f82023          	sw	a5,0(a6)
80002190:	fc071ae3          	bnez	a4,80002164 <core_bench_state+0x84>
80002194:	00812623          	sw	s0,12(sp)
80002198:	01840c33          	add	s8,s0,s8
8000219c:	03847863          	bgeu	s0,s8,800021cc <core_bench_state+0xec>
800021a0:	00040793          	mv	a5,s0
800021a4:	02c00613          	li	a2,44
800021a8:	0007c703          	lbu	a4,0(a5)
800021ac:	019746b3          	xor	a3,a4,s9
800021b0:	00c70463          	beq	a4,a2,800021b8 <core_bench_state+0xd8>
800021b4:	00d78023          	sb	a3,0(a5)
800021b8:	015787b3          	add	a5,a5,s5
800021bc:	ff87e6e3          	bltu	a5,s8,800021a8 <core_bench_state+0xc8>
800021c0:	00044783          	lbu	a5,0(s0)
800021c4:	00c10b13          	addi	s6,sp,12
800021c8:	02078a63          	beqz	a5,800021fc <core_bench_state+0x11c>
800021cc:	03010593          	addi	a1,sp,48
800021d0:	000b0513          	mv	a0,s6
800021d4:	00000097          	auipc	ra,0x0
800021d8:	c24080e7          	jalr	-988(ra) # 80001df8 <core_state_transition>
800021dc:	00251613          	slli	a2,a0,0x2
800021e0:	00c98633          	add	a2,s3,a2
800021e4:	00c12703          	lw	a4,12(sp)
800021e8:	00062783          	lw	a5,0(a2)
800021ec:	00074703          	lbu	a4,0(a4)
800021f0:	00178793          	addi	a5,a5,1
800021f4:	00f62023          	sw	a5,0(a2)
800021f8:	fc071ae3          	bnez	a4,800021cc <core_bench_state+0xec>
800021fc:	00812623          	sw	s0,12(sp)
80002200:	02c00693          	li	a3,44
80002204:	01847e63          	bgeu	s0,s8,80002220 <core_bench_state+0x140>
80002208:	00044783          	lbu	a5,0(s0)
8000220c:	0177c733          	xor	a4,a5,s7
80002210:	00d78463          	beq	a5,a3,80002218 <core_bench_state+0x138>
80002214:	00e40023          	sb	a4,0(s0)
80002218:	01540433          	add	s0,s0,s5
8000221c:	ff8466e3          	bltu	s0,s8,80002208 <core_bench_state+0x128>
80002220:	02098993          	addi	s3,s3,32
80002224:	00092503          	lw	a0,0(s2)
80002228:	00048593          	mv	a1,s1
8000222c:	00490913          	addi	s2,s2,4
80002230:	00000097          	auipc	ra,0x0
80002234:	1a0080e7          	jalr	416(ra) # 800023d0 <crcu32>
80002238:	00050593          	mv	a1,a0
8000223c:	000a2503          	lw	a0,0(s4) # fffff000 <_stack_top+0x7fff7100>
80002240:	004a0a13          	addi	s4,s4,4
80002244:	00000097          	auipc	ra,0x0
80002248:	18c080e7          	jalr	396(ra) # 800023d0 <crcu32>
8000224c:	00050493          	mv	s1,a0
80002250:	fd299ae3          	bne	s3,s2,80002224 <core_bench_state+0x144>
80002254:	07c12083          	lw	ra,124(sp)
80002258:	07812403          	lw	s0,120(sp)
8000225c:	07412483          	lw	s1,116(sp)
80002260:	07012903          	lw	s2,112(sp)
80002264:	06c12983          	lw	s3,108(sp)
80002268:	06812a03          	lw	s4,104(sp)
8000226c:	06412a83          	lw	s5,100(sp)
80002270:	06012b03          	lw	s6,96(sp)
80002274:	05c12b83          	lw	s7,92(sp)
80002278:	05812c03          	lw	s8,88(sp)
8000227c:	05412c83          	lw	s9,84(sp)
80002280:	08010113          	addi	sp,sp,128
80002284:	00008067          	ret
80002288:	01840c33          	add	s8,s0,s8
8000228c:	f1846ae3          	bltu	s0,s8,800021a0 <core_bench_state+0xc0>
80002290:	f91ff06f          	j	80002220 <core_bench_state+0x140>

80002294 <get_seed_32>:
80002294:	00500793          	li	a5,5
80002298:	04a7ee63          	bltu	a5,a0,800022f4 <get_seed_32+0x60>
8000229c:	00001717          	auipc	a4,0x1
800022a0:	84870713          	addi	a4,a4,-1976 # 80002ae4 <errpat+0x10>
800022a4:	00251513          	slli	a0,a0,0x2
800022a8:	00e50533          	add	a0,a0,a4
800022ac:	00052783          	lw	a5,0(a0)
800022b0:	00e787b3          	add	a5,a5,a4
800022b4:	00078067          	jr	a5
800022b8:	00001517          	auipc	a0,0x1
800022bc:	02c52503          	lw	a0,44(a0) # 800032e4 <seed5_volatile>
800022c0:	00008067          	ret
800022c4:	00001517          	auipc	a0,0x1
800022c8:	03052503          	lw	a0,48(a0) # 800032f4 <seed1_volatile>
800022cc:	00008067          	ret
800022d0:	00001517          	auipc	a0,0x1
800022d4:	02052503          	lw	a0,32(a0) # 800032f0 <seed2_volatile>
800022d8:	00008067          	ret
800022dc:	00001517          	auipc	a0,0x1
800022e0:	01052503          	lw	a0,16(a0) # 800032ec <seed3_volatile>
800022e4:	00008067          	ret
800022e8:	00001517          	auipc	a0,0x1
800022ec:	00052503          	lw	a0,0(a0) # 800032e8 <seed4_volatile>
800022f0:	00008067          	ret
800022f4:	00000513          	li	a0,0
800022f8:	00008067          	ret

800022fc <crcu8>:
800022fc:	ffffa637          	lui	a2,0xffffa
80002300:	00050693          	mv	a3,a0
80002304:	00160613          	addi	a2,a2,1 # ffffa001 <_stack_top+0x7fff2101>
80002308:	00058513          	mv	a0,a1
8000230c:	00800713          	li	a4,8
80002310:	00a6c7b3          	xor	a5,a3,a0
80002314:	0017f793          	andi	a5,a5,1
80002318:	40f007b3          	neg	a5,a5
8000231c:	00155513          	srli	a0,a0,0x1
80002320:	00c7f7b3          	and	a5,a5,a2
80002324:	fff70713          	addi	a4,a4,-1
80002328:	00a7c7b3          	xor	a5,a5,a0
8000232c:	01079513          	slli	a0,a5,0x10
80002330:	0ff77713          	zext.b	a4,a4
80002334:	01055513          	srli	a0,a0,0x10
80002338:	0016d693          	srli	a3,a3,0x1
8000233c:	fc071ae3          	bnez	a4,80002310 <crcu8+0x14>
80002340:	00008067          	ret

80002344 <crcu16>:
80002344:	00050693          	mv	a3,a0
80002348:	ffffa7b7          	lui	a5,0xffffa
8000234c:	00058513          	mv	a0,a1
80002350:	0ff6f613          	zext.b	a2,a3
80002354:	00178593          	addi	a1,a5,1 # ffffa001 <_stack_top+0x7fff2101>
80002358:	00800713          	li	a4,8
8000235c:	00a647b3          	xor	a5,a2,a0
80002360:	0017f793          	andi	a5,a5,1
80002364:	40f007b3          	neg	a5,a5
80002368:	00b7f7b3          	and	a5,a5,a1
8000236c:	00155513          	srli	a0,a0,0x1
80002370:	fff70713          	addi	a4,a4,-1
80002374:	00f54533          	xor	a0,a0,a5
80002378:	01051513          	slli	a0,a0,0x10
8000237c:	0ff77713          	zext.b	a4,a4
80002380:	01055513          	srli	a0,a0,0x10
80002384:	00165613          	srli	a2,a2,0x1
80002388:	fc071ae3          	bnez	a4,8000235c <crcu16+0x18>
8000238c:	ffffa637          	lui	a2,0xffffa
80002390:	0086d693          	srli	a3,a3,0x8
80002394:	00160613          	addi	a2,a2,1 # ffffa001 <_stack_top+0x7fff2101>
80002398:	00800713          	li	a4,8
8000239c:	00a6c7b3          	xor	a5,a3,a0
800023a0:	0017f793          	andi	a5,a5,1
800023a4:	40f007b3          	neg	a5,a5
800023a8:	00155513          	srli	a0,a0,0x1
800023ac:	00c7f7b3          	and	a5,a5,a2
800023b0:	fff70713          	addi	a4,a4,-1
800023b4:	00a7c7b3          	xor	a5,a5,a0
800023b8:	01079513          	slli	a0,a5,0x10
800023bc:	0ff77713          	zext.b	a4,a4
800023c0:	01055513          	srli	a0,a0,0x10
800023c4:	0016d693          	srli	a3,a3,0x1
800023c8:	fc071ae3          	bnez	a4,8000239c <crcu16+0x58>
800023cc:	00008067          	ret

800023d0 <crcu32>:
800023d0:	00050693          	mv	a3,a0
800023d4:	01051613          	slli	a2,a0,0x10
800023d8:	ffffa837          	lui	a6,0xffffa
800023dc:	00058513          	mv	a0,a1
800023e0:	01065613          	srli	a2,a2,0x10
800023e4:	0ff6f593          	zext.b	a1,a3
800023e8:	00180813          	addi	a6,a6,1 # ffffa001 <_stack_top+0x7fff2101>
800023ec:	00800713          	li	a4,8
800023f0:	00a5c7b3          	xor	a5,a1,a0
800023f4:	0017f793          	andi	a5,a5,1
800023f8:	40f007b3          	neg	a5,a5
800023fc:	00155513          	srli	a0,a0,0x1
80002400:	0107f7b3          	and	a5,a5,a6
80002404:	fff70713          	addi	a4,a4,-1
80002408:	00a7c7b3          	xor	a5,a5,a0
8000240c:	01079513          	slli	a0,a5,0x10
80002410:	0ff77713          	zext.b	a4,a4
80002414:	01055513          	srli	a0,a0,0x10
80002418:	0015d593          	srli	a1,a1,0x1
8000241c:	fc071ae3          	bnez	a4,800023f0 <crcu32+0x20>
80002420:	ffffa5b7          	lui	a1,0xffffa
80002424:	00865613          	srli	a2,a2,0x8
80002428:	00158593          	addi	a1,a1,1 # ffffa001 <_stack_top+0x7fff2101>
8000242c:	00800713          	li	a4,8
80002430:	00a647b3          	xor	a5,a2,a0
80002434:	0017f793          	andi	a5,a5,1
80002438:	40f007b3          	neg	a5,a5
8000243c:	00155513          	srli	a0,a0,0x1
80002440:	00b7f7b3          	and	a5,a5,a1
80002444:	fff70713          	addi	a4,a4,-1
80002448:	00a7c7b3          	xor	a5,a5,a0
8000244c:	01079513          	slli	a0,a5,0x10
80002450:	0ff77713          	zext.b	a4,a4
80002454:	01055513          	srli	a0,a0,0x10
80002458:	00165613          	srli	a2,a2,0x1
8000245c:	fc071ae3          	bnez	a4,80002430 <crcu32+0x60>
80002460:	0106d693          	srli	a3,a3,0x10
80002464:	ffffa5b7          	lui	a1,0xffffa
80002468:	0ff6f613          	zext.b	a2,a3
8000246c:	00158593          	addi	a1,a1,1 # ffffa001 <_stack_top+0x7fff2101>
80002470:	00800713          	li	a4,8
80002474:	00a647b3          	xor	a5,a2,a0
80002478:	0017f793          	andi	a5,a5,1
8000247c:	40f007b3          	neg	a5,a5
80002480:	00b7f7b3          	and	a5,a5,a1
80002484:	00155513          	srli	a0,a0,0x1
80002488:	fff70713          	addi	a4,a4,-1
8000248c:	00f54533          	xor	a0,a0,a5
80002490:	01051513          	slli	a0,a0,0x10
80002494:	0ff77713          	zext.b	a4,a4
80002498:	01055513          	srli	a0,a0,0x10
8000249c:	00165613          	srli	a2,a2,0x1
800024a0:	fc071ae3          	bnez	a4,80002474 <crcu32+0xa4>
800024a4:	ffffa637          	lui	a2,0xffffa
800024a8:	0086d693          	srli	a3,a3,0x8
800024ac:	00160613          	addi	a2,a2,1 # ffffa001 <_stack_top+0x7fff2101>
800024b0:	00800713          	li	a4,8
800024b4:	00a6c7b3          	xor	a5,a3,a0
800024b8:	0017f793          	andi	a5,a5,1
800024bc:	40f007b3          	neg	a5,a5
800024c0:	00c7f7b3          	and	a5,a5,a2
800024c4:	00155513          	srli	a0,a0,0x1
800024c8:	fff70713          	addi	a4,a4,-1
800024cc:	00f54533          	xor	a0,a0,a5
800024d0:	01051513          	slli	a0,a0,0x10
800024d4:	0ff77713          	zext.b	a4,a4
800024d8:	01055513          	srli	a0,a0,0x10
800024dc:	0016d693          	srli	a3,a3,0x1
800024e0:	fc071ae3          	bnez	a4,800024b4 <crcu32+0xe4>
800024e4:	00008067          	ret

800024e8 <crc16>:
800024e8:	00050693          	mv	a3,a0
800024ec:	01051613          	slli	a2,a0,0x10
800024f0:	ffffa7b7          	lui	a5,0xffffa
800024f4:	00058513          	mv	a0,a1
800024f8:	01065613          	srli	a2,a2,0x10
800024fc:	0ff6f693          	zext.b	a3,a3
80002500:	00178593          	addi	a1,a5,1 # ffffa001 <_stack_top+0x7fff2101>
80002504:	00800713          	li	a4,8
80002508:	00a6c7b3          	xor	a5,a3,a0
8000250c:	0017f793          	andi	a5,a5,1
80002510:	40f007b3          	neg	a5,a5
80002514:	00b7f7b3          	and	a5,a5,a1
80002518:	00155513          	srli	a0,a0,0x1
8000251c:	fff70713          	addi	a4,a4,-1
80002520:	00f54533          	xor	a0,a0,a5
80002524:	01051513          	slli	a0,a0,0x10
80002528:	0ff77713          	zext.b	a4,a4
8000252c:	01055513          	srli	a0,a0,0x10
80002530:	0016d693          	srli	a3,a3,0x1
80002534:	fc071ae3          	bnez	a4,80002508 <crc16+0x20>
80002538:	ffffa7b7          	lui	a5,0xffffa
8000253c:	00865693          	srli	a3,a2,0x8
80002540:	00800713          	li	a4,8
80002544:	00178613          	addi	a2,a5,1 # ffffa001 <_stack_top+0x7fff2101>
80002548:	00a6c7b3          	xor	a5,a3,a0
8000254c:	0017f793          	andi	a5,a5,1
80002550:	40f007b3          	neg	a5,a5
80002554:	00155513          	srli	a0,a0,0x1
80002558:	00c7f7b3          	and	a5,a5,a2
8000255c:	fff70713          	addi	a4,a4,-1
80002560:	00a7c7b3          	xor	a5,a5,a0
80002564:	01079513          	slli	a0,a5,0x10
80002568:	0ff77713          	zext.b	a4,a4
8000256c:	01055513          	srli	a0,a0,0x10
80002570:	0016d693          	srli	a3,a3,0x1
80002574:	fc071ae3          	bnez	a4,80002548 <crc16+0x60>
80002578:	00008067          	ret

8000257c <check_data_types>:
8000257c:	00000513          	li	a0,0
80002580:	00008067          	ret
80002584:	6b36                	.insn	2, 0x6b36
80002586:	7020                	.insn	2, 0x7020
80002588:	7265                	.insn	2, 0x7265
8000258a:	6f66                	.insn	2, 0x6f66
8000258c:	6d72                	.insn	2, 0x6d72
8000258e:	6e61                	.insn	2, 0x6e61
80002590:	72206563          	bltu	zero,sp,80002cba <static_memblk+0x1b2>
80002594:	6e75                	.insn	2, 0x6e75
80002596:	7020                	.insn	2, 0x7020
80002598:	7261                	.insn	2, 0x7261
8000259a:	6d61                	.insn	2, 0x6d61
8000259c:	7465                	.insn	2, 0x7465
8000259e:	7265                	.insn	2, 0x7265
800025a0:	6f662073          	.insn	4, 0x6f662073
800025a4:	2072                	.insn	2, 0x2072
800025a6:	65726f63          	bltu	tp,s7,80002c04 <static_memblk+0xfc>
800025aa:	616d                	.insn	2, 0x616d
800025ac:	6b72                	.insn	2, 0x6b72
800025ae:	0a2e                	.insn	2, 0x0a2e
800025b0:	0000                	.insn	2, 0x0000
800025b2:	0000                	.insn	2, 0x0000
800025b4:	6b36                	.insn	2, 0x6b36
800025b6:	7620                	.insn	2, 0x7620
800025b8:	6c61                	.insn	2, 0x6c61
800025ba:	6469                	.insn	2, 0x6469
800025bc:	7461                	.insn	2, 0x7461
800025be:	6f69                	.insn	2, 0x6f69
800025c0:	206e                	.insn	2, 0x206e
800025c2:	7572                	.insn	2, 0x7572
800025c4:	206e                	.insn	2, 0x206e
800025c6:	6170                	.insn	2, 0x6170
800025c8:	6172                	.insn	2, 0x6172
800025ca:	656d                	.insn	2, 0x656d
800025cc:	6574                	.insn	2, 0x6574
800025ce:	7372                	.insn	2, 0x7372
800025d0:	6620                	.insn	2, 0x6620
800025d2:	6320726f          	jal	tp,80009c04 <_stack_top+0x1d04>
800025d6:	6d65726f          	jal	tp,80059cac <_stack_top+0x51dac>
800025da:	7261                	.insn	2, 0x7261
800025dc:	000a2e6b          	.insn	4, 0x000a2e6b
800025e0:	7250                	.insn	2, 0x7250
800025e2:	6c69666f          	jal	a2,80098ca8 <_stack_top+0x90da8>
800025e6:	2065                	.insn	2, 0x2065
800025e8:	656e6567          	.insn	4, 0x656e6567
800025ec:	6172                	.insn	2, 0x6172
800025ee:	6974                	.insn	2, 0x6974
800025f0:	72206e6f          	jal	t3,80008d12 <_stack_top+0xe12>
800025f4:	6e75                	.insn	2, 0x6e75
800025f6:	7020                	.insn	2, 0x7020
800025f8:	7261                	.insn	2, 0x7261
800025fa:	6d61                	.insn	2, 0x6d61
800025fc:	7465                	.insn	2, 0x7465
800025fe:	7265                	.insn	2, 0x7265
80002600:	6f662073          	.insn	4, 0x6f662073
80002604:	2072                	.insn	2, 0x2072
80002606:	65726f63          	bltu	tp,s7,80002c64 <static_memblk+0x15c>
8000260a:	616d                	.insn	2, 0x616d
8000260c:	6b72                	.insn	2, 0x6b72
8000260e:	0a2e                	.insn	2, 0x0a2e
80002610:	0000                	.insn	2, 0x0000
80002612:	0000                	.insn	2, 0x0000
80002614:	4b32                	.insn	2, 0x4b32
80002616:	7020                	.insn	2, 0x7020
80002618:	7265                	.insn	2, 0x7265
8000261a:	6f66                	.insn	2, 0x6f66
8000261c:	6d72                	.insn	2, 0x6d72
8000261e:	6e61                	.insn	2, 0x6e61
80002620:	72206563          	bltu	zero,sp,80002d4a <static_memblk+0x242>
80002624:	6e75                	.insn	2, 0x6e75
80002626:	7020                	.insn	2, 0x7020
80002628:	7261                	.insn	2, 0x7261
8000262a:	6d61                	.insn	2, 0x6d61
8000262c:	7465                	.insn	2, 0x7465
8000262e:	7265                	.insn	2, 0x7265
80002630:	6f662073          	.insn	4, 0x6f662073
80002634:	2072                	.insn	2, 0x2072
80002636:	65726f63          	bltu	tp,s7,80002c94 <static_memblk+0x18c>
8000263a:	616d                	.insn	2, 0x616d
8000263c:	6b72                	.insn	2, 0x6b72
8000263e:	0a2e                	.insn	2, 0x0a2e
80002640:	0000                	.insn	2, 0x0000
80002642:	0000                	.insn	2, 0x0000
80002644:	4b32                	.insn	2, 0x4b32
80002646:	7620                	.insn	2, 0x7620
80002648:	6c61                	.insn	2, 0x6c61
8000264a:	6469                	.insn	2, 0x6469
8000264c:	7461                	.insn	2, 0x7461
8000264e:	6f69                	.insn	2, 0x6f69
80002650:	206e                	.insn	2, 0x206e
80002652:	7572                	.insn	2, 0x7572
80002654:	206e                	.insn	2, 0x206e
80002656:	6170                	.insn	2, 0x6170
80002658:	6172                	.insn	2, 0x6172
8000265a:	656d                	.insn	2, 0x656d
8000265c:	6574                	.insn	2, 0x6574
8000265e:	7372                	.insn	2, 0x7372
80002660:	6620                	.insn	2, 0x6620
80002662:	6320726f          	jal	tp,80009c94 <_stack_top+0x1d94>
80002666:	6d65726f          	jal	tp,80059d3c <_stack_top+0x51e3c>
8000266a:	7261                	.insn	2, 0x7261
8000266c:	000a2e6b          	.insn	4, 0x000a2e6b
80002670:	5d75255b          	.insn	4, 0x5d75255b
80002674:	5245                	.insn	2, 0x5245
80002676:	4f52                	.insn	2, 0x4f52
80002678:	2152                	.insn	2, 0x2152
8000267a:	6c20                	.insn	2, 0x6c20
8000267c:	7369                	.insn	2, 0x7369
8000267e:	2074                	.insn	2, 0x2074
80002680:	20637263          	bgeu	t1,t1,80002884 <check_data_types+0x308>
80002684:	7830                	.insn	2, 0x7830
80002686:	3025                	.insn	2, 0x3025
80002688:	7834                	.insn	2, 0x7834
8000268a:	2d20                	.insn	2, 0x2d20
8000268c:	7320                	.insn	2, 0x7320
8000268e:	6f68                	.insn	2, 0x6f68
80002690:	6c75                	.insn	2, 0x6c75
80002692:	2064                	.insn	2, 0x2064
80002694:	6562                	.insn	2, 0x6562
80002696:	3020                	.insn	2, 0x3020
80002698:	2578                	.insn	2, 0x2578
8000269a:	3430                	.insn	2, 0x3430
8000269c:	0a78                	.insn	2, 0x0a78
8000269e:	0000                	.insn	2, 0x0000
800026a0:	5d75255b          	.insn	4, 0x5d75255b
800026a4:	5245                	.insn	2, 0x5245
800026a6:	4f52                	.insn	2, 0x4f52
800026a8:	2152                	.insn	2, 0x2152
800026aa:	6d20                	.insn	2, 0x6d20
800026ac:	7461                	.insn	2, 0x7461
800026ae:	6972                	.insn	2, 0x6972
800026b0:	2078                	.insn	2, 0x2078
800026b2:	20637263          	bgeu	t1,t1,800028b6 <check_data_types+0x33a>
800026b6:	7830                	.insn	2, 0x7830
800026b8:	3025                	.insn	2, 0x3025
800026ba:	7834                	.insn	2, 0x7834
800026bc:	2d20                	.insn	2, 0x2d20
800026be:	7320                	.insn	2, 0x7320
800026c0:	6f68                	.insn	2, 0x6f68
800026c2:	6c75                	.insn	2, 0x6c75
800026c4:	2064                	.insn	2, 0x2064
800026c6:	6562                	.insn	2, 0x6562
800026c8:	3020                	.insn	2, 0x3020
800026ca:	2578                	.insn	2, 0x2578
800026cc:	3430                	.insn	2, 0x3430
800026ce:	0a78                	.insn	2, 0x0a78
800026d0:	0000                	.insn	2, 0x0000
800026d2:	0000                	.insn	2, 0x0000
800026d4:	5d75255b          	.insn	4, 0x5d75255b
800026d8:	5245                	.insn	2, 0x5245
800026da:	4f52                	.insn	2, 0x4f52
800026dc:	2152                	.insn	2, 0x2152
800026de:	7320                	.insn	2, 0x7320
800026e0:	6174                	.insn	2, 0x6174
800026e2:	6574                	.insn	2, 0x6574
800026e4:	6320                	.insn	2, 0x6320
800026e6:	6372                	.insn	2, 0x6372
800026e8:	3020                	.insn	2, 0x3020
800026ea:	2578                	.insn	2, 0x2578
800026ec:	3430                	.insn	2, 0x3430
800026ee:	2078                	.insn	2, 0x2078
800026f0:	202d                	.insn	2, 0x202d
800026f2:	756f6873          	.insn	4, 0x756f6873
800026f6:	646c                	.insn	2, 0x646c
800026f8:	6220                	.insn	2, 0x6220
800026fa:	2065                	.insn	2, 0x2065
800026fc:	7830                	.insn	2, 0x7830
800026fe:	3025                	.insn	2, 0x3025
80002700:	7834                	.insn	2, 0x7834
80002702:	000a                	.insn	2, 0x000a
80002704:	65726f43          	.insn	4, 0x65726f43
80002708:	614d                	.insn	2, 0x614d
8000270a:	6b72                	.insn	2, 0x6b72
8000270c:	5320                	.insn	2, 0x5320
8000270e:	7a69                	.insn	2, 0x7a69
80002710:	2065                	.insn	2, 0x2065
80002712:	2020                	.insn	2, 0x2020
80002714:	3a20                	.insn	2, 0x3a20
80002716:	2520                	.insn	2, 0x2520
80002718:	756c                	.insn	2, 0x756c
8000271a:	000a                	.insn	2, 0x000a
8000271c:	6f54                	.insn	2, 0x6f54
8000271e:	6174                	.insn	2, 0x6174
80002720:	206c                	.insn	2, 0x206c
80002722:	6974                	.insn	2, 0x6974
80002724:	20736b63          	bltu	t1,t2,8000293a <check_data_types+0x3be>
80002728:	2020                	.insn	2, 0x2020
8000272a:	2020                	.insn	2, 0x2020
8000272c:	3a20                	.insn	2, 0x3a20
8000272e:	2520                	.insn	2, 0x2520
80002730:	756c                	.insn	2, 0x756c
80002732:	000a                	.insn	2, 0x000a
80002734:	6f54                	.insn	2, 0x6f54
80002736:	6174                	.insn	2, 0x6174
80002738:	206c                	.insn	2, 0x206c
8000273a:	6974                	.insn	2, 0x6974
8000273c:	656d                	.insn	2, 0x656d
8000273e:	2820                	.insn	2, 0x2820
80002740:	73636573          	.insn	4, 0x73636573
80002744:	3a29                	.insn	2, 0x3a29
80002746:	2520                	.insn	2, 0x2520
80002748:	0a64                	.insn	2, 0x0a64
8000274a:	0000                	.insn	2, 0x0000
8000274c:	7449                	.insn	2, 0x7449
8000274e:	7265                	.insn	2, 0x7265
80002750:	7461                	.insn	2, 0x7461
80002752:	6f69                	.insn	2, 0x6f69
80002754:	736e                	.insn	2, 0x736e
80002756:	6365532f          	.insn	4, 0x6365532f
8000275a:	2020                	.insn	2, 0x2020
8000275c:	3a20                	.insn	2, 0x3a20
8000275e:	2520                	.insn	2, 0x2520
80002760:	0a64                	.insn	2, 0x0a64
80002762:	0000                	.insn	2, 0x0000
80002764:	5245                	.insn	2, 0x5245
80002766:	4f52                	.insn	2, 0x4f52
80002768:	2152                	.insn	2, 0x2152
8000276a:	4d20                	.insn	2, 0x4d20
8000276c:	7375                	.insn	2, 0x7375
8000276e:	2074                	.insn	2, 0x2074
80002770:	7865                	.insn	2, 0x7865
80002772:	6365                	.insn	2, 0x6365
80002774:	7475                	.insn	2, 0x7475
80002776:	2065                	.insn	2, 0x2065
80002778:	6f66                	.insn	2, 0x6f66
8000277a:	2072                	.insn	2, 0x2072
8000277c:	7461                	.insn	2, 0x7461
8000277e:	6c20                	.insn	2, 0x6c20
80002780:	6165                	.insn	2, 0x6165
80002782:	31207473          	.insn	4, 0x31207473
80002786:	2030                	.insn	2, 0x2030
80002788:	73636573          	.insn	4, 0x73636573
8000278c:	6620                	.insn	2, 0x6620
8000278e:	6120726f          	jal	tp,80009da0 <_stack_top+0x1ea0>
80002792:	7620                	.insn	2, 0x7620
80002794:	6c61                	.insn	2, 0x6c61
80002796:	6469                	.insn	2, 0x6469
80002798:	7220                	.insn	2, 0x7220
8000279a:	7365                	.insn	2, 0x7365
8000279c:	6c75                	.insn	2, 0x6c75
8000279e:	2174                	.insn	2, 0x2174
800027a0:	000a                	.insn	2, 0x000a
800027a2:	0000                	.insn	2, 0x0000
800027a4:	7449                	.insn	2, 0x7449
800027a6:	7265                	.insn	2, 0x7265
800027a8:	7461                	.insn	2, 0x7461
800027aa:	6f69                	.insn	2, 0x6f69
800027ac:	736e                	.insn	2, 0x736e
800027ae:	2020                	.insn	2, 0x2020
800027b0:	2020                	.insn	2, 0x2020
800027b2:	2020                	.insn	2, 0x2020
800027b4:	3a20                	.insn	2, 0x3a20
800027b6:	2520                	.insn	2, 0x2520
800027b8:	756c                	.insn	2, 0x756c
800027ba:	000a                	.insn	2, 0x000a
800027bc:	6972                	.insn	2, 0x6972
800027be:	33766373          	.insn	4, 0x33766373
800027c2:	2d32                	.insn	2, 0x2d32
800027c4:	6e75                	.insn	2, 0x6e75
800027c6:	776f6e6b          	.insn	4, 0x776f6e6b
800027ca:	2d6e                	.insn	2, 0x2d6e
800027cc:	6c65                	.insn	2, 0x6c65
800027ce:	2d66                	.insn	2, 0x2d66
800027d0:	20636367          	.insn	4, 0x20636367
800027d4:	3431                	.insn	2, 0x3431
800027d6:	322e                	.insn	2, 0x322e
800027d8:	302e                	.insn	2, 0x302e
800027da:	0000                	.insn	2, 0x0000
800027dc:	706d6f43          	.insn	4, 0x706d6f43
800027e0:	6c69                	.insn	2, 0x6c69
800027e2:	7265                	.insn	2, 0x7265
800027e4:	7620                	.insn	2, 0x7620
800027e6:	7265                	.insn	2, 0x7265
800027e8:	6e6f6973          	.insn	4, 0x6e6f6973
800027ec:	3a20                	.insn	2, 0x3a20
800027ee:	2520                	.insn	2, 0x2520
800027f0:	00000a73          	.insn	4, 0x0a73
800027f4:	4f2d                	.insn	2, 0x4f2d
800027f6:	2032                	.insn	2, 0x2032
800027f8:	6d2d                	.insn	2, 0x6d2d
800027fa:	7261                	.insn	2, 0x7261
800027fc:	723d6863          	bltu	s10,gp,80002f2c <static_memblk+0x424>
80002800:	3376                	.insn	2, 0x3376
80002802:	6932                	.insn	2, 0x6932
80002804:	206d                	.insn	2, 0x206d
80002806:	6d2d                	.insn	2, 0x6d2d
80002808:	6261                	.insn	2, 0x6261
8000280a:	3d69                	.insn	2, 0x3d69
8000280c:	6c69                	.insn	2, 0x6c69
8000280e:	3370                	.insn	2, 0x3370
80002810:	2032                	.insn	2, 0x2032
80002812:	7328                	.insn	2, 0x7328
80002814:	6372                	.insn	2, 0x6372
80002816:	7369722f          	.insn	4, 0x7369722f
8000281a:	665f7663          	bgeu	t5,t0,80002e86 <static_memblk+0x37e>
8000281e:	614d2f77          	.insn	4, 0x614d2f77
80002822:	6966656b          	.insn	4, 0x6966656b
80002826:	656c                	.insn	2, 0x656c
80002828:	0029                	.insn	2, 0x0029
8000282a:	0000                	.insn	2, 0x0000
8000282c:	706d6f43          	.insn	4, 0x706d6f43
80002830:	6c69                	.insn	2, 0x6c69
80002832:	7265                	.insn	2, 0x7265
80002834:	6620                	.insn	2, 0x6620
80002836:	616c                	.insn	2, 0x616c
80002838:	20207367          	.insn	4, 0x20207367
8000283c:	3a20                	.insn	2, 0x3a20
8000283e:	2520                	.insn	2, 0x2520
80002840:	00000a73          	.insn	4, 0x0a73
80002844:	74617473          	.insn	4, 0x74617473
80002848:	6369                	.insn	2, 0x6369
8000284a:	4420                	.insn	2, 0x4420
8000284c:	454d                	.insn	2, 0x454d
8000284e:	004d                	.insn	2, 0x004d
80002850:	654d                	.insn	2, 0x654d
80002852:	6f6d                	.insn	2, 0x6f6d
80002854:	7972                	.insn	2, 0x7972
80002856:	6c20                	.insn	2, 0x6c20
80002858:	7461636f          	jal	t1,80018f9e <_stack_top+0x1109e>
8000285c:	6f69                	.insn	2, 0x6f69
8000285e:	206e                	.insn	2, 0x206e
80002860:	3a20                	.insn	2, 0x3a20
80002862:	2520                	.insn	2, 0x2520
80002864:	00000a73          	.insn	4, 0x0a73
80002868:	64656573          	.insn	4, 0x64656573
8000286c:	20637263          	bgeu	t1,t1,80002a70 <check_data_types+0x4f4>
80002870:	2020                	.insn	2, 0x2020
80002872:	2020                	.insn	2, 0x2020
80002874:	2020                	.insn	2, 0x2020
80002876:	2020                	.insn	2, 0x2020
80002878:	3a20                	.insn	2, 0x3a20
8000287a:	3020                	.insn	2, 0x3020
8000287c:	2578                	.insn	2, 0x2578
8000287e:	3430                	.insn	2, 0x3430
80002880:	0a78                	.insn	2, 0x0a78
80002882:	0000                	.insn	2, 0x0000
80002884:	5d64255b          	.insn	4, 0x5d64255b
80002888:	6c637263          	bgeu	t1,t1,80002f4c <static_memblk+0x444>
8000288c:	7369                	.insn	2, 0x7369
8000288e:	2074                	.insn	2, 0x2074
80002890:	2020                	.insn	2, 0x2020
80002892:	2020                	.insn	2, 0x2020
80002894:	2020                	.insn	2, 0x2020
80002896:	203a                	.insn	2, 0x203a
80002898:	7830                	.insn	2, 0x7830
8000289a:	3025                	.insn	2, 0x3025
8000289c:	7834                	.insn	2, 0x7834
8000289e:	000a                	.insn	2, 0x000a
800028a0:	5d64255b          	.insn	4, 0x5d64255b
800028a4:	6d637263          	bgeu	t1,s6,80002f68 <static_memblk+0x460>
800028a8:	7461                	.insn	2, 0x7461
800028aa:	6972                	.insn	2, 0x6972
800028ac:	2078                	.insn	2, 0x2078
800028ae:	2020                	.insn	2, 0x2020
800028b0:	2020                	.insn	2, 0x2020
800028b2:	203a                	.insn	2, 0x203a
800028b4:	7830                	.insn	2, 0x7830
800028b6:	3025                	.insn	2, 0x3025
800028b8:	7834                	.insn	2, 0x7834
800028ba:	000a                	.insn	2, 0x000a
800028bc:	5d64255b          	.insn	4, 0x5d64255b
800028c0:	73637263          	bgeu	t1,s6,80002fe4 <static_memblk+0x4dc>
800028c4:	6174                	.insn	2, 0x6174
800028c6:	6574                	.insn	2, 0x6574
800028c8:	2020                	.insn	2, 0x2020
800028ca:	2020                	.insn	2, 0x2020
800028cc:	2020                	.insn	2, 0x2020
800028ce:	203a                	.insn	2, 0x203a
800028d0:	7830                	.insn	2, 0x7830
800028d2:	3025                	.insn	2, 0x3025
800028d4:	7834                	.insn	2, 0x7834
800028d6:	000a                	.insn	2, 0x000a
800028d8:	5d64255b          	.insn	4, 0x5d64255b
800028dc:	66637263          	bgeu	t1,t1,80002f40 <static_memblk+0x438>
800028e0:	6e69                	.insn	2, 0x6e69
800028e2:	6c61                	.insn	2, 0x6c61
800028e4:	2020                	.insn	2, 0x2020
800028e6:	2020                	.insn	2, 0x2020
800028e8:	2020                	.insn	2, 0x2020
800028ea:	203a                	.insn	2, 0x203a
800028ec:	7830                	.insn	2, 0x7830
800028ee:	3025                	.insn	2, 0x3025
800028f0:	7834                	.insn	2, 0x7834
800028f2:	000a                	.insn	2, 0x000a
800028f4:	72726f43          	.insn	4, 0x72726f43
800028f8:	6365                	.insn	2, 0x6365
800028fa:	2074                	.insn	2, 0x2074
800028fc:	7265706f          	j	8005a022 <_stack_top+0x52122>
80002900:	7461                	.insn	2, 0x7461
80002902:	6f69                	.insn	2, 0x6f69
80002904:	206e                	.insn	2, 0x206e
80002906:	6176                	.insn	2, 0x6176
80002908:	696c                	.insn	2, 0x696c
8000290a:	6164                	.insn	2, 0x6164
8000290c:	6574                	.insn	2, 0x6574
8000290e:	2e64                	.insn	2, 0x2e64
80002910:	5320                	.insn	2, 0x5320
80002912:	6565                	.insn	2, 0x6565
80002914:	5220                	.insn	2, 0x5220
80002916:	4145                	.insn	2, 0x4145
80002918:	4d44                	.insn	2, 0x4d44
8000291a:	2e45                	.insn	2, 0x2e45
8000291c:	646d                	.insn	2, 0x646d
8000291e:	6620                	.insn	2, 0x6620
80002920:	7220726f          	jal	tp,8000a042 <_stack_top+0x2142>
80002924:	6e75                	.insn	2, 0x6e75
80002926:	6120                	.insn	2, 0x6120
80002928:	646e                	.insn	2, 0x646e
8000292a:	7220                	.insn	2, 0x7220
8000292c:	7065                	.insn	2, 0x7065
8000292e:	6974726f          	jal	tp,8004a7c4 <_stack_top+0x428c4>
80002932:	676e                	.insn	2, 0x676e
80002934:	7220                	.insn	2, 0x7220
80002936:	6c75                	.insn	2, 0x6c75
80002938:	7365                	.insn	2, 0x7365
8000293a:	0a2e                	.insn	2, 0x0a2e
8000293c:	0000                	.insn	2, 0x0000
8000293e:	0000                	.insn	2, 0x0000
80002940:	6e6e6143          	.insn	4, 0x6e6e6143
80002944:	7620746f          	jal	s0,8000a0a6 <_stack_top+0x21a6>
80002948:	6c61                	.insn	2, 0x6c61
8000294a:	6469                	.insn	2, 0x6469
8000294c:	7461                	.insn	2, 0x7461
8000294e:	2065                	.insn	2, 0x2065
80002950:	7265706f          	j	8005a076 <_stack_top+0x52176>
80002954:	7461                	.insn	2, 0x7461
80002956:	6f69                	.insn	2, 0x6f69
80002958:	206e                	.insn	2, 0x206e
8000295a:	6f66                	.insn	2, 0x6f66
8000295c:	2072                	.insn	2, 0x2072
8000295e:	6874                	.insn	2, 0x6874
80002960:	7365                	.insn	2, 0x7365
80002962:	2065                	.insn	2, 0x2065
80002964:	64656573          	.insn	4, 0x64656573
80002968:	7620                	.insn	2, 0x7620
8000296a:	6c61                	.insn	2, 0x6c61
8000296c:	6575                	.insn	2, 0x6575
8000296e:	70202c73          	.insn	4, 0x70202c73
80002972:	656c                	.insn	2, 0x656c
80002974:	7361                	.insn	2, 0x7361
80002976:	2065                	.insn	2, 0x2065
80002978:	706d6f63          	bltu	s10,t1,80003096 <static_memblk+0x58e>
8000297c:	7261                	.insn	2, 0x7261
8000297e:	2065                	.insn	2, 0x2065
80002980:	68746977          	.insn	4, 0x68746977
80002984:	7220                	.insn	2, 0x7220
80002986:	7365                	.insn	2, 0x7365
80002988:	6c75                	.insn	2, 0x6c75
8000298a:	7374                	.insn	2, 0x7374
8000298c:	6f20                	.insn	2, 0x6f20
8000298e:	206e                	.insn	2, 0x206e
80002990:	2061                	.insn	2, 0x2061
80002992:	776f6e6b          	.insn	4, 0x776f6e6b
80002996:	206e                	.insn	2, 0x206e
80002998:	6c70                	.insn	2, 0x6c70
8000299a:	7461                	.insn	2, 0x7461
8000299c:	6f66                	.insn	2, 0x6f66
8000299e:	6d72                	.insn	2, 0x6d72
800029a0:	0a2e                	.insn	2, 0x0a2e
800029a2:	0000                	.insn	2, 0x0000
800029a4:	7245                	.insn	2, 0x7245
800029a6:	6f72                	.insn	2, 0x6f72
800029a8:	7372                	.insn	2, 0x7372
800029aa:	6420                	.insn	2, 0x6420
800029ac:	7465                	.insn	2, 0x7465
800029ae:	6365                	.insn	2, 0x6365
800029b0:	6574                	.insn	2, 0x6574
800029b2:	0a64                	.insn	2, 0x0a64
800029b4:	0000                	.insn	2, 0x0000
800029b6:	0000                	.insn	2, 0x0000
800029b8:	74617453          	.insn	4, 0x74617453
800029bc:	6369                	.insn	2, 0x6369
800029be:	0000                	.insn	2, 0x0000
800029c0:	6548                	.insn	2, 0x6548
800029c2:	7061                	.insn	2, 0x7061
800029c4:	0000                	.insn	2, 0x0000
800029c6:	0000                	.insn	2, 0x0000
800029c8:	63617453          	.insn	4, 0x63617453
800029cc:	0000006b          	.insn	4, 0x006b
800029d0:	3054                	.insn	2, 0x3054
800029d2:	332e                	.insn	2, 0x332e
800029d4:	2d65                	.insn	2, 0x2d65
800029d6:	4631                	.insn	2, 0x4631
800029d8:	0000                	.insn	2, 0x0000
800029da:	0000                	.insn	2, 0x0000
800029dc:	542d                	.insn	2, 0x542d
800029de:	542e                	.insn	2, 0x542e
800029e0:	71542b2b          	.insn	4, 0x71542b2b
800029e4:	0000                	.insn	2, 0x0000
800029e6:	0000                	.insn	2, 0x0000
800029e8:	5431                	.insn	2, 0x5431
800029ea:	65342e33          	.insn	4, 0x65342e33
800029ee:	7a34                	.insn	2, 0x7a34
800029f0:	0000                	.insn	2, 0x0000
800029f2:	0000                	.insn	2, 0x0000
800029f4:	302e3433          	.insn	4, 0x302e3433
800029f8:	2d65                	.insn	2, 0x2d65
800029fa:	5e54                	.insn	2, 0x5e54
800029fc:	0000                	.insn	2, 0x0000
800029fe:	0000                	.insn	2, 0x0000
80002a00:	2e35                	.insn	2, 0x2e35
80002a02:	3035                	.insn	2, 0x3035
80002a04:	6530                	.insn	2, 0x6530
80002a06:	0000332b          	.insn	4, 0x332b
80002a0a:	0000                	.insn	2, 0x0000
80002a0c:	2e2d                	.insn	2, 0x2e2d
80002a0e:	3231                	.insn	2, 0x3231
80002a10:	322d6533          	.insn	4, 0x322d6533
80002a14:	0000                	.insn	2, 0x0000
80002a16:	0000                	.insn	2, 0x0000
80002a18:	382d                	.insn	2, 0x382d
80002a1a:	382b6537          	lui	a0,0x382b6
80002a1e:	00003233          	snez	tp,zero
80002a22:	0000                	.insn	2, 0x0000
80002a24:	362e302b          	.insn	4, 0x362e302b
80002a28:	2d65                	.insn	2, 0x2d65
80002a2a:	3231                	.insn	2, 0x3231
80002a2c:	0000                	.insn	2, 0x0000
80002a2e:	0000                	.insn	2, 0x0000
80002a30:	352e3533          	.insn	4, 0x352e3533
80002a34:	3434                	.insn	2, 0x3434
80002a36:	3030                	.insn	2, 0x3030
80002a38:	0000                	.insn	2, 0x0000
80002a3a:	0000                	.insn	2, 0x0000
80002a3c:	312e                	.insn	2, 0x312e
80002a3e:	3332                	.insn	2, 0x3332
80002a40:	3534                	.insn	2, 0x3534
80002a42:	3030                	.insn	2, 0x3030
80002a44:	0000                	.insn	2, 0x0000
80002a46:	0000                	.insn	2, 0x0000
80002a48:	312d                	.insn	2, 0x312d
80002a4a:	3031                	.insn	2, 0x3031
80002a4c:	372e                	.insn	2, 0x372e
80002a4e:	3030                	.insn	2, 0x3030
80002a50:	0000                	.insn	2, 0x0000
80002a52:	0000                	.insn	2, 0x0000
80002a54:	362e302b          	.insn	4, 0x362e302b
80002a58:	3434                	.insn	2, 0x3434
80002a5a:	3030                	.insn	2, 0x3030
80002a5c:	0000                	.insn	2, 0x0000
80002a5e:	0000                	.insn	2, 0x0000
80002a60:	3035                	.insn	2, 0x3035
80002a62:	3231                	.insn	2, 0x3231
80002a64:	0000                	.insn	2, 0x0000
80002a66:	0000                	.insn	2, 0x0000
80002a68:	3231                	.insn	2, 0x3231
80002a6a:	00003433          	snez	s0,zero
80002a6e:	0000                	.insn	2, 0x0000
80002a70:	382d                	.insn	2, 0x382d
80002a72:	00003437          	lui	s0,0x3
80002a76:	0000                	.insn	2, 0x0000
80002a78:	3232312b          	.insn	4, 0x3232312b
80002a7c:	0000                	.insn	2, 0x0000
	...

80002a80 <list_known_crc>:
80002a80:	d4b0 3340 6a79 e714 e3c1 0000               ..@3yj......

80002a8c <matrix_known_crc>:
80002a8c:	be52 1199 5608 1fd7 0747 0000               R....V..G...

80002a98 <state_known_crc>:
80002a98:	5e47 39bf e5a4 8e3a 8d84 0000               G^.9..:.....

80002aa4 <intpat>:
80002aa4:	2a60 8000 2a68 8000 2a70 8000 2a78 8000     `*..h*..p*..x*..

80002ab4 <floatpat>:
80002ab4:	2a30 8000 2a3c 8000 2a48 8000 2a54 8000     0*..<*..H*..T*..

80002ac4 <scipat>:
80002ac4:	2a00 8000 2a0c 8000 2a18 8000 2a24 8000     .*...*...*..$*..

80002ad4 <errpat>:
80002ad4:	29d0 8000 29dc 8000 29e8 8000 29f4 8000     .)...)...)...)..
80002ae4:	f810 ffff f7e0 ffff f7ec ffff f7f8 ffff     ................
80002af4:	f804 ffff f7d4 ffff                         ........
