Copyright 1986-2022 Xilinx, Inc. All Rights Reserved. Copyright 2022-2026 Advanced Micro Devices, Inc. All Rights Reserved.
---------------------------------------------------------------------------------------------------------------------------------------------
| Tool Version : Vivado v.2026.1 (win64) Build 6511674 Tue Jun 16 11:02:23 MDT 2026
| Date         : Fri Oct  2 00:49:18 2026
| Host         : never-die-cold running 64-bit major release  (build 9200)
| Command      : report_timing_summary -report_unconstrained -return_string -file data/logs/2026-10-02-vision-offboard/hdmi/timing.rpt
| Design       : vision_wrapper
| Device       : 7z020-clg400
| Speed File   : -1  PRODUCTION 1.12 2019-11-22
| Design State : Routed
---------------------------------------------------------------------------------------------------------------------------------------------

Timing Summary Report

------------------------------------------------------------------------------------------------
| Timer Settings
| --------------
------------------------------------------------------------------------------------------------

  Enable Multi Corner Analysis               :  Yes
  Enable Pessimism Removal                   :  Yes
  Pessimism Removal Resolution               :  Nearest Common Node
  Enable Input Delay Default Clock           :  No
  Enable Preset / Clear Arcs                 :  No
  Disable Flight Delays                      :  No
  Ignore I/O Paths                           :  No
  Timing Early Launch at Borrowing Latches   :  No
  Borrow Time for Max Delay Exceptions       :  Yes
  Merge Timing Exceptions                    :  Yes
  Inter-SLR Compensation                     :  Conservative

  Corner  Analyze    Analyze    
  Name    Max Paths  Min Paths  
  ------  ---------  ---------  
  Slow    Yes        Yes        
  Fast    Yes        Yes        


------------------------------------------------------------------------------------------------
| Report Methodology
| ------------------
------------------------------------------------------------------------------------------------

Rule       Severity  Description                                  Violations  
---------  --------  -------------------------------------------  ----------  
CKBF-1     Warning   connects_I_driver_BUFR                       1           
LUTAR-1    Warning   LUT drives async reset alert                 5           
TIMING-9   Warning   Unknown CDC Logic                            1           
TIMING-18  Warning   Missing input or output delay                3           
XDCB-5     Warning   Runtime inefficient way to find pin objects  5           

Note: This report is based on the most recent report_methodology run and may not be up-to-date. Run report_methodology on the current design for the latest report.



check_timing report

Table of Contents
-----------------
1. checking no_clock (0)
2. checking constant_clock (0)
3. checking pulse_width_clock (0)
4. checking unconstrained_internal_endpoints (0)
5. checking no_input_delay (5)
6. checking no_output_delay (5)
7. checking multiple_clock (0)
8. checking generated_clocks (0)
9. checking loops (0)
10. checking partial_input_delay (0)
11. checking partial_output_delay (0)
12. checking latch_loops (0)

1. checking no_clock (0)
------------------------
 There are 0 register/latch pins with no clock.


2. checking constant_clock (0)
------------------------------
 There are 0 register/latch pins with constant_clock.


3. checking pulse_width_clock (0)
---------------------------------
 There are 0 register/latch pins which need pulse_width check


4. checking unconstrained_internal_endpoints (0)
------------------------------------------------
 There are 0 pins that are not constrained for maximum delay.

 There are 0 pins that are not constrained for maximum delay due to constant clock.


5. checking no_input_delay (5)
------------------------------
 There are 5 input ports with no input delay specified. (HIGH)

 There are 0 input ports with no input delay but user has a false path constraint.


6. checking no_output_delay (5)
-------------------------------
 There are 5 ports with no output delay specified. (HIGH)

 There are 0 ports with no output delay but user has a false path constraint

 There are 0 ports with no output delay but with a timing clock defined on it or propagating through it


7. checking multiple_clock (0)
------------------------------
 There are 0 register/latch pins with multiple clocks.


8. checking generated_clocks (0)
--------------------------------
 There are 0 generated clocks that are not connected to a clock source.


9. checking loops (0)
---------------------
 There are 0 combinational loops in the design.


10. checking partial_input_delay (0)
------------------------------------
 There are 0 input ports with partial input delay specified.


11. checking partial_output_delay (0)
-------------------------------------
 There are 0 ports with partial output delay specified.


12. checking latch_loops (0)
----------------------------
 There are 0 combinational latch loops in the design through latch input



------------------------------------------------------------------------------------------------
| Design Timing Summary
| ---------------------
------------------------------------------------------------------------------------------------

    WNS(ns)      TNS(ns)  TNS Failing Endpoints  TNS Total Endpoints      WHS(ns)      THS(ns)  THS Failing Endpoints  THS Total Endpoints     WPWS(ns)     TPWS(ns)  TPWS Failing Endpoints  TPWS Total Endpoints  
    -------      -------  ---------------------  -------------------      -------      -------  ---------------------  -------------------     --------     --------  ----------------------  --------------------  
      0.729        0.000                      0                12397        0.050        0.000                      0                12346        0.264        0.000                       0                  5434  


All user specified timing constraints are met.


------------------------------------------------------------------------------------------------
| Clock Summary
| -------------
------------------------------------------------------------------------------------------------

Clock                                                                                       Waveform(ns)         Period(ns)      Frequency(MHz)
-----                                                                                       ------------         ----------      --------------
clk_fpga_0                                                                                  {0.000 5.000}        10.000          100.000         
clk_fpga_1                                                                                  {0.000 3.500}        7.000           142.857         
clk_fpga_2                                                                                  {0.000 2.500}        5.000           200.000         
clk_fpga_3                                                                                  {0.000 5.000}        10.000          100.000         
dbg_hub/inst/BSCANID.u_xsdbm_id/SWITCH_N_EXT_BSCAN.bscan_inst/SERIES7_BSCAN.bscan_inst/TCK  {0.000 16.500}       33.000          30.303          
hdmi_pixel_in                                                                               {0.000 6.734}        13.468          74.250          
  CLKFBIN                                                                                   {0.000 6.734}        13.468          74.250          
  CLK_OUT_5x_hdmi_clk                                                                       {0.000 1.347}        2.694           371.250         
    PixelClk_int                                                                            {0.000 5.387}        13.468          74.250          
      FeedbackClkOut                                                                        {0.000 6.734}        13.468          74.250          
        CLKFBIN_1                                                                           {0.000 6.734}        13.468          74.250          
      PixelClkInX5                                                                          {0.000 1.347}        2.694           371.250         
        PixelClkIO                                                                          {0.000 5.387}        13.468          74.250          


------------------------------------------------------------------------------------------------
| Intra Clock Table
| -----------------
------------------------------------------------------------------------------------------------

Clock                                                                                           WNS(ns)      TNS(ns)  TNS Failing Endpoints  TNS Total Endpoints      WHS(ns)      THS(ns)  THS Failing Endpoints  THS Total Endpoints     WPWS(ns)     TPWS(ns)  TPWS Failing Endpoints  TPWS Total Endpoints  
-----                                                                                           -------      -------  ---------------------  -------------------      -------      -------  ---------------------  -------------------     --------     --------  ----------------------  --------------------  
clk_fpga_0                                                                                        1.638        0.000                      0                 2084        0.061        0.000                      0                 2084        4.020        0.000                       0                  1051  
clk_fpga_2                                                                                        0.963        0.000                      0                  339        0.122        0.000                      0                  339        0.264        0.000                       0                   159  
dbg_hub/inst/BSCANID.u_xsdbm_id/SWITCH_N_EXT_BSCAN.bscan_inst/SERIES7_BSCAN.bscan_inst/TCK       26.615        0.000                      0                  928        0.094        0.000                      0                  928       15.250        0.000                       0                   483  
hdmi_pixel_in                                                                                                                                                                                                                                 3.734        0.000                       0                     1  
  CLKFBIN                                                                                                                                                                                                                                    12.219        0.000                       0                     2  
  CLK_OUT_5x_hdmi_clk                                                                                                                                                                                                                         1.027        0.000                       0                    15  
    PixelClk_int                                                                                  0.729        0.000                      0                 7388        0.050        0.000                      0                 7388        2.387        0.000                       0                  3701  
      FeedbackClkOut                                                                                                                                                                                                                         10.294        0.000                       0                     2  
        CLKFBIN_1                                                                                                                                                                                                                            12.219        0.000                       0                     1  
      PixelClkInX5                                                                                                                                                                                                                            1.027        0.000                       0                    11  
        PixelClkIO                                                                                                                                                                                                                           11.801        0.000                       0                     8  


------------------------------------------------------------------------------------------------
| Inter Clock Table
| -----------------
------------------------------------------------------------------------------------------------

From Clock                                                                                  To Clock                                                                                        WNS(ns)      TNS(ns)  TNS Failing Endpoints  TNS Total Endpoints      WHS(ns)      THS(ns)  THS Failing Endpoints  THS Total Endpoints  
----------                                                                                  --------                                                                                        -------      -------  ---------------------  -------------------      -------      -------  ---------------------  -------------------  
PixelClk_int                                                                                dbg_hub/inst/BSCANID.u_xsdbm_id/SWITCH_N_EXT_BSCAN.bscan_inst/SERIES7_BSCAN.bscan_inst/TCK       12.284        0.000                      0                    8                                                                        
clk_fpga_0                                                                                  PixelClk_int                                                                                      8.565        0.000                      0                   35                                                                        
dbg_hub/inst/BSCANID.u_xsdbm_id/SWITCH_N_EXT_BSCAN.bscan_inst/SERIES7_BSCAN.bscan_inst/TCK  PixelClk_int                                                                                     31.697        0.000                      0                    8                                                                        
PixelClk_int                                                                                PixelClkIO                                                                                        7.918        0.000                      0                   38        0.138        0.000                      0                   38  


------------------------------------------------------------------------------------------------
| Other Path Groups Table
| -----------------------
------------------------------------------------------------------------------------------------

Path Group                                                                                  From Clock                                                                                  To Clock                                                                                        WNS(ns)      TNS(ns)  TNS Failing Endpoints  TNS Total Endpoints      WHS(ns)      THS(ns)  THS Failing Endpoints  THS Total Endpoints  
----------                                                                                  ----------                                                                                  --------                                                                                        -------      -------  ---------------------  -------------------      -------      -------  ---------------------  -------------------  
**async_default**                                                                           PixelClk_int                                                                                PixelClk_int                                                                                      3.901        0.000                      0                  965        0.237        0.000                      0                  965  
**async_default**                                                                           clk_fpga_0                                                                                  clk_fpga_0                                                                                        2.756        0.000                      0                  501        0.775        0.000                      0                  501  
**async_default**                                                                           clk_fpga_2                                                                                  clk_fpga_2                                                                                        2.790        0.000                      0                    3        0.393        0.000                      0                    3  
**async_default**                                                                           dbg_hub/inst/BSCANID.u_xsdbm_id/SWITCH_N_EXT_BSCAN.bscan_inst/SERIES7_BSCAN.bscan_inst/TCK  dbg_hub/inst/BSCANID.u_xsdbm_id/SWITCH_N_EXT_BSCAN.bscan_inst/SERIES7_BSCAN.bscan_inst/TCK       27.957        0.000                      0                  100        0.345        0.000                      0                  100  


------------------------------------------------------------------------------------------------
| User Ignored Path Table
| -----------------------
------------------------------------------------------------------------------------------------

Path Group                                                                                  From Clock                                                                                  To Clock                                                                                  
----------                                                                                  ----------                                                                                  --------                                                                                  
(none)                                                                                                                                                                                  PixelClk_int                                                                                
(none)                                                                                      PixelClk_int                                                                                PixelClk_int                                                                                
(none)                                                                                      clk_fpga_0                                                                                  PixelClk_int                                                                                
(none)                                                                                      clk_fpga_2                                                                                  PixelClk_int                                                                                
(none)                                                                                      dbg_hub/inst/BSCANID.u_xsdbm_id/SWITCH_N_EXT_BSCAN.bscan_inst/SERIES7_BSCAN.bscan_inst/TCK  PixelClk_int                                                                                
(none)                                                                                                                                                                                  clk_fpga_0                                                                                  
(none)                                                                                      PixelClk_int                                                                                clk_fpga_0                                                                                  
(none)                                                                                                                                                                                  clk_fpga_2                                                                                  
(none)                                                                                      PixelClk_int                                                                                clk_fpga_2                                                                                  
(none)                                                                                      PixelClk_int                                                                                dbg_hub/inst/BSCANID.u_xsdbm_id/SWITCH_N_EXT_BSCAN.bscan_inst/SERIES7_BSCAN.bscan_inst/TCK  


------------------------------------------------------------------------------------------------
| Unconstrained Path Table
| ------------------------
------------------------------------------------------------------------------------------------

Path Group                                                                                  From Clock                                                                                  To Clock                                                                                  
----------                                                                                  ----------                                                                                  --------                                                                                  
(none)                                                                                      PixelClkInX5                                                                                                                                                                            
(none)                                                                                      clk_fpga_2                                                                                                                                                                              
(none)                                                                                                                                                                                  CLK_OUT_5x_hdmi_clk                                                                         
(none)                                                                                                                                                                                  clk_fpga_0                                                                                  
(none)                                                                                                                                                                                  clk_fpga_2                                                                                  
(none)                                                                                                                                                                                  dbg_hub/inst/BSCANID.u_xsdbm_id/SWITCH_N_EXT_BSCAN.bscan_inst/SERIES7_BSCAN.bscan_inst/TCK  


------------------------------------------------------------------------------------------------
| Timing Details
| --------------
------------------------------------------------------------------------------------------------


---------------------------------------------------------------------------------------------------
From Clock:  clk_fpga_0
  To Clock:  clk_fpga_0

Setup :            0  Failing Endpoints,  Worst Slack        1.638ns,  Total Violation        0.000ns
Hold  :            0  Failing Endpoints,  Worst Slack        0.061ns,  Total Violation        0.000ns
PW    :            0  Failing Endpoints,  Worst Slack        4.020ns,  Total Violation        0.000ns
---------------------------------------------------------------------------------------------------


Max Delay Paths
--------------------------------------------------------------------------------------
Slack (MET) :             1.638ns  (required time - arrival time)
  Source:                 vision_i/converter/inst/gen_axilite.gen_b2s_conv.axilite_b2s/SI_REG/aw.aw_pipe/m_payload_i_reg[39]/C
                            (rising edge-triggered cell FDRE clocked by clk_fpga_0  {rise@0.000ns fall@5.000ns period=10.000ns})
  Destination:            vision_i/pipe/inst/u_pipeline/u_vision/u_regs/mem_reg[9][10]/CE
                            (rising edge-triggered cell FDCE clocked by clk_fpga_0  {rise@0.000ns fall@5.000ns period=10.000ns})
  Path Group:             clk_fpga_0
  Path Type:              Setup (Max at Slow Process Corner)
  Requirement:            10.000ns  (clk_fpga_0 rise@10.000ns - clk_fpga_0 rise@0.000ns)
  Data Path Delay:        7.786ns  (logic 1.930ns (24.789%)  route 5.856ns (75.211%))
  Logic Levels:           7  (LUT3=2 LUT4=1 LUT5=3 LUT6=1)
  Clock Path Skew:        -0.217ns (DCD - SCD + CPR)
    Destination Clock Delay (DCD):    2.638ns = ( 12.638 - 10.000 ) 
    Source Clock Delay      (SCD):    2.984ns
    Clock Pessimism Removal (CPR):    0.129ns
  Clock Uncertainty:      0.154ns  ((TSJ^2 + TIJ^2)^1/2 + DJ) / 2 + PE
    Total System Jitter     (TSJ):    0.071ns
    Total Input Jitter      (TIJ):    0.300ns
    Discrete Jitter          (DJ):    0.000ns
    Phase Error              (PE):    0.000ns

    Location             Delay type                Incr(ns)  Path(ns)    Netlist Resource(s)
  -------------------------------------------------------------------    -------------------
                         (clock clk_fpga_0 rise edge)
                                                      0.000     0.000 r  <hidden>
    PS7_X0Y0             PS7                          0.000     0.000 r  vision_i/ps7/inst/PS7_i/FCLKCLK[0]
                         net (fo=1, routed)           1.193     1.193    vision_i/ps7/inst/FCLK_CLK_unbuffered[0]
    BUFGCTRL_X0Y16       BUFG (Prop_bufg_I_O)         0.101     1.294 r  vision_i/ps7/inst/buffer_fclk_clk_0.FCLK_CLK_0_BUFG/O
                         net (fo=1051, routed)        1.690     2.984    vision_i/converter/inst/gen_axilite.gen_b2s_conv.axilite_b2s/SI_REG/aw.aw_pipe/aclk
    SLICE_X27Y85         FDRE                                         r  vision_i/converter/inst/gen_axilite.gen_b2s_conv.axilite_b2s/SI_REG/aw.aw_pipe/m_payload_i_reg[39]/C
  -------------------------------------------------------------------    -------------------
    SLICE_X27Y85         FDRE (Prop_fdre_C_Q)         0.419     3.403 f  vision_i/converter/inst/gen_axilite.gen_b2s_conv.axilite_b2s/SI_REG/aw.aw_pipe/m_payload_i_reg[39]/Q
                         net (fo=14, routed)          0.935     4.338    vision_i/converter/inst/gen_axilite.gen_b2s_conv.axilite_b2s/SI_REG/aw.aw_pipe/m_payload_i_reg[61]_0[37]
    SLICE_X28Y81         LUT3 (Prop_lut3_I0_O)        0.299     4.637 r  vision_i/converter/inst/gen_axilite.gen_b2s_conv.axilite_b2s/SI_REG/aw.aw_pipe/m_axi_awaddr[11]_INST_0_i_1/O
                         net (fo=10, routed)          0.552     5.190    vision_i/converter/inst/gen_axilite.gen_b2s_conv.axilite_b2s/SI_REG/aw.aw_pipe/m_axi_awaddr[11]_INST_0_i_1_n_0
    SLICE_X29Y81         LUT6 (Prop_lut6_I5_O)        0.124     5.314 f  vision_i/converter/inst/gen_axilite.gen_b2s_conv.axilite_b2s/SI_REG/aw.aw_pipe/m_axi_awaddr[7]_INST_0/O
                         net (fo=1, routed)           0.640     5.953    vision_i/pipe/inst/u_pipeline/u_vision/u_regs/s_axi_awaddr[5]
    SLICE_X29Y83         LUT5 (Prop_lut5_I0_O)        0.124     6.077 f  vision_i/pipe/inst/u_pipeline/u_vision/u_regs/aw_q[6]_i_4/O
                         net (fo=1, routed)           0.433     6.510    vision_i/pipe/inst/u_pipeline/u_vision/u_regs/aw_q[6]_i_4_n_0
    SLICE_X29Y83         LUT5 (Prop_lut5_I0_O)        0.124     6.634 f  vision_i/pipe/inst/u_pipeline/u_vision/u_regs/aw_q[6]_i_3/O
                         net (fo=13, routed)          1.100     7.734    vision_i/pipe/inst/u_pipeline/u_vision/u_regs/aw_q[6]_i_3_n_0
    SLICE_X39Y79         LUT4 (Prop_lut4_I3_O)        0.150     7.884 r  vision_i/pipe/inst/u_pipeline/u_vision/u_regs/write_response[1]_i_5/O
                         net (fo=8, routed)           0.912     8.796    vision_i/pipe/inst/u_pipeline/u_vision/u_regs/write_response[1]_i_5_n_0
    SLICE_X39Y80         LUT3 (Prop_lut3_I0_O)        0.358     9.154 f  vision_i/pipe/inst/u_pipeline/u_vision/u_regs/mem[9][31]_i_2/O
                         net (fo=4, routed)           0.663     9.817    vision_i/pipe/inst/u_pipeline/u_vision/u_regs/mem[9][31]_i_2_n_0
    SLICE_X45Y83         LUT5 (Prop_lut5_I4_O)        0.332    10.149 r  vision_i/pipe/inst/u_pipeline/u_vision/u_regs/mem[9][15]_i_1/O
                         net (fo=8, routed)           0.621    10.770    vision_i/pipe/inst/u_pipeline/u_vision/u_regs/mem[9][15]_i_1_n_0
    SLICE_X51Y83         FDCE                                         r  vision_i/pipe/inst/u_pipeline/u_vision/u_regs/mem_reg[9][10]/CE
  -------------------------------------------------------------------    -------------------

                         (clock clk_fpga_0 rise edge)
                                                     10.000    10.000 r  <hidden>
    PS7_X0Y0             PS7                          0.000    10.000 r  vision_i/ps7/inst/PS7_i/FCLKCLK[0]
                         net (fo=1, routed)           1.088    11.088    vision_i/ps7/inst/FCLK_CLK_unbuffered[0]
    BUFGCTRL_X0Y16       BUFG (Prop_bufg_I_O)         0.091    11.179 r  vision_i/ps7/inst/buffer_fclk_clk_0.FCLK_CLK_0_BUFG/O
                         net (fo=1051, routed)        1.459    12.638    vision_i/pipe/inst/u_pipeline/u_vision/u_regs/s_axi_aclk
    SLICE_X51Y83         FDCE                                         r  vision_i/pipe/inst/u_pipeline/u_vision/u_regs/mem_reg[9][10]/C
                         clock pessimism              0.129    12.767    <hidden>
                         clock uncertainty           -0.154    12.613    <hidden>
    SLICE_X51Y83         FDCE (Setup_fdce_C_CE)      -0.205    12.408    vision_i/pipe/inst/u_pipeline/u_vision/u_regs/mem_reg[9][10]
  -------------------------------------------------------------------
                         required time                         12.408    <hidden>
                         arrival time                         -10.770    <hidden>
  -------------------------------------------------------------------
                         slack                                  1.638    <hidden>





Min Delay Paths
--------------------------------------------------------------------------------------
Slack (MET) :             0.061ns  (arrival time - required time)
  Source:                 vision_i/converter/inst/gen_axilite.gen_b2s_conv.axilite_b2s/SI_REG/aw.aw_pipe/m_payload_i_reg[52]/C
                            (rising edge-triggered cell FDRE clocked by clk_fpga_0  {rise@0.000ns fall@5.000ns period=10.000ns})
  Destination:            vision_i/converter/inst/gen_axilite.gen_b2s_conv.axilite_b2s/WR.aw_channel_0/s_awid_r_reg[2]/D
                            (rising edge-triggered cell FDRE clocked by clk_fpga_0  {rise@0.000ns fall@5.000ns period=10.000ns})
  Path Group:             clk_fpga_0
  Path Type:              Hold (Min at Fast Process Corner)
  Requirement:            0.000ns  (clk_fpga_0 rise@0.000ns - clk_fpga_0 rise@0.000ns)
  Data Path Delay:        0.314ns  (logic 0.141ns (44.852%)  route 0.173ns (55.148%))
  Logic Levels:           0  
  Clock Path Skew:        0.183ns (DCD - SCD - CPR)
    Destination Clock Delay (DCD):    1.210ns
    Source Clock Delay      (SCD):    0.992ns
    Clock Pessimism Removal (CPR):    0.035ns

    Location             Delay type                Incr(ns)  Path(ns)    Netlist Resource(s)
  -------------------------------------------------------------------    -------------------
                         (clock clk_fpga_0 rise edge)
                                                      0.000     0.000 r  <hidden>
    PS7_X0Y0             PS7                          0.000     0.000 r  vision_i/ps7/inst/PS7_i/FCLKCLK[0]
                         net (fo=1, routed)           0.310     0.310    vision_i/ps7/inst/FCLK_CLK_unbuffered[0]
    BUFGCTRL_X0Y16       BUFG (Prop_bufg_I_O)         0.026     0.336 r  vision_i/ps7/inst/buffer_fclk_clk_0.FCLK_CLK_0_BUFG/O
                         net (fo=1051, routed)        0.656     0.992    vision_i/converter/inst/gen_axilite.gen_b2s_conv.axilite_b2s/SI_REG/aw.aw_pipe/aclk
    SLICE_X27Y100        FDRE                                         r  vision_i/converter/inst/gen_axilite.gen_b2s_conv.axilite_b2s/SI_REG/aw.aw_pipe/m_payload_i_reg[52]/C
  -------------------------------------------------------------------    -------------------
    SLICE_X27Y100        FDRE (Prop_fdre_C_Q)         0.141     1.133 r  vision_i/converter/inst/gen_axilite.gen_b2s_conv.axilite_b2s/SI_REG/aw.aw_pipe/m_payload_i_reg[52]/Q
                         net (fo=1, routed)           0.173     1.306    vision_i/converter/inst/gen_axilite.gen_b2s_conv.axilite_b2s/WR.aw_channel_0/s_awid_r_reg[11]_0[21]
    SLICE_X27Y99         FDRE                                         r  vision_i/converter/inst/gen_axilite.gen_b2s_conv.axilite_b2s/WR.aw_channel_0/s_awid_r_reg[2]/D
  -------------------------------------------------------------------    -------------------

                         (clock clk_fpga_0 rise edge)
                                                      0.000     0.000 r  <hidden>
    PS7_X0Y0             PS7                          0.000     0.000 r  vision_i/ps7/inst/PS7_i/FCLKCLK[0]
                         net (fo=1, routed)           0.337     0.337    vision_i/ps7/inst/FCLK_CLK_unbuffered[0]
    BUFGCTRL_X0Y16       BUFG (Prop_bufg_I_O)         0.029     0.366 r  vision_i/ps7/inst/buffer_fclk_clk_0.FCLK_CLK_0_BUFG/O
                         net (fo=1051, routed)        0.844     1.210    vision_i/converter/inst/gen_axilite.gen_b2s_conv.axilite_b2s/WR.aw_channel_0/aclk
    SLICE_X27Y99         FDRE                                         r  vision_i/converter/inst/gen_axilite.gen_b2s_conv.axilite_b2s/WR.aw_channel_0/s_awid_r_reg[2]/C
                         clock pessimism             -0.035     1.175    <hidden>
    SLICE_X27Y99         FDRE (Hold_fdre_C_D)         0.070     1.245    vision_i/converter/inst/gen_axilite.gen_b2s_conv.axilite_b2s/WR.aw_channel_0/s_awid_r_reg[2]
  -------------------------------------------------------------------
                         required time                         -1.245    <hidden>
                         arrival time                           1.306    <hidden>
  -------------------------------------------------------------------
                         slack                                  0.061    <hidden>





Pulse Width Checks
--------------------------------------------------------------------------------------
Clock Name:         clk_fpga_0
Waveform(ns):       { 0.000 5.000 }
Period(ns):         10.000
Sources:            { vision_i/ps7/inst/PS7_i/FCLKCLK[0] }

Check Type        Corner  Lib Pin      Reference Pin  Required(ns)  Actual(ns)  Slack(ns)  Location        Pin
Min Period        n/a     BUFG/I       n/a            2.155         10.000      7.845      BUFGCTRL_X0Y16  vision_i/ps7/inst/buffer_fclk_clk_0.FCLK_CLK_0_BUFG/I
Low Pulse Width   Slow    SRLC32E/CLK  n/a            0.980         5.000       4.020      SLICE_X32Y86    vision_i/converter/inst/gen_axilite.gen_b2s_conv.axilite_b2s/RD.r_channel_0/rd_data_fifo_0/memory_reg[31][0]_srl32/CLK
High Pulse Width  Slow    SRLC32E/CLK  n/a            0.980         5.000       4.020      SLICE_X32Y86    vision_i/converter/inst/gen_axilite.gen_b2s_conv.axilite_b2s/RD.r_channel_0/rd_data_fifo_0/memory_reg[31][0]_srl32/CLK



---------------------------------------------------------------------------------------------------
From Clock:  clk_fpga_2
  To Clock:  clk_fpga_2

Setup :            0  Failing Endpoints,  Worst Slack        0.963ns,  Total Violation        0.000ns
Hold  :            0  Failing Endpoints,  Worst Slack        0.122ns,  Total Violation        0.000ns
PW    :            0  Failing Endpoints,  Worst Slack        0.264ns,  Total Violation        0.000ns
---------------------------------------------------------------------------------------------------


Max Delay Paths
--------------------------------------------------------------------------------------
Slack (MET) :             0.963ns  (required time - arrival time)
  Source:                 vision_i/rx/U0/GenerateDDC.DDC_EEPROM/I2C_SlaveController/FSM_gray_state_reg[2]/C
                            (rising edge-triggered cell FDRE clocked by clk_fpga_2  {rise@0.000ns fall@2.500ns period=5.000ns})
  Destination:            vision_i/rx/U0/GenerateDDC.DDC_EEPROM/I2C_SlaveController/dataByte_reg[4]/CE
                            (rising edge-triggered cell FDRE clocked by clk_fpga_2  {rise@0.000ns fall@2.500ns period=5.000ns})
  Path Group:             clk_fpga_2
  Path Type:              Setup (Max at Slow Process Corner)
  Requirement:            5.000ns  (clk_fpga_2 rise@5.000ns - clk_fpga_2 rise@0.000ns)
  Data Path Delay:        3.647ns  (logic 1.058ns (29.012%)  route 2.589ns (70.988%))
  Logic Levels:           3  (LUT5=1 LUT6=2)
  Clock Path Skew:        -0.138ns (DCD - SCD + CPR)
    Destination Clock Delay (DCD):    2.773ns = ( 7.773 - 5.000 ) 
    Source Clock Delay      (SCD):    3.140ns
    Clock Pessimism Removal (CPR):    0.229ns
  Clock Uncertainty:      0.083ns  ((TSJ^2 + TIJ^2)^1/2 + DJ) / 2 + PE
    Total System Jitter     (TSJ):    0.071ns
    Total Input Jitter      (TIJ):    0.150ns
    Discrete Jitter          (DJ):    0.000ns
    Phase Error              (PE):    0.000ns

    Location             Delay type                Incr(ns)  Path(ns)    Netlist Resource(s)
  -------------------------------------------------------------------    -------------------
                         (clock clk_fpga_2 rise edge)
                                                      0.000     0.000 r  <hidden>
    PS7_X0Y0             PS7                          0.000     0.000 r  vision_i/ps7/inst/PS7_i/FCLKCLK[2]
                         net (fo=1, routed)           1.193     1.193    vision_i/ps7/inst/FCLK_CLK_unbuffered[2]
    BUFGCTRL_X0Y17       BUFG (Prop_bufg_I_O)         0.101     1.294 r  vision_i/ps7/inst/buffer_fclk_clk_2.FCLK_CLK_2_BUFG/O
                         net (fo=158, routed)         1.846     3.140    vision_i/rx/U0/GenerateDDC.DDC_EEPROM/I2C_SlaveController/RefClk
    SLICE_X109Y77        FDRE                                         r  vision_i/rx/U0/GenerateDDC.DDC_EEPROM/I2C_SlaveController/FSM_gray_state_reg[2]/C
  -------------------------------------------------------------------    -------------------
    SLICE_X109Y77        FDRE (Prop_fdre_C_Q)         0.456     3.596 r  vision_i/rx/U0/GenerateDDC.DDC_EEPROM/I2C_SlaveController/FSM_gray_state_reg[2]/Q
                         net (fo=11, routed)          1.006     4.602    vision_i/rx/U0/GenerateDDC.DDC_EEPROM/I2C_SlaveController/state[2]
    SLICE_X108Y78        LUT5 (Prop_lut5_I3_O)        0.150     4.752 r  vision_i/rx/U0/GenerateDDC.DDC_EEPROM/I2C_SlaveController/dataByte[7]_i_4/O
                         net (fo=1, routed)           0.478     5.231    vision_i/rx/U0/GenerateDDC.DDC_EEPROM/I2C_SlaveController/latchData
    SLICE_X108Y78        LUT6 (Prop_lut6_I1_O)        0.328     5.559 r  vision_i/rx/U0/GenerateDDC.DDC_EEPROM/I2C_SlaveController/dataByte[7]_i_3/O
                         net (fo=12, routed)          0.335     5.894    vision_i/rx/U0/GenerateDDC.DDC_EEPROM/I2C_SlaveController/dataByte[7]_i_3_n_0
    SLICE_X106Y77        LUT6 (Prop_lut6_I0_O)        0.124     6.018 r  vision_i/rx/U0/GenerateDDC.DDC_EEPROM/I2C_SlaveController/dataByte[7]_i_1/O
                         net (fo=8, routed)           0.769     6.787    vision_i/rx/U0/GenerateDDC.DDC_EEPROM/I2C_SlaveController/dataByte[7]_i_1_n_0
    SLICE_X104Y76        FDRE                                         r  vision_i/rx/U0/GenerateDDC.DDC_EEPROM/I2C_SlaveController/dataByte_reg[4]/CE
  -------------------------------------------------------------------    -------------------

                         (clock clk_fpga_2 rise edge)
                                                      5.000     5.000 r  <hidden>
    PS7_X0Y0             PS7                          0.000     5.000 r  vision_i/ps7/inst/PS7_i/FCLKCLK[2]
                         net (fo=1, routed)           1.088     6.088    vision_i/ps7/inst/FCLK_CLK_unbuffered[2]
    BUFGCTRL_X0Y17       BUFG (Prop_bufg_I_O)         0.091     6.179 r  vision_i/ps7/inst/buffer_fclk_clk_2.FCLK_CLK_2_BUFG/O
                         net (fo=158, routed)         1.594     7.773    vision_i/rx/U0/GenerateDDC.DDC_EEPROM/I2C_SlaveController/RefClk
    SLICE_X104Y76        FDRE                                         r  vision_i/rx/U0/GenerateDDC.DDC_EEPROM/I2C_SlaveController/dataByte_reg[4]/C
                         clock pessimism              0.229     8.002    <hidden>
                         clock uncertainty           -0.083     7.919    <hidden>
    SLICE_X104Y76        FDRE (Setup_fdre_C_CE)      -0.169     7.750    vision_i/rx/U0/GenerateDDC.DDC_EEPROM/I2C_SlaveController/dataByte_reg[4]
  -------------------------------------------------------------------
                         required time                          7.750    <hidden>
                         arrival time                          -6.787    <hidden>
  -------------------------------------------------------------------
                         slack                                  0.963    <hidden>





Min Delay Paths
--------------------------------------------------------------------------------------
Slack (MET) :             0.122ns  (arrival time - required time)
  Source:                 vision_i/rx/U0/TMDS_ClockingX/LockLostReset/SyncAsyncx/oSyncStages_reg[0]/C
                            (rising edge-triggered cell FDPE clocked by clk_fpga_2  {rise@0.000ns fall@2.500ns period=5.000ns})
  Destination:            vision_i/rx/U0/TMDS_ClockingX/LockLostReset/SyncAsyncx/oSyncStages_reg[1]/D
                            (rising edge-triggered cell FDPE clocked by clk_fpga_2  {rise@0.000ns fall@2.500ns period=5.000ns})
  Path Group:             clk_fpga_2
  Path Type:              Hold (Min at Fast Process Corner)
  Requirement:            0.000ns  (clk_fpga_2 rise@0.000ns - clk_fpga_2 rise@0.000ns)
  Data Path Delay:        0.197ns  (logic 0.141ns (71.611%)  route 0.056ns (28.389%))
  Logic Levels:           0  
  Clock Path Skew:        0.000ns (DCD - SCD - CPR)
    Destination Clock Delay (DCD):    1.229ns
    Source Clock Delay      (SCD):    0.932ns
    Clock Pessimism Removal (CPR):    0.297ns

    Location             Delay type                Incr(ns)  Path(ns)    Netlist Resource(s)
  -------------------------------------------------------------------    -------------------
                         (clock clk_fpga_2 rise edge)
                                                      0.000     0.000 r  <hidden>
    PS7_X0Y0             PS7                          0.000     0.000 r  vision_i/ps7/inst/PS7_i/FCLKCLK[2]
                         net (fo=1, routed)           0.310     0.310    vision_i/ps7/inst/FCLK_CLK_unbuffered[2]
    BUFGCTRL_X0Y17       BUFG (Prop_bufg_I_O)         0.026     0.336 r  vision_i/ps7/inst/buffer_fclk_clk_2.FCLK_CLK_2_BUFG/O
                         net (fo=158, routed)         0.596     0.932    vision_i/rx/U0/TMDS_ClockingX/LockLostReset/SyncAsyncx/RefClk
    SLICE_X101Y76        FDPE                                         r  vision_i/rx/U0/TMDS_ClockingX/LockLostReset/SyncAsyncx/oSyncStages_reg[0]/C
  -------------------------------------------------------------------    -------------------
    SLICE_X101Y76        FDPE (Prop_fdpe_C_Q)         0.141     1.073 r  vision_i/rx/U0/TMDS_ClockingX/LockLostReset/SyncAsyncx/oSyncStages_reg[0]/Q
                         net (fo=1, routed)           0.056     1.128    vision_i/rx/U0/TMDS_ClockingX/LockLostReset/SyncAsyncx/oSyncStages[0]
    SLICE_X101Y76        FDPE                                         r  vision_i/rx/U0/TMDS_ClockingX/LockLostReset/SyncAsyncx/oSyncStages_reg[1]/D
  -------------------------------------------------------------------    -------------------

                         (clock clk_fpga_2 rise edge)
                                                      0.000     0.000 r  <hidden>
    PS7_X0Y0             PS7                          0.000     0.000 r  vision_i/ps7/inst/PS7_i/FCLKCLK[2]
                         net (fo=1, routed)           0.337     0.337    vision_i/ps7/inst/FCLK_CLK_unbuffered[2]
    BUFGCTRL_X0Y17       BUFG (Prop_bufg_I_O)         0.029     0.366 r  vision_i/ps7/inst/buffer_fclk_clk_2.FCLK_CLK_2_BUFG/O
                         net (fo=158, routed)         0.863     1.229    vision_i/rx/U0/TMDS_ClockingX/LockLostReset/SyncAsyncx/RefClk
    SLICE_X101Y76        FDPE                                         r  vision_i/rx/U0/TMDS_ClockingX/LockLostReset/SyncAsyncx/oSyncStages_reg[1]/C
                         clock pessimism             -0.297     0.932    <hidden>
    SLICE_X101Y76        FDPE (Hold_fdpe_C_D)         0.075     1.007    vision_i/rx/U0/TMDS_ClockingX/LockLostReset/SyncAsyncx/oSyncStages_reg[1]
  -------------------------------------------------------------------
                         required time                         -1.007    <hidden>
                         arrival time                           1.128    <hidden>
  -------------------------------------------------------------------
                         slack                                  0.122    <hidden>





Pulse Width Checks
--------------------------------------------------------------------------------------
Clock Name:         clk_fpga_2
Waveform(ns):       { 0.000 2.500 }
Period(ns):         5.000
Sources:            { vision_i/ps7/inst/PS7_i/FCLKCLK[2] }

Check Type        Corner  Lib Pin            Reference Pin  Required(ns)  Actual(ns)  Slack(ns)  Location         Pin
Min Period        n/a     IDELAYCTRL/REFCLK  n/a            3.225         5.000       1.775      IDELAYCTRL_X1Y1  vision_i/rx/U0/TMDS_ClockingX/IDelayCtrlX/REFCLK
Max Period        n/a     IDELAYCTRL/REFCLK  n/a            5.264         5.000       0.264      IDELAYCTRL_X1Y1  vision_i/rx/U0/TMDS_ClockingX/IDelayCtrlX/REFCLK
Low Pulse Width   Slow    FDRE/C             n/a            0.500         2.500       2.000      SLICE_X110Y59    vision_i/rx/U0/DataDecoders[0].DecoderX/rTimeoutCnt_reg[0]/C
High Pulse Width  Slow    FDRE/C             n/a            0.500         2.500       2.000      SLICE_X110Y59    vision_i/rx/U0/DataDecoders[0].DecoderX/rTimeoutCnt_reg[0]/C



---------------------------------------------------------------------------------------------------
From Clock:  dbg_hub/inst/BSCANID.u_xsdbm_id/SWITCH_N_EXT_BSCAN.bscan_inst/SERIES7_BSCAN.bscan_inst/TCK
  To Clock:  dbg_hub/inst/BSCANID.u_xsdbm_id/SWITCH_N_EXT_BSCAN.bscan_inst/SERIES7_BSCAN.bscan_inst/TCK

Setup :            0  Failing Endpoints,  Worst Slack       26.615ns,  Total Violation        0.000ns
Hold  :            0  Failing Endpoints,  Worst Slack        0.094ns,  Total Violation        0.000ns
PW    :            0  Failing Endpoints,  Worst Slack       15.250ns,  Total Violation        0.000ns
---------------------------------------------------------------------------------------------------


Max Delay Paths
--------------------------------------------------------------------------------------
Slack (MET) :             26.615ns  (required time - arrival time)
  Source:                 dbg_hub/inst/BSCANID.u_xsdbm_id/SWITCH_N_EXT_BSCAN.bscan_switch/state_reg[0]/C
                            (rising edge-triggered cell FDRE clocked by dbg_hub/inst/BSCANID.u_xsdbm_id/SWITCH_N_EXT_BSCAN.bscan_inst/SERIES7_BSCAN.bscan_inst/TCK  {rise@0.000ns fall@16.500ns period=33.000ns})
  Destination:            dbg_hub/inst/BSCANID.u_xsdbm_id/SWITCH_N_EXT_BSCAN.bscan_switch/state_temp_reg[2]/D
                            (rising edge-triggered cell FDRE clocked by dbg_hub/inst/BSCANID.u_xsdbm_id/SWITCH_N_EXT_BSCAN.bscan_inst/SERIES7_BSCAN.bscan_inst/TCK  {rise@0.000ns fall@16.500ns period=33.000ns})
  Path Group:             dbg_hub/inst/BSCANID.u_xsdbm_id/SWITCH_N_EXT_BSCAN.bscan_inst/SERIES7_BSCAN.bscan_inst/TCK
  Path Type:              Setup (Max at Slow Process Corner)
  Requirement:            33.000ns  (dbg_hub/inst/BSCANID.u_xsdbm_id/SWITCH_N_EXT_BSCAN.bscan_inst/SERIES7_BSCAN.bscan_inst/TCK rise@33.000ns - dbg_hub/inst/BSCANID.u_xsdbm_id/SWITCH_N_EXT_BSCAN.bscan_inst/SERIES7_BSCAN.bscan_inst/TCK rise@0.000ns)
  Data Path Delay:        6.380ns  (logic 2.175ns (34.090%)  route 4.205ns (65.910%))
  Logic Levels:           6  (CARRY4=2 LUT4=1 LUT5=1 LUT6=2)
  Clock Path Skew:        0.000ns (DCD - SCD + CPR)
    Destination Clock Delay (DCD):    3.802ns = ( 36.802 - 33.000 ) 
    Source Clock Delay      (SCD):    4.316ns
    Clock Pessimism Removal (CPR):    0.514ns
  Clock Uncertainty:      0.035ns  ((TSJ^2 + TIJ^2)^1/2 + DJ) / 2 + PE
    Total System Jitter     (TSJ):    0.071ns
    Total Input Jitter      (TIJ):    0.000ns
    Discrete Jitter          (DJ):    0.000ns
    Phase Error              (PE):    0.000ns

    Location             Delay type                Incr(ns)  Path(ns)    Netlist Resource(s)
  -------------------------------------------------------------------    -------------------
                         (clock dbg_hub/inst/BSCANID.u_xsdbm_id/SWITCH_N_EXT_BSCAN.bscan_inst/SERIES7_BSCAN.bscan_inst/TCK rise edge)
                                                      0.000     0.000 r  <hidden>
    BSCAN_X0Y0           BSCANE2                      0.000     0.000 r  dbg_hub/inst/BSCANID.u_xsdbm_id/SWITCH_N_EXT_BSCAN.bscan_inst/SERIES7_BSCAN.bscan_inst/TCK
                         net (fo=1, routed)           2.306     2.306    dbg_hub/inst/BSCANID.u_xsdbm_id/tck_bs
    BUFGCTRL_X0Y0        BUFG (Prop_bufg_I_O)         0.101     2.407 r  dbg_hub/inst/BSCANID.u_xsdbm_id/SWITCH_N_EXT_BSCAN.u_bufg_icon_tck/O
                         net (fo=482, routed)         1.909     4.316    dbg_hub/inst/BSCANID.u_xsdbm_id/SWITCH_N_EXT_BSCAN.bscan_switch/s_bscan_tck
    SLICE_X61Y105        FDRE                                         r  dbg_hub/inst/BSCANID.u_xsdbm_id/SWITCH_N_EXT_BSCAN.bscan_switch/state_reg[0]/C
  -------------------------------------------------------------------    -------------------
    SLICE_X61Y105        FDRE (Prop_fdre_C_Q)         0.419     4.735 r  dbg_hub/inst/BSCANID.u_xsdbm_id/SWITCH_N_EXT_BSCAN.bscan_switch/state_reg[0]/Q
                         net (fo=50, routed)          1.421     6.156    dbg_hub/inst/BSCANID.u_xsdbm_id/SWITCH_N_EXT_BSCAN.bscan_switch/state[0]
    SLICE_X63Y104        LUT4 (Prop_lut4_I1_O)        0.327     6.483 r  dbg_hub/inst/BSCANID.u_xsdbm_id/SWITCH_N_EXT_BSCAN.bscan_switch/curid_inferred_i_23/O
                         net (fo=2, routed)           0.798     7.281    dbg_hub/inst/BSCANID.u_xsdbm_id/SWITCH_N_EXT_BSCAN.bscan_switch/curid[9]
    SLICE_X65Y103        LUT6 (Prop_lut6_I4_O)        0.332     7.613 r  dbg_hub/inst/BSCANID.u_xsdbm_id/SWITCH_N_EXT_BSCAN.bscan_switch/state_temp[0]_i_12/O
                         net (fo=1, routed)           0.000     7.613    dbg_hub/inst/BSCANID.u_xsdbm_id/SWITCH_N_EXT_BSCAN.bscan_switch/state_temp[0]_i_12_n_0
    SLICE_X65Y103        CARRY4 (Prop_carry4_S[0]_CO[3])
                                                      0.532     8.145 r  dbg_hub/inst/BSCANID.u_xsdbm_id/SWITCH_N_EXT_BSCAN.bscan_switch/state_temp_reg[0]_i_4/CO[3]
                         net (fo=1, routed)           0.000     8.145    dbg_hub/inst/BSCANID.u_xsdbm_id/SWITCH_N_EXT_BSCAN.bscan_switch/state_temp_reg[0]_i_4_n_0
    SLICE_X65Y104        CARRY4 (Prop_carry4_CI_CO[3])
                                                      0.114     8.259 f  dbg_hub/inst/BSCANID.u_xsdbm_id/SWITCH_N_EXT_BSCAN.bscan_switch/state_temp_reg[0]_i_3/CO[3]
                         net (fo=4, routed)           1.103     9.362    dbg_hub/inst/BSCANID.u_xsdbm_id/SWITCH_N_EXT_BSCAN.bscan_switch/state_temp_reg[0]_i_3_n_0
    SLICE_X60Y105        LUT5 (Prop_lut5_I1_O)        0.119     9.481 f  dbg_hub/inst/BSCANID.u_xsdbm_id/SWITCH_N_EXT_BSCAN.bscan_switch/portno_temp[5]_i_2/O
                         net (fo=7, routed)           0.883    10.364    dbg_hub/inst/BSCANID.u_xsdbm_id/SWITCH_N_EXT_BSCAN.bscan_switch/portno_temp[5]_i_2_n_0
    SLICE_X61Y105        LUT6 (Prop_lut6_I2_O)        0.332    10.696 r  dbg_hub/inst/BSCANID.u_xsdbm_id/SWITCH_N_EXT_BSCAN.bscan_switch/state_temp[2]_i_1/O
                         net (fo=1, routed)           0.000    10.696    dbg_hub/inst/BSCANID.u_xsdbm_id/SWITCH_N_EXT_BSCAN.bscan_switch/state_temp[2]_i_1_n_0
    SLICE_X61Y105        FDRE                                         r  dbg_hub/inst/BSCANID.u_xsdbm_id/SWITCH_N_EXT_BSCAN.bscan_switch/state_temp_reg[2]/D
  -------------------------------------------------------------------    -------------------

                         (clock dbg_hub/inst/BSCANID.u_xsdbm_id/SWITCH_N_EXT_BSCAN.bscan_inst/SERIES7_BSCAN.bscan_inst/TCK rise edge)
                                                     33.000    33.000 r  <hidden>
    BSCAN_X0Y0           BSCANE2                      0.000    33.000 r  dbg_hub/inst/BSCANID.u_xsdbm_id/SWITCH_N_EXT_BSCAN.bscan_inst/SERIES7_BSCAN.bscan_inst/TCK
                         net (fo=1, routed)           1.994    34.994    dbg_hub/inst/BSCANID.u_xsdbm_id/tck_bs
    BUFGCTRL_X0Y0        BUFG (Prop_bufg_I_O)         0.091    35.085 r  dbg_hub/inst/BSCANID.u_xsdbm_id/SWITCH_N_EXT_BSCAN.u_bufg_icon_tck/O
                         net (fo=482, routed)         1.717    36.802    dbg_hub/inst/BSCANID.u_xsdbm_id/SWITCH_N_EXT_BSCAN.bscan_switch/s_bscan_tck
    SLICE_X61Y105        FDRE                                         r  dbg_hub/inst/BSCANID.u_xsdbm_id/SWITCH_N_EXT_BSCAN.bscan_switch/state_temp_reg[2]/C
                         clock pessimism              0.514    37.316    <hidden>
                         clock uncertainty           -0.035    37.281    <hidden>
    SLICE_X61Y105        FDRE (Setup_fdre_C_D)        0.031    37.312    dbg_hub/inst/BSCANID.u_xsdbm_id/SWITCH_N_EXT_BSCAN.bscan_switch/state_temp_reg[2]
  -------------------------------------------------------------------
                         required time                         37.312    <hidden>
                         arrival time                         -10.696    <hidden>
  -------------------------------------------------------------------
                         slack                                 26.615    <hidden>





Min Delay Paths
--------------------------------------------------------------------------------------
Slack (MET) :             0.094ns  (arrival time - required time)
  Source:                 dbg_hub/inst/BSCANID.u_xsdbm_id/CORE_XSDB.UUT_MASTER/U_ICON_INTERFACE/U_CMD6_WR/shift_reg_in_reg[1]/C
                            (rising edge-triggered cell FDCE clocked by dbg_hub/inst/BSCANID.u_xsdbm_id/SWITCH_N_EXT_BSCAN.bscan_inst/SERIES7_BSCAN.bscan_inst/TCK  {rise@0.000ns fall@16.500ns period=33.000ns})
  Destination:            dbg_hub/inst/BSCANID.u_xsdbm_id/CORE_XSDB.UUT_MASTER/U_ICON_INTERFACE/U_CMD6_WR/U_WR_FIFO/SUBCORE_FIFO.xsdbm_v3_0_6_wrfifo_inst/inst_fifo_gen/gconvfifo.rf/grf.rf/gntv_or_sync_fifo.mem/gdm.dm_gen.dm/RAM_reg_0_15_0_5/RAMA/I
                            (rising edge-triggered cell RAMD32 clocked by dbg_hub/inst/BSCANID.u_xsdbm_id/SWITCH_N_EXT_BSCAN.bscan_inst/SERIES7_BSCAN.bscan_inst/TCK  {rise@0.000ns fall@16.500ns period=33.000ns})
  Path Group:             dbg_hub/inst/BSCANID.u_xsdbm_id/SWITCH_N_EXT_BSCAN.bscan_inst/SERIES7_BSCAN.bscan_inst/TCK
  Path Type:              Hold (Min at Fast Process Corner)
  Requirement:            0.000ns  (dbg_hub/inst/BSCANID.u_xsdbm_id/SWITCH_N_EXT_BSCAN.bscan_inst/SERIES7_BSCAN.bscan_inst/TCK rise@0.000ns - dbg_hub/inst/BSCANID.u_xsdbm_id/SWITCH_N_EXT_BSCAN.bscan_inst/SERIES7_BSCAN.bscan_inst/TCK rise@0.000ns)
  Data Path Delay:        0.257ns  (logic 0.141ns (54.911%)  route 0.116ns (45.089%))
  Logic Levels:           0  
  Clock Path Skew:        0.016ns (DCD - SCD - CPR)
    Destination Clock Delay (DCD):    2.097ns
    Source Clock Delay      (SCD):    1.690ns
    Clock Pessimism Removal (CPR):    0.391ns

    Location             Delay type                Incr(ns)  Path(ns)    Netlist Resource(s)
  -------------------------------------------------------------------    -------------------
                         (clock dbg_hub/inst/BSCANID.u_xsdbm_id/SWITCH_N_EXT_BSCAN.bscan_inst/SERIES7_BSCAN.bscan_inst/TCK rise edge)
                                                      0.000     0.000 r  <hidden>
    BSCAN_X0Y0           BSCANE2                      0.000     0.000 r  dbg_hub/inst/BSCANID.u_xsdbm_id/SWITCH_N_EXT_BSCAN.bscan_inst/SERIES7_BSCAN.bscan_inst/TCK
                         net (fo=1, routed)           1.028     1.028    dbg_hub/inst/BSCANID.u_xsdbm_id/tck_bs
    BUFGCTRL_X0Y0        BUFG (Prop_bufg_I_O)         0.026     1.054 r  dbg_hub/inst/BSCANID.u_xsdbm_id/SWITCH_N_EXT_BSCAN.u_bufg_icon_tck/O
                         net (fo=482, routed)         0.636     1.690    dbg_hub/inst/BSCANID.u_xsdbm_id/CORE_XSDB.UUT_MASTER/U_ICON_INTERFACE/U_CMD6_WR/m_bscan_tck[0]
    SLICE_X52Y105        FDCE                                         r  dbg_hub/inst/BSCANID.u_xsdbm_id/CORE_XSDB.UUT_MASTER/U_ICON_INTERFACE/U_CMD6_WR/shift_reg_in_reg[1]/C
  -------------------------------------------------------------------    -------------------
    SLICE_X52Y105        FDCE (Prop_fdce_C_Q)         0.141     1.831 r  dbg_hub/inst/BSCANID.u_xsdbm_id/CORE_XSDB.UUT_MASTER/U_ICON_INTERFACE/U_CMD6_WR/shift_reg_in_reg[1]/Q
                         net (fo=2, routed)           0.116     1.947    dbg_hub/inst/BSCANID.u_xsdbm_id/CORE_XSDB.UUT_MASTER/U_ICON_INTERFACE/U_CMD6_WR/U_WR_FIFO/SUBCORE_FIFO.xsdbm_v3_0_6_wrfifo_inst/inst_fifo_gen/gconvfifo.rf/grf.rf/gntv_or_sync_fifo.mem/gdm.dm_gen.dm/RAM_reg_0_15_0_5/DIA0
    SLICE_X50Y105        RAMD32                                       r  dbg_hub/inst/BSCANID.u_xsdbm_id/CORE_XSDB.UUT_MASTER/U_ICON_INTERFACE/U_CMD6_WR/U_WR_FIFO/SUBCORE_FIFO.xsdbm_v3_0_6_wrfifo_inst/inst_fifo_gen/gconvfifo.rf/grf.rf/gntv_or_sync_fifo.mem/gdm.dm_gen.dm/RAM_reg_0_15_0_5/RAMA/I
  -------------------------------------------------------------------    -------------------

                         (clock dbg_hub/inst/BSCANID.u_xsdbm_id/SWITCH_N_EXT_BSCAN.bscan_inst/SERIES7_BSCAN.bscan_inst/TCK rise edge)
                                                      0.000     0.000 r  <hidden>
    BSCAN_X0Y0           BSCANE2                      0.000     0.000 r  dbg_hub/inst/BSCANID.u_xsdbm_id/SWITCH_N_EXT_BSCAN.bscan_inst/SERIES7_BSCAN.bscan_inst/TCK
                         net (fo=1, routed)           1.160     1.160    dbg_hub/inst/BSCANID.u_xsdbm_id/tck_bs
    BUFGCTRL_X0Y0        BUFG (Prop_bufg_I_O)         0.029     1.189 r  dbg_hub/inst/BSCANID.u_xsdbm_id/SWITCH_N_EXT_BSCAN.u_bufg_icon_tck/O
                         net (fo=482, routed)         0.908     2.097    dbg_hub/inst/BSCANID.u_xsdbm_id/CORE_XSDB.UUT_MASTER/U_ICON_INTERFACE/U_CMD6_WR/U_WR_FIFO/SUBCORE_FIFO.xsdbm_v3_0_6_wrfifo_inst/inst_fifo_gen/gconvfifo.rf/grf.rf/gntv_or_sync_fifo.mem/gdm.dm_gen.dm/RAM_reg_0_15_0_5/WCLK
    SLICE_X50Y105        RAMD32                                       r  dbg_hub/inst/BSCANID.u_xsdbm_id/CORE_XSDB.UUT_MASTER/U_ICON_INTERFACE/U_CMD6_WR/U_WR_FIFO/SUBCORE_FIFO.xsdbm_v3_0_6_wrfifo_inst/inst_fifo_gen/gconvfifo.rf/grf.rf/gntv_or_sync_fifo.mem/gdm.dm_gen.dm/RAM_reg_0_15_0_5/RAMA/CLK
                         clock pessimism             -0.391     1.706    <hidden>
    SLICE_X50Y105        RAMD32 (Hold_ramd32_CLK_I)
                                                      0.147     1.853    dbg_hub/inst/BSCANID.u_xsdbm_id/CORE_XSDB.UUT_MASTER/U_ICON_INTERFACE/U_CMD6_WR/U_WR_FIFO/SUBCORE_FIFO.xsdbm_v3_0_6_wrfifo_inst/inst_fifo_gen/gconvfifo.rf/grf.rf/gntv_or_sync_fifo.mem/gdm.dm_gen.dm/RAM_reg_0_15_0_5/RAMA
  -------------------------------------------------------------------
                         required time                         -1.853    <hidden>
                         arrival time                           1.947    <hidden>
  -------------------------------------------------------------------
                         slack                                  0.094    <hidden>





Pulse Width Checks
--------------------------------------------------------------------------------------
Clock Name:         dbg_hub/inst/BSCANID.u_xsdbm_id/SWITCH_N_EXT_BSCAN.bscan_inst/SERIES7_BSCAN.bscan_inst/TCK
Waveform(ns):       { 0.000 16.500 }
Period(ns):         33.000
Sources:            { dbg_hub/inst/BSCANID.u_xsdbm_id/SWITCH_N_EXT_BSCAN.bscan_inst/SERIES7_BSCAN.bscan_inst/TCK }

Check Type        Corner  Lib Pin     Reference Pin  Required(ns)  Actual(ns)  Slack(ns)  Location       Pin
Min Period        n/a     BUFG/I      n/a            2.155         33.000      30.845     BUFGCTRL_X0Y0  dbg_hub/inst/BSCANID.u_xsdbm_id/SWITCH_N_EXT_BSCAN.u_bufg_icon_tck/I
Low Pulse Width   Slow    RAMD32/CLK  n/a            1.250         16.500      15.250     SLICE_X50Y105  dbg_hub/inst/BSCANID.u_xsdbm_id/CORE_XSDB.UUT_MASTER/U_ICON_INTERFACE/U_CMD6_WR/U_WR_FIFO/SUBCORE_FIFO.xsdbm_v3_0_6_wrfifo_inst/inst_fifo_gen/gconvfifo.rf/grf.rf/gntv_or_sync_fifo.mem/gdm.dm_gen.dm/RAM_reg_0_15_0_5/RAMA/CLK
High Pulse Width  Slow    RAMD32/CLK  n/a            1.250         16.500      15.250     SLICE_X50Y105  dbg_hub/inst/BSCANID.u_xsdbm_id/CORE_XSDB.UUT_MASTER/U_ICON_INTERFACE/U_CMD6_WR/U_WR_FIFO/SUBCORE_FIFO.xsdbm_v3_0_6_wrfifo_inst/inst_fifo_gen/gconvfifo.rf/grf.rf/gntv_or_sync_fifo.mem/gdm.dm_gen.dm/RAM_reg_0_15_0_5/RAMA/CLK



---------------------------------------------------------------------------------------------------
From Clock:  hdmi_pixel_in
  To Clock:  hdmi_pixel_in

Setup :           NA  Failing Endpoints,  Worst Slack           NA  ,  Total Violation           NA
Hold  :           NA  Failing Endpoints,  Worst Slack           NA  ,  Total Violation           NA
PW    :            0  Failing Endpoints,  Worst Slack        3.734ns,  Total Violation        0.000ns
---------------------------------------------------------------------------------------------------


Pulse Width Checks
--------------------------------------------------------------------------------------
Clock Name:         hdmi_pixel_in
Waveform(ns):       { 0.000 6.734 }
Period(ns):         13.468
Sources:            { hdmi_in_clk_p }

Check Type        Corner  Lib Pin            Reference Pin  Required(ns)  Actual(ns)  Slack(ns)  Location         Pin
Min Period        n/a     MMCME2_ADV/CLKIN1  n/a            1.249         13.468      12.219     MMCME2_ADV_X1Y1  vision_i/rx/U0/TMDS_ClockingX/DVI_ClkGenerator/CLKIN1
Max Period        n/a     MMCME2_ADV/CLKIN1  n/a            100.000       13.468      86.532     MMCME2_ADV_X1Y1  vision_i/rx/U0/TMDS_ClockingX/DVI_ClkGenerator/CLKIN1
Low Pulse Width   Slow    MMCME2_ADV/CLKIN1  n/a            3.000         6.734       3.734      MMCME2_ADV_X1Y1  vision_i/rx/U0/TMDS_ClockingX/DVI_ClkGenerator/CLKIN1
High Pulse Width  Slow    MMCME2_ADV/CLKIN1  n/a            3.000         6.734       3.734      MMCME2_ADV_X1Y1  vision_i/rx/U0/TMDS_ClockingX/DVI_ClkGenerator/CLKIN1



---------------------------------------------------------------------------------------------------
From Clock:  CLKFBIN
  To Clock:  CLKFBIN

Setup :           NA  Failing Endpoints,  Worst Slack           NA  ,  Total Violation           NA
Hold  :           NA  Failing Endpoints,  Worst Slack           NA  ,  Total Violation           NA
PW    :            0  Failing Endpoints,  Worst Slack       12.219ns,  Total Violation        0.000ns
---------------------------------------------------------------------------------------------------


Pulse Width Checks
--------------------------------------------------------------------------------------
Clock Name:         CLKFBIN
Waveform(ns):       { 0.000 6.734 }
Period(ns):         13.468
Sources:            { vision_i/rx/U0/TMDS_ClockingX/DVI_ClkGenerator/CLKFBOUT }

Check Type  Corner  Lib Pin              Reference Pin  Required(ns)  Actual(ns)  Slack(ns)  Location         Pin
Min Period  n/a     MMCME2_ADV/CLKFBOUT  n/a            1.249         13.468      12.219     MMCME2_ADV_X1Y1  vision_i/rx/U0/TMDS_ClockingX/DVI_ClkGenerator/CLKFBOUT
Max Period  n/a     MMCME2_ADV/CLKFBIN   n/a            100.000       13.468      86.532     MMCME2_ADV_X1Y1  vision_i/rx/U0/TMDS_ClockingX/DVI_ClkGenerator/CLKFBIN



---------------------------------------------------------------------------------------------------
From Clock:  CLK_OUT_5x_hdmi_clk
  To Clock:  CLK_OUT_5x_hdmi_clk

Setup :           NA  Failing Endpoints,  Worst Slack           NA  ,  Total Violation           NA
Hold  :           NA  Failing Endpoints,  Worst Slack           NA  ,  Total Violation           NA
PW    :            0  Failing Endpoints,  Worst Slack        1.027ns,  Total Violation        0.000ns
---------------------------------------------------------------------------------------------------


Pulse Width Checks
--------------------------------------------------------------------------------------
Clock Name:         CLK_OUT_5x_hdmi_clk
Waveform(ns):       { 0.000 1.347 }
Period(ns):         2.694
Sources:            { vision_i/rx/U0/TMDS_ClockingX/DVI_ClkGenerator/CLKOUT0 }

Check Type  Corner  Lib Pin             Reference Pin  Required(ns)  Actual(ns)  Slack(ns)  Location         Pin
Min Period  n/a     ISERDESE2/CLK       n/a            1.667         2.694       1.027      ILOGIC_X1Y68     vision_i/rx/U0/DataDecoders[0].DecoderX/InputSERDES_X/DeserializerMaster/CLK
Max Period  n/a     MMCME2_ADV/CLKOUT0  n/a            213.360       2.694       210.666    MMCME2_ADV_X1Y1  vision_i/rx/U0/TMDS_ClockingX/DVI_ClkGenerator/CLKOUT0



---------------------------------------------------------------------------------------------------
From Clock:  PixelClk_int
  To Clock:  PixelClk_int

Setup :            0  Failing Endpoints,  Worst Slack        0.729ns,  Total Violation        0.000ns
Hold  :            0  Failing Endpoints,  Worst Slack        0.050ns,  Total Violation        0.000ns
PW    :            0  Failing Endpoints,  Worst Slack        2.387ns,  Total Violation        0.000ns
---------------------------------------------------------------------------------------------------


Max Delay Paths
--------------------------------------------------------------------------------------
Slack (MET) :             0.729ns  (required time - arrival time)
  Source:                 vision_i/pipe/inst/u_pipeline/u_vision/u_gauss/xd2_reg[10]/C
                            (rising edge-triggered cell FDCE clocked by PixelClk_int  {rise@0.000ns fall@5.387ns period=13.468ns})
  Destination:            vision_i/pipe/inst/u_pipeline/u_vision/u_gauss/out_g_reg[5]/D
                            (rising edge-triggered cell FDCE clocked by PixelClk_int  {rise@0.000ns fall@5.387ns period=13.468ns})
  Path Group:             PixelClk_int
  Path Type:              Setup (Max at Slow Process Corner)
  Requirement:            13.468ns  (PixelClk_int rise@13.468ns - PixelClk_int rise@0.000ns)
  Data Path Delay:        12.672ns  (logic 6.300ns (49.716%)  route 6.372ns (50.284%))
  Logic Levels:           19  (CARRY4=8 LUT2=2 LUT5=3 LUT6=6)
  Clock Path Skew:        -0.057ns (DCD - SCD + CPR)
    Destination Clock Delay (DCD):    6.486ns = ( 19.954 - 13.468 ) 
    Source Clock Delay      (SCD):    7.142ns
    Clock Pessimism Removal (CPR):    0.599ns
  Clock Uncertainty:      0.072ns  ((TSJ^2 + DJ^2)^1/2) / 2 + PE
    Total System Jitter     (TSJ):    0.071ns
    Discrete Jitter          (DJ):    0.126ns
    Phase Error              (PE):    0.000ns

    Location             Delay type                Incr(ns)  Path(ns)    Netlist Resource(s)
  -------------------------------------------------------------------    -------------------
                         (clock PixelClk_int rise edge)
                                                      0.000     0.000 r  <hidden>
    N18                                               0.000     0.000 r  hdmi_in_clk_p
                         net (fo=0)                   0.000     0.000    vision_i/rx/U0/TMDS_ClockingX/TMDS_Clk_p
    N18                  IBUFDS (Prop_ibufds_I_O)     0.930     0.930 r  vision_i/rx/U0/TMDS_ClockingX/InputBuffer/O
                         net (fo=1, routed)           1.285     2.215    vision_i/rx/U0/TMDS_ClockingX/CLK_IN_hdmi_clk
    MMCME2_ADV_X1Y1      MMCME2_ADV (Prop_mmcme2_adv_CLKIN1_CLKOUT0)
                                                      0.089     2.304 r  vision_i/rx/U0/TMDS_ClockingX/DVI_ClkGenerator/CLKOUT0
                         net (fo=2, routed)           1.063     3.367    vision_i/rx/U0/TMDS_ClockingX/CLK_OUT_5x_hdmi_clk
    BUFR_X1Y5            BUFR (Prop_bufr_I_O)         1.031     4.398 r  vision_i/rx/U0/TMDS_ClockingX/PixelClkBuffer/O
                         net (fo=367, routed)         0.945     5.343    vision_i/rx/U0/GenerateBUFG.ResyncToBUFG_X/InstBUFG_0
    BUFGCTRL_X0Y18       BUFG (Prop_bufg_I_O)         0.101     5.444 r  vision_i/rx/U0/GenerateBUFG.ResyncToBUFG_X/InstBUFG/O
                         net (fo=3334, routed)        1.698     7.142    vision_i/pipe/inst/u_pipeline/u_vision/u_gauss/pclk
    SLICE_X54Y79         FDCE                                         r  vision_i/pipe/inst/u_pipeline/u_vision/u_gauss/xd2_reg[10]/C
  -------------------------------------------------------------------    -------------------
    SLICE_X54Y79         FDCE (Prop_fdce_C_Q)         0.518     7.660 r  vision_i/pipe/inst/u_pipeline/u_vision/u_gauss/xd2_reg[10]/Q
                         net (fo=4, routed)           0.840     8.500    vision_i/pipe/inst/u_pipeline/u_vision/u_gauss/xd2[10]
    SLICE_X54Y79         LUT2 (Prop_lut2_I1_O)        0.150     8.650 f  vision_i/pipe/inst/u_pipeline/u_vision/u_gauss/out_g[7]_i_76/O
                         net (fo=1, routed)           1.002     9.652    vision_i/pipe/inst/u_pipeline/u_vision/u_gauss/out_g[7]_i_76_n_0
    SLICE_X54Y79         LUT6 (Prop_lut6_I0_O)        0.328     9.980 f  vision_i/pipe/inst/u_pipeline/u_vision/u_gauss/out_g[7]_i_48/O
                         net (fo=2, routed)           0.681    10.661    vision_i/pipe/inst/u_pipeline/u_vision/u_gauss/k[8]
    SLICE_X54Y79         LUT6 (Prop_lut6_I4_O)        0.124    10.785 r  vision_i/pipe/inst/u_pipeline/u_vision/u_gauss/out_g[7]_i_25__0/O
                         net (fo=24, routed)          0.354    11.139    vision_i/pipe/inst/u_pipeline/u_vision/u_gauss/lb1/right_edge
    SLICE_X55Y80         LUT6 (Prop_lut6_I5_O)        0.124    11.263 r  vision_i/pipe/inst/u_pipeline/u_vision/u_gauss/lb1/out_g[3]_i_37/O
                         net (fo=5, routed)           0.363    11.627    vision_i/pipe/inst/u_pipeline/u_vision/u_gauss/lb1/out_g[3]_i_37_n_0
    SLICE_X54Y80         LUT6 (Prop_lut6_I0_O)        0.124    11.751 r  vision_i/pipe/inst/u_pipeline/u_vision/u_gauss/lb1/out_g[7]_i_93/O
                         net (fo=1, routed)           0.000    11.751    vision_i/pipe/inst/u_pipeline/u_vision/u_gauss/lb1/out_g[7]_i_93_n_0
    SLICE_X54Y80         CARRY4 (Prop_carry4_S[1]_O[2])
                                                      0.578    12.329 r  vision_i/pipe/inst/u_pipeline/u_vision/u_gauss/lb1/out_g_reg[7]_i_82/O[2]
                         net (fo=2, routed)           0.675    13.003    vision_i/pipe/inst/u_pipeline/u_vision/u_gauss/lb1/out_g_reg[7]_i_82_n_5
    SLICE_X55Y81         CARRY4 (Prop_carry4_DI[1]_O[2])
                                                      0.714    13.717 r  vision_i/pipe/inst/u_pipeline/u_vision/u_gauss/lb1/out_g_reg[7]_i_59/O[2]
                         net (fo=2, routed)           0.331    14.049    vision_i/pipe/inst/u_pipeline/u_vision/u_gauss/lb1/out_g_reg[7]_i_59_n_5
    SLICE_X56Y81         LUT2 (Prop_lut2_I1_O)        0.302    14.351 r  vision_i/pipe/inst/u_pipeline/u_vision/u_gauss/lb1/out_g[7]_i_79/O
                         net (fo=1, routed)           0.000    14.351    vision_i/pipe/inst/u_pipeline/u_vision/u_gauss/lb1/out_g[7]_i_79_n_0
    SLICE_X56Y81         CARRY4 (Prop_carry4_S[3]_O[3])
                                                      0.248    14.599 r  vision_i/pipe/inst/u_pipeline/u_vision/u_gauss/lb1/out_g_reg[7]_i_55/O[3]
                         net (fo=2, routed)           0.601    15.199    vision_i/pipe/inst/u_pipeline/u_vision/u_gauss/lb1/C[3]
    SLICE_X57Y81         LUT5 (Prop_lut5_I4_O)        0.306    15.505 r  vision_i/pipe/inst/u_pipeline/u_vision/u_gauss/lb1/out_g[7]_i_56/O
                         net (fo=1, routed)           0.000    15.505    vision_i/pipe/inst/u_pipeline/u_vision/u_gauss/lb1/out_g[7]_i_56_n_0
    SLICE_X57Y81         CARRY4 (Prop_carry4_S[3]_CO[3])
                                                      0.401    15.906 r  vision_i/pipe/inst/u_pipeline/u_vision/u_gauss/lb1/out_g_reg[7]_i_36/CO[3]
                         net (fo=1, routed)           0.000    15.906    vision_i/pipe/inst/u_pipeline/u_vision/u_gauss/lb1/out_g_reg[7]_i_36_n_0
    SLICE_X57Y82         CARRY4 (Prop_carry4_CI_O[0])
                                                      0.222    16.128 r  vision_i/pipe/inst/u_pipeline/u_vision/u_gauss/lb1/out_g_reg[7]_i_19/O[0]
                         net (fo=2, routed)           0.334    16.462    vision_i/pipe/inst/u_pipeline/u_vision/u_gauss/lb1/out_g_reg[7]_i_19_n_7
    SLICE_X58Y83         LUT5 (Prop_lut5_I4_O)        0.299    16.761 r  vision_i/pipe/inst/u_pipeline/u_vision/u_gauss/lb1/out_g[7]_i_13__0/O
                         net (fo=2, routed)           0.443    17.204    vision_i/pipe/inst/u_pipeline/u_vision/u_gauss/lb1/out_g[7]_i_13__0_n_0
    SLICE_X58Y81         LUT6 (Prop_lut6_I3_O)        0.124    17.328 r  vision_i/pipe/inst/u_pipeline/u_vision/u_gauss/lb1/out_g[7]_i_17__0/O
                         net (fo=1, routed)           0.000    17.328    vision_i/pipe/inst/u_pipeline/u_vision/u_gauss/lb1/out_g[7]_i_17__0_n_0
    SLICE_X58Y81         CARRY4 (Prop_carry4_S[1]_O[2])
                                                      0.578    17.906 r  vision_i/pipe/inst/u_pipeline/u_vision/u_gauss/lb1/out_g_reg[7]_i_4/O[2]
                         net (fo=2, routed)           0.328    18.234    vision_i/pipe/inst/u_pipeline/u_vision/u_gauss/lb1/PCOUT[6]
    SLICE_X60Y81         LUT5 (Prop_lut5_I4_O)        0.301    18.535 r  vision_i/pipe/inst/u_pipeline/u_vision/u_gauss/lb1/out_g[3]_i_3/O
                         net (fo=2, routed)           0.420    18.955    vision_i/pipe/inst/u_pipeline/u_vision/u_gauss/lb1/out_g[3]_i_3_n_0
    SLICE_X59Y80         LUT6 (Prop_lut6_I3_O)        0.124    19.079 r  vision_i/pipe/inst/u_pipeline/u_vision/u_gauss/lb1/out_g[3]_i_7__0/O
                         net (fo=1, routed)           0.000    19.079    vision_i/pipe/inst/u_pipeline/u_vision/u_gauss/lb1/out_g[3]_i_7__0_n_0
    SLICE_X59Y80         CARRY4 (Prop_carry4_S[3]_CO[3])
                                                      0.401    19.480 r  vision_i/pipe/inst/u_pipeline/u_vision/u_gauss/lb1/out_g_reg[3]_i_1/CO[3]
                         net (fo=1, routed)           0.000    19.480    vision_i/pipe/inst/u_pipeline/u_vision/u_gauss/lb1/out_g_reg[3]_i_1_n_0
    SLICE_X59Y81         CARRY4 (Prop_carry4_CI_O[1])
                                                      0.334    19.814 r  vision_i/pipe/inst/u_pipeline/u_vision/u_gauss/lb1/out_g_reg[7]_i_1/O[1]
                         net (fo=1, routed)           0.000    19.814    vision_i/pipe/inst/u_pipeline/u_vision/u_gauss/p_0_in[5]
    SLICE_X59Y81         FDCE                                         r  vision_i/pipe/inst/u_pipeline/u_vision/u_gauss/out_g_reg[5]/D
  -------------------------------------------------------------------    -------------------

                         (clock PixelClk_int rise edge)
                                                     13.468    13.468 r  <hidden>
    N18                                               0.000    13.468 r  hdmi_in_clk_p
                         net (fo=0)                   0.000    13.468    vision_i/rx/U0/TMDS_ClockingX/TMDS_Clk_p
    N18                  IBUFDS (Prop_ibufds_I_O)     0.887    14.355 r  vision_i/rx/U0/TMDS_ClockingX/InputBuffer/O
                         net (fo=1, routed)           1.162    15.517    vision_i/rx/U0/TMDS_ClockingX/CLK_IN_hdmi_clk
    MMCME2_ADV_X1Y1      MMCME2_ADV (Prop_mmcme2_adv_CLKIN1_CLKOUT0)
                                                      0.084    15.601 r  vision_i/rx/U0/TMDS_ClockingX/DVI_ClkGenerator/CLKOUT0
                         net (fo=2, routed)           0.960    16.561    vision_i/rx/U0/TMDS_ClockingX/CLK_OUT_5x_hdmi_clk
    BUFR_X1Y5            BUFR (Prop_bufr_I_O)         0.918    17.479 r  vision_i/rx/U0/TMDS_ClockingX/PixelClkBuffer/O
                         net (fo=367, routed)         0.858    18.337    vision_i/rx/U0/GenerateBUFG.ResyncToBUFG_X/InstBUFG_0
    BUFGCTRL_X0Y18       BUFG (Prop_bufg_I_O)         0.091    18.428 r  vision_i/rx/U0/GenerateBUFG.ResyncToBUFG_X/InstBUFG/O
                         net (fo=3334, routed)        1.527    19.954    vision_i/pipe/inst/u_pipeline/u_vision/u_gauss/pclk
    SLICE_X59Y81         FDCE                                         r  vision_i/pipe/inst/u_pipeline/u_vision/u_gauss/out_g_reg[5]/C
                         clock pessimism              0.599    20.553    <hidden>
                         clock uncertainty           -0.072    20.481    <hidden>
    SLICE_X59Y81         FDCE (Setup_fdce_C_D)        0.062    20.543    vision_i/pipe/inst/u_pipeline/u_vision/u_gauss/out_g_reg[5]
  -------------------------------------------------------------------
                         required time                         20.543    <hidden>
                         arrival time                         -19.814    <hidden>
  -------------------------------------------------------------------
                         slack                                  0.729    <hidden>





Min Delay Paths
--------------------------------------------------------------------------------------
Slack (MET) :             0.050ns  (arrival time - required time)
  Source:                 vision_i/snapshot_ila/inst/<hidden>/<hidden>/<hidden>/<hidden>/<hidden>
                            (rising edge-triggered cell FDRE clocked by PixelClk_int  {rise@0.000ns fall@5.387ns period=13.468ns})
  Destination:            dbg_hub/inst/BSCANID.u_xsdbm_id/CORE_XSDB.UUT_MASTER/U_XSDB_BUS_MSTR2SL_PORT_IFACE/SL_DRDY_O_reg/D
                            (rising edge-triggered cell FDRE clocked by PixelClk_int  {rise@0.000ns fall@5.387ns period=13.468ns})
  Path Group:             PixelClk_int
  Path Type:              Hold (Min at Fast Process Corner)
  Requirement:            0.000ns  (PixelClk_int rise@0.000ns - PixelClk_int rise@0.000ns)
  Data Path Delay:        0.380ns  (logic 0.141ns (37.139%)  route 0.239ns (62.861%))
  Logic Levels:           0  
  Clock Path Skew:        0.259ns (DCD - SCD - CPR)
    Destination Clock Delay (DCD):    3.132ns
    Source Clock Delay      (SCD):    2.533ns
    Clock Pessimism Removal (CPR):    0.340ns

    Location             Delay type                Incr(ns)  Path(ns)    Netlist Resource(s)
  -------------------------------------------------------------------    -------------------
                         (clock PixelClk_int rise edge)
                                                      0.000     0.000 r  <hidden>
    N18                                               0.000     0.000 r  hdmi_in_clk_p
                         net (fo=0)                   0.000     0.000    vision_i/rx/U0/TMDS_ClockingX/TMDS_Clk_p
    N18                  IBUFDS (Prop_ibufds_I_O)     0.451     0.451 r  vision_i/rx/U0/TMDS_ClockingX/InputBuffer/O
                         net (fo=1, routed)           0.440     0.891    vision_i/rx/U0/TMDS_ClockingX/CLK_IN_hdmi_clk
    MMCME2_ADV_X1Y1      MMCME2_ADV (Prop_mmcme2_adv_CLKIN1_CLKOUT0)
                                                      0.051     0.942 r  vision_i/rx/U0/TMDS_ClockingX/DVI_ClkGenerator/CLKOUT0
                         net (fo=2, routed)           0.363     1.305    vision_i/rx/U0/TMDS_ClockingX/CLK_OUT_5x_hdmi_clk
    BUFR_X1Y5            BUFR (Prop_bufr_I_O)         0.270     1.575 r  vision_i/rx/U0/TMDS_ClockingX/PixelClkBuffer/O
                         net (fo=367, routed)         0.294     1.869    vision_i/rx/U0/GenerateBUFG.ResyncToBUFG_X/InstBUFG_0
    BUFGCTRL_X0Y18       BUFG (Prop_bufg_I_O)         0.026     1.895 r  vision_i/rx/U0/GenerateBUFG.ResyncToBUFG_X/InstBUFG/O
                         net (fo=3334, routed)        0.637     2.533    vision_i/snapshot_ila/inst/<hidden>/<hidden>/<hidden>/<hidden>
    SLICE_X49Y105        FDRE                                         r  vision_i/snapshot_ila/inst/<hidden>/<hidden>/<hidden>/<hidden>/<hidden>
  -------------------------------------------------------------------    -------------------
    SLICE_X49Y105        FDRE (Prop_fdre_C_Q)         0.141     2.674 r  vision_i/snapshot_ila/inst/<hidden>/<hidden>/<hidden>/<hidden>/<hidden>
                         net (fo=1, routed)           0.239     2.912    dbg_hub/inst/BSCANID.u_xsdbm_id/CORE_XSDB.UUT_MASTER/U_XSDB_BUS_MSTR2SL_PORT_IFACE/sl_oport0_i[0]
    SLICE_X51Y107        FDRE                                         r  dbg_hub/inst/BSCANID.u_xsdbm_id/CORE_XSDB.UUT_MASTER/U_XSDB_BUS_MSTR2SL_PORT_IFACE/SL_DRDY_O_reg/D
  -------------------------------------------------------------------    -------------------

                         (clock PixelClk_int rise edge)
                                                      0.000     0.000 r  <hidden>
    N18                                               0.000     0.000 r  hdmi_in_clk_p
                         net (fo=0)                   0.000     0.000    vision_i/rx/U0/TMDS_ClockingX/TMDS_Clk_p
    N18                  IBUFDS (Prop_ibufds_I_O)     0.499     0.499 r  vision_i/rx/U0/TMDS_ClockingX/InputBuffer/O
                         net (fo=1, routed)           0.480     0.979    vision_i/rx/U0/TMDS_ClockingX/CLK_IN_hdmi_clk
    MMCME2_ADV_X1Y1      MMCME2_ADV (Prop_mmcme2_adv_CLKIN1_CLKOUT0)
                                                      0.054     1.033 r  vision_i/rx/U0/TMDS_ClockingX/DVI_ClkGenerator/CLKOUT0
                         net (fo=2, routed)           0.402     1.435    vision_i/rx/U0/TMDS_ClockingX/CLK_OUT_5x_hdmi_clk
    BUFR_X1Y5            BUFR (Prop_bufr_I_O)         0.431     1.866 r  vision_i/rx/U0/TMDS_ClockingX/PixelClkBuffer/O
                         net (fo=367, routed)         0.332     2.198    vision_i/rx/U0/GenerateBUFG.ResyncToBUFG_X/InstBUFG_0
    BUFGCTRL_X0Y18       BUFG (Prop_bufg_I_O)         0.029     2.227 r  vision_i/rx/U0/GenerateBUFG.ResyncToBUFG_X/InstBUFG/O
                         net (fo=3334, routed)        0.905     3.132    dbg_hub/inst/BSCANID.u_xsdbm_id/CORE_XSDB.UUT_MASTER/U_XSDB_BUS_MSTR2SL_PORT_IFACE/clk
    SLICE_X51Y107        FDRE                                         r  dbg_hub/inst/BSCANID.u_xsdbm_id/CORE_XSDB.UUT_MASTER/U_XSDB_BUS_MSTR2SL_PORT_IFACE/SL_DRDY_O_reg/C
                         clock pessimism             -0.340     2.792    <hidden>
    SLICE_X51Y107        FDRE (Hold_fdre_C_D)         0.070     2.862    dbg_hub/inst/BSCANID.u_xsdbm_id/CORE_XSDB.UUT_MASTER/U_XSDB_BUS_MSTR2SL_PORT_IFACE/SL_DRDY_O_reg
  -------------------------------------------------------------------
                         required time                         -2.862    <hidden>
                         arrival time                           2.912    <hidden>
  -------------------------------------------------------------------
                         slack                                  0.050    <hidden>





Pulse Width Checks
--------------------------------------------------------------------------------------
Clock Name:         PixelClk_int
Waveform(ns):       { 0.000 5.387 }
Period(ns):         13.468
Sources:            { vision_i/rx/U0/TMDS_ClockingX/PixelClkBuffer/O }

Check Type        Corner  Lib Pin             Reference Pin  Required(ns)  Actual(ns)  Slack(ns)  Location         Pin
Min Period        n/a     RAMB36E1/CLKARDCLK  n/a            3.363         13.468      10.105     RAMB36_X2Y8      vision_i/pipe/inst/u_pipeline/u_vision/u_copbuf/mem0_reg_0_0/CLKARDCLK
Max Period        n/a     MMCME2_ADV/CLKIN1   n/a            100.000       13.468      86.532     MMCME2_ADV_X1Y2  vision_i/tx/U0/ClockGenInternal.ClockGenX/GenMMCM.DVI_ClkGenerator/CLKIN1
Low Pulse Width   Slow    MMCME2_ADV/CLKIN1   n/a            3.000         8.081       5.081      MMCME2_ADV_X1Y2  vision_i/tx/U0/ClockGenInternal.ClockGenX/GenMMCM.DVI_ClkGenerator/CLKIN1
High Pulse Width  Slow    MMCME2_ADV/CLKIN1   n/a            3.000         5.387       2.387      MMCME2_ADV_X1Y2  vision_i/tx/U0/ClockGenInternal.ClockGenX/GenMMCM.DVI_ClkGenerator/CLKIN1



---------------------------------------------------------------------------------------------------
From Clock:  FeedbackClkOut
  To Clock:  FeedbackClkOut

Setup :           NA  Failing Endpoints,  Worst Slack           NA  ,  Total Violation           NA
Hold  :           NA  Failing Endpoints,  Worst Slack           NA  ,  Total Violation           NA
PW    :            0  Failing Endpoints,  Worst Slack       10.294ns,  Total Violation        0.000ns
---------------------------------------------------------------------------------------------------


Pulse Width Checks
--------------------------------------------------------------------------------------
Clock Name:         FeedbackClkOut
Waveform(ns):       { 0.000 6.734 }
Period(ns):         13.468
Sources:            { vision_i/tx/U0/ClockGenInternal.ClockGenX/GenMMCM.DVI_ClkGenerator/CLKFBOUT }

Check Type  Corner  Lib Pin              Reference Pin  Required(ns)  Actual(ns)  Slack(ns)  Location         Pin
Min Period  n/a     BUFR/I               n/a            3.174         13.468      10.294     BUFR_X1Y8        vision_i/tx/U0/ClockGenInternal.ClockGenX/GenMMCM.Deskew/I
Max Period  n/a     MMCME2_ADV/CLKFBOUT  n/a            213.360       13.468      199.892    MMCME2_ADV_X1Y2  vision_i/tx/U0/ClockGenInternal.ClockGenX/GenMMCM.DVI_ClkGenerator/CLKFBOUT



---------------------------------------------------------------------------------------------------
From Clock:  CLKFBIN_1
  To Clock:  CLKFBIN_1

Setup :           NA  Failing Endpoints,  Worst Slack           NA  ,  Total Violation           NA
Hold  :           NA  Failing Endpoints,  Worst Slack           NA  ,  Total Violation           NA
PW    :            0  Failing Endpoints,  Worst Slack       12.219ns,  Total Violation        0.000ns
---------------------------------------------------------------------------------------------------


Pulse Width Checks
--------------------------------------------------------------------------------------
Clock Name:         CLKFBIN_1
Waveform(ns):       { 0.000 6.734 }
Period(ns):         13.468
Sources:            { vision_i/tx/U0/ClockGenInternal.ClockGenX/GenMMCM.Deskew/O }

Check Type  Corner  Lib Pin             Reference Pin  Required(ns)  Actual(ns)  Slack(ns)  Location         Pin
Min Period  n/a     MMCME2_ADV/CLKFBIN  n/a            1.249         13.468      12.219     MMCME2_ADV_X1Y2  vision_i/tx/U0/ClockGenInternal.ClockGenX/GenMMCM.DVI_ClkGenerator/CLKFBIN
Max Period  n/a     MMCME2_ADV/CLKFBIN  n/a            100.000       13.468      86.532     MMCME2_ADV_X1Y2  vision_i/tx/U0/ClockGenInternal.ClockGenX/GenMMCM.DVI_ClkGenerator/CLKFBIN



---------------------------------------------------------------------------------------------------
From Clock:  PixelClkInX5
  To Clock:  PixelClkInX5

Setup :           NA  Failing Endpoints,  Worst Slack           NA  ,  Total Violation           NA
Hold  :           NA  Failing Endpoints,  Worst Slack           NA  ,  Total Violation           NA
PW    :            0  Failing Endpoints,  Worst Slack        1.027ns,  Total Violation        0.000ns
---------------------------------------------------------------------------------------------------


Pulse Width Checks
--------------------------------------------------------------------------------------
Clock Name:         PixelClkInX5
Waveform(ns):       { 0.000 1.347 }
Period(ns):         2.694
Sources:            { vision_i/tx/U0/ClockGenInternal.ClockGenX/GenMMCM.DVI_ClkGenerator/CLKOUT0 }

Check Type  Corner  Lib Pin             Reference Pin  Required(ns)  Actual(ns)  Slack(ns)  Location         Pin
Min Period  n/a     OSERDESE2/CLK       n/a            1.667         2.694       1.027      OLOGIC_X1Y128    vision_i/tx/U0/ClockSerializer/SerializerMaster/CLK
Max Period  n/a     MMCME2_ADV/CLKOUT0  n/a            213.360       2.694       210.666    MMCME2_ADV_X1Y2  vision_i/tx/U0/ClockGenInternal.ClockGenX/GenMMCM.DVI_ClkGenerator/CLKOUT0



---------------------------------------------------------------------------------------------------
From Clock:  PixelClkIO
  To Clock:  PixelClkIO

Setup :           NA  Failing Endpoints,  Worst Slack           NA  ,  Total Violation           NA
Hold  :           NA  Failing Endpoints,  Worst Slack           NA  ,  Total Violation           NA
PW    :            0  Failing Endpoints,  Worst Slack       11.801ns,  Total Violation        0.000ns
---------------------------------------------------------------------------------------------------


Pulse Width Checks
--------------------------------------------------------------------------------------
Clock Name:         PixelClkIO
Waveform(ns):       { 0.000 5.387 }
Period(ns):         13.468
Sources:            { vision_i/tx/U0/ClockGenInternal.ClockGenX/GenMMCM.PixelClkBuffer/O }

Check Type  Corner  Lib Pin           Reference Pin  Required(ns)  Actual(ns)  Slack(ns)  Location       Pin
Min Period  n/a     OSERDESE2/CLKDIV  n/a            1.667         13.468      11.801     OLOGIC_X1Y128  vision_i/tx/U0/ClockSerializer/SerializerMaster/CLKDIV



---------------------------------------------------------------------------------------------------
From Clock:  PixelClk_int
  To Clock:  dbg_hub/inst/BSCANID.u_xsdbm_id/SWITCH_N_EXT_BSCAN.bscan_inst/SERIES7_BSCAN.bscan_inst/TCK

Setup :            0  Failing Endpoints,  Worst Slack       12.284ns,  Total Violation        0.000ns
Hold  :           NA  Failing Endpoints,  Worst Slack           NA  ,  Total Violation           NA
---------------------------------------------------------------------------------------------------


Max Delay Paths
--------------------------------------------------------------------------------------
Slack (MET) :             12.284ns  (required time - arrival time)
  Source:                 dbg_hub/inst/BSCANID.u_xsdbm_id/CORE_XSDB.UUT_MASTER/U_ICON_INTERFACE/U_CMD6_WR/U_WR_FIFO/SUBCORE_FIFO.xsdbm_v3_0_6_wrfifo_inst/inst_fifo_gen/gconvfifo.rf/grf.rf/gntv_or_sync_fifo.gcx.clkx/gnxpm_cdc.rd_pntr_gc_reg[0]/C
                            (rising edge-triggered cell FDCE clocked by PixelClk_int  {rise@0.000ns fall@5.387ns period=13.468ns})
  Destination:            dbg_hub/inst/BSCANID.u_xsdbm_id/CORE_XSDB.UUT_MASTER/U_ICON_INTERFACE/U_CMD6_WR/U_WR_FIFO/SUBCORE_FIFO.xsdbm_v3_0_6_wrfifo_inst/inst_fifo_gen/gconvfifo.rf/grf.rf/gntv_or_sync_fifo.gcx.clkx/gnxpm_cdc.gsync_stage[1].wr_stg_inst/Q_reg_reg[0]/D
                            (rising edge-triggered cell FDCE clocked by dbg_hub/inst/BSCANID.u_xsdbm_id/SWITCH_N_EXT_BSCAN.bscan_inst/SERIES7_BSCAN.bscan_inst/TCK  {rise@0.000ns fall@16.500ns period=33.000ns})
  Path Group:             dbg_hub/inst/BSCANID.u_xsdbm_id/SWITCH_N_EXT_BSCAN.bscan_inst/SERIES7_BSCAN.bscan_inst/TCK
  Path Type:              Setup (Max at Slow Process Corner)
  Requirement:            13.468ns  (MaxDelay Path 13.468ns)
  Data Path Delay:        0.914ns  (logic 0.419ns (45.865%)  route 0.495ns (54.135%))
  Logic Levels:           0  
  Timing Exception:       MaxDelay Path 13.468ns -datapath_only

    Location             Delay type                Incr(ns)  Path(ns)    Netlist Resource(s)
  -------------------------------------------------------------------    -------------------
    SLICE_X56Y106                                     0.000     0.000 r  dbg_hub/inst/BSCANID.u_xsdbm_id/CORE_XSDB.UUT_MASTER/U_ICON_INTERFACE/U_CMD6_WR/U_WR_FIFO/SUBCORE_FIFO.xsdbm_v3_0_6_wrfifo_inst/inst_fifo_gen/gconvfifo.rf/grf.rf/gntv_or_sync_fifo.gcx.clkx/gnxpm_cdc.rd_pntr_gc_reg[0]/C
    SLICE_X56Y106        FDCE (Prop_fdce_C_Q)         0.419     0.419 r  dbg_hub/inst/BSCANID.u_xsdbm_id/CORE_XSDB.UUT_MASTER/U_ICON_INTERFACE/U_CMD6_WR/U_WR_FIFO/SUBCORE_FIFO.xsdbm_v3_0_6_wrfifo_inst/inst_fifo_gen/gconvfifo.rf/grf.rf/gntv_or_sync_fifo.gcx.clkx/gnxpm_cdc.rd_pntr_gc_reg[0]/Q
                         net (fo=1, routed)           0.495     0.914    dbg_hub/inst/BSCANID.u_xsdbm_id/CORE_XSDB.UUT_MASTER/U_ICON_INTERFACE/U_CMD6_WR/U_WR_FIFO/SUBCORE_FIFO.xsdbm_v3_0_6_wrfifo_inst/inst_fifo_gen/gconvfifo.rf/grf.rf/gntv_or_sync_fifo.gcx.clkx/gnxpm_cdc.gsync_stage[1].wr_stg_inst/Q[0]
    SLICE_X56Y104        FDCE                                         r  dbg_hub/inst/BSCANID.u_xsdbm_id/CORE_XSDB.UUT_MASTER/U_ICON_INTERFACE/U_CMD6_WR/U_WR_FIFO/SUBCORE_FIFO.xsdbm_v3_0_6_wrfifo_inst/inst_fifo_gen/gconvfifo.rf/grf.rf/gntv_or_sync_fifo.gcx.clkx/gnxpm_cdc.gsync_stage[1].wr_stg_inst/Q_reg_reg[0]/D
  -------------------------------------------------------------------    -------------------

                         max delay                   13.468    13.468    <hidden>
    SLICE_X56Y104        FDCE (Setup_fdce_C_D)       -0.270    13.198    dbg_hub/inst/BSCANID.u_xsdbm_id/CORE_XSDB.UUT_MASTER/U_ICON_INTERFACE/U_CMD6_WR/U_WR_FIFO/SUBCORE_FIFO.xsdbm_v3_0_6_wrfifo_inst/inst_fifo_gen/gconvfifo.rf/grf.rf/gntv_or_sync_fifo.gcx.clkx/gnxpm_cdc.gsync_stage[1].wr_stg_inst/Q_reg_reg[0]
  -------------------------------------------------------------------
                         required time                         13.198    <hidden>
                         arrival time                          -0.914    <hidden>
  -------------------------------------------------------------------
                         slack                                 12.284    <hidden>





---------------------------------------------------------------------------------------------------
From Clock:  clk_fpga_0
  To Clock:  PixelClk_int

Setup :            0  Failing Endpoints,  Worst Slack        8.565ns,  Total Violation        0.000ns
Hold  :           NA  Failing Endpoints,  Worst Slack           NA  ,  Total Violation           NA
---------------------------------------------------------------------------------------------------


Max Delay Paths
--------------------------------------------------------------------------------------
Slack (MET) :             8.565ns  (required time - arrival time)
  Source:                 vision_i/pipe/inst/u_pipeline/u_vision/u_config/hold_id_reg[20]/C
                            (rising edge-triggered cell FDCE clocked by clk_fpga_0  {rise@0.000ns fall@5.000ns period=10.000ns})
  Destination:            vision_i/pipe/inst/u_pipeline/u_vision/u_config/dst_id_reg[20]/D
                            (rising edge-triggered cell FDCE clocked by PixelClk_int  {rise@0.000ns fall@5.387ns period=13.468ns})
  Path Group:             PixelClk_int
  Path Type:              Setup (Max at Slow Process Corner)
  Requirement:            10.000ns  (MaxDelay Path 10.000ns)
  Data Path Delay:        1.392ns  (logic 0.456ns (32.764%)  route 0.936ns (67.236%))
  Logic Levels:           0  
  Timing Exception:       MaxDelay Path 10.000ns -datapath_only

    Location             Delay type                Incr(ns)  Path(ns)    Netlist Resource(s)
  -------------------------------------------------------------------    -------------------
    SLICE_X39Y86                                      0.000     0.000 r  vision_i/pipe/inst/u_pipeline/u_vision/u_config/hold_id_reg[20]/C
    SLICE_X39Y86         FDCE (Prop_fdce_C_Q)         0.456     0.456 r  vision_i/pipe/inst/u_pipeline/u_vision/u_config/hold_id_reg[20]/Q
                         net (fo=3, routed)           0.936     1.392    vision_i/pipe/inst/u_pipeline/u_vision/u_config/hold_id_reg[20]
    SLICE_X38Y88         FDCE                                         r  vision_i/pipe/inst/u_pipeline/u_vision/u_config/dst_id_reg[20]/D
  -------------------------------------------------------------------    -------------------

                         max delay                   10.000    10.000    <hidden>
    SLICE_X38Y88         FDCE (Setup_fdce_C_D)       -0.043     9.957    vision_i/pipe/inst/u_pipeline/u_vision/u_config/dst_id_reg[20]
  -------------------------------------------------------------------
                         required time                          9.957    <hidden>
                         arrival time                          -1.392    <hidden>
  -------------------------------------------------------------------
                         slack                                  8.565    <hidden>





---------------------------------------------------------------------------------------------------
From Clock:  dbg_hub/inst/BSCANID.u_xsdbm_id/SWITCH_N_EXT_BSCAN.bscan_inst/SERIES7_BSCAN.bscan_inst/TCK
  To Clock:  PixelClk_int

Setup :            0  Failing Endpoints,  Worst Slack       31.697ns,  Total Violation        0.000ns
Hold  :           NA  Failing Endpoints,  Worst Slack           NA  ,  Total Violation           NA
---------------------------------------------------------------------------------------------------


Max Delay Paths
--------------------------------------------------------------------------------------
Slack (MET) :             31.697ns  (required time - arrival time)
  Source:                 dbg_hub/inst/BSCANID.u_xsdbm_id/CORE_XSDB.UUT_MASTER/U_ICON_INTERFACE/U_CMD6_WR/U_WR_FIFO/SUBCORE_FIFO.xsdbm_v3_0_6_wrfifo_inst/inst_fifo_gen/gconvfifo.rf/grf.rf/gntv_or_sync_fifo.gcx.clkx/gnxpm_cdc.wr_pntr_gc_reg[1]/C
                            (rising edge-triggered cell FDCE clocked by dbg_hub/inst/BSCANID.u_xsdbm_id/SWITCH_N_EXT_BSCAN.bscan_inst/SERIES7_BSCAN.bscan_inst/TCK  {rise@0.000ns fall@16.500ns period=33.000ns})
  Destination:            dbg_hub/inst/BSCANID.u_xsdbm_id/CORE_XSDB.UUT_MASTER/U_ICON_INTERFACE/U_CMD6_WR/U_WR_FIFO/SUBCORE_FIFO.xsdbm_v3_0_6_wrfifo_inst/inst_fifo_gen/gconvfifo.rf/grf.rf/gntv_or_sync_fifo.gcx.clkx/gnxpm_cdc.gsync_stage[1].rd_stg_inst/Q_reg_reg[1]/D
                            (rising edge-triggered cell FDCE clocked by PixelClk_int  {rise@0.000ns fall@5.387ns period=13.468ns})
  Path Group:             PixelClk_int
  Path Type:              Setup (Max at Slow Process Corner)
  Requirement:            33.000ns  (MaxDelay Path 33.000ns)
  Data Path Delay:        1.037ns  (logic 0.419ns (40.404%)  route 0.618ns (59.596%))
  Logic Levels:           0  
  Timing Exception:       MaxDelay Path 33.000ns -datapath_only

    Location             Delay type                Incr(ns)  Path(ns)    Netlist Resource(s)
  -------------------------------------------------------------------    -------------------
    SLICE_X56Y104                                     0.000     0.000 r  dbg_hub/inst/BSCANID.u_xsdbm_id/CORE_XSDB.UUT_MASTER/U_ICON_INTERFACE/U_CMD6_WR/U_WR_FIFO/SUBCORE_FIFO.xsdbm_v3_0_6_wrfifo_inst/inst_fifo_gen/gconvfifo.rf/grf.rf/gntv_or_sync_fifo.gcx.clkx/gnxpm_cdc.wr_pntr_gc_reg[1]/C
    SLICE_X56Y104        FDCE (Prop_fdce_C_Q)         0.419     0.419 r  dbg_hub/inst/BSCANID.u_xsdbm_id/CORE_XSDB.UUT_MASTER/U_ICON_INTERFACE/U_CMD6_WR/U_WR_FIFO/SUBCORE_FIFO.xsdbm_v3_0_6_wrfifo_inst/inst_fifo_gen/gconvfifo.rf/grf.rf/gntv_or_sync_fifo.gcx.clkx/gnxpm_cdc.wr_pntr_gc_reg[1]/Q
                         net (fo=1, routed)           0.618     1.037    dbg_hub/inst/BSCANID.u_xsdbm_id/CORE_XSDB.UUT_MASTER/U_ICON_INTERFACE/U_CMD6_WR/U_WR_FIFO/SUBCORE_FIFO.xsdbm_v3_0_6_wrfifo_inst/inst_fifo_gen/gconvfifo.rf/grf.rf/gntv_or_sync_fifo.gcx.clkx/gnxpm_cdc.gsync_stage[1].rd_stg_inst/Q[1]
    SLICE_X56Y105        FDCE                                         r  dbg_hub/inst/BSCANID.u_xsdbm_id/CORE_XSDB.UUT_MASTER/U_ICON_INTERFACE/U_CMD6_WR/U_WR_FIFO/SUBCORE_FIFO.xsdbm_v3_0_6_wrfifo_inst/inst_fifo_gen/gconvfifo.rf/grf.rf/gntv_or_sync_fifo.gcx.clkx/gnxpm_cdc.gsync_stage[1].rd_stg_inst/Q_reg_reg[1]/D
  -------------------------------------------------------------------    -------------------

                         max delay                   33.000    33.000    <hidden>
    SLICE_X56Y105        FDCE (Setup_fdce_C_D)       -0.266    32.734    dbg_hub/inst/BSCANID.u_xsdbm_id/CORE_XSDB.UUT_MASTER/U_ICON_INTERFACE/U_CMD6_WR/U_WR_FIFO/SUBCORE_FIFO.xsdbm_v3_0_6_wrfifo_inst/inst_fifo_gen/gconvfifo.rf/grf.rf/gntv_or_sync_fifo.gcx.clkx/gnxpm_cdc.gsync_stage[1].rd_stg_inst/Q_reg_reg[1]
  -------------------------------------------------------------------
                         required time                         32.734    <hidden>
                         arrival time                          -1.037    <hidden>
  -------------------------------------------------------------------
                         slack                                 31.697    <hidden>





---------------------------------------------------------------------------------------------------
From Clock:  PixelClk_int
  To Clock:  PixelClkIO

Setup :            0  Failing Endpoints,  Worst Slack        7.918ns,  Total Violation        0.000ns
Hold  :            0  Failing Endpoints,  Worst Slack        0.138ns,  Total Violation        0.000ns
---------------------------------------------------------------------------------------------------


Max Delay Paths
--------------------------------------------------------------------------------------
Slack (MET) :             7.918ns  (required time - arrival time)
  Source:                 vision_i/tx/U0/LockLostReset/SyncAsyncx/oSyncStages_reg[1]/C
                            (rising edge-triggered cell FDPE clocked by PixelClk_int  {rise@0.000ns fall@5.387ns period=13.468ns})
  Destination:            vision_i/tx/U0/DataEncoders[1].DataSerializer/SerializerMaster/RST
                            (rising edge-triggered cell OSERDESE2 clocked by PixelClkIO  {rise@0.000ns fall@5.387ns period=13.468ns})
  Path Group:             PixelClkIO
  Path Type:              Setup (Max at Slow Process Corner)
  Requirement:            13.468ns  (PixelClkIO rise@13.468ns - PixelClk_int rise@0.000ns)
  Data Path Delay:        4.123ns  (logic 0.419ns (10.163%)  route 3.704ns (89.837%))
  Logic Levels:           0  
  Clock Path Skew:        -0.152ns (DCD - SCD + CPR)
    Destination Clock Delay (DCD):    6.852ns = ( 20.320 - 13.468 ) 
    Source Clock Delay      (SCD):    7.489ns
    Clock Pessimism Removal (CPR):    0.484ns
  Clock Uncertainty:      0.250ns  ((TSJ^2 + DJ^2)^1/2) / 2 + PE
    Total System Jitter     (TSJ):    0.071ns
    Discrete Jitter          (DJ):    0.129ns
    Phase Error              (PE):    0.177ns

    Location             Delay type                Incr(ns)  Path(ns)    Netlist Resource(s)
  -------------------------------------------------------------------    -------------------
                         (clock PixelClk_int rise edge)
                                                      0.000     0.000 r  <hidden>
    N18                                               0.000     0.000 r  hdmi_in_clk_p
                         net (fo=0)                   0.000     0.000    vision_i/rx/U0/TMDS_ClockingX/TMDS_Clk_p
    N18                  IBUFDS (Prop_ibufds_I_O)     0.930     0.930 r  vision_i/rx/U0/TMDS_ClockingX/InputBuffer/O
                         net (fo=1, routed)           1.285     2.215    vision_i/rx/U0/TMDS_ClockingX/CLK_IN_hdmi_clk
    MMCME2_ADV_X1Y1      MMCME2_ADV (Prop_mmcme2_adv_CLKIN1_CLKOUT0)
                                                      0.089     2.304 r  vision_i/rx/U0/TMDS_ClockingX/DVI_ClkGenerator/CLKOUT0
                         net (fo=2, routed)           1.063     3.367    vision_i/rx/U0/TMDS_ClockingX/CLK_OUT_5x_hdmi_clk
    BUFR_X1Y5            BUFR (Prop_bufr_I_O)         1.031     4.398 r  vision_i/rx/U0/TMDS_ClockingX/PixelClkBuffer/O
                         net (fo=367, routed)         0.945     5.343    vision_i/rx/U0/GenerateBUFG.ResyncToBUFG_X/InstBUFG_0
    BUFGCTRL_X0Y18       BUFG (Prop_bufg_I_O)         0.101     5.444 r  vision_i/rx/U0/GenerateBUFG.ResyncToBUFG_X/InstBUFG/O
                         net (fo=3334, routed)        2.045     7.489    vision_i/tx/U0/LockLostReset/SyncAsyncx/PixelClk
    SLICE_X113Y119       FDPE                                         r  vision_i/tx/U0/LockLostReset/SyncAsyncx/oSyncStages_reg[1]/C
  -------------------------------------------------------------------    -------------------
    SLICE_X113Y119       FDPE (Prop_fdpe_C_Q)         0.419     7.908 r  vision_i/tx/U0/LockLostReset/SyncAsyncx/oSyncStages_reg[1]/Q
                         net (fo=8, routed)           3.704    11.612    vision_i/tx/U0/DataEncoders[1].DataSerializer/out[0]
    OLOGIC_X1Y130        OSERDESE2                                    r  vision_i/tx/U0/DataEncoders[1].DataSerializer/SerializerMaster/RST
  -------------------------------------------------------------------    -------------------

                         (clock PixelClkIO rise edge)
                                                     13.468    13.468 r  <hidden>
    N18                                               0.000    13.468 r  hdmi_in_clk_p
                         net (fo=0)                   0.000    13.468    vision_i/rx/U0/TMDS_ClockingX/TMDS_Clk_p
    N18                  IBUFDS (Prop_ibufds_I_O)     0.887    14.355 r  vision_i/rx/U0/TMDS_ClockingX/InputBuffer/O
                         net (fo=1, routed)           1.162    15.517    vision_i/rx/U0/TMDS_ClockingX/CLK_IN_hdmi_clk
    MMCME2_ADV_X1Y1      MMCME2_ADV (Prop_mmcme2_adv_CLKIN1_CLKOUT0)
                                                      0.084    15.601 r  vision_i/rx/U0/TMDS_ClockingX/DVI_ClkGenerator/CLKOUT0
                         net (fo=2, routed)           0.960    16.561    vision_i/rx/U0/TMDS_ClockingX/CLK_OUT_5x_hdmi_clk
    BUFR_X1Y5            BUFR (Prop_bufr_I_O)         0.918    17.479 r  vision_i/rx/U0/TMDS_ClockingX/PixelClkBuffer/O
                         net (fo=367, routed)         0.858    18.337    vision_i/rx/U0/GenerateBUFG.ResyncToBUFG_X/InstBUFG_0
    BUFGCTRL_X0Y18       BUFG (Prop_bufg_I_O)         0.091    18.428 r  vision_i/rx/U0/GenerateBUFG.ResyncToBUFG_X/InstBUFG/O
                         net (fo=3334, routed)        1.770    20.198    vision_i/tx/U0/ClockGenInternal.ClockGenX/PixelClk
    MMCME2_ADV_X1Y2      MMCME2_ADV (Prop_mmcme2_adv_CLKIN1_CLKOUT0)
                                                     -2.540    17.658 r  vision_i/tx/U0/ClockGenInternal.ClockGenX/GenMMCM.DVI_ClkGenerator/CLKOUT0
                         net (fo=2, routed)           0.960    18.618    vision_i/tx/U0/ClockGenInternal.ClockGenX/PixelClkInX5
    BUFR_X1Y9            BUFR (Prop_bufr_I_O)         0.918    19.536 r  vision_i/tx/U0/ClockGenInternal.ClockGenX/GenMMCM.PixelClkBuffer/O
                         net (fo=8, routed)           0.784    20.320    vision_i/tx/U0/DataEncoders[1].DataSerializer/SerializerSlave_0
    OLOGIC_X1Y130        OSERDESE2                                    r  vision_i/tx/U0/DataEncoders[1].DataSerializer/SerializerMaster/CLKDIV
                         clock pessimism              0.484    20.805    <hidden>
                         clock uncertainty           -0.250    20.555    <hidden>
    OLOGIC_X1Y130        OSERDESE2 (Setup_oserdese2_CLKDIV_RST)
                                                     -1.024    19.531    vision_i/tx/U0/DataEncoders[1].DataSerializer/SerializerMaster
  -------------------------------------------------------------------
                         required time                         19.531    <hidden>
                         arrival time                         -11.612    <hidden>
  -------------------------------------------------------------------
                         slack                                  7.918    <hidden>





Min Delay Paths
--------------------------------------------------------------------------------------
Slack (MET) :             0.138ns  (arrival time - required time)
  Source:                 vision_i/tx/U0/DataEncoders[0].DataEncoder/pDataOutRaw_reg[0]/C
                            (rising edge-triggered cell FDRE clocked by PixelClk_int  {rise@0.000ns fall@5.387ns period=13.468ns})
  Destination:            vision_i/tx/U0/DataEncoders[0].DataSerializer/SerializerMaster/D1
                            (rising edge-triggered cell OSERDESE2 clocked by PixelClkIO  {rise@0.000ns fall@5.387ns period=13.468ns})
  Path Group:             PixelClkIO
  Path Type:              Hold (Min at Fast Process Corner)
  Requirement:            0.000ns  (PixelClkIO rise@0.000ns - PixelClk_int rise@0.000ns)
  Data Path Delay:        0.700ns  (logic 0.164ns (23.414%)  route 0.536ns (76.586%))
  Logic Levels:           0  
  Clock Path Skew:        0.293ns (DCD - SCD - CPR)
    Destination Clock Delay (DCD):    3.235ns
    Source Clock Delay      (SCD):    2.611ns
    Clock Pessimism Removal (CPR):    0.331ns
  Clock Uncertainty:      0.250ns  ((TSJ^2 + DJ^2)^1/2) / 2 + PE
    Total System Jitter     (TSJ):    0.071ns
    Discrete Jitter          (DJ):    0.129ns
    Phase Error              (PE):    0.177ns

    Location             Delay type                Incr(ns)  Path(ns)    Netlist Resource(s)
  -------------------------------------------------------------------    -------------------
                         (clock PixelClk_int rise edge)
                                                      0.000     0.000 r  <hidden>
    N18                                               0.000     0.000 r  hdmi_in_clk_p
                         net (fo=0)                   0.000     0.000    vision_i/rx/U0/TMDS_ClockingX/TMDS_Clk_p
    N18                  IBUFDS (Prop_ibufds_I_O)     0.451     0.451 r  vision_i/rx/U0/TMDS_ClockingX/InputBuffer/O
                         net (fo=1, routed)           0.440     0.891    vision_i/rx/U0/TMDS_ClockingX/CLK_IN_hdmi_clk
    MMCME2_ADV_X1Y1      MMCME2_ADV (Prop_mmcme2_adv_CLKIN1_CLKOUT0)
                                                      0.051     0.942 r  vision_i/rx/U0/TMDS_ClockingX/DVI_ClkGenerator/CLKOUT0
                         net (fo=2, routed)           0.363     1.305    vision_i/rx/U0/TMDS_ClockingX/CLK_OUT_5x_hdmi_clk
    BUFR_X1Y5            BUFR (Prop_bufr_I_O)         0.270     1.575 r  vision_i/rx/U0/TMDS_ClockingX/PixelClkBuffer/O
                         net (fo=367, routed)         0.294     1.869    vision_i/rx/U0/GenerateBUFG.ResyncToBUFG_X/InstBUFG_0
    BUFGCTRL_X0Y18       BUFG (Prop_bufg_I_O)         0.026     1.895 r  vision_i/rx/U0/GenerateBUFG.ResyncToBUFG_X/InstBUFG/O
                         net (fo=3334, routed)        0.715     2.611    vision_i/tx/U0/DataEncoders[0].DataEncoder/PixelClk
    SLICE_X112Y112       FDRE                                         r  vision_i/tx/U0/DataEncoders[0].DataEncoder/pDataOutRaw_reg[0]/C
  -------------------------------------------------------------------    -------------------
    SLICE_X112Y112       FDRE (Prop_fdre_C_Q)         0.164     2.775 r  vision_i/tx/U0/DataEncoders[0].DataEncoder/pDataOutRaw_reg[0]/Q
                         net (fo=1, routed)           0.536     3.311    vision_i/tx/U0/DataEncoders[0].DataSerializer/pDataOut[0]
    OLOGIC_X1Y126        OSERDESE2                                    r  vision_i/tx/U0/DataEncoders[0].DataSerializer/SerializerMaster/D1
  -------------------------------------------------------------------    -------------------

                         (clock PixelClkIO rise edge)
                                                      0.000     0.000 r  <hidden>
    N18                                               0.000     0.000 r  hdmi_in_clk_p
                         net (fo=0)                   0.000     0.000    vision_i/rx/U0/TMDS_ClockingX/TMDS_Clk_p
    N18                  IBUFDS (Prop_ibufds_I_O)     0.499     0.499 r  vision_i/rx/U0/TMDS_ClockingX/InputBuffer/O
                         net (fo=1, routed)           0.480     0.979    vision_i/rx/U0/TMDS_ClockingX/CLK_IN_hdmi_clk
    MMCME2_ADV_X1Y1      MMCME2_ADV (Prop_mmcme2_adv_CLKIN1_CLKOUT0)
                                                      0.054     1.033 r  vision_i/rx/U0/TMDS_ClockingX/DVI_ClkGenerator/CLKOUT0
                         net (fo=2, routed)           0.402     1.435    vision_i/rx/U0/TMDS_ClockingX/CLK_OUT_5x_hdmi_clk
    BUFR_X1Y5            BUFR (Prop_bufr_I_O)         0.431     1.866 r  vision_i/rx/U0/TMDS_ClockingX/PixelClkBuffer/O
                         net (fo=367, routed)         0.332     2.198    vision_i/rx/U0/GenerateBUFG.ResyncToBUFG_X/InstBUFG_0
    BUFGCTRL_X0Y18       BUFG (Prop_bufg_I_O)         0.029     2.227 r  vision_i/rx/U0/GenerateBUFG.ResyncToBUFG_X/InstBUFG/O
                         net (fo=3334, routed)        0.945     3.172    vision_i/tx/U0/ClockGenInternal.ClockGenX/PixelClk
    MMCME2_ADV_X1Y2      MMCME2_ADV (Prop_mmcme2_adv_CLKIN1_CLKOUT0)
                                                     -1.079     2.093 r  vision_i/tx/U0/ClockGenInternal.ClockGenX/GenMMCM.DVI_ClkGenerator/CLKOUT0
                         net (fo=2, routed)           0.402     2.495    vision_i/tx/U0/ClockGenInternal.ClockGenX/PixelClkInX5
    BUFR_X1Y9            BUFR (Prop_bufr_I_O)         0.431     2.926 r  vision_i/tx/U0/ClockGenInternal.ClockGenX/GenMMCM.PixelClkBuffer/O
                         net (fo=8, routed)           0.309     3.235    vision_i/tx/U0/DataEncoders[0].DataSerializer/PixelClk
    OLOGIC_X1Y126        OSERDESE2                                    r  vision_i/tx/U0/DataEncoders[0].DataSerializer/SerializerMaster/CLKDIV
                         clock pessimism             -0.331     2.903    <hidden>
                         clock uncertainty            0.250     3.154    <hidden>
    OLOGIC_X1Y126        OSERDESE2 (Hold_oserdese2_CLKDIV_D1)
                                                      0.019     3.173    vision_i/tx/U0/DataEncoders[0].DataSerializer/SerializerMaster
  -------------------------------------------------------------------
                         required time                         -3.173    <hidden>
                         arrival time                           3.311    <hidden>
  -------------------------------------------------------------------
                         slack                                  0.138    <hidden>





---------------------------------------------------------------------------------------------------
Path Group:  **async_default**
From Clock:  PixelClk_int
  To Clock:  PixelClk_int

Setup :            0  Failing Endpoints,  Worst Slack        3.901ns,  Total Violation        0.000ns
Hold  :            0  Failing Endpoints,  Worst Slack        0.237ns,  Total Violation        0.000ns
---------------------------------------------------------------------------------------------------


Max Delay Paths
--------------------------------------------------------------------------------------
Slack (MET) :             3.901ns  (required time - arrival time)
  Source:                 vision_i/pipe/inst/u_pipeline/u_vision/u_pixel_reset/release_pipe_reg[1]/C
                            (rising edge-triggered cell FDCE clocked by PixelClk_int  {rise@0.000ns fall@5.387ns period=13.468ns})
  Destination:            vision_i/pipe/inst/u_pipeline/u_vision/u_scaler/hs_pending_reg/CLR
                            (recovery check against rising-edge clock PixelClk_int  {rise@0.000ns fall@5.387ns period=13.468ns})
  Path Group:             **async_default**
  Path Type:              Recovery (Max at Slow Process Corner)
  Requirement:            13.468ns  (PixelClk_int rise@13.468ns - PixelClk_int rise@0.000ns)
  Data Path Delay:        9.047ns  (logic 0.715ns (7.903%)  route 8.332ns (92.097%))
  Logic Levels:           1  (LUT1=1)
  Clock Path Skew:        -0.086ns (DCD - SCD + CPR)
    Destination Clock Delay (DCD):    6.492ns = ( 19.960 - 13.468 ) 
    Source Clock Delay      (SCD):    7.077ns
    Clock Pessimism Removal (CPR):    0.498ns
  Clock Uncertainty:      0.072ns  ((TSJ^2 + DJ^2)^1/2) / 2 + PE
    Total System Jitter     (TSJ):    0.071ns
    Discrete Jitter          (DJ):    0.126ns
    Phase Error              (PE):    0.000ns

    Location             Delay type                Incr(ns)  Path(ns)    Netlist Resource(s)
  -------------------------------------------------------------------    -------------------
                         (clock PixelClk_int rise edge)
                                                      0.000     0.000 r  <hidden>
    N18                                               0.000     0.000 r  hdmi_in_clk_p
                         net (fo=0)                   0.000     0.000    vision_i/rx/U0/TMDS_ClockingX/TMDS_Clk_p
    N18                  IBUFDS (Prop_ibufds_I_O)     0.930     0.930 r  vision_i/rx/U0/TMDS_ClockingX/InputBuffer/O
                         net (fo=1, routed)           1.285     2.215    vision_i/rx/U0/TMDS_ClockingX/CLK_IN_hdmi_clk
    MMCME2_ADV_X1Y1      MMCME2_ADV (Prop_mmcme2_adv_CLKIN1_CLKOUT0)
                                                      0.089     2.304 r  vision_i/rx/U0/TMDS_ClockingX/DVI_ClkGenerator/CLKOUT0
                         net (fo=2, routed)           1.063     3.367    vision_i/rx/U0/TMDS_ClockingX/CLK_OUT_5x_hdmi_clk
    BUFR_X1Y5            BUFR (Prop_bufr_I_O)         1.031     4.398 r  vision_i/rx/U0/TMDS_ClockingX/PixelClkBuffer/O
                         net (fo=367, routed)         0.945     5.343    vision_i/rx/U0/GenerateBUFG.ResyncToBUFG_X/InstBUFG_0
    BUFGCTRL_X0Y18       BUFG (Prop_bufg_I_O)         0.101     5.444 r  vision_i/rx/U0/GenerateBUFG.ResyncToBUFG_X/InstBUFG/O
                         net (fo=3334, routed)        1.633     7.077    vision_i/pipe/inst/u_pipeline/u_vision/u_pixel_reset/pclk
    SLICE_X44Y76         FDCE                                         r  vision_i/pipe/inst/u_pipeline/u_vision/u_pixel_reset/release_pipe_reg[1]/C
  -------------------------------------------------------------------    -------------------
    SLICE_X44Y76         FDCE (Prop_fdce_C_Q)         0.419     7.496 r  vision_i/pipe/inst/u_pipeline/u_vision/u_pixel_reset/release_pipe_reg[1]/Q
                         net (fo=63, routed)          1.500     8.996    vision_i/pipe/inst/u_pipeline/u_vision/u_pixel_reset/release_pipe[1]
    SLICE_X34Y67         LUT1 (Prop_lut1_I0_O)        0.296     9.292 f  vision_i/pipe/inst/u_pipeline/u_vision/u_pixel_reset/drop_count[31]_i_3/O
                         net (fo=783, routed)         6.832    16.125    vision_i/pipe/inst/u_pipeline/u_vision/u_scaler/y_acc_reg[0]_1
    SLICE_X62Y66         FDCE                                         f  vision_i/pipe/inst/u_pipeline/u_vision/u_scaler/hs_pending_reg/CLR
  -------------------------------------------------------------------    -------------------

                         (clock PixelClk_int rise edge)
                                                     13.468    13.468 r  <hidden>
    N18                                               0.000    13.468 r  hdmi_in_clk_p
                         net (fo=0)                   0.000    13.468    vision_i/rx/U0/TMDS_ClockingX/TMDS_Clk_p
    N18                  IBUFDS (Prop_ibufds_I_O)     0.887    14.355 r  vision_i/rx/U0/TMDS_ClockingX/InputBuffer/O
                         net (fo=1, routed)           1.162    15.517    vision_i/rx/U0/TMDS_ClockingX/CLK_IN_hdmi_clk
    MMCME2_ADV_X1Y1      MMCME2_ADV (Prop_mmcme2_adv_CLKIN1_CLKOUT0)
                                                      0.084    15.601 r  vision_i/rx/U0/TMDS_ClockingX/DVI_ClkGenerator/CLKOUT0
                         net (fo=2, routed)           0.960    16.561    vision_i/rx/U0/TMDS_ClockingX/CLK_OUT_5x_hdmi_clk
    BUFR_X1Y5            BUFR (Prop_bufr_I_O)         0.918    17.479 r  vision_i/rx/U0/TMDS_ClockingX/PixelClkBuffer/O
                         net (fo=367, routed)         0.858    18.337    vision_i/rx/U0/GenerateBUFG.ResyncToBUFG_X/InstBUFG_0
    BUFGCTRL_X0Y18       BUFG (Prop_bufg_I_O)         0.091    18.428 r  vision_i/rx/U0/GenerateBUFG.ResyncToBUFG_X/InstBUFG/O
                         net (fo=3334, routed)        1.533    19.960    vision_i/pipe/inst/u_pipeline/u_vision/u_scaler/pclk
    SLICE_X62Y66         FDCE                                         r  vision_i/pipe/inst/u_pipeline/u_vision/u_scaler/hs_pending_reg/C
                         clock pessimism              0.498    20.459    <hidden>
                         clock uncertainty           -0.072    20.387    <hidden>
    SLICE_X62Y66         FDCE (Recov_fdce_C_CLR)     -0.361    20.026    vision_i/pipe/inst/u_pipeline/u_vision/u_scaler/hs_pending_reg
  -------------------------------------------------------------------
                         required time                         20.026    <hidden>
                         arrival time                         -16.125    <hidden>
  -------------------------------------------------------------------
                         slack                                  3.901    <hidden>





Min Delay Paths
--------------------------------------------------------------------------------------
Slack (MET) :             0.237ns  (arrival time - required time)
  Source:                 dbg_hub/inst/BSCANID.u_xsdbm_id/CORE_XSDB.UUT_MASTER/U_ICON_INTERFACE/rddata_rst_reg/C
                            (rising edge-triggered cell FDRE clocked by PixelClk_int  {rise@0.000ns fall@5.387ns period=13.468ns})
  Destination:            dbg_hub/inst/BSCANID.u_xsdbm_id/CORE_XSDB.UUT_MASTER/U_ICON_INTERFACE/U_CMD6_RD/U_RD_FIFO/SUBCORE_FIFO.xsdbm_v3_0_6_rdfifo_inst/inst_fifo_gen/gconvfifo.rf/grf.rf/rstblk/ngwrdrst.grst.g7serrst.rst_wr_reg1_reg/PRE
                            (removal check against rising-edge clock PixelClk_int  {rise@0.000ns fall@5.387ns period=13.468ns})
  Path Group:             **async_default**
  Path Type:              Removal (Min at Fast Process Corner)
  Requirement:            0.000ns  (PixelClk_int rise@0.000ns - PixelClk_int rise@0.000ns)
  Data Path Delay:        0.406ns  (logic 0.164ns (40.439%)  route 0.242ns (59.561%))
  Logic Levels:           0  
  Clock Path Skew:        0.263ns (DCD - SCD - CPR)
    Destination Clock Delay (DCD):    3.131ns
    Source Clock Delay      (SCD):    2.528ns
    Clock Pessimism Removal (CPR):    0.340ns

    Location             Delay type                Incr(ns)  Path(ns)    Netlist Resource(s)
  -------------------------------------------------------------------    -------------------
                         (clock PixelClk_int rise edge)
                                                      0.000     0.000 r  <hidden>
    N18                                               0.000     0.000 r  hdmi_in_clk_p
                         net (fo=0)                   0.000     0.000    vision_i/rx/U0/TMDS_ClockingX/TMDS_Clk_p
    N18                  IBUFDS (Prop_ibufds_I_O)     0.451     0.451 r  vision_i/rx/U0/TMDS_ClockingX/InputBuffer/O
                         net (fo=1, routed)           0.440     0.891    vision_i/rx/U0/TMDS_ClockingX/CLK_IN_hdmi_clk
    MMCME2_ADV_X1Y1      MMCME2_ADV (Prop_mmcme2_adv_CLKIN1_CLKOUT0)
                                                      0.051     0.942 r  vision_i/rx/U0/TMDS_ClockingX/DVI_ClkGenerator/CLKOUT0
                         net (fo=2, routed)           0.363     1.305    vision_i/rx/U0/TMDS_ClockingX/CLK_OUT_5x_hdmi_clk
    BUFR_X1Y5            BUFR (Prop_bufr_I_O)         0.270     1.575 r  vision_i/rx/U0/TMDS_ClockingX/PixelClkBuffer/O
                         net (fo=367, routed)         0.294     1.869    vision_i/rx/U0/GenerateBUFG.ResyncToBUFG_X/InstBUFG_0
    BUFGCTRL_X0Y18       BUFG (Prop_bufg_I_O)         0.026     1.895 r  vision_i/rx/U0/GenerateBUFG.ResyncToBUFG_X/InstBUFG/O
                         net (fo=3334, routed)        0.632     2.528    dbg_hub/inst/BSCANID.u_xsdbm_id/CORE_XSDB.UUT_MASTER/U_ICON_INTERFACE/clk
    SLICE_X50Y111        FDRE                                         r  dbg_hub/inst/BSCANID.u_xsdbm_id/CORE_XSDB.UUT_MASTER/U_ICON_INTERFACE/rddata_rst_reg/C
  -------------------------------------------------------------------    -------------------
    SLICE_X50Y111        FDRE (Prop_fdre_C_Q)         0.164     2.692 f  dbg_hub/inst/BSCANID.u_xsdbm_id/CORE_XSDB.UUT_MASTER/U_ICON_INTERFACE/rddata_rst_reg/Q
                         net (fo=20, routed)          0.242     2.933    dbg_hub/inst/BSCANID.u_xsdbm_id/CORE_XSDB.UUT_MASTER/U_ICON_INTERFACE/U_CMD6_RD/U_RD_FIFO/SUBCORE_FIFO.xsdbm_v3_0_6_rdfifo_inst/inst_fifo_gen/gconvfifo.rf/grf.rf/rstblk/rst
    SLICE_X45Y115        FDPE                                         f  dbg_hub/inst/BSCANID.u_xsdbm_id/CORE_XSDB.UUT_MASTER/U_ICON_INTERFACE/U_CMD6_RD/U_RD_FIFO/SUBCORE_FIFO.xsdbm_v3_0_6_rdfifo_inst/inst_fifo_gen/gconvfifo.rf/grf.rf/rstblk/ngwrdrst.grst.g7serrst.rst_wr_reg1_reg/PRE
  -------------------------------------------------------------------    -------------------

                         (clock PixelClk_int rise edge)
                                                      0.000     0.000 r  <hidden>
    N18                                               0.000     0.000 r  hdmi_in_clk_p
                         net (fo=0)                   0.000     0.000    vision_i/rx/U0/TMDS_ClockingX/TMDS_Clk_p
    N18                  IBUFDS (Prop_ibufds_I_O)     0.499     0.499 r  vision_i/rx/U0/TMDS_ClockingX/InputBuffer/O
                         net (fo=1, routed)           0.480     0.979    vision_i/rx/U0/TMDS_ClockingX/CLK_IN_hdmi_clk
    MMCME2_ADV_X1Y1      MMCME2_ADV (Prop_mmcme2_adv_CLKIN1_CLKOUT0)
                                                      0.054     1.033 r  vision_i/rx/U0/TMDS_ClockingX/DVI_ClkGenerator/CLKOUT0
                         net (fo=2, routed)           0.402     1.435    vision_i/rx/U0/TMDS_ClockingX/CLK_OUT_5x_hdmi_clk
    BUFR_X1Y5            BUFR (Prop_bufr_I_O)         0.431     1.866 r  vision_i/rx/U0/TMDS_ClockingX/PixelClkBuffer/O
                         net (fo=367, routed)         0.332     2.198    vision_i/rx/U0/GenerateBUFG.ResyncToBUFG_X/InstBUFG_0
    BUFGCTRL_X0Y18       BUFG (Prop_bufg_I_O)         0.029     2.227 r  vision_i/rx/U0/GenerateBUFG.ResyncToBUFG_X/InstBUFG/O
                         net (fo=3334, routed)        0.904     3.131    dbg_hub/inst/BSCANID.u_xsdbm_id/CORE_XSDB.UUT_MASTER/U_ICON_INTERFACE/U_CMD6_RD/U_RD_FIFO/SUBCORE_FIFO.xsdbm_v3_0_6_rdfifo_inst/inst_fifo_gen/gconvfifo.rf/grf.rf/rstblk/wr_clk
    SLICE_X45Y115        FDPE                                         r  dbg_hub/inst/BSCANID.u_xsdbm_id/CORE_XSDB.UUT_MASTER/U_ICON_INTERFACE/U_CMD6_RD/U_RD_FIFO/SUBCORE_FIFO.xsdbm_v3_0_6_rdfifo_inst/inst_fifo_gen/gconvfifo.rf/grf.rf/rstblk/ngwrdrst.grst.g7serrst.rst_wr_reg1_reg/C
                         clock pessimism             -0.340     2.791    <hidden>
    SLICE_X45Y115        FDPE (Remov_fdpe_C_PRE)     -0.095     2.696    dbg_hub/inst/BSCANID.u_xsdbm_id/CORE_XSDB.UUT_MASTER/U_ICON_INTERFACE/U_CMD6_RD/U_RD_FIFO/SUBCORE_FIFO.xsdbm_v3_0_6_rdfifo_inst/inst_fifo_gen/gconvfifo.rf/grf.rf/rstblk/ngwrdrst.grst.g7serrst.rst_wr_reg1_reg
  -------------------------------------------------------------------
                         required time                         -2.696    <hidden>
                         arrival time                           2.933    <hidden>
  -------------------------------------------------------------------
                         slack                                  0.237    <hidden>





---------------------------------------------------------------------------------------------------
Path Group:  **async_default**
From Clock:  clk_fpga_0
  To Clock:  clk_fpga_0

Setup :            0  Failing Endpoints,  Worst Slack        2.756ns,  Total Violation        0.000ns
Hold  :            0  Failing Endpoints,  Worst Slack        0.775ns,  Total Violation        0.000ns
---------------------------------------------------------------------------------------------------


Max Delay Paths
--------------------------------------------------------------------------------------
Slack (MET) :             2.756ns  (required time - arrival time)
  Source:                 vision_i/pipe/inst/u_pipeline/u_vision/u_axi_reset/release_pipe_reg[1]/C
                            (rising edge-triggered cell FDCE clocked by clk_fpga_0  {rise@0.000ns fall@5.000ns period=10.000ns})
  Destination:            vision_i/pipe/inst/u_pipeline/u_vision/u_regs/mem_reg[1][0]/CLR
                            (recovery check against rising-edge clock clk_fpga_0  {rise@0.000ns fall@5.000ns period=10.000ns})
  Path Group:             **async_default**
  Path Type:              Recovery (Max at Slow Process Corner)
  Requirement:            10.000ns  (clk_fpga_0 rise@10.000ns - clk_fpga_0 rise@0.000ns)
  Data Path Delay:        6.458ns  (logic 0.718ns (11.118%)  route 5.740ns (88.882%))
  Logic Levels:           1  (LUT1=1)
  Clock Path Skew:        -0.227ns (DCD - SCD + CPR)
    Destination Clock Delay (DCD):    2.645ns = ( 12.645 - 10.000 ) 
    Source Clock Delay      (SCD):    3.001ns
    Clock Pessimism Removal (CPR):    0.129ns
  Clock Uncertainty:      0.154ns  ((TSJ^2 + TIJ^2)^1/2 + DJ) / 2 + PE
    Total System Jitter     (TSJ):    0.071ns
    Total Input Jitter      (TIJ):    0.300ns
    Discrete Jitter          (DJ):    0.000ns
    Phase Error              (PE):    0.000ns

    Location             Delay type                Incr(ns)  Path(ns)    Netlist Resource(s)
  -------------------------------------------------------------------    -------------------
                         (clock clk_fpga_0 rise edge)
                                                      0.000     0.000 r  <hidden>
    PS7_X0Y0             PS7                          0.000     0.000 r  vision_i/ps7/inst/PS7_i/FCLKCLK[0]
                         net (fo=1, routed)           1.193     1.193    vision_i/ps7/inst/FCLK_CLK_unbuffered[0]
    BUFGCTRL_X0Y16       BUFG (Prop_bufg_I_O)         0.101     1.294 r  vision_i/ps7/inst/buffer_fclk_clk_0.FCLK_CLK_0_BUFG/O
                         net (fo=1051, routed)        1.707     3.001    vision_i/pipe/inst/u_pipeline/u_vision/u_axi_reset/s_axi_aclk
    SLICE_X56Y85         FDCE                                         r  vision_i/pipe/inst/u_pipeline/u_vision/u_axi_reset/release_pipe_reg[1]/C
  -------------------------------------------------------------------    -------------------
    SLICE_X56Y85         FDCE (Prop_fdce_C_Q)         0.419     3.420 r  vision_i/pipe/inst/u_pipeline/u_vision/u_axi_reset/release_pipe_reg[1]/Q
                         net (fo=1, routed)           0.849     4.269    vision_i/pipe/inst/u_pipeline/u_vision/u_axi_reset/release_pipe[1]
    SLICE_X56Y85         LUT1 (Prop_lut1_I0_O)        0.299     4.568 f  vision_i/pipe/inst/u_pipeline/u_vision/u_axi_reset/bvalid_i_2/O
                         net (fo=431, routed)         4.891     9.459    vision_i/pipe/inst/u_pipeline/u_vision/u_regs/aw_hold_reg_0
    SLICE_X48Y79         FDCE                                         f  vision_i/pipe/inst/u_pipeline/u_vision/u_regs/mem_reg[1][0]/CLR
  -------------------------------------------------------------------    -------------------

                         (clock clk_fpga_0 rise edge)
                                                     10.000    10.000 r  <hidden>
    PS7_X0Y0             PS7                          0.000    10.000 r  vision_i/ps7/inst/PS7_i/FCLKCLK[0]
                         net (fo=1, routed)           1.088    11.088    vision_i/ps7/inst/FCLK_CLK_unbuffered[0]
    BUFGCTRL_X0Y16       BUFG (Prop_bufg_I_O)         0.091    11.179 r  vision_i/ps7/inst/buffer_fclk_clk_0.FCLK_CLK_0_BUFG/O
                         net (fo=1051, routed)        1.466    12.645    vision_i/pipe/inst/u_pipeline/u_vision/u_regs/s_axi_aclk
    SLICE_X48Y79         FDCE                                         r  vision_i/pipe/inst/u_pipeline/u_vision/u_regs/mem_reg[1][0]/C
                         clock pessimism              0.129    12.774    <hidden>
                         clock uncertainty           -0.154    12.620    <hidden>
    SLICE_X48Y79         FDCE (Recov_fdce_C_CLR)     -0.405    12.215    vision_i/pipe/inst/u_pipeline/u_vision/u_regs/mem_reg[1][0]
  -------------------------------------------------------------------
                         required time                         12.215    <hidden>
                         arrival time                          -9.459    <hidden>
  -------------------------------------------------------------------
                         slack                                  2.756    <hidden>





Min Delay Paths
--------------------------------------------------------------------------------------
Slack (MET) :             0.775ns  (arrival time - required time)
  Source:                 vision_i/pipe/inst/u_pipeline/u_vision/u_config/u_src_reset/release_pipe_reg[1]/C
                            (rising edge-triggered cell FDCE clocked by clk_fpga_0  {rise@0.000ns fall@5.000ns period=10.000ns})
  Destination:            vision_i/pipe/inst/u_pipeline/u_vision/u_config/hold_data_reg[0]/CLR
                            (removal check against rising-edge clock clk_fpga_0  {rise@0.000ns fall@5.000ns period=10.000ns})
  Path Group:             **async_default**
  Path Type:              Removal (Min at Fast Process Corner)
  Requirement:            0.000ns  (clk_fpga_0 rise@0.000ns - clk_fpga_0 rise@0.000ns)
  Data Path Delay:        0.696ns  (logic 0.227ns (32.625%)  route 0.469ns (67.375%))
  Logic Levels:           1  (LUT1=1)
  Clock Path Skew:        0.013ns (DCD - SCD - CPR)
    Destination Clock Delay (DCD):    1.180ns
    Source Clock Delay      (SCD):    0.885ns
    Clock Pessimism Removal (CPR):    0.282ns

    Location             Delay type                Incr(ns)  Path(ns)    Netlist Resource(s)
  -------------------------------------------------------------------    -------------------
                         (clock clk_fpga_0 rise edge)
                                                      0.000     0.000 r  <hidden>
    PS7_X0Y0             PS7                          0.000     0.000 r  vision_i/ps7/inst/PS7_i/FCLKCLK[0]
                         net (fo=1, routed)           0.310     0.310    vision_i/ps7/inst/FCLK_CLK_unbuffered[0]
    BUFGCTRL_X0Y16       BUFG (Prop_bufg_I_O)         0.026     0.336 r  vision_i/ps7/inst/buffer_fclk_clk_0.FCLK_CLK_0_BUFG/O
                         net (fo=1051, routed)        0.549     0.885    vision_i/pipe/inst/u_pipeline/u_vision/u_config/u_src_reset/s_axi_aclk
    SLICE_X45Y81         FDCE                                         r  vision_i/pipe/inst/u_pipeline/u_vision/u_config/u_src_reset/release_pipe_reg[1]/C
  -------------------------------------------------------------------    -------------------
    SLICE_X45Y81         FDCE (Prop_fdce_C_Q)         0.128     1.013 r  vision_i/pipe/inst/u_pipeline/u_vision/u_config/u_src_reset/release_pipe_reg[1]/Q
                         net (fo=1, routed)           0.283     1.295    vision_i/pipe/inst/u_pipeline/u_config/src_reset
    SLICE_X45Y81         LUT1 (Prop_lut1_I0_O)        0.099     1.394 f  vision_i/pipe/inst/u_pipeline/request_i_3/O
                         net (fo=70, routed)          0.186     1.580    vision_i/pipe/inst/u_pipeline/u_vision/u_config/hold_id_reg[31]_0
    SLICE_X47Y80         FDCE                                         f  vision_i/pipe/inst/u_pipeline/u_vision/u_config/hold_data_reg[0]/CLR
  -------------------------------------------------------------------    -------------------

                         (clock clk_fpga_0 rise edge)
                                                      0.000     0.000 r  <hidden>
    PS7_X0Y0             PS7                          0.000     0.000 r  vision_i/ps7/inst/PS7_i/FCLKCLK[0]
                         net (fo=1, routed)           0.337     0.337    vision_i/ps7/inst/FCLK_CLK_unbuffered[0]
    BUFGCTRL_X0Y16       BUFG (Prop_bufg_I_O)         0.029     0.366 r  vision_i/ps7/inst/buffer_fclk_clk_0.FCLK_CLK_0_BUFG/O
                         net (fo=1051, routed)        0.814     1.180    vision_i/pipe/inst/u_pipeline/u_vision/u_config/s_axi_aclk
    SLICE_X47Y80         FDCE                                         r  vision_i/pipe/inst/u_pipeline/u_vision/u_config/hold_data_reg[0]/C
                         clock pessimism             -0.282     0.898    <hidden>
    SLICE_X47Y80         FDCE (Remov_fdce_C_CLR)     -0.092     0.806    vision_i/pipe/inst/u_pipeline/u_vision/u_config/hold_data_reg[0]
  -------------------------------------------------------------------
                         required time                         -0.806    <hidden>
                         arrival time                           1.580    <hidden>
  -------------------------------------------------------------------
                         slack                                  0.775    <hidden>





---------------------------------------------------------------------------------------------------
Path Group:  **async_default**
From Clock:  clk_fpga_2
  To Clock:  clk_fpga_2

Setup :            0  Failing Endpoints,  Worst Slack        2.790ns,  Total Violation        0.000ns
Hold  :            0  Failing Endpoints,  Worst Slack        0.393ns,  Total Violation        0.000ns
---------------------------------------------------------------------------------------------------


Max Delay Paths
--------------------------------------------------------------------------------------
Slack (MET) :             2.790ns  (required time - arrival time)
  Source:                 vision_i/rx/U0/TMDS_ClockingX/LockLostReset/SyncAsyncx/oSyncStages_reg[1]/C
                            (rising edge-triggered cell FDPE clocked by clk_fpga_2  {rise@0.000ns fall@2.500ns period=5.000ns})
  Destination:            vision_i/rx/U0/TMDS_ClockingX/rMMCM_Reset_q_reg[0]/PRE
                            (recovery check against rising-edge clock clk_fpga_2  {rise@0.000ns fall@2.500ns period=5.000ns})
  Path Group:             **async_default**
  Path Type:              Recovery (Max at Slow Process Corner)
  Requirement:            5.000ns  (clk_fpga_2 rise@5.000ns - clk_fpga_2 rise@0.000ns)
  Data Path Delay:        1.532ns  (logic 0.419ns (27.350%)  route 1.113ns (72.650%))
  Logic Levels:           0  
  Clock Path Skew:        -0.059ns (DCD - SCD + CPR)
    Destination Clock Delay (DCD):    2.773ns = ( 7.773 - 5.000 ) 
    Source Clock Delay      (SCD):    3.061ns
    Clock Pessimism Removal (CPR):    0.229ns
  Clock Uncertainty:      0.083ns  ((TSJ^2 + TIJ^2)^1/2 + DJ) / 2 + PE
    Total System Jitter     (TSJ):    0.071ns
    Total Input Jitter      (TIJ):    0.150ns
    Discrete Jitter          (DJ):    0.000ns
    Phase Error              (PE):    0.000ns

    Location             Delay type                Incr(ns)  Path(ns)    Netlist Resource(s)
  -------------------------------------------------------------------    -------------------
                         (clock clk_fpga_2 rise edge)
                                                      0.000     0.000 r  <hidden>
    PS7_X0Y0             PS7                          0.000     0.000 r  vision_i/ps7/inst/PS7_i/FCLKCLK[2]
                         net (fo=1, routed)           1.193     1.193    vision_i/ps7/inst/FCLK_CLK_unbuffered[2]
    BUFGCTRL_X0Y17       BUFG (Prop_bufg_I_O)         0.101     1.294 r  vision_i/ps7/inst/buffer_fclk_clk_2.FCLK_CLK_2_BUFG/O
                         net (fo=158, routed)         1.767     3.061    vision_i/rx/U0/TMDS_ClockingX/LockLostReset/SyncAsyncx/RefClk
    SLICE_X101Y76        FDPE                                         r  vision_i/rx/U0/TMDS_ClockingX/LockLostReset/SyncAsyncx/oSyncStages_reg[1]/C
  -------------------------------------------------------------------    -------------------
    SLICE_X101Y76        FDPE (Prop_fdpe_C_Q)         0.419     3.480 f  vision_i/rx/U0/TMDS_ClockingX/LockLostReset/SyncAsyncx/oSyncStages_reg[1]/Q
                         net (fo=8, routed)           1.113     4.593    vision_i/rx/U0/TMDS_ClockingX/rLockLostRst
    SLICE_X104Y73        FDPE                                         f  vision_i/rx/U0/TMDS_ClockingX/rMMCM_Reset_q_reg[0]/PRE
  -------------------------------------------------------------------    -------------------

                         (clock clk_fpga_2 rise edge)
                                                      5.000     5.000 r  <hidden>
    PS7_X0Y0             PS7                          0.000     5.000 r  vision_i/ps7/inst/PS7_i/FCLKCLK[2]
                         net (fo=1, routed)           1.088     6.088    vision_i/ps7/inst/FCLK_CLK_unbuffered[2]
    BUFGCTRL_X0Y17       BUFG (Prop_bufg_I_O)         0.091     6.179 r  vision_i/ps7/inst/buffer_fclk_clk_2.FCLK_CLK_2_BUFG/O
                         net (fo=158, routed)         1.594     7.773    vision_i/rx/U0/TMDS_ClockingX/RefClk
    SLICE_X104Y73        FDPE                                         r  vision_i/rx/U0/TMDS_ClockingX/rMMCM_Reset_q_reg[0]/C
                         clock pessimism              0.229     8.002    <hidden>
                         clock uncertainty           -0.083     7.919    <hidden>
    SLICE_X104Y73        FDPE (Recov_fdpe_C_PRE)     -0.536     7.383    vision_i/rx/U0/TMDS_ClockingX/rMMCM_Reset_q_reg[0]
  -------------------------------------------------------------------
                         required time                          7.383    <hidden>
                         arrival time                          -4.593    <hidden>
  -------------------------------------------------------------------
                         slack                                  2.790    <hidden>





Min Delay Paths
--------------------------------------------------------------------------------------
Slack (MET) :             0.393ns  (arrival time - required time)
  Source:                 vision_i/rx/U0/TMDS_ClockingX/RdyLostReset/SyncAsyncx/oSyncStages_reg[1]/C
                            (rising edge-triggered cell FDPE clocked by clk_fpga_2  {rise@0.000ns fall@2.500ns period=5.000ns})
  Destination:            vision_i/rx/U0/TMDS_ClockingX/aLocked_reg/CLR
                            (removal check against rising-edge clock clk_fpga_2  {rise@0.000ns fall@2.500ns period=5.000ns})
  Path Group:             **async_default**
  Path Type:              Removal (Min at Fast Process Corner)
  Requirement:            0.000ns  (clk_fpga_2 rise@0.000ns - clk_fpga_2 rise@0.000ns)
  Data Path Delay:        0.305ns  (logic 0.128ns (41.965%)  route 0.177ns (58.035%))
  Logic Levels:           0  
  Clock Path Skew:        0.033ns (DCD - SCD - CPR)
    Destination Clock Delay (DCD):    1.228ns
    Source Clock Delay      (SCD):    0.931ns
    Clock Pessimism Removal (CPR):    0.264ns

    Location             Delay type                Incr(ns)  Path(ns)    Netlist Resource(s)
  -------------------------------------------------------------------    -------------------
                         (clock clk_fpga_2 rise edge)
                                                      0.000     0.000 r  <hidden>
    PS7_X0Y0             PS7                          0.000     0.000 r  vision_i/ps7/inst/PS7_i/FCLKCLK[2]
                         net (fo=1, routed)           0.310     0.310    vision_i/ps7/inst/FCLK_CLK_unbuffered[2]
    BUFGCTRL_X0Y17       BUFG (Prop_bufg_I_O)         0.026     0.336 r  vision_i/ps7/inst/buffer_fclk_clk_2.FCLK_CLK_2_BUFG/O
                         net (fo=158, routed)         0.595     0.931    vision_i/rx/U0/TMDS_ClockingX/RdyLostReset/SyncAsyncx/RefClk
    SLICE_X101Y74        FDPE                                         r  vision_i/rx/U0/TMDS_ClockingX/RdyLostReset/SyncAsyncx/oSyncStages_reg[1]/C
  -------------------------------------------------------------------    -------------------
    SLICE_X101Y74        FDPE (Prop_fdpe_C_Q)         0.128     1.059 f  vision_i/rx/U0/TMDS_ClockingX/RdyLostReset/SyncAsyncx/oSyncStages_reg[1]/Q
                         net (fo=1, routed)           0.177     1.236    vision_i/rx/U0/TMDS_ClockingX/RdyLostReset_n_0
    SLICE_X102Y74        FDCE                                         f  vision_i/rx/U0/TMDS_ClockingX/aLocked_reg/CLR
  -------------------------------------------------------------------    -------------------

                         (clock clk_fpga_2 rise edge)
                                                      0.000     0.000 r  <hidden>
    PS7_X0Y0             PS7                          0.000     0.000 r  vision_i/ps7/inst/PS7_i/FCLKCLK[2]
                         net (fo=1, routed)           0.337     0.337    vision_i/ps7/inst/FCLK_CLK_unbuffered[2]
    BUFGCTRL_X0Y17       BUFG (Prop_bufg_I_O)         0.029     0.366 r  vision_i/ps7/inst/buffer_fclk_clk_2.FCLK_CLK_2_BUFG/O
                         net (fo=158, routed)         0.862     1.228    vision_i/rx/U0/TMDS_ClockingX/RefClk
    SLICE_X102Y74        FDCE                                         r  vision_i/rx/U0/TMDS_ClockingX/aLocked_reg/C
                         clock pessimism             -0.264     0.964    <hidden>
    SLICE_X102Y74        FDCE (Remov_fdce_C_CLR)     -0.121     0.843    vision_i/rx/U0/TMDS_ClockingX/aLocked_reg
  -------------------------------------------------------------------
                         required time                         -0.843    <hidden>
                         arrival time                           1.236    <hidden>
  -------------------------------------------------------------------
                         slack                                  0.393    <hidden>





---------------------------------------------------------------------------------------------------
Path Group:  **async_default**
From Clock:  dbg_hub/inst/BSCANID.u_xsdbm_id/SWITCH_N_EXT_BSCAN.bscan_inst/SERIES7_BSCAN.bscan_inst/TCK
  To Clock:  dbg_hub/inst/BSCANID.u_xsdbm_id/SWITCH_N_EXT_BSCAN.bscan_inst/SERIES7_BSCAN.bscan_inst/TCK

Setup :            0  Failing Endpoints,  Worst Slack       27.957ns,  Total Violation        0.000ns
Hold  :            0  Failing Endpoints,  Worst Slack        0.345ns,  Total Violation        0.000ns
---------------------------------------------------------------------------------------------------


Max Delay Paths
--------------------------------------------------------------------------------------
Slack (MET) :             27.957ns  (required time - arrival time)
  Source:                 dbg_hub/inst/BSCANID.u_xsdbm_id/SWITCH_N_EXT_BSCAN.bscan_switch/state_reg[0]/C
                            (rising edge-triggered cell FDRE clocked by dbg_hub/inst/BSCANID.u_xsdbm_id/SWITCH_N_EXT_BSCAN.bscan_inst/SERIES7_BSCAN.bscan_inst/TCK  {rise@0.000ns fall@16.500ns period=33.000ns})
  Destination:            dbg_hub/inst/BSCANID.u_xsdbm_id/CORE_XSDB.U_ICON/U_CMD/iTARGET_reg[11]/CLR
                            (recovery check against rising-edge clock dbg_hub/inst/BSCANID.u_xsdbm_id/SWITCH_N_EXT_BSCAN.bscan_inst/SERIES7_BSCAN.bscan_inst/TCK  {rise@0.000ns fall@16.500ns period=33.000ns})
  Path Group:             **async_default**
  Path Type:              Recovery (Max at Slow Process Corner)
  Requirement:            33.000ns  (dbg_hub/inst/BSCANID.u_xsdbm_id/SWITCH_N_EXT_BSCAN.bscan_inst/SERIES7_BSCAN.bscan_inst/TCK rise@33.000ns - dbg_hub/inst/BSCANID.u_xsdbm_id/SWITCH_N_EXT_BSCAN.bscan_inst/SERIES7_BSCAN.bscan_inst/TCK rise@0.000ns)
  Data Path Delay:        4.535ns  (logic 1.072ns (23.639%)  route 3.463ns (76.361%))
  Logic Levels:           2  (LUT1=1 LUT4=1)
  Clock Path Skew:        -0.068ns (DCD - SCD + CPR)
    Destination Clock Delay (DCD):    3.794ns = ( 36.794 - 33.000 ) 
    Source Clock Delay      (SCD):    4.316ns
    Clock Pessimism Removal (CPR):    0.454ns
  Clock Uncertainty:      0.035ns  ((TSJ^2 + TIJ^2)^1/2 + DJ) / 2 + PE
    Total System Jitter     (TSJ):    0.071ns
    Total Input Jitter      (TIJ):    0.000ns
    Discrete Jitter          (DJ):    0.000ns
    Phase Error              (PE):    0.000ns

    Location             Delay type                Incr(ns)  Path(ns)    Netlist Resource(s)
  -------------------------------------------------------------------    -------------------
                         (clock dbg_hub/inst/BSCANID.u_xsdbm_id/SWITCH_N_EXT_BSCAN.bscan_inst/SERIES7_BSCAN.bscan_inst/TCK rise edge)
                                                      0.000     0.000 r  <hidden>
    BSCAN_X0Y0           BSCANE2                      0.000     0.000 r  dbg_hub/inst/BSCANID.u_xsdbm_id/SWITCH_N_EXT_BSCAN.bscan_inst/SERIES7_BSCAN.bscan_inst/TCK
                         net (fo=1, routed)           2.306     2.306    dbg_hub/inst/BSCANID.u_xsdbm_id/tck_bs
    BUFGCTRL_X0Y0        BUFG (Prop_bufg_I_O)         0.101     2.407 r  dbg_hub/inst/BSCANID.u_xsdbm_id/SWITCH_N_EXT_BSCAN.u_bufg_icon_tck/O
                         net (fo=482, routed)         1.909     4.316    dbg_hub/inst/BSCANID.u_xsdbm_id/SWITCH_N_EXT_BSCAN.bscan_switch/s_bscan_tck
    SLICE_X61Y105        FDRE                                         r  dbg_hub/inst/BSCANID.u_xsdbm_id/SWITCH_N_EXT_BSCAN.bscan_switch/state_reg[0]/C
  -------------------------------------------------------------------    -------------------
    SLICE_X61Y105        FDRE (Prop_fdre_C_Q)         0.419     4.735 f  dbg_hub/inst/BSCANID.u_xsdbm_id/SWITCH_N_EXT_BSCAN.bscan_switch/state_reg[0]/Q
                         net (fo=50, routed)          1.708     6.443    dbg_hub/inst/BSCANID.u_xsdbm_id/SWITCH_N_EXT_BSCAN.bscan_switch/state[0]
    SLICE_X62Y108        LUT4 (Prop_lut4_I1_O)        0.325     6.768 r  dbg_hub/inst/BSCANID.u_xsdbm_id/SWITCH_N_EXT_BSCAN.bscan_switch/m_bscan_sel[0]_INST_0/O
                         net (fo=2, routed)           1.039     7.807    dbg_hub/inst/BSCANID.u_xsdbm_id/CORE_XSDB.U_ICON/U_CMD/iTARGET_reg[6]_0
    SLICE_X59Y112        LUT1 (Prop_lut1_I0_O)        0.328     8.135 f  dbg_hub/inst/BSCANID.u_xsdbm_id/CORE_XSDB.U_ICON/U_CMD/iTARGET[15]_i_2/O
                         net (fo=10, routed)          0.716     8.851    dbg_hub/inst/BSCANID.u_xsdbm_id/CORE_XSDB.U_ICON/U_CMD/iSEL_n
    SLICE_X59Y113        FDCE                                         f  dbg_hub/inst/BSCANID.u_xsdbm_id/CORE_XSDB.U_ICON/U_CMD/iTARGET_reg[11]/CLR
  -------------------------------------------------------------------    -------------------

                         (clock dbg_hub/inst/BSCANID.u_xsdbm_id/SWITCH_N_EXT_BSCAN.bscan_inst/SERIES7_BSCAN.bscan_inst/TCK rise edge)
                                                     33.000    33.000 r  <hidden>
    BSCAN_X0Y0           BSCANE2                      0.000    33.000 r  dbg_hub/inst/BSCANID.u_xsdbm_id/SWITCH_N_EXT_BSCAN.bscan_inst/SERIES7_BSCAN.bscan_inst/TCK
                         net (fo=1, routed)           1.994    34.994    dbg_hub/inst/BSCANID.u_xsdbm_id/tck_bs
    BUFGCTRL_X0Y0        BUFG (Prop_bufg_I_O)         0.091    35.085 r  dbg_hub/inst/BSCANID.u_xsdbm_id/SWITCH_N_EXT_BSCAN.u_bufg_icon_tck/O
                         net (fo=482, routed)         1.709    36.794    dbg_hub/inst/BSCANID.u_xsdbm_id/CORE_XSDB.U_ICON/U_CMD/m_bscan_tck[0]
    SLICE_X59Y113        FDCE                                         r  dbg_hub/inst/BSCANID.u_xsdbm_id/CORE_XSDB.U_ICON/U_CMD/iTARGET_reg[11]/C
                         clock pessimism              0.454    37.248    <hidden>
                         clock uncertainty           -0.035    37.213    <hidden>
    SLICE_X59Y113        FDCE (Recov_fdce_C_CLR)     -0.405    36.808    dbg_hub/inst/BSCANID.u_xsdbm_id/CORE_XSDB.U_ICON/U_CMD/iTARGET_reg[11]
  -------------------------------------------------------------------
                         required time                         36.808    <hidden>
                         arrival time                          -8.851    <hidden>
  -------------------------------------------------------------------
                         slack                                 27.957    <hidden>





Min Delay Paths
--------------------------------------------------------------------------------------
Slack (MET) :             0.345ns  (arrival time - required time)
  Source:                 dbg_hub/inst/BSCANID.u_xsdbm_id/CORE_XSDB.UUT_MASTER/U_ICON_INTERFACE/U_CMD6_WR/U_WR_FIFO/SUBCORE_FIFO.xsdbm_v3_0_6_wrfifo_inst/inst_fifo_gen/gconvfifo.rf/grf.rf/rstblk/ngwrdrst.grst.g7serrst.wr_rst_reg_reg[1]/C
                            (rising edge-triggered cell FDPE clocked by dbg_hub/inst/BSCANID.u_xsdbm_id/SWITCH_N_EXT_BSCAN.bscan_inst/SERIES7_BSCAN.bscan_inst/TCK  {rise@0.000ns fall@16.500ns period=33.000ns})
  Destination:            dbg_hub/inst/BSCANID.u_xsdbm_id/CORE_XSDB.UUT_MASTER/U_ICON_INTERFACE/U_CMD6_WR/U_WR_FIFO/SUBCORE_FIFO.xsdbm_v3_0_6_wrfifo_inst/inst_fifo_gen/gconvfifo.rf/grf.rf/gntv_or_sync_fifo.gl0.wr/wpntr/gic0.gc0.count_reg[0]/CLR
                            (removal check against rising-edge clock dbg_hub/inst/BSCANID.u_xsdbm_id/SWITCH_N_EXT_BSCAN.bscan_inst/SERIES7_BSCAN.bscan_inst/TCK  {rise@0.000ns fall@16.500ns period=33.000ns})
  Path Group:             **async_default**
  Path Type:              Removal (Min at Fast Process Corner)
  Requirement:            0.000ns  (dbg_hub/inst/BSCANID.u_xsdbm_id/SWITCH_N_EXT_BSCAN.bscan_inst/SERIES7_BSCAN.bscan_inst/TCK rise@0.000ns - dbg_hub/inst/BSCANID.u_xsdbm_id/SWITCH_N_EXT_BSCAN.bscan_inst/SERIES7_BSCAN.bscan_inst/TCK rise@0.000ns)
  Data Path Delay:        0.269ns  (logic 0.141ns (52.503%)  route 0.128ns (47.497%))
  Logic Levels:           0  
  Clock Path Skew:        0.016ns (DCD - SCD - CPR)
    Destination Clock Delay (DCD):    2.125ns
    Source Clock Delay      (SCD):    1.716ns
    Clock Pessimism Removal (CPR):    0.393ns

    Location             Delay type                Incr(ns)  Path(ns)    Netlist Resource(s)
  -------------------------------------------------------------------    -------------------
                         (clock dbg_hub/inst/BSCANID.u_xsdbm_id/SWITCH_N_EXT_BSCAN.bscan_inst/SERIES7_BSCAN.bscan_inst/TCK rise edge)
                                                      0.000     0.000 r  <hidden>
    BSCAN_X0Y0           BSCANE2                      0.000     0.000 r  dbg_hub/inst/BSCANID.u_xsdbm_id/SWITCH_N_EXT_BSCAN.bscan_inst/SERIES7_BSCAN.bscan_inst/TCK
                         net (fo=1, routed)           1.028     1.028    dbg_hub/inst/BSCANID.u_xsdbm_id/tck_bs
    BUFGCTRL_X0Y0        BUFG (Prop_bufg_I_O)         0.026     1.054 r  dbg_hub/inst/BSCANID.u_xsdbm_id/SWITCH_N_EXT_BSCAN.u_bufg_icon_tck/O
                         net (fo=482, routed)         0.662     1.716    dbg_hub/inst/BSCANID.u_xsdbm_id/CORE_XSDB.UUT_MASTER/U_ICON_INTERFACE/U_CMD6_WR/U_WR_FIFO/SUBCORE_FIFO.xsdbm_v3_0_6_wrfifo_inst/inst_fifo_gen/gconvfifo.rf/grf.rf/rstblk/wr_clk
    SLICE_X57Y102        FDPE                                         r  dbg_hub/inst/BSCANID.u_xsdbm_id/CORE_XSDB.UUT_MASTER/U_ICON_INTERFACE/U_CMD6_WR/U_WR_FIFO/SUBCORE_FIFO.xsdbm_v3_0_6_wrfifo_inst/inst_fifo_gen/gconvfifo.rf/grf.rf/rstblk/ngwrdrst.grst.g7serrst.wr_rst_reg_reg[1]/C
  -------------------------------------------------------------------    -------------------
    SLICE_X57Y102        FDPE (Prop_fdpe_C_Q)         0.141     1.857 f  dbg_hub/inst/BSCANID.u_xsdbm_id/CORE_XSDB.UUT_MASTER/U_ICON_INTERFACE/U_CMD6_WR/U_WR_FIFO/SUBCORE_FIFO.xsdbm_v3_0_6_wrfifo_inst/inst_fifo_gen/gconvfifo.rf/grf.rf/rstblk/ngwrdrst.grst.g7serrst.wr_rst_reg_reg[1]/Q
                         net (fo=12, routed)          0.128     1.985    dbg_hub/inst/BSCANID.u_xsdbm_id/CORE_XSDB.UUT_MASTER/U_ICON_INTERFACE/U_CMD6_WR/U_WR_FIFO/SUBCORE_FIFO.xsdbm_v3_0_6_wrfifo_inst/inst_fifo_gen/gconvfifo.rf/grf.rf/gntv_or_sync_fifo.gl0.wr/wpntr/gic0.gc0.count_reg[0]_0[0]
    SLICE_X59Y102        FDCE                                         f  dbg_hub/inst/BSCANID.u_xsdbm_id/CORE_XSDB.UUT_MASTER/U_ICON_INTERFACE/U_CMD6_WR/U_WR_FIFO/SUBCORE_FIFO.xsdbm_v3_0_6_wrfifo_inst/inst_fifo_gen/gconvfifo.rf/grf.rf/gntv_or_sync_fifo.gl0.wr/wpntr/gic0.gc0.count_reg[0]/CLR
  -------------------------------------------------------------------    -------------------

                         (clock dbg_hub/inst/BSCANID.u_xsdbm_id/SWITCH_N_EXT_BSCAN.bscan_inst/SERIES7_BSCAN.bscan_inst/TCK rise edge)
                                                      0.000     0.000 r  <hidden>
    BSCAN_X0Y0           BSCANE2                      0.000     0.000 r  dbg_hub/inst/BSCANID.u_xsdbm_id/SWITCH_N_EXT_BSCAN.bscan_inst/SERIES7_BSCAN.bscan_inst/TCK
                         net (fo=1, routed)           1.160     1.160    dbg_hub/inst/BSCANID.u_xsdbm_id/tck_bs
    BUFGCTRL_X0Y0        BUFG (Prop_bufg_I_O)         0.029     1.189 r  dbg_hub/inst/BSCANID.u_xsdbm_id/SWITCH_N_EXT_BSCAN.u_bufg_icon_tck/O
                         net (fo=482, routed)         0.936     2.125    dbg_hub/inst/BSCANID.u_xsdbm_id/CORE_XSDB.UUT_MASTER/U_ICON_INTERFACE/U_CMD6_WR/U_WR_FIFO/SUBCORE_FIFO.xsdbm_v3_0_6_wrfifo_inst/inst_fifo_gen/gconvfifo.rf/grf.rf/gntv_or_sync_fifo.gl0.wr/wpntr/wr_clk
    SLICE_X59Y102        FDCE                                         r  dbg_hub/inst/BSCANID.u_xsdbm_id/CORE_XSDB.UUT_MASTER/U_ICON_INTERFACE/U_CMD6_WR/U_WR_FIFO/SUBCORE_FIFO.xsdbm_v3_0_6_wrfifo_inst/inst_fifo_gen/gconvfifo.rf/grf.rf/gntv_or_sync_fifo.gl0.wr/wpntr/gic0.gc0.count_reg[0]/C
                         clock pessimism             -0.393     1.732    <hidden>
    SLICE_X59Y102        FDCE (Remov_fdce_C_CLR)     -0.092     1.640    dbg_hub/inst/BSCANID.u_xsdbm_id/CORE_XSDB.UUT_MASTER/U_ICON_INTERFACE/U_CMD6_WR/U_WR_FIFO/SUBCORE_FIFO.xsdbm_v3_0_6_wrfifo_inst/inst_fifo_gen/gconvfifo.rf/grf.rf/gntv_or_sync_fifo.gl0.wr/wpntr/gic0.gc0.count_reg[0]
  -------------------------------------------------------------------
                         required time                         -1.640    <hidden>
                         arrival time                           1.985    <hidden>
  -------------------------------------------------------------------
                         slack                                  0.345    <hidden>





--------------------------------------------------------------------------------------
Path Group:  (none)
From Clock:  
  To Clock:  PixelClk_int

Max Delay             9 Endpoints
Min Delay             9 Endpoints
--------------------------------------------------------------------------------------


Max Delay Paths
--------------------------------------------------------------------------------------
Slack:                    inf
  Source:                 vision_i/ps7/inst/PS7_i/FCLKRESETN[0]
                            (internal pin)
  Destination:            vision_i/pipe/inst/u_pipeline/u_vision/u_config/u_dst_reset/release_pipe_reg[0]/CLR
                            (recovery check against rising-edge clock PixelClk_int  {rise@0.000ns fall@5.387ns period=13.468ns})
  Path Group:             (none)
  Path Type:              Recovery (Max at Slow Process Corner)
  Data Path Delay:        6.166ns  (logic 0.124ns (2.011%)  route 6.042ns (97.989%))
  Logic Levels:           1  (LUT2=1)
  Clock Uncertainty:      0.193ns  ((TSJ^2 + DJ^2)^1/2) / 2 + PE
    Total System Jitter     (TSJ):    0.050ns
    Discrete Jitter          (DJ):    0.126ns
    Phase Error              (PE):    0.125ns
  Timing Exception:       False Path

    Location             Delay type                Incr(ns)  Path(ns)    Netlist Resource(s)
  -------------------------------------------------------------------    -------------------
    PS7_X0Y0             PS7                          0.000     0.000 r  vision_i/ps7/inst/PS7_i/FCLKRESETN[0]
                         net (fo=5, routed)           2.834     2.834    vision_i/pipe/inst/u_pipeline/s_axi_aresetn
    SLICE_X101Y76        LUT2 (Prop_lut2_I1_O)        0.124     2.958 f  vision_i/pipe/inst/u_pipeline/release_pipe[1]_i_1/O
                         net (fo=10, routed)          3.208     6.166    vision_i/pipe/inst/u_pipeline/u_vision/u_config/u_dst_reset/release_pipe_reg[0]_0
    SLICE_X44Y76         FDCE                                         f  vision_i/pipe/inst/u_pipeline/u_vision/u_config/u_dst_reset/release_pipe_reg[0]/CLR
  -------------------------------------------------------------------    -------------------

                         (clock PixelClk_int rise edge)
                                                      0.000     0.000 r  <hidden>
    N18                                               0.000     0.000 r  hdmi_in_clk_p
                         net (fo=0)                   0.000     0.000    vision_i/rx/U0/TMDS_ClockingX/TMDS_Clk_p
    N18                  IBUFDS (Prop_ibufds_I_O)     0.887     0.887 r  vision_i/rx/U0/TMDS_ClockingX/InputBuffer/O
                         net (fo=1, routed)           1.162     2.049    vision_i/rx/U0/TMDS_ClockingX/CLK_IN_hdmi_clk
    MMCME2_ADV_X1Y1      MMCME2_ADV (Prop_mmcme2_adv_CLKIN1_CLKOUT0)
                                                      0.084     2.133 r  vision_i/rx/U0/TMDS_ClockingX/DVI_ClkGenerator/CLKOUT0
                         net (fo=2, routed)           0.960     3.093    vision_i/rx/U0/TMDS_ClockingX/CLK_OUT_5x_hdmi_clk
    BUFR_X1Y5            BUFR (Prop_bufr_I_O)         0.918     4.011 r  vision_i/rx/U0/TMDS_ClockingX/PixelClkBuffer/O
                         net (fo=367, routed)         0.858     4.869    vision_i/rx/U0/GenerateBUFG.ResyncToBUFG_X/InstBUFG_0
    BUFGCTRL_X0Y18       BUFG (Prop_bufg_I_O)         0.091     4.960 r  vision_i/rx/U0/GenerateBUFG.ResyncToBUFG_X/InstBUFG/O
                         net (fo=3334, routed)        1.463     6.422    vision_i/pipe/inst/u_pipeline/u_vision/u_config/u_dst_reset/pclk
    SLICE_X44Y76         FDCE                                         r  vision_i/pipe/inst/u_pipeline/u_vision/u_config/u_dst_reset/release_pipe_reg[0]/C





Min Delay Paths
--------------------------------------------------------------------------------------
Slack:                    inf
  Source:                 vision_i/tx/U0/ClockGenInternal.ClockGenX/GenMMCM.DVI_ClkGenerator/LOCKED
                            (internal pin)
  Destination:            vision_i/tx/U0/ClockGenInternal.ClockGenX/PLL_LockSyncAsync/oSyncStages_reg[0]/D
                            (rising edge-triggered cell FDRE clocked by PixelClk_int  {rise@0.000ns fall@5.387ns period=13.468ns})
  Path Group:             (none)
  Path Type:              Hold (Min at Fast Process Corner)
  Data Path Delay:        0.678ns  (logic 0.000ns (0.000%)  route 0.678ns (100.000%))
  Logic Levels:           0  
  Clock Uncertainty:      0.193ns  ((TSJ^2 + DJ^2)^1/2) / 2 + PE
    Total System Jitter     (TSJ):    0.050ns
    Discrete Jitter          (DJ):    0.126ns
    Phase Error              (PE):    0.125ns
  Timing Exception:       False Path

    Location             Delay type                Incr(ns)  Path(ns)    Netlist Resource(s)
  -------------------------------------------------------------------    -------------------
    MMCME2_ADV_X1Y2      MMCME2_ADV                   0.000     0.000 r  vision_i/tx/U0/ClockGenInternal.ClockGenX/GenMMCM.DVI_ClkGenerator/LOCKED
                         net (fo=2, routed)           0.678     0.678    vision_i/tx/U0/ClockGenInternal.ClockGenX/PLL_LockSyncAsync/oSyncStages_reg[0]_0[0]
    SLICE_X105Y85        FDRE                                         r  vision_i/tx/U0/ClockGenInternal.ClockGenX/PLL_LockSyncAsync/oSyncStages_reg[0]/D
  -------------------------------------------------------------------    -------------------

                         (clock PixelClk_int rise edge)
                                                      0.000     0.000 r  <hidden>
    N18                                               0.000     0.000 r  hdmi_in_clk_p
                         net (fo=0)                   0.000     0.000    vision_i/rx/U0/TMDS_ClockingX/TMDS_Clk_p
    N18                  IBUFDS (Prop_ibufds_I_O)     0.499     0.499 r  vision_i/rx/U0/TMDS_ClockingX/InputBuffer/O
                         net (fo=1, routed)           0.480     0.979    vision_i/rx/U0/TMDS_ClockingX/CLK_IN_hdmi_clk
    MMCME2_ADV_X1Y1      MMCME2_ADV (Prop_mmcme2_adv_CLKIN1_CLKOUT0)
                                                      0.054     1.033 r  vision_i/rx/U0/TMDS_ClockingX/DVI_ClkGenerator/CLKOUT0
                         net (fo=2, routed)           0.402     1.435    vision_i/rx/U0/TMDS_ClockingX/CLK_OUT_5x_hdmi_clk
    BUFR_X1Y5            BUFR (Prop_bufr_I_O)         0.431     1.866 r  vision_i/rx/U0/TMDS_ClockingX/PixelClkBuffer/O
                         net (fo=367, routed)         0.332     2.198    vision_i/rx/U0/GenerateBUFG.ResyncToBUFG_X/InstBUFG_0
    BUFGCTRL_X0Y18       BUFG (Prop_bufg_I_O)         0.029     2.227 r  vision_i/rx/U0/GenerateBUFG.ResyncToBUFG_X/InstBUFG/O
                         net (fo=3334, routed)        0.874     3.101    vision_i/tx/U0/ClockGenInternal.ClockGenX/PLL_LockSyncAsync/PixelClk
    SLICE_X105Y85        FDRE                                         r  vision_i/tx/U0/ClockGenInternal.ClockGenX/PLL_LockSyncAsync/oSyncStages_reg[0]/C





--------------------------------------------------------------------------------------
Path Group:  (none)
From Clock:  PixelClk_int
  To Clock:  PixelClk_int

Max Delay           116 Endpoints
Min Delay           116 Endpoints
--------------------------------------------------------------------------------------


Max Delay Paths
--------------------------------------------------------------------------------------
Slack:                    inf
  Source:                 vision_i/snapshot_ila/inst/<hidden>/<hidden>/<hidden>/<hidden>/<hidden>/<hidden>/<hidden>/<hidden>/<hidden>/<hidden>/<hidden>
                            (rising edge-triggered cell SRL16E clocked by PixelClk_int  {rise@0.000ns fall@5.387ns period=13.468ns})
  Destination:            vision_i/snapshot_ila/inst/<hidden>/<hidden>/<hidden>/<hidden>/<hidden>/<hidden>
                            (rising edge-triggered cell FDRE clocked by PixelClk_int  {rise@0.000ns fall@5.387ns period=13.468ns})
  Path Group:             (none)
  Path Type:              Setup (Max at Slow Process Corner)
  Data Path Delay:        4.918ns  (logic 2.521ns (51.262%)  route 2.397ns (48.738%))
  Logic Levels:           2  (CARRY4=1 LUT2=1)
  Clock Path Skew:        -0.731ns (DCD - SCD + CPR)
    Destination Clock Delay (DCD):    6.424ns
    Source Clock Delay      (SCD):    7.155ns
    Clock Pessimism Removal (CPR):    0.000ns
  Clock Uncertainty:      0.072ns  ((TSJ^2 + DJ^2)^1/2) / 2 + PE
    Total System Jitter     (TSJ):    0.071ns
    Discrete Jitter          (DJ):    0.126ns
    Phase Error              (PE):    0.000ns
  Timing Exception:       False Path

    Location             Delay type                Incr(ns)  Path(ns)    Netlist Resource(s)
  -------------------------------------------------------------------    -------------------
                         (clock PixelClk_int rise edge)
                                                      0.000     0.000 r  <hidden>
    N18                                               0.000     0.000 r  hdmi_in_clk_p
                         net (fo=0)                   0.000     0.000    vision_i/rx/U0/TMDS_ClockingX/TMDS_Clk_p
    N18                  IBUFDS (Prop_ibufds_I_O)     0.930     0.930 r  vision_i/rx/U0/TMDS_ClockingX/InputBuffer/O
                         net (fo=1, routed)           1.285     2.215    vision_i/rx/U0/TMDS_ClockingX/CLK_IN_hdmi_clk
    MMCME2_ADV_X1Y1      MMCME2_ADV (Prop_mmcme2_adv_CLKIN1_CLKOUT0)
                                                      0.089     2.304 r  vision_i/rx/U0/TMDS_ClockingX/DVI_ClkGenerator/CLKOUT0
                         net (fo=2, routed)           1.063     3.367    vision_i/rx/U0/TMDS_ClockingX/CLK_OUT_5x_hdmi_clk
    BUFR_X1Y5            BUFR (Prop_bufr_I_O)         1.031     4.398 r  vision_i/rx/U0/TMDS_ClockingX/PixelClkBuffer/O
                         net (fo=367, routed)         0.945     5.343    vision_i/rx/U0/GenerateBUFG.ResyncToBUFG_X/InstBUFG_0
    BUFGCTRL_X0Y18       BUFG (Prop_bufg_I_O)         0.101     5.444 r  vision_i/rx/U0/GenerateBUFG.ResyncToBUFG_X/InstBUFG/O
                         net (fo=3334, routed)        1.711     7.155    vision_i/snapshot_ila/inst/<hidden>/<hidden>/<hidden>/<hidden>/<hidden>/<hidden>/<hidden>/<hidden>/<hidden>/<hidden>
    SLICE_X58Y91         SRL16E                                       r  vision_i/snapshot_ila/inst/<hidden>/<hidden>/<hidden>/<hidden>/<hidden>/<hidden>/<hidden>/<hidden>/<hidden>/<hidden>/<hidden>
  -------------------------------------------------------------------    -------------------
    SLICE_X58Y91         SRL16E (Prop_srl16e_CLK_Q)
                                                      1.617     8.772 r  vision_i/snapshot_ila/inst/<hidden>/<hidden>/<hidden>/<hidden>/<hidden>/<hidden>/<hidden>/<hidden>/<hidden>/<hidden>/<hidden>
                         net (fo=1, routed)           0.629     9.401    vision_i/snapshot_ila/inst/<hidden>/<hidden>/<hidden>/<hidden>/<hidden>/<hidden>/<hidden>/<hidden>/<hidden>
    SLICE_X58Y90         CARRY4 (Prop_carry4_DI[0]_CO[3])
                                                      0.754    10.155 r  vision_i/snapshot_ila/inst/<hidden>/<hidden>/<hidden>/<hidden>/<hidden>/<hidden>/<hidden>/<hidden>/<hidden>/<hidden>
                         net (fo=1, routed)           1.252    11.407    vision_i/snapshot_ila/inst/<hidden>/<hidden>/<hidden>
    SLICE_X52Y90         LUT2 (Prop_lut2_I1_O)        0.150    11.557 r  vision_i/snapshot_ila/inst/<hidden>/<hidden>/<hidden>/<hidden>
                         net (fo=1, routed)           0.516    12.073    vision_i/snapshot_ila/inst/<hidden>/<hidden>/<hidden>/<hidden>/<hidden>
    SLICE_X51Y91         FDRE                                         r  vision_i/snapshot_ila/inst/<hidden>/<hidden>/<hidden>/<hidden>/<hidden>/<hidden>
  -------------------------------------------------------------------    -------------------

                         (clock PixelClk_int rise edge)
                                                      0.000     0.000 r  <hidden>
    N18                                               0.000     0.000 r  hdmi_in_clk_p
                         net (fo=0)                   0.000     0.000    vision_i/rx/U0/TMDS_ClockingX/TMDS_Clk_p
    N18                  IBUFDS (Prop_ibufds_I_O)     0.887     0.887 r  vision_i/rx/U0/TMDS_ClockingX/InputBuffer/O
                         net (fo=1, routed)           1.162     2.049    vision_i/rx/U0/TMDS_ClockingX/CLK_IN_hdmi_clk
    MMCME2_ADV_X1Y1      MMCME2_ADV (Prop_mmcme2_adv_CLKIN1_CLKOUT0)
                                                      0.084     2.133 r  vision_i/rx/U0/TMDS_ClockingX/DVI_ClkGenerator/CLKOUT0
                         net (fo=2, routed)           0.960     3.093    vision_i/rx/U0/TMDS_ClockingX/CLK_OUT_5x_hdmi_clk
    BUFR_X1Y5            BUFR (Prop_bufr_I_O)         0.918     4.011 r  vision_i/rx/U0/TMDS_ClockingX/PixelClkBuffer/O
                         net (fo=367, routed)         0.858     4.869    vision_i/rx/U0/GenerateBUFG.ResyncToBUFG_X/InstBUFG_0
    BUFGCTRL_X0Y18       BUFG (Prop_bufg_I_O)         0.091     4.960 r  vision_i/rx/U0/GenerateBUFG.ResyncToBUFG_X/InstBUFG/O
                         net (fo=3334, routed)        1.465     6.424    vision_i/snapshot_ila/inst/<hidden>/<hidden>/<hidden>/<hidden>/<hidden>
    SLICE_X51Y91         FDRE                                         r  vision_i/snapshot_ila/inst/<hidden>/<hidden>/<hidden>/<hidden>/<hidden>/<hidden>





Min Delay Paths
--------------------------------------------------------------------------------------
Slack:                    inf
  Source:                 vision_i/rx/U0/LockLostReset/SyncAsyncx/oSyncStages_reg[1]/C
                            (rising edge-triggered cell FDPE clocked by PixelClk_int  {rise@0.000ns fall@5.387ns period=13.468ns})
  Destination:            vision_i/rx/U0/DataDecoders[2].DecoderX/SyncBaseOvf/SyncAsyncx/oSyncStages_reg[0]/CLR
                            (removal check against rising-edge clock PixelClk_int  {rise@0.000ns fall@5.387ns period=13.468ns})
  Path Group:             (none)
  Path Type:              Removal (Min at Fast Process Corner)
  Data Path Delay:        0.545ns  (logic 0.128ns (23.465%)  route 0.417ns (76.535%))
  Logic Levels:           0  
  Clock Path Skew:        0.328ns (DCD - SCD - CPR)
    Destination Clock Delay (DCD):    2.180ns
    Source Clock Delay      (SCD):    1.851ns
    Clock Pessimism Removal (CPR):    -0.000ns
  Clock Uncertainty:      0.072ns  ((TSJ^2 + DJ^2)^1/2) / 2 + PE
    Total System Jitter     (TSJ):    0.071ns
    Discrete Jitter          (DJ):    0.126ns
    Phase Error              (PE):    0.000ns
  Timing Exception:       False Path

    Location             Delay type                Incr(ns)  Path(ns)    Netlist Resource(s)
  -------------------------------------------------------------------    -------------------
                         (clock PixelClk_int rise edge)
                                                      0.000     0.000 r  <hidden>
    N18                                               0.000     0.000 r  hdmi_in_clk_p
                         net (fo=0)                   0.000     0.000    vision_i/rx/U0/TMDS_ClockingX/TMDS_Clk_p
    N18                  IBUFDS (Prop_ibufds_I_O)     0.451     0.451 r  vision_i/rx/U0/TMDS_ClockingX/InputBuffer/O
                         net (fo=1, routed)           0.440     0.891    vision_i/rx/U0/TMDS_ClockingX/CLK_IN_hdmi_clk
    MMCME2_ADV_X1Y1      MMCME2_ADV (Prop_mmcme2_adv_CLKIN1_CLKOUT0)
                                                      0.051     0.942 r  vision_i/rx/U0/TMDS_ClockingX/DVI_ClkGenerator/CLKOUT0
                         net (fo=2, routed)           0.363     1.305    vision_i/rx/U0/TMDS_ClockingX/CLK_OUT_5x_hdmi_clk
    BUFR_X1Y5            BUFR (Prop_bufr_I_O)         0.270     1.575 r  vision_i/rx/U0/TMDS_ClockingX/PixelClkBuffer/O
                         net (fo=367, routed)         0.276     1.851    vision_i/rx/U0/LockLostReset/SyncAsyncx/oSyncStages_reg[1]_0
    SLICE_X103Y74        FDPE                                         r  vision_i/rx/U0/LockLostReset/SyncAsyncx/oSyncStages_reg[1]/C
  -------------------------------------------------------------------    -------------------
    SLICE_X103Y74        FDPE (Prop_fdpe_C_Q)         0.128     1.979 f  vision_i/rx/U0/LockLostReset/SyncAsyncx/oSyncStages_reg[1]/Q
                         net (fo=27, routed)          0.417     2.397    vision_i/rx/U0/DataDecoders[2].DecoderX/SyncBaseOvf/SyncAsyncx/oSyncStages_reg[1]_0[0]
    SLICE_X104Y70        FDCE                                         f  vision_i/rx/U0/DataDecoders[2].DecoderX/SyncBaseOvf/SyncAsyncx/oSyncStages_reg[0]/CLR
  -------------------------------------------------------------------    -------------------

                         (clock PixelClk_int rise edge)
                                                      0.000     0.000 r  <hidden>
    N18                                               0.000     0.000 r  hdmi_in_clk_p
                         net (fo=0)                   0.000     0.000    vision_i/rx/U0/TMDS_ClockingX/TMDS_Clk_p
    N18                  IBUFDS (Prop_ibufds_I_O)     0.499     0.499 r  vision_i/rx/U0/TMDS_ClockingX/InputBuffer/O
                         net (fo=1, routed)           0.480     0.979    vision_i/rx/U0/TMDS_ClockingX/CLK_IN_hdmi_clk
    MMCME2_ADV_X1Y1      MMCME2_ADV (Prop_mmcme2_adv_CLKIN1_CLKOUT0)
                                                      0.054     1.033 r  vision_i/rx/U0/TMDS_ClockingX/DVI_ClkGenerator/CLKOUT0
                         net (fo=2, routed)           0.402     1.435    vision_i/rx/U0/TMDS_ClockingX/CLK_OUT_5x_hdmi_clk
    BUFR_X1Y5            BUFR (Prop_bufr_I_O)         0.431     1.866 r  vision_i/rx/U0/TMDS_ClockingX/PixelClkBuffer/O
                         net (fo=367, routed)         0.314     2.180    vision_i/rx/U0/DataDecoders[2].DecoderX/SyncBaseOvf/SyncAsyncx/CLK
    SLICE_X104Y70        FDCE                                         r  vision_i/rx/U0/DataDecoders[2].DecoderX/SyncBaseOvf/SyncAsyncx/oSyncStages_reg[0]/C





--------------------------------------------------------------------------------------
Path Group:  (none)
From Clock:  clk_fpga_0
  To Clock:  PixelClk_int

Max Delay             1 Endpoint
Min Delay            36 Endpoints
--------------------------------------------------------------------------------------


Max Delay Paths
--------------------------------------------------------------------------------------
Slack:                    inf
  Source:                 vision_i/pipe/inst/u_pipeline/u_vision/u_config/request_reg/C
                            (rising edge-triggered cell FDCE clocked by clk_fpga_0  {rise@0.000ns fall@5.000ns period=10.000ns})
  Destination:            vision_i/pipe/inst/u_pipeline/u_vision/u_config/req_meta_reg/D
                            (rising edge-triggered cell FDCE clocked by PixelClk_int  {rise@0.000ns fall@5.387ns period=13.468ns})
  Path Group:             (none)
  Path Type:              Setup (Max at Slow Process Corner)
  Data Path Delay:        0.924ns  (logic 0.456ns (49.349%)  route 0.468ns (50.651%))
  Logic Levels:           0  
  Clock Path Skew:        3.494ns (DCD - SCD + CPR)
    Destination Clock Delay (DCD):    6.427ns
    Source Clock Delay      (SCD):    2.933ns
    Clock Pessimism Removal (CPR):    0.000ns
  Clock Uncertainty:      0.291ns  ((TSJ^2 + TIJ^2 + DJ^2)^1/2) / 2 + PE
    Total System Jitter     (TSJ):    0.071ns
    Total Input Jitter      (TIJ):    0.300ns
    Discrete Jitter          (DJ):    0.126ns
    Phase Error              (PE):    0.125ns
  Timing Exception:       False Path

    Location             Delay type                Incr(ns)  Path(ns)    Netlist Resource(s)
  -------------------------------------------------------------------    -------------------
                         (clock clk_fpga_0 rise edge)
                                                      0.000     0.000 r  <hidden>
    PS7_X0Y0             PS7                          0.000     0.000 r  vision_i/ps7/inst/PS7_i/FCLKCLK[0]
                         net (fo=1, routed)           1.193     1.193    vision_i/ps7/inst/FCLK_CLK_unbuffered[0]
    BUFGCTRL_X0Y16       BUFG (Prop_bufg_I_O)         0.101     1.294 r  vision_i/ps7/inst/buffer_fclk_clk_0.FCLK_CLK_0_BUFG/O
                         net (fo=1051, routed)        1.639     2.933    vision_i/pipe/inst/u_pipeline/u_vision/u_config/s_axi_aclk
    SLICE_X47Y80         FDCE                                         r  vision_i/pipe/inst/u_pipeline/u_vision/u_config/request_reg/C
  -------------------------------------------------------------------    -------------------
    SLICE_X47Y80         FDCE (Prop_fdce_C_Q)         0.456     3.389 r  vision_i/pipe/inst/u_pipeline/u_vision/u_config/request_reg/Q
                         net (fo=7, routed)           0.468     3.857    vision_i/pipe/inst/u_pipeline/u_vision/u_config/request
    SLICE_X46Y81         FDCE                                         r  vision_i/pipe/inst/u_pipeline/u_vision/u_config/req_meta_reg/D
  -------------------------------------------------------------------    -------------------

                         (clock PixelClk_int rise edge)
                                                      0.000     0.000 r  <hidden>
    N18                                               0.000     0.000 r  hdmi_in_clk_p
                         net (fo=0)                   0.000     0.000    vision_i/rx/U0/TMDS_ClockingX/TMDS_Clk_p
    N18                  IBUFDS (Prop_ibufds_I_O)     0.887     0.887 r  vision_i/rx/U0/TMDS_ClockingX/InputBuffer/O
                         net (fo=1, routed)           1.162     2.049    vision_i/rx/U0/TMDS_ClockingX/CLK_IN_hdmi_clk
    MMCME2_ADV_X1Y1      MMCME2_ADV (Prop_mmcme2_adv_CLKIN1_CLKOUT0)
                                                      0.084     2.133 r  vision_i/rx/U0/TMDS_ClockingX/DVI_ClkGenerator/CLKOUT0
                         net (fo=2, routed)           0.960     3.093    vision_i/rx/U0/TMDS_ClockingX/CLK_OUT_5x_hdmi_clk
    BUFR_X1Y5            BUFR (Prop_bufr_I_O)         0.918     4.011 r  vision_i/rx/U0/TMDS_ClockingX/PixelClkBuffer/O
                         net (fo=367, routed)         0.858     4.869    vision_i/rx/U0/GenerateBUFG.ResyncToBUFG_X/InstBUFG_0
    BUFGCTRL_X0Y18       BUFG (Prop_bufg_I_O)         0.091     4.960 r  vision_i/rx/U0/GenerateBUFG.ResyncToBUFG_X/InstBUFG/O
                         net (fo=3334, routed)        1.468     6.427    vision_i/pipe/inst/u_pipeline/u_vision/u_config/pclk
    SLICE_X46Y81         FDCE                                         r  vision_i/pipe/inst/u_pipeline/u_vision/u_config/req_meta_reg/C





Min Delay Paths
--------------------------------------------------------------------------------------
Slack:                    inf
  Source:                 vision_i/pipe/inst/u_pipeline/u_vision/u_config/hold_id_reg[31]/C
                            (rising edge-triggered cell FDCE clocked by clk_fpga_0  {rise@0.000ns fall@5.000ns period=10.000ns})
  Destination:            vision_i/pipe/inst/u_pipeline/u_vision/u_config/dst_id_reg[31]/D
                            (rising edge-triggered cell FDCE clocked by PixelClk_int  {rise@0.000ns fall@5.387ns period=13.468ns})
  Path Group:             (none)
  Path Type:              Hold (Min at Fast Process Corner)
  Data Path Delay:        0.253ns  (logic 0.141ns (55.701%)  route 0.112ns (44.299%))
  Logic Levels:           0  
  Clock Path Skew:        2.159ns (DCD - SCD - CPR)
    Destination Clock Delay (DCD):    3.049ns
    Source Clock Delay      (SCD):    0.890ns
    Clock Pessimism Removal (CPR):    -0.000ns
  Clock Uncertainty:      0.291ns  ((TSJ^2 + TIJ^2 + DJ^2)^1/2) / 2 + PE
    Total System Jitter     (TSJ):    0.071ns
    Total Input Jitter      (TIJ):    0.300ns
    Discrete Jitter          (DJ):    0.126ns
    Phase Error              (PE):    0.125ns
  Timing Exception:       False Path

    Location             Delay type                Incr(ns)  Path(ns)    Netlist Resource(s)
  -------------------------------------------------------------------    -------------------
                         (clock clk_fpga_0 rise edge)
                                                      0.000     0.000 r  <hidden>
    PS7_X0Y0             PS7                          0.000     0.000 r  vision_i/ps7/inst/PS7_i/FCLKCLK[0]
                         net (fo=1, routed)           0.310     0.310    vision_i/ps7/inst/FCLK_CLK_unbuffered[0]
    BUFGCTRL_X0Y16       BUFG (Prop_bufg_I_O)         0.026     0.336 r  vision_i/ps7/inst/buffer_fclk_clk_0.FCLK_CLK_0_BUFG/O
                         net (fo=1051, routed)        0.554     0.890    vision_i/pipe/inst/u_pipeline/u_vision/u_config/s_axi_aclk
    SLICE_X39Y88         FDCE                                         r  vision_i/pipe/inst/u_pipeline/u_vision/u_config/hold_id_reg[31]/C
  -------------------------------------------------------------------    -------------------
    SLICE_X39Y88         FDCE (Prop_fdce_C_Q)         0.141     1.031 r  vision_i/pipe/inst/u_pipeline/u_vision/u_config/hold_id_reg[31]/Q
                         net (fo=3, routed)           0.112     1.143    vision_i/pipe/inst/u_pipeline/u_vision/u_config/hold_id_reg[31]
    SLICE_X37Y88         FDCE                                         r  vision_i/pipe/inst/u_pipeline/u_vision/u_config/dst_id_reg[31]/D
  -------------------------------------------------------------------    -------------------

                         (clock PixelClk_int rise edge)
                                                      0.000     0.000 r  <hidden>
    N18                                               0.000     0.000 r  hdmi_in_clk_p
                         net (fo=0)                   0.000     0.000    vision_i/rx/U0/TMDS_ClockingX/TMDS_Clk_p
    N18                  IBUFDS (Prop_ibufds_I_O)     0.499     0.499 r  vision_i/rx/U0/TMDS_ClockingX/InputBuffer/O
                         net (fo=1, routed)           0.480     0.979    vision_i/rx/U0/TMDS_ClockingX/CLK_IN_hdmi_clk
    MMCME2_ADV_X1Y1      MMCME2_ADV (Prop_mmcme2_adv_CLKIN1_CLKOUT0)
                                                      0.054     1.033 r  vision_i/rx/U0/TMDS_ClockingX/DVI_ClkGenerator/CLKOUT0
                         net (fo=2, routed)           0.402     1.435    vision_i/rx/U0/TMDS_ClockingX/CLK_OUT_5x_hdmi_clk
    BUFR_X1Y5            BUFR (Prop_bufr_I_O)         0.431     1.866 r  vision_i/rx/U0/TMDS_ClockingX/PixelClkBuffer/O
                         net (fo=367, routed)         0.332     2.198    vision_i/rx/U0/GenerateBUFG.ResyncToBUFG_X/InstBUFG_0
    BUFGCTRL_X0Y18       BUFG (Prop_bufg_I_O)         0.029     2.227 r  vision_i/rx/U0/GenerateBUFG.ResyncToBUFG_X/InstBUFG/O
                         net (fo=3334, routed)        0.822     3.049    vision_i/pipe/inst/u_pipeline/u_vision/u_config/pclk
    SLICE_X37Y88         FDCE                                         r  vision_i/pipe/inst/u_pipeline/u_vision/u_config/dst_id_reg[31]/C





--------------------------------------------------------------------------------------
Path Group:  (none)
From Clock:  clk_fpga_2
  To Clock:  PixelClk_int

Max Delay             7 Endpoints
Min Delay             7 Endpoints
--------------------------------------------------------------------------------------


Max Delay Paths
--------------------------------------------------------------------------------------
Slack:                    inf
  Source:                 vision_i/rx/U0/TMDS_ClockingX/aLocked_reg/C
                            (rising edge-triggered cell FDCE clocked by clk_fpga_2  {rise@0.000ns fall@2.500ns period=5.000ns})
  Destination:            vision_i/rx/U0/LockLostReset/SyncAsyncx/oSyncStages_reg[0]/PRE
                            (recovery check against rising-edge clock PixelClk_int  {rise@0.000ns fall@5.387ns period=13.468ns})
  Path Group:             (none)
  Path Type:              Recovery (Max at Slow Process Corner)
  Data Path Delay:        1.692ns  (logic 0.642ns (37.947%)  route 1.050ns (62.053%))
  Logic Levels:           1  (LUT1=1)
  Clock Path Skew:        1.760ns (DCD - SCD + CPR)
    Destination Clock Delay (DCD):    4.819ns
    Source Clock Delay      (SCD):    3.059ns
    Clock Pessimism Removal (CPR):    0.000ns
  Clock Uncertainty:      0.229ns  ((TSJ^2 + TIJ^2 + DJ^2)^1/2) / 2 + PE
    Total System Jitter     (TSJ):    0.071ns
    Total Input Jitter      (TIJ):    0.150ns
    Discrete Jitter          (DJ):    0.126ns
    Phase Error              (PE):    0.125ns
  Timing Exception:       False Path

    Location             Delay type                Incr(ns)  Path(ns)    Netlist Resource(s)
  -------------------------------------------------------------------    -------------------
                         (clock clk_fpga_2 rise edge)
                                                      0.000     0.000 r  <hidden>
    PS7_X0Y0             PS7                          0.000     0.000 r  vision_i/ps7/inst/PS7_i/FCLKCLK[2]
                         net (fo=1, routed)           1.193     1.193    vision_i/ps7/inst/FCLK_CLK_unbuffered[2]
    BUFGCTRL_X0Y17       BUFG (Prop_bufg_I_O)         0.101     1.294 r  vision_i/ps7/inst/buffer_fclk_clk_2.FCLK_CLK_2_BUFG/O
                         net (fo=158, routed)         1.765     3.059    vision_i/rx/U0/TMDS_ClockingX/RefClk
    SLICE_X102Y74        FDCE                                         r  vision_i/rx/U0/TMDS_ClockingX/aLocked_reg/C
  -------------------------------------------------------------------    -------------------
    SLICE_X102Y74        FDCE (Prop_fdce_C_Q)         0.518     3.577 r  vision_i/rx/U0/TMDS_ClockingX/aLocked_reg/Q
                         net (fo=1, routed)           0.521     4.098    vision_i/rx/U0/TMDS_ClockingX/aPixelClkLckd
    SLICE_X102Y74        LUT1 (Prop_lut1_I0_O)        0.124     4.222 f  vision_i/rx/U0/TMDS_ClockingX/aRst_int_inferred_i_1__0/O
                         net (fo=4, routed)           0.529     4.751    vision_i/rx/U0/LockLostReset/SyncAsyncx/AS[0]
    SLICE_X103Y74        FDPE                                         f  vision_i/rx/U0/LockLostReset/SyncAsyncx/oSyncStages_reg[0]/PRE
  -------------------------------------------------------------------    -------------------

                         (clock PixelClk_int rise edge)
                                                      0.000     0.000 r  <hidden>
    N18                                               0.000     0.000 r  hdmi_in_clk_p
                         net (fo=0)                   0.000     0.000    vision_i/rx/U0/TMDS_ClockingX/TMDS_Clk_p
    N18                  IBUFDS (Prop_ibufds_I_O)     0.887     0.887 r  vision_i/rx/U0/TMDS_ClockingX/InputBuffer/O
                         net (fo=1, routed)           1.162     2.049    vision_i/rx/U0/TMDS_ClockingX/CLK_IN_hdmi_clk
    MMCME2_ADV_X1Y1      MMCME2_ADV (Prop_mmcme2_adv_CLKIN1_CLKOUT0)
                                                      0.084     2.133 r  vision_i/rx/U0/TMDS_ClockingX/DVI_ClkGenerator/CLKOUT0
                         net (fo=2, routed)           0.960     3.093    vision_i/rx/U0/TMDS_ClockingX/CLK_OUT_5x_hdmi_clk
    BUFR_X1Y5            BUFR (Prop_bufr_I_O)         0.918     4.011 r  vision_i/rx/U0/TMDS_ClockingX/PixelClkBuffer/O
                         net (fo=367, routed)         0.808     4.819    vision_i/rx/U0/LockLostReset/SyncAsyncx/oSyncStages_reg[1]_0
    SLICE_X103Y74        FDPE                                         r  vision_i/rx/U0/LockLostReset/SyncAsyncx/oSyncStages_reg[0]/C





Min Delay Paths
--------------------------------------------------------------------------------------
Slack:                    inf
  Source:                 vision_i/rx/U0/DataDecoders[2].DecoderX/SyncBaseOvf/iIn_q_reg/C
                            (rising edge-triggered cell FDCE clocked by clk_fpga_2  {rise@0.000ns fall@2.500ns period=5.000ns})
  Destination:            vision_i/rx/U0/DataDecoders[2].DecoderX/SyncBaseOvf/SyncAsyncx/oSyncStages_reg[0]/D
                            (rising edge-triggered cell FDCE clocked by PixelClk_int  {rise@0.000ns fall@5.387ns period=13.468ns})
  Path Group:             (none)
  Path Type:              Hold (Min at Fast Process Corner)
  Data Path Delay:        0.339ns  (logic 0.164ns (48.412%)  route 0.175ns (51.588%))
  Logic Levels:           0  
  Clock Path Skew:        1.244ns (DCD - SCD - CPR)
    Destination Clock Delay (DCD):    2.180ns
    Source Clock Delay      (SCD):    0.936ns
    Clock Pessimism Removal (CPR):    -0.000ns
  Clock Uncertainty:      0.229ns  ((TSJ^2 + TIJ^2 + DJ^2)^1/2) / 2 + PE
    Total System Jitter     (TSJ):    0.071ns
    Total Input Jitter      (TIJ):    0.150ns
    Discrete Jitter          (DJ):    0.126ns
    Phase Error              (PE):    0.125ns
  Timing Exception:       False Path

    Location             Delay type                Incr(ns)  Path(ns)    Netlist Resource(s)
  -------------------------------------------------------------------    -------------------
                         (clock clk_fpga_2 rise edge)
                                                      0.000     0.000 r  <hidden>
    PS7_X0Y0             PS7                          0.000     0.000 r  vision_i/ps7/inst/PS7_i/FCLKCLK[2]
                         net (fo=1, routed)           0.310     0.310    vision_i/ps7/inst/FCLK_CLK_unbuffered[2]
    BUFGCTRL_X0Y17       BUFG (Prop_bufg_I_O)         0.026     0.336 r  vision_i/ps7/inst/buffer_fclk_clk_2.FCLK_CLK_2_BUFG/O
                         net (fo=158, routed)         0.600     0.936    vision_i/rx/U0/DataDecoders[2].DecoderX/SyncBaseOvf/RefClk
    SLICE_X102Y69        FDCE                                         r  vision_i/rx/U0/DataDecoders[2].DecoderX/SyncBaseOvf/iIn_q_reg/C
  -------------------------------------------------------------------    -------------------
    SLICE_X102Y69        FDCE (Prop_fdce_C_Q)         0.164     1.100 r  vision_i/rx/U0/DataDecoders[2].DecoderX/SyncBaseOvf/iIn_q_reg/Q
                         net (fo=1, routed)           0.175     1.274    vision_i/rx/U0/DataDecoders[2].DecoderX/SyncBaseOvf/SyncAsyncx/D[0]
    SLICE_X104Y70        FDCE                                         r  vision_i/rx/U0/DataDecoders[2].DecoderX/SyncBaseOvf/SyncAsyncx/oSyncStages_reg[0]/D
  -------------------------------------------------------------------    -------------------

                         (clock PixelClk_int rise edge)
                                                      0.000     0.000 r  <hidden>
    N18                                               0.000     0.000 r  hdmi_in_clk_p
                         net (fo=0)                   0.000     0.000    vision_i/rx/U0/TMDS_ClockingX/TMDS_Clk_p
    N18                  IBUFDS (Prop_ibufds_I_O)     0.499     0.499 r  vision_i/rx/U0/TMDS_ClockingX/InputBuffer/O
                         net (fo=1, routed)           0.480     0.979    vision_i/rx/U0/TMDS_ClockingX/CLK_IN_hdmi_clk
    MMCME2_ADV_X1Y1      MMCME2_ADV (Prop_mmcme2_adv_CLKIN1_CLKOUT0)
                                                      0.054     1.033 r  vision_i/rx/U0/TMDS_ClockingX/DVI_ClkGenerator/CLKOUT0
                         net (fo=2, routed)           0.402     1.435    vision_i/rx/U0/TMDS_ClockingX/CLK_OUT_5x_hdmi_clk
    BUFR_X1Y5            BUFR (Prop_bufr_I_O)         0.431     1.866 r  vision_i/rx/U0/TMDS_ClockingX/PixelClkBuffer/O
                         net (fo=367, routed)         0.314     2.180    vision_i/rx/U0/DataDecoders[2].DecoderX/SyncBaseOvf/SyncAsyncx/CLK
    SLICE_X104Y70        FDCE                                         r  vision_i/rx/U0/DataDecoders[2].DecoderX/SyncBaseOvf/SyncAsyncx/oSyncStages_reg[0]/C





--------------------------------------------------------------------------------------
Path Group:  (none)
From Clock:  dbg_hub/inst/BSCANID.u_xsdbm_id/SWITCH_N_EXT_BSCAN.bscan_inst/SERIES7_BSCAN.bscan_inst/TCK
  To Clock:  PixelClk_int

Max Delay            78 Endpoints
Min Delay            86 Endpoints
--------------------------------------------------------------------------------------


Max Delay Paths
--------------------------------------------------------------------------------------
Slack:                    inf
  Source:                 dbg_hub/inst/BSCANID.u_xsdbm_id/CORE_XSDB.UUT_MASTER/U_ICON_INTERFACE/U_CMD4/icn_cmd_en_temp_reg/C
                            (rising edge-triggered cell FDRE clocked by dbg_hub/inst/BSCANID.u_xsdbm_id/SWITCH_N_EXT_BSCAN.bscan_inst/SERIES7_BSCAN.bscan_inst/TCK  {rise@0.000ns fall@16.500ns period=33.000ns})
  Destination:            dbg_hub/inst/BSCANID.u_xsdbm_id/CORE_XSDB.UUT_MASTER/U_ICON_INTERFACE/U_CMD4/ctl_reg_en_1_reg[0]/D
                            (rising edge-triggered cell FDRE clocked by PixelClk_int  {rise@0.000ns fall@5.387ns period=13.468ns})
  Path Group:             (none)
  Path Type:              Setup (Max at Slow Process Corner)
  Data Path Delay:        1.987ns  (logic 0.456ns (22.944%)  route 1.531ns (77.056%))
  Logic Levels:           0  
  Clock Path Skew:        2.295ns (DCD - SCD + CPR)
    Destination Clock Delay (DCD):    6.604ns
    Source Clock Delay      (SCD):    4.309ns
    Clock Pessimism Removal (CPR):    0.000ns
  Clock Uncertainty:      0.197ns  ((TSJ^2 + DJ^2)^1/2) / 2 + PE
    Total System Jitter     (TSJ):    0.071ns
    Discrete Jitter          (DJ):    0.126ns
    Phase Error              (PE):    0.125ns
  Timing Exception:       False Path

    Location             Delay type                Incr(ns)  Path(ns)    Netlist Resource(s)
  -------------------------------------------------------------------    -------------------
                         (clock dbg_hub/inst/BSCANID.u_xsdbm_id/SWITCH_N_EXT_BSCAN.bscan_inst/SERIES7_BSCAN.bscan_inst/TCK rise edge)
                                                      0.000     0.000 r  <hidden>
    BSCAN_X0Y0           BSCANE2                      0.000     0.000 r  dbg_hub/inst/BSCANID.u_xsdbm_id/SWITCH_N_EXT_BSCAN.bscan_inst/SERIES7_BSCAN.bscan_inst/TCK
                         net (fo=1, routed)           2.306     2.306    dbg_hub/inst/BSCANID.u_xsdbm_id/tck_bs
    BUFGCTRL_X0Y0        BUFG (Prop_bufg_I_O)         0.101     2.407 r  dbg_hub/inst/BSCANID.u_xsdbm_id/SWITCH_N_EXT_BSCAN.u_bufg_icon_tck/O
                         net (fo=482, routed)         1.902     4.309    dbg_hub/inst/BSCANID.u_xsdbm_id/CORE_XSDB.UUT_MASTER/U_ICON_INTERFACE/U_CMD4/m_bscan_tck[0]
    SLICE_X55Y112        FDRE                                         r  dbg_hub/inst/BSCANID.u_xsdbm_id/CORE_XSDB.UUT_MASTER/U_ICON_INTERFACE/U_CMD4/icn_cmd_en_temp_reg/C
  -------------------------------------------------------------------    -------------------
    SLICE_X55Y112        FDRE (Prop_fdre_C_Q)         0.456     4.765 r  dbg_hub/inst/BSCANID.u_xsdbm_id/CORE_XSDB.UUT_MASTER/U_ICON_INTERFACE/U_CMD4/icn_cmd_en_temp_reg/Q
                         net (fo=29, routed)          1.531     6.296    dbg_hub/inst/BSCANID.u_xsdbm_id/CORE_XSDB.UUT_MASTER/U_ICON_INTERFACE/U_CMD4/icn_cmd_en_temp
    SLICE_X48Y116        FDRE                                         r  dbg_hub/inst/BSCANID.u_xsdbm_id/CORE_XSDB.UUT_MASTER/U_ICON_INTERFACE/U_CMD4/ctl_reg_en_1_reg[0]/D
  -------------------------------------------------------------------    -------------------

                         (clock PixelClk_int rise edge)
                                                      0.000     0.000 r  <hidden>
    N18                                               0.000     0.000 r  hdmi_in_clk_p
                         net (fo=0)                   0.000     0.000    vision_i/rx/U0/TMDS_ClockingX/TMDS_Clk_p
    N18                  IBUFDS (Prop_ibufds_I_O)     0.887     0.887 r  vision_i/rx/U0/TMDS_ClockingX/InputBuffer/O
                         net (fo=1, routed)           1.162     2.049    vision_i/rx/U0/TMDS_ClockingX/CLK_IN_hdmi_clk
    MMCME2_ADV_X1Y1      MMCME2_ADV (Prop_mmcme2_adv_CLKIN1_CLKOUT0)
                                                      0.084     2.133 r  vision_i/rx/U0/TMDS_ClockingX/DVI_ClkGenerator/CLKOUT0
                         net (fo=2, routed)           0.960     3.093    vision_i/rx/U0/TMDS_ClockingX/CLK_OUT_5x_hdmi_clk
    BUFR_X1Y5            BUFR (Prop_bufr_I_O)         0.918     4.011 r  vision_i/rx/U0/TMDS_ClockingX/PixelClkBuffer/O
                         net (fo=367, routed)         0.858     4.869    vision_i/rx/U0/GenerateBUFG.ResyncToBUFG_X/InstBUFG_0
    BUFGCTRL_X0Y18       BUFG (Prop_bufg_I_O)         0.091     4.960 r  vision_i/rx/U0/GenerateBUFG.ResyncToBUFG_X/InstBUFG/O
                         net (fo=3334, routed)        1.644     6.604    dbg_hub/inst/BSCANID.u_xsdbm_id/CORE_XSDB.UUT_MASTER/U_ICON_INTERFACE/U_CMD4/clk
    SLICE_X48Y116        FDRE                                         r  dbg_hub/inst/BSCANID.u_xsdbm_id/CORE_XSDB.UUT_MASTER/U_ICON_INTERFACE/U_CMD4/ctl_reg_en_1_reg[0]/C





Min Delay Paths
--------------------------------------------------------------------------------------
Slack:                    inf
  Source:                 dbg_hub/inst/BSCANID.u_xsdbm_id/CORE_XSDB.UUT_MASTER/U_ICON_INTERFACE/U_CMD5/shift_reg_in_reg[0]/C
                            (rising edge-triggered cell FDRE clocked by dbg_hub/inst/BSCANID.u_xsdbm_id/SWITCH_N_EXT_BSCAN.bscan_inst/SERIES7_BSCAN.bscan_inst/TCK  {rise@0.000ns fall@16.500ns period=33.000ns})
  Destination:            dbg_hub/inst/BSCANID.u_xsdbm_id/CORE_XSDB.UUT_MASTER/U_ICON_INTERFACE/U_CMD5/ctl_reg_reg[0]/D
                            (rising edge-triggered cell FDRE clocked by PixelClk_int  {rise@0.000ns fall@5.387ns period=13.468ns})
  Path Group:             (none)
  Path Type:              Hold (Min at Fast Process Corner)
  Data Path Delay:        0.242ns  (logic 0.128ns (52.920%)  route 0.114ns (47.080%))
  Logic Levels:           0  
  Clock Path Skew:        1.443ns (DCD - SCD - CPR)
    Destination Clock Delay (DCD):    3.132ns
    Source Clock Delay      (SCD):    1.689ns
    Clock Pessimism Removal (CPR):    -0.000ns
  Clock Uncertainty:      0.197ns  ((TSJ^2 + DJ^2)^1/2) / 2 + PE
    Total System Jitter     (TSJ):    0.071ns
    Discrete Jitter          (DJ):    0.126ns
    Phase Error              (PE):    0.125ns
  Timing Exception:       False Path

    Location             Delay type                Incr(ns)  Path(ns)    Netlist Resource(s)
  -------------------------------------------------------------------    -------------------
                         (clock dbg_hub/inst/BSCANID.u_xsdbm_id/SWITCH_N_EXT_BSCAN.bscan_inst/SERIES7_BSCAN.bscan_inst/TCK rise edge)
                                                      0.000     0.000 r  <hidden>
    BSCAN_X0Y0           BSCANE2                      0.000     0.000 r  dbg_hub/inst/BSCANID.u_xsdbm_id/SWITCH_N_EXT_BSCAN.bscan_inst/SERIES7_BSCAN.bscan_inst/TCK
                         net (fo=1, routed)           1.028     1.028    dbg_hub/inst/BSCANID.u_xsdbm_id/tck_bs
    BUFGCTRL_X0Y0        BUFG (Prop_bufg_I_O)         0.026     1.054 r  dbg_hub/inst/BSCANID.u_xsdbm_id/SWITCH_N_EXT_BSCAN.u_bufg_icon_tck/O
                         net (fo=482, routed)         0.635     1.689    dbg_hub/inst/BSCANID.u_xsdbm_id/CORE_XSDB.UUT_MASTER/U_ICON_INTERFACE/U_CMD5/m_bscan_tck[0]
    SLICE_X52Y109        FDRE                                         r  dbg_hub/inst/BSCANID.u_xsdbm_id/CORE_XSDB.UUT_MASTER/U_ICON_INTERFACE/U_CMD5/shift_reg_in_reg[0]/C
  -------------------------------------------------------------------    -------------------
    SLICE_X52Y109        FDRE (Prop_fdre_C_Q)         0.128     1.817 r  dbg_hub/inst/BSCANID.u_xsdbm_id/CORE_XSDB.UUT_MASTER/U_ICON_INTERFACE/U_CMD5/shift_reg_in_reg[0]/Q
                         net (fo=2, routed)           0.114     1.931    dbg_hub/inst/BSCANID.u_xsdbm_id/CORE_XSDB.UUT_MASTER/U_ICON_INTERFACE/U_CMD5/shift_reg_in[0]
    SLICE_X51Y108        FDRE                                         r  dbg_hub/inst/BSCANID.u_xsdbm_id/CORE_XSDB.UUT_MASTER/U_ICON_INTERFACE/U_CMD5/ctl_reg_reg[0]/D
  -------------------------------------------------------------------    -------------------

                         (clock PixelClk_int rise edge)
                                                      0.000     0.000 r  <hidden>
    N18                                               0.000     0.000 r  hdmi_in_clk_p
                         net (fo=0)                   0.000     0.000    vision_i/rx/U0/TMDS_ClockingX/TMDS_Clk_p
    N18                  IBUFDS (Prop_ibufds_I_O)     0.499     0.499 r  vision_i/rx/U0/TMDS_ClockingX/InputBuffer/O
                         net (fo=1, routed)           0.480     0.979    vision_i/rx/U0/TMDS_ClockingX/CLK_IN_hdmi_clk
    MMCME2_ADV_X1Y1      MMCME2_ADV (Prop_mmcme2_adv_CLKIN1_CLKOUT0)
                                                      0.054     1.033 r  vision_i/rx/U0/TMDS_ClockingX/DVI_ClkGenerator/CLKOUT0
                         net (fo=2, routed)           0.402     1.435    vision_i/rx/U0/TMDS_ClockingX/CLK_OUT_5x_hdmi_clk
    BUFR_X1Y5            BUFR (Prop_bufr_I_O)         0.431     1.866 r  vision_i/rx/U0/TMDS_ClockingX/PixelClkBuffer/O
                         net (fo=367, routed)         0.332     2.198    vision_i/rx/U0/GenerateBUFG.ResyncToBUFG_X/InstBUFG_0
    BUFGCTRL_X0Y18       BUFG (Prop_bufg_I_O)         0.029     2.227 r  vision_i/rx/U0/GenerateBUFG.ResyncToBUFG_X/InstBUFG/O
                         net (fo=3334, routed)        0.905     3.132    dbg_hub/inst/BSCANID.u_xsdbm_id/CORE_XSDB.UUT_MASTER/U_ICON_INTERFACE/U_CMD5/clk
    SLICE_X51Y108        FDRE                                         r  dbg_hub/inst/BSCANID.u_xsdbm_id/CORE_XSDB.UUT_MASTER/U_ICON_INTERFACE/U_CMD5/ctl_reg_reg[0]/C





--------------------------------------------------------------------------------------
Path Group:  (none)
From Clock:  
  To Clock:  clk_fpga_0

Max Delay             4 Endpoints
Min Delay             4 Endpoints
--------------------------------------------------------------------------------------


Max Delay Paths
--------------------------------------------------------------------------------------
Slack:                    inf
  Source:                 vision_i/ps7/inst/PS7_i/FCLKRESETN[0]
                            (internal pin)
  Destination:            vision_i/pipe/inst/u_pipeline/u_vision/u_config/u_src_reset/release_pipe_reg[0]/CLR
                            (recovery check against rising-edge clock clk_fpga_0  {rise@0.000ns fall@5.000ns period=10.000ns})
  Path Group:             (none)
  Path Type:              Recovery (Max at Slow Process Corner)
  Data Path Delay:        6.008ns  (logic 0.124ns (2.064%)  route 5.884ns (97.936%))
  Logic Levels:           1  (LUT2=1)
  Clock Uncertainty:      0.152ns  ((TSJ^2 + TIJ^2)^1/2 + DJ) / 2 + PE
    Total System Jitter     (TSJ):    0.050ns
    Total Input Jitter      (TIJ):    0.300ns
    Discrete Jitter          (DJ):    0.000ns
    Phase Error              (PE):    0.000ns
  Timing Exception:       False Path

    Location             Delay type                Incr(ns)  Path(ns)    Netlist Resource(s)
  -------------------------------------------------------------------    -------------------
    PS7_X0Y0             PS7                          0.000     0.000 r  vision_i/ps7/inst/PS7_i/FCLKRESETN[0]
                         net (fo=5, routed)           2.834     2.834    vision_i/pipe/inst/u_pipeline/s_axi_aresetn
    SLICE_X101Y76        LUT2 (Prop_lut2_I1_O)        0.124     2.958 f  vision_i/pipe/inst/u_pipeline/release_pipe[1]_i_1/O
                         net (fo=10, routed)          3.050     6.008    vision_i/pipe/inst/u_pipeline/u_vision/u_config/u_src_reset/release_pipe_reg[0]_0
    SLICE_X45Y81         FDCE                                         f  vision_i/pipe/inst/u_pipeline/u_vision/u_config/u_src_reset/release_pipe_reg[0]/CLR
  -------------------------------------------------------------------    -------------------

                         (clock clk_fpga_0 rise edge)
                                                      0.000     0.000 r  <hidden>
    PS7_X0Y0             PS7                          0.000     0.000 r  vision_i/ps7/inst/PS7_i/FCLKCLK[0]
                         net (fo=1, routed)           1.088     1.088    vision_i/ps7/inst/FCLK_CLK_unbuffered[0]
    BUFGCTRL_X0Y16       BUFG (Prop_bufg_I_O)         0.091     1.179 r  vision_i/ps7/inst/buffer_fclk_clk_0.FCLK_CLK_0_BUFG/O
                         net (fo=1051, routed)        1.468     2.647    vision_i/pipe/inst/u_pipeline/u_vision/u_config/u_src_reset/s_axi_aclk
    SLICE_X45Y81         FDCE                                         r  vision_i/pipe/inst/u_pipeline/u_vision/u_config/u_src_reset/release_pipe_reg[0]/C





Min Delay Paths
--------------------------------------------------------------------------------------
Slack:                    inf
  Source:                 vision_i/ps7/inst/PS7_i/FCLKRESETN[0]
                            (internal pin)
  Destination:            vision_i/pipe/inst/u_pipeline/u_vision/u_axi_reset/release_pipe_reg[0]/CLR
                            (removal check against rising-edge clock clk_fpga_0  {rise@0.000ns fall@5.000ns period=10.000ns})
  Path Group:             (none)
  Path Type:              Removal (Min at Fast Process Corner)
  Data Path Delay:        2.315ns  (logic 0.045ns (1.944%)  route 2.270ns (98.056%))
  Logic Levels:           1  (LUT2=1)
  Clock Uncertainty:      0.152ns  ((TSJ^2 + TIJ^2)^1/2 + DJ) / 2 + PE
    Total System Jitter     (TSJ):    0.050ns
    Total Input Jitter      (TIJ):    0.300ns
    Discrete Jitter          (DJ):    0.000ns
    Phase Error              (PE):    0.000ns
  Timing Exception:       False Path

    Location             Delay type                Incr(ns)  Path(ns)    Netlist Resource(s)
  -------------------------------------------------------------------    -------------------
    PS7_X0Y0             PS7                          0.000     0.000 r  vision_i/ps7/inst/PS7_i/FCLKRESETN[0]
                         net (fo=5, routed)           1.207     1.207    vision_i/pipe/inst/u_pipeline/s_axi_aresetn
    SLICE_X101Y76        LUT2 (Prop_lut2_I1_O)        0.045     1.252 f  vision_i/pipe/inst/u_pipeline/release_pipe[1]_i_1/O
                         net (fo=10, routed)          1.063     2.315    vision_i/pipe/inst/u_pipeline/u_vision/u_axi_reset/release_pipe_reg[0]_0
    SLICE_X56Y85         FDCE                                         f  vision_i/pipe/inst/u_pipeline/u_vision/u_axi_reset/release_pipe_reg[0]/CLR
  -------------------------------------------------------------------    -------------------

                         (clock clk_fpga_0 rise edge)
                                                      0.000     0.000 r  <hidden>
    PS7_X0Y0             PS7                          0.000     0.000 r  vision_i/ps7/inst/PS7_i/FCLKCLK[0]
                         net (fo=1, routed)           0.337     0.337    vision_i/ps7/inst/FCLK_CLK_unbuffered[0]
    BUFGCTRL_X0Y16       BUFG (Prop_bufg_I_O)         0.029     0.366 r  vision_i/ps7/inst/buffer_fclk_clk_0.FCLK_CLK_0_BUFG/O
                         net (fo=1051, routed)        0.842     1.208    vision_i/pipe/inst/u_pipeline/u_vision/u_axi_reset/s_axi_aclk
    SLICE_X56Y85         FDCE                                         r  vision_i/pipe/inst/u_pipeline/u_vision/u_axi_reset/release_pipe_reg[0]/C





--------------------------------------------------------------------------------------
Path Group:  (none)
From Clock:  PixelClk_int
  To Clock:  clk_fpga_0

Max Delay             5 Endpoints
Min Delay             5 Endpoints
--------------------------------------------------------------------------------------


Max Delay Paths
--------------------------------------------------------------------------------------
Slack:                    inf
  Source:                 vision_i/rx/U0/LockedSync/SyncAsyncx/oSyncStages_reg[1]/C
                            (rising edge-triggered cell FDCE clocked by PixelClk_int  {rise@0.000ns fall@5.387ns period=13.468ns})
  Destination:            vision_i/pipe/inst/u_pipeline/u_vision/u_config/u_src_reset/release_pipe_reg[0]/CLR
                            (recovery check against rising-edge clock clk_fpga_0  {rise@0.000ns fall@5.000ns period=10.000ns})
  Path Group:             (none)
  Path Type:              Recovery (Max at Slow Process Corner)
  Data Path Delay:        4.645ns  (logic 0.715ns (15.392%)  route 3.930ns (84.608%))
  Logic Levels:           1  (LUT2=1)
  Clock Path Skew:        -2.621ns (DCD - SCD + CPR)
    Destination Clock Delay (DCD):    2.647ns
    Source Clock Delay      (SCD):    5.268ns
    Clock Pessimism Removal (CPR):    0.000ns
  Clock Uncertainty:      0.291ns  ((TSJ^2 + TIJ^2 + DJ^2)^1/2) / 2 + PE
    Total System Jitter     (TSJ):    0.071ns
    Total Input Jitter      (TIJ):    0.300ns
    Discrete Jitter          (DJ):    0.126ns
    Phase Error              (PE):    0.125ns
  Timing Exception:       False Path

    Location             Delay type                Incr(ns)  Path(ns)    Netlist Resource(s)
  -------------------------------------------------------------------    -------------------
                         (clock PixelClk_int rise edge)
                                                      0.000     0.000 r  <hidden>
    N18                                               0.000     0.000 r  hdmi_in_clk_p
                         net (fo=0)                   0.000     0.000    vision_i/rx/U0/TMDS_ClockingX/TMDS_Clk_p
    N18                  IBUFDS (Prop_ibufds_I_O)     0.930     0.930 r  vision_i/rx/U0/TMDS_ClockingX/InputBuffer/O
                         net (fo=1, routed)           1.285     2.215    vision_i/rx/U0/TMDS_ClockingX/CLK_IN_hdmi_clk
    MMCME2_ADV_X1Y1      MMCME2_ADV (Prop_mmcme2_adv_CLKIN1_CLKOUT0)
                                                      0.089     2.304 r  vision_i/rx/U0/TMDS_ClockingX/DVI_ClkGenerator/CLKOUT0
                         net (fo=2, routed)           1.063     3.367    vision_i/rx/U0/TMDS_ClockingX/CLK_OUT_5x_hdmi_clk
    BUFR_X1Y5            BUFR (Prop_bufr_I_O)         1.031     4.398 r  vision_i/rx/U0/TMDS_ClockingX/PixelClkBuffer/O
                         net (fo=367, routed)         0.870     5.268    vision_i/rx/U0/LockedSync/SyncAsyncx/oSyncStages_reg[1]_0
    SLICE_X103Y74        FDCE                                         r  vision_i/rx/U0/LockedSync/SyncAsyncx/oSyncStages_reg[1]/C
  -------------------------------------------------------------------    -------------------
    SLICE_X103Y74        FDCE (Prop_fdce_C_Q)         0.419     5.687 r  vision_i/rx/U0/LockedSync/SyncAsyncx/oSyncStages_reg[1]/Q
                         net (fo=2, routed)           0.880     6.568    vision_i/pipe/inst/u_pipeline/video_locked
    SLICE_X101Y76        LUT2 (Prop_lut2_I0_O)        0.296     6.864 f  vision_i/pipe/inst/u_pipeline/release_pipe[1]_i_1/O
                         net (fo=10, routed)          3.050     9.914    vision_i/pipe/inst/u_pipeline/u_vision/u_config/u_src_reset/release_pipe_reg[0]_0
    SLICE_X45Y81         FDCE                                         f  vision_i/pipe/inst/u_pipeline/u_vision/u_config/u_src_reset/release_pipe_reg[0]/CLR
  -------------------------------------------------------------------    -------------------

                         (clock clk_fpga_0 rise edge)
                                                      0.000     0.000 r  <hidden>
    PS7_X0Y0             PS7                          0.000     0.000 r  vision_i/ps7/inst/PS7_i/FCLKCLK[0]
                         net (fo=1, routed)           1.088     1.088    vision_i/ps7/inst/FCLK_CLK_unbuffered[0]
    BUFGCTRL_X0Y16       BUFG (Prop_bufg_I_O)         0.091     1.179 r  vision_i/ps7/inst/buffer_fclk_clk_0.FCLK_CLK_0_BUFG/O
                         net (fo=1051, routed)        1.468     2.647    vision_i/pipe/inst/u_pipeline/u_vision/u_config/u_src_reset/s_axi_aclk
    SLICE_X45Y81         FDCE                                         r  vision_i/pipe/inst/u_pipeline/u_vision/u_config/u_src_reset/release_pipe_reg[0]/C





Min Delay Paths
--------------------------------------------------------------------------------------
Slack:                    inf
  Source:                 vision_i/pipe/inst/u_pipeline/u_vision/u_config/acknowledge_reg/C
                            (rising edge-triggered cell FDCE clocked by PixelClk_int  {rise@0.000ns fall@5.387ns period=13.468ns})
  Destination:            vision_i/pipe/inst/u_pipeline/u_vision/u_config/ack_meta_reg/D
                            (rising edge-triggered cell FDCE clocked by clk_fpga_0  {rise@0.000ns fall@5.000ns period=10.000ns})
  Path Group:             (none)
  Path Type:              Hold (Min at Fast Process Corner)
  Data Path Delay:        0.561ns  (logic 0.164ns (29.235%)  route 0.397ns (70.765%))
  Logic Levels:           0  
  Clock Path Skew:        -1.263ns (DCD - SCD - CPR)
    Destination Clock Delay (DCD):    1.180ns
    Source Clock Delay      (SCD):    2.443ns
    Clock Pessimism Removal (CPR):    -0.000ns
  Clock Uncertainty:      0.291ns  ((TSJ^2 + TIJ^2 + DJ^2)^1/2) / 2 + PE
    Total System Jitter     (TSJ):    0.071ns
    Total Input Jitter      (TIJ):    0.300ns
    Discrete Jitter          (DJ):    0.126ns
    Phase Error              (PE):    0.125ns
  Timing Exception:       False Path

    Location             Delay type                Incr(ns)  Path(ns)    Netlist Resource(s)
  -------------------------------------------------------------------    -------------------
                         (clock PixelClk_int rise edge)
                                                      0.000     0.000 r  <hidden>
    N18                                               0.000     0.000 r  hdmi_in_clk_p
                         net (fo=0)                   0.000     0.000    vision_i/rx/U0/TMDS_ClockingX/TMDS_Clk_p
    N18                  IBUFDS (Prop_ibufds_I_O)     0.451     0.451 r  vision_i/rx/U0/TMDS_ClockingX/InputBuffer/O
                         net (fo=1, routed)           0.440     0.891    vision_i/rx/U0/TMDS_ClockingX/CLK_IN_hdmi_clk
    MMCME2_ADV_X1Y1      MMCME2_ADV (Prop_mmcme2_adv_CLKIN1_CLKOUT0)
                                                      0.051     0.942 r  vision_i/rx/U0/TMDS_ClockingX/DVI_ClkGenerator/CLKOUT0
                         net (fo=2, routed)           0.363     1.305    vision_i/rx/U0/TMDS_ClockingX/CLK_OUT_5x_hdmi_clk
    BUFR_X1Y5            BUFR (Prop_bufr_I_O)         0.270     1.575 r  vision_i/rx/U0/TMDS_ClockingX/PixelClkBuffer/O
                         net (fo=367, routed)         0.294     1.869    vision_i/rx/U0/GenerateBUFG.ResyncToBUFG_X/InstBUFG_0
    BUFGCTRL_X0Y18       BUFG (Prop_bufg_I_O)         0.026     1.895 r  vision_i/rx/U0/GenerateBUFG.ResyncToBUFG_X/InstBUFG/O
                         net (fo=3334, routed)        0.548     2.443    vision_i/pipe/inst/u_pipeline/u_vision/u_config/pclk
    SLICE_X46Y80         FDCE                                         r  vision_i/pipe/inst/u_pipeline/u_vision/u_config/acknowledge_reg/C
  -------------------------------------------------------------------    -------------------
    SLICE_X46Y80         FDCE (Prop_fdce_C_Q)         0.164     2.607 r  vision_i/pipe/inst/u_pipeline/u_vision/u_config/acknowledge_reg/Q
                         net (fo=2, routed)           0.397     3.004    vision_i/pipe/inst/u_pipeline/u_vision/u_config/acknowledge
    SLICE_X39Y80         FDCE                                         r  vision_i/pipe/inst/u_pipeline/u_vision/u_config/ack_meta_reg/D
  -------------------------------------------------------------------    -------------------

                         (clock clk_fpga_0 rise edge)
                                                      0.000     0.000 r  <hidden>
    PS7_X0Y0             PS7                          0.000     0.000 r  vision_i/ps7/inst/PS7_i/FCLKCLK[0]
                         net (fo=1, routed)           0.337     0.337    vision_i/ps7/inst/FCLK_CLK_unbuffered[0]
    BUFGCTRL_X0Y16       BUFG (Prop_bufg_I_O)         0.029     0.366 r  vision_i/ps7/inst/buffer_fclk_clk_0.FCLK_CLK_0_BUFG/O
                         net (fo=1051, routed)        0.814     1.180    vision_i/pipe/inst/u_pipeline/u_vision/u_config/s_axi_aclk
    SLICE_X39Y80         FDCE                                         r  vision_i/pipe/inst/u_pipeline/u_vision/u_config/ack_meta_reg/C





--------------------------------------------------------------------------------------
Path Group:  (none)
From Clock:  
  To Clock:  clk_fpga_2

Max Delay             4 Endpoints
Min Delay             4 Endpoints
--------------------------------------------------------------------------------------


Max Delay Paths
--------------------------------------------------------------------------------------
Slack:                    inf
  Source:                 vision_i/ps7/inst/PS7_i/FCLKRESETN[0]
                            (internal pin)
  Destination:            vision_i/rx/U0/TMDS_ClockingX/LockLostReset/SyncAsyncx/oSyncStages_reg[0]/PRE
                            (recovery check against rising-edge clock clk_fpga_2  {rise@0.000ns fall@2.500ns period=5.000ns})
  Path Group:             (none)
  Path Type:              Recovery (Max at Slow Process Corner)
  Data Path Delay:        3.377ns  (logic 0.152ns (4.501%)  route 3.225ns (95.499%))
  Logic Levels:           1  (LUT1=1)
  Clock Uncertainty:      0.079ns  ((TSJ^2 + TIJ^2)^1/2 + DJ) / 2 + PE
    Total System Jitter     (TSJ):    0.050ns
    Total Input Jitter      (TIJ):    0.150ns
    Discrete Jitter          (DJ):    0.000ns
    Phase Error              (PE):    0.000ns
  Timing Exception:       False Path

    Location             Delay type                Incr(ns)  Path(ns)    Netlist Resource(s)
  -------------------------------------------------------------------    -------------------
    PS7_X0Y0             PS7                          0.000     0.000 r  vision_i/ps7/inst/PS7_i/FCLKRESETN[0]
                         net (fo=5, routed)           2.834     2.834    vision_i/rx/U0/TMDS_ClockingX/LockLostReset/aRst_n
    SLICE_X101Y76        LUT1 (Prop_lut1_I0_O)        0.152     2.986 f  vision_i/rx/U0/TMDS_ClockingX/LockLostReset/aRst_int_inferred_i_1__1/O
                         net (fo=2, routed)           0.391     3.377    vision_i/rx/U0/TMDS_ClockingX/LockLostReset/SyncAsyncx/AS[0]
    SLICE_X101Y76        FDPE                                         f  vision_i/rx/U0/TMDS_ClockingX/LockLostReset/SyncAsyncx/oSyncStages_reg[0]/PRE
  -------------------------------------------------------------------    -------------------

                         (clock clk_fpga_2 rise edge)
                                                      0.000     0.000 r  <hidden>
    PS7_X0Y0             PS7                          0.000     0.000 r  vision_i/ps7/inst/PS7_i/FCLKCLK[2]
                         net (fo=1, routed)           1.088     1.088    vision_i/ps7/inst/FCLK_CLK_unbuffered[2]
    BUFGCTRL_X0Y17       BUFG (Prop_bufg_I_O)         0.091     1.179 r  vision_i/ps7/inst/buffer_fclk_clk_2.FCLK_CLK_2_BUFG/O
                         net (fo=158, routed)         1.593     2.772    vision_i/rx/U0/TMDS_ClockingX/LockLostReset/SyncAsyncx/RefClk
    SLICE_X101Y76        FDPE                                         r  vision_i/rx/U0/TMDS_ClockingX/LockLostReset/SyncAsyncx/oSyncStages_reg[0]/C





Min Delay Paths
--------------------------------------------------------------------------------------
Slack:                    inf
  Source:                 vision_i/rx/U0/TMDS_ClockingX/IDelayCtrlX/RDY
                            (internal pin)
  Destination:            vision_i/rx/U0/TMDS_ClockingX/RdyLostReset/SyncAsyncx/oSyncStages_reg[0]/PRE
                            (removal check against rising-edge clock clk_fpga_2  {rise@0.000ns fall@2.500ns period=5.000ns})
  Path Group:             (none)
  Path Type:              Removal (Min at Fast Process Corner)
  Data Path Delay:        0.830ns  (logic 0.045ns (5.421%)  route 0.785ns (94.579%))
  Logic Levels:           1  (LUT1=1)
  Clock Uncertainty:      0.079ns  ((TSJ^2 + TIJ^2)^1/2 + DJ) / 2 + PE
    Total System Jitter     (TSJ):    0.050ns
    Total Input Jitter      (TIJ):    0.150ns
    Discrete Jitter          (DJ):    0.000ns
    Phase Error              (PE):    0.000ns
  Timing Exception:       False Path

    Location             Delay type                Incr(ns)  Path(ns)    Netlist Resource(s)
  -------------------------------------------------------------------    -------------------
    IDELAYCTRL_X1Y1      IDELAYCTRL                   0.000     0.000 r  vision_i/rx/U0/TMDS_ClockingX/IDelayCtrlX/RDY
                         net (fo=1, routed)           0.613     0.613    vision_i/rx/U0/TMDS_ClockingX/RdyLostReset/aDlyLckd
    SLICE_X101Y74        LUT1 (Prop_lut1_I0_O)        0.045     0.658 f  vision_i/rx/U0/TMDS_ClockingX/RdyLostReset/aRst_int_inferred_i_1/O
                         net (fo=2, routed)           0.173     0.830    vision_i/rx/U0/TMDS_ClockingX/RdyLostReset/SyncAsyncx/AS[0]
    SLICE_X101Y74        FDPE                                         f  vision_i/rx/U0/TMDS_ClockingX/RdyLostReset/SyncAsyncx/oSyncStages_reg[0]/PRE
  -------------------------------------------------------------------    -------------------

                         (clock clk_fpga_2 rise edge)
                                                      0.000     0.000 r  <hidden>
    PS7_X0Y0             PS7                          0.000     0.000 r  vision_i/ps7/inst/PS7_i/FCLKCLK[2]
                         net (fo=1, routed)           0.337     0.337    vision_i/ps7/inst/FCLK_CLK_unbuffered[2]
    BUFGCTRL_X0Y17       BUFG (Prop_bufg_I_O)         0.029     0.366 r  vision_i/ps7/inst/buffer_fclk_clk_2.FCLK_CLK_2_BUFG/O
                         net (fo=158, routed)         0.862     1.228    vision_i/rx/U0/TMDS_ClockingX/RdyLostReset/SyncAsyncx/RefClk
    SLICE_X101Y74        FDPE                                         r  vision_i/rx/U0/TMDS_ClockingX/RdyLostReset/SyncAsyncx/oSyncStages_reg[0]/C





--------------------------------------------------------------------------------------
Path Group:  (none)
From Clock:  PixelClk_int
  To Clock:  clk_fpga_2

Max Delay            12 Endpoints
Min Delay            12 Endpoints
--------------------------------------------------------------------------------------


Max Delay Paths
--------------------------------------------------------------------------------------
Slack:                    inf
  Source:                 vision_i/rx/U0/LockLostReset/SyncAsyncx/oSyncStages_reg[1]/C
                            (rising edge-triggered cell FDPE clocked by PixelClk_int  {rise@0.000ns fall@5.387ns period=13.468ns})
  Destination:            vision_i/rx/U0/DataDecoders[1].DecoderX/SyncBaseOvf/iIn_q_reg/CLR
                            (recovery check against rising-edge clock clk_fpga_2  {rise@0.000ns fall@2.500ns period=5.000ns})
  Path Group:             (none)
  Path Type:              Recovery (Max at Slow Process Corner)
  Data Path Delay:        2.281ns  (logic 0.419ns (18.368%)  route 1.862ns (81.632%))
  Logic Levels:           0  
  Clock Path Skew:        -2.411ns (DCD - SCD + CPR)
    Destination Clock Delay (DCD):    2.857ns
    Source Clock Delay      (SCD):    5.268ns
    Clock Pessimism Removal (CPR):    0.000ns
  Clock Uncertainty:      0.229ns  ((TSJ^2 + TIJ^2 + DJ^2)^1/2) / 2 + PE
    Total System Jitter     (TSJ):    0.071ns
    Total Input Jitter      (TIJ):    0.150ns
    Discrete Jitter          (DJ):    0.126ns
    Phase Error              (PE):    0.125ns
  Timing Exception:       False Path

    Location             Delay type                Incr(ns)  Path(ns)    Netlist Resource(s)
  -------------------------------------------------------------------    -------------------
                         (clock PixelClk_int rise edge)
                                                      0.000     0.000 r  <hidden>
    N18                                               0.000     0.000 r  hdmi_in_clk_p
                         net (fo=0)                   0.000     0.000    vision_i/rx/U0/TMDS_ClockingX/TMDS_Clk_p
    N18                  IBUFDS (Prop_ibufds_I_O)     0.930     0.930 r  vision_i/rx/U0/TMDS_ClockingX/InputBuffer/O
                         net (fo=1, routed)           1.285     2.215    vision_i/rx/U0/TMDS_ClockingX/CLK_IN_hdmi_clk
    MMCME2_ADV_X1Y1      MMCME2_ADV (Prop_mmcme2_adv_CLKIN1_CLKOUT0)
                                                      0.089     2.304 r  vision_i/rx/U0/TMDS_ClockingX/DVI_ClkGenerator/CLKOUT0
                         net (fo=2, routed)           1.063     3.367    vision_i/rx/U0/TMDS_ClockingX/CLK_OUT_5x_hdmi_clk
    BUFR_X1Y5            BUFR (Prop_bufr_I_O)         1.031     4.398 r  vision_i/rx/U0/TMDS_ClockingX/PixelClkBuffer/O
                         net (fo=367, routed)         0.870     5.268    vision_i/rx/U0/LockLostReset/SyncAsyncx/oSyncStages_reg[1]_0
    SLICE_X103Y74        FDPE                                         r  vision_i/rx/U0/LockLostReset/SyncAsyncx/oSyncStages_reg[1]/C
  -------------------------------------------------------------------    -------------------
    SLICE_X103Y74        FDPE (Prop_fdpe_C_Q)         0.419     5.687 f  vision_i/rx/U0/LockLostReset/SyncAsyncx/oSyncStages_reg[1]/Q
                         net (fo=27, routed)          1.862     7.549    vision_i/rx/U0/DataDecoders[1].DecoderX/SyncBaseOvf/AS[0]
    SLICE_X107Y64        FDCE                                         f  vision_i/rx/U0/DataDecoders[1].DecoderX/SyncBaseOvf/iIn_q_reg/CLR
  -------------------------------------------------------------------    -------------------

                         (clock clk_fpga_2 rise edge)
                                                      0.000     0.000 r  <hidden>
    PS7_X0Y0             PS7                          0.000     0.000 r  vision_i/ps7/inst/PS7_i/FCLKCLK[2]
                         net (fo=1, routed)           1.088     1.088    vision_i/ps7/inst/FCLK_CLK_unbuffered[2]
    BUFGCTRL_X0Y17       BUFG (Prop_bufg_I_O)         0.091     1.179 r  vision_i/ps7/inst/buffer_fclk_clk_2.FCLK_CLK_2_BUFG/O
                         net (fo=158, routed)         1.678     2.857    vision_i/rx/U0/DataDecoders[1].DecoderX/SyncBaseOvf/RefClk
    SLICE_X107Y64        FDCE                                         r  vision_i/rx/U0/DataDecoders[1].DecoderX/SyncBaseOvf/iIn_q_reg/C





Min Delay Paths
--------------------------------------------------------------------------------------
Slack:                    inf
  Source:                 vision_i/rx/U0/DataDecoders[0].DecoderX/SyncBaseRst/iIn_q_reg/C
                            (rising edge-triggered cell FDPE clocked by PixelClk_int  {rise@0.000ns fall@5.387ns period=13.468ns})
  Destination:            vision_i/rx/U0/DataDecoders[0].DecoderX/SyncBaseRst/SyncAsyncx/oSyncStages_reg[0]/D
                            (rising edge-triggered cell FDPE clocked by clk_fpga_2  {rise@0.000ns fall@2.500ns period=5.000ns})
  Path Group:             (none)
  Path Type:              Hold (Min at Fast Process Corner)
  Data Path Delay:        0.296ns  (logic 0.141ns (47.613%)  route 0.155ns (52.387%))
  Logic Levels:           0  
  Clock Path Skew:        -0.565ns (DCD - SCD - CPR)
    Destination Clock Delay (DCD):    1.269ns
    Source Clock Delay      (SCD):    1.834ns
    Clock Pessimism Removal (CPR):    -0.000ns
  Clock Uncertainty:      0.229ns  ((TSJ^2 + TIJ^2 + DJ^2)^1/2) / 2 + PE
    Total System Jitter     (TSJ):    0.071ns
    Total Input Jitter      (TIJ):    0.150ns
    Discrete Jitter          (DJ):    0.126ns
    Phase Error              (PE):    0.125ns
  Timing Exception:       False Path

    Location             Delay type                Incr(ns)  Path(ns)    Netlist Resource(s)
  -------------------------------------------------------------------    -------------------
                         (clock PixelClk_int rise edge)
                                                      0.000     0.000 r  <hidden>
    N18                                               0.000     0.000 r  hdmi_in_clk_p
                         net (fo=0)                   0.000     0.000    vision_i/rx/U0/TMDS_ClockingX/TMDS_Clk_p
    N18                  IBUFDS (Prop_ibufds_I_O)     0.451     0.451 r  vision_i/rx/U0/TMDS_ClockingX/InputBuffer/O
                         net (fo=1, routed)           0.440     0.891    vision_i/rx/U0/TMDS_ClockingX/CLK_IN_hdmi_clk
    MMCME2_ADV_X1Y1      MMCME2_ADV (Prop_mmcme2_adv_CLKIN1_CLKOUT0)
                                                      0.051     0.942 r  vision_i/rx/U0/TMDS_ClockingX/DVI_ClkGenerator/CLKOUT0
                         net (fo=2, routed)           0.363     1.305    vision_i/rx/U0/TMDS_ClockingX/CLK_OUT_5x_hdmi_clk
    BUFR_X1Y5            BUFR (Prop_bufr_I_O)         0.270     1.575 r  vision_i/rx/U0/TMDS_ClockingX/PixelClkBuffer/O
                         net (fo=367, routed)         0.259     1.834    vision_i/rx/U0/DataDecoders[0].DecoderX/SyncBaseRst/CLK
    SLICE_X111Y63        FDPE                                         r  vision_i/rx/U0/DataDecoders[0].DecoderX/SyncBaseRst/iIn_q_reg/C
  -------------------------------------------------------------------    -------------------
    SLICE_X111Y63        FDPE (Prop_fdpe_C_Q)         0.141     1.975 r  vision_i/rx/U0/DataDecoders[0].DecoderX/SyncBaseRst/iIn_q_reg/Q
                         net (fo=1, routed)           0.155     2.131    vision_i/rx/U0/DataDecoders[0].DecoderX/SyncBaseRst/SyncAsyncx/D[0]
    SLICE_X112Y63        FDPE                                         r  vision_i/rx/U0/DataDecoders[0].DecoderX/SyncBaseRst/SyncAsyncx/oSyncStages_reg[0]/D
  -------------------------------------------------------------------    -------------------

                         (clock clk_fpga_2 rise edge)
                                                      0.000     0.000 r  <hidden>
    PS7_X0Y0             PS7                          0.000     0.000 r  vision_i/ps7/inst/PS7_i/FCLKCLK[2]
                         net (fo=1, routed)           0.337     0.337    vision_i/ps7/inst/FCLK_CLK_unbuffered[2]
    BUFGCTRL_X0Y17       BUFG (Prop_bufg_I_O)         0.029     0.366 r  vision_i/ps7/inst/buffer_fclk_clk_2.FCLK_CLK_2_BUFG/O
                         net (fo=158, routed)         0.903     1.269    vision_i/rx/U0/DataDecoders[0].DecoderX/SyncBaseRst/SyncAsyncx/RefClk
    SLICE_X112Y63        FDPE                                         r  vision_i/rx/U0/DataDecoders[0].DecoderX/SyncBaseRst/SyncAsyncx/oSyncStages_reg[0]/C





--------------------------------------------------------------------------------------
Path Group:  (none)
From Clock:  PixelClk_int
  To Clock:  dbg_hub/inst/BSCANID.u_xsdbm_id/SWITCH_N_EXT_BSCAN.bscan_inst/SERIES7_BSCAN.bscan_inst/TCK

Max Delay            94 Endpoints
Min Delay           102 Endpoints
--------------------------------------------------------------------------------------


Max Delay Paths
--------------------------------------------------------------------------------------
Slack:                    inf
  Source:                 dbg_hub/inst/BSCANID.u_xsdbm_id/CORE_XSDB.UUT_MASTER/U_ICON_INTERFACE/U_CMD1/ctl_reg_reg[0]/C
                            (rising edge-triggered cell FDRE clocked by PixelClk_int  {rise@0.000ns fall@5.387ns period=13.468ns})
  Destination:            dbg_hub/inst/BSCANID.u_xsdbm_id/CORE_XSDB.UUT_MASTER/U_ICON_INTERFACE/U_CMD7_CTL/shift_reg_in_reg[0]/R
                            (rising edge-triggered cell FDRE clocked by dbg_hub/inst/BSCANID.u_xsdbm_id/SWITCH_N_EXT_BSCAN.bscan_inst/SERIES7_BSCAN.bscan_inst/TCK  {rise@0.000ns fall@16.500ns period=33.000ns})
  Path Group:             (none)
  Path Type:              Setup (Max at Slow Process Corner)
  Data Path Delay:        3.680ns  (logic 0.456ns (12.390%)  route 3.224ns (87.610%))
  Logic Levels:           0  
  Clock Path Skew:        -3.555ns (DCD - SCD + CPR)
    Destination Clock Delay (DCD):    3.791ns
    Source Clock Delay      (SCD):    7.346ns
    Clock Pessimism Removal (CPR):    0.000ns
  Clock Uncertainty:      0.197ns  ((TSJ^2 + DJ^2)^1/2) / 2 + PE
    Total System Jitter     (TSJ):    0.071ns
    Discrete Jitter          (DJ):    0.126ns
    Phase Error              (PE):    0.125ns
  Timing Exception:       False Path

    Location             Delay type                Incr(ns)  Path(ns)    Netlist Resource(s)
  -------------------------------------------------------------------    -------------------
                         (clock PixelClk_int rise edge)
                                                      0.000     0.000 r  <hidden>
    N18                                               0.000     0.000 r  hdmi_in_clk_p
                         net (fo=0)                   0.000     0.000    vision_i/rx/U0/TMDS_ClockingX/TMDS_Clk_p
    N18                  IBUFDS (Prop_ibufds_I_O)     0.930     0.930 r  vision_i/rx/U0/TMDS_ClockingX/InputBuffer/O
                         net (fo=1, routed)           1.285     2.215    vision_i/rx/U0/TMDS_ClockingX/CLK_IN_hdmi_clk
    MMCME2_ADV_X1Y1      MMCME2_ADV (Prop_mmcme2_adv_CLKIN1_CLKOUT0)
                                                      0.089     2.304 r  vision_i/rx/U0/TMDS_ClockingX/DVI_ClkGenerator/CLKOUT0
                         net (fo=2, routed)           1.063     3.367    vision_i/rx/U0/TMDS_ClockingX/CLK_OUT_5x_hdmi_clk
    BUFR_X1Y5            BUFR (Prop_bufr_I_O)         1.031     4.398 r  vision_i/rx/U0/TMDS_ClockingX/PixelClkBuffer/O
                         net (fo=367, routed)         0.945     5.343    vision_i/rx/U0/GenerateBUFG.ResyncToBUFG_X/InstBUFG_0
    BUFGCTRL_X0Y18       BUFG (Prop_bufg_I_O)         0.101     5.444 r  vision_i/rx/U0/GenerateBUFG.ResyncToBUFG_X/InstBUFG/O
                         net (fo=3334, routed)        1.902     7.346    dbg_hub/inst/BSCANID.u_xsdbm_id/CORE_XSDB.UUT_MASTER/U_ICON_INTERFACE/U_CMD1/clk
    SLICE_X56Y110        FDRE                                         r  dbg_hub/inst/BSCANID.u_xsdbm_id/CORE_XSDB.UUT_MASTER/U_ICON_INTERFACE/U_CMD1/ctl_reg_reg[0]/C
  -------------------------------------------------------------------    -------------------
    SLICE_X56Y110        FDRE (Prop_fdre_C_Q)         0.456     7.802 r  dbg_hub/inst/BSCANID.u_xsdbm_id/CORE_XSDB.UUT_MASTER/U_ICON_INTERFACE/U_CMD1/ctl_reg_reg[0]/Q
                         net (fo=176, routed)         3.224    11.027    dbg_hub/inst/BSCANID.u_xsdbm_id/CORE_XSDB.UUT_MASTER/U_ICON_INTERFACE/U_CMD7_CTL/out
    SLICE_X55Y116        FDRE                                         r  dbg_hub/inst/BSCANID.u_xsdbm_id/CORE_XSDB.UUT_MASTER/U_ICON_INTERFACE/U_CMD7_CTL/shift_reg_in_reg[0]/R
  -------------------------------------------------------------------    -------------------

                         (clock dbg_hub/inst/BSCANID.u_xsdbm_id/SWITCH_N_EXT_BSCAN.bscan_inst/SERIES7_BSCAN.bscan_inst/TCK rise edge)
                                                      0.000     0.000 r  <hidden>
    BSCAN_X0Y0           BSCANE2                      0.000     0.000 r  dbg_hub/inst/BSCANID.u_xsdbm_id/SWITCH_N_EXT_BSCAN.bscan_inst/SERIES7_BSCAN.bscan_inst/TCK
                         net (fo=1, routed)           1.994     1.994    dbg_hub/inst/BSCANID.u_xsdbm_id/tck_bs
    BUFGCTRL_X0Y0        BUFG (Prop_bufg_I_O)         0.091     2.085 r  dbg_hub/inst/BSCANID.u_xsdbm_id/SWITCH_N_EXT_BSCAN.u_bufg_icon_tck/O
                         net (fo=482, routed)         1.706     3.791    dbg_hub/inst/BSCANID.u_xsdbm_id/CORE_XSDB.UUT_MASTER/U_ICON_INTERFACE/U_CMD7_CTL/m_bscan_tck[0]
    SLICE_X55Y116        FDRE                                         r  dbg_hub/inst/BSCANID.u_xsdbm_id/CORE_XSDB.UUT_MASTER/U_ICON_INTERFACE/U_CMD7_CTL/shift_reg_in_reg[0]/C





Min Delay Paths
--------------------------------------------------------------------------------------
Slack:                    inf
  Source:                 dbg_hub/inst/BSCANID.u_xsdbm_id/CORE_XSDB.UUT_MASTER/U_ICON_INTERFACE/U_CMD2/stat_reg_reg[0]/C
                            (rising edge-triggered cell FDRE clocked by PixelClk_int  {rise@0.000ns fall@5.387ns period=13.468ns})
  Destination:            dbg_hub/inst/BSCANID.u_xsdbm_id/CORE_XSDB.UUT_MASTER/U_ICON_INTERFACE/U_CMD2/stat_reg_1_reg[0]/D
                            (rising edge-triggered cell FDRE clocked by dbg_hub/inst/BSCANID.u_xsdbm_id/SWITCH_N_EXT_BSCAN.bscan_inst/SERIES7_BSCAN.bscan_inst/TCK  {rise@0.000ns fall@16.500ns period=33.000ns})
  Path Group:             (none)
  Path Type:              Hold (Min at Fast Process Corner)
  Data Path Delay:        0.247ns  (logic 0.128ns (51.722%)  route 0.119ns (48.278%))
  Logic Levels:           0  
  Clock Path Skew:        -0.433ns (DCD - SCD - CPR)
    Destination Clock Delay (DCD):    2.118ns
    Source Clock Delay      (SCD):    2.551ns
    Clock Pessimism Removal (CPR):    -0.000ns
  Clock Uncertainty:      0.197ns  ((TSJ^2 + DJ^2)^1/2) / 2 + PE
    Total System Jitter     (TSJ):    0.071ns
    Discrete Jitter          (DJ):    0.126ns
    Phase Error              (PE):    0.125ns
  Timing Exception:       False Path

    Location             Delay type                Incr(ns)  Path(ns)    Netlist Resource(s)
  -------------------------------------------------------------------    -------------------
                         (clock PixelClk_int rise edge)
                                                      0.000     0.000 r  <hidden>
    N18                                               0.000     0.000 r  hdmi_in_clk_p
                         net (fo=0)                   0.000     0.000    vision_i/rx/U0/TMDS_ClockingX/TMDS_Clk_p
    N18                  IBUFDS (Prop_ibufds_I_O)     0.451     0.451 r  vision_i/rx/U0/TMDS_ClockingX/InputBuffer/O
                         net (fo=1, routed)           0.440     0.891    vision_i/rx/U0/TMDS_ClockingX/CLK_IN_hdmi_clk
    MMCME2_ADV_X1Y1      MMCME2_ADV (Prop_mmcme2_adv_CLKIN1_CLKOUT0)
                                                      0.051     0.942 r  vision_i/rx/U0/TMDS_ClockingX/DVI_ClkGenerator/CLKOUT0
                         net (fo=2, routed)           0.363     1.305    vision_i/rx/U0/TMDS_ClockingX/CLK_OUT_5x_hdmi_clk
    BUFR_X1Y5            BUFR (Prop_bufr_I_O)         0.270     1.575 r  vision_i/rx/U0/TMDS_ClockingX/PixelClkBuffer/O
                         net (fo=367, routed)         0.294     1.869    vision_i/rx/U0/GenerateBUFG.ResyncToBUFG_X/InstBUFG_0
    BUFGCTRL_X0Y18       BUFG (Prop_bufg_I_O)         0.026     1.895 r  vision_i/rx/U0/GenerateBUFG.ResyncToBUFG_X/InstBUFG/O
                         net (fo=3334, routed)        0.655     2.551    dbg_hub/inst/BSCANID.u_xsdbm_id/CORE_XSDB.UUT_MASTER/U_ICON_INTERFACE/U_CMD2/clk
    SLICE_X56Y114        FDRE                                         r  dbg_hub/inst/BSCANID.u_xsdbm_id/CORE_XSDB.UUT_MASTER/U_ICON_INTERFACE/U_CMD2/stat_reg_reg[0]/C
  -------------------------------------------------------------------    -------------------
    SLICE_X56Y114        FDRE (Prop_fdre_C_Q)         0.128     2.679 r  dbg_hub/inst/BSCANID.u_xsdbm_id/CORE_XSDB.UUT_MASTER/U_ICON_INTERFACE/U_CMD2/stat_reg_reg[0]/Q
                         net (fo=1, routed)           0.119     2.798    dbg_hub/inst/BSCANID.u_xsdbm_id/CORE_XSDB.UUT_MASTER/U_ICON_INTERFACE/U_CMD2/stat_reg[0]
    SLICE_X56Y115        FDRE                                         r  dbg_hub/inst/BSCANID.u_xsdbm_id/CORE_XSDB.UUT_MASTER/U_ICON_INTERFACE/U_CMD2/stat_reg_1_reg[0]/D
  -------------------------------------------------------------------    -------------------

                         (clock dbg_hub/inst/BSCANID.u_xsdbm_id/SWITCH_N_EXT_BSCAN.bscan_inst/SERIES7_BSCAN.bscan_inst/TCK rise edge)
                                                      0.000     0.000 r  <hidden>
    BSCAN_X0Y0           BSCANE2                      0.000     0.000 r  dbg_hub/inst/BSCANID.u_xsdbm_id/SWITCH_N_EXT_BSCAN.bscan_inst/SERIES7_BSCAN.bscan_inst/TCK
                         net (fo=1, routed)           1.160     1.160    dbg_hub/inst/BSCANID.u_xsdbm_id/tck_bs
    BUFGCTRL_X0Y0        BUFG (Prop_bufg_I_O)         0.029     1.189 r  dbg_hub/inst/BSCANID.u_xsdbm_id/SWITCH_N_EXT_BSCAN.u_bufg_icon_tck/O
                         net (fo=482, routed)         0.929     2.118    dbg_hub/inst/BSCANID.u_xsdbm_id/CORE_XSDB.UUT_MASTER/U_ICON_INTERFACE/U_CMD2/m_bscan_tck[0]
    SLICE_X56Y115        FDRE                                         r  dbg_hub/inst/BSCANID.u_xsdbm_id/CORE_XSDB.UUT_MASTER/U_ICON_INTERFACE/U_CMD2/stat_reg_1_reg[0]/C





--------------------------------------------------------------------------------------
Path Group:  (none)
From Clock:  PixelClkInX5
  To Clock:  

Max Delay             8 Endpoints
Min Delay             8 Endpoints
--------------------------------------------------------------------------------------


Max Delay Paths
--------------------------------------------------------------------------------------
Slack:                    inf
  Source:                 vision_i/tx/U0/ClockSerializer/SerializerMaster/CLK
                            (rising edge-triggered cell OSERDESE2 clocked by PixelClkInX5  {rise@0.000ns fall@1.347ns period=2.694ns})
  Destination:            hdmi_out_clk_n
                            (output port)
  Path Group:             (none)
  Path Type:              Max at Slow Process Corner
  Data Path Delay:        2.420ns  (logic 2.419ns (99.959%)  route 0.001ns (0.041%))
  Logic Levels:           1  (OBUFDS=1)
  Clock Uncertainty:      0.193ns  ((TSJ^2 + DJ^2)^1/2) / 2 + PE
    Total System Jitter     (TSJ):    0.050ns
    Discrete Jitter          (DJ):    0.126ns
    Phase Error              (PE):    0.125ns

    Location             Delay type                Incr(ns)  Path(ns)    Netlist Resource(s)
  -------------------------------------------------------------------    -------------------
                         (clock PixelClkInX5 rise edge)
                                                      0.000     0.000 r  <hidden>
    N18                                               0.000     0.000 r  hdmi_in_clk_p
                         net (fo=0)                   0.000     0.000    vision_i/rx/U0/TMDS_ClockingX/TMDS_Clk_p
    N18                  IBUFDS (Prop_ibufds_I_O)     0.930     0.930 r  vision_i/rx/U0/TMDS_ClockingX/InputBuffer/O
                         net (fo=1, routed)           1.285     2.215    vision_i/rx/U0/TMDS_ClockingX/CLK_IN_hdmi_clk
    MMCME2_ADV_X1Y1      MMCME2_ADV (Prop_mmcme2_adv_CLKIN1_CLKOUT0)
                                                      0.089     2.304 r  vision_i/rx/U0/TMDS_ClockingX/DVI_ClkGenerator/CLKOUT0
                         net (fo=2, routed)           1.063     3.367    vision_i/rx/U0/TMDS_ClockingX/CLK_OUT_5x_hdmi_clk
    BUFR_X1Y5            BUFR (Prop_bufr_I_O)         1.031     4.398 r  vision_i/rx/U0/TMDS_ClockingX/PixelClkBuffer/O
                         net (fo=367, routed)         0.945     5.343    vision_i/rx/U0/GenerateBUFG.ResyncToBUFG_X/InstBUFG_0
    BUFGCTRL_X0Y18       BUFG (Prop_bufg_I_O)         0.101     5.444 r  vision_i/rx/U0/GenerateBUFG.ResyncToBUFG_X/InstBUFG/O
                         net (fo=3334, routed)        1.980     7.424    vision_i/tx/U0/ClockGenInternal.ClockGenX/PixelClk
    MMCME2_ADV_X1Y2      MMCME2_ADV (Prop_mmcme2_adv_CLKIN1_CLKOUT0)
                                                     -2.829     4.595 r  vision_i/tx/U0/ClockGenInternal.ClockGenX/GenMMCM.DVI_ClkGenerator/CLKOUT0
                         net (fo=2, routed)           0.961     5.556    vision_i/tx/U0/ClockGenInternal.ClockGenX/PixelClkInX5
    BUFIO_X1Y9           BUFIO (Prop_bufio_I_O)       1.609     7.165 r  vision_i/tx/U0/ClockGenInternal.ClockGenX/GenMMCM.SerialClkBuffer/O
                         net (fo=8, routed)           0.323     7.489    vision_i/tx/U0/ClockSerializer/SerialClk
    OLOGIC_X1Y128        OSERDESE2                                    r  vision_i/tx/U0/ClockSerializer/SerializerMaster/CLK
  -------------------------------------------------------------------    -------------------
    OLOGIC_X1Y128        OSERDESE2 (Prop_oserdese2_CLK_OQ)
                                                      0.472     7.961 r  vision_i/tx/U0/ClockSerializer/SerializerMaster/OQ
                         net (fo=1, routed)           0.001     7.962    vision_i/tx/U0/ClockSerializer/sDataOut
    L16                  OBUFDS (Prop_obufds_I_OB)    1.947     9.909 r  vision_i/tx/U0/ClockSerializer/OutputBuffer/OB
                         net (fo=0)                   0.000     9.909    hdmi_out_clk_n
    L17                                                               r  hdmi_out_clk_n
  -------------------------------------------------------------------    -------------------





Min Delay Paths
--------------------------------------------------------------------------------------
Slack:                    inf
  Source:                 vision_i/tx/U0/DataEncoders[0].DataSerializer/SerializerMaster/CLK
                            (rising edge-triggered cell OSERDESE2 clocked by PixelClkInX5  {rise@0.000ns fall@1.347ns period=2.694ns})
  Destination:            hdmi_out_data_p[0]
                            (output port)
  Path Group:             (none)
  Path Type:              Min at Fast Process Corner
  Data Path Delay:        0.984ns  (logic 0.983ns (99.898%)  route 0.001ns (0.102%))
  Logic Levels:           1  (OBUFDS=1)
  Clock Uncertainty:      0.193ns  ((TSJ^2 + DJ^2)^1/2) / 2 + PE
    Total System Jitter     (TSJ):    0.050ns
    Discrete Jitter          (DJ):    0.126ns
    Phase Error              (PE):    0.125ns

    Location             Delay type                Incr(ns)  Path(ns)    Netlist Resource(s)
  -------------------------------------------------------------------    -------------------
                         (clock PixelClkInX5 rise edge)
                                                      0.000     0.000 r  <hidden>
    N18                                               0.000     0.000 r  hdmi_in_clk_p
                         net (fo=0)                   0.000     0.000    vision_i/rx/U0/TMDS_ClockingX/TMDS_Clk_p
    N18                  IBUFDS (Prop_ibufds_I_O)     0.451     0.451 r  vision_i/rx/U0/TMDS_ClockingX/InputBuffer/O
                         net (fo=1, routed)           0.440     0.891    vision_i/rx/U0/TMDS_ClockingX/CLK_IN_hdmi_clk
    MMCME2_ADV_X1Y1      MMCME2_ADV (Prop_mmcme2_adv_CLKIN1_CLKOUT0)
                                                      0.051     0.942 r  vision_i/rx/U0/TMDS_ClockingX/DVI_ClkGenerator/CLKOUT0
                         net (fo=2, routed)           0.363     1.305    vision_i/rx/U0/TMDS_ClockingX/CLK_OUT_5x_hdmi_clk
    BUFR_X1Y5            BUFR (Prop_bufr_I_O)         0.270     1.575 r  vision_i/rx/U0/TMDS_ClockingX/PixelClkBuffer/O
                         net (fo=367, routed)         0.294     1.869    vision_i/rx/U0/GenerateBUFG.ResyncToBUFG_X/InstBUFG_0
    BUFGCTRL_X0Y18       BUFG (Prop_bufg_I_O)         0.026     1.895 r  vision_i/rx/U0/GenerateBUFG.ResyncToBUFG_X/InstBUFG/O
                         net (fo=3334, routed)        0.672     2.568    vision_i/tx/U0/ClockGenInternal.ClockGenX/PixelClk
    MMCME2_ADV_X1Y2      MMCME2_ADV (Prop_mmcme2_adv_CLKIN1_CLKOUT0)
                                                     -0.847     1.721 r  vision_i/tx/U0/ClockGenInternal.ClockGenX/GenMMCM.DVI_ClkGenerator/CLKOUT0
                         net (fo=2, routed)           0.336     2.057    vision_i/tx/U0/ClockGenInternal.ClockGenX/PixelClkInX5
    BUFIO_X1Y9           BUFIO (Prop_bufio_I_O)       0.483     2.540 r  vision_i/tx/U0/ClockGenInternal.ClockGenX/GenMMCM.SerialClkBuffer/O
                         net (fo=8, routed)           0.084     2.624    vision_i/tx/U0/DataEncoders[0].DataSerializer/SerialClk
    OLOGIC_X1Y126        OSERDESE2                                    r  vision_i/tx/U0/DataEncoders[0].DataSerializer/SerializerMaster/CLK
  -------------------------------------------------------------------    -------------------
    OLOGIC_X1Y126        OSERDESE2 (Prop_oserdese2_CLK_OQ)
                                                      0.177     2.801 r  vision_i/tx/U0/DataEncoders[0].DataSerializer/SerializerMaster/OQ
                         net (fo=1, routed)           0.001     2.802    vision_i/tx/U0/DataEncoders[0].DataSerializer/sDataOut
    K17                  OBUFDS (Prop_obufds_I_O)     0.806     3.608 r  vision_i/tx/U0/DataEncoders[0].DataSerializer/OutputBuffer/O
                         net (fo=0)                   0.000     3.608    hdmi_out_data_p[0]
    K17                                                               r  hdmi_out_data_p[0]
  -------------------------------------------------------------------    -------------------





--------------------------------------------------------------------------------------
Path Group:  (none)
From Clock:  clk_fpga_2
  To Clock:  

Max Delay             1 Endpoint
Min Delay             1 Endpoint
--------------------------------------------------------------------------------------


Max Delay Paths
--------------------------------------------------------------------------------------
Slack:                    inf
  Source:                 vision_i/rx/U0/GenerateDDC.DDC_EEPROM/I2C_SlaveController/dataByte_reg[7]/C
                            (rising edge-triggered cell FDRE clocked by clk_fpga_2  {rise@0.000ns fall@2.500ns period=5.000ns})
  Destination:            hdmi_in_ddc_sda_io
                            (output port)
  Path Group:             (none)
  Path Type:              Max at Slow Process Corner
  Data Path Delay:        6.883ns  (logic 4.429ns (64.340%)  route 2.455ns (35.660%))
  Logic Levels:           2  (LUT4=1 OBUFT=1)
  Clock Uncertainty:      0.079ns  ((TSJ^2 + TIJ^2)^1/2 + DJ) / 2 + PE
    Total System Jitter     (TSJ):    0.050ns
    Total Input Jitter      (TIJ):    0.150ns
    Discrete Jitter          (DJ):    0.000ns
    Phase Error              (PE):    0.000ns

    Location             Delay type                Incr(ns)  Path(ns)    Netlist Resource(s)
  -------------------------------------------------------------------    -------------------
                         (clock clk_fpga_2 rise edge)
                                                      0.000     0.000 r  <hidden>
    PS7_X0Y0             PS7                          0.000     0.000 r  vision_i/ps7/inst/PS7_i/FCLKCLK[2]
                         net (fo=1, routed)           1.193     1.193    vision_i/ps7/inst/FCLK_CLK_unbuffered[2]
    BUFGCTRL_X0Y17       BUFG (Prop_bufg_I_O)         0.101     1.294 r  vision_i/ps7/inst/buffer_fclk_clk_2.FCLK_CLK_2_BUFG/O
                         net (fo=158, routed)         1.768     3.062    vision_i/rx/U0/GenerateDDC.DDC_EEPROM/I2C_SlaveController/RefClk
    SLICE_X104Y77        FDRE                                         r  vision_i/rx/U0/GenerateDDC.DDC_EEPROM/I2C_SlaveController/dataByte_reg[7]/C
  -------------------------------------------------------------------    -------------------
    SLICE_X104Y77        FDRE (Prop_fdre_C_Q)         0.478     3.540 f  vision_i/rx/U0/GenerateDDC.DDC_EEPROM/I2C_SlaveController/dataByte_reg[7]/Q
                         net (fo=2, routed)           0.813     4.353    vision_i/rx/U0/GenerateDDC.DDC_EEPROM/I2C_SlaveController/sI2C_DataIn[7]
    SLICE_X107Y77        LUT4 (Prop_lut4_I0_O)        0.296     4.649 f  vision_i/rx/U0/GenerateDDC.DDC_EEPROM/I2C_SlaveController/SDA_T_INST_0/O
                         net (fo=1, routed)           1.641     6.291    hdmi_in_ddc_sda_iobuf/T
    U15                  OBUFT (TriStatE_obuft_T_O)
                                                      3.655     9.945 r  hdmi_in_ddc_sda_iobuf/OBUFT/O
                         net (fo=1, unset)            0.000     9.945    hdmi_in_ddc_sda_io
    U15                                                               r  hdmi_in_ddc_sda_io
  -------------------------------------------------------------------    -------------------





Min Delay Paths
--------------------------------------------------------------------------------------
Slack:                    inf
  Source:                 vision_i/rx/U0/GenerateDDC.DDC_EEPROM/I2C_SlaveController/FSM_gray_state_reg[1]/C
                            (rising edge-triggered cell FDRE clocked by clk_fpga_2  {rise@0.000ns fall@2.500ns period=5.000ns})
  Destination:            hdmi_in_ddc_sda_io
                            (output port)
  Path Group:             (none)
  Path Type:              Min at Fast Process Corner
  Data Path Delay:        1.855ns  (logic 1.033ns (55.692%)  route 0.822ns (44.308%))
  Logic Levels:           2  (LUT4=1 OBUFT=1)
  Clock Uncertainty:      0.079ns  ((TSJ^2 + TIJ^2)^1/2 + DJ) / 2 + PE
    Total System Jitter     (TSJ):    0.050ns
    Total Input Jitter      (TIJ):    0.150ns
    Discrete Jitter          (DJ):    0.000ns
    Phase Error              (PE):    0.000ns

    Location             Delay type                Incr(ns)  Path(ns)    Netlist Resource(s)
  -------------------------------------------------------------------    -------------------
                         (clock clk_fpga_2 rise edge)
                                                      0.000     0.000 r  <hidden>
    PS7_X0Y0             PS7                          0.000     0.000 r  vision_i/ps7/inst/PS7_i/FCLKCLK[2]
                         net (fo=1, routed)           0.310     0.310    vision_i/ps7/inst/FCLK_CLK_unbuffered[2]
    BUFGCTRL_X0Y17       BUFG (Prop_bufg_I_O)         0.026     0.336 r  vision_i/ps7/inst/buffer_fclk_clk_2.FCLK_CLK_2_BUFG/O
                         net (fo=158, routed)         0.623     0.959    vision_i/rx/U0/GenerateDDC.DDC_EEPROM/I2C_SlaveController/RefClk
    SLICE_X108Y76        FDRE                                         r  vision_i/rx/U0/GenerateDDC.DDC_EEPROM/I2C_SlaveController/FSM_gray_state_reg[1]/C
  -------------------------------------------------------------------    -------------------
    SLICE_X108Y76        FDRE (Prop_fdre_C_Q)         0.164     1.123 r  vision_i/rx/U0/GenerateDDC.DDC_EEPROM/I2C_SlaveController/FSM_gray_state_reg[1]/Q
                         net (fo=17, routed)          0.225     1.347    vision_i/rx/U0/GenerateDDC.DDC_EEPROM/I2C_SlaveController/state[1]
    SLICE_X107Y77        LUT4 (Prop_lut4_I1_O)        0.045     1.392 r  vision_i/rx/U0/GenerateDDC.DDC_EEPROM/I2C_SlaveController/SDA_T_INST_0/O
                         net (fo=1, routed)           0.597     1.989    hdmi_in_ddc_sda_iobuf/T
    U15                  OBUFT (TriStatD_obuft_T_O)
                                                      0.824     2.813 r  hdmi_in_ddc_sda_iobuf/OBUFT/O
                         net (fo=1, unset)            0.000     2.813    hdmi_in_ddc_sda_io
    U15                                                               r  hdmi_in_ddc_sda_io
  -------------------------------------------------------------------    -------------------





--------------------------------------------------------------------------------------
Path Group:  (none)
From Clock:  
  To Clock:  CLK_OUT_5x_hdmi_clk

Max Delay             3 Endpoints
Min Delay             3 Endpoints
--------------------------------------------------------------------------------------


Max Delay Paths
--------------------------------------------------------------------------------------
Slack:                    inf
  Source:                 hdmi_in_data_n[0]
                            (input port)
  Destination:            vision_i/rx/U0/DataDecoders[0].DecoderX/InputSERDES_X/DeserializerMaster/DDLY
                            (falling edge-triggered cell ISERDESE2 clocked by CLK_OUT_5x_hdmi_clk  {rise@0.000ns fall@1.347ns period=2.694ns})
  Path Group:             (none)
  Path Type:              Setup (Max at Slow Process Corner)
  Data Path Delay:        1.810ns  (logic 1.810ns (100.000%)  route 0.000ns (0.000%))
  Logic Levels:           2  (IBUFDS=1 IDELAYE2=1)
  Clock Path Skew:        4.718ns (DCD - SCD + CPR)
    Destination Clock Delay (DCD):    4.718ns = ( 6.065 - 1.347 ) 
    Source Clock Delay      (SCD):    0.000ns
    Clock Pessimism Removal (CPR):    0.000ns
  Clock Uncertainty:      0.193ns  ((TSJ^2 + DJ^2)^1/2) / 2 + PE
    Total System Jitter     (TSJ):    0.050ns
    Discrete Jitter          (DJ):    0.126ns
    Phase Error              (PE):    0.125ns

    Location             Delay type                Incr(ns)  Path(ns)    Netlist Resource(s)
  -------------------------------------------------------------------    -------------------
    W20                                               0.000     0.000 f  hdmi_in_data_n[0]
                         net (fo=0)                   0.000     0.000    vision_i/rx/U0/DataDecoders[0].DecoderX/InputSERDES_X/TMDS_Data_n[0]
    V20                  IBUFDS (Prop_ibufds_IB_O)    0.994     0.994 r  vision_i/rx/U0/DataDecoders[0].DecoderX/InputSERDES_X/InputBuffer/O
                         net (fo=1, routed)           0.000     0.994    vision_i/rx/U0/DataDecoders[0].DecoderX/InputSERDES_X/sDataIn
    IDELAY_X1Y68         IDELAYE2 (Prop_idelaye2_IDATAIN_DATAOUT)
                                                      0.816     1.810 r  vision_i/rx/U0/DataDecoders[0].DecoderX/InputSERDES_X/InputDelay/DATAOUT
                         net (fo=1, routed)           0.000     1.810    vision_i/rx/U0/DataDecoders[0].DecoderX/InputSERDES_X/sDataInDly
    ILOGIC_X1Y68         ISERDESE2                                    r  vision_i/rx/U0/DataDecoders[0].DecoderX/InputSERDES_X/DeserializerMaster/DDLY
  -------------------------------------------------------------------    -------------------

                         (clock CLK_OUT_5x_hdmi_clk fall edge)
                                                      1.347     1.347 f  <hidden>
    N18                                               0.000     1.347 f  hdmi_in_clk_p
                         net (fo=0)                   0.000     1.347    vision_i/rx/U0/TMDS_ClockingX/TMDS_Clk_p
    N18                  IBUFDS (Prop_ibufds_I_O)     0.887     2.234 f  vision_i/rx/U0/TMDS_ClockingX/InputBuffer/O
                         net (fo=1, routed)           1.162     3.396    vision_i/rx/U0/TMDS_ClockingX/CLK_IN_hdmi_clk
    MMCME2_ADV_X1Y1      MMCME2_ADV (Prop_mmcme2_adv_CLKIN1_CLKOUT0)
                                                      0.084     3.480 f  vision_i/rx/U0/TMDS_ClockingX/DVI_ClkGenerator/CLKOUT0
                         net (fo=2, routed)           0.871     4.351    vision_i/rx/U0/TMDS_ClockingX/CLK_OUT_5x_hdmi_clk
    BUFIO_X1Y5           BUFIO (Prop_bufio_I_O)       1.431     5.782 f  vision_i/rx/U0/TMDS_ClockingX/SerialClkBuffer/O
                         net (fo=12, routed)          0.283     6.065    vision_i/rx/U0/DataDecoders[0].DecoderX/InputSERDES_X/CLKB
    ILOGIC_X1Y68         ISERDESE2                                    r  vision_i/rx/U0/DataDecoders[0].DecoderX/InputSERDES_X/DeserializerMaster/CLKB  (IS_INVERTED)





Min Delay Paths
--------------------------------------------------------------------------------------
Slack:                    inf
  Source:                 hdmi_in_data_p[2]
                            (input port)
  Destination:            vision_i/rx/U0/DataDecoders[2].DecoderX/InputSERDES_X/DeserializerMaster/DDLY
                            (falling edge-triggered cell ISERDESE2 clocked by CLK_OUT_5x_hdmi_clk  {rise@0.000ns fall@1.347ns period=2.694ns})
  Path Group:             (none)
  Path Type:              Hold (Min at Fast Process Corner)
  Data Path Delay:        0.689ns  (logic 0.689ns (100.000%)  route 0.000ns (0.000%))
  Logic Levels:           2  (IBUFDS=1 IDELAYE2=1)
  Clock Path Skew:        2.020ns (DCD - SCD - CPR)
    Destination Clock Delay (DCD):    2.020ns = ( 3.367 - 1.347 ) 
    Source Clock Delay      (SCD):    0.000ns
    Clock Pessimism Removal (CPR):    -0.000ns

    Location             Delay type                Incr(ns)  Path(ns)    Netlist Resource(s)
  -------------------------------------------------------------------    -------------------
    N20                                               0.000     0.000 r  hdmi_in_data_p[2]
                         net (fo=0)                   0.000     0.000    vision_i/rx/U0/DataDecoders[2].DecoderX/InputSERDES_X/TMDS_Data_p[0]
    N20                  IBUFDS (Prop_ibufds_I_O)     0.445     0.445 r  vision_i/rx/U0/DataDecoders[2].DecoderX/InputSERDES_X/InputBuffer/O
                         net (fo=1, routed)           0.000     0.445    vision_i/rx/U0/DataDecoders[2].DecoderX/InputSERDES_X/sDataIn
    IDELAY_X1Y72         IDELAYE2 (Prop_idelaye2_IDATAIN_DATAOUT)
                                                      0.244     0.689 r  vision_i/rx/U0/DataDecoders[2].DecoderX/InputSERDES_X/InputDelay/DATAOUT
                         net (fo=1, routed)           0.000     0.689    vision_i/rx/U0/DataDecoders[2].DecoderX/InputSERDES_X/sDataInDly
    ILOGIC_X1Y72         ISERDESE2                                    r  vision_i/rx/U0/DataDecoders[2].DecoderX/InputSERDES_X/DeserializerMaster/DDLY
  -------------------------------------------------------------------    -------------------

                         (clock CLK_OUT_5x_hdmi_clk fall edge)
                                                      1.347     1.347 f  <hidden>
    N18                                               0.000     1.347 f  hdmi_in_clk_p
                         net (fo=0)                   0.000     1.347    vision_i/rx/U0/TMDS_ClockingX/TMDS_Clk_p
    N18                  IBUFDS (Prop_ibufds_I_O)     0.499     1.846 f  vision_i/rx/U0/TMDS_ClockingX/InputBuffer/O
                         net (fo=1, routed)           0.480     2.326    vision_i/rx/U0/TMDS_ClockingX/CLK_IN_hdmi_clk
    MMCME2_ADV_X1Y1      MMCME2_ADV (Prop_mmcme2_adv_CLKIN1_CLKOUT0)
                                                      0.054     2.380 f  vision_i/rx/U0/TMDS_ClockingX/DVI_ClkGenerator/CLKOUT0
                         net (fo=2, routed)           0.371     2.751    vision_i/rx/U0/TMDS_ClockingX/CLK_OUT_5x_hdmi_clk
    BUFIO_X1Y5           BUFIO (Prop_bufio_I_O)       0.516     3.267 f  vision_i/rx/U0/TMDS_ClockingX/SerialClkBuffer/O
                         net (fo=12, routed)          0.100     3.367    vision_i/rx/U0/DataDecoders[2].DecoderX/InputSERDES_X/CLKB
    ILOGIC_X1Y72         ISERDESE2                                    r  vision_i/rx/U0/DataDecoders[2].DecoderX/InputSERDES_X/DeserializerMaster/CLKB  (IS_INVERTED)





--------------------------------------------------------------------------------------
Path Group:  (none)
From Clock:  
  To Clock:  clk_fpga_0

Max Delay             3 Endpoints
Min Delay             3 Endpoints
--------------------------------------------------------------------------------------


Max Delay Paths
--------------------------------------------------------------------------------------
Slack:                    inf
  Source:                 vision_i/ps7/inst/PS7_i/FCLKRESETN[0]
                            (internal pin)
  Destination:            vision_i/converter/inst/gen_axilite.gen_b2s_conv.axilite_b2s/areset_d1_reg/D
                            (rising edge-triggered cell FDRE clocked by clk_fpga_0  {rise@0.000ns fall@5.000ns period=10.000ns})
  Path Group:             (none)
  Path Type:              Setup (Max at Slow Process Corner)
  Data Path Delay:        1.622ns  (logic 0.124ns (7.647%)  route 1.498ns (92.353%))
  Logic Levels:           1  (LUT1=1)
  Clock Uncertainty:      0.152ns  ((TSJ^2 + TIJ^2)^1/2 + DJ) / 2 + PE
    Total System Jitter     (TSJ):    0.050ns
    Total Input Jitter      (TIJ):    0.300ns
    Discrete Jitter          (DJ):    0.000ns
    Phase Error              (PE):    0.000ns

    Location             Delay type                Incr(ns)  Path(ns)    Netlist Resource(s)
  -------------------------------------------------------------------    -------------------
    PS7_X0Y0             PS7                          0.000     0.000 f  vision_i/ps7/inst/PS7_i/FCLKRESETN[0]
                         net (fo=5, routed)           1.498     1.498    vision_i/converter/inst/gen_axilite.gen_b2s_conv.axilite_b2s/aresetn
    SLICE_X33Y81         LUT1 (Prop_lut1_I0_O)        0.124     1.622 r  vision_i/converter/inst/gen_axilite.gen_b2s_conv.axilite_b2s/areset_d1_i_1/O
                         net (fo=1, routed)           0.000     1.622    vision_i/converter/inst/gen_axilite.gen_b2s_conv.axilite_b2s/areset_d1_i_1_n_0
    SLICE_X33Y81         FDRE                                         r  vision_i/converter/inst/gen_axilite.gen_b2s_conv.axilite_b2s/areset_d1_reg/D
  -------------------------------------------------------------------    -------------------

                         (clock clk_fpga_0 rise edge)
                                                      0.000     0.000 r  <hidden>
    PS7_X0Y0             PS7                          0.000     0.000 r  vision_i/ps7/inst/PS7_i/FCLKCLK[0]
                         net (fo=1, routed)           1.088     1.088    vision_i/ps7/inst/FCLK_CLK_unbuffered[0]
    BUFGCTRL_X0Y16       BUFG (Prop_bufg_I_O)         0.091     1.179 r  vision_i/ps7/inst/buffer_fclk_clk_0.FCLK_CLK_0_BUFG/O
                         net (fo=1051, routed)        1.469     2.648    vision_i/converter/inst/gen_axilite.gen_b2s_conv.axilite_b2s/aclk
    SLICE_X33Y81         FDRE                                         r  vision_i/converter/inst/gen_axilite.gen_b2s_conv.axilite_b2s/areset_d1_reg/C





Min Delay Paths
--------------------------------------------------------------------------------------
Slack:                    inf
  Source:                 vision_i/ps7/inst/PS7_i/FCLKRESETN[0]
                            (internal pin)
  Destination:            vision_i/converter/inst/gen_axilite.gen_b2s_conv.axilite_b2s/SI_REG/aw.aw_pipe/aresetn_d_reg[0]/D
                            (rising edge-triggered cell FDRE clocked by clk_fpga_0  {rise@0.000ns fall@5.000ns period=10.000ns})
  Path Group:             (none)
  Path Type:              Hold (Min at Fast Process Corner)
  Data Path Delay:        0.420ns  (logic 0.000ns (0.000%)  route 0.420ns (100.000%))
  Logic Levels:           0  
  Clock Uncertainty:      0.152ns  ((TSJ^2 + TIJ^2)^1/2 + DJ) / 2 + PE
    Total System Jitter     (TSJ):    0.050ns
    Total Input Jitter      (TIJ):    0.300ns
    Discrete Jitter          (DJ):    0.000ns
    Phase Error              (PE):    0.000ns

    Location             Delay type                Incr(ns)  Path(ns)    Netlist Resource(s)
  -------------------------------------------------------------------    -------------------
    PS7_X0Y0             PS7                          0.000     0.000 r  vision_i/ps7/inst/PS7_i/FCLKRESETN[0]
                         net (fo=5, routed)           0.420     0.420    vision_i/converter/inst/gen_axilite.gen_b2s_conv.axilite_b2s/SI_REG/aw.aw_pipe/aresetn
    SLICE_X26Y78         FDRE                                         r  vision_i/converter/inst/gen_axilite.gen_b2s_conv.axilite_b2s/SI_REG/aw.aw_pipe/aresetn_d_reg[0]/D
  -------------------------------------------------------------------    -------------------

                         (clock clk_fpga_0 rise edge)
                                                      0.000     0.000 r  <hidden>
    PS7_X0Y0             PS7                          0.000     0.000 r  vision_i/ps7/inst/PS7_i/FCLKCLK[0]
                         net (fo=1, routed)           0.337     0.337    vision_i/ps7/inst/FCLK_CLK_unbuffered[0]
    BUFGCTRL_X0Y16       BUFG (Prop_bufg_I_O)         0.029     0.366 r  vision_i/ps7/inst/buffer_fclk_clk_0.FCLK_CLK_0_BUFG/O
                         net (fo=1051, routed)        0.831     1.197    vision_i/converter/inst/gen_axilite.gen_b2s_conv.axilite_b2s/SI_REG/aw.aw_pipe/aclk
    SLICE_X26Y78         FDRE                                         r  vision_i/converter/inst/gen_axilite.gen_b2s_conv.axilite_b2s/SI_REG/aw.aw_pipe/aresetn_d_reg[0]/C





--------------------------------------------------------------------------------------
Path Group:  (none)
From Clock:  
  To Clock:  clk_fpga_2

Max Delay             3 Endpoints
Min Delay             3 Endpoints
--------------------------------------------------------------------------------------


Max Delay Paths
--------------------------------------------------------------------------------------
Slack:                    inf
  Source:                 hdmi_in_ddc_scl_io
                            (input port)
  Destination:            vision_i/rx/U0/GenerateDDC.DDC_EEPROM/I2C_SlaveController/SyncSCL/oSyncStages_reg[0]/D
                            (rising edge-triggered cell FDRE clocked by clk_fpga_2  {rise@0.000ns fall@2.500ns period=5.000ns})
  Path Group:             (none)
  Path Type:              Setup (Max at Slow Process Corner)
  Data Path Delay:        3.101ns  (logic 1.590ns (51.252%)  route 1.512ns (48.748%))
  Logic Levels:           1  (IBUF=1)
  Clock Path Skew:        2.777ns (DCD - SCD + CPR)
    Destination Clock Delay (DCD):    2.777ns
    Source Clock Delay      (SCD):    0.000ns
    Clock Pessimism Removal (CPR):    0.000ns
  Clock Uncertainty:      0.079ns  ((TSJ^2 + TIJ^2)^1/2 + DJ) / 2 + PE
    Total System Jitter     (TSJ):    0.050ns
    Total Input Jitter      (TIJ):    0.150ns
    Discrete Jitter          (DJ):    0.000ns
    Phase Error              (PE):    0.000ns

    Location             Delay type                Incr(ns)  Path(ns)    Netlist Resource(s)
  -------------------------------------------------------------------    -------------------
    U14                                               0.000     0.000 r  hdmi_in_ddc_scl_io
                         net (fo=1, unset)            0.000     0.000    hdmi_in_ddc_scl_iobuf/IO
    U14                  IBUF (Prop_ibuf_I_O)         1.590     1.590 r  hdmi_in_ddc_scl_iobuf/IBUF/O
                         net (fo=1, routed)           1.512     3.101    vision_i/rx/U0/GenerateDDC.DDC_EEPROM/I2C_SlaveController/SyncSCL/SCL_I
    SLICE_X104Y80        FDRE                                         r  vision_i/rx/U0/GenerateDDC.DDC_EEPROM/I2C_SlaveController/SyncSCL/oSyncStages_reg[0]/D
  -------------------------------------------------------------------    -------------------

                         (clock clk_fpga_2 rise edge)
                                                      0.000     0.000 r  <hidden>
    PS7_X0Y0             PS7                          0.000     0.000 r  vision_i/ps7/inst/PS7_i/FCLKCLK[2]
                         net (fo=1, routed)           1.088     1.088    vision_i/ps7/inst/FCLK_CLK_unbuffered[2]
    BUFGCTRL_X0Y17       BUFG (Prop_bufg_I_O)         0.091     1.179 r  vision_i/ps7/inst/buffer_fclk_clk_2.FCLK_CLK_2_BUFG/O
                         net (fo=158, routed)         1.598     2.777    vision_i/rx/U0/GenerateDDC.DDC_EEPROM/I2C_SlaveController/SyncSCL/RefClk
    SLICE_X104Y80        FDRE                                         r  vision_i/rx/U0/GenerateDDC.DDC_EEPROM/I2C_SlaveController/SyncSCL/oSyncStages_reg[0]/C





Min Delay Paths
--------------------------------------------------------------------------------------
Slack:                    inf
  Source:                 hdmi_in_ddc_sda_io
                            (input port)
  Destination:            vision_i/rx/U0/GenerateDDC.DDC_EEPROM/I2C_SlaveController/SyncSDA/oSyncStages_reg[0]/D
                            (rising edge-triggered cell FDRE clocked by clk_fpga_2  {rise@0.000ns fall@2.500ns period=5.000ns})
  Path Group:             (none)
  Path Type:              Hold (Min at Fast Process Corner)
  Data Path Delay:        0.760ns  (logic 0.352ns (46.222%)  route 0.409ns (53.778%))
  Logic Levels:           1  (IBUF=1)
  Clock Path Skew:        1.258ns (DCD - SCD - CPR)
    Destination Clock Delay (DCD):    1.258ns
    Source Clock Delay      (SCD):    0.000ns
    Clock Pessimism Removal (CPR):    -0.000ns

    Location             Delay type                Incr(ns)  Path(ns)    Netlist Resource(s)
  -------------------------------------------------------------------    -------------------
    U15                                               0.000     0.000 r  hdmi_in_ddc_sda_io
                         net (fo=1, unset)            0.000     0.000    hdmi_in_ddc_sda_iobuf/IO
    U15                  IBUF (Prop_ibuf_I_O)         0.352     0.352 r  hdmi_in_ddc_sda_iobuf/IBUF/O
                         net (fo=1, routed)           0.409     0.760    vision_i/rx/U0/GenerateDDC.DDC_EEPROM/I2C_SlaveController/SyncSDA/SDA_I
    SLICE_X106Y77        FDRE                                         r  vision_i/rx/U0/GenerateDDC.DDC_EEPROM/I2C_SlaveController/SyncSDA/oSyncStages_reg[0]/D
  -------------------------------------------------------------------    -------------------

                         (clock clk_fpga_2 rise edge)
                                                      0.000     0.000 r  <hidden>
    PS7_X0Y0             PS7                          0.000     0.000 r  vision_i/ps7/inst/PS7_i/FCLKCLK[2]
                         net (fo=1, routed)           0.337     0.337    vision_i/ps7/inst/FCLK_CLK_unbuffered[2]
    BUFGCTRL_X0Y17       BUFG (Prop_bufg_I_O)         0.029     0.366 r  vision_i/ps7/inst/buffer_fclk_clk_2.FCLK_CLK_2_BUFG/O
                         net (fo=158, routed)         0.892     1.258    vision_i/rx/U0/GenerateDDC.DDC_EEPROM/I2C_SlaveController/SyncSDA/RefClk
    SLICE_X106Y77        FDRE                                         r  vision_i/rx/U0/GenerateDDC.DDC_EEPROM/I2C_SlaveController/SyncSDA/oSyncStages_reg[0]/C





--------------------------------------------------------------------------------------
Path Group:  (none)
From Clock:  
  To Clock:  dbg_hub/inst/BSCANID.u_xsdbm_id/SWITCH_N_EXT_BSCAN.bscan_inst/SERIES7_BSCAN.bscan_inst/TCK

Max Delay           257 Endpoints
Min Delay           257 Endpoints
--------------------------------------------------------------------------------------


Max Delay Paths
--------------------------------------------------------------------------------------
Slack:                    inf
  Source:                 dbg_hub/inst/BSCANID.u_xsdbm_id/SWITCH_N_EXT_BSCAN.bscan_inst/SERIES7_BSCAN.bscan_inst/SHIFT
                            (internal pin)
  Destination:            dbg_hub/inst/BSCANID.u_xsdbm_id/CORE_XSDB.U_ICON/U_STAT/iSTAT_CNT_reg[0]/R
                            (rising edge-triggered cell FDRE clocked by dbg_hub/inst/BSCANID.u_xsdbm_id/SWITCH_N_EXT_BSCAN.bscan_inst/SERIES7_BSCAN.bscan_inst/TCK  {rise@0.000ns fall@16.500ns period=33.000ns})
  Path Group:             (none)
  Path Type:              Setup (Max at Slow Process Corner)
  Data Path Delay:        5.921ns  (logic 0.398ns (6.721%)  route 5.523ns (93.279%))
  Logic Levels:           3  (LUT4=1 LUT5=2)
  Clock Uncertainty:      0.025ns  ((TSJ^2 + TIJ^2)^1/2 + DJ) / 2 + PE
    Total System Jitter     (TSJ):    0.050ns
    Total Input Jitter      (TIJ):    0.000ns
    Discrete Jitter          (DJ):    0.000ns
    Phase Error              (PE):    0.000ns

    Location             Delay type                Incr(ns)  Path(ns)    Netlist Resource(s)
  -------------------------------------------------------------------    -------------------
    BSCAN_X0Y0           BSCANE2                      0.000     0.000 f  dbg_hub/inst/BSCANID.u_xsdbm_id/SWITCH_N_EXT_BSCAN.bscan_inst/SERIES7_BSCAN.bscan_inst/SHIFT
                         net (fo=37, routed)          3.347     3.347    dbg_hub/inst/BSCANID.u_xsdbm_id/SWITCH_N_EXT_BSCAN.bscan_switch/s_bscan_shift
    SLICE_X61Y108        LUT5 (Prop_lut5_I4_O)        0.124     3.471 f  dbg_hub/inst/BSCANID.u_xsdbm_id/SWITCH_N_EXT_BSCAN.bscan_switch/m_bscan_shift[0]_INST_0/O
                         net (fo=4, routed)           1.090     4.561    dbg_hub/inst/BSCANID.u_xsdbm_id/CORE_XSDB.U_ICON/U_CMD/icn_cmd_en_reg[7]
    SLICE_X60Y113        LUT4 (Prop_lut4_I1_O)        0.124     4.685 f  dbg_hub/inst/BSCANID.u_xsdbm_id/CORE_XSDB.U_ICON/U_CMD/iSTAT_CNT[5]_i_4/O
                         net (fo=1, routed)           0.582     5.266    dbg_hub/inst/BSCANID.u_xsdbm_id/CORE_XSDB.U_ICON/U_CMD/iSTAT_CNT[5]_i_4_n_0
    SLICE_X59Y113        LUT5 (Prop_lut5_I4_O)        0.150     5.416 r  dbg_hub/inst/BSCANID.u_xsdbm_id/CORE_XSDB.U_ICON/U_CMD/iSTAT_CNT[5]_i_1/O
                         net (fo=6, routed)           0.505     5.921    dbg_hub/inst/BSCANID.u_xsdbm_id/CORE_XSDB.U_ICON/U_STAT/SR[0]
    SLICE_X61Y113        FDRE                                         r  dbg_hub/inst/BSCANID.u_xsdbm_id/CORE_XSDB.U_ICON/U_STAT/iSTAT_CNT_reg[0]/R
  -------------------------------------------------------------------    -------------------

                         (clock dbg_hub/inst/BSCANID.u_xsdbm_id/SWITCH_N_EXT_BSCAN.bscan_inst/SERIES7_BSCAN.bscan_inst/TCK rise edge)
                                                      0.000     0.000 r  <hidden>
    BSCAN_X0Y0           BSCANE2                      0.000     0.000 r  dbg_hub/inst/BSCANID.u_xsdbm_id/SWITCH_N_EXT_BSCAN.bscan_inst/SERIES7_BSCAN.bscan_inst/TCK
                         net (fo=1, routed)           1.994     1.994    dbg_hub/inst/BSCANID.u_xsdbm_id/tck_bs
    BUFGCTRL_X0Y0        BUFG (Prop_bufg_I_O)         0.091     2.085 r  dbg_hub/inst/BSCANID.u_xsdbm_id/SWITCH_N_EXT_BSCAN.u_bufg_icon_tck/O
                         net (fo=482, routed)         1.712     3.797    dbg_hub/inst/BSCANID.u_xsdbm_id/CORE_XSDB.U_ICON/U_STAT/m_bscan_tck[0]
    SLICE_X61Y113        FDRE                                         r  dbg_hub/inst/BSCANID.u_xsdbm_id/CORE_XSDB.U_ICON/U_STAT/iSTAT_CNT_reg[0]/C





Min Delay Paths
--------------------------------------------------------------------------------------
Slack:                    inf
  Source:                 dbg_hub/inst/BSCANID.u_xsdbm_id/SWITCH_N_EXT_BSCAN.bscan_inst/SERIES7_BSCAN.bscan_inst/RESET
                            (internal pin)
  Destination:            dbg_hub/inst/BSCANID.u_xsdbm_id/SWITCH_N_EXT_BSCAN.bscan_switch/bscanid_reg[28]/R
                            (rising edge-triggered cell FDRE clocked by dbg_hub/inst/BSCANID.u_xsdbm_id/SWITCH_N_EXT_BSCAN.bscan_inst/SERIES7_BSCAN.bscan_inst/TCK  {rise@0.000ns fall@16.500ns period=33.000ns})
  Path Group:             (none)
  Path Type:              Hold (Min at Fast Process Corner)
  Data Path Delay:        0.805ns  (logic 0.000ns (0.000%)  route 0.805ns (100.000%))
  Logic Levels:           0  
  Clock Uncertainty:      0.025ns  ((TSJ^2 + TIJ^2)^1/2 + DJ) / 2 + PE
    Total System Jitter     (TSJ):    0.050ns
    Total Input Jitter      (TIJ):    0.000ns
    Discrete Jitter          (DJ):    0.000ns
    Phase Error              (PE):    0.000ns

    Location             Delay type                Incr(ns)  Path(ns)    Netlist Resource(s)
  -------------------------------------------------------------------    -------------------
    BSCAN_X0Y0           BSCANE2                      0.000     0.000 r  dbg_hub/inst/BSCANID.u_xsdbm_id/SWITCH_N_EXT_BSCAN.bscan_inst/SERIES7_BSCAN.bscan_inst/RESET
                         net (fo=79, routed)          0.805     0.805    dbg_hub/inst/BSCANID.u_xsdbm_id/SWITCH_N_EXT_BSCAN.bscan_switch/s_bscan_reset
    SLICE_X65Y108        FDRE                                         r  dbg_hub/inst/BSCANID.u_xsdbm_id/SWITCH_N_EXT_BSCAN.bscan_switch/bscanid_reg[28]/R
  -------------------------------------------------------------------    -------------------

                         (clock dbg_hub/inst/BSCANID.u_xsdbm_id/SWITCH_N_EXT_BSCAN.bscan_inst/SERIES7_BSCAN.bscan_inst/TCK rise edge)
                                                      0.000     0.000 r  <hidden>
    BSCAN_X0Y0           BSCANE2                      0.000     0.000 r  dbg_hub/inst/BSCANID.u_xsdbm_id/SWITCH_N_EXT_BSCAN.bscan_inst/SERIES7_BSCAN.bscan_inst/TCK
                         net (fo=1, routed)           1.160     1.160    dbg_hub/inst/BSCANID.u_xsdbm_id/tck_bs
    BUFGCTRL_X0Y0        BUFG (Prop_bufg_I_O)         0.029     1.189 r  dbg_hub/inst/BSCANID.u_xsdbm_id/SWITCH_N_EXT_BSCAN.u_bufg_icon_tck/O
                         net (fo=482, routed)         0.935     2.124    dbg_hub/inst/BSCANID.u_xsdbm_id/SWITCH_N_EXT_BSCAN.bscan_switch/s_bscan_tck
    SLICE_X65Y108        FDRE                                         r  dbg_hub/inst/BSCANID.u_xsdbm_id/SWITCH_N_EXT_BSCAN.bscan_switch/bscanid_reg[28]/C





