Copyright 1986-2022 Xilinx, Inc. All Rights Reserved. Copyright 2022-2026 Advanced Micro Devices, Inc. All Rights Reserved.
---------------------------------------------------------------------------------------------------------------------------------------------
| Tool Version : Vivado v.2026.1 (win64) Build 6511674 Tue Jun 16 11:02:23 MDT 2026
| Date         : Sat Oct  3 12:18:38 2026
| Host         : never-die-cold running 64-bit major release  (build 9200)
| Command      : report_timing_summary -report_unconstrained -return_string -file data/logs/2026-10-02-vision-offboard/hdmi/timing.rpt
| Design       : vision_wrapper
| Device       : 7z020-clg400
| Speed File   : -1  PRODUCTION 1.12 2019-11-22
| Design State : Routed
---------------------------------------------------------------------------------------------------------------------------------------------

Timing Summary Report

------------------------------------------------------------------------------------------------
| Timer Settings
| --------------
------------------------------------------------------------------------------------------------

  Enable Multi Corner Analysis               :  Yes
  Enable Pessimism Removal                   :  Yes
  Pessimism Removal Resolution               :  Nearest Common Node
  Enable Input Delay Default Clock           :  No
  Enable Preset / Clear Arcs                 :  No
  Disable Flight Delays                      :  No
  Ignore I/O Paths                           :  No
  Timing Early Launch at Borrowing Latches   :  No
  Borrow Time for Max Delay Exceptions       :  Yes
  Merge Timing Exceptions                    :  Yes
  Inter-SLR Compensation                     :  Conservative

  Corner  Analyze    Analyze    
  Name    Max Paths  Min Paths  
  ------  ---------  ---------  
  Slow    Yes        Yes        
  Fast    Yes        Yes        


------------------------------------------------------------------------------------------------
| Report Methodology
| ------------------
------------------------------------------------------------------------------------------------

Rule       Severity  Description                                  Violations  
---------  --------  -------------------------------------------  ----------  
CKBF-1     Warning   connects_I_driver_BUFR                       1           
LUTAR-1    Warning   LUT drives async reset alert                 5           
TIMING-9   Warning   Unknown CDC Logic                            1           
TIMING-18  Warning   Missing input or output delay                3           
XDCB-5     Warning   Runtime inefficient way to find pin objects  5           

Note: This report is based on the most recent report_methodology run and may not be up-to-date. Run report_methodology on the current design for the latest report.



check_timing report

Table of Contents
-----------------
1. checking no_clock (0)
2. checking constant_clock (0)
3. checking pulse_width_clock (0)
4. checking unconstrained_internal_endpoints (0)
5. checking no_input_delay (5)
6. checking no_output_delay (5)
7. checking multiple_clock (0)
8. checking generated_clocks (0)
9. checking loops (0)
10. checking partial_input_delay (0)
11. checking partial_output_delay (0)
12. checking latch_loops (0)

1. checking no_clock (0)
------------------------
 There are 0 register/latch pins with no clock.


2. checking constant_clock (0)
------------------------------
 There are 0 register/latch pins with constant_clock.


3. checking pulse_width_clock (0)
---------------------------------
 There are 0 register/latch pins which need pulse_width check


4. checking unconstrained_internal_endpoints (0)
------------------------------------------------
 There are 0 pins that are not constrained for maximum delay.

 There are 0 pins that are not constrained for maximum delay due to constant clock.


5. checking no_input_delay (5)
------------------------------
 There are 5 input ports with no input delay specified. (HIGH)

 There are 0 input ports with no input delay but user has a false path constraint.


6. checking no_output_delay (5)
-------------------------------
 There are 5 ports with no output delay specified. (HIGH)

 There are 0 ports with no output delay but user has a false path constraint

 There are 0 ports with no output delay but with a timing clock defined on it or propagating through it


7. checking multiple_clock (0)
------------------------------
 There are 0 register/latch pins with multiple clocks.


8. checking generated_clocks (0)
--------------------------------
 There are 0 generated clocks that are not connected to a clock source.


9. checking loops (0)
---------------------
 There are 0 combinational loops in the design.


10. checking partial_input_delay (0)
------------------------------------
 There are 0 input ports with partial input delay specified.


11. checking partial_output_delay (0)
-------------------------------------
 There are 0 ports with partial output delay specified.


12. checking latch_loops (0)
----------------------------
 There are 0 combinational latch loops in the design through latch input



------------------------------------------------------------------------------------------------
| Design Timing Summary
| ---------------------
------------------------------------------------------------------------------------------------

    WNS(ns)      TNS(ns)  TNS Failing Endpoints  TNS Total Endpoints      WHS(ns)      THS(ns)  THS Failing Endpoints  THS Total Endpoints     WPWS(ns)     TPWS(ns)  TPWS Failing Endpoints  TPWS Total Endpoints  
    -------      -------  ---------------------  -------------------      -------      -------  ---------------------  -------------------     --------     --------  ----------------------  --------------------  
      0.956        0.000                      0                12397        0.054        0.000                      0                12346        0.264        0.000                       0                  5434  


All user specified timing constraints are met.


------------------------------------------------------------------------------------------------
| Clock Summary
| -------------
------------------------------------------------------------------------------------------------

Clock                                                                                       Waveform(ns)         Period(ns)      Frequency(MHz)
-----                                                                                       ------------         ----------      --------------
clk_fpga_0                                                                                  {0.000 5.000}        10.000          100.000         
clk_fpga_1                                                                                  {0.000 3.500}        7.000           142.857         
clk_fpga_2                                                                                  {0.000 2.500}        5.000           200.000         
clk_fpga_3                                                                                  {0.000 5.000}        10.000          100.000         
dbg_hub/inst/BSCANID.u_xsdbm_id/SWITCH_N_EXT_BSCAN.bscan_inst/SERIES7_BSCAN.bscan_inst/TCK  {0.000 16.500}       33.000          30.303          
hdmi_pixel_in                                                                               {0.000 6.734}        13.468          74.250          
  CLKFBIN                                                                                   {0.000 6.734}        13.468          74.250          
  CLK_OUT_5x_hdmi_clk                                                                       {0.000 1.347}        2.694           371.250         
    PixelClk_int                                                                            {0.000 5.387}        13.468          74.250          
      FeedbackClkOut                                                                        {0.000 6.734}        13.468          74.250          
        CLKFBIN_1                                                                           {0.000 6.734}        13.468          74.250          
      PixelClkInX5                                                                          {0.000 1.347}        2.694           371.250         
        PixelClkIO                                                                          {0.000 5.387}        13.468          74.250          


------------------------------------------------------------------------------------------------
| Intra Clock Table
| -----------------
------------------------------------------------------------------------------------------------

Clock                                                                                           WNS(ns)      TNS(ns)  TNS Failing Endpoints  TNS Total Endpoints      WHS(ns)      THS(ns)  THS Failing Endpoints  THS Total Endpoints     WPWS(ns)     TPWS(ns)  TPWS Failing Endpoints  TPWS Total Endpoints  
-----                                                                                           -------      -------  ---------------------  -------------------      -------      -------  ---------------------  -------------------     --------     --------  ----------------------  --------------------  
clk_fpga_0                                                                                        1.769        0.000                      0                 2084        0.056        0.000                      0                 2084        4.020        0.000                       0                  1051  
clk_fpga_2                                                                                        1.297        0.000                      0                  339        0.122        0.000                      0                  339        0.264        0.000                       0                   159  
dbg_hub/inst/BSCANID.u_xsdbm_id/SWITCH_N_EXT_BSCAN.bscan_inst/SERIES7_BSCAN.bscan_inst/TCK       25.509        0.000                      0                  928        0.054        0.000                      0                  928       15.250        0.000                       0                   483  
hdmi_pixel_in                                                                                                                                                                                                                                 3.734        0.000                       0                     1  
  CLKFBIN                                                                                                                                                                                                                                    12.219        0.000                       0                     2  
  CLK_OUT_5x_hdmi_clk                                                                                                                                                                                                                         1.027        0.000                       0                    15  
    PixelClk_int                                                                                  0.956        0.000                      0                 7388        0.059        0.000                      0                 7388        2.387        0.000                       0                  3701  
      FeedbackClkOut                                                                                                                                                                                                                         10.294        0.000                       0                     2  
        CLKFBIN_1                                                                                                                                                                                                                            12.219        0.000                       0                     1  
      PixelClkInX5                                                                                                                                                                                                                            1.027        0.000                       0                    11  
        PixelClkIO                                                                                                                                                                                                                           11.801        0.000                       0                     8  


------------------------------------------------------------------------------------------------
| Inter Clock Table
| -----------------
------------------------------------------------------------------------------------------------

From Clock                                                                                  To Clock                                                                                        WNS(ns)      TNS(ns)  TNS Failing Endpoints  TNS Total Endpoints      WHS(ns)      THS(ns)  THS Failing Endpoints  THS Total Endpoints  
----------                                                                                  --------                                                                                        -------      -------  ---------------------  -------------------      -------      -------  ---------------------  -------------------  
PixelClk_int                                                                                dbg_hub/inst/BSCANID.u_xsdbm_id/SWITCH_N_EXT_BSCAN.bscan_inst/SERIES7_BSCAN.bscan_inst/TCK       12.107        0.000                      0                    8                                                                        
clk_fpga_0                                                                                  PixelClk_int                                                                                      8.100        0.000                      0                   35                                                                        
dbg_hub/inst/BSCANID.u_xsdbm_id/SWITCH_N_EXT_BSCAN.bscan_inst/SERIES7_BSCAN.bscan_inst/TCK  PixelClk_int                                                                                     31.371        0.000                      0                    8                                                                        
PixelClk_int                                                                                PixelClkIO                                                                                        8.094        0.000                      0                   38        0.160        0.000                      0                   38  


------------------------------------------------------------------------------------------------
| Other Path Groups Table
| -----------------------
------------------------------------------------------------------------------------------------

Path Group                                                                                  From Clock                                                                                  To Clock                                                                                        WNS(ns)      TNS(ns)  TNS Failing Endpoints  TNS Total Endpoints      WHS(ns)      THS(ns)  THS Failing Endpoints  THS Total Endpoints  
----------                                                                                  ----------                                                                                  --------                                                                                        -------      -------  ---------------------  -------------------      -------      -------  ---------------------  -------------------  
**async_default**                                                                           PixelClk_int                                                                                PixelClk_int                                                                                      4.068        0.000                      0                  965        0.357        0.000                      0                  965  
**async_default**                                                                           clk_fpga_0                                                                                  clk_fpga_0                                                                                        5.077        0.000                      0                  501        0.542        0.000                      0                  501  
**async_default**                                                                           clk_fpga_2                                                                                  clk_fpga_2                                                                                        3.245        0.000                      0                    3        0.444        0.000                      0                    3  
**async_default**                                                                           dbg_hub/inst/BSCANID.u_xsdbm_id/SWITCH_N_EXT_BSCAN.bscan_inst/SERIES7_BSCAN.bscan_inst/TCK  dbg_hub/inst/BSCANID.u_xsdbm_id/SWITCH_N_EXT_BSCAN.bscan_inst/SERIES7_BSCAN.bscan_inst/TCK       28.374        0.000                      0                  100        0.282        0.000                      0                  100  


------------------------------------------------------------------------------------------------
| User Ignored Path Table
| -----------------------
------------------------------------------------------------------------------------------------

Path Group                                                                                  From Clock                                                                                  To Clock                                                                                  
----------                                                                                  ----------                                                                                  --------                                                                                  
(none)                                                                                                                                                                                  PixelClk_int                                                                                
(none)                                                                                      PixelClk_int                                                                                PixelClk_int                                                                                
(none)                                                                                      clk_fpga_0                                                                                  PixelClk_int                                                                                
(none)                                                                                      clk_fpga_2                                                                                  PixelClk_int                                                                                
(none)                                                                                      dbg_hub/inst/BSCANID.u_xsdbm_id/SWITCH_N_EXT_BSCAN.bscan_inst/SERIES7_BSCAN.bscan_inst/TCK  PixelClk_int                                                                                
(none)                                                                                                                                                                                  clk_fpga_0                                                                                  
(none)                                                                                      PixelClk_int                                                                                clk_fpga_0                                                                                  
(none)                                                                                                                                                                                  clk_fpga_2                                                                                  
(none)                                                                                      PixelClk_int                                                                                clk_fpga_2                                                                                  
(none)                                                                                      PixelClk_int                                                                                dbg_hub/inst/BSCANID.u_xsdbm_id/SWITCH_N_EXT_BSCAN.bscan_inst/SERIES7_BSCAN.bscan_inst/TCK  


------------------------------------------------------------------------------------------------
| Unconstrained Path Table
| ------------------------
------------------------------------------------------------------------------------------------

Path Group                                                                                  From Clock                                                                                  To Clock                                                                                  
----------                                                                                  ----------                                                                                  --------                                                                                  
(none)                                                                                      PixelClkInX5                                                                                                                                                                            
(none)                                                                                      clk_fpga_2                                                                                                                                                                              
(none)                                                                                                                                                                                  CLK_OUT_5x_hdmi_clk                                                                         
(none)                                                                                                                                                                                  clk_fpga_0                                                                                  
(none)                                                                                                                                                                                  clk_fpga_2                                                                                  
(none)                                                                                                                                                                                  dbg_hub/inst/BSCANID.u_xsdbm_id/SWITCH_N_EXT_BSCAN.bscan_inst/SERIES7_BSCAN.bscan_inst/TCK  


------------------------------------------------------------------------------------------------
| Timing Details
| --------------
------------------------------------------------------------------------------------------------


---------------------------------------------------------------------------------------------------
From Clock:  clk_fpga_0
  To Clock:  clk_fpga_0

Setup :            0  Failing Endpoints,  Worst Slack        1.769ns,  Total Violation        0.000ns
Hold  :            0  Failing Endpoints,  Worst Slack        0.056ns,  Total Violation        0.000ns
PW    :            0  Failing Endpoints,  Worst Slack        4.020ns,  Total Violation        0.000ns
---------------------------------------------------------------------------------------------------


Max Delay Paths
--------------------------------------------------------------------------------------
Slack (MET) :             1.769ns  (required time - arrival time)
  Source:                 vision_i/converter/inst/gen_axilite.gen_b2s_conv.axilite_b2s/SI_REG/aw.aw_pipe/m_payload_i_reg[39]/C
                            (rising edge-triggered cell FDRE clocked by clk_fpga_0  {rise@0.000ns fall@5.000ns period=10.000ns})
  Destination:            vision_i/pipe/inst/u_pipeline/u_vision/u_regs/mem_reg[9][10]/CE
                            (rising edge-triggered cell FDCE clocked by clk_fpga_0  {rise@0.000ns fall@5.000ns period=10.000ns})
  Path Group:             clk_fpga_0
  Path Type:              Setup (Max at Slow Process Corner)
  Requirement:            10.000ns  (clk_fpga_0 rise@10.000ns - clk_fpga_0 rise@0.000ns)
  Data Path Delay:        7.764ns  (logic 1.893ns (24.382%)  route 5.871ns (75.618%))
  Logic Levels:           7  (LUT3=2 LUT4=1 LUT5=3 LUT6=1)
  Clock Path Skew:        -0.108ns (DCD - SCD + CPR)
    Destination Clock Delay (DCD):    2.657ns = ( 12.657 - 10.000 ) 
    Source Clock Delay      (SCD):    2.994ns
    Clock Pessimism Removal (CPR):    0.229ns
  Clock Uncertainty:      0.154ns  ((TSJ^2 + TIJ^2)^1/2 + DJ) / 2 + PE
    Total System Jitter     (TSJ):    0.071ns
    Total Input Jitter      (TIJ):    0.300ns
    Discrete Jitter          (DJ):    0.000ns
    Phase Error              (PE):    0.000ns

    Location             Delay type                Incr(ns)  Path(ns)    Netlist Resource(s)
  -------------------------------------------------------------------    -------------------
                         (clock clk_fpga_0 rise edge)
                                                      0.000     0.000 r  <hidden>
    PS7_X0Y0             PS7                          0.000     0.000 r  vision_i/ps7/inst/PS7_i/FCLKCLK[0]
                         net (fo=1, routed)           1.193     1.193    vision_i/ps7/inst/FCLK_CLK_unbuffered[0]
    BUFGCTRL_X0Y16       BUFG (Prop_bufg_I_O)         0.101     1.294 r  vision_i/ps7/inst/buffer_fclk_clk_0.FCLK_CLK_0_BUFG/O
                         net (fo=1051, routed)        1.700     2.994    vision_i/converter/inst/gen_axilite.gen_b2s_conv.axilite_b2s/SI_REG/aw.aw_pipe/aclk
    SLICE_X29Y99         FDRE                                         r  vision_i/converter/inst/gen_axilite.gen_b2s_conv.axilite_b2s/SI_REG/aw.aw_pipe/m_payload_i_reg[39]/C
  -------------------------------------------------------------------    -------------------
    SLICE_X29Y99         FDRE (Prop_fdre_C_Q)         0.419     3.413 f  vision_i/converter/inst/gen_axilite.gen_b2s_conv.axilite_b2s/SI_REG/aw.aw_pipe/m_payload_i_reg[39]/Q
                         net (fo=14, routed)          1.320     4.733    vision_i/converter/inst/gen_axilite.gen_b2s_conv.axilite_b2s/SI_REG/aw.aw_pipe/m_payload_i_reg[61]_0[37]
    SLICE_X31Y89         LUT3 (Prop_lut3_I0_O)        0.299     5.032 r  vision_i/converter/inst/gen_axilite.gen_b2s_conv.axilite_b2s/SI_REG/aw.aw_pipe/m_axi_awaddr[11]_INST_0_i_1/O
                         net (fo=10, routed)          0.462     5.494    vision_i/converter/inst/gen_axilite.gen_b2s_conv.axilite_b2s/SI_REG/aw.aw_pipe/m_axi_awaddr[11]_INST_0_i_1_n_0
    SLICE_X30Y90         LUT6 (Prop_lut6_I2_O)        0.124     5.618 f  vision_i/converter/inst/gen_axilite.gen_b2s_conv.axilite_b2s/SI_REG/aw.aw_pipe/m_axi_awaddr[8]_INST_0/O
                         net (fo=1, routed)           0.706     6.324    vision_i/pipe/inst/u_pipeline/u_vision/u_regs/s_axi_awaddr[6]
    SLICE_X29Y92         LUT5 (Prop_lut5_I4_O)        0.124     6.448 f  vision_i/pipe/inst/u_pipeline/u_vision/u_regs/aw_q[6]_i_4/O
                         net (fo=1, routed)           0.151     6.600    vision_i/pipe/inst/u_pipeline/u_vision/u_regs/aw_q[6]_i_4_n_0
    SLICE_X29Y92         LUT5 (Prop_lut5_I0_O)        0.124     6.724 f  vision_i/pipe/inst/u_pipeline/u_vision/u_regs/aw_q[6]_i_3/O
                         net (fo=13, routed)          0.997     7.721    vision_i/pipe/inst/u_pipeline/u_vision/u_regs/aw_q[6]_i_3_n_0
    SLICE_X37Y89         LUT4 (Prop_lut4_I3_O)        0.119     7.840 r  vision_i/pipe/inst/u_pipeline/u_vision/u_regs/write_response[1]_i_5/O
                         net (fo=8, routed)           0.978     8.818    vision_i/pipe/inst/u_pipeline/u_vision/u_regs/write_response[1]_i_5_n_0
    SLICE_X42Y89         LUT3 (Prop_lut3_I0_O)        0.356     9.174 f  vision_i/pipe/inst/u_pipeline/u_vision/u_regs/mem[9][31]_i_2/O
                         net (fo=4, routed)           0.629     9.803    vision_i/pipe/inst/u_pipeline/u_vision/u_regs/mem[9][31]_i_2_n_0
    SLICE_X45Y93         LUT5 (Prop_lut5_I4_O)        0.328    10.131 r  vision_i/pipe/inst/u_pipeline/u_vision/u_regs/mem[9][15]_i_1/O
                         net (fo=8, routed)           0.627    10.758    vision_i/pipe/inst/u_pipeline/u_vision/u_regs/mem[9][15]_i_1_n_0
    SLICE_X47Y95         FDCE                                         r  vision_i/pipe/inst/u_pipeline/u_vision/u_regs/mem_reg[9][10]/CE
  -------------------------------------------------------------------    -------------------

                         (clock clk_fpga_0 rise edge)
                                                     10.000    10.000 r  <hidden>
    PS7_X0Y0             PS7                          0.000    10.000 r  vision_i/ps7/inst/PS7_i/FCLKCLK[0]
                         net (fo=1, routed)           1.088    11.088    vision_i/ps7/inst/FCLK_CLK_unbuffered[0]
    BUFGCTRL_X0Y16       BUFG (Prop_bufg_I_O)         0.091    11.179 r  vision_i/ps7/inst/buffer_fclk_clk_0.FCLK_CLK_0_BUFG/O
                         net (fo=1051, routed)        1.478    12.657    vision_i/pipe/inst/u_pipeline/u_vision/u_regs/s_axi_aclk
    SLICE_X47Y95         FDCE                                         r  vision_i/pipe/inst/u_pipeline/u_vision/u_regs/mem_reg[9][10]/C
                         clock pessimism              0.229    12.886    <hidden>
                         clock uncertainty           -0.154    12.732    <hidden>
    SLICE_X47Y95         FDCE (Setup_fdce_C_CE)      -0.205    12.527    vision_i/pipe/inst/u_pipeline/u_vision/u_regs/mem_reg[9][10]
  -------------------------------------------------------------------
                         required time                         12.527    <hidden>
                         arrival time                         -10.758    <hidden>
  -------------------------------------------------------------------
                         slack                                  1.769    <hidden>





Min Delay Paths
--------------------------------------------------------------------------------------
Slack (MET) :             0.056ns  (arrival time - required time)
  Source:                 vision_i/pipe/inst/u_pipeline/u_vision/u_config/hold_id_reg[12]/C
                            (rising edge-triggered cell FDCE clocked by clk_fpga_0  {rise@0.000ns fall@5.000ns period=10.000ns})
  Destination:            vision_i/pipe/inst/u_pipeline/u_vision/u_config/hold_id_reg[16]/D
                            (rising edge-triggered cell FDCE clocked by clk_fpga_0  {rise@0.000ns fall@5.000ns period=10.000ns})
  Path Group:             clk_fpga_0
  Path Type:              Hold (Min at Fast Process Corner)
  Requirement:            0.000ns  (clk_fpga_0 rise@0.000ns - clk_fpga_0 rise@0.000ns)
  Data Path Delay:        0.510ns  (logic 0.392ns (76.863%)  route 0.118ns (23.137%))
  Logic Levels:           2  (CARRY4=2)
  Clock Path Skew:        0.349ns (DCD - SCD - CPR)
    Destination Clock Delay (DCD):    1.277ns
    Source Clock Delay      (SCD):    0.893ns
    Clock Pessimism Removal (CPR):    0.035ns

    Location             Delay type                Incr(ns)  Path(ns)    Netlist Resource(s)
  -------------------------------------------------------------------    -------------------
                         (clock clk_fpga_0 rise edge)
                                                      0.000     0.000 r  <hidden>
    PS7_X0Y0             PS7                          0.000     0.000 r  vision_i/ps7/inst/PS7_i/FCLKCLK[0]
                         net (fo=1, routed)           0.310     0.310    vision_i/ps7/inst/FCLK_CLK_unbuffered[0]
    BUFGCTRL_X0Y16       BUFG (Prop_bufg_I_O)         0.026     0.336 r  vision_i/ps7/inst/buffer_fclk_clk_0.FCLK_CLK_0_BUFG/O
                         net (fo=1051, routed)        0.557     0.893    vision_i/pipe/inst/u_pipeline/u_vision/u_config/s_axi_aclk
    SLICE_X41Y99         FDCE                                         r  vision_i/pipe/inst/u_pipeline/u_vision/u_config/hold_id_reg[12]/C
  -------------------------------------------------------------------    -------------------
    SLICE_X41Y99         FDCE (Prop_fdce_C_Q)         0.141     1.034 r  vision_i/pipe/inst/u_pipeline/u_vision/u_config/hold_id_reg[12]/Q
                         net (fo=3, routed)           0.117     1.151    vision_i/pipe/inst/u_pipeline/u_vision/u_config/hold_id_reg[12]
    SLICE_X41Y99         CARRY4 (Prop_carry4_S[0]_CO[3])
                                                      0.197     1.348 r  vision_i/pipe/inst/u_pipeline/u_vision/u_config/hold_id_reg[12]_i_1/CO[3]
                         net (fo=1, routed)           0.001     1.349    vision_i/pipe/inst/u_pipeline/u_vision/u_config/hold_id_reg[12]_i_1_n_0
    SLICE_X41Y100        CARRY4 (Prop_carry4_CI_O[0])
                                                      0.054     1.403 r  vision_i/pipe/inst/u_pipeline/u_vision/u_config/hold_id_reg[16]_i_1/O[0]
                         net (fo=1, routed)           0.000     1.403    vision_i/pipe/inst/u_pipeline/u_vision/u_config/hold_id_reg[16]_i_1_n_7
    SLICE_X41Y100        FDCE                                         r  vision_i/pipe/inst/u_pipeline/u_vision/u_config/hold_id_reg[16]/D
  -------------------------------------------------------------------    -------------------

                         (clock clk_fpga_0 rise edge)
                                                      0.000     0.000 r  <hidden>
    PS7_X0Y0             PS7                          0.000     0.000 r  vision_i/ps7/inst/PS7_i/FCLKCLK[0]
                         net (fo=1, routed)           0.337     0.337    vision_i/ps7/inst/FCLK_CLK_unbuffered[0]
    BUFGCTRL_X0Y16       BUFG (Prop_bufg_I_O)         0.029     0.366 r  vision_i/ps7/inst/buffer_fclk_clk_0.FCLK_CLK_0_BUFG/O
                         net (fo=1051, routed)        0.911     1.277    vision_i/pipe/inst/u_pipeline/u_vision/u_config/s_axi_aclk
    SLICE_X41Y100        FDCE                                         r  vision_i/pipe/inst/u_pipeline/u_vision/u_config/hold_id_reg[16]/C
                         clock pessimism             -0.035     1.242    <hidden>
    SLICE_X41Y100        FDCE (Hold_fdce_C_D)         0.105     1.347    vision_i/pipe/inst/u_pipeline/u_vision/u_config/hold_id_reg[16]
  -------------------------------------------------------------------
                         required time                         -1.347    <hidden>
                         arrival time                           1.403    <hidden>
  -------------------------------------------------------------------
                         slack                                  0.056    <hidden>





Pulse Width Checks
--------------------------------------------------------------------------------------
Clock Name:         clk_fpga_0
Waveform(ns):       { 0.000 5.000 }
Period(ns):         10.000
Sources:            { vision_i/ps7/inst/PS7_i/FCLKCLK[0] }

Check Type        Corner  Lib Pin      Reference Pin  Required(ns)  Actual(ns)  Slack(ns)  Location        Pin
Min Period        n/a     BUFG/I       n/a            2.155         10.000      7.845      BUFGCTRL_X0Y16  vision_i/ps7/inst/buffer_fclk_clk_0.FCLK_CLK_0_BUFG/I
Low Pulse Width   Slow    SRLC32E/CLK  n/a            0.980         5.000       4.020      SLICE_X38Y90    vision_i/converter/inst/gen_axilite.gen_b2s_conv.axilite_b2s/RD.r_channel_0/rd_data_fifo_0/memory_reg[31][0]_srl32/CLK
High Pulse Width  Slow    SRLC32E/CLK  n/a            0.980         5.000       4.020      SLICE_X38Y90    vision_i/converter/inst/gen_axilite.gen_b2s_conv.axilite_b2s/RD.r_channel_0/rd_data_fifo_0/memory_reg[31][0]_srl32/CLK



---------------------------------------------------------------------------------------------------
From Clock:  clk_fpga_2
  To Clock:  clk_fpga_2

Setup :            0  Failing Endpoints,  Worst Slack        1.297ns,  Total Violation        0.000ns
Hold  :            0  Failing Endpoints,  Worst Slack        0.122ns,  Total Violation        0.000ns
PW    :            0  Failing Endpoints,  Worst Slack        0.264ns,  Total Violation        0.000ns
---------------------------------------------------------------------------------------------------


Max Delay Paths
--------------------------------------------------------------------------------------
Slack (MET) :             1.297ns  (required time - arrival time)
  Source:                 vision_i/rx/U0/GenerateDDC.DDC_EEPROM/I2C_SlaveController/bitCount_reg[2]/C
                            (rising edge-triggered cell FDRE clocked by clk_fpga_2  {rise@0.000ns fall@2.500ns period=5.000ns})
  Destination:            vision_i/rx/U0/GenerateDDC.DDC_EEPROM/I2C_SlaveController/FSM_gray_state_reg[0]/D
                            (rising edge-triggered cell FDRE clocked by clk_fpga_2  {rise@0.000ns fall@2.500ns period=5.000ns})
  Path Group:             clk_fpga_2
  Path Type:              Setup (Max at Slow Process Corner)
  Requirement:            5.000ns  (clk_fpga_2 rise@5.000ns - clk_fpga_2 rise@0.000ns)
  Data Path Delay:        3.587ns  (logic 1.592ns (44.377%)  route 1.995ns (55.623%))
  Logic Levels:           4  (LUT3=1 LUT6=2 MUXF7=1)
  Clock Path Skew:        -0.062ns (DCD - SCD + CPR)
    Destination Clock Delay (DCD):    2.857ns = ( 7.857 - 5.000 ) 
    Source Clock Delay      (SCD):    3.148ns
    Clock Pessimism Removal (CPR):    0.229ns
  Clock Uncertainty:      0.083ns  ((TSJ^2 + TIJ^2)^1/2 + DJ) / 2 + PE
    Total System Jitter     (TSJ):    0.071ns
    Total Input Jitter      (TIJ):    0.150ns
    Discrete Jitter          (DJ):    0.000ns
    Phase Error              (PE):    0.000ns

    Location             Delay type                Incr(ns)  Path(ns)    Netlist Resource(s)
  -------------------------------------------------------------------    -------------------
                         (clock clk_fpga_2 rise edge)
                                                      0.000     0.000 r  <hidden>
    PS7_X0Y0             PS7                          0.000     0.000 r  vision_i/ps7/inst/PS7_i/FCLKCLK[2]
                         net (fo=1, routed)           1.193     1.193    vision_i/ps7/inst/FCLK_CLK_unbuffered[2]
    BUFGCTRL_X0Y17       BUFG (Prop_bufg_I_O)         0.101     1.294 r  vision_i/ps7/inst/buffer_fclk_clk_2.FCLK_CLK_2_BUFG/O
                         net (fo=158, routed)         1.854     3.148    vision_i/rx/U0/GenerateDDC.DDC_EEPROM/I2C_SlaveController/RefClk
    SLICE_X106Y82        FDRE                                         r  vision_i/rx/U0/GenerateDDC.DDC_EEPROM/I2C_SlaveController/bitCount_reg[2]/C
  -------------------------------------------------------------------    -------------------
    SLICE_X106Y82        FDRE (Prop_fdre_C_Q)         0.419     3.567 f  vision_i/rx/U0/GenerateDDC.DDC_EEPROM/I2C_SlaveController/bitCount_reg[2]/Q
                         net (fo=5, routed)           0.881     4.448    vision_i/rx/U0/GenerateDDC.DDC_EEPROM/I2C_SlaveController/bitCount_reg[2]
    SLICE_X106Y82        LUT3 (Prop_lut3_I2_O)        0.325     4.773 r  vision_i/rx/U0/GenerateDDC.DDC_EEPROM/I2C_SlaveController/FSM_gray_state[2]_i_14/O
                         net (fo=2, routed)           0.305     5.077    vision_i/rx/U0/GenerateDDC.DDC_EEPROM/I2C_SlaveController/bitCount__1
    SLICE_X109Y82        LUT6 (Prop_lut6_I0_O)        0.332     5.409 r  vision_i/rx/U0/GenerateDDC.DDC_EEPROM/I2C_SlaveController/FSM_gray_state[2]_i_13/O
                         net (fo=1, routed)           0.000     5.409    vision_i/rx/U0/GenerateDDC.DDC_EEPROM/I2C_SlaveController/FSM_gray_state[2]_i_13_n_0
    SLICE_X109Y82        MUXF7 (Prop_muxf7_I1_O)      0.217     5.626 r  vision_i/rx/U0/GenerateDDC.DDC_EEPROM/I2C_SlaveController/FSM_gray_state_reg[2]_i_5/O
                         net (fo=3, routed)           0.810     6.436    vision_i/rx/U0/GenerateDDC.DDC_EEPROM/I2C_SlaveController/FSM_gray_state_reg[2]_i_5_n_0
    SLICE_X111Y82        LUT6 (Prop_lut6_I4_O)        0.299     6.735 r  vision_i/rx/U0/GenerateDDC.DDC_EEPROM/I2C_SlaveController/FSM_gray_state[0]_i_1/O
                         net (fo=1, routed)           0.000     6.735    vision_i/rx/U0/GenerateDDC.DDC_EEPROM/I2C_SlaveController/FSM_gray_state[0]_i_1_n_0
    SLICE_X111Y82        FDRE                                         r  vision_i/rx/U0/GenerateDDC.DDC_EEPROM/I2C_SlaveController/FSM_gray_state_reg[0]/D
  -------------------------------------------------------------------    -------------------

                         (clock clk_fpga_2 rise edge)
                                                      5.000     5.000 r  <hidden>
    PS7_X0Y0             PS7                          0.000     5.000 r  vision_i/ps7/inst/PS7_i/FCLKCLK[2]
                         net (fo=1, routed)           1.088     6.088    vision_i/ps7/inst/FCLK_CLK_unbuffered[2]
    BUFGCTRL_X0Y17       BUFG (Prop_bufg_I_O)         0.091     6.179 r  vision_i/ps7/inst/buffer_fclk_clk_2.FCLK_CLK_2_BUFG/O
                         net (fo=158, routed)         1.678     7.857    vision_i/rx/U0/GenerateDDC.DDC_EEPROM/I2C_SlaveController/RefClk
    SLICE_X111Y82        FDRE                                         r  vision_i/rx/U0/GenerateDDC.DDC_EEPROM/I2C_SlaveController/FSM_gray_state_reg[0]/C
                         clock pessimism              0.229     8.086    <hidden>
                         clock uncertainty           -0.083     8.003    <hidden>
    SLICE_X111Y82        FDRE (Setup_fdre_C_D)        0.029     8.032    vision_i/rx/U0/GenerateDDC.DDC_EEPROM/I2C_SlaveController/FSM_gray_state_reg[0]
  -------------------------------------------------------------------
                         required time                          8.032    <hidden>
                         arrival time                          -6.735    <hidden>
  -------------------------------------------------------------------
                         slack                                  1.297    <hidden>





Min Delay Paths
--------------------------------------------------------------------------------------
Slack (MET) :             0.122ns  (arrival time - required time)
  Source:                 vision_i/rx/U0/DataDecoders[2].DecoderX/SyncBaseRst/SyncAsyncx/oSyncStages_reg[0]/C
                            (rising edge-triggered cell FDPE clocked by clk_fpga_2  {rise@0.000ns fall@2.500ns period=5.000ns})
  Destination:            vision_i/rx/U0/DataDecoders[2].DecoderX/SyncBaseRst/SyncAsyncx/oSyncStages_reg[1]/D
                            (rising edge-triggered cell FDPE clocked by clk_fpga_2  {rise@0.000ns fall@2.500ns period=5.000ns})
  Path Group:             clk_fpga_2
  Path Type:              Hold (Min at Fast Process Corner)
  Requirement:            0.000ns  (clk_fpga_2 rise@0.000ns - clk_fpga_2 rise@0.000ns)
  Data Path Delay:        0.197ns  (logic 0.141ns (71.611%)  route 0.056ns (28.389%))
  Logic Levels:           0  
  Clock Path Skew:        0.000ns (DCD - SCD - CPR)
    Destination Clock Delay (DCD):    1.228ns
    Source Clock Delay      (SCD):    0.931ns
    Clock Pessimism Removal (CPR):    0.297ns

    Location             Delay type                Incr(ns)  Path(ns)    Netlist Resource(s)
  -------------------------------------------------------------------    -------------------
                         (clock clk_fpga_2 rise edge)
                                                      0.000     0.000 r  <hidden>
    PS7_X0Y0             PS7                          0.000     0.000 r  vision_i/ps7/inst/PS7_i/FCLKCLK[2]
                         net (fo=1, routed)           0.310     0.310    vision_i/ps7/inst/FCLK_CLK_unbuffered[2]
    BUFGCTRL_X0Y17       BUFG (Prop_bufg_I_O)         0.026     0.336 r  vision_i/ps7/inst/buffer_fclk_clk_2.FCLK_CLK_2_BUFG/O
                         net (fo=158, routed)         0.595     0.931    vision_i/rx/U0/DataDecoders[2].DecoderX/SyncBaseRst/SyncAsyncx/RefClk
    SLICE_X103Y75        FDPE                                         r  vision_i/rx/U0/DataDecoders[2].DecoderX/SyncBaseRst/SyncAsyncx/oSyncStages_reg[0]/C
  -------------------------------------------------------------------    -------------------
    SLICE_X103Y75        FDPE (Prop_fdpe_C_Q)         0.141     1.072 r  vision_i/rx/U0/DataDecoders[2].DecoderX/SyncBaseRst/SyncAsyncx/oSyncStages_reg[0]/Q
                         net (fo=1, routed)           0.056     1.127    vision_i/rx/U0/DataDecoders[2].DecoderX/SyncBaseRst/SyncAsyncx/oSyncStages[0]
    SLICE_X103Y75        FDPE                                         r  vision_i/rx/U0/DataDecoders[2].DecoderX/SyncBaseRst/SyncAsyncx/oSyncStages_reg[1]/D
  -------------------------------------------------------------------    -------------------

                         (clock clk_fpga_2 rise edge)
                                                      0.000     0.000 r  <hidden>
    PS7_X0Y0             PS7                          0.000     0.000 r  vision_i/ps7/inst/PS7_i/FCLKCLK[2]
                         net (fo=1, routed)           0.337     0.337    vision_i/ps7/inst/FCLK_CLK_unbuffered[2]
    BUFGCTRL_X0Y17       BUFG (Prop_bufg_I_O)         0.029     0.366 r  vision_i/ps7/inst/buffer_fclk_clk_2.FCLK_CLK_2_BUFG/O
                         net (fo=158, routed)         0.862     1.228    vision_i/rx/U0/DataDecoders[2].DecoderX/SyncBaseRst/SyncAsyncx/RefClk
    SLICE_X103Y75        FDPE                                         r  vision_i/rx/U0/DataDecoders[2].DecoderX/SyncBaseRst/SyncAsyncx/oSyncStages_reg[1]/C
                         clock pessimism             -0.297     0.931    <hidden>
    SLICE_X103Y75        FDPE (Hold_fdpe_C_D)         0.075     1.006    vision_i/rx/U0/DataDecoders[2].DecoderX/SyncBaseRst/SyncAsyncx/oSyncStages_reg[1]
  -------------------------------------------------------------------
                         required time                         -1.006    <hidden>
                         arrival time                           1.127    <hidden>
  -------------------------------------------------------------------
                         slack                                  0.122    <hidden>





Pulse Width Checks
--------------------------------------------------------------------------------------
Clock Name:         clk_fpga_2
Waveform(ns):       { 0.000 2.500 }
Period(ns):         5.000
Sources:            { vision_i/ps7/inst/PS7_i/FCLKCLK[2] }

Check Type        Corner  Lib Pin            Reference Pin  Required(ns)  Actual(ns)  Slack(ns)  Location         Pin
Min Period        n/a     IDELAYCTRL/REFCLK  n/a            3.225         5.000       1.775      IDELAYCTRL_X1Y1  vision_i/rx/U0/TMDS_ClockingX/IDelayCtrlX/REFCLK
Max Period        n/a     IDELAYCTRL/REFCLK  n/a            5.264         5.000       0.264      IDELAYCTRL_X1Y1  vision_i/rx/U0/TMDS_ClockingX/IDelayCtrlX/REFCLK
Low Pulse Width   Slow    FDRE/C             n/a            0.500         2.500       2.000      SLICE_X107Y63    vision_i/rx/U0/DataDecoders[0].DecoderX/rTimeoutCnt_reg[0]/C
High Pulse Width  Slow    FDRE/C             n/a            0.500         2.500       2.000      SLICE_X107Y63    vision_i/rx/U0/DataDecoders[0].DecoderX/rTimeoutCnt_reg[0]/C



---------------------------------------------------------------------------------------------------
From Clock:  dbg_hub/inst/BSCANID.u_xsdbm_id/SWITCH_N_EXT_BSCAN.bscan_inst/SERIES7_BSCAN.bscan_inst/TCK
  To Clock:  dbg_hub/inst/BSCANID.u_xsdbm_id/SWITCH_N_EXT_BSCAN.bscan_inst/SERIES7_BSCAN.bscan_inst/TCK

Setup :            0  Failing Endpoints,  Worst Slack       25.509ns,  Total Violation        0.000ns
Hold  :            0  Failing Endpoints,  Worst Slack        0.054ns,  Total Violation        0.000ns
PW    :            0  Failing Endpoints,  Worst Slack       15.250ns,  Total Violation        0.000ns
---------------------------------------------------------------------------------------------------


Max Delay Paths
--------------------------------------------------------------------------------------
Slack (MET) :             25.509ns  (required time - arrival time)
  Source:                 dbg_hub/inst/BSCANID.u_xsdbm_id/SWITCH_N_EXT_BSCAN.bscan_switch/state_reg[1]/C
                            (rising edge-triggered cell FDRE clocked by dbg_hub/inst/BSCANID.u_xsdbm_id/SWITCH_N_EXT_BSCAN.bscan_inst/SERIES7_BSCAN.bscan_inst/TCK  {rise@0.000ns fall@16.500ns period=33.000ns})
  Destination:            dbg_hub/inst/BSCANID.u_xsdbm_id/SWITCH_N_EXT_BSCAN.bscan_switch/portno_temp_reg[0]/D
                            (rising edge-triggered cell FDRE clocked by dbg_hub/inst/BSCANID.u_xsdbm_id/SWITCH_N_EXT_BSCAN.bscan_inst/SERIES7_BSCAN.bscan_inst/TCK  {rise@0.000ns fall@16.500ns period=33.000ns})
  Path Group:             dbg_hub/inst/BSCANID.u_xsdbm_id/SWITCH_N_EXT_BSCAN.bscan_inst/SERIES7_BSCAN.bscan_inst/TCK
  Path Type:              Setup (Max at Slow Process Corner)
  Requirement:            33.000ns  (dbg_hub/inst/BSCANID.u_xsdbm_id/SWITCH_N_EXT_BSCAN.bscan_inst/SERIES7_BSCAN.bscan_inst/TCK rise@33.000ns - dbg_hub/inst/BSCANID.u_xsdbm_id/SWITCH_N_EXT_BSCAN.bscan_inst/SERIES7_BSCAN.bscan_inst/TCK rise@0.000ns)
  Data Path Delay:        7.423ns  (logic 1.855ns (24.990%)  route 5.568ns (75.010%))
  Logic Levels:           5  (CARRY4=1 LUT3=1 LUT4=1 LUT5=1 LUT6=1)
  Clock Path Skew:        -0.062ns (DCD - SCD + CPR)
    Destination Clock Delay (DCD):    3.788ns = ( 36.788 - 33.000 ) 
    Source Clock Delay      (SCD):    4.304ns
    Clock Pessimism Removal (CPR):    0.454ns
  Clock Uncertainty:      0.035ns  ((TSJ^2 + TIJ^2)^1/2 + DJ) / 2 + PE
    Total System Jitter     (TSJ):    0.071ns
    Total Input Jitter      (TIJ):    0.000ns
    Discrete Jitter          (DJ):    0.000ns
    Phase Error              (PE):    0.000ns

    Location             Delay type                Incr(ns)  Path(ns)    Netlist Resource(s)
  -------------------------------------------------------------------    -------------------
                         (clock dbg_hub/inst/BSCANID.u_xsdbm_id/SWITCH_N_EXT_BSCAN.bscan_inst/SERIES7_BSCAN.bscan_inst/TCK rise edge)
                                                      0.000     0.000 r  <hidden>
    BSCAN_X0Y0           BSCANE2                      0.000     0.000 r  dbg_hub/inst/BSCANID.u_xsdbm_id/SWITCH_N_EXT_BSCAN.bscan_inst/SERIES7_BSCAN.bscan_inst/TCK
                         net (fo=1, routed)           2.306     2.306    dbg_hub/inst/BSCANID.u_xsdbm_id/tck_bs
    BUFGCTRL_X0Y0        BUFG (Prop_bufg_I_O)         0.101     2.407 r  dbg_hub/inst/BSCANID.u_xsdbm_id/SWITCH_N_EXT_BSCAN.u_bufg_icon_tck/O
                         net (fo=482, routed)         1.897     4.304    dbg_hub/inst/BSCANID.u_xsdbm_id/SWITCH_N_EXT_BSCAN.bscan_switch/s_bscan_tck
    SLICE_X60Y119        FDRE                                         r  dbg_hub/inst/BSCANID.u_xsdbm_id/SWITCH_N_EXT_BSCAN.bscan_switch/state_reg[1]/C
  -------------------------------------------------------------------    -------------------
    SLICE_X60Y119        FDRE (Prop_fdre_C_Q)         0.419     4.723 r  dbg_hub/inst/BSCANID.u_xsdbm_id/SWITCH_N_EXT_BSCAN.bscan_switch/state_reg[1]/Q
                         net (fo=50, routed)          1.884     6.607    dbg_hub/inst/BSCANID.u_xsdbm_id/SWITCH_N_EXT_BSCAN.bscan_switch/state[1]
    SLICE_X65Y118        LUT4 (Prop_lut4_I3_O)        0.299     6.906 r  dbg_hub/inst/BSCANID.u_xsdbm_id/SWITCH_N_EXT_BSCAN.bscan_switch/curid_inferred_i_10/O
                         net (fo=2, routed)           1.234     8.139    dbg_hub/inst/BSCANID.u_xsdbm_id/SWITCH_N_EXT_BSCAN.bscan_switch/curid[22]
    SLICE_X64Y118        LUT6 (Prop_lut6_I4_O)        0.124     8.263 r  dbg_hub/inst/BSCANID.u_xsdbm_id/SWITCH_N_EXT_BSCAN.bscan_switch/state_temp[0]_i_8/O
                         net (fo=1, routed)           0.000     8.263    dbg_hub/inst/BSCANID.u_xsdbm_id/SWITCH_N_EXT_BSCAN.bscan_switch/state_temp[0]_i_8_n_0
    SLICE_X64Y118        CARRY4 (Prop_carry4_S[0]_CO[3])
                                                      0.532     8.795 r  dbg_hub/inst/BSCANID.u_xsdbm_id/SWITCH_N_EXT_BSCAN.bscan_switch/state_temp_reg[0]_i_3/CO[3]
                         net (fo=4, routed)           1.450    10.245    dbg_hub/inst/BSCANID.u_xsdbm_id/SWITCH_N_EXT_BSCAN.bscan_switch/state_temp_reg[0]_i_3_n_0
    SLICE_X59Y119        LUT5 (Prop_lut5_I1_O)        0.154    10.399 r  dbg_hub/inst/BSCANID.u_xsdbm_id/SWITCH_N_EXT_BSCAN.bscan_switch/portno_temp[5]_i_2/O
                         net (fo=7, routed)           1.001    11.400    dbg_hub/inst/BSCANID.u_xsdbm_id/SWITCH_N_EXT_BSCAN.bscan_switch/portno_temp[5]_i_2_n_0
    SLICE_X59Y120        LUT3 (Prop_lut3_I1_O)        0.327    11.727 r  dbg_hub/inst/BSCANID.u_xsdbm_id/SWITCH_N_EXT_BSCAN.bscan_switch/portno_temp[0]_i_1/O
                         net (fo=1, routed)           0.000    11.727    dbg_hub/inst/BSCANID.u_xsdbm_id/SWITCH_N_EXT_BSCAN.bscan_switch/portno_temp[0]_i_1_n_0
    SLICE_X59Y120        FDRE                                         r  dbg_hub/inst/BSCANID.u_xsdbm_id/SWITCH_N_EXT_BSCAN.bscan_switch/portno_temp_reg[0]/D
  -------------------------------------------------------------------    -------------------

                         (clock dbg_hub/inst/BSCANID.u_xsdbm_id/SWITCH_N_EXT_BSCAN.bscan_inst/SERIES7_BSCAN.bscan_inst/TCK rise edge)
                                                     33.000    33.000 r  <hidden>
    BSCAN_X0Y0           BSCANE2                      0.000    33.000 r  dbg_hub/inst/BSCANID.u_xsdbm_id/SWITCH_N_EXT_BSCAN.bscan_inst/SERIES7_BSCAN.bscan_inst/TCK
                         net (fo=1, routed)           1.994    34.994    dbg_hub/inst/BSCANID.u_xsdbm_id/tck_bs
    BUFGCTRL_X0Y0        BUFG (Prop_bufg_I_O)         0.091    35.085 r  dbg_hub/inst/BSCANID.u_xsdbm_id/SWITCH_N_EXT_BSCAN.u_bufg_icon_tck/O
                         net (fo=482, routed)         1.703    36.788    dbg_hub/inst/BSCANID.u_xsdbm_id/SWITCH_N_EXT_BSCAN.bscan_switch/s_bscan_tck
    SLICE_X59Y120        FDRE                                         r  dbg_hub/inst/BSCANID.u_xsdbm_id/SWITCH_N_EXT_BSCAN.bscan_switch/portno_temp_reg[0]/C
                         clock pessimism              0.454    37.242    <hidden>
                         clock uncertainty           -0.035    37.207    <hidden>
    SLICE_X59Y120        FDRE (Setup_fdre_C_D)        0.029    37.236    dbg_hub/inst/BSCANID.u_xsdbm_id/SWITCH_N_EXT_BSCAN.bscan_switch/portno_temp_reg[0]
  -------------------------------------------------------------------
                         required time                         37.236    <hidden>
                         arrival time                         -11.727    <hidden>
  -------------------------------------------------------------------
                         slack                                 25.509    <hidden>





Min Delay Paths
--------------------------------------------------------------------------------------
Slack (MET) :             0.054ns  (arrival time - required time)
  Source:                 dbg_hub/inst/BSCANID.u_xsdbm_id/CORE_XSDB.UUT_MASTER/U_ICON_INTERFACE/U_CMD6_WR/U_WR_FIFO/SUBCORE_FIFO.xsdbm_v3_0_6_wrfifo_inst/inst_fifo_gen/gconvfifo.rf/grf.rf/gntv_or_sync_fifo.gl0.wr/wpntr/gic0.gc0.count_d2_reg[3]/C
                            (rising edge-triggered cell FDCE clocked by dbg_hub/inst/BSCANID.u_xsdbm_id/SWITCH_N_EXT_BSCAN.bscan_inst/SERIES7_BSCAN.bscan_inst/TCK  {rise@0.000ns fall@16.500ns period=33.000ns})
  Destination:            dbg_hub/inst/BSCANID.u_xsdbm_id/CORE_XSDB.UUT_MASTER/U_ICON_INTERFACE/U_CMD6_WR/U_WR_FIFO/SUBCORE_FIFO.xsdbm_v3_0_6_wrfifo_inst/inst_fifo_gen/gconvfifo.rf/grf.rf/gntv_or_sync_fifo.gcx.clkx/gnxpm_cdc.wr_pntr_gc_reg[3]/D
                            (rising edge-triggered cell FDCE clocked by dbg_hub/inst/BSCANID.u_xsdbm_id/SWITCH_N_EXT_BSCAN.bscan_inst/SERIES7_BSCAN.bscan_inst/TCK  {rise@0.000ns fall@16.500ns period=33.000ns})
  Path Group:             dbg_hub/inst/BSCANID.u_xsdbm_id/SWITCH_N_EXT_BSCAN.bscan_inst/SERIES7_BSCAN.bscan_inst/TCK
  Path Type:              Hold (Min at Fast Process Corner)
  Requirement:            0.000ns  (dbg_hub/inst/BSCANID.u_xsdbm_id/SWITCH_N_EXT_BSCAN.bscan_inst/SERIES7_BSCAN.bscan_inst/TCK rise@0.000ns - dbg_hub/inst/BSCANID.u_xsdbm_id/SWITCH_N_EXT_BSCAN.bscan_inst/SERIES7_BSCAN.bscan_inst/TCK rise@0.000ns)
  Data Path Delay:        0.378ns  (logic 0.141ns (37.264%)  route 0.237ns (62.736%))
  Logic Levels:           0  
  Clock Path Skew:        0.260ns (DCD - SCD - CPR)
    Destination Clock Delay (DCD):    2.092ns
    Source Clock Delay      (SCD):    1.688ns
    Clock Pessimism Removal (CPR):    0.144ns

    Location             Delay type                Incr(ns)  Path(ns)    Netlist Resource(s)
  -------------------------------------------------------------------    -------------------
                         (clock dbg_hub/inst/BSCANID.u_xsdbm_id/SWITCH_N_EXT_BSCAN.bscan_inst/SERIES7_BSCAN.bscan_inst/TCK rise edge)
                                                      0.000     0.000 r  <hidden>
    BSCAN_X0Y0           BSCANE2                      0.000     0.000 r  dbg_hub/inst/BSCANID.u_xsdbm_id/SWITCH_N_EXT_BSCAN.bscan_inst/SERIES7_BSCAN.bscan_inst/TCK
                         net (fo=1, routed)           1.028     1.028    dbg_hub/inst/BSCANID.u_xsdbm_id/tck_bs
    BUFGCTRL_X0Y0        BUFG (Prop_bufg_I_O)         0.026     1.054 r  dbg_hub/inst/BSCANID.u_xsdbm_id/SWITCH_N_EXT_BSCAN.u_bufg_icon_tck/O
                         net (fo=482, routed)         0.634     1.688    dbg_hub/inst/BSCANID.u_xsdbm_id/CORE_XSDB.UUT_MASTER/U_ICON_INTERFACE/U_CMD6_WR/U_WR_FIFO/SUBCORE_FIFO.xsdbm_v3_0_6_wrfifo_inst/inst_fifo_gen/gconvfifo.rf/grf.rf/gntv_or_sync_fifo.gl0.wr/wpntr/wr_clk
    SLICE_X49Y116        FDCE                                         r  dbg_hub/inst/BSCANID.u_xsdbm_id/CORE_XSDB.UUT_MASTER/U_ICON_INTERFACE/U_CMD6_WR/U_WR_FIFO/SUBCORE_FIFO.xsdbm_v3_0_6_wrfifo_inst/inst_fifo_gen/gconvfifo.rf/grf.rf/gntv_or_sync_fifo.gl0.wr/wpntr/gic0.gc0.count_d2_reg[3]/C
  -------------------------------------------------------------------    -------------------
    SLICE_X49Y116        FDCE (Prop_fdce_C_Q)         0.141     1.829 r  dbg_hub/inst/BSCANID.u_xsdbm_id/CORE_XSDB.UUT_MASTER/U_ICON_INTERFACE/U_CMD6_WR/U_WR_FIFO/SUBCORE_FIFO.xsdbm_v3_0_6_wrfifo_inst/inst_fifo_gen/gconvfifo.rf/grf.rf/gntv_or_sync_fifo.gl0.wr/wpntr/gic0.gc0.count_d2_reg[3]/Q
                         net (fo=26, routed)          0.237     2.066    dbg_hub/inst/BSCANID.u_xsdbm_id/CORE_XSDB.UUT_MASTER/U_ICON_INTERFACE/U_CMD6_WR/U_WR_FIFO/SUBCORE_FIFO.xsdbm_v3_0_6_wrfifo_inst/inst_fifo_gen/gconvfifo.rf/grf.rf/gntv_or_sync_fifo.gcx.clkx/gnxpm_cdc.wr_pntr_gc_reg[3]_0[3]
    SLICE_X50Y114        FDCE                                         r  dbg_hub/inst/BSCANID.u_xsdbm_id/CORE_XSDB.UUT_MASTER/U_ICON_INTERFACE/U_CMD6_WR/U_WR_FIFO/SUBCORE_FIFO.xsdbm_v3_0_6_wrfifo_inst/inst_fifo_gen/gconvfifo.rf/grf.rf/gntv_or_sync_fifo.gcx.clkx/gnxpm_cdc.wr_pntr_gc_reg[3]/D
  -------------------------------------------------------------------    -------------------

                         (clock dbg_hub/inst/BSCANID.u_xsdbm_id/SWITCH_N_EXT_BSCAN.bscan_inst/SERIES7_BSCAN.bscan_inst/TCK rise edge)
                                                      0.000     0.000 r  <hidden>
    BSCAN_X0Y0           BSCANE2                      0.000     0.000 r  dbg_hub/inst/BSCANID.u_xsdbm_id/SWITCH_N_EXT_BSCAN.bscan_inst/SERIES7_BSCAN.bscan_inst/TCK
                         net (fo=1, routed)           1.160     1.160    dbg_hub/inst/BSCANID.u_xsdbm_id/tck_bs
    BUFGCTRL_X0Y0        BUFG (Prop_bufg_I_O)         0.029     1.189 r  dbg_hub/inst/BSCANID.u_xsdbm_id/SWITCH_N_EXT_BSCAN.u_bufg_icon_tck/O
                         net (fo=482, routed)         0.903     2.092    dbg_hub/inst/BSCANID.u_xsdbm_id/CORE_XSDB.UUT_MASTER/U_ICON_INTERFACE/U_CMD6_WR/U_WR_FIFO/SUBCORE_FIFO.xsdbm_v3_0_6_wrfifo_inst/inst_fifo_gen/gconvfifo.rf/grf.rf/gntv_or_sync_fifo.gcx.clkx/wr_clk
    SLICE_X50Y114        FDCE                                         r  dbg_hub/inst/BSCANID.u_xsdbm_id/CORE_XSDB.UUT_MASTER/U_ICON_INTERFACE/U_CMD6_WR/U_WR_FIFO/SUBCORE_FIFO.xsdbm_v3_0_6_wrfifo_inst/inst_fifo_gen/gconvfifo.rf/grf.rf/gntv_or_sync_fifo.gcx.clkx/gnxpm_cdc.wr_pntr_gc_reg[3]/C
                         clock pessimism             -0.144     1.948    <hidden>
    SLICE_X50Y114        FDCE (Hold_fdce_C_D)         0.064     2.012    dbg_hub/inst/BSCANID.u_xsdbm_id/CORE_XSDB.UUT_MASTER/U_ICON_INTERFACE/U_CMD6_WR/U_WR_FIFO/SUBCORE_FIFO.xsdbm_v3_0_6_wrfifo_inst/inst_fifo_gen/gconvfifo.rf/grf.rf/gntv_or_sync_fifo.gcx.clkx/gnxpm_cdc.wr_pntr_gc_reg[3]
  -------------------------------------------------------------------
                         required time                         -2.012    <hidden>
                         arrival time                           2.066    <hidden>
  -------------------------------------------------------------------
                         slack                                  0.054    <hidden>





Pulse Width Checks
--------------------------------------------------------------------------------------
Clock Name:         dbg_hub/inst/BSCANID.u_xsdbm_id/SWITCH_N_EXT_BSCAN.bscan_inst/SERIES7_BSCAN.bscan_inst/TCK
Waveform(ns):       { 0.000 16.500 }
Period(ns):         33.000
Sources:            { dbg_hub/inst/BSCANID.u_xsdbm_id/SWITCH_N_EXT_BSCAN.bscan_inst/SERIES7_BSCAN.bscan_inst/TCK }

Check Type        Corner  Lib Pin     Reference Pin  Required(ns)  Actual(ns)  Slack(ns)  Location       Pin
Min Period        n/a     BUFG/I      n/a            2.155         33.000      30.845     BUFGCTRL_X0Y0  dbg_hub/inst/BSCANID.u_xsdbm_id/SWITCH_N_EXT_BSCAN.u_bufg_icon_tck/I
Low Pulse Width   Slow    RAMD32/CLK  n/a            1.250         16.500      15.250     SLICE_X54Y109  dbg_hub/inst/BSCANID.u_xsdbm_id/CORE_XSDB.UUT_MASTER/U_ICON_INTERFACE/U_CMD6_WR/U_WR_FIFO/SUBCORE_FIFO.xsdbm_v3_0_6_wrfifo_inst/inst_fifo_gen/gconvfifo.rf/grf.rf/gntv_or_sync_fifo.mem/gdm.dm_gen.dm/RAM_reg_0_15_0_5/RAMA/CLK
High Pulse Width  Slow    RAMD32/CLK  n/a            1.250         16.500      15.250     SLICE_X54Y109  dbg_hub/inst/BSCANID.u_xsdbm_id/CORE_XSDB.UUT_MASTER/U_ICON_INTERFACE/U_CMD6_WR/U_WR_FIFO/SUBCORE_FIFO.xsdbm_v3_0_6_wrfifo_inst/inst_fifo_gen/gconvfifo.rf/grf.rf/gntv_or_sync_fifo.mem/gdm.dm_gen.dm/RAM_reg_0_15_0_5/RAMA/CLK



---------------------------------------------------------------------------------------------------
From Clock:  hdmi_pixel_in
  To Clock:  hdmi_pixel_in

Setup :           NA  Failing Endpoints,  Worst Slack           NA  ,  Total Violation           NA
Hold  :           NA  Failing Endpoints,  Worst Slack           NA  ,  Total Violation           NA
PW    :            0  Failing Endpoints,  Worst Slack        3.734ns,  Total Violation        0.000ns
---------------------------------------------------------------------------------------------------


Pulse Width Checks
--------------------------------------------------------------------------------------
Clock Name:         hdmi_pixel_in
Waveform(ns):       { 0.000 6.734 }
Period(ns):         13.468
Sources:            { hdmi_in_clk_p }

Check Type        Corner  Lib Pin            Reference Pin  Required(ns)  Actual(ns)  Slack(ns)  Location         Pin
Min Period        n/a     MMCME2_ADV/CLKIN1  n/a            1.249         13.468      12.219     MMCME2_ADV_X1Y1  vision_i/rx/U0/TMDS_ClockingX/DVI_ClkGenerator/CLKIN1
Max Period        n/a     MMCME2_ADV/CLKIN1  n/a            100.000       13.468      86.532     MMCME2_ADV_X1Y1  vision_i/rx/U0/TMDS_ClockingX/DVI_ClkGenerator/CLKIN1
Low Pulse Width   Slow    MMCME2_ADV/CLKIN1  n/a            3.000         6.734       3.734      MMCME2_ADV_X1Y1  vision_i/rx/U0/TMDS_ClockingX/DVI_ClkGenerator/CLKIN1
High Pulse Width  Slow    MMCME2_ADV/CLKIN1  n/a            3.000         6.734       3.734      MMCME2_ADV_X1Y1  vision_i/rx/U0/TMDS_ClockingX/DVI_ClkGenerator/CLKIN1



---------------------------------------------------------------------------------------------------
From Clock:  CLKFBIN
  To Clock:  CLKFBIN

Setup :           NA  Failing Endpoints,  Worst Slack           NA  ,  Total Violation           NA
Hold  :           NA  Failing Endpoints,  Worst Slack           NA  ,  Total Violation           NA
PW    :            0  Failing Endpoints,  Worst Slack       12.219ns,  Total Violation        0.000ns
---------------------------------------------------------------------------------------------------


Pulse Width Checks
--------------------------------------------------------------------------------------
Clock Name:         CLKFBIN
Waveform(ns):       { 0.000 6.734 }
Period(ns):         13.468
Sources:            { vision_i/rx/U0/TMDS_ClockingX/DVI_ClkGenerator/CLKFBOUT }

Check Type  Corner  Lib Pin              Reference Pin  Required(ns)  Actual(ns)  Slack(ns)  Location         Pin
Min Period  n/a     MMCME2_ADV/CLKFBOUT  n/a            1.249         13.468      12.219     MMCME2_ADV_X1Y1  vision_i/rx/U0/TMDS_ClockingX/DVI_ClkGenerator/CLKFBOUT
Max Period  n/a     MMCME2_ADV/CLKFBIN   n/a            100.000       13.468      86.532     MMCME2_ADV_X1Y1  vision_i/rx/U0/TMDS_ClockingX/DVI_ClkGenerator/CLKFBIN



---------------------------------------------------------------------------------------------------
From Clock:  CLK_OUT_5x_hdmi_clk
  To Clock:  CLK_OUT_5x_hdmi_clk

Setup :           NA  Failing Endpoints,  Worst Slack           NA  ,  Total Violation           NA
Hold  :           NA  Failing Endpoints,  Worst Slack           NA  ,  Total Violation           NA
PW    :            0  Failing Endpoints,  Worst Slack        1.027ns,  Total Violation        0.000ns
---------------------------------------------------------------------------------------------------


Pulse Width Checks
--------------------------------------------------------------------------------------
Clock Name:         CLK_OUT_5x_hdmi_clk
Waveform(ns):       { 0.000 1.347 }
Period(ns):         2.694
Sources:            { vision_i/rx/U0/TMDS_ClockingX/DVI_ClkGenerator/CLKOUT0 }

Check Type  Corner  Lib Pin             Reference Pin  Required(ns)  Actual(ns)  Slack(ns)  Location         Pin
Min Period  n/a     ISERDESE2/CLK       n/a            1.667         2.694       1.027      ILOGIC_X1Y68     vision_i/rx/U0/DataDecoders[0].DecoderX/InputSERDES_X/DeserializerMaster/CLK
Max Period  n/a     MMCME2_ADV/CLKOUT0  n/a            213.360       2.694       210.666    MMCME2_ADV_X1Y1  vision_i/rx/U0/TMDS_ClockingX/DVI_ClkGenerator/CLKOUT0



---------------------------------------------------------------------------------------------------
From Clock:  PixelClk_int
  To Clock:  PixelClk_int

Setup :            0  Failing Endpoints,  Worst Slack        0.956ns,  Total Violation        0.000ns
Hold  :            0  Failing Endpoints,  Worst Slack        0.059ns,  Total Violation        0.000ns
PW    :            0  Failing Endpoints,  Worst Slack        2.387ns,  Total Violation        0.000ns
---------------------------------------------------------------------------------------------------


Max Delay Paths
--------------------------------------------------------------------------------------
Slack (MET) :             0.956ns  (required time - arrival time)
  Source:                 vision_i/pipe/inst/u_pipeline/u_vision/u_gauss/xd2_reg[4]/C
                            (rising edge-triggered cell FDCE clocked by PixelClk_int  {rise@0.000ns fall@5.387ns period=13.468ns})
  Destination:            vision_i/pipe/inst/u_pipeline/u_vision/u_gauss/out_g_reg[7]/D
                            (rising edge-triggered cell FDCE clocked by PixelClk_int  {rise@0.000ns fall@5.387ns period=13.468ns})
  Path Group:             PixelClk_int
  Path Type:              Setup (Max at Slow Process Corner)
  Requirement:            13.468ns  (PixelClk_int rise@13.468ns - PixelClk_int rise@0.000ns)
  Data Path Delay:        12.504ns  (logic 6.156ns (49.232%)  route 6.348ns (50.768%))
  Logic Levels:           19  (CARRY4=9 LUT2=1 LUT4=1 LUT5=3 LUT6=5)
  Clock Path Skew:        0.002ns (DCD - SCD + CPR)
    Destination Clock Delay (DCD):    6.564ns = ( 20.032 - 13.468 ) 
    Source Clock Delay      (SCD):    7.161ns
    Clock Pessimism Removal (CPR):    0.599ns
  Clock Uncertainty:      0.072ns  ((TSJ^2 + DJ^2)^1/2) / 2 + PE
    Total System Jitter     (TSJ):    0.071ns
    Discrete Jitter          (DJ):    0.126ns
    Phase Error              (PE):    0.000ns

    Location             Delay type                Incr(ns)  Path(ns)    Netlist Resource(s)
  -------------------------------------------------------------------    -------------------
                         (clock PixelClk_int rise edge)
                                                      0.000     0.000 r  <hidden>
    N18                                               0.000     0.000 r  hdmi_in_clk_p
                         net (fo=0)                   0.000     0.000    vision_i/rx/U0/TMDS_ClockingX/TMDS_Clk_p
    N18                  IBUFDS (Prop_ibufds_I_O)     0.930     0.930 r  vision_i/rx/U0/TMDS_ClockingX/InputBuffer/O
                         net (fo=1, routed)           1.285     2.215    vision_i/rx/U0/TMDS_ClockingX/CLK_IN_hdmi_clk
    MMCME2_ADV_X1Y1      MMCME2_ADV (Prop_mmcme2_adv_CLKIN1_CLKOUT0)
                                                      0.089     2.304 r  vision_i/rx/U0/TMDS_ClockingX/DVI_ClkGenerator/CLKOUT0
                         net (fo=2, routed)           1.063     3.367    vision_i/rx/U0/TMDS_ClockingX/CLK_OUT_5x_hdmi_clk
    BUFR_X1Y5            BUFR (Prop_bufr_I_O)         1.031     4.398 r  vision_i/rx/U0/TMDS_ClockingX/PixelClkBuffer/O
                         net (fo=367, routed)         0.945     5.343    vision_i/rx/U0/GenerateBUFG.ResyncToBUFG_X/InstBUFG_0
    BUFGCTRL_X0Y18       BUFG (Prop_bufg_I_O)         0.101     5.444 r  vision_i/rx/U0/GenerateBUFG.ResyncToBUFG_X/InstBUFG/O
                         net (fo=3334, routed)        1.717     7.161    vision_i/pipe/inst/u_pipeline/u_vision/u_gauss/pclk
    SLICE_X85Y87         FDCE                                         r  vision_i/pipe/inst/u_pipeline/u_vision/u_gauss/xd2_reg[4]/C
  -------------------------------------------------------------------    -------------------
    SLICE_X85Y87         FDCE (Prop_fdce_C_Q)         0.419     7.580 f  vision_i/pipe/inst/u_pipeline/u_vision/u_gauss/xd2_reg[4]/Q
                         net (fo=6, routed)           1.035     8.615    vision_i/pipe/inst/u_pipeline/u_vision/u_gauss/xd2[4]
    SLICE_X87Y87         LUT5 (Prop_lut5_I1_O)        0.299     8.914 r  vision_i/pipe/inst/u_pipeline/u_vision/u_gauss/out_g[7]_i_72/O
                         net (fo=1, routed)           0.407     9.321    vision_i/pipe/inst/u_pipeline/u_vision/u_gauss/out_g[7]_i_72_n_0
    SLICE_X87Y87         LUT6 (Prop_lut6_I4_O)        0.124     9.445 r  vision_i/pipe/inst/u_pipeline/u_vision/u_gauss/out_g[7]_i_45/O
                         net (fo=1, routed)           0.797    10.242    vision_i/pipe/inst/u_pipeline/u_vision/u_gauss/out_g[7]_i_45_n_0
    SLICE_X87Y88         LUT6 (Prop_lut6_I1_O)        0.124    10.366 r  vision_i/pipe/inst/u_pipeline/u_vision/u_gauss/out_g[7]_i_25__0/O
                         net (fo=24, routed)          0.506    10.872    vision_i/pipe/inst/u_pipeline/u_vision/u_gauss/lb1/right_edge
    SLICE_X88Y88         LUT6 (Prop_lut6_I5_O)        0.124    10.996 r  vision_i/pipe/inst/u_pipeline/u_vision/u_gauss/lb1/out_g[3]_i_37/O
                         net (fo=5, routed)           0.449    11.444    vision_i/pipe/inst/u_pipeline/u_vision/u_gauss/lb1/out_g[3]_i_37_n_0
    SLICE_X87Y89         LUT6 (Prop_lut6_I0_O)        0.124    11.568 r  vision_i/pipe/inst/u_pipeline/u_vision/u_gauss/lb1/out_g[7]_i_93/O
                         net (fo=1, routed)           0.000    11.568    vision_i/pipe/inst/u_pipeline/u_vision/u_gauss/lb1/out_g[7]_i_93_n_0
    SLICE_X87Y89         CARRY4 (Prop_carry4_S[1]_CO[3])
                                                      0.550    12.118 r  vision_i/pipe/inst/u_pipeline/u_vision/u_gauss/lb1/out_g_reg[7]_i_82/CO[3]
                         net (fo=1, routed)           0.000    12.118    vision_i/pipe/inst/u_pipeline/u_vision/u_gauss/lb1/out_g_reg[7]_i_82_n_0
    SLICE_X87Y90         CARRY4 (Prop_carry4_CI_O[0])
                                                      0.222    12.340 r  vision_i/pipe/inst/u_pipeline/u_vision/u_gauss/lb1/out_g_reg[7]_i_65/O[0]
                         net (fo=2, routed)           0.518    12.859    vision_i/pipe/inst/u_pipeline/u_vision/u_gauss/lb1/out_g_reg[7]_i_65_n_7
    SLICE_X88Y89         LUT4 (Prop_lut4_I3_O)        0.299    13.158 r  vision_i/pipe/inst/u_pipeline/u_vision/u_gauss/lb1/out_g[7]_i_83/O
                         net (fo=1, routed)           0.000    13.158    vision_i/pipe/inst/u_pipeline/u_vision/u_gauss/lb1/out_g[7]_i_83_n_0
    SLICE_X88Y89         CARRY4 (Prop_carry4_S[3]_CO[3])
                                                      0.401    13.559 r  vision_i/pipe/inst/u_pipeline/u_vision/u_gauss/lb1/out_g_reg[7]_i_59/CO[3]
                         net (fo=1, routed)           0.000    13.559    vision_i/pipe/inst/u_pipeline/u_vision/u_gauss/lb1/out_g_reg[7]_i_59_n_0
    SLICE_X88Y90         CARRY4 (Prop_carry4_CI_O[0])
                                                      0.222    13.781 r  vision_i/pipe/inst/u_pipeline/u_vision/u_gauss/lb1/out_g_reg[7]_i_42/O[0]
                         net (fo=2, routed)           0.605    14.386    vision_i/pipe/inst/u_pipeline/u_vision/u_gauss/lb1/out_g_reg[7]_i_42_n_7
    SLICE_X89Y90         LUT2 (Prop_lut2_I1_O)        0.299    14.685 r  vision_i/pipe/inst/u_pipeline/u_vision/u_gauss/lb1/out_g[7]_i_62/O
                         net (fo=1, routed)           0.000    14.685    vision_i/pipe/inst/u_pipeline/u_vision/u_gauss/lb1/out_g[7]_i_62_n_0
    SLICE_X89Y90         CARRY4 (Prop_carry4_S[1]_O[2])
                                                      0.580    15.265 r  vision_i/pipe/inst/u_pipeline/u_vision/u_gauss/lb1/out_g_reg[7]_i_37/O[2]
                         net (fo=2, routed)           0.682    15.946    vision_i/pipe/inst/u_pipeline/u_vision/u_gauss/lb1/C[6]
    SLICE_X90Y90         LUT5 (Prop_lut5_I4_O)        0.302    16.248 r  vision_i/pipe/inst/u_pipeline/u_vision/u_gauss/lb1/out_g[7]_i_39/O
                         net (fo=1, routed)           0.000    16.248    vision_i/pipe/inst/u_pipeline/u_vision/u_gauss/lb1/out_g[7]_i_39_n_0
    SLICE_X90Y90         CARRY4 (Prop_carry4_S[2]_O[2])
                                                      0.250    16.498 r  vision_i/pipe/inst/u_pipeline/u_vision/u_gauss/lb1/out_g_reg[7]_i_19/O[2]
                         net (fo=2, routed)           0.329    16.827    vision_i/pipe/inst/u_pipeline/u_vision/u_gauss/lb1/out_g_reg[7]_i_19_n_5
    SLICE_X92Y90         LUT5 (Prop_lut5_I4_O)        0.301    17.128 r  vision_i/pipe/inst/u_pipeline/u_vision/u_gauss/lb1/out_g[7]_i_11__0/O
                         net (fo=2, routed)           0.531    17.660    vision_i/pipe/inst/u_pipeline/u_vision/u_gauss/lb1/out_g[7]_i_11__0_n_0
    SLICE_X92Y92         CARRY4 (Prop_carry4_DI[3]_CO[3])
                                                      0.396    18.056 r  vision_i/pipe/inst/u_pipeline/u_vision/u_gauss/lb1/out_g_reg[7]_i_4/CO[3]
                         net (fo=1, routed)           0.000    18.056    vision_i/pipe/inst/u_pipeline/u_vision/u_gauss/lb1/out_g_reg[7]_i_4_n_0
    SLICE_X92Y93         CARRY4 (Prop_carry4_CI_O[0])
                                                      0.219    18.275 r  vision_i/pipe/inst/u_pipeline/u_vision/u_gauss/lb1/out_g_reg[7]_i_2/O[0]
                         net (fo=2, routed)           0.489    18.764    vision_i/pipe/inst/u_pipeline/u_vision/u_gauss/lb1/PCOUT[8]
    SLICE_X91Y93         LUT6 (Prop_lut6_I5_O)        0.295    19.059 r  vision_i/pipe/inst/u_pipeline/u_vision/u_gauss/lb1/out_g[7]_i_3/O
                         net (fo=1, routed)           0.000    19.059    vision_i/pipe/inst/u_pipeline/u_vision/u_gauss/lb1/out_g[7]_i_3_n_0
    SLICE_X91Y93         CARRY4 (Prop_carry4_S[0]_O[3])
                                                      0.606    19.665 r  vision_i/pipe/inst/u_pipeline/u_vision/u_gauss/lb1/out_g_reg[7]_i_1/O[3]
                         net (fo=1, routed)           0.000    19.665    vision_i/pipe/inst/u_pipeline/u_vision/u_gauss/p_0_in[7]
    SLICE_X91Y93         FDCE                                         r  vision_i/pipe/inst/u_pipeline/u_vision/u_gauss/out_g_reg[7]/D
  -------------------------------------------------------------------    -------------------

                         (clock PixelClk_int rise edge)
                                                     13.468    13.468 r  <hidden>
    N18                                               0.000    13.468 r  hdmi_in_clk_p
                         net (fo=0)                   0.000    13.468    vision_i/rx/U0/TMDS_ClockingX/TMDS_Clk_p
    N18                  IBUFDS (Prop_ibufds_I_O)     0.887    14.355 r  vision_i/rx/U0/TMDS_ClockingX/InputBuffer/O
                         net (fo=1, routed)           1.162    15.517    vision_i/rx/U0/TMDS_ClockingX/CLK_IN_hdmi_clk
    MMCME2_ADV_X1Y1      MMCME2_ADV (Prop_mmcme2_adv_CLKIN1_CLKOUT0)
                                                      0.084    15.601 r  vision_i/rx/U0/TMDS_ClockingX/DVI_ClkGenerator/CLKOUT0
                         net (fo=2, routed)           0.960    16.561    vision_i/rx/U0/TMDS_ClockingX/CLK_OUT_5x_hdmi_clk
    BUFR_X1Y5            BUFR (Prop_bufr_I_O)         0.918    17.479 r  vision_i/rx/U0/TMDS_ClockingX/PixelClkBuffer/O
                         net (fo=367, routed)         0.858    18.337    vision_i/rx/U0/GenerateBUFG.ResyncToBUFG_X/InstBUFG_0
    BUFGCTRL_X0Y18       BUFG (Prop_bufg_I_O)         0.091    18.428 r  vision_i/rx/U0/GenerateBUFG.ResyncToBUFG_X/InstBUFG/O
                         net (fo=3334, routed)        1.605    20.032    vision_i/pipe/inst/u_pipeline/u_vision/u_gauss/pclk
    SLICE_X91Y93         FDCE                                         r  vision_i/pipe/inst/u_pipeline/u_vision/u_gauss/out_g_reg[7]/C
                         clock pessimism              0.599    20.631    <hidden>
                         clock uncertainty           -0.072    20.559    <hidden>
    SLICE_X91Y93         FDCE (Setup_fdce_C_D)        0.062    20.621    vision_i/pipe/inst/u_pipeline/u_vision/u_gauss/out_g_reg[7]
  -------------------------------------------------------------------
                         required time                         20.621    <hidden>
                         arrival time                         -19.665    <hidden>
  -------------------------------------------------------------------
                         slack                                  0.956    <hidden>





Min Delay Paths
--------------------------------------------------------------------------------------
Slack (MET) :             0.059ns  (arrival time - required time)
  Source:                 vision_i/snapshot_ila/inst/<hidden>/<hidden>/<hidden>
                            (rising edge-triggered cell FDRE clocked by PixelClk_int  {rise@0.000ns fall@5.387ns period=13.468ns})
  Destination:            vision_i/snapshot_ila/inst/<hidden>/<hidden>/<hidden>/inst_blk_mem_gen/gnbram.gnativebmg.native_blk_mem_gen/valid.cstr/ramloop[1].ram.r/prim_noinit.ram/DEVICE_7SERIES.NO_BMM_INFO.SDP.SIMPLE_PRIM36.ram/DIADI[25]
                            (rising edge-triggered cell RAMB36E1 clocked by PixelClk_int  {rise@0.000ns fall@5.387ns period=13.468ns})
  Path Group:             PixelClk_int
  Path Type:              Hold (Min at Fast Process Corner)
  Requirement:            0.000ns  (PixelClk_int rise@0.000ns - PixelClk_int rise@0.000ns)
  Data Path Delay:        0.289ns  (logic 0.164ns (56.737%)  route 0.125ns (43.263%))
  Logic Levels:           0  
  Clock Path Skew:        0.075ns (DCD - SCD - CPR)
    Destination Clock Delay (DCD):    3.179ns
    Source Clock Delay      (SCD):    2.535ns
    Clock Pessimism Removal (CPR):    0.569ns

    Location             Delay type                Incr(ns)  Path(ns)    Netlist Resource(s)
  -------------------------------------------------------------------    -------------------
                         (clock PixelClk_int rise edge)
                                                      0.000     0.000 r  <hidden>
    N18                                               0.000     0.000 r  hdmi_in_clk_p
                         net (fo=0)                   0.000     0.000    vision_i/rx/U0/TMDS_ClockingX/TMDS_Clk_p
    N18                  IBUFDS (Prop_ibufds_I_O)     0.451     0.451 r  vision_i/rx/U0/TMDS_ClockingX/InputBuffer/O
                         net (fo=1, routed)           0.440     0.891    vision_i/rx/U0/TMDS_ClockingX/CLK_IN_hdmi_clk
    MMCME2_ADV_X1Y1      MMCME2_ADV (Prop_mmcme2_adv_CLKIN1_CLKOUT0)
                                                      0.051     0.942 r  vision_i/rx/U0/TMDS_ClockingX/DVI_ClkGenerator/CLKOUT0
                         net (fo=2, routed)           0.363     1.305    vision_i/rx/U0/TMDS_ClockingX/CLK_OUT_5x_hdmi_clk
    BUFR_X1Y5            BUFR (Prop_bufr_I_O)         0.270     1.575 r  vision_i/rx/U0/TMDS_ClockingX/PixelClkBuffer/O
                         net (fo=367, routed)         0.294     1.869    vision_i/rx/U0/GenerateBUFG.ResyncToBUFG_X/InstBUFG_0
    BUFGCTRL_X0Y18       BUFG (Prop_bufg_I_O)         0.026     1.895 r  vision_i/rx/U0/GenerateBUFG.ResyncToBUFG_X/InstBUFG/O
                         net (fo=3334, routed)        0.639     2.535    vision_i/snapshot_ila/inst/<hidden>/<hidden>
    SLICE_X34Y109        FDRE                                         r  vision_i/snapshot_ila/inst/<hidden>/<hidden>/<hidden>
  -------------------------------------------------------------------    -------------------
    SLICE_X34Y109        FDRE (Prop_fdre_C_Q)         0.164     2.699 r  vision_i/snapshot_ila/inst/<hidden>/<hidden>/<hidden>
                         net (fo=1, routed)           0.125     2.824    vision_i/snapshot_ila/inst/<hidden>/<hidden>/<hidden>/inst_blk_mem_gen/gnbram.gnativebmg.native_blk_mem_gen/valid.cstr/ramloop[1].ram.r/prim_noinit.ram/dina[28]
    RAMB36_X2Y21         RAMB36E1                                     r  vision_i/snapshot_ila/inst/<hidden>/<hidden>/<hidden>/inst_blk_mem_gen/gnbram.gnativebmg.native_blk_mem_gen/valid.cstr/ramloop[1].ram.r/prim_noinit.ram/DEVICE_7SERIES.NO_BMM_INFO.SDP.SIMPLE_PRIM36.ram/DIADI[25]
  -------------------------------------------------------------------    -------------------

                         (clock PixelClk_int rise edge)
                                                      0.000     0.000 r  <hidden>
    N18                                               0.000     0.000 r  hdmi_in_clk_p
                         net (fo=0)                   0.000     0.000    vision_i/rx/U0/TMDS_ClockingX/TMDS_Clk_p
    N18                  IBUFDS (Prop_ibufds_I_O)     0.499     0.499 r  vision_i/rx/U0/TMDS_ClockingX/InputBuffer/O
                         net (fo=1, routed)           0.480     0.979    vision_i/rx/U0/TMDS_ClockingX/CLK_IN_hdmi_clk
    MMCME2_ADV_X1Y1      MMCME2_ADV (Prop_mmcme2_adv_CLKIN1_CLKOUT0)
                                                      0.054     1.033 r  vision_i/rx/U0/TMDS_ClockingX/DVI_ClkGenerator/CLKOUT0
                         net (fo=2, routed)           0.402     1.435    vision_i/rx/U0/TMDS_ClockingX/CLK_OUT_5x_hdmi_clk
    BUFR_X1Y5            BUFR (Prop_bufr_I_O)         0.431     1.866 r  vision_i/rx/U0/TMDS_ClockingX/PixelClkBuffer/O
                         net (fo=367, routed)         0.332     2.198    vision_i/rx/U0/GenerateBUFG.ResyncToBUFG_X/InstBUFG_0
    BUFGCTRL_X0Y18       BUFG (Prop_bufg_I_O)         0.029     2.227 r  vision_i/rx/U0/GenerateBUFG.ResyncToBUFG_X/InstBUFG/O
                         net (fo=3334, routed)        0.952     3.179    vision_i/snapshot_ila/inst/<hidden>/<hidden>/<hidden>/inst_blk_mem_gen/gnbram.gnativebmg.native_blk_mem_gen/valid.cstr/ramloop[1].ram.r/prim_noinit.ram/clka
    RAMB36_X2Y21         RAMB36E1                                     r  vision_i/snapshot_ila/inst/<hidden>/<hidden>/<hidden>/inst_blk_mem_gen/gnbram.gnativebmg.native_blk_mem_gen/valid.cstr/ramloop[1].ram.r/prim_noinit.ram/DEVICE_7SERIES.NO_BMM_INFO.SDP.SIMPLE_PRIM36.ram/CLKARDCLK
                         clock pessimism             -0.569     2.610    <hidden>
    RAMB36_X2Y21         RAMB36E1 (Hold_ramb36e1_CLKARDCLK_DIADI[25])
                                                      0.155     2.765    vision_i/snapshot_ila/inst/<hidden>/<hidden>/<hidden>/inst_blk_mem_gen/gnbram.gnativebmg.native_blk_mem_gen/valid.cstr/ramloop[1].ram.r/prim_noinit.ram/DEVICE_7SERIES.NO_BMM_INFO.SDP.SIMPLE_PRIM36.ram
  -------------------------------------------------------------------
                         required time                         -2.765    <hidden>
                         arrival time                           2.824    <hidden>
  -------------------------------------------------------------------
                         slack                                  0.059    <hidden>





Pulse Width Checks
--------------------------------------------------------------------------------------
Clock Name:         PixelClk_int
Waveform(ns):       { 0.000 5.387 }
Period(ns):         13.468
Sources:            { vision_i/rx/U0/TMDS_ClockingX/PixelClkBuffer/O }

Check Type        Corner  Lib Pin             Reference Pin  Required(ns)  Actual(ns)  Slack(ns)  Location         Pin
Min Period        n/a     RAMB36E1/CLKARDCLK  n/a            3.363         13.468      10.105     RAMB36_X3Y15     vision_i/pipe/inst/u_pipeline/u_vision/u_copbuf/mem0_reg_0_0/CLKARDCLK
Max Period        n/a     MMCME2_ADV/CLKIN1   n/a            100.000       13.468      86.532     MMCME2_ADV_X1Y2  vision_i/tx/U0/ClockGenInternal.ClockGenX/GenMMCM.DVI_ClkGenerator/CLKIN1
Low Pulse Width   Slow    MMCME2_ADV/CLKIN1   n/a            3.000         8.081       5.081      MMCME2_ADV_X1Y2  vision_i/tx/U0/ClockGenInternal.ClockGenX/GenMMCM.DVI_ClkGenerator/CLKIN1
High Pulse Width  Slow    MMCME2_ADV/CLKIN1   n/a            3.000         5.387       2.387      MMCME2_ADV_X1Y2  vision_i/tx/U0/ClockGenInternal.ClockGenX/GenMMCM.DVI_ClkGenerator/CLKIN1



---------------------------------------------------------------------------------------------------
From Clock:  FeedbackClkOut
  To Clock:  FeedbackClkOut

Setup :           NA  Failing Endpoints,  Worst Slack           NA  ,  Total Violation           NA
Hold  :           NA  Failing Endpoints,  Worst Slack           NA  ,  Total Violation           NA
PW    :            0  Failing Endpoints,  Worst Slack       10.294ns,  Total Violation        0.000ns
---------------------------------------------------------------------------------------------------


Pulse Width Checks
--------------------------------------------------------------------------------------
Clock Name:         FeedbackClkOut
Waveform(ns):       { 0.000 6.734 }
Period(ns):         13.468
Sources:            { vision_i/tx/U0/ClockGenInternal.ClockGenX/GenMMCM.DVI_ClkGenerator/CLKFBOUT }

Check Type  Corner  Lib Pin              Reference Pin  Required(ns)  Actual(ns)  Slack(ns)  Location         Pin
Min Period  n/a     BUFR/I               n/a            3.174         13.468      10.294     BUFR_X1Y8        vision_i/tx/U0/ClockGenInternal.ClockGenX/GenMMCM.Deskew/I
Max Period  n/a     MMCME2_ADV/CLKFBOUT  n/a            213.360       13.468      199.892    MMCME2_ADV_X1Y2  vision_i/tx/U0/ClockGenInternal.ClockGenX/GenMMCM.DVI_ClkGenerator/CLKFBOUT



---------------------------------------------------------------------------------------------------
From Clock:  CLKFBIN_1
  To Clock:  CLKFBIN_1

Setup :           NA  Failing Endpoints,  Worst Slack           NA  ,  Total Violation           NA
Hold  :           NA  Failing Endpoints,  Worst Slack           NA  ,  Total Violation           NA
PW    :            0  Failing Endpoints,  Worst Slack       12.219ns,  Total Violation        0.000ns
---------------------------------------------------------------------------------------------------


Pulse Width Checks
--------------------------------------------------------------------------------------
Clock Name:         CLKFBIN_1
Waveform(ns):       { 0.000 6.734 }
Period(ns):         13.468
Sources:            { vision_i/tx/U0/ClockGenInternal.ClockGenX/GenMMCM.Deskew/O }

Check Type  Corner  Lib Pin             Reference Pin  Required(ns)  Actual(ns)  Slack(ns)  Location         Pin
Min Period  n/a     MMCME2_ADV/CLKFBIN  n/a            1.249         13.468      12.219     MMCME2_ADV_X1Y2  vision_i/tx/U0/ClockGenInternal.ClockGenX/GenMMCM.DVI_ClkGenerator/CLKFBIN
Max Period  n/a     MMCME2_ADV/CLKFBIN  n/a            100.000       13.468      86.532     MMCME2_ADV_X1Y2  vision_i/tx/U0/ClockGenInternal.ClockGenX/GenMMCM.DVI_ClkGenerator/CLKFBIN



---------------------------------------------------------------------------------------------------
From Clock:  PixelClkInX5
  To Clock:  PixelClkInX5

Setup :           NA  Failing Endpoints,  Worst Slack           NA  ,  Total Violation           NA
Hold  :           NA  Failing Endpoints,  Worst Slack           NA  ,  Total Violation           NA
PW    :            0  Failing Endpoints,  Worst Slack        1.027ns,  Total Violation        0.000ns
---------------------------------------------------------------------------------------------------


Pulse Width Checks
--------------------------------------------------------------------------------------
Clock Name:         PixelClkInX5
Waveform(ns):       { 0.000 1.347 }
Period(ns):         2.694
Sources:            { vision_i/tx/U0/ClockGenInternal.ClockGenX/GenMMCM.DVI_ClkGenerator/CLKOUT0 }

Check Type  Corner  Lib Pin             Reference Pin  Required(ns)  Actual(ns)  Slack(ns)  Location         Pin
Min Period  n/a     OSERDESE2/CLK       n/a            1.667         2.694       1.027      OLOGIC_X1Y128    vision_i/tx/U0/ClockSerializer/SerializerMaster/CLK
Max Period  n/a     MMCME2_ADV/CLKOUT0  n/a            213.360       2.694       210.666    MMCME2_ADV_X1Y2  vision_i/tx/U0/ClockGenInternal.ClockGenX/GenMMCM.DVI_ClkGenerator/CLKOUT0



---------------------------------------------------------------------------------------------------
From Clock:  PixelClkIO
  To Clock:  PixelClkIO

Setup :           NA  Failing Endpoints,  Worst Slack           NA  ,  Total Violation           NA
Hold  :           NA  Failing Endpoints,  Worst Slack           NA  ,  Total Violation           NA
PW    :            0  Failing Endpoints,  Worst Slack       11.801ns,  Total Violation        0.000ns
---------------------------------------------------------------------------------------------------


Pulse Width Checks
--------------------------------------------------------------------------------------
Clock Name:         PixelClkIO
Waveform(ns):       { 0.000 5.387 }
Period(ns):         13.468
Sources:            { vision_i/tx/U0/ClockGenInternal.ClockGenX/GenMMCM.PixelClkBuffer/O }

Check Type  Corner  Lib Pin           Reference Pin  Required(ns)  Actual(ns)  Slack(ns)  Location       Pin
Min Period  n/a     OSERDESE2/CLKDIV  n/a            1.667         13.468      11.801     OLOGIC_X1Y128  vision_i/tx/U0/ClockSerializer/SerializerMaster/CLKDIV



---------------------------------------------------------------------------------------------------
From Clock:  PixelClk_int
  To Clock:  dbg_hub/inst/BSCANID.u_xsdbm_id/SWITCH_N_EXT_BSCAN.bscan_inst/SERIES7_BSCAN.bscan_inst/TCK

Setup :            0  Failing Endpoints,  Worst Slack       12.107ns,  Total Violation        0.000ns
Hold  :           NA  Failing Endpoints,  Worst Slack           NA  ,  Total Violation           NA
---------------------------------------------------------------------------------------------------


Max Delay Paths
--------------------------------------------------------------------------------------
Slack (MET) :             12.107ns  (required time - arrival time)
  Source:                 dbg_hub/inst/BSCANID.u_xsdbm_id/CORE_XSDB.UUT_MASTER/U_ICON_INTERFACE/U_CMD6_RD/U_RD_FIFO/SUBCORE_FIFO.xsdbm_v3_0_6_rdfifo_inst/inst_fifo_gen/gconvfifo.rf/grf.rf/gntv_or_sync_fifo.gcx.clkx/gnxpm_cdc.wr_pntr_gc_reg[3]/C
                            (rising edge-triggered cell FDCE clocked by PixelClk_int  {rise@0.000ns fall@5.387ns period=13.468ns})
  Destination:            dbg_hub/inst/BSCANID.u_xsdbm_id/CORE_XSDB.UUT_MASTER/U_ICON_INTERFACE/U_CMD6_RD/U_RD_FIFO/SUBCORE_FIFO.xsdbm_v3_0_6_rdfifo_inst/inst_fifo_gen/gconvfifo.rf/grf.rf/gntv_or_sync_fifo.gcx.clkx/gnxpm_cdc.gsync_stage[1].rd_stg_inst/Q_reg_reg[3]/D
                            (rising edge-triggered cell FDCE clocked by dbg_hub/inst/BSCANID.u_xsdbm_id/SWITCH_N_EXT_BSCAN.bscan_inst/SERIES7_BSCAN.bscan_inst/TCK  {rise@0.000ns fall@16.500ns period=33.000ns})
  Path Group:             dbg_hub/inst/BSCANID.u_xsdbm_id/SWITCH_N_EXT_BSCAN.bscan_inst/SERIES7_BSCAN.bscan_inst/TCK
  Path Type:              Setup (Max at Slow Process Corner)
  Requirement:            13.468ns  (MaxDelay Path 13.468ns)
  Data Path Delay:        1.081ns  (logic 0.419ns (38.768%)  route 0.662ns (61.232%))
  Logic Levels:           0  
  Timing Exception:       MaxDelay Path 13.468ns -datapath_only

    Location             Delay type                Incr(ns)  Path(ns)    Netlist Resource(s)
  -------------------------------------------------------------------    -------------------
    SLICE_X64Y108                                     0.000     0.000 r  dbg_hub/inst/BSCANID.u_xsdbm_id/CORE_XSDB.UUT_MASTER/U_ICON_INTERFACE/U_CMD6_RD/U_RD_FIFO/SUBCORE_FIFO.xsdbm_v3_0_6_rdfifo_inst/inst_fifo_gen/gconvfifo.rf/grf.rf/gntv_or_sync_fifo.gcx.clkx/gnxpm_cdc.wr_pntr_gc_reg[3]/C
    SLICE_X64Y108        FDCE (Prop_fdce_C_Q)         0.419     0.419 r  dbg_hub/inst/BSCANID.u_xsdbm_id/CORE_XSDB.UUT_MASTER/U_ICON_INTERFACE/U_CMD6_RD/U_RD_FIFO/SUBCORE_FIFO.xsdbm_v3_0_6_rdfifo_inst/inst_fifo_gen/gconvfifo.rf/grf.rf/gntv_or_sync_fifo.gcx.clkx/gnxpm_cdc.wr_pntr_gc_reg[3]/Q
                         net (fo=1, routed)           0.662     1.081    dbg_hub/inst/BSCANID.u_xsdbm_id/CORE_XSDB.UUT_MASTER/U_ICON_INTERFACE/U_CMD6_RD/U_RD_FIFO/SUBCORE_FIFO.xsdbm_v3_0_6_rdfifo_inst/inst_fifo_gen/gconvfifo.rf/grf.rf/gntv_or_sync_fifo.gcx.clkx/gnxpm_cdc.gsync_stage[1].rd_stg_inst/Q[3]
    SLICE_X65Y108        FDCE                                         r  dbg_hub/inst/BSCANID.u_xsdbm_id/CORE_XSDB.UUT_MASTER/U_ICON_INTERFACE/U_CMD6_RD/U_RD_FIFO/SUBCORE_FIFO.xsdbm_v3_0_6_rdfifo_inst/inst_fifo_gen/gconvfifo.rf/grf.rf/gntv_or_sync_fifo.gcx.clkx/gnxpm_cdc.gsync_stage[1].rd_stg_inst/Q_reg_reg[3]/D
  -------------------------------------------------------------------    -------------------

                         max delay                   13.468    13.468    <hidden>
    SLICE_X65Y108        FDCE (Setup_fdce_C_D)       -0.280    13.188    dbg_hub/inst/BSCANID.u_xsdbm_id/CORE_XSDB.UUT_MASTER/U_ICON_INTERFACE/U_CMD6_RD/U_RD_FIFO/SUBCORE_FIFO.xsdbm_v3_0_6_rdfifo_inst/inst_fifo_gen/gconvfifo.rf/grf.rf/gntv_or_sync_fifo.gcx.clkx/gnxpm_cdc.gsync_stage[1].rd_stg_inst/Q_reg_reg[3]
  -------------------------------------------------------------------
                         required time                         13.188    <hidden>
                         arrival time                          -1.081    <hidden>
  -------------------------------------------------------------------
                         slack                                 12.107    <hidden>





---------------------------------------------------------------------------------------------------
From Clock:  clk_fpga_0
  To Clock:  PixelClk_int

Setup :            0  Failing Endpoints,  Worst Slack        8.100ns,  Total Violation        0.000ns
Hold  :           NA  Failing Endpoints,  Worst Slack           NA  ,  Total Violation           NA
---------------------------------------------------------------------------------------------------


Max Delay Paths
--------------------------------------------------------------------------------------
Slack (MET) :             8.100ns  (required time - arrival time)
  Source:                 vision_i/pipe/inst/u_pipeline/u_vision/u_config/hold_id_reg[26]/C
                            (rising edge-triggered cell FDCE clocked by clk_fpga_0  {rise@0.000ns fall@5.000ns period=10.000ns})
  Destination:            vision_i/pipe/inst/u_pipeline/u_vision/u_config/dst_id_reg[26]/D
                            (rising edge-triggered cell FDCE clocked by PixelClk_int  {rise@0.000ns fall@5.387ns period=13.468ns})
  Path Group:             PixelClk_int
  Path Type:              Setup (Max at Slow Process Corner)
  Requirement:            10.000ns  (MaxDelay Path 10.000ns)
  Data Path Delay:        1.842ns  (logic 0.456ns (24.761%)  route 1.386ns (75.239%))
  Logic Levels:           0  
  Timing Exception:       MaxDelay Path 10.000ns -datapath_only

    Location             Delay type                Incr(ns)  Path(ns)    Netlist Resource(s)
  -------------------------------------------------------------------    -------------------
    SLICE_X41Y102                                     0.000     0.000 r  vision_i/pipe/inst/u_pipeline/u_vision/u_config/hold_id_reg[26]/C
    SLICE_X41Y102        FDCE (Prop_fdce_C_Q)         0.456     0.456 r  vision_i/pipe/inst/u_pipeline/u_vision/u_config/hold_id_reg[26]/Q
                         net (fo=3, routed)           1.386     1.842    vision_i/pipe/inst/u_pipeline/u_vision/u_config/hold_id_reg[26]
    SLICE_X31Y102        FDCE                                         r  vision_i/pipe/inst/u_pipeline/u_vision/u_config/dst_id_reg[26]/D
  -------------------------------------------------------------------    -------------------

                         max delay                   10.000    10.000    <hidden>
    SLICE_X31Y102        FDCE (Setup_fdce_C_D)       -0.058     9.942    vision_i/pipe/inst/u_pipeline/u_vision/u_config/dst_id_reg[26]
  -------------------------------------------------------------------
                         required time                          9.942    <hidden>
                         arrival time                          -1.842    <hidden>
  -------------------------------------------------------------------
                         slack                                  8.100    <hidden>





---------------------------------------------------------------------------------------------------
From Clock:  dbg_hub/inst/BSCANID.u_xsdbm_id/SWITCH_N_EXT_BSCAN.bscan_inst/SERIES7_BSCAN.bscan_inst/TCK
  To Clock:  PixelClk_int

Setup :            0  Failing Endpoints,  Worst Slack       31.371ns,  Total Violation        0.000ns
Hold  :           NA  Failing Endpoints,  Worst Slack           NA  ,  Total Violation           NA
---------------------------------------------------------------------------------------------------


Max Delay Paths
--------------------------------------------------------------------------------------
Slack (MET) :             31.371ns  (required time - arrival time)
  Source:                 dbg_hub/inst/BSCANID.u_xsdbm_id/CORE_XSDB.UUT_MASTER/U_ICON_INTERFACE/U_CMD6_RD/U_RD_FIFO/SUBCORE_FIFO.xsdbm_v3_0_6_rdfifo_inst/inst_fifo_gen/gconvfifo.rf/grf.rf/gntv_or_sync_fifo.gcx.clkx/gnxpm_cdc.rd_pntr_gc_reg[0]/C
                            (rising edge-triggered cell FDCE clocked by dbg_hub/inst/BSCANID.u_xsdbm_id/SWITCH_N_EXT_BSCAN.bscan_inst/SERIES7_BSCAN.bscan_inst/TCK  {rise@0.000ns fall@16.500ns period=33.000ns})
  Destination:            dbg_hub/inst/BSCANID.u_xsdbm_id/CORE_XSDB.UUT_MASTER/U_ICON_INTERFACE/U_CMD6_RD/U_RD_FIFO/SUBCORE_FIFO.xsdbm_v3_0_6_rdfifo_inst/inst_fifo_gen/gconvfifo.rf/grf.rf/gntv_or_sync_fifo.gcx.clkx/gnxpm_cdc.gsync_stage[1].wr_stg_inst/Q_reg_reg[0]/D
                            (rising edge-triggered cell FDCE clocked by PixelClk_int  {rise@0.000ns fall@5.387ns period=13.468ns})
  Path Group:             PixelClk_int
  Path Type:              Setup (Max at Slow Process Corner)
  Requirement:            33.000ns  (MaxDelay Path 33.000ns)
  Data Path Delay:        1.362ns  (logic 0.419ns (30.754%)  route 0.943ns (69.246%))
  Logic Levels:           0  
  Timing Exception:       MaxDelay Path 33.000ns -datapath_only

    Location             Delay type                Incr(ns)  Path(ns)    Netlist Resource(s)
  -------------------------------------------------------------------    -------------------
    SLICE_X65Y108                                     0.000     0.000 r  dbg_hub/inst/BSCANID.u_xsdbm_id/CORE_XSDB.UUT_MASTER/U_ICON_INTERFACE/U_CMD6_RD/U_RD_FIFO/SUBCORE_FIFO.xsdbm_v3_0_6_rdfifo_inst/inst_fifo_gen/gconvfifo.rf/grf.rf/gntv_or_sync_fifo.gcx.clkx/gnxpm_cdc.rd_pntr_gc_reg[0]/C
    SLICE_X65Y108        FDCE (Prop_fdce_C_Q)         0.419     0.419 r  dbg_hub/inst/BSCANID.u_xsdbm_id/CORE_XSDB.UUT_MASTER/U_ICON_INTERFACE/U_CMD6_RD/U_RD_FIFO/SUBCORE_FIFO.xsdbm_v3_0_6_rdfifo_inst/inst_fifo_gen/gconvfifo.rf/grf.rf/gntv_or_sync_fifo.gcx.clkx/gnxpm_cdc.rd_pntr_gc_reg[0]/Q
                         net (fo=1, routed)           0.943     1.362    dbg_hub/inst/BSCANID.u_xsdbm_id/CORE_XSDB.UUT_MASTER/U_ICON_INTERFACE/U_CMD6_RD/U_RD_FIFO/SUBCORE_FIFO.xsdbm_v3_0_6_rdfifo_inst/inst_fifo_gen/gconvfifo.rf/grf.rf/gntv_or_sync_fifo.gcx.clkx/gnxpm_cdc.gsync_stage[1].wr_stg_inst/Q[0]
    SLICE_X64Y108        FDCE                                         r  dbg_hub/inst/BSCANID.u_xsdbm_id/CORE_XSDB.UUT_MASTER/U_ICON_INTERFACE/U_CMD6_RD/U_RD_FIFO/SUBCORE_FIFO.xsdbm_v3_0_6_rdfifo_inst/inst_fifo_gen/gconvfifo.rf/grf.rf/gntv_or_sync_fifo.gcx.clkx/gnxpm_cdc.gsync_stage[1].wr_stg_inst/Q_reg_reg[0]/D
  -------------------------------------------------------------------    -------------------

                         max delay                   33.000    33.000    <hidden>
    SLICE_X64Y108        FDCE (Setup_fdce_C_D)       -0.267    32.733    dbg_hub/inst/BSCANID.u_xsdbm_id/CORE_XSDB.UUT_MASTER/U_ICON_INTERFACE/U_CMD6_RD/U_RD_FIFO/SUBCORE_FIFO.xsdbm_v3_0_6_rdfifo_inst/inst_fifo_gen/gconvfifo.rf/grf.rf/gntv_or_sync_fifo.gcx.clkx/gnxpm_cdc.gsync_stage[1].wr_stg_inst/Q_reg_reg[0]
  -------------------------------------------------------------------
                         required time                         32.733    <hidden>
                         arrival time                          -1.362    <hidden>
  -------------------------------------------------------------------
                         slack                                 31.371    <hidden>





---------------------------------------------------------------------------------------------------
From Clock:  PixelClk_int
  To Clock:  PixelClkIO

Setup :            0  Failing Endpoints,  Worst Slack        8.094ns,  Total Violation        0.000ns
Hold  :            0  Failing Endpoints,  Worst Slack        0.160ns,  Total Violation        0.000ns
---------------------------------------------------------------------------------------------------


Max Delay Paths
--------------------------------------------------------------------------------------
Slack (MET) :             8.094ns  (required time - arrival time)
  Source:                 vision_i/tx/U0/LockLostReset/SyncAsyncx/oSyncStages_reg[1]/C
                            (rising edge-triggered cell FDPE clocked by PixelClk_int  {rise@0.000ns fall@5.387ns period=13.468ns})
  Destination:            vision_i/tx/U0/DataEncoders[2].DataSerializer/SerializerSlave/RST
                            (rising edge-triggered cell OSERDESE2 clocked by PixelClkIO  {rise@0.000ns fall@5.387ns period=13.468ns})
  Path Group:             PixelClkIO
  Path Type:              Setup (Max at Slow Process Corner)
  Requirement:            13.468ns  (PixelClkIO rise@13.468ns - PixelClk_int rise@0.000ns)
  Data Path Delay:        3.948ns  (logic 0.419ns (10.614%)  route 3.529ns (89.386%))
  Logic Levels:           0  
  Clock Path Skew:        -0.152ns (DCD - SCD + CPR)
    Destination Clock Delay (DCD):    6.850ns = ( 20.318 - 13.468 ) 
    Source Clock Delay      (SCD):    7.487ns
    Clock Pessimism Removal (CPR):    0.484ns
  Clock Uncertainty:      0.250ns  ((TSJ^2 + DJ^2)^1/2) / 2 + PE
    Total System Jitter     (TSJ):    0.071ns
    Discrete Jitter          (DJ):    0.129ns
    Phase Error              (PE):    0.177ns

    Location             Delay type                Incr(ns)  Path(ns)    Netlist Resource(s)
  -------------------------------------------------------------------    -------------------
                         (clock PixelClk_int rise edge)
                                                      0.000     0.000 r  <hidden>
    N18                                               0.000     0.000 r  hdmi_in_clk_p
                         net (fo=0)                   0.000     0.000    vision_i/rx/U0/TMDS_ClockingX/TMDS_Clk_p
    N18                  IBUFDS (Prop_ibufds_I_O)     0.930     0.930 r  vision_i/rx/U0/TMDS_ClockingX/InputBuffer/O
                         net (fo=1, routed)           1.285     2.215    vision_i/rx/U0/TMDS_ClockingX/CLK_IN_hdmi_clk
    MMCME2_ADV_X1Y1      MMCME2_ADV (Prop_mmcme2_adv_CLKIN1_CLKOUT0)
                                                      0.089     2.304 r  vision_i/rx/U0/TMDS_ClockingX/DVI_ClkGenerator/CLKOUT0
                         net (fo=2, routed)           1.063     3.367    vision_i/rx/U0/TMDS_ClockingX/CLK_OUT_5x_hdmi_clk
    BUFR_X1Y5            BUFR (Prop_bufr_I_O)         1.031     4.398 r  vision_i/rx/U0/TMDS_ClockingX/PixelClkBuffer/O
                         net (fo=367, routed)         0.945     5.343    vision_i/rx/U0/GenerateBUFG.ResyncToBUFG_X/InstBUFG_0
    BUFGCTRL_X0Y18       BUFG (Prop_bufg_I_O)         0.101     5.444 r  vision_i/rx/U0/GenerateBUFG.ResyncToBUFG_X/InstBUFG/O
                         net (fo=3334, routed)        2.043     7.487    vision_i/tx/U0/LockLostReset/SyncAsyncx/PixelClk
    SLICE_X111Y128       FDPE                                         r  vision_i/tx/U0/LockLostReset/SyncAsyncx/oSyncStages_reg[1]/C
  -------------------------------------------------------------------    -------------------
    SLICE_X111Y128       FDPE (Prop_fdpe_C_Q)         0.419     7.906 r  vision_i/tx/U0/LockLostReset/SyncAsyncx/oSyncStages_reg[1]/Q
                         net (fo=8, routed)           3.529    11.435    vision_i/tx/U0/DataEncoders[2].DataSerializer/out[0]
    OLOGIC_X1Y121        OSERDESE2                                    r  vision_i/tx/U0/DataEncoders[2].DataSerializer/SerializerSlave/RST
  -------------------------------------------------------------------    -------------------

                         (clock PixelClkIO rise edge)
                                                     13.468    13.468 r  <hidden>
    N18                                               0.000    13.468 r  hdmi_in_clk_p
                         net (fo=0)                   0.000    13.468    vision_i/rx/U0/TMDS_ClockingX/TMDS_Clk_p
    N18                  IBUFDS (Prop_ibufds_I_O)     0.887    14.355 r  vision_i/rx/U0/TMDS_ClockingX/InputBuffer/O
                         net (fo=1, routed)           1.162    15.517    vision_i/rx/U0/TMDS_ClockingX/CLK_IN_hdmi_clk
    MMCME2_ADV_X1Y1      MMCME2_ADV (Prop_mmcme2_adv_CLKIN1_CLKOUT0)
                                                      0.084    15.601 r  vision_i/rx/U0/TMDS_ClockingX/DVI_ClkGenerator/CLKOUT0
                         net (fo=2, routed)           0.960    16.561    vision_i/rx/U0/TMDS_ClockingX/CLK_OUT_5x_hdmi_clk
    BUFR_X1Y5            BUFR (Prop_bufr_I_O)         0.918    17.479 r  vision_i/rx/U0/TMDS_ClockingX/PixelClkBuffer/O
                         net (fo=367, routed)         0.858    18.337    vision_i/rx/U0/GenerateBUFG.ResyncToBUFG_X/InstBUFG_0
    BUFGCTRL_X0Y18       BUFG (Prop_bufg_I_O)         0.091    18.428 r  vision_i/rx/U0/GenerateBUFG.ResyncToBUFG_X/InstBUFG/O
                         net (fo=3334, routed)        1.770    20.198    vision_i/tx/U0/ClockGenInternal.ClockGenX/PixelClk
    MMCME2_ADV_X1Y2      MMCME2_ADV (Prop_mmcme2_adv_CLKIN1_CLKOUT0)
                                                     -2.540    17.658 r  vision_i/tx/U0/ClockGenInternal.ClockGenX/GenMMCM.DVI_ClkGenerator/CLKOUT0
                         net (fo=2, routed)           0.960    18.618    vision_i/tx/U0/ClockGenInternal.ClockGenX/PixelClkInX5
    BUFR_X1Y9            BUFR (Prop_bufr_I_O)         0.918    19.536 r  vision_i/tx/U0/ClockGenInternal.ClockGenX/GenMMCM.PixelClkBuffer/O
                         net (fo=8, routed)           0.782    20.318    vision_i/tx/U0/DataEncoders[2].DataSerializer/SerializerSlave_0
    OLOGIC_X1Y121        OSERDESE2                                    r  vision_i/tx/U0/DataEncoders[2].DataSerializer/SerializerSlave/CLKDIV
                         clock pessimism              0.484    20.803    <hidden>
                         clock uncertainty           -0.250    20.553    <hidden>
    OLOGIC_X1Y121        OSERDESE2 (Setup_oserdese2_CLKDIV_RST)
                                                     -1.024    19.529    vision_i/tx/U0/DataEncoders[2].DataSerializer/SerializerSlave
  -------------------------------------------------------------------
                         required time                         19.529    <hidden>
                         arrival time                         -11.435    <hidden>
  -------------------------------------------------------------------
                         slack                                  8.094    <hidden>





Min Delay Paths
--------------------------------------------------------------------------------------
Slack (MET) :             0.160ns  (arrival time - required time)
  Source:                 vision_i/tx/U0/DataEncoders[1].DataEncoder/pDataOutRaw_reg[5]/C
                            (rising edge-triggered cell FDRE clocked by PixelClk_int  {rise@0.000ns fall@5.387ns period=13.468ns})
  Destination:            vision_i/tx/U0/DataEncoders[1].DataSerializer/SerializerMaster/D6
                            (rising edge-triggered cell OSERDESE2 clocked by PixelClkIO  {rise@0.000ns fall@5.387ns period=13.468ns})
  Path Group:             PixelClkIO
  Path Type:              Hold (Min at Fast Process Corner)
  Requirement:            0.000ns  (PixelClkIO rise@0.000ns - PixelClk_int rise@0.000ns)
  Data Path Delay:        0.732ns  (logic 0.164ns (22.396%)  route 0.568ns (77.604%))
  Logic Levels:           0  
  Clock Path Skew:        0.303ns (DCD - SCD - CPR)
    Destination Clock Delay (DCD):    3.238ns
    Source Clock Delay      (SCD):    2.604ns
    Clock Pessimism Removal (CPR):    0.331ns
  Clock Uncertainty:      0.250ns  ((TSJ^2 + DJ^2)^1/2) / 2 + PE
    Total System Jitter     (TSJ):    0.071ns
    Discrete Jitter          (DJ):    0.129ns
    Phase Error              (PE):    0.177ns

    Location             Delay type                Incr(ns)  Path(ns)    Netlist Resource(s)
  -------------------------------------------------------------------    -------------------
                         (clock PixelClk_int rise edge)
                                                      0.000     0.000 r  <hidden>
    N18                                               0.000     0.000 r  hdmi_in_clk_p
                         net (fo=0)                   0.000     0.000    vision_i/rx/U0/TMDS_ClockingX/TMDS_Clk_p
    N18                  IBUFDS (Prop_ibufds_I_O)     0.451     0.451 r  vision_i/rx/U0/TMDS_ClockingX/InputBuffer/O
                         net (fo=1, routed)           0.440     0.891    vision_i/rx/U0/TMDS_ClockingX/CLK_IN_hdmi_clk
    MMCME2_ADV_X1Y1      MMCME2_ADV (Prop_mmcme2_adv_CLKIN1_CLKOUT0)
                                                      0.051     0.942 r  vision_i/rx/U0/TMDS_ClockingX/DVI_ClkGenerator/CLKOUT0
                         net (fo=2, routed)           0.363     1.305    vision_i/rx/U0/TMDS_ClockingX/CLK_OUT_5x_hdmi_clk
    BUFR_X1Y5            BUFR (Prop_bufr_I_O)         0.270     1.575 r  vision_i/rx/U0/TMDS_ClockingX/PixelClkBuffer/O
                         net (fo=367, routed)         0.294     1.869    vision_i/rx/U0/GenerateBUFG.ResyncToBUFG_X/InstBUFG_0
    BUFGCTRL_X0Y18       BUFG (Prop_bufg_I_O)         0.026     1.895 r  vision_i/rx/U0/GenerateBUFG.ResyncToBUFG_X/InstBUFG/O
                         net (fo=3334, routed)        0.708     2.604    vision_i/tx/U0/DataEncoders[1].DataEncoder/PixelClk
    SLICE_X112Y128       FDRE                                         r  vision_i/tx/U0/DataEncoders[1].DataEncoder/pDataOutRaw_reg[5]/C
  -------------------------------------------------------------------    -------------------
    SLICE_X112Y128       FDRE (Prop_fdre_C_Q)         0.164     2.768 r  vision_i/tx/U0/DataEncoders[1].DataEncoder/pDataOutRaw_reg[5]/Q
                         net (fo=1, routed)           0.568     3.336    vision_i/tx/U0/DataEncoders[1].DataSerializer/pDataOut[5]
    OLOGIC_X1Y130        OSERDESE2                                    r  vision_i/tx/U0/DataEncoders[1].DataSerializer/SerializerMaster/D6
  -------------------------------------------------------------------    -------------------

                         (clock PixelClkIO rise edge)
                                                      0.000     0.000 r  <hidden>
    N18                                               0.000     0.000 r  hdmi_in_clk_p
                         net (fo=0)                   0.000     0.000    vision_i/rx/U0/TMDS_ClockingX/TMDS_Clk_p
    N18                  IBUFDS (Prop_ibufds_I_O)     0.499     0.499 r  vision_i/rx/U0/TMDS_ClockingX/InputBuffer/O
                         net (fo=1, routed)           0.480     0.979    vision_i/rx/U0/TMDS_ClockingX/CLK_IN_hdmi_clk
    MMCME2_ADV_X1Y1      MMCME2_ADV (Prop_mmcme2_adv_CLKIN1_CLKOUT0)
                                                      0.054     1.033 r  vision_i/rx/U0/TMDS_ClockingX/DVI_ClkGenerator/CLKOUT0
                         net (fo=2, routed)           0.402     1.435    vision_i/rx/U0/TMDS_ClockingX/CLK_OUT_5x_hdmi_clk
    BUFR_X1Y5            BUFR (Prop_bufr_I_O)         0.431     1.866 r  vision_i/rx/U0/TMDS_ClockingX/PixelClkBuffer/O
                         net (fo=367, routed)         0.332     2.198    vision_i/rx/U0/GenerateBUFG.ResyncToBUFG_X/InstBUFG_0
    BUFGCTRL_X0Y18       BUFG (Prop_bufg_I_O)         0.029     2.227 r  vision_i/rx/U0/GenerateBUFG.ResyncToBUFG_X/InstBUFG/O
                         net (fo=3334, routed)        0.945     3.172    vision_i/tx/U0/ClockGenInternal.ClockGenX/PixelClk
    MMCME2_ADV_X1Y2      MMCME2_ADV (Prop_mmcme2_adv_CLKIN1_CLKOUT0)
                                                     -1.079     2.093 r  vision_i/tx/U0/ClockGenInternal.ClockGenX/GenMMCM.DVI_ClkGenerator/CLKOUT0
                         net (fo=2, routed)           0.402     2.495    vision_i/tx/U0/ClockGenInternal.ClockGenX/PixelClkInX5
    BUFR_X1Y9            BUFR (Prop_bufr_I_O)         0.431     2.926 r  vision_i/tx/U0/ClockGenInternal.ClockGenX/GenMMCM.PixelClkBuffer/O
                         net (fo=8, routed)           0.312     3.238    vision_i/tx/U0/DataEncoders[1].DataSerializer/SerializerSlave_0
    OLOGIC_X1Y130        OSERDESE2                                    r  vision_i/tx/U0/DataEncoders[1].DataSerializer/SerializerMaster/CLKDIV
                         clock pessimism             -0.331     2.906    <hidden>
                         clock uncertainty            0.250     3.157    <hidden>
    OLOGIC_X1Y130        OSERDESE2 (Hold_oserdese2_CLKDIV_D6)
                                                      0.019     3.176    vision_i/tx/U0/DataEncoders[1].DataSerializer/SerializerMaster
  -------------------------------------------------------------------
                         required time                         -3.176    <hidden>
                         arrival time                           3.336    <hidden>
  -------------------------------------------------------------------
                         slack                                  0.160    <hidden>





---------------------------------------------------------------------------------------------------
Path Group:  **async_default**
From Clock:  PixelClk_int
  To Clock:  PixelClk_int

Setup :            0  Failing Endpoints,  Worst Slack        4.068ns,  Total Violation        0.000ns
Hold  :            0  Failing Endpoints,  Worst Slack        0.357ns,  Total Violation        0.000ns
---------------------------------------------------------------------------------------------------


Max Delay Paths
--------------------------------------------------------------------------------------
Slack (MET) :             4.068ns  (required time - arrival time)
  Source:                 vision_i/pipe/inst/u_pipeline/u_vision/u_pixel_reset/release_pipe_reg[1]/C
                            (rising edge-triggered cell FDCE clocked by PixelClk_int  {rise@0.000ns fall@5.387ns period=13.468ns})
  Destination:            vision_i/pipe/inst/u_pipeline/u_vision/u_copbuf/out_config_id_reg[12]/CLR
                            (recovery check against rising-edge clock PixelClk_int  {rise@0.000ns fall@5.387ns period=13.468ns})
  Path Group:             **async_default**
  Path Type:              Recovery (Max at Slow Process Corner)
  Requirement:            13.468ns  (PixelClk_int rise@13.468ns - PixelClk_int rise@0.000ns)
  Data Path Delay:        8.852ns  (logic 0.779ns (8.800%)  route 8.073ns (91.200%))
  Logic Levels:           1  (LUT1=1)
  Clock Path Skew:        -0.071ns (DCD - SCD + CPR)
    Destination Clock Delay (DCD):    6.659ns = ( 20.127 - 13.468 ) 
    Source Clock Delay      (SCD):    7.228ns
    Clock Pessimism Removal (CPR):    0.498ns
  Clock Uncertainty:      0.072ns  ((TSJ^2 + DJ^2)^1/2) / 2 + PE
    Total System Jitter     (TSJ):    0.071ns
    Discrete Jitter          (DJ):    0.126ns
    Phase Error              (PE):    0.000ns

    Location             Delay type                Incr(ns)  Path(ns)    Netlist Resource(s)
  -------------------------------------------------------------------    -------------------
                         (clock PixelClk_int rise edge)
                                                      0.000     0.000 r  <hidden>
    N18                                               0.000     0.000 r  hdmi_in_clk_p
                         net (fo=0)                   0.000     0.000    vision_i/rx/U0/TMDS_ClockingX/TMDS_Clk_p
    N18                  IBUFDS (Prop_ibufds_I_O)     0.930     0.930 r  vision_i/rx/U0/TMDS_ClockingX/InputBuffer/O
                         net (fo=1, routed)           1.285     2.215    vision_i/rx/U0/TMDS_ClockingX/CLK_IN_hdmi_clk
    MMCME2_ADV_X1Y1      MMCME2_ADV (Prop_mmcme2_adv_CLKIN1_CLKOUT0)
                                                      0.089     2.304 r  vision_i/rx/U0/TMDS_ClockingX/DVI_ClkGenerator/CLKOUT0
                         net (fo=2, routed)           1.063     3.367    vision_i/rx/U0/TMDS_ClockingX/CLK_OUT_5x_hdmi_clk
    BUFR_X1Y5            BUFR (Prop_bufr_I_O)         1.031     4.398 r  vision_i/rx/U0/TMDS_ClockingX/PixelClkBuffer/O
                         net (fo=367, routed)         0.945     5.343    vision_i/rx/U0/GenerateBUFG.ResyncToBUFG_X/InstBUFG_0
    BUFGCTRL_X0Y18       BUFG (Prop_bufg_I_O)         0.101     5.444 r  vision_i/rx/U0/GenerateBUFG.ResyncToBUFG_X/InstBUFG/O
                         net (fo=3334, routed)        1.784     7.228    vision_i/pipe/inst/u_pipeline/u_vision/u_pixel_reset/pclk
    SLICE_X104Y92        FDCE                                         r  vision_i/pipe/inst/u_pipeline/u_vision/u_pixel_reset/release_pipe_reg[1]/C
  -------------------------------------------------------------------    -------------------
    SLICE_X104Y92        FDCE (Prop_fdce_C_Q)         0.478     7.706 r  vision_i/pipe/inst/u_pipeline/u_vision/u_pixel_reset/release_pipe_reg[1]/Q
                         net (fo=63, routed)          2.682    10.388    vision_i/pipe/inst/u_pipeline/u_vision/u_pixel_reset/release_pipe[1]
    SLICE_X54Y87         LUT1 (Prop_lut1_I0_O)        0.301    10.689 f  vision_i/pipe/inst/u_pipeline/u_vision/u_pixel_reset/drop_count[31]_i_3/O
                         net (fo=783, routed)         5.391    16.080    vision_i/pipe/inst/u_pipeline/u_vision/u_copbuf/drop_count_reg[0]_0
    SLICE_X31Y103        FDCE                                         f  vision_i/pipe/inst/u_pipeline/u_vision/u_copbuf/out_config_id_reg[12]/CLR
  -------------------------------------------------------------------    -------------------

                         (clock PixelClk_int rise edge)
                                                     13.468    13.468 r  <hidden>
    N18                                               0.000    13.468 r  hdmi_in_clk_p
                         net (fo=0)                   0.000    13.468    vision_i/rx/U0/TMDS_ClockingX/TMDS_Clk_p
    N18                  IBUFDS (Prop_ibufds_I_O)     0.887    14.355 r  vision_i/rx/U0/TMDS_ClockingX/InputBuffer/O
                         net (fo=1, routed)           1.162    15.517    vision_i/rx/U0/TMDS_ClockingX/CLK_IN_hdmi_clk
    MMCME2_ADV_X1Y1      MMCME2_ADV (Prop_mmcme2_adv_CLKIN1_CLKOUT0)
                                                      0.084    15.601 r  vision_i/rx/U0/TMDS_ClockingX/DVI_ClkGenerator/CLKOUT0
                         net (fo=2, routed)           0.960    16.561    vision_i/rx/U0/TMDS_ClockingX/CLK_OUT_5x_hdmi_clk
    BUFR_X1Y5            BUFR (Prop_bufr_I_O)         0.918    17.479 r  vision_i/rx/U0/TMDS_ClockingX/PixelClkBuffer/O
                         net (fo=367, routed)         0.858    18.337    vision_i/rx/U0/GenerateBUFG.ResyncToBUFG_X/InstBUFG_0
    BUFGCTRL_X0Y18       BUFG (Prop_bufg_I_O)         0.091    18.428 r  vision_i/rx/U0/GenerateBUFG.ResyncToBUFG_X/InstBUFG/O
                         net (fo=3334, routed)        1.699    20.127    vision_i/pipe/inst/u_pipeline/u_vision/u_copbuf/pclk
    SLICE_X31Y103        FDCE                                         r  vision_i/pipe/inst/u_pipeline/u_vision/u_copbuf/out_config_id_reg[12]/C
                         clock pessimism              0.498    20.625    <hidden>
                         clock uncertainty           -0.072    20.553    <hidden>
    SLICE_X31Y103        FDCE (Recov_fdce_C_CLR)     -0.405    20.148    vision_i/pipe/inst/u_pipeline/u_vision/u_copbuf/out_config_id_reg[12]
  -------------------------------------------------------------------
                         required time                         20.148    <hidden>
                         arrival time                         -16.080    <hidden>
  -------------------------------------------------------------------
                         slack                                  4.068    <hidden>





Min Delay Paths
--------------------------------------------------------------------------------------
Slack (MET) :             0.357ns  (arrival time - required time)
  Source:                 dbg_hub/inst/BSCANID.u_xsdbm_id/CORE_XSDB.UUT_MASTER/U_XSDB_BUS_CONTROLLER/clr_abort_rd_reg/C
                            (rising edge-triggered cell FDCE clocked by PixelClk_int  {rise@0.000ns fall@5.387ns period=13.468ns})
  Destination:            dbg_hub/inst/BSCANID.u_xsdbm_id/CORE_XSDB.UUT_MASTER/U_XSDB_BUS_CONTROLLER/U_RD_ABORT_FLAG/G_NEG_EDGE.flag_reg/CLR
                            (removal check against rising-edge clock PixelClk_int  {rise@0.000ns fall@5.387ns period=13.468ns})
  Path Group:             **async_default**
  Path Type:              Removal (Min at Fast Process Corner)
  Requirement:            0.000ns  (PixelClk_int rise@0.000ns - PixelClk_int rise@0.000ns)
  Data Path Delay:        0.280ns  (logic 0.164ns (58.645%)  route 0.116ns (41.355%))
  Logic Levels:           0  
  Clock Path Skew:        0.015ns (DCD - SCD - CPR)
    Destination Clock Delay (DCD):    3.155ns
    Source Clock Delay      (SCD):    2.551ns
    Clock Pessimism Removal (CPR):    0.589ns

    Location             Delay type                Incr(ns)  Path(ns)    Netlist Resource(s)
  -------------------------------------------------------------------    -------------------
                         (clock PixelClk_int rise edge)
                                                      0.000     0.000 r  <hidden>
    N18                                               0.000     0.000 r  hdmi_in_clk_p
                         net (fo=0)                   0.000     0.000    vision_i/rx/U0/TMDS_ClockingX/TMDS_Clk_p
    N18                  IBUFDS (Prop_ibufds_I_O)     0.451     0.451 r  vision_i/rx/U0/TMDS_ClockingX/InputBuffer/O
                         net (fo=1, routed)           0.440     0.891    vision_i/rx/U0/TMDS_ClockingX/CLK_IN_hdmi_clk
    MMCME2_ADV_X1Y1      MMCME2_ADV (Prop_mmcme2_adv_CLKIN1_CLKOUT0)
                                                      0.051     0.942 r  vision_i/rx/U0/TMDS_ClockingX/DVI_ClkGenerator/CLKOUT0
                         net (fo=2, routed)           0.363     1.305    vision_i/rx/U0/TMDS_ClockingX/CLK_OUT_5x_hdmi_clk
    BUFR_X1Y5            BUFR (Prop_bufr_I_O)         0.270     1.575 r  vision_i/rx/U0/TMDS_ClockingX/PixelClkBuffer/O
                         net (fo=367, routed)         0.294     1.869    vision_i/rx/U0/GenerateBUFG.ResyncToBUFG_X/InstBUFG_0
    BUFGCTRL_X0Y18       BUFG (Prop_bufg_I_O)         0.026     1.895 r  vision_i/rx/U0/GenerateBUFG.ResyncToBUFG_X/InstBUFG/O
                         net (fo=3334, routed)        0.655     2.551    dbg_hub/inst/BSCANID.u_xsdbm_id/CORE_XSDB.UUT_MASTER/U_XSDB_BUS_CONTROLLER/clk
    SLICE_X58Y113        FDCE                                         r  dbg_hub/inst/BSCANID.u_xsdbm_id/CORE_XSDB.UUT_MASTER/U_XSDB_BUS_CONTROLLER/clr_abort_rd_reg/C
  -------------------------------------------------------------------    -------------------
    SLICE_X58Y113        FDCE (Prop_fdce_C_Q)         0.164     2.715 f  dbg_hub/inst/BSCANID.u_xsdbm_id/CORE_XSDB.UUT_MASTER/U_XSDB_BUS_CONTROLLER/clr_abort_rd_reg/Q
                         net (fo=2, routed)           0.116     2.830    dbg_hub/inst/BSCANID.u_xsdbm_id/CORE_XSDB.UUT_MASTER/U_XSDB_BUS_CONTROLLER/U_RD_ABORT_FLAG/clr_abort_rd
    SLICE_X57Y113        FDCE                                         f  dbg_hub/inst/BSCANID.u_xsdbm_id/CORE_XSDB.UUT_MASTER/U_XSDB_BUS_CONTROLLER/U_RD_ABORT_FLAG/G_NEG_EDGE.flag_reg/CLR
  -------------------------------------------------------------------    -------------------

                         (clock PixelClk_int rise edge)
                                                      0.000     0.000 r  <hidden>
    N18                                               0.000     0.000 r  hdmi_in_clk_p
                         net (fo=0)                   0.000     0.000    vision_i/rx/U0/TMDS_ClockingX/TMDS_Clk_p
    N18                  IBUFDS (Prop_ibufds_I_O)     0.499     0.499 r  vision_i/rx/U0/TMDS_ClockingX/InputBuffer/O
                         net (fo=1, routed)           0.480     0.979    vision_i/rx/U0/TMDS_ClockingX/CLK_IN_hdmi_clk
    MMCME2_ADV_X1Y1      MMCME2_ADV (Prop_mmcme2_adv_CLKIN1_CLKOUT0)
                                                      0.054     1.033 r  vision_i/rx/U0/TMDS_ClockingX/DVI_ClkGenerator/CLKOUT0
                         net (fo=2, routed)           0.402     1.435    vision_i/rx/U0/TMDS_ClockingX/CLK_OUT_5x_hdmi_clk
    BUFR_X1Y5            BUFR (Prop_bufr_I_O)         0.431     1.866 r  vision_i/rx/U0/TMDS_ClockingX/PixelClkBuffer/O
                         net (fo=367, routed)         0.332     2.198    vision_i/rx/U0/GenerateBUFG.ResyncToBUFG_X/InstBUFG_0
    BUFGCTRL_X0Y18       BUFG (Prop_bufg_I_O)         0.029     2.227 r  vision_i/rx/U0/GenerateBUFG.ResyncToBUFG_X/InstBUFG/O
                         net (fo=3334, routed)        0.928     3.155    dbg_hub/inst/BSCANID.u_xsdbm_id/CORE_XSDB.UUT_MASTER/U_XSDB_BUS_CONTROLLER/U_RD_ABORT_FLAG/clk
    SLICE_X57Y113        FDCE                                         r  dbg_hub/inst/BSCANID.u_xsdbm_id/CORE_XSDB.UUT_MASTER/U_XSDB_BUS_CONTROLLER/U_RD_ABORT_FLAG/G_NEG_EDGE.flag_reg/C
                         clock pessimism             -0.589     2.566    <hidden>
    SLICE_X57Y113        FDCE (Remov_fdce_C_CLR)     -0.092     2.474    dbg_hub/inst/BSCANID.u_xsdbm_id/CORE_XSDB.UUT_MASTER/U_XSDB_BUS_CONTROLLER/U_RD_ABORT_FLAG/G_NEG_EDGE.flag_reg
  -------------------------------------------------------------------
                         required time                         -2.474    <hidden>
                         arrival time                           2.830    <hidden>
  -------------------------------------------------------------------
                         slack                                  0.357    <hidden>





---------------------------------------------------------------------------------------------------
Path Group:  **async_default**
From Clock:  clk_fpga_0
  To Clock:  clk_fpga_0

Setup :            0  Failing Endpoints,  Worst Slack        5.077ns,  Total Violation        0.000ns
Hold  :            0  Failing Endpoints,  Worst Slack        0.542ns,  Total Violation        0.000ns
---------------------------------------------------------------------------------------------------


Max Delay Paths
--------------------------------------------------------------------------------------
Slack (MET) :             5.077ns  (required time - arrival time)
  Source:                 vision_i/pipe/inst/u_pipeline/u_vision/u_axi_reset/release_pipe_reg[1]/C
                            (rising edge-triggered cell FDCE clocked by clk_fpga_0  {rise@0.000ns fall@5.000ns period=10.000ns})
  Destination:            vision_i/pipe/inst/u_pipeline/u_vision/u_regs/rvalid_reg/CLR
                            (recovery check against rising-edge clock clk_fpga_0  {rise@0.000ns fall@5.000ns period=10.000ns})
  Path Group:             **async_default**
  Path Type:              Recovery (Max at Slow Process Corner)
  Requirement:            10.000ns  (clk_fpga_0 rise@10.000ns - clk_fpga_0 rise@0.000ns)
  Data Path Delay:        4.387ns  (logic 0.718ns (16.365%)  route 3.669ns (83.635%))
  Logic Levels:           1  (LUT1=1)
  Clock Path Skew:        -0.062ns (DCD - SCD + CPR)
    Destination Clock Delay (DCD):    2.654ns = ( 12.654 - 10.000 ) 
    Source Clock Delay      (SCD):    2.945ns
    Clock Pessimism Removal (CPR):    0.229ns
  Clock Uncertainty:      0.154ns  ((TSJ^2 + TIJ^2)^1/2 + DJ) / 2 + PE
    Total System Jitter     (TSJ):    0.071ns
    Total Input Jitter      (TIJ):    0.300ns
    Discrete Jitter          (DJ):    0.000ns
    Phase Error              (PE):    0.000ns

    Location             Delay type                Incr(ns)  Path(ns)    Netlist Resource(s)
  -------------------------------------------------------------------    -------------------
                         (clock clk_fpga_0 rise edge)
                                                      0.000     0.000 r  <hidden>
    PS7_X0Y0             PS7                          0.000     0.000 r  vision_i/ps7/inst/PS7_i/FCLKCLK[0]
                         net (fo=1, routed)           1.193     1.193    vision_i/ps7/inst/FCLK_CLK_unbuffered[0]
    BUFGCTRL_X0Y16       BUFG (Prop_bufg_I_O)         0.101     1.294 r  vision_i/ps7/inst/buffer_fclk_clk_0.FCLK_CLK_0_BUFG/O
                         net (fo=1051, routed)        1.651     2.945    vision_i/pipe/inst/u_pipeline/u_vision/u_axi_reset/s_axi_aclk
    SLICE_X47Y96         FDCE                                         r  vision_i/pipe/inst/u_pipeline/u_vision/u_axi_reset/release_pipe_reg[1]/C
  -------------------------------------------------------------------    -------------------
    SLICE_X47Y96         FDCE (Prop_fdce_C_Q)         0.419     3.364 r  vision_i/pipe/inst/u_pipeline/u_vision/u_axi_reset/release_pipe_reg[1]/Q
                         net (fo=1, routed)           0.848     4.212    vision_i/pipe/inst/u_pipeline/u_vision/u_axi_reset/release_pipe[1]
    SLICE_X47Y96         LUT1 (Prop_lut1_I0_O)        0.299     4.511 f  vision_i/pipe/inst/u_pipeline/u_vision/u_axi_reset/bvalid_i_2/O
                         net (fo=431, routed)         2.822     7.332    vision_i/pipe/inst/u_pipeline/u_vision/u_regs/aw_hold_reg_0
    SLICE_X34Y85         FDCE                                         f  vision_i/pipe/inst/u_pipeline/u_vision/u_regs/rvalid_reg/CLR
  -------------------------------------------------------------------    -------------------

                         (clock clk_fpga_0 rise edge)
                                                     10.000    10.000 r  <hidden>
    PS7_X0Y0             PS7                          0.000    10.000 r  vision_i/ps7/inst/PS7_i/FCLKCLK[0]
                         net (fo=1, routed)           1.088    11.088    vision_i/ps7/inst/FCLK_CLK_unbuffered[0]
    BUFGCTRL_X0Y16       BUFG (Prop_bufg_I_O)         0.091    11.179 r  vision_i/ps7/inst/buffer_fclk_clk_0.FCLK_CLK_0_BUFG/O
                         net (fo=1051, routed)        1.475    12.654    vision_i/pipe/inst/u_pipeline/u_vision/u_regs/s_axi_aclk
    SLICE_X34Y85         FDCE                                         r  vision_i/pipe/inst/u_pipeline/u_vision/u_regs/rvalid_reg/C
                         clock pessimism              0.229    12.883    <hidden>
                         clock uncertainty           -0.154    12.729    <hidden>
    SLICE_X34Y85         FDCE (Recov_fdce_C_CLR)     -0.319    12.410    vision_i/pipe/inst/u_pipeline/u_vision/u_regs/rvalid_reg
  -------------------------------------------------------------------
                         required time                         12.410    <hidden>
                         arrival time                          -7.332    <hidden>
  -------------------------------------------------------------------
                         slack                                  5.077    <hidden>





Min Delay Paths
--------------------------------------------------------------------------------------
Slack (MET) :             0.542ns  (arrival time - required time)
  Source:                 vision_i/pipe/inst/u_pipeline/u_vision/u_config/u_src_reset/release_pipe_reg[1]/C
                            (rising edge-triggered cell FDCE clocked by clk_fpga_0  {rise@0.000ns fall@5.000ns period=10.000ns})
  Destination:            vision_i/pipe/inst/u_pipeline/u_vision/u_config/hold_id_reg[16]/CLR
                            (removal check against rising-edge clock clk_fpga_0  {rise@0.000ns fall@5.000ns period=10.000ns})
  Path Group:             **async_default**
  Path Type:              Removal (Min at Fast Process Corner)
  Requirement:            0.000ns  (clk_fpga_0 rise@0.000ns - clk_fpga_0 rise@0.000ns)
  Data Path Delay:        0.800ns  (logic 0.226ns (28.255%)  route 0.574ns (71.745%))
  Logic Levels:           1  (LUT1=1)
  Clock Path Skew:        0.350ns (DCD - SCD - CPR)
    Destination Clock Delay (DCD):    1.277ns
    Source Clock Delay      (SCD):    0.892ns
    Clock Pessimism Removal (CPR):    0.035ns

    Location             Delay type                Incr(ns)  Path(ns)    Netlist Resource(s)
  -------------------------------------------------------------------    -------------------
                         (clock clk_fpga_0 rise edge)
                                                      0.000     0.000 r  <hidden>
    PS7_X0Y0             PS7                          0.000     0.000 r  vision_i/ps7/inst/PS7_i/FCLKCLK[0]
                         net (fo=1, routed)           0.310     0.310    vision_i/ps7/inst/FCLK_CLK_unbuffered[0]
    BUFGCTRL_X0Y16       BUFG (Prop_bufg_I_O)         0.026     0.336 r  vision_i/ps7/inst/buffer_fclk_clk_0.FCLK_CLK_0_BUFG/O
                         net (fo=1051, routed)        0.556     0.892    vision_i/pipe/inst/u_pipeline/u_vision/u_config/u_src_reset/s_axi_aclk
    SLICE_X47Y96         FDCE                                         r  vision_i/pipe/inst/u_pipeline/u_vision/u_config/u_src_reset/release_pipe_reg[1]/C
  -------------------------------------------------------------------    -------------------
    SLICE_X47Y96         FDCE (Prop_fdce_C_Q)         0.128     1.020 r  vision_i/pipe/inst/u_pipeline/u_vision/u_config/u_src_reset/release_pipe_reg[1]/Q
                         net (fo=1, routed)           0.225     1.244    vision_i/pipe/inst/u_pipeline/u_config/src_reset
    SLICE_X47Y96         LUT1 (Prop_lut1_I0_O)        0.098     1.342 f  vision_i/pipe/inst/u_pipeline/request_i_3/O
                         net (fo=70, routed)          0.349     1.691    vision_i/pipe/inst/u_pipeline/u_vision/u_config/hold_id_reg[31]_0
    SLICE_X41Y100        FDCE                                         f  vision_i/pipe/inst/u_pipeline/u_vision/u_config/hold_id_reg[16]/CLR
  -------------------------------------------------------------------    -------------------

                         (clock clk_fpga_0 rise edge)
                                                      0.000     0.000 r  <hidden>
    PS7_X0Y0             PS7                          0.000     0.000 r  vision_i/ps7/inst/PS7_i/FCLKCLK[0]
                         net (fo=1, routed)           0.337     0.337    vision_i/ps7/inst/FCLK_CLK_unbuffered[0]
    BUFGCTRL_X0Y16       BUFG (Prop_bufg_I_O)         0.029     0.366 r  vision_i/ps7/inst/buffer_fclk_clk_0.FCLK_CLK_0_BUFG/O
                         net (fo=1051, routed)        0.911     1.277    vision_i/pipe/inst/u_pipeline/u_vision/u_config/s_axi_aclk
    SLICE_X41Y100        FDCE                                         r  vision_i/pipe/inst/u_pipeline/u_vision/u_config/hold_id_reg[16]/C
                         clock pessimism             -0.035     1.242    <hidden>
    SLICE_X41Y100        FDCE (Remov_fdce_C_CLR)     -0.092     1.150    vision_i/pipe/inst/u_pipeline/u_vision/u_config/hold_id_reg[16]
  -------------------------------------------------------------------
                         required time                         -1.150    <hidden>
                         arrival time                           1.691    <hidden>
  -------------------------------------------------------------------
                         slack                                  0.542    <hidden>





---------------------------------------------------------------------------------------------------
Path Group:  **async_default**
From Clock:  clk_fpga_2
  To Clock:  clk_fpga_2

Setup :            0  Failing Endpoints,  Worst Slack        3.245ns,  Total Violation        0.000ns
Hold  :            0  Failing Endpoints,  Worst Slack        0.444ns,  Total Violation        0.000ns
---------------------------------------------------------------------------------------------------


Max Delay Paths
--------------------------------------------------------------------------------------
Slack (MET) :             3.245ns  (required time - arrival time)
  Source:                 vision_i/rx/U0/TMDS_ClockingX/LockLostReset/SyncAsyncx/oSyncStages_reg[1]/C
                            (rising edge-triggered cell FDPE clocked by clk_fpga_2  {rise@0.000ns fall@2.500ns period=5.000ns})
  Destination:            vision_i/rx/U0/TMDS_ClockingX/rMMCM_Reset_q_reg[0]/PRE
                            (recovery check against rising-edge clock clk_fpga_2  {rise@0.000ns fall@2.500ns period=5.000ns})
  Path Group:             **async_default**
  Path Type:              Recovery (Max at Slow Process Corner)
  Requirement:            5.000ns  (clk_fpga_2 rise@5.000ns - clk_fpga_2 rise@0.000ns)
  Data Path Delay:        1.151ns  (logic 0.419ns (36.403%)  route 0.732ns (63.597%))
  Logic Levels:           0  
  Clock Path Skew:        0.013ns (DCD - SCD + CPR)
    Destination Clock Delay (DCD):    2.850ns = ( 7.850 - 5.000 ) 
    Source Clock Delay      (SCD):    3.066ns
    Clock Pessimism Removal (CPR):    0.229ns
  Clock Uncertainty:      0.083ns  ((TSJ^2 + TIJ^2)^1/2 + DJ) / 2 + PE
    Total System Jitter     (TSJ):    0.071ns
    Total Input Jitter      (TIJ):    0.150ns
    Discrete Jitter          (DJ):    0.000ns
    Phase Error              (PE):    0.000ns

    Location             Delay type                Incr(ns)  Path(ns)    Netlist Resource(s)
  -------------------------------------------------------------------    -------------------
                         (clock clk_fpga_2 rise edge)
                                                      0.000     0.000 r  <hidden>
    PS7_X0Y0             PS7                          0.000     0.000 r  vision_i/ps7/inst/PS7_i/FCLKCLK[2]
                         net (fo=1, routed)           1.193     1.193    vision_i/ps7/inst/FCLK_CLK_unbuffered[2]
    BUFGCTRL_X0Y17       BUFG (Prop_bufg_I_O)         0.101     1.294 r  vision_i/ps7/inst/buffer_fclk_clk_2.FCLK_CLK_2_BUFG/O
                         net (fo=158, routed)         1.772     3.066    vision_i/rx/U0/TMDS_ClockingX/LockLostReset/SyncAsyncx/RefClk
    SLICE_X105Y79        FDPE                                         r  vision_i/rx/U0/TMDS_ClockingX/LockLostReset/SyncAsyncx/oSyncStages_reg[1]/C
  -------------------------------------------------------------------    -------------------
    SLICE_X105Y79        FDPE (Prop_fdpe_C_Q)         0.419     3.485 f  vision_i/rx/U0/TMDS_ClockingX/LockLostReset/SyncAsyncx/oSyncStages_reg[1]/Q
                         net (fo=8, routed)           0.732     4.217    vision_i/rx/U0/TMDS_ClockingX/rLockLostRst
    SLICE_X107Y78        FDPE                                         f  vision_i/rx/U0/TMDS_ClockingX/rMMCM_Reset_q_reg[0]/PRE
  -------------------------------------------------------------------    -------------------

                         (clock clk_fpga_2 rise edge)
                                                      5.000     5.000 r  <hidden>
    PS7_X0Y0             PS7                          0.000     5.000 r  vision_i/ps7/inst/PS7_i/FCLKCLK[2]
                         net (fo=1, routed)           1.088     6.088    vision_i/ps7/inst/FCLK_CLK_unbuffered[2]
    BUFGCTRL_X0Y17       BUFG (Prop_bufg_I_O)         0.091     6.179 r  vision_i/ps7/inst/buffer_fclk_clk_2.FCLK_CLK_2_BUFG/O
                         net (fo=158, routed)         1.671     7.850    vision_i/rx/U0/TMDS_ClockingX/RefClk
    SLICE_X107Y78        FDPE                                         r  vision_i/rx/U0/TMDS_ClockingX/rMMCM_Reset_q_reg[0]/C
                         clock pessimism              0.229     8.079    <hidden>
                         clock uncertainty           -0.083     7.996    <hidden>
    SLICE_X107Y78        FDPE (Recov_fdpe_C_PRE)     -0.534     7.462    vision_i/rx/U0/TMDS_ClockingX/rMMCM_Reset_q_reg[0]
  -------------------------------------------------------------------
                         required time                          7.462    <hidden>
                         arrival time                          -4.217    <hidden>
  -------------------------------------------------------------------
                         slack                                  3.245    <hidden>





Min Delay Paths
--------------------------------------------------------------------------------------
Slack (MET) :             0.444ns  (arrival time - required time)
  Source:                 vision_i/rx/U0/TMDS_ClockingX/RdyLostReset/SyncAsyncx/oSyncStages_reg[1]/C
                            (rising edge-triggered cell FDPE clocked by clk_fpga_2  {rise@0.000ns fall@2.500ns period=5.000ns})
  Destination:            vision_i/rx/U0/TMDS_ClockingX/aLocked_reg/CLR
                            (removal check against rising-edge clock clk_fpga_2  {rise@0.000ns fall@2.500ns period=5.000ns})
  Path Group:             **async_default**
  Path Type:              Removal (Min at Fast Process Corner)
  Requirement:            0.000ns  (clk_fpga_2 rise@0.000ns - clk_fpga_2 rise@0.000ns)
  Data Path Delay:        0.311ns  (logic 0.128ns (41.202%)  route 0.183ns (58.798%))
  Logic Levels:           0  
  Clock Path Skew:        0.013ns (DCD - SCD - CPR)
    Destination Clock Delay (DCD):    1.258ns
    Source Clock Delay      (SCD):    0.961ns
    Clock Pessimism Removal (CPR):    0.284ns

    Location             Delay type                Incr(ns)  Path(ns)    Netlist Resource(s)
  -------------------------------------------------------------------    -------------------
                         (clock clk_fpga_2 rise edge)
                                                      0.000     0.000 r  <hidden>
    PS7_X0Y0             PS7                          0.000     0.000 r  vision_i/ps7/inst/PS7_i/FCLKCLK[2]
                         net (fo=1, routed)           0.310     0.310    vision_i/ps7/inst/FCLK_CLK_unbuffered[2]
    BUFGCTRL_X0Y17       BUFG (Prop_bufg_I_O)         0.026     0.336 r  vision_i/ps7/inst/buffer_fclk_clk_2.FCLK_CLK_2_BUFG/O
                         net (fo=158, routed)         0.625     0.961    vision_i/rx/U0/TMDS_ClockingX/RdyLostReset/SyncAsyncx/RefClk
    SLICE_X106Y78        FDPE                                         r  vision_i/rx/U0/TMDS_ClockingX/RdyLostReset/SyncAsyncx/oSyncStages_reg[1]/C
  -------------------------------------------------------------------    -------------------
    SLICE_X106Y78        FDPE (Prop_fdpe_C_Q)         0.128     1.089 f  vision_i/rx/U0/TMDS_ClockingX/RdyLostReset/SyncAsyncx/oSyncStages_reg[1]/Q
                         net (fo=1, routed)           0.183     1.271    vision_i/rx/U0/TMDS_ClockingX/RdyLostReset_n_0
    SLICE_X106Y77        FDCE                                         f  vision_i/rx/U0/TMDS_ClockingX/aLocked_reg/CLR
  -------------------------------------------------------------------    -------------------

                         (clock clk_fpga_2 rise edge)
                                                      0.000     0.000 r  <hidden>
    PS7_X0Y0             PS7                          0.000     0.000 r  vision_i/ps7/inst/PS7_i/FCLKCLK[2]
                         net (fo=1, routed)           0.337     0.337    vision_i/ps7/inst/FCLK_CLK_unbuffered[2]
    BUFGCTRL_X0Y17       BUFG (Prop_bufg_I_O)         0.029     0.366 r  vision_i/ps7/inst/buffer_fclk_clk_2.FCLK_CLK_2_BUFG/O
                         net (fo=158, routed)         0.892     1.258    vision_i/rx/U0/TMDS_ClockingX/RefClk
    SLICE_X106Y77        FDCE                                         r  vision_i/rx/U0/TMDS_ClockingX/aLocked_reg/C
                         clock pessimism             -0.284     0.974    <hidden>
    SLICE_X106Y77        FDCE (Remov_fdce_C_CLR)     -0.146     0.828    vision_i/rx/U0/TMDS_ClockingX/aLocked_reg
  -------------------------------------------------------------------
                         required time                         -0.828    <hidden>
                         arrival time                           1.271    <hidden>
  -------------------------------------------------------------------
                         slack                                  0.444    <hidden>





---------------------------------------------------------------------------------------------------
Path Group:  **async_default**
From Clock:  dbg_hub/inst/BSCANID.u_xsdbm_id/SWITCH_N_EXT_BSCAN.bscan_inst/SERIES7_BSCAN.bscan_inst/TCK
  To Clock:  dbg_hub/inst/BSCANID.u_xsdbm_id/SWITCH_N_EXT_BSCAN.bscan_inst/SERIES7_BSCAN.bscan_inst/TCK

Setup :            0  Failing Endpoints,  Worst Slack       28.374ns,  Total Violation        0.000ns
Hold  :            0  Failing Endpoints,  Worst Slack        0.282ns,  Total Violation        0.000ns
---------------------------------------------------------------------------------------------------


Max Delay Paths
--------------------------------------------------------------------------------------
Slack (MET) :             28.374ns  (required time - arrival time)
  Source:                 dbg_hub/inst/BSCANID.u_xsdbm_id/SWITCH_N_EXT_BSCAN.bscan_switch/portno_reg[4]/C
                            (rising edge-triggered cell FDRE clocked by dbg_hub/inst/BSCANID.u_xsdbm_id/SWITCH_N_EXT_BSCAN.bscan_inst/SERIES7_BSCAN.bscan_inst/TCK  {rise@0.000ns fall@16.500ns period=33.000ns})
  Destination:            dbg_hub/inst/BSCANID.u_xsdbm_id/CORE_XSDB.U_ICON/U_CMD/iTARGET_reg[10]/CLR
                            (recovery check against rising-edge clock dbg_hub/inst/BSCANID.u_xsdbm_id/SWITCH_N_EXT_BSCAN.bscan_inst/SERIES7_BSCAN.bscan_inst/TCK  {rise@0.000ns fall@16.500ns period=33.000ns})
  Path Group:             **async_default**
  Path Type:              Recovery (Max at Slow Process Corner)
  Requirement:            33.000ns  (dbg_hub/inst/BSCANID.u_xsdbm_id/SWITCH_N_EXT_BSCAN.bscan_inst/SERIES7_BSCAN.bscan_inst/TCK rise@33.000ns - dbg_hub/inst/BSCANID.u_xsdbm_id/SWITCH_N_EXT_BSCAN.bscan_inst/SERIES7_BSCAN.bscan_inst/TCK rise@0.000ns)
  Data Path Delay:        4.057ns  (logic 1.216ns (29.974%)  route 2.841ns (70.026%))
  Logic Levels:           3  (LUT1=1 LUT4=1 LUT6=1)
  Clock Path Skew:        -0.129ns (DCD - SCD + CPR)
    Destination Clock Delay (DCD):    3.717ns = ( 36.717 - 33.000 ) 
    Source Clock Delay      (SCD):    4.300ns
    Clock Pessimism Removal (CPR):    0.454ns
  Clock Uncertainty:      0.035ns  ((TSJ^2 + TIJ^2)^1/2 + DJ) / 2 + PE
    Total System Jitter     (TSJ):    0.071ns
    Total Input Jitter      (TIJ):    0.000ns
    Discrete Jitter          (DJ):    0.000ns
    Phase Error              (PE):    0.000ns

    Location             Delay type                Incr(ns)  Path(ns)    Netlist Resource(s)
  -------------------------------------------------------------------    -------------------
                         (clock dbg_hub/inst/BSCANID.u_xsdbm_id/SWITCH_N_EXT_BSCAN.bscan_inst/SERIES7_BSCAN.bscan_inst/TCK rise edge)
                                                      0.000     0.000 r  <hidden>
    BSCAN_X0Y0           BSCANE2                      0.000     0.000 r  dbg_hub/inst/BSCANID.u_xsdbm_id/SWITCH_N_EXT_BSCAN.bscan_inst/SERIES7_BSCAN.bscan_inst/TCK
                         net (fo=1, routed)           2.306     2.306    dbg_hub/inst/BSCANID.u_xsdbm_id/tck_bs
    BUFGCTRL_X0Y0        BUFG (Prop_bufg_I_O)         0.101     2.407 r  dbg_hub/inst/BSCANID.u_xsdbm_id/SWITCH_N_EXT_BSCAN.u_bufg_icon_tck/O
                         net (fo=482, routed)         1.893     4.300    dbg_hub/inst/BSCANID.u_xsdbm_id/SWITCH_N_EXT_BSCAN.bscan_switch/s_bscan_tck
    SLICE_X55Y120        FDRE                                         r  dbg_hub/inst/BSCANID.u_xsdbm_id/SWITCH_N_EXT_BSCAN.bscan_switch/portno_reg[4]/C
  -------------------------------------------------------------------    -------------------
    SLICE_X55Y120        FDRE (Prop_fdre_C_Q)         0.419     4.719 f  dbg_hub/inst/BSCANID.u_xsdbm_id/SWITCH_N_EXT_BSCAN.bscan_switch/portno_reg[4]/Q
                         net (fo=1, routed)           0.674     5.393    dbg_hub/inst/BSCANID.u_xsdbm_id/SWITCH_N_EXT_BSCAN.bscan_switch/portno[4]
    SLICE_X55Y120        LUT6 (Prop_lut6_I4_O)        0.297     5.690 f  dbg_hub/inst/BSCANID.u_xsdbm_id/SWITCH_N_EXT_BSCAN.bscan_switch/m_bscan_drck[0]_INST_0_i_1/O
                         net (fo=5, routed)           0.976     6.666    dbg_hub/inst/BSCANID.u_xsdbm_id/SWITCH_N_EXT_BSCAN.bscan_switch/m_bscan_drck[0]_INST_0_i_1_n_0
    SLICE_X58Y119        LUT4 (Prop_lut4_I3_O)        0.152     6.818 r  dbg_hub/inst/BSCANID.u_xsdbm_id/SWITCH_N_EXT_BSCAN.bscan_switch/m_bscan_sel[0]_INST_0/O
                         net (fo=2, routed)           0.454     7.272    dbg_hub/inst/BSCANID.u_xsdbm_id/CORE_XSDB.U_ICON/U_CMD/iTARGET_reg[6]_0
    SLICE_X54Y119        LUT1 (Prop_lut1_I0_O)        0.348     7.620 f  dbg_hub/inst/BSCANID.u_xsdbm_id/CORE_XSDB.U_ICON/U_CMD/iTARGET[15]_i_2/O
                         net (fo=10, routed)          0.737     8.357    dbg_hub/inst/BSCANID.u_xsdbm_id/CORE_XSDB.U_ICON/U_CMD/iSEL_n
    SLICE_X52Y119        FDCE                                         f  dbg_hub/inst/BSCANID.u_xsdbm_id/CORE_XSDB.U_ICON/U_CMD/iTARGET_reg[10]/CLR
  -------------------------------------------------------------------    -------------------

                         (clock dbg_hub/inst/BSCANID.u_xsdbm_id/SWITCH_N_EXT_BSCAN.bscan_inst/SERIES7_BSCAN.bscan_inst/TCK rise edge)
                                                     33.000    33.000 r  <hidden>
    BSCAN_X0Y0           BSCANE2                      0.000    33.000 r  dbg_hub/inst/BSCANID.u_xsdbm_id/SWITCH_N_EXT_BSCAN.bscan_inst/SERIES7_BSCAN.bscan_inst/TCK
                         net (fo=1, routed)           1.994    34.994    dbg_hub/inst/BSCANID.u_xsdbm_id/tck_bs
    BUFGCTRL_X0Y0        BUFG (Prop_bufg_I_O)         0.091    35.085 r  dbg_hub/inst/BSCANID.u_xsdbm_id/SWITCH_N_EXT_BSCAN.u_bufg_icon_tck/O
                         net (fo=482, routed)         1.632    36.717    dbg_hub/inst/BSCANID.u_xsdbm_id/CORE_XSDB.U_ICON/U_CMD/m_bscan_tck[0]
    SLICE_X52Y119        FDCE                                         r  dbg_hub/inst/BSCANID.u_xsdbm_id/CORE_XSDB.U_ICON/U_CMD/iTARGET_reg[10]/C
                         clock pessimism              0.454    37.171    <hidden>
                         clock uncertainty           -0.035    37.136    <hidden>
    SLICE_X52Y119        FDCE (Recov_fdce_C_CLR)     -0.405    36.731    dbg_hub/inst/BSCANID.u_xsdbm_id/CORE_XSDB.U_ICON/U_CMD/iTARGET_reg[10]
  -------------------------------------------------------------------
                         required time                         36.731    <hidden>
                         arrival time                          -8.357    <hidden>
  -------------------------------------------------------------------
                         slack                                 28.374    <hidden>





Min Delay Paths
--------------------------------------------------------------------------------------
Slack (MET) :             0.282ns  (arrival time - required time)
  Source:                 dbg_hub/inst/BSCANID.u_xsdbm_id/CORE_XSDB.UUT_MASTER/U_ICON_INTERFACE/U_CMD6_WR/U_WR_FIFO/SUBCORE_FIFO.xsdbm_v3_0_6_wrfifo_inst/inst_fifo_gen/gconvfifo.rf/grf.rf/rstblk/ngwrdrst.grst.g7serrst.rst_wr_reg2_reg/C
                            (rising edge-triggered cell FDPE clocked by dbg_hub/inst/BSCANID.u_xsdbm_id/SWITCH_N_EXT_BSCAN.bscan_inst/SERIES7_BSCAN.bscan_inst/TCK  {rise@0.000ns fall@16.500ns period=33.000ns})
  Destination:            dbg_hub/inst/BSCANID.u_xsdbm_id/CORE_XSDB.UUT_MASTER/U_ICON_INTERFACE/U_CMD6_WR/U_WR_FIFO/SUBCORE_FIFO.xsdbm_v3_0_6_wrfifo_inst/inst_fifo_gen/gconvfifo.rf/grf.rf/rstblk/ngwrdrst.grst.g7serrst.wr_rst_asreg_reg/PRE
                            (removal check against rising-edge clock dbg_hub/inst/BSCANID.u_xsdbm_id/SWITCH_N_EXT_BSCAN.bscan_inst/SERIES7_BSCAN.bscan_inst/TCK  {rise@0.000ns fall@16.500ns period=33.000ns})
  Path Group:             **async_default**
  Path Type:              Removal (Min at Fast Process Corner)
  Requirement:            0.000ns  (dbg_hub/inst/BSCANID.u_xsdbm_id/SWITCH_N_EXT_BSCAN.bscan_inst/SERIES7_BSCAN.bscan_inst/TCK rise@0.000ns - dbg_hub/inst/BSCANID.u_xsdbm_id/SWITCH_N_EXT_BSCAN.bscan_inst/SERIES7_BSCAN.bscan_inst/TCK rise@0.000ns)
  Data Path Delay:        0.395ns  (logic 0.128ns (32.377%)  route 0.267ns (67.623%))
  Logic Levels:           0  
  Clock Path Skew:        0.262ns (DCD - SCD - CPR)
    Destination Clock Delay (DCD):    2.091ns
    Source Clock Delay      (SCD):    1.685ns
    Clock Pessimism Removal (CPR):    0.144ns

    Location             Delay type                Incr(ns)  Path(ns)    Netlist Resource(s)
  -------------------------------------------------------------------    -------------------
                         (clock dbg_hub/inst/BSCANID.u_xsdbm_id/SWITCH_N_EXT_BSCAN.bscan_inst/SERIES7_BSCAN.bscan_inst/TCK rise edge)
                                                      0.000     0.000 r  <hidden>
    BSCAN_X0Y0           BSCANE2                      0.000     0.000 r  dbg_hub/inst/BSCANID.u_xsdbm_id/SWITCH_N_EXT_BSCAN.bscan_inst/SERIES7_BSCAN.bscan_inst/TCK
                         net (fo=1, routed)           1.028     1.028    dbg_hub/inst/BSCANID.u_xsdbm_id/tck_bs
    BUFGCTRL_X0Y0        BUFG (Prop_bufg_I_O)         0.026     1.054 r  dbg_hub/inst/BSCANID.u_xsdbm_id/SWITCH_N_EXT_BSCAN.u_bufg_icon_tck/O
                         net (fo=482, routed)         0.631     1.685    dbg_hub/inst/BSCANID.u_xsdbm_id/CORE_XSDB.UUT_MASTER/U_ICON_INTERFACE/U_CMD6_WR/U_WR_FIFO/SUBCORE_FIFO.xsdbm_v3_0_6_wrfifo_inst/inst_fifo_gen/gconvfifo.rf/grf.rf/rstblk/wr_clk
    SLICE_X52Y116        FDPE                                         r  dbg_hub/inst/BSCANID.u_xsdbm_id/CORE_XSDB.UUT_MASTER/U_ICON_INTERFACE/U_CMD6_WR/U_WR_FIFO/SUBCORE_FIFO.xsdbm_v3_0_6_wrfifo_inst/inst_fifo_gen/gconvfifo.rf/grf.rf/rstblk/ngwrdrst.grst.g7serrst.rst_wr_reg2_reg/C
  -------------------------------------------------------------------    -------------------
    SLICE_X52Y116        FDPE (Prop_fdpe_C_Q)         0.128     1.813 f  dbg_hub/inst/BSCANID.u_xsdbm_id/CORE_XSDB.UUT_MASTER/U_ICON_INTERFACE/U_CMD6_WR/U_WR_FIFO/SUBCORE_FIFO.xsdbm_v3_0_6_wrfifo_inst/inst_fifo_gen/gconvfifo.rf/grf.rf/rstblk/ngwrdrst.grst.g7serrst.rst_wr_reg2_reg/Q
                         net (fo=1, routed)           0.267     2.080    dbg_hub/inst/BSCANID.u_xsdbm_id/CORE_XSDB.UUT_MASTER/U_ICON_INTERFACE/U_CMD6_WR/U_WR_FIFO/SUBCORE_FIFO.xsdbm_v3_0_6_wrfifo_inst/inst_fifo_gen/gconvfifo.rf/grf.rf/rstblk/ngwrdrst.rst_wr_reg2
    SLICE_X47Y119        FDPE                                         f  dbg_hub/inst/BSCANID.u_xsdbm_id/CORE_XSDB.UUT_MASTER/U_ICON_INTERFACE/U_CMD6_WR/U_WR_FIFO/SUBCORE_FIFO.xsdbm_v3_0_6_wrfifo_inst/inst_fifo_gen/gconvfifo.rf/grf.rf/rstblk/ngwrdrst.grst.g7serrst.wr_rst_asreg_reg/PRE
  -------------------------------------------------------------------    -------------------

                         (clock dbg_hub/inst/BSCANID.u_xsdbm_id/SWITCH_N_EXT_BSCAN.bscan_inst/SERIES7_BSCAN.bscan_inst/TCK rise edge)
                                                      0.000     0.000 r  <hidden>
    BSCAN_X0Y0           BSCANE2                      0.000     0.000 r  dbg_hub/inst/BSCANID.u_xsdbm_id/SWITCH_N_EXT_BSCAN.bscan_inst/SERIES7_BSCAN.bscan_inst/TCK
                         net (fo=1, routed)           1.160     1.160    dbg_hub/inst/BSCANID.u_xsdbm_id/tck_bs
    BUFGCTRL_X0Y0        BUFG (Prop_bufg_I_O)         0.029     1.189 r  dbg_hub/inst/BSCANID.u_xsdbm_id/SWITCH_N_EXT_BSCAN.u_bufg_icon_tck/O
                         net (fo=482, routed)         0.902     2.091    dbg_hub/inst/BSCANID.u_xsdbm_id/CORE_XSDB.UUT_MASTER/U_ICON_INTERFACE/U_CMD6_WR/U_WR_FIFO/SUBCORE_FIFO.xsdbm_v3_0_6_wrfifo_inst/inst_fifo_gen/gconvfifo.rf/grf.rf/rstblk/wr_clk
    SLICE_X47Y119        FDPE                                         r  dbg_hub/inst/BSCANID.u_xsdbm_id/CORE_XSDB.UUT_MASTER/U_ICON_INTERFACE/U_CMD6_WR/U_WR_FIFO/SUBCORE_FIFO.xsdbm_v3_0_6_wrfifo_inst/inst_fifo_gen/gconvfifo.rf/grf.rf/rstblk/ngwrdrst.grst.g7serrst.wr_rst_asreg_reg/C
                         clock pessimism             -0.144     1.947    <hidden>
    SLICE_X47Y119        FDPE (Remov_fdpe_C_PRE)     -0.149     1.798    dbg_hub/inst/BSCANID.u_xsdbm_id/CORE_XSDB.UUT_MASTER/U_ICON_INTERFACE/U_CMD6_WR/U_WR_FIFO/SUBCORE_FIFO.xsdbm_v3_0_6_wrfifo_inst/inst_fifo_gen/gconvfifo.rf/grf.rf/rstblk/ngwrdrst.grst.g7serrst.wr_rst_asreg_reg
  -------------------------------------------------------------------
                         required time                         -1.798    <hidden>
                         arrival time                           2.080    <hidden>
  -------------------------------------------------------------------
                         slack                                  0.282    <hidden>





--------------------------------------------------------------------------------------
Path Group:  (none)
From Clock:  
  To Clock:  PixelClk_int

Max Delay             9 Endpoints
Min Delay             9 Endpoints
--------------------------------------------------------------------------------------


Max Delay Paths
--------------------------------------------------------------------------------------
Slack:                    inf
  Source:                 vision_i/ps7/inst/PS7_i/FCLKRESETN[0]
                            (internal pin)
  Destination:            vision_i/pipe/inst/u_pipeline/u_reset/release_pipe_reg[0]/CLR
                            (recovery check against rising-edge clock PixelClk_int  {rise@0.000ns fall@5.387ns period=13.468ns})
  Path Group:             (none)
  Path Type:              Recovery (Max at Slow Process Corner)
  Data Path Delay:        3.864ns  (logic 0.152ns (3.934%)  route 3.712ns (96.066%))
  Logic Levels:           1  (LUT2=1)
  Clock Uncertainty:      0.193ns  ((TSJ^2 + DJ^2)^1/2) / 2 + PE
    Total System Jitter     (TSJ):    0.050ns
    Discrete Jitter          (DJ):    0.126ns
    Phase Error              (PE):    0.125ns
  Timing Exception:       False Path

    Location             Delay type                Incr(ns)  Path(ns)    Netlist Resource(s)
  -------------------------------------------------------------------    -------------------
    PS7_X0Y0             PS7                          0.000     0.000 r  vision_i/ps7/inst/PS7_i/FCLKRESETN[0]
                         net (fo=6, routed)           3.322     3.322    vision_i/pipe/inst/u_pipeline/u_reset/s_axi_aresetn
    SLICE_X105Y92        LUT2 (Prop_lut2_I1_O)        0.152     3.474 f  vision_i/pipe/inst/u_pipeline/u_reset/u_pixel_reset/release_pipe[1]_i_1/O
                         net (fo=4, routed)           0.391     3.864    vision_i/pipe/inst/u_pipeline/u_reset/video_locked_0
    SLICE_X104Y92        FDCE                                         f  vision_i/pipe/inst/u_pipeline/u_reset/release_pipe_reg[0]/CLR
  -------------------------------------------------------------------    -------------------

                         (clock PixelClk_int rise edge)
                                                      0.000     0.000 r  <hidden>
    N18                                               0.000     0.000 r  hdmi_in_clk_p
                         net (fo=0)                   0.000     0.000    vision_i/rx/U0/TMDS_ClockingX/TMDS_Clk_p
    N18                  IBUFDS (Prop_ibufds_I_O)     0.887     0.887 r  vision_i/rx/U0/TMDS_ClockingX/InputBuffer/O
                         net (fo=1, routed)           1.162     2.049    vision_i/rx/U0/TMDS_ClockingX/CLK_IN_hdmi_clk
    MMCME2_ADV_X1Y1      MMCME2_ADV (Prop_mmcme2_adv_CLKIN1_CLKOUT0)
                                                      0.084     2.133 r  vision_i/rx/U0/TMDS_ClockingX/DVI_ClkGenerator/CLKOUT0
                         net (fo=2, routed)           0.960     3.093    vision_i/rx/U0/TMDS_ClockingX/CLK_OUT_5x_hdmi_clk
    BUFR_X1Y5            BUFR (Prop_bufr_I_O)         0.918     4.011 r  vision_i/rx/U0/TMDS_ClockingX/PixelClkBuffer/O
                         net (fo=367, routed)         0.858     4.869    vision_i/rx/U0/GenerateBUFG.ResyncToBUFG_X/InstBUFG_0
    BUFGCTRL_X0Y18       BUFG (Prop_bufg_I_O)         0.091     4.960 r  vision_i/rx/U0/GenerateBUFG.ResyncToBUFG_X/InstBUFG/O
                         net (fo=3334, routed)        1.608     6.567    vision_i/pipe/inst/u_pipeline/u_reset/pclk
    SLICE_X104Y92        FDCE                                         r  vision_i/pipe/inst/u_pipeline/u_reset/release_pipe_reg[0]/C





Min Delay Paths
--------------------------------------------------------------------------------------
Slack:                    inf
  Source:                 vision_i/tx/U0/ClockGenInternal.ClockGenX/GenMMCM.DVI_ClkGenerator/LOCKED
                            (internal pin)
  Destination:            vision_i/tx/U0/ClockGenInternal.ClockGenX/PLL_LockSyncAsync/oSyncStages_reg[0]/D
                            (rising edge-triggered cell FDRE clocked by PixelClk_int  {rise@0.000ns fall@5.387ns period=13.468ns})
  Path Group:             (none)
  Path Type:              Hold (Min at Fast Process Corner)
  Data Path Delay:        0.411ns  (logic 0.000ns (0.000%)  route 0.411ns (100.000%))
  Logic Levels:           0  
  Clock Uncertainty:      0.193ns  ((TSJ^2 + DJ^2)^1/2) / 2 + PE
    Total System Jitter     (TSJ):    0.050ns
    Discrete Jitter          (DJ):    0.126ns
    Phase Error              (PE):    0.125ns
  Timing Exception:       False Path

    Location             Delay type                Incr(ns)  Path(ns)    Netlist Resource(s)
  -------------------------------------------------------------------    -------------------
    MMCME2_ADV_X1Y2      MMCME2_ADV                   0.000     0.000 r  vision_i/tx/U0/ClockGenInternal.ClockGenX/GenMMCM.DVI_ClkGenerator/LOCKED
                         net (fo=2, routed)           0.411     0.411    vision_i/tx/U0/ClockGenInternal.ClockGenX/PLL_LockSyncAsync/oSyncStages_reg[0]_0[0]
    SLICE_X106Y94        FDRE                                         r  vision_i/tx/U0/ClockGenInternal.ClockGenX/PLL_LockSyncAsync/oSyncStages_reg[0]/D
  -------------------------------------------------------------------    -------------------

                         (clock PixelClk_int rise edge)
                                                      0.000     0.000 r  <hidden>
    N18                                               0.000     0.000 r  hdmi_in_clk_p
                         net (fo=0)                   0.000     0.000    vision_i/rx/U0/TMDS_ClockingX/TMDS_Clk_p
    N18                  IBUFDS (Prop_ibufds_I_O)     0.499     0.499 r  vision_i/rx/U0/TMDS_ClockingX/InputBuffer/O
                         net (fo=1, routed)           0.480     0.979    vision_i/rx/U0/TMDS_ClockingX/CLK_IN_hdmi_clk
    MMCME2_ADV_X1Y1      MMCME2_ADV (Prop_mmcme2_adv_CLKIN1_CLKOUT0)
                                                      0.054     1.033 r  vision_i/rx/U0/TMDS_ClockingX/DVI_ClkGenerator/CLKOUT0
                         net (fo=2, routed)           0.402     1.435    vision_i/rx/U0/TMDS_ClockingX/CLK_OUT_5x_hdmi_clk
    BUFR_X1Y5            BUFR (Prop_bufr_I_O)         0.431     1.866 r  vision_i/rx/U0/TMDS_ClockingX/PixelClkBuffer/O
                         net (fo=367, routed)         0.332     2.198    vision_i/rx/U0/GenerateBUFG.ResyncToBUFG_X/InstBUFG_0
    BUFGCTRL_X0Y18       BUFG (Prop_bufg_I_O)         0.029     2.227 r  vision_i/rx/U0/GenerateBUFG.ResyncToBUFG_X/InstBUFG/O
                         net (fo=3334, routed)        0.905     3.132    vision_i/tx/U0/ClockGenInternal.ClockGenX/PLL_LockSyncAsync/PixelClk
    SLICE_X106Y94        FDRE                                         r  vision_i/tx/U0/ClockGenInternal.ClockGenX/PLL_LockSyncAsync/oSyncStages_reg[0]/C





--------------------------------------------------------------------------------------
Path Group:  (none)
From Clock:  PixelClk_int
  To Clock:  PixelClk_int

Max Delay           114 Endpoints
Min Delay           114 Endpoints
--------------------------------------------------------------------------------------


Max Delay Paths
--------------------------------------------------------------------------------------
Slack:                    inf
  Source:                 vision_i/snapshot_ila/inst/<hidden>/<hidden>/<hidden>/<hidden>/<hidden>/<hidden>/<hidden>/<hidden>/<hidden>/<hidden>/<hidden>
                            (rising edge-triggered cell SRLC32E clocked by PixelClk_int  {rise@0.000ns fall@5.387ns period=13.468ns})
  Destination:            vision_i/snapshot_ila/inst/<hidden>/<hidden>/<hidden>/<hidden>/<hidden>/<hidden>
                            (rising edge-triggered cell FDRE clocked by PixelClk_int  {rise@0.000ns fall@5.387ns period=13.468ns})
  Path Group:             (none)
  Path Type:              Setup (Max at Slow Process Corner)
  Data Path Delay:        4.718ns  (logic 2.415ns (51.183%)  route 2.303ns (48.817%))
  Logic Levels:           2  (CARRY4=1 LUT2=1)
  Clock Path Skew:        -0.662ns (DCD - SCD + CPR)
    Destination Clock Delay (DCD):    6.614ns
    Source Clock Delay      (SCD):    7.276ns
    Clock Pessimism Removal (CPR):    0.000ns
  Clock Uncertainty:      0.072ns  ((TSJ^2 + DJ^2)^1/2) / 2 + PE
    Total System Jitter     (TSJ):    0.071ns
    Discrete Jitter          (DJ):    0.126ns
    Phase Error              (PE):    0.000ns
  Timing Exception:       False Path

    Location             Delay type                Incr(ns)  Path(ns)    Netlist Resource(s)
  -------------------------------------------------------------------    -------------------
                         (clock PixelClk_int rise edge)
                                                      0.000     0.000 r  <hidden>
    N18                                               0.000     0.000 r  hdmi_in_clk_p
                         net (fo=0)                   0.000     0.000    vision_i/rx/U0/TMDS_ClockingX/TMDS_Clk_p
    N18                  IBUFDS (Prop_ibufds_I_O)     0.930     0.930 r  vision_i/rx/U0/TMDS_ClockingX/InputBuffer/O
                         net (fo=1, routed)           1.285     2.215    vision_i/rx/U0/TMDS_ClockingX/CLK_IN_hdmi_clk
    MMCME2_ADV_X1Y1      MMCME2_ADV (Prop_mmcme2_adv_CLKIN1_CLKOUT0)
                                                      0.089     2.304 r  vision_i/rx/U0/TMDS_ClockingX/DVI_ClkGenerator/CLKOUT0
                         net (fo=2, routed)           1.063     3.367    vision_i/rx/U0/TMDS_ClockingX/CLK_OUT_5x_hdmi_clk
    BUFR_X1Y5            BUFR (Prop_bufr_I_O)         1.031     4.398 r  vision_i/rx/U0/TMDS_ClockingX/PixelClkBuffer/O
                         net (fo=367, routed)         0.945     5.343    vision_i/rx/U0/GenerateBUFG.ResyncToBUFG_X/InstBUFG_0
    BUFGCTRL_X0Y18       BUFG (Prop_bufg_I_O)         0.101     5.444 r  vision_i/rx/U0/GenerateBUFG.ResyncToBUFG_X/InstBUFG/O
                         net (fo=3334, routed)        1.832     7.276    vision_i/snapshot_ila/inst/<hidden>/<hidden>/<hidden>/<hidden>/<hidden>/<hidden>/<hidden>/<hidden>/<hidden>/<hidden>
    SLICE_X50Y101        SRLC32E                                      r  vision_i/snapshot_ila/inst/<hidden>/<hidden>/<hidden>/<hidden>/<hidden>/<hidden>/<hidden>/<hidden>/<hidden>/<hidden>/<hidden>
  -------------------------------------------------------------------    -------------------
    SLICE_X50Y101        SRLC32E (Prop_srlc32e_CLK_Q)
                                                      1.628     8.904 r  vision_i/snapshot_ila/inst/<hidden>/<hidden>/<hidden>/<hidden>/<hidden>/<hidden>/<hidden>/<hidden>/<hidden>/<hidden>/<hidden>
                         net (fo=1, routed)           0.840     9.744    vision_i/snapshot_ila/inst/<hidden>/<hidden>/<hidden>/<hidden>/<hidden>/<hidden>/<hidden>/<hidden>/<hidden>
    SLICE_X46Y101        CARRY4 (Prop_carry4_S[0]_CO[3])
                                                      0.637    10.381 r  vision_i/snapshot_ila/inst/<hidden>/<hidden>/<hidden>/<hidden>/<hidden>/<hidden>/<hidden>/<hidden>/<hidden>/<hidden>
                         net (fo=1, routed)           0.957    11.338    vision_i/snapshot_ila/inst/<hidden>/<hidden>/<hidden>
    SLICE_X44Y102        LUT2 (Prop_lut2_I1_O)        0.150    11.488 r  vision_i/snapshot_ila/inst/<hidden>/<hidden>/<hidden>/<hidden>
                         net (fo=1, routed)           0.507    11.995    vision_i/snapshot_ila/inst/<hidden>/<hidden>/<hidden>/<hidden>/<hidden>
    SLICE_X43Y101        FDRE                                         r  vision_i/snapshot_ila/inst/<hidden>/<hidden>/<hidden>/<hidden>/<hidden>/<hidden>
  -------------------------------------------------------------------    -------------------

                         (clock PixelClk_int rise edge)
                                                      0.000     0.000 r  <hidden>
    N18                                               0.000     0.000 r  hdmi_in_clk_p
                         net (fo=0)                   0.000     0.000    vision_i/rx/U0/TMDS_ClockingX/TMDS_Clk_p
    N18                  IBUFDS (Prop_ibufds_I_O)     0.887     0.887 r  vision_i/rx/U0/TMDS_ClockingX/InputBuffer/O
                         net (fo=1, routed)           1.162     2.049    vision_i/rx/U0/TMDS_ClockingX/CLK_IN_hdmi_clk
    MMCME2_ADV_X1Y1      MMCME2_ADV (Prop_mmcme2_adv_CLKIN1_CLKOUT0)
                                                      0.084     2.133 r  vision_i/rx/U0/TMDS_ClockingX/DVI_ClkGenerator/CLKOUT0
                         net (fo=2, routed)           0.960     3.093    vision_i/rx/U0/TMDS_ClockingX/CLK_OUT_5x_hdmi_clk
    BUFR_X1Y5            BUFR (Prop_bufr_I_O)         0.918     4.011 r  vision_i/rx/U0/TMDS_ClockingX/PixelClkBuffer/O
                         net (fo=367, routed)         0.858     4.869    vision_i/rx/U0/GenerateBUFG.ResyncToBUFG_X/InstBUFG_0
    BUFGCTRL_X0Y18       BUFG (Prop_bufg_I_O)         0.091     4.960 r  vision_i/rx/U0/GenerateBUFG.ResyncToBUFG_X/InstBUFG/O
                         net (fo=3334, routed)        1.654     6.614    vision_i/snapshot_ila/inst/<hidden>/<hidden>/<hidden>/<hidden>/<hidden>
    SLICE_X43Y101        FDRE                                         r  vision_i/snapshot_ila/inst/<hidden>/<hidden>/<hidden>/<hidden>/<hidden>/<hidden>





Min Delay Paths
--------------------------------------------------------------------------------------
Slack:                    inf
  Source:                 vision_i/rx/U0/LockLostReset/SyncAsyncx/oSyncStages_reg[1]/C
                            (rising edge-triggered cell FDPE clocked by PixelClk_int  {rise@0.000ns fall@5.387ns period=13.468ns})
  Destination:            vision_i/rx/U0/DataDecoders[2].DecoderX/SyncBaseRst/iIn_q_reg/PRE
                            (removal check against rising-edge clock PixelClk_int  {rise@0.000ns fall@5.387ns period=13.468ns})
  Path Group:             (none)
  Path Type:              Removal (Min at Fast Process Corner)
  Data Path Delay:        0.486ns  (logic 0.128ns (26.360%)  route 0.358ns (73.640%))
  Logic Levels:           0  
  Clock Path Skew:        0.349ns (DCD - SCD - CPR)
    Destination Clock Delay (DCD):    2.175ns
    Source Clock Delay      (SCD):    1.825ns
    Clock Pessimism Removal (CPR):    -0.000ns
  Clock Uncertainty:      0.072ns  ((TSJ^2 + DJ^2)^1/2) / 2 + PE
    Total System Jitter     (TSJ):    0.071ns
    Discrete Jitter          (DJ):    0.126ns
    Phase Error              (PE):    0.000ns
  Timing Exception:       False Path

    Location             Delay type                Incr(ns)  Path(ns)    Netlist Resource(s)
  -------------------------------------------------------------------    -------------------
                         (clock PixelClk_int rise edge)
                                                      0.000     0.000 r  <hidden>
    N18                                               0.000     0.000 r  hdmi_in_clk_p
                         net (fo=0)                   0.000     0.000    vision_i/rx/U0/TMDS_ClockingX/TMDS_Clk_p
    N18                  IBUFDS (Prop_ibufds_I_O)     0.451     0.451 r  vision_i/rx/U0/TMDS_ClockingX/InputBuffer/O
                         net (fo=1, routed)           0.440     0.891    vision_i/rx/U0/TMDS_ClockingX/CLK_IN_hdmi_clk
    MMCME2_ADV_X1Y1      MMCME2_ADV (Prop_mmcme2_adv_CLKIN1_CLKOUT0)
                                                      0.051     0.942 r  vision_i/rx/U0/TMDS_ClockingX/DVI_ClkGenerator/CLKOUT0
                         net (fo=2, routed)           0.363     1.305    vision_i/rx/U0/TMDS_ClockingX/CLK_OUT_5x_hdmi_clk
    BUFR_X1Y5            BUFR (Prop_bufr_I_O)         0.270     1.575 r  vision_i/rx/U0/TMDS_ClockingX/PixelClkBuffer/O
                         net (fo=367, routed)         0.250     1.825    vision_i/rx/U0/LockLostReset/SyncAsyncx/oSyncStages_reg[1]_0
    SLICE_X106Y75        FDPE                                         r  vision_i/rx/U0/LockLostReset/SyncAsyncx/oSyncStages_reg[1]/C
  -------------------------------------------------------------------    -------------------
    SLICE_X106Y75        FDPE (Prop_fdpe_C_Q)         0.128     1.953 f  vision_i/rx/U0/LockLostReset/SyncAsyncx/oSyncStages_reg[1]/Q
                         net (fo=27, routed)          0.358     2.311    vision_i/rx/U0/DataDecoders[2].DecoderX/SyncBaseRst/oSyncStages_reg[1][0]
    SLICE_X104Y75        FDPE                                         f  vision_i/rx/U0/DataDecoders[2].DecoderX/SyncBaseRst/iIn_q_reg/PRE
  -------------------------------------------------------------------    -------------------

                         (clock PixelClk_int rise edge)
                                                      0.000     0.000 r  <hidden>
    N18                                               0.000     0.000 r  hdmi_in_clk_p
                         net (fo=0)                   0.000     0.000    vision_i/rx/U0/TMDS_ClockingX/TMDS_Clk_p
    N18                  IBUFDS (Prop_ibufds_I_O)     0.499     0.499 r  vision_i/rx/U0/TMDS_ClockingX/InputBuffer/O
                         net (fo=1, routed)           0.480     0.979    vision_i/rx/U0/TMDS_ClockingX/CLK_IN_hdmi_clk
    MMCME2_ADV_X1Y1      MMCME2_ADV (Prop_mmcme2_adv_CLKIN1_CLKOUT0)
                                                      0.054     1.033 r  vision_i/rx/U0/TMDS_ClockingX/DVI_ClkGenerator/CLKOUT0
                         net (fo=2, routed)           0.402     1.435    vision_i/rx/U0/TMDS_ClockingX/CLK_OUT_5x_hdmi_clk
    BUFR_X1Y5            BUFR (Prop_bufr_I_O)         0.431     1.866 r  vision_i/rx/U0/TMDS_ClockingX/PixelClkBuffer/O
                         net (fo=367, routed)         0.309     2.175    vision_i/rx/U0/DataDecoders[2].DecoderX/SyncBaseRst/CLK
    SLICE_X104Y75        FDPE                                         r  vision_i/rx/U0/DataDecoders[2].DecoderX/SyncBaseRst/iIn_q_reg/C





--------------------------------------------------------------------------------------
Path Group:  (none)
From Clock:  clk_fpga_0
  To Clock:  PixelClk_int

Max Delay             1 Endpoint
Min Delay            36 Endpoints
--------------------------------------------------------------------------------------


Max Delay Paths
--------------------------------------------------------------------------------------
Slack:                    inf
  Source:                 vision_i/pipe/inst/u_pipeline/u_vision/u_config/request_reg/C
                            (rising edge-triggered cell FDCE clocked by clk_fpga_0  {rise@0.000ns fall@5.000ns period=10.000ns})
  Destination:            vision_i/pipe/inst/u_pipeline/u_vision/u_config/req_meta_reg/D
                            (rising edge-triggered cell FDCE clocked by PixelClk_int  {rise@0.000ns fall@5.387ns period=13.468ns})
  Path Group:             (none)
  Path Type:              Setup (Max at Slow Process Corner)
  Data Path Delay:        0.861ns  (logic 0.518ns (60.190%)  route 0.343ns (39.810%))
  Logic Levels:           0  
  Clock Path Skew:        3.492ns (DCD - SCD + CPR)
    Destination Clock Delay (DCD):    6.436ns
    Source Clock Delay      (SCD):    2.944ns
    Clock Pessimism Removal (CPR):    0.000ns
  Clock Uncertainty:      0.291ns  ((TSJ^2 + TIJ^2 + DJ^2)^1/2) / 2 + PE
    Total System Jitter     (TSJ):    0.071ns
    Total Input Jitter      (TIJ):    0.300ns
    Discrete Jitter          (DJ):    0.126ns
    Phase Error              (PE):    0.125ns
  Timing Exception:       False Path

    Location             Delay type                Incr(ns)  Path(ns)    Netlist Resource(s)
  -------------------------------------------------------------------    -------------------
                         (clock clk_fpga_0 rise edge)
                                                      0.000     0.000 r  <hidden>
    PS7_X0Y0             PS7                          0.000     0.000 r  vision_i/ps7/inst/PS7_i/FCLKCLK[0]
                         net (fo=1, routed)           1.193     1.193    vision_i/ps7/inst/FCLK_CLK_unbuffered[0]
    BUFGCTRL_X0Y16       BUFG (Prop_bufg_I_O)         0.101     1.294 r  vision_i/ps7/inst/buffer_fclk_clk_0.FCLK_CLK_0_BUFG/O
                         net (fo=1051, routed)        1.650     2.944    vision_i/pipe/inst/u_pipeline/u_vision/u_config/s_axi_aclk
    SLICE_X42Y91         FDCE                                         r  vision_i/pipe/inst/u_pipeline/u_vision/u_config/request_reg/C
  -------------------------------------------------------------------    -------------------
    SLICE_X42Y91         FDCE (Prop_fdce_C_Q)         0.518     3.462 r  vision_i/pipe/inst/u_pipeline/u_vision/u_config/request_reg/Q
                         net (fo=7, routed)           0.343     3.805    vision_i/pipe/inst/u_pipeline/u_vision/u_config/request
    SLICE_X42Y90         FDCE                                         r  vision_i/pipe/inst/u_pipeline/u_vision/u_config/req_meta_reg/D
  -------------------------------------------------------------------    -------------------

                         (clock PixelClk_int rise edge)
                                                      0.000     0.000 r  <hidden>
    N18                                               0.000     0.000 r  hdmi_in_clk_p
                         net (fo=0)                   0.000     0.000    vision_i/rx/U0/TMDS_ClockingX/TMDS_Clk_p
    N18                  IBUFDS (Prop_ibufds_I_O)     0.887     0.887 r  vision_i/rx/U0/TMDS_ClockingX/InputBuffer/O
                         net (fo=1, routed)           1.162     2.049    vision_i/rx/U0/TMDS_ClockingX/CLK_IN_hdmi_clk
    MMCME2_ADV_X1Y1      MMCME2_ADV (Prop_mmcme2_adv_CLKIN1_CLKOUT0)
                                                      0.084     2.133 r  vision_i/rx/U0/TMDS_ClockingX/DVI_ClkGenerator/CLKOUT0
                         net (fo=2, routed)           0.960     3.093    vision_i/rx/U0/TMDS_ClockingX/CLK_OUT_5x_hdmi_clk
    BUFR_X1Y5            BUFR (Prop_bufr_I_O)         0.918     4.011 r  vision_i/rx/U0/TMDS_ClockingX/PixelClkBuffer/O
                         net (fo=367, routed)         0.858     4.869    vision_i/rx/U0/GenerateBUFG.ResyncToBUFG_X/InstBUFG_0
    BUFGCTRL_X0Y18       BUFG (Prop_bufg_I_O)         0.091     4.960 r  vision_i/rx/U0/GenerateBUFG.ResyncToBUFG_X/InstBUFG/O
                         net (fo=3334, routed)        1.477     6.436    vision_i/pipe/inst/u_pipeline/u_vision/u_config/pclk
    SLICE_X42Y90         FDCE                                         r  vision_i/pipe/inst/u_pipeline/u_vision/u_config/req_meta_reg/C





Min Delay Paths
--------------------------------------------------------------------------------------
Slack:                    inf
  Source:                 vision_i/pipe/inst/u_pipeline/u_vision/u_config/hold_data_reg[1]/C
                            (rising edge-triggered cell FDCE clocked by clk_fpga_0  {rise@0.000ns fall@5.000ns period=10.000ns})
  Destination:            vision_i/pipe/inst/u_pipeline/u_vision/u_config/dst_data_reg[1]/D
                            (rising edge-triggered cell FDCE clocked by PixelClk_int  {rise@0.000ns fall@5.387ns period=13.468ns})
  Path Group:             (none)
  Path Type:              Hold (Min at Fast Process Corner)
  Data Path Delay:        0.311ns  (logic 0.141ns (45.298%)  route 0.170ns (54.702%))
  Logic Levels:           0  
  Clock Path Skew:        2.159ns (DCD - SCD - CPR)
    Destination Clock Delay (DCD):    3.050ns
    Source Clock Delay      (SCD):    0.891ns
    Clock Pessimism Removal (CPR):    -0.000ns
  Clock Uncertainty:      0.291ns  ((TSJ^2 + TIJ^2 + DJ^2)^1/2) / 2 + PE
    Total System Jitter     (TSJ):    0.071ns
    Total Input Jitter      (TIJ):    0.300ns
    Discrete Jitter          (DJ):    0.126ns
    Phase Error              (PE):    0.125ns
  Timing Exception:       False Path

    Location             Delay type                Incr(ns)  Path(ns)    Netlist Resource(s)
  -------------------------------------------------------------------    -------------------
                         (clock clk_fpga_0 rise edge)
                                                      0.000     0.000 r  <hidden>
    PS7_X0Y0             PS7                          0.000     0.000 r  vision_i/ps7/inst/PS7_i/FCLKCLK[0]
                         net (fo=1, routed)           0.310     0.310    vision_i/ps7/inst/FCLK_CLK_unbuffered[0]
    BUFGCTRL_X0Y16       BUFG (Prop_bufg_I_O)         0.026     0.336 r  vision_i/ps7/inst/buffer_fclk_clk_0.FCLK_CLK_0_BUFG/O
                         net (fo=1051, routed)        0.555     0.891    vision_i/pipe/inst/u_pipeline/u_vision/u_config/s_axi_aclk
    SLICE_X45Y90         FDCE                                         r  vision_i/pipe/inst/u_pipeline/u_vision/u_config/hold_data_reg[1]/C
  -------------------------------------------------------------------    -------------------
    SLICE_X45Y90         FDCE (Prop_fdce_C_Q)         0.141     1.032 r  vision_i/pipe/inst/u_pipeline/u_vision/u_config/hold_data_reg[1]/Q
                         net (fo=1, routed)           0.170     1.202    vision_i/pipe/inst/u_pipeline/u_vision/u_config/hold_data[1]
    SLICE_X44Y90         FDCE                                         r  vision_i/pipe/inst/u_pipeline/u_vision/u_config/dst_data_reg[1]/D
  -------------------------------------------------------------------    -------------------

                         (clock PixelClk_int rise edge)
                                                      0.000     0.000 r  <hidden>
    N18                                               0.000     0.000 r  hdmi_in_clk_p
                         net (fo=0)                   0.000     0.000    vision_i/rx/U0/TMDS_ClockingX/TMDS_Clk_p
    N18                  IBUFDS (Prop_ibufds_I_O)     0.499     0.499 r  vision_i/rx/U0/TMDS_ClockingX/InputBuffer/O
                         net (fo=1, routed)           0.480     0.979    vision_i/rx/U0/TMDS_ClockingX/CLK_IN_hdmi_clk
    MMCME2_ADV_X1Y1      MMCME2_ADV (Prop_mmcme2_adv_CLKIN1_CLKOUT0)
                                                      0.054     1.033 r  vision_i/rx/U0/TMDS_ClockingX/DVI_ClkGenerator/CLKOUT0
                         net (fo=2, routed)           0.402     1.435    vision_i/rx/U0/TMDS_ClockingX/CLK_OUT_5x_hdmi_clk
    BUFR_X1Y5            BUFR (Prop_bufr_I_O)         0.431     1.866 r  vision_i/rx/U0/TMDS_ClockingX/PixelClkBuffer/O
                         net (fo=367, routed)         0.332     2.198    vision_i/rx/U0/GenerateBUFG.ResyncToBUFG_X/InstBUFG_0
    BUFGCTRL_X0Y18       BUFG (Prop_bufg_I_O)         0.029     2.227 r  vision_i/rx/U0/GenerateBUFG.ResyncToBUFG_X/InstBUFG/O
                         net (fo=3334, routed)        0.823     3.050    vision_i/pipe/inst/u_pipeline/u_vision/u_config/pclk
    SLICE_X44Y90         FDCE                                         r  vision_i/pipe/inst/u_pipeline/u_vision/u_config/dst_data_reg[1]/C





--------------------------------------------------------------------------------------
Path Group:  (none)
From Clock:  clk_fpga_2
  To Clock:  PixelClk_int

Max Delay             7 Endpoints
Min Delay             7 Endpoints
--------------------------------------------------------------------------------------


Max Delay Paths
--------------------------------------------------------------------------------------
Slack:                    inf
  Source:                 vision_i/rx/U0/TMDS_ClockingX/aLocked_reg/C
                            (rising edge-triggered cell FDCE clocked by clk_fpga_2  {rise@0.000ns fall@2.500ns period=5.000ns})
  Destination:            vision_i/rx/U0/LockedSync/SyncAsyncx/oSyncStages_reg[0]/CLR
                            (recovery check against rising-edge clock PixelClk_int  {rise@0.000ns fall@5.387ns period=13.468ns})
  Path Group:             (none)
  Path Type:              Recovery (Max at Slow Process Corner)
  Data Path Delay:        1.726ns  (logic 0.580ns (33.610%)  route 1.146ns (66.390%))
  Logic Levels:           1  (LUT1=1)
  Clock Path Skew:        1.622ns (DCD - SCD + CPR)
    Destination Clock Delay (DCD):    4.762ns
    Source Clock Delay      (SCD):    3.140ns
    Clock Pessimism Removal (CPR):    0.000ns
  Clock Uncertainty:      0.229ns  ((TSJ^2 + TIJ^2 + DJ^2)^1/2) / 2 + PE
    Total System Jitter     (TSJ):    0.071ns
    Total Input Jitter      (TIJ):    0.150ns
    Discrete Jitter          (DJ):    0.126ns
    Phase Error              (PE):    0.125ns
  Timing Exception:       False Path

    Location             Delay type                Incr(ns)  Path(ns)    Netlist Resource(s)
  -------------------------------------------------------------------    -------------------
                         (clock clk_fpga_2 rise edge)
                                                      0.000     0.000 r  <hidden>
    PS7_X0Y0             PS7                          0.000     0.000 r  vision_i/ps7/inst/PS7_i/FCLKCLK[2]
                         net (fo=1, routed)           1.193     1.193    vision_i/ps7/inst/FCLK_CLK_unbuffered[2]
    BUFGCTRL_X0Y17       BUFG (Prop_bufg_I_O)         0.101     1.294 r  vision_i/ps7/inst/buffer_fclk_clk_2.FCLK_CLK_2_BUFG/O
                         net (fo=158, routed)         1.846     3.140    vision_i/rx/U0/TMDS_ClockingX/RefClk
    SLICE_X106Y77        FDCE                                         r  vision_i/rx/U0/TMDS_ClockingX/aLocked_reg/C
  -------------------------------------------------------------------    -------------------
    SLICE_X106Y77        FDCE (Prop_fdce_C_Q)         0.456     3.596 r  vision_i/rx/U0/TMDS_ClockingX/aLocked_reg/Q
                         net (fo=1, routed)           0.510     4.106    vision_i/rx/U0/TMDS_ClockingX/aPixelClkLckd
    SLICE_X106Y77        LUT1 (Prop_lut1_I0_O)        0.124     4.230 f  vision_i/rx/U0/TMDS_ClockingX/aRst_int_inferred_i_1__0/O
                         net (fo=4, routed)           0.636     4.866    vision_i/rx/U0/LockedSync/SyncAsyncx/AR[0]
    SLICE_X106Y79        FDCE                                         f  vision_i/rx/U0/LockedSync/SyncAsyncx/oSyncStages_reg[0]/CLR
  -------------------------------------------------------------------    -------------------

                         (clock PixelClk_int rise edge)
                                                      0.000     0.000 r  <hidden>
    N18                                               0.000     0.000 r  hdmi_in_clk_p
                         net (fo=0)                   0.000     0.000    vision_i/rx/U0/TMDS_ClockingX/TMDS_Clk_p
    N18                  IBUFDS (Prop_ibufds_I_O)     0.887     0.887 r  vision_i/rx/U0/TMDS_ClockingX/InputBuffer/O
                         net (fo=1, routed)           1.162     2.049    vision_i/rx/U0/TMDS_ClockingX/CLK_IN_hdmi_clk
    MMCME2_ADV_X1Y1      MMCME2_ADV (Prop_mmcme2_adv_CLKIN1_CLKOUT0)
                                                      0.084     2.133 r  vision_i/rx/U0/TMDS_ClockingX/DVI_ClkGenerator/CLKOUT0
                         net (fo=2, routed)           0.960     3.093    vision_i/rx/U0/TMDS_ClockingX/CLK_OUT_5x_hdmi_clk
    BUFR_X1Y5            BUFR (Prop_bufr_I_O)         0.918     4.011 r  vision_i/rx/U0/TMDS_ClockingX/PixelClkBuffer/O
                         net (fo=367, routed)         0.751     4.762    vision_i/rx/U0/LockedSync/SyncAsyncx/oSyncStages_reg[1]_0
    SLICE_X106Y79        FDCE                                         r  vision_i/rx/U0/LockedSync/SyncAsyncx/oSyncStages_reg[0]/C





Min Delay Paths
--------------------------------------------------------------------------------------
Slack:                    inf
  Source:                 vision_i/rx/U0/DataDecoders[1].DecoderX/SyncBaseOvf/iIn_q_reg/C
                            (rising edge-triggered cell FDCE clocked by clk_fpga_2  {rise@0.000ns fall@2.500ns period=5.000ns})
  Destination:            vision_i/rx/U0/DataDecoders[1].DecoderX/SyncBaseOvf/SyncAsyncx/oSyncStages_reg[0]/D
                            (rising edge-triggered cell FDCE clocked by PixelClk_int  {rise@0.000ns fall@5.387ns period=13.468ns})
  Path Group:             (none)
  Path Type:              Hold (Min at Fast Process Corner)
  Data Path Delay:        0.257ns  (logic 0.141ns (54.783%)  route 0.116ns (45.217%))
  Logic Levels:           0  
  Clock Path Skew:        1.245ns (DCD - SCD - CPR)
    Destination Clock Delay (DCD):    2.181ns
    Source Clock Delay      (SCD):    0.936ns
    Clock Pessimism Removal (CPR):    -0.000ns
  Clock Uncertainty:      0.229ns  ((TSJ^2 + TIJ^2 + DJ^2)^1/2) / 2 + PE
    Total System Jitter     (TSJ):    0.071ns
    Total Input Jitter      (TIJ):    0.150ns
    Discrete Jitter          (DJ):    0.126ns
    Phase Error              (PE):    0.125ns
  Timing Exception:       False Path

    Location             Delay type                Incr(ns)  Path(ns)    Netlist Resource(s)
  -------------------------------------------------------------------    -------------------
                         (clock clk_fpga_2 rise edge)
                                                      0.000     0.000 r  <hidden>
    PS7_X0Y0             PS7                          0.000     0.000 r  vision_i/ps7/inst/PS7_i/FCLKCLK[2]
                         net (fo=1, routed)           0.310     0.310    vision_i/ps7/inst/FCLK_CLK_unbuffered[2]
    BUFGCTRL_X0Y17       BUFG (Prop_bufg_I_O)         0.026     0.336 r  vision_i/ps7/inst/buffer_fclk_clk_2.FCLK_CLK_2_BUFG/O
                         net (fo=158, routed)         0.600     0.936    vision_i/rx/U0/DataDecoders[1].DecoderX/SyncBaseOvf/RefClk
    SLICE_X105Y69        FDCE                                         r  vision_i/rx/U0/DataDecoders[1].DecoderX/SyncBaseOvf/iIn_q_reg/C
  -------------------------------------------------------------------    -------------------
    SLICE_X105Y69        FDCE (Prop_fdce_C_Q)         0.141     1.077 r  vision_i/rx/U0/DataDecoders[1].DecoderX/SyncBaseOvf/iIn_q_reg/Q
                         net (fo=1, routed)           0.116     1.193    vision_i/rx/U0/DataDecoders[1].DecoderX/SyncBaseOvf/SyncAsyncx/D[0]
    SLICE_X104Y69        FDCE                                         r  vision_i/rx/U0/DataDecoders[1].DecoderX/SyncBaseOvf/SyncAsyncx/oSyncStages_reg[0]/D
  -------------------------------------------------------------------    -------------------

                         (clock PixelClk_int rise edge)
                                                      0.000     0.000 r  <hidden>
    N18                                               0.000     0.000 r  hdmi_in_clk_p
                         net (fo=0)                   0.000     0.000    vision_i/rx/U0/TMDS_ClockingX/TMDS_Clk_p
    N18                  IBUFDS (Prop_ibufds_I_O)     0.499     0.499 r  vision_i/rx/U0/TMDS_ClockingX/InputBuffer/O
                         net (fo=1, routed)           0.480     0.979    vision_i/rx/U0/TMDS_ClockingX/CLK_IN_hdmi_clk
    MMCME2_ADV_X1Y1      MMCME2_ADV (Prop_mmcme2_adv_CLKIN1_CLKOUT0)
                                                      0.054     1.033 r  vision_i/rx/U0/TMDS_ClockingX/DVI_ClkGenerator/CLKOUT0
                         net (fo=2, routed)           0.402     1.435    vision_i/rx/U0/TMDS_ClockingX/CLK_OUT_5x_hdmi_clk
    BUFR_X1Y5            BUFR (Prop_bufr_I_O)         0.431     1.866 r  vision_i/rx/U0/TMDS_ClockingX/PixelClkBuffer/O
                         net (fo=367, routed)         0.315     2.181    vision_i/rx/U0/DataDecoders[1].DecoderX/SyncBaseOvf/SyncAsyncx/CLK
    SLICE_X104Y69        FDCE                                         r  vision_i/rx/U0/DataDecoders[1].DecoderX/SyncBaseOvf/SyncAsyncx/oSyncStages_reg[0]/C





--------------------------------------------------------------------------------------
Path Group:  (none)
From Clock:  dbg_hub/inst/BSCANID.u_xsdbm_id/SWITCH_N_EXT_BSCAN.bscan_inst/SERIES7_BSCAN.bscan_inst/TCK
  To Clock:  PixelClk_int

Max Delay            78 Endpoints
Min Delay            86 Endpoints
--------------------------------------------------------------------------------------


Max Delay Paths
--------------------------------------------------------------------------------------
Slack:                    inf
  Source:                 dbg_hub/inst/BSCANID.u_xsdbm_id/CORE_XSDB.UUT_MASTER/U_ICON_INTERFACE/U_CMD6_WR/U_WR_FIFO/SUBCORE_FIFO.xsdbm_v3_0_6_wrfifo_inst/inst_fifo_gen/gconvfifo.rf/grf.rf/gntv_or_sync_fifo.mem/gdm.dm_gen.dm/RAM_reg_0_15_6_11/RAMC/CLK
                            (rising edge-triggered cell RAMD32 clocked by dbg_hub/inst/BSCANID.u_xsdbm_id/SWITCH_N_EXT_BSCAN.bscan_inst/SERIES7_BSCAN.bscan_inst/TCK  {rise@0.000ns fall@16.500ns period=33.000ns})
  Destination:            dbg_hub/inst/BSCANID.u_xsdbm_id/CORE_XSDB.UUT_MASTER/U_ICON_INTERFACE/U_CMD6_WR/U_WR_FIFO/SUBCORE_FIFO.xsdbm_v3_0_6_wrfifo_inst/inst_fifo_gen/gconvfifo.rf/grf.rf/gntv_or_sync_fifo.mem/gdm.dm_gen.dm/gpr1.dout_i_reg[10]/D
                            (rising edge-triggered cell FDRE clocked by PixelClk_int  {rise@0.000ns fall@5.387ns period=13.468ns})
  Path Group:             (none)
  Path Type:              Setup (Max at Slow Process Corner)
  Data Path Delay:        2.121ns  (logic 1.336ns (63.004%)  route 0.785ns (36.996%))
  Logic Levels:           0  
  Clock Path Skew:        2.358ns (DCD - SCD + CPR)
    Destination Clock Delay (DCD):    6.669ns
    Source Clock Delay      (SCD):    4.311ns
    Clock Pessimism Removal (CPR):    0.000ns
  Clock Uncertainty:      0.197ns  ((TSJ^2 + DJ^2)^1/2) / 2 + PE
    Total System Jitter     (TSJ):    0.071ns
    Discrete Jitter          (DJ):    0.126ns
    Phase Error              (PE):    0.125ns
  Timing Exception:       False Path

    Location             Delay type                Incr(ns)  Path(ns)    Netlist Resource(s)
  -------------------------------------------------------------------    -------------------
                         (clock dbg_hub/inst/BSCANID.u_xsdbm_id/SWITCH_N_EXT_BSCAN.bscan_inst/SERIES7_BSCAN.bscan_inst/TCK rise edge)
                                                      0.000     0.000 r  <hidden>
    BSCAN_X0Y0           BSCANE2                      0.000     0.000 r  dbg_hub/inst/BSCANID.u_xsdbm_id/SWITCH_N_EXT_BSCAN.bscan_inst/SERIES7_BSCAN.bscan_inst/TCK
                         net (fo=1, routed)           2.306     2.306    dbg_hub/inst/BSCANID.u_xsdbm_id/tck_bs
    BUFGCTRL_X0Y0        BUFG (Prop_bufg_I_O)         0.101     2.407 r  dbg_hub/inst/BSCANID.u_xsdbm_id/SWITCH_N_EXT_BSCAN.u_bufg_icon_tck/O
                         net (fo=482, routed)         1.904     4.311    dbg_hub/inst/BSCANID.u_xsdbm_id/CORE_XSDB.UUT_MASTER/U_ICON_INTERFACE/U_CMD6_WR/U_WR_FIFO/SUBCORE_FIFO.xsdbm_v3_0_6_wrfifo_inst/inst_fifo_gen/gconvfifo.rf/grf.rf/gntv_or_sync_fifo.mem/gdm.dm_gen.dm/RAM_reg_0_15_6_11/WCLK
    SLICE_X54Y110        RAMD32                                       r  dbg_hub/inst/BSCANID.u_xsdbm_id/CORE_XSDB.UUT_MASTER/U_ICON_INTERFACE/U_CMD6_WR/U_WR_FIFO/SUBCORE_FIFO.xsdbm_v3_0_6_wrfifo_inst/inst_fifo_gen/gconvfifo.rf/grf.rf/gntv_or_sync_fifo.mem/gdm.dm_gen.dm/RAM_reg_0_15_6_11/RAMC/CLK
  -------------------------------------------------------------------    -------------------
    SLICE_X54Y110        RAMD32 (Prop_ramd32_CLK_O)
                                                      1.336     5.647 r  dbg_hub/inst/BSCANID.u_xsdbm_id/CORE_XSDB.UUT_MASTER/U_ICON_INTERFACE/U_CMD6_WR/U_WR_FIFO/SUBCORE_FIFO.xsdbm_v3_0_6_wrfifo_inst/inst_fifo_gen/gconvfifo.rf/grf.rf/gntv_or_sync_fifo.mem/gdm.dm_gen.dm/RAM_reg_0_15_6_11/RAMC/O
                         net (fo=1, routed)           0.785     6.431    dbg_hub/inst/BSCANID.u_xsdbm_id/CORE_XSDB.UUT_MASTER/U_ICON_INTERFACE/U_CMD6_WR/U_WR_FIFO/SUBCORE_FIFO.xsdbm_v3_0_6_wrfifo_inst/inst_fifo_gen/gconvfifo.rf/grf.rf/gntv_or_sync_fifo.mem/gdm.dm_gen.dm/dout_i0[10]
    SLICE_X56Y109        FDRE                                         r  dbg_hub/inst/BSCANID.u_xsdbm_id/CORE_XSDB.UUT_MASTER/U_ICON_INTERFACE/U_CMD6_WR/U_WR_FIFO/SUBCORE_FIFO.xsdbm_v3_0_6_wrfifo_inst/inst_fifo_gen/gconvfifo.rf/grf.rf/gntv_or_sync_fifo.mem/gdm.dm_gen.dm/gpr1.dout_i_reg[10]/D
  -------------------------------------------------------------------    -------------------

                         (clock PixelClk_int rise edge)
                                                      0.000     0.000 r  <hidden>
    N18                                               0.000     0.000 r  hdmi_in_clk_p
                         net (fo=0)                   0.000     0.000    vision_i/rx/U0/TMDS_ClockingX/TMDS_Clk_p
    N18                  IBUFDS (Prop_ibufds_I_O)     0.887     0.887 r  vision_i/rx/U0/TMDS_ClockingX/InputBuffer/O
                         net (fo=1, routed)           1.162     2.049    vision_i/rx/U0/TMDS_ClockingX/CLK_IN_hdmi_clk
    MMCME2_ADV_X1Y1      MMCME2_ADV (Prop_mmcme2_adv_CLKIN1_CLKOUT0)
                                                      0.084     2.133 r  vision_i/rx/U0/TMDS_ClockingX/DVI_ClkGenerator/CLKOUT0
                         net (fo=2, routed)           0.960     3.093    vision_i/rx/U0/TMDS_ClockingX/CLK_OUT_5x_hdmi_clk
    BUFR_X1Y5            BUFR (Prop_bufr_I_O)         0.918     4.011 r  vision_i/rx/U0/TMDS_ClockingX/PixelClkBuffer/O
                         net (fo=367, routed)         0.858     4.869    vision_i/rx/U0/GenerateBUFG.ResyncToBUFG_X/InstBUFG_0
    BUFGCTRL_X0Y18       BUFG (Prop_bufg_I_O)         0.091     4.960 r  vision_i/rx/U0/GenerateBUFG.ResyncToBUFG_X/InstBUFG/O
                         net (fo=3334, routed)        1.709     6.669    dbg_hub/inst/BSCANID.u_xsdbm_id/CORE_XSDB.UUT_MASTER/U_ICON_INTERFACE/U_CMD6_WR/U_WR_FIFO/SUBCORE_FIFO.xsdbm_v3_0_6_wrfifo_inst/inst_fifo_gen/gconvfifo.rf/grf.rf/gntv_or_sync_fifo.mem/gdm.dm_gen.dm/rd_clk
    SLICE_X56Y109        FDRE                                         r  dbg_hub/inst/BSCANID.u_xsdbm_id/CORE_XSDB.UUT_MASTER/U_ICON_INTERFACE/U_CMD6_WR/U_WR_FIFO/SUBCORE_FIFO.xsdbm_v3_0_6_wrfifo_inst/inst_fifo_gen/gconvfifo.rf/grf.rf/gntv_or_sync_fifo.mem/gdm.dm_gen.dm/gpr1.dout_i_reg[10]/C





Min Delay Paths
--------------------------------------------------------------------------------------
Slack:                    inf
  Source:                 dbg_hub/inst/BSCANID.u_xsdbm_id/CORE_XSDB.UUT_MASTER/U_ICON_INTERFACE/U_CMD4/shift_reg_in_reg[8]/C
                            (rising edge-triggered cell FDRE clocked by dbg_hub/inst/BSCANID.u_xsdbm_id/SWITCH_N_EXT_BSCAN.bscan_inst/SERIES7_BSCAN.bscan_inst/TCK  {rise@0.000ns fall@16.500ns period=33.000ns})
  Destination:            dbg_hub/inst/BSCANID.u_xsdbm_id/CORE_XSDB.UUT_MASTER/U_ICON_INTERFACE/U_CMD4/ctl_reg_reg[8]/D
                            (rising edge-triggered cell FDRE clocked by PixelClk_int  {rise@0.000ns fall@5.387ns period=13.468ns})
  Path Group:             (none)
  Path Type:              Hold (Min at Fast Process Corner)
  Data Path Delay:        0.247ns  (logic 0.128ns (51.906%)  route 0.119ns (48.094%))
  Logic Levels:           0  
  Clock Path Skew:        1.443ns (DCD - SCD - CPR)
    Destination Clock Delay (DCD):    3.156ns
    Source Clock Delay      (SCD):    1.713ns
    Clock Pessimism Removal (CPR):    -0.000ns
  Clock Uncertainty:      0.197ns  ((TSJ^2 + DJ^2)^1/2) / 2 + PE
    Total System Jitter     (TSJ):    0.071ns
    Discrete Jitter          (DJ):    0.126ns
    Phase Error              (PE):    0.125ns
  Timing Exception:       False Path

    Location             Delay type                Incr(ns)  Path(ns)    Netlist Resource(s)
  -------------------------------------------------------------------    -------------------
                         (clock dbg_hub/inst/BSCANID.u_xsdbm_id/SWITCH_N_EXT_BSCAN.bscan_inst/SERIES7_BSCAN.bscan_inst/TCK rise edge)
                                                      0.000     0.000 r  <hidden>
    BSCAN_X0Y0           BSCANE2                      0.000     0.000 r  dbg_hub/inst/BSCANID.u_xsdbm_id/SWITCH_N_EXT_BSCAN.bscan_inst/SERIES7_BSCAN.bscan_inst/TCK
                         net (fo=1, routed)           1.028     1.028    dbg_hub/inst/BSCANID.u_xsdbm_id/tck_bs
    BUFGCTRL_X0Y0        BUFG (Prop_bufg_I_O)         0.026     1.054 r  dbg_hub/inst/BSCANID.u_xsdbm_id/SWITCH_N_EXT_BSCAN.u_bufg_icon_tck/O
                         net (fo=482, routed)         0.659     1.713    dbg_hub/inst/BSCANID.u_xsdbm_id/CORE_XSDB.UUT_MASTER/U_ICON_INTERFACE/U_CMD4/m_bscan_tck[0]
    SLICE_X61Y114        FDRE                                         r  dbg_hub/inst/BSCANID.u_xsdbm_id/CORE_XSDB.UUT_MASTER/U_ICON_INTERFACE/U_CMD4/shift_reg_in_reg[8]/C
  -------------------------------------------------------------------    -------------------
    SLICE_X61Y114        FDRE (Prop_fdre_C_Q)         0.128     1.841 r  dbg_hub/inst/BSCANID.u_xsdbm_id/CORE_XSDB.UUT_MASTER/U_ICON_INTERFACE/U_CMD4/shift_reg_in_reg[8]/Q
                         net (fo=2, routed)           0.119     1.960    dbg_hub/inst/BSCANID.u_xsdbm_id/CORE_XSDB.UUT_MASTER/U_ICON_INTERFACE/U_CMD4/shift_reg_in[8]
    SLICE_X63Y114        FDRE                                         r  dbg_hub/inst/BSCANID.u_xsdbm_id/CORE_XSDB.UUT_MASTER/U_ICON_INTERFACE/U_CMD4/ctl_reg_reg[8]/D
  -------------------------------------------------------------------    -------------------

                         (clock PixelClk_int rise edge)
                                                      0.000     0.000 r  <hidden>
    N18                                               0.000     0.000 r  hdmi_in_clk_p
                         net (fo=0)                   0.000     0.000    vision_i/rx/U0/TMDS_ClockingX/TMDS_Clk_p
    N18                  IBUFDS (Prop_ibufds_I_O)     0.499     0.499 r  vision_i/rx/U0/TMDS_ClockingX/InputBuffer/O
                         net (fo=1, routed)           0.480     0.979    vision_i/rx/U0/TMDS_ClockingX/CLK_IN_hdmi_clk
    MMCME2_ADV_X1Y1      MMCME2_ADV (Prop_mmcme2_adv_CLKIN1_CLKOUT0)
                                                      0.054     1.033 r  vision_i/rx/U0/TMDS_ClockingX/DVI_ClkGenerator/CLKOUT0
                         net (fo=2, routed)           0.402     1.435    vision_i/rx/U0/TMDS_ClockingX/CLK_OUT_5x_hdmi_clk
    BUFR_X1Y5            BUFR (Prop_bufr_I_O)         0.431     1.866 r  vision_i/rx/U0/TMDS_ClockingX/PixelClkBuffer/O
                         net (fo=367, routed)         0.332     2.198    vision_i/rx/U0/GenerateBUFG.ResyncToBUFG_X/InstBUFG_0
    BUFGCTRL_X0Y18       BUFG (Prop_bufg_I_O)         0.029     2.227 r  vision_i/rx/U0/GenerateBUFG.ResyncToBUFG_X/InstBUFG/O
                         net (fo=3334, routed)        0.929     3.156    dbg_hub/inst/BSCANID.u_xsdbm_id/CORE_XSDB.UUT_MASTER/U_ICON_INTERFACE/U_CMD4/clk
    SLICE_X63Y114        FDRE                                         r  dbg_hub/inst/BSCANID.u_xsdbm_id/CORE_XSDB.UUT_MASTER/U_ICON_INTERFACE/U_CMD4/ctl_reg_reg[8]/C





--------------------------------------------------------------------------------------
Path Group:  (none)
From Clock:  
  To Clock:  clk_fpga_0

Max Delay             4 Endpoints
Min Delay             4 Endpoints
--------------------------------------------------------------------------------------


Max Delay Paths
--------------------------------------------------------------------------------------
Slack:                    inf
  Source:                 vision_i/ps7/inst/PS7_i/FCLKRESETN[0]
                            (internal pin)
  Destination:            vision_i/pipe/inst/u_pipeline/u_vision/u_axi_reset/release_pipe_reg[0]/CLR
                            (recovery check against rising-edge clock clk_fpga_0  {rise@0.000ns fall@5.000ns period=10.000ns})
  Path Group:             (none)
  Path Type:              Recovery (Max at Slow Process Corner)
  Data Path Delay:        2.963ns  (logic 0.124ns (4.185%)  route 2.839ns (95.815%))
  Logic Levels:           1  (LUT1=1)
  Clock Uncertainty:      0.152ns  ((TSJ^2 + TIJ^2)^1/2 + DJ) / 2 + PE
    Total System Jitter     (TSJ):    0.050ns
    Total Input Jitter      (TIJ):    0.300ns
    Discrete Jitter          (DJ):    0.000ns
    Phase Error              (PE):    0.000ns
  Timing Exception:       False Path

    Location             Delay type                Incr(ns)  Path(ns)    Netlist Resource(s)
  -------------------------------------------------------------------    -------------------
    PS7_X0Y0             PS7                          0.000     0.000 r  vision_i/ps7/inst/PS7_i/FCLKRESETN[0]
                         net (fo=6, routed)           2.199     2.199    vision_i/pipe/inst/u_pipeline/s_axi_aresetn
    SLICE_X48Y94         LUT1 (Prop_lut1_I0_O)        0.124     2.323 f  vision_i/pipe/inst/u_pipeline/release_pipe[1]_i_1/O
                         net (fo=6, routed)           0.639     2.963    vision_i/pipe/inst/u_pipeline/u_vision/u_axi_reset/release_pipe_reg[0]_0
    SLICE_X47Y96         FDCE                                         f  vision_i/pipe/inst/u_pipeline/u_vision/u_axi_reset/release_pipe_reg[0]/CLR
  -------------------------------------------------------------------    -------------------

                         (clock clk_fpga_0 rise edge)
                                                      0.000     0.000 r  <hidden>
    PS7_X0Y0             PS7                          0.000     0.000 r  vision_i/ps7/inst/PS7_i/FCLKCLK[0]
                         net (fo=1, routed)           1.088     1.088    vision_i/ps7/inst/FCLK_CLK_unbuffered[0]
    BUFGCTRL_X0Y16       BUFG (Prop_bufg_I_O)         0.091     1.179 r  vision_i/ps7/inst/buffer_fclk_clk_0.FCLK_CLK_0_BUFG/O
                         net (fo=1051, routed)        1.478     2.657    vision_i/pipe/inst/u_pipeline/u_vision/u_axi_reset/s_axi_aclk
    SLICE_X47Y96         FDCE                                         r  vision_i/pipe/inst/u_pipeline/u_vision/u_axi_reset/release_pipe_reg[0]/C





Min Delay Paths
--------------------------------------------------------------------------------------
Slack:                    inf
  Source:                 vision_i/ps7/inst/PS7_i/FCLKRESETN[0]
                            (internal pin)
  Destination:            vision_i/pipe/inst/u_pipeline/u_vision/u_axi_reset/release_pipe_reg[0]/CLR
                            (removal check against rising-edge clock clk_fpga_0  {rise@0.000ns fall@5.000ns period=10.000ns})
  Path Group:             (none)
  Path Type:              Removal (Min at Fast Process Corner)
  Data Path Delay:        1.188ns  (logic 0.045ns (3.789%)  route 1.143ns (96.211%))
  Logic Levels:           1  (LUT1=1)
  Clock Uncertainty:      0.152ns  ((TSJ^2 + TIJ^2)^1/2 + DJ) / 2 + PE
    Total System Jitter     (TSJ):    0.050ns
    Total Input Jitter      (TIJ):    0.300ns
    Discrete Jitter          (DJ):    0.000ns
    Phase Error              (PE):    0.000ns
  Timing Exception:       False Path

    Location             Delay type                Incr(ns)  Path(ns)    Netlist Resource(s)
  -------------------------------------------------------------------    -------------------
    PS7_X0Y0             PS7                          0.000     0.000 r  vision_i/ps7/inst/PS7_i/FCLKRESETN[0]
                         net (fo=6, routed)           0.903     0.903    vision_i/pipe/inst/u_pipeline/s_axi_aresetn
    SLICE_X48Y94         LUT1 (Prop_lut1_I0_O)        0.045     0.948 f  vision_i/pipe/inst/u_pipeline/release_pipe[1]_i_1/O
                         net (fo=6, routed)           0.239     1.188    vision_i/pipe/inst/u_pipeline/u_vision/u_axi_reset/release_pipe_reg[0]_0
    SLICE_X47Y96         FDCE                                         f  vision_i/pipe/inst/u_pipeline/u_vision/u_axi_reset/release_pipe_reg[0]/CLR
  -------------------------------------------------------------------    -------------------

                         (clock clk_fpga_0 rise edge)
                                                      0.000     0.000 r  <hidden>
    PS7_X0Y0             PS7                          0.000     0.000 r  vision_i/ps7/inst/PS7_i/FCLKCLK[0]
                         net (fo=1, routed)           0.337     0.337    vision_i/ps7/inst/FCLK_CLK_unbuffered[0]
    BUFGCTRL_X0Y16       BUFG (Prop_bufg_I_O)         0.029     0.366 r  vision_i/ps7/inst/buffer_fclk_clk_0.FCLK_CLK_0_BUFG/O
                         net (fo=1051, routed)        0.824     1.190    vision_i/pipe/inst/u_pipeline/u_vision/u_axi_reset/s_axi_aclk
    SLICE_X47Y96         FDCE                                         r  vision_i/pipe/inst/u_pipeline/u_vision/u_axi_reset/release_pipe_reg[0]/C





--------------------------------------------------------------------------------------
Path Group:  (none)
From Clock:  PixelClk_int
  To Clock:  clk_fpga_0

Max Delay             1 Endpoint
Min Delay             1 Endpoint
--------------------------------------------------------------------------------------


Max Delay Paths
--------------------------------------------------------------------------------------
Slack:                    inf
  Source:                 vision_i/pipe/inst/u_pipeline/u_vision/u_config/acknowledge_reg/C
                            (rising edge-triggered cell FDCE clocked by PixelClk_int  {rise@0.000ns fall@5.387ns period=13.468ns})
  Destination:            vision_i/pipe/inst/u_pipeline/u_vision/u_config/ack_meta_reg/D
                            (rising edge-triggered cell FDCE clocked by clk_fpga_0  {rise@0.000ns fall@5.000ns period=10.000ns})
  Path Group:             (none)
  Path Type:              Setup (Max at Slow Process Corner)
  Data Path Delay:        0.915ns  (logic 0.456ns (49.824%)  route 0.459ns (50.176%))
  Logic Levels:           0  
  Clock Path Skew:        -4.437ns (DCD - SCD + CPR)
    Destination Clock Delay (DCD):    2.656ns
    Source Clock Delay      (SCD):    7.093ns
    Clock Pessimism Removal (CPR):    0.000ns
  Clock Uncertainty:      0.291ns  ((TSJ^2 + TIJ^2 + DJ^2)^1/2) / 2 + PE
    Total System Jitter     (TSJ):    0.071ns
    Total Input Jitter      (TIJ):    0.300ns
    Discrete Jitter          (DJ):    0.126ns
    Phase Error              (PE):    0.125ns
  Timing Exception:       False Path

    Location             Delay type                Incr(ns)  Path(ns)    Netlist Resource(s)
  -------------------------------------------------------------------    -------------------
                         (clock PixelClk_int rise edge)
                                                      0.000     0.000 r  <hidden>
    N18                                               0.000     0.000 r  hdmi_in_clk_p
                         net (fo=0)                   0.000     0.000    vision_i/rx/U0/TMDS_ClockingX/TMDS_Clk_p
    N18                  IBUFDS (Prop_ibufds_I_O)     0.930     0.930 r  vision_i/rx/U0/TMDS_ClockingX/InputBuffer/O
                         net (fo=1, routed)           1.285     2.215    vision_i/rx/U0/TMDS_ClockingX/CLK_IN_hdmi_clk
    MMCME2_ADV_X1Y1      MMCME2_ADV (Prop_mmcme2_adv_CLKIN1_CLKOUT0)
                                                      0.089     2.304 r  vision_i/rx/U0/TMDS_ClockingX/DVI_ClkGenerator/CLKOUT0
                         net (fo=2, routed)           1.063     3.367    vision_i/rx/U0/TMDS_ClockingX/CLK_OUT_5x_hdmi_clk
    BUFR_X1Y5            BUFR (Prop_bufr_I_O)         1.031     4.398 r  vision_i/rx/U0/TMDS_ClockingX/PixelClkBuffer/O
                         net (fo=367, routed)         0.945     5.343    vision_i/rx/U0/GenerateBUFG.ResyncToBUFG_X/InstBUFG_0
    BUFGCTRL_X0Y18       BUFG (Prop_bufg_I_O)         0.101     5.444 r  vision_i/rx/U0/GenerateBUFG.ResyncToBUFG_X/InstBUFG/O
                         net (fo=3334, routed)        1.649     7.093    vision_i/pipe/inst/u_pipeline/u_vision/u_config/pclk
    SLICE_X44Y90         FDCE                                         r  vision_i/pipe/inst/u_pipeline/u_vision/u_config/acknowledge_reg/C
  -------------------------------------------------------------------    -------------------
    SLICE_X44Y90         FDCE (Prop_fdce_C_Q)         0.456     7.549 r  vision_i/pipe/inst/u_pipeline/u_vision/u_config/acknowledge_reg/Q
                         net (fo=2, routed)           0.459     8.008    vision_i/pipe/inst/u_pipeline/u_vision/u_config/acknowledge
    SLICE_X43Y90         FDCE                                         r  vision_i/pipe/inst/u_pipeline/u_vision/u_config/ack_meta_reg/D
  -------------------------------------------------------------------    -------------------

                         (clock clk_fpga_0 rise edge)
                                                      0.000     0.000 r  <hidden>
    PS7_X0Y0             PS7                          0.000     0.000 r  vision_i/ps7/inst/PS7_i/FCLKCLK[0]
                         net (fo=1, routed)           1.088     1.088    vision_i/ps7/inst/FCLK_CLK_unbuffered[0]
    BUFGCTRL_X0Y16       BUFG (Prop_bufg_I_O)         0.091     1.179 r  vision_i/ps7/inst/buffer_fclk_clk_0.FCLK_CLK_0_BUFG/O
                         net (fo=1051, routed)        1.477     2.656    vision_i/pipe/inst/u_pipeline/u_vision/u_config/s_axi_aclk
    SLICE_X43Y90         FDCE                                         r  vision_i/pipe/inst/u_pipeline/u_vision/u_config/ack_meta_reg/C





Min Delay Paths
--------------------------------------------------------------------------------------
Slack:                    inf
  Source:                 vision_i/pipe/inst/u_pipeline/u_vision/u_config/acknowledge_reg/C
                            (rising edge-triggered cell FDCE clocked by PixelClk_int  {rise@0.000ns fall@5.387ns period=13.468ns})
  Destination:            vision_i/pipe/inst/u_pipeline/u_vision/u_config/ack_meta_reg/D
                            (rising edge-triggered cell FDCE clocked by clk_fpga_0  {rise@0.000ns fall@5.000ns period=10.000ns})
  Path Group:             (none)
  Path Type:              Hold (Min at Fast Process Corner)
  Data Path Delay:        0.320ns  (logic 0.141ns (44.031%)  route 0.179ns (55.969%))
  Logic Levels:           0  
  Clock Path Skew:        -1.261ns (DCD - SCD - CPR)
    Destination Clock Delay (DCD):    1.189ns
    Source Clock Delay      (SCD):    2.450ns
    Clock Pessimism Removal (CPR):    -0.000ns
  Clock Uncertainty:      0.291ns  ((TSJ^2 + TIJ^2 + DJ^2)^1/2) / 2 + PE
    Total System Jitter     (TSJ):    0.071ns
    Total Input Jitter      (TIJ):    0.300ns
    Discrete Jitter          (DJ):    0.126ns
    Phase Error              (PE):    0.125ns
  Timing Exception:       False Path

    Location             Delay type                Incr(ns)  Path(ns)    Netlist Resource(s)
  -------------------------------------------------------------------    -------------------
                         (clock PixelClk_int rise edge)
                                                      0.000     0.000 r  <hidden>
    N18                                               0.000     0.000 r  hdmi_in_clk_p
                         net (fo=0)                   0.000     0.000    vision_i/rx/U0/TMDS_ClockingX/TMDS_Clk_p
    N18                  IBUFDS (Prop_ibufds_I_O)     0.451     0.451 r  vision_i/rx/U0/TMDS_ClockingX/InputBuffer/O
                         net (fo=1, routed)           0.440     0.891    vision_i/rx/U0/TMDS_ClockingX/CLK_IN_hdmi_clk
    MMCME2_ADV_X1Y1      MMCME2_ADV (Prop_mmcme2_adv_CLKIN1_CLKOUT0)
                                                      0.051     0.942 r  vision_i/rx/U0/TMDS_ClockingX/DVI_ClkGenerator/CLKOUT0
                         net (fo=2, routed)           0.363     1.305    vision_i/rx/U0/TMDS_ClockingX/CLK_OUT_5x_hdmi_clk
    BUFR_X1Y5            BUFR (Prop_bufr_I_O)         0.270     1.575 r  vision_i/rx/U0/TMDS_ClockingX/PixelClkBuffer/O
                         net (fo=367, routed)         0.294     1.869    vision_i/rx/U0/GenerateBUFG.ResyncToBUFG_X/InstBUFG_0
    BUFGCTRL_X0Y18       BUFG (Prop_bufg_I_O)         0.026     1.895 r  vision_i/rx/U0/GenerateBUFG.ResyncToBUFG_X/InstBUFG/O
                         net (fo=3334, routed)        0.555     2.450    vision_i/pipe/inst/u_pipeline/u_vision/u_config/pclk
    SLICE_X44Y90         FDCE                                         r  vision_i/pipe/inst/u_pipeline/u_vision/u_config/acknowledge_reg/C
  -------------------------------------------------------------------    -------------------
    SLICE_X44Y90         FDCE (Prop_fdce_C_Q)         0.141     2.591 r  vision_i/pipe/inst/u_pipeline/u_vision/u_config/acknowledge_reg/Q
                         net (fo=2, routed)           0.179     2.770    vision_i/pipe/inst/u_pipeline/u_vision/u_config/acknowledge
    SLICE_X43Y90         FDCE                                         r  vision_i/pipe/inst/u_pipeline/u_vision/u_config/ack_meta_reg/D
  -------------------------------------------------------------------    -------------------

                         (clock clk_fpga_0 rise edge)
                                                      0.000     0.000 r  <hidden>
    PS7_X0Y0             PS7                          0.000     0.000 r  vision_i/ps7/inst/PS7_i/FCLKCLK[0]
                         net (fo=1, routed)           0.337     0.337    vision_i/ps7/inst/FCLK_CLK_unbuffered[0]
    BUFGCTRL_X0Y16       BUFG (Prop_bufg_I_O)         0.029     0.366 r  vision_i/ps7/inst/buffer_fclk_clk_0.FCLK_CLK_0_BUFG/O
                         net (fo=1051, routed)        0.823     1.189    vision_i/pipe/inst/u_pipeline/u_vision/u_config/s_axi_aclk
    SLICE_X43Y90         FDCE                                         r  vision_i/pipe/inst/u_pipeline/u_vision/u_config/ack_meta_reg/C





--------------------------------------------------------------------------------------
Path Group:  (none)
From Clock:  
  To Clock:  clk_fpga_2

Max Delay             4 Endpoints
Min Delay             4 Endpoints
--------------------------------------------------------------------------------------


Max Delay Paths
--------------------------------------------------------------------------------------
Slack:                    inf
  Source:                 vision_i/ps7/inst/PS7_i/FCLKRESETN[0]
                            (internal pin)
  Destination:            vision_i/rx/U0/TMDS_ClockingX/LockLostReset/SyncAsyncx/oSyncStages_reg[0]/PRE
                            (recovery check against rising-edge clock clk_fpga_2  {rise@0.000ns fall@2.500ns period=5.000ns})
  Path Group:             (none)
  Path Type:              Recovery (Max at Slow Process Corner)
  Data Path Delay:        4.437ns  (logic 0.124ns (2.794%)  route 4.313ns (97.206%))
  Logic Levels:           1  (LUT1=1)
  Clock Uncertainty:      0.079ns  ((TSJ^2 + TIJ^2)^1/2 + DJ) / 2 + PE
    Total System Jitter     (TSJ):    0.050ns
    Total Input Jitter      (TIJ):    0.150ns
    Discrete Jitter          (DJ):    0.000ns
    Phase Error              (PE):    0.000ns
  Timing Exception:       False Path

    Location             Delay type                Incr(ns)  Path(ns)    Netlist Resource(s)
  -------------------------------------------------------------------    -------------------
    PS7_X0Y0             PS7                          0.000     0.000 r  vision_i/ps7/inst/PS7_i/FCLKRESETN[0]
                         net (fo=6, routed)           3.786     3.786    vision_i/rx/U0/TMDS_ClockingX/LockLostReset/aRst_n
    SLICE_X105Y79        LUT1 (Prop_lut1_I0_O)        0.124     3.910 f  vision_i/rx/U0/TMDS_ClockingX/LockLostReset/aRst_int_inferred_i_1__1/O
                         net (fo=2, routed)           0.528     4.437    vision_i/rx/U0/TMDS_ClockingX/LockLostReset/SyncAsyncx/AS[0]
    SLICE_X105Y79        FDPE                                         f  vision_i/rx/U0/TMDS_ClockingX/LockLostReset/SyncAsyncx/oSyncStages_reg[0]/PRE
  -------------------------------------------------------------------    -------------------

                         (clock clk_fpga_2 rise edge)
                                                      0.000     0.000 r  <hidden>
    PS7_X0Y0             PS7                          0.000     0.000 r  vision_i/ps7/inst/PS7_i/FCLKCLK[2]
                         net (fo=1, routed)           1.088     1.088    vision_i/ps7/inst/FCLK_CLK_unbuffered[2]
    BUFGCTRL_X0Y17       BUFG (Prop_bufg_I_O)         0.091     1.179 r  vision_i/ps7/inst/buffer_fclk_clk_2.FCLK_CLK_2_BUFG/O
                         net (fo=158, routed)         1.598     2.777    vision_i/rx/U0/TMDS_ClockingX/LockLostReset/SyncAsyncx/RefClk
    SLICE_X105Y79        FDPE                                         r  vision_i/rx/U0/TMDS_ClockingX/LockLostReset/SyncAsyncx/oSyncStages_reg[0]/C





Min Delay Paths
--------------------------------------------------------------------------------------
Slack:                    inf
  Source:                 vision_i/rx/U0/TMDS_ClockingX/IDelayCtrlX/RDY
                            (internal pin)
  Destination:            vision_i/rx/U0/TMDS_ClockingX/RdyLostReset/SyncAsyncx/oSyncStages_reg[0]/PRE
                            (removal check against rising-edge clock clk_fpga_2  {rise@0.000ns fall@2.500ns period=5.000ns})
  Path Group:             (none)
  Path Type:              Removal (Min at Fast Process Corner)
  Data Path Delay:        0.744ns  (logic 0.045ns (6.049%)  route 0.699ns (93.951%))
  Logic Levels:           1  (LUT1=1)
  Clock Uncertainty:      0.079ns  ((TSJ^2 + TIJ^2)^1/2 + DJ) / 2 + PE
    Total System Jitter     (TSJ):    0.050ns
    Total Input Jitter      (TIJ):    0.150ns
    Discrete Jitter          (DJ):    0.000ns
    Phase Error              (PE):    0.000ns
  Timing Exception:       False Path

    Location             Delay type                Incr(ns)  Path(ns)    Netlist Resource(s)
  -------------------------------------------------------------------    -------------------
    IDELAYCTRL_X1Y1      IDELAYCTRL                   0.000     0.000 r  vision_i/rx/U0/TMDS_ClockingX/IDelayCtrlX/RDY
                         net (fo=1, routed)           0.522     0.522    vision_i/rx/U0/TMDS_ClockingX/RdyLostReset/aDlyLckd
    SLICE_X106Y78        LUT1 (Prop_lut1_I0_O)        0.045     0.567 f  vision_i/rx/U0/TMDS_ClockingX/RdyLostReset/aRst_int_inferred_i_1/O
                         net (fo=2, routed)           0.177     0.744    vision_i/rx/U0/TMDS_ClockingX/RdyLostReset/SyncAsyncx/AS[0]
    SLICE_X106Y78        FDPE                                         f  vision_i/rx/U0/TMDS_ClockingX/RdyLostReset/SyncAsyncx/oSyncStages_reg[0]/PRE
  -------------------------------------------------------------------    -------------------

                         (clock clk_fpga_2 rise edge)
                                                      0.000     0.000 r  <hidden>
    PS7_X0Y0             PS7                          0.000     0.000 r  vision_i/ps7/inst/PS7_i/FCLKCLK[2]
                         net (fo=1, routed)           0.337     0.337    vision_i/ps7/inst/FCLK_CLK_unbuffered[2]
    BUFGCTRL_X0Y17       BUFG (Prop_bufg_I_O)         0.029     0.366 r  vision_i/ps7/inst/buffer_fclk_clk_2.FCLK_CLK_2_BUFG/O
                         net (fo=158, routed)         0.893     1.259    vision_i/rx/U0/TMDS_ClockingX/RdyLostReset/SyncAsyncx/RefClk
    SLICE_X106Y78        FDPE                                         r  vision_i/rx/U0/TMDS_ClockingX/RdyLostReset/SyncAsyncx/oSyncStages_reg[0]/C





--------------------------------------------------------------------------------------
Path Group:  (none)
From Clock:  PixelClk_int
  To Clock:  clk_fpga_2

Max Delay            12 Endpoints
Min Delay            12 Endpoints
--------------------------------------------------------------------------------------


Max Delay Paths
--------------------------------------------------------------------------------------
Slack:                    inf
  Source:                 vision_i/rx/U0/LockLostReset/SyncAsyncx/oSyncStages_reg[1]/C
                            (rising edge-triggered cell FDPE clocked by PixelClk_int  {rise@0.000ns fall@5.387ns period=13.468ns})
  Destination:            vision_i/rx/U0/DataDecoders[0].DecoderX/SyncBaseRst/SyncAsyncx/oSyncStages_reg[0]/PRE
                            (recovery check against rising-edge clock clk_fpga_2  {rise@0.000ns fall@2.500ns period=5.000ns})
  Path Group:             (none)
  Path Type:              Recovery (Max at Slow Process Corner)
  Data Path Delay:        1.962ns  (logic 0.419ns (21.350%)  route 1.543ns (78.650%))
  Logic Levels:           0  
  Clock Path Skew:        -2.344ns (DCD - SCD + CPR)
    Destination Clock Delay (DCD):    2.857ns
    Source Clock Delay      (SCD):    5.201ns
    Clock Pessimism Removal (CPR):    0.000ns
  Clock Uncertainty:      0.229ns  ((TSJ^2 + TIJ^2 + DJ^2)^1/2) / 2 + PE
    Total System Jitter     (TSJ):    0.071ns
    Total Input Jitter      (TIJ):    0.150ns
    Discrete Jitter          (DJ):    0.126ns
    Phase Error              (PE):    0.125ns
  Timing Exception:       False Path

    Location             Delay type                Incr(ns)  Path(ns)    Netlist Resource(s)
  -------------------------------------------------------------------    -------------------
                         (clock PixelClk_int rise edge)
                                                      0.000     0.000 r  <hidden>
    N18                                               0.000     0.000 r  hdmi_in_clk_p
                         net (fo=0)                   0.000     0.000    vision_i/rx/U0/TMDS_ClockingX/TMDS_Clk_p
    N18                  IBUFDS (Prop_ibufds_I_O)     0.930     0.930 r  vision_i/rx/U0/TMDS_ClockingX/InputBuffer/O
                         net (fo=1, routed)           1.285     2.215    vision_i/rx/U0/TMDS_ClockingX/CLK_IN_hdmi_clk
    MMCME2_ADV_X1Y1      MMCME2_ADV (Prop_mmcme2_adv_CLKIN1_CLKOUT0)
                                                      0.089     2.304 r  vision_i/rx/U0/TMDS_ClockingX/DVI_ClkGenerator/CLKOUT0
                         net (fo=2, routed)           1.063     3.367    vision_i/rx/U0/TMDS_ClockingX/CLK_OUT_5x_hdmi_clk
    BUFR_X1Y5            BUFR (Prop_bufr_I_O)         1.031     4.398 r  vision_i/rx/U0/TMDS_ClockingX/PixelClkBuffer/O
                         net (fo=367, routed)         0.803     5.201    vision_i/rx/U0/LockLostReset/SyncAsyncx/oSyncStages_reg[1]_0
    SLICE_X106Y75        FDPE                                         r  vision_i/rx/U0/LockLostReset/SyncAsyncx/oSyncStages_reg[1]/C
  -------------------------------------------------------------------    -------------------
    SLICE_X106Y75        FDPE (Prop_fdpe_C_Q)         0.419     5.620 f  vision_i/rx/U0/LockLostReset/SyncAsyncx/oSyncStages_reg[1]/Q
                         net (fo=27, routed)          1.543     7.164    vision_i/rx/U0/DataDecoders[0].DecoderX/SyncBaseRst/SyncAsyncx/AS[0]
    SLICE_X108Y63        FDPE                                         f  vision_i/rx/U0/DataDecoders[0].DecoderX/SyncBaseRst/SyncAsyncx/oSyncStages_reg[0]/PRE
  -------------------------------------------------------------------    -------------------

                         (clock clk_fpga_2 rise edge)
                                                      0.000     0.000 r  <hidden>
    PS7_X0Y0             PS7                          0.000     0.000 r  vision_i/ps7/inst/PS7_i/FCLKCLK[2]
                         net (fo=1, routed)           1.088     1.088    vision_i/ps7/inst/FCLK_CLK_unbuffered[2]
    BUFGCTRL_X0Y17       BUFG (Prop_bufg_I_O)         0.091     1.179 r  vision_i/ps7/inst/buffer_fclk_clk_2.FCLK_CLK_2_BUFG/O
                         net (fo=158, routed)         1.678     2.857    vision_i/rx/U0/DataDecoders[0].DecoderX/SyncBaseRst/SyncAsyncx/RefClk
    SLICE_X108Y63        FDPE                                         r  vision_i/rx/U0/DataDecoders[0].DecoderX/SyncBaseRst/SyncAsyncx/oSyncStages_reg[0]/C





Min Delay Paths
--------------------------------------------------------------------------------------
Slack:                    inf
  Source:                 vision_i/rx/U0/DataDecoders[0].DecoderX/SyncBaseRst/iIn_q_reg/C
                            (rising edge-triggered cell FDPE clocked by PixelClk_int  {rise@0.000ns fall@5.387ns period=13.468ns})
  Destination:            vision_i/rx/U0/DataDecoders[0].DecoderX/SyncBaseRst/SyncAsyncx/oSyncStages_reg[0]/D
                            (rising edge-triggered cell FDPE clocked by clk_fpga_2  {rise@0.000ns fall@2.500ns period=5.000ns})
  Path Group:             (none)
  Path Type:              Hold (Min at Fast Process Corner)
  Data Path Delay:        0.258ns  (logic 0.141ns (54.745%)  route 0.117ns (45.255%))
  Logic Levels:           0  
  Clock Path Skew:        -0.568ns (DCD - SCD - CPR)
    Destination Clock Delay (DCD):    1.266ns
    Source Clock Delay      (SCD):    1.834ns
    Clock Pessimism Removal (CPR):    -0.000ns
  Clock Uncertainty:      0.229ns  ((TSJ^2 + TIJ^2 + DJ^2)^1/2) / 2 + PE
    Total System Jitter     (TSJ):    0.071ns
    Total Input Jitter      (TIJ):    0.150ns
    Discrete Jitter          (DJ):    0.126ns
    Phase Error              (PE):    0.125ns
  Timing Exception:       False Path

    Location             Delay type                Incr(ns)  Path(ns)    Netlist Resource(s)
  -------------------------------------------------------------------    -------------------
                         (clock PixelClk_int rise edge)
                                                      0.000     0.000 r  <hidden>
    N18                                               0.000     0.000 r  hdmi_in_clk_p
                         net (fo=0)                   0.000     0.000    vision_i/rx/U0/TMDS_ClockingX/TMDS_Clk_p
    N18                  IBUFDS (Prop_ibufds_I_O)     0.451     0.451 r  vision_i/rx/U0/TMDS_ClockingX/InputBuffer/O
                         net (fo=1, routed)           0.440     0.891    vision_i/rx/U0/TMDS_ClockingX/CLK_IN_hdmi_clk
    MMCME2_ADV_X1Y1      MMCME2_ADV (Prop_mmcme2_adv_CLKIN1_CLKOUT0)
                                                      0.051     0.942 r  vision_i/rx/U0/TMDS_ClockingX/DVI_ClkGenerator/CLKOUT0
                         net (fo=2, routed)           0.363     1.305    vision_i/rx/U0/TMDS_ClockingX/CLK_OUT_5x_hdmi_clk
    BUFR_X1Y5            BUFR (Prop_bufr_I_O)         0.270     1.575 r  vision_i/rx/U0/TMDS_ClockingX/PixelClkBuffer/O
                         net (fo=367, routed)         0.259     1.834    vision_i/rx/U0/DataDecoders[0].DecoderX/SyncBaseRst/CLK
    SLICE_X111Y63        FDPE                                         r  vision_i/rx/U0/DataDecoders[0].DecoderX/SyncBaseRst/iIn_q_reg/C
  -------------------------------------------------------------------    -------------------
    SLICE_X111Y63        FDPE (Prop_fdpe_C_Q)         0.141     1.975 r  vision_i/rx/U0/DataDecoders[0].DecoderX/SyncBaseRst/iIn_q_reg/Q
                         net (fo=1, routed)           0.117     2.092    vision_i/rx/U0/DataDecoders[0].DecoderX/SyncBaseRst/SyncAsyncx/D[0]
    SLICE_X108Y63        FDPE                                         r  vision_i/rx/U0/DataDecoders[0].DecoderX/SyncBaseRst/SyncAsyncx/oSyncStages_reg[0]/D
  -------------------------------------------------------------------    -------------------

                         (clock clk_fpga_2 rise edge)
                                                      0.000     0.000 r  <hidden>
    PS7_X0Y0             PS7                          0.000     0.000 r  vision_i/ps7/inst/PS7_i/FCLKCLK[2]
                         net (fo=1, routed)           0.337     0.337    vision_i/ps7/inst/FCLK_CLK_unbuffered[2]
    BUFGCTRL_X0Y17       BUFG (Prop_bufg_I_O)         0.029     0.366 r  vision_i/ps7/inst/buffer_fclk_clk_2.FCLK_CLK_2_BUFG/O
                         net (fo=158, routed)         0.900     1.266    vision_i/rx/U0/DataDecoders[0].DecoderX/SyncBaseRst/SyncAsyncx/RefClk
    SLICE_X108Y63        FDPE                                         r  vision_i/rx/U0/DataDecoders[0].DecoderX/SyncBaseRst/SyncAsyncx/oSyncStages_reg[0]/C





--------------------------------------------------------------------------------------
Path Group:  (none)
From Clock:  PixelClk_int
  To Clock:  dbg_hub/inst/BSCANID.u_xsdbm_id/SWITCH_N_EXT_BSCAN.bscan_inst/SERIES7_BSCAN.bscan_inst/TCK

Max Delay            94 Endpoints
Min Delay           102 Endpoints
--------------------------------------------------------------------------------------


Max Delay Paths
--------------------------------------------------------------------------------------
Slack:                    inf
  Source:                 dbg_hub/inst/BSCANID.u_xsdbm_id/CORE_XSDB.UUT_MASTER/U_ICON_INTERFACE/U_CMD1/ctl_reg_reg[0]/C
                            (rising edge-triggered cell FDRE clocked by PixelClk_int  {rise@0.000ns fall@5.387ns period=13.468ns})
  Destination:            dbg_hub/inst/BSCANID.u_xsdbm_id/CORE_XSDB.UUT_MASTER/U_ICON_INTERFACE/U_CMD5/shift_reg_in_reg[2]/R
                            (rising edge-triggered cell FDRE clocked by dbg_hub/inst/BSCANID.u_xsdbm_id/SWITCH_N_EXT_BSCAN.bscan_inst/SERIES7_BSCAN.bscan_inst/TCK  {rise@0.000ns fall@16.500ns period=33.000ns})
  Path Group:             (none)
  Path Type:              Setup (Max at Slow Process Corner)
  Data Path Delay:        2.642ns  (logic 0.456ns (17.260%)  route 2.186ns (82.740%))
  Logic Levels:           0  
  Clock Path Skew:        -3.543ns (DCD - SCD + CPR)
    Destination Clock Delay (DCD):    3.796ns
    Source Clock Delay      (SCD):    7.339ns
    Clock Pessimism Removal (CPR):    0.000ns
  Clock Uncertainty:      0.197ns  ((TSJ^2 + DJ^2)^1/2) / 2 + PE
    Total System Jitter     (TSJ):    0.071ns
    Discrete Jitter          (DJ):    0.126ns
    Phase Error              (PE):    0.125ns
  Timing Exception:       False Path

    Location             Delay type                Incr(ns)  Path(ns)    Netlist Resource(s)
  -------------------------------------------------------------------    -------------------
                         (clock PixelClk_int rise edge)
                                                      0.000     0.000 r  <hidden>
    N18                                               0.000     0.000 r  hdmi_in_clk_p
                         net (fo=0)                   0.000     0.000    vision_i/rx/U0/TMDS_ClockingX/TMDS_Clk_p
    N18                  IBUFDS (Prop_ibufds_I_O)     0.930     0.930 r  vision_i/rx/U0/TMDS_ClockingX/InputBuffer/O
                         net (fo=1, routed)           1.285     2.215    vision_i/rx/U0/TMDS_ClockingX/CLK_IN_hdmi_clk
    MMCME2_ADV_X1Y1      MMCME2_ADV (Prop_mmcme2_adv_CLKIN1_CLKOUT0)
                                                      0.089     2.304 r  vision_i/rx/U0/TMDS_ClockingX/DVI_ClkGenerator/CLKOUT0
                         net (fo=2, routed)           1.063     3.367    vision_i/rx/U0/TMDS_ClockingX/CLK_OUT_5x_hdmi_clk
    BUFR_X1Y5            BUFR (Prop_bufr_I_O)         1.031     4.398 r  vision_i/rx/U0/TMDS_ClockingX/PixelClkBuffer/O
                         net (fo=367, routed)         0.945     5.343    vision_i/rx/U0/GenerateBUFG.ResyncToBUFG_X/InstBUFG_0
    BUFGCTRL_X0Y18       BUFG (Prop_bufg_I_O)         0.101     5.444 r  vision_i/rx/U0/GenerateBUFG.ResyncToBUFG_X/InstBUFG/O
                         net (fo=3334, routed)        1.895     7.339    dbg_hub/inst/BSCANID.u_xsdbm_id/CORE_XSDB.UUT_MASTER/U_ICON_INTERFACE/U_CMD1/clk
    SLICE_X55Y116        FDRE                                         r  dbg_hub/inst/BSCANID.u_xsdbm_id/CORE_XSDB.UUT_MASTER/U_ICON_INTERFACE/U_CMD1/ctl_reg_reg[0]/C
  -------------------------------------------------------------------    -------------------
    SLICE_X55Y116        FDRE (Prop_fdre_C_Q)         0.456     7.795 r  dbg_hub/inst/BSCANID.u_xsdbm_id/CORE_XSDB.UUT_MASTER/U_ICON_INTERFACE/U_CMD1/ctl_reg_reg[0]/Q
                         net (fo=176, routed)         2.186     9.981    dbg_hub/inst/BSCANID.u_xsdbm_id/CORE_XSDB.UUT_MASTER/U_ICON_INTERFACE/U_CMD5/ctl_reg_reg[0]_0
    SLICE_X56Y111        FDRE                                         r  dbg_hub/inst/BSCANID.u_xsdbm_id/CORE_XSDB.UUT_MASTER/U_ICON_INTERFACE/U_CMD5/shift_reg_in_reg[2]/R
  -------------------------------------------------------------------    -------------------

                         (clock dbg_hub/inst/BSCANID.u_xsdbm_id/SWITCH_N_EXT_BSCAN.bscan_inst/SERIES7_BSCAN.bscan_inst/TCK rise edge)
                                                      0.000     0.000 r  <hidden>
    BSCAN_X0Y0           BSCANE2                      0.000     0.000 r  dbg_hub/inst/BSCANID.u_xsdbm_id/SWITCH_N_EXT_BSCAN.bscan_inst/SERIES7_BSCAN.bscan_inst/TCK
                         net (fo=1, routed)           1.994     1.994    dbg_hub/inst/BSCANID.u_xsdbm_id/tck_bs
    BUFGCTRL_X0Y0        BUFG (Prop_bufg_I_O)         0.091     2.085 r  dbg_hub/inst/BSCANID.u_xsdbm_id/SWITCH_N_EXT_BSCAN.u_bufg_icon_tck/O
                         net (fo=482, routed)         1.711     3.796    dbg_hub/inst/BSCANID.u_xsdbm_id/CORE_XSDB.UUT_MASTER/U_ICON_INTERFACE/U_CMD5/m_bscan_tck[0]
    SLICE_X56Y111        FDRE                                         r  dbg_hub/inst/BSCANID.u_xsdbm_id/CORE_XSDB.UUT_MASTER/U_ICON_INTERFACE/U_CMD5/shift_reg_in_reg[2]/C





Min Delay Paths
--------------------------------------------------------------------------------------
Slack:                    inf
  Source:                 dbg_hub/inst/BSCANID.u_xsdbm_id/CORE_XSDB.UUT_MASTER/U_ICON_INTERFACE/U_CMD7_STAT/stat_reg_reg[1]/C
                            (rising edge-triggered cell FDRE clocked by PixelClk_int  {rise@0.000ns fall@5.387ns period=13.468ns})
  Destination:            dbg_hub/inst/BSCANID.u_xsdbm_id/CORE_XSDB.UUT_MASTER/U_ICON_INTERFACE/U_CMD7_STAT/stat_reg_1_reg[1]/D
                            (rising edge-triggered cell FDRE clocked by dbg_hub/inst/BSCANID.u_xsdbm_id/SWITCH_N_EXT_BSCAN.bscan_inst/SERIES7_BSCAN.bscan_inst/TCK  {rise@0.000ns fall@16.500ns period=33.000ns})
  Path Group:             (none)
  Path Type:              Hold (Min at Fast Process Corner)
  Data Path Delay:        0.247ns  (logic 0.128ns (51.722%)  route 0.119ns (48.278%))
  Logic Levels:           0  
  Clock Path Skew:        -0.434ns (DCD - SCD - CPR)
    Destination Clock Delay (DCD):    2.113ns
    Source Clock Delay      (SCD):    2.547ns
    Clock Pessimism Removal (CPR):    -0.000ns
  Clock Uncertainty:      0.197ns  ((TSJ^2 + DJ^2)^1/2) / 2 + PE
    Total System Jitter     (TSJ):    0.071ns
    Discrete Jitter          (DJ):    0.126ns
    Phase Error              (PE):    0.125ns
  Timing Exception:       False Path

    Location             Delay type                Incr(ns)  Path(ns)    Netlist Resource(s)
  -------------------------------------------------------------------    -------------------
                         (clock PixelClk_int rise edge)
                                                      0.000     0.000 r  <hidden>
    N18                                               0.000     0.000 r  hdmi_in_clk_p
                         net (fo=0)                   0.000     0.000    vision_i/rx/U0/TMDS_ClockingX/TMDS_Clk_p
    N18                  IBUFDS (Prop_ibufds_I_O)     0.451     0.451 r  vision_i/rx/U0/TMDS_ClockingX/InputBuffer/O
                         net (fo=1, routed)           0.440     0.891    vision_i/rx/U0/TMDS_ClockingX/CLK_IN_hdmi_clk
    MMCME2_ADV_X1Y1      MMCME2_ADV (Prop_mmcme2_adv_CLKIN1_CLKOUT0)
                                                      0.051     0.942 r  vision_i/rx/U0/TMDS_ClockingX/DVI_ClkGenerator/CLKOUT0
                         net (fo=2, routed)           0.363     1.305    vision_i/rx/U0/TMDS_ClockingX/CLK_OUT_5x_hdmi_clk
    BUFR_X1Y5            BUFR (Prop_bufr_I_O)         0.270     1.575 r  vision_i/rx/U0/TMDS_ClockingX/PixelClkBuffer/O
                         net (fo=367, routed)         0.294     1.869    vision_i/rx/U0/GenerateBUFG.ResyncToBUFG_X/InstBUFG_0
    BUFGCTRL_X0Y18       BUFG (Prop_bufg_I_O)         0.026     1.895 r  vision_i/rx/U0/GenerateBUFG.ResyncToBUFG_X/InstBUFG/O
                         net (fo=3334, routed)        0.651     2.547    dbg_hub/inst/BSCANID.u_xsdbm_id/CORE_XSDB.UUT_MASTER/U_ICON_INTERFACE/U_CMD7_STAT/clk
    SLICE_X56Y119        FDRE                                         r  dbg_hub/inst/BSCANID.u_xsdbm_id/CORE_XSDB.UUT_MASTER/U_ICON_INTERFACE/U_CMD7_STAT/stat_reg_reg[1]/C
  -------------------------------------------------------------------    -------------------
    SLICE_X56Y119        FDRE (Prop_fdre_C_Q)         0.128     2.675 r  dbg_hub/inst/BSCANID.u_xsdbm_id/CORE_XSDB.UUT_MASTER/U_ICON_INTERFACE/U_CMD7_STAT/stat_reg_reg[1]/Q
                         net (fo=1, routed)           0.119     2.794    dbg_hub/inst/BSCANID.u_xsdbm_id/CORE_XSDB.UUT_MASTER/U_ICON_INTERFACE/U_CMD7_STAT/stat_reg[1]
    SLICE_X56Y120        FDRE                                         r  dbg_hub/inst/BSCANID.u_xsdbm_id/CORE_XSDB.UUT_MASTER/U_ICON_INTERFACE/U_CMD7_STAT/stat_reg_1_reg[1]/D
  -------------------------------------------------------------------    -------------------

                         (clock dbg_hub/inst/BSCANID.u_xsdbm_id/SWITCH_N_EXT_BSCAN.bscan_inst/SERIES7_BSCAN.bscan_inst/TCK rise edge)
                                                      0.000     0.000 r  <hidden>
    BSCAN_X0Y0           BSCANE2                      0.000     0.000 r  dbg_hub/inst/BSCANID.u_xsdbm_id/SWITCH_N_EXT_BSCAN.bscan_inst/SERIES7_BSCAN.bscan_inst/TCK
                         net (fo=1, routed)           1.160     1.160    dbg_hub/inst/BSCANID.u_xsdbm_id/tck_bs
    BUFGCTRL_X0Y0        BUFG (Prop_bufg_I_O)         0.029     1.189 r  dbg_hub/inst/BSCANID.u_xsdbm_id/SWITCH_N_EXT_BSCAN.u_bufg_icon_tck/O
                         net (fo=482, routed)         0.924     2.113    dbg_hub/inst/BSCANID.u_xsdbm_id/CORE_XSDB.UUT_MASTER/U_ICON_INTERFACE/U_CMD7_STAT/m_bscan_tck[0]
    SLICE_X56Y120        FDRE                                         r  dbg_hub/inst/BSCANID.u_xsdbm_id/CORE_XSDB.UUT_MASTER/U_ICON_INTERFACE/U_CMD7_STAT/stat_reg_1_reg[1]/C





--------------------------------------------------------------------------------------
Path Group:  (none)
From Clock:  PixelClkInX5
  To Clock:  

Max Delay             8 Endpoints
Min Delay             8 Endpoints
--------------------------------------------------------------------------------------


Max Delay Paths
--------------------------------------------------------------------------------------
Slack:                    inf
  Source:                 vision_i/tx/U0/ClockSerializer/SerializerMaster/CLK
                            (rising edge-triggered cell OSERDESE2 clocked by PixelClkInX5  {rise@0.000ns fall@1.347ns period=2.694ns})
  Destination:            hdmi_out_clk_n
                            (output port)
  Path Group:             (none)
  Path Type:              Max at Slow Process Corner
  Data Path Delay:        2.420ns  (logic 2.419ns (99.959%)  route 0.001ns (0.041%))
  Logic Levels:           1  (OBUFDS=1)
  Clock Uncertainty:      0.193ns  ((TSJ^2 + DJ^2)^1/2) / 2 + PE
    Total System Jitter     (TSJ):    0.050ns
    Discrete Jitter          (DJ):    0.126ns
    Phase Error              (PE):    0.125ns

    Location             Delay type                Incr(ns)  Path(ns)    Netlist Resource(s)
  -------------------------------------------------------------------    -------------------
                         (clock PixelClkInX5 rise edge)
                                                      0.000     0.000 r  <hidden>
    N18                                               0.000     0.000 r  hdmi_in_clk_p
                         net (fo=0)                   0.000     0.000    vision_i/rx/U0/TMDS_ClockingX/TMDS_Clk_p
    N18                  IBUFDS (Prop_ibufds_I_O)     0.930     0.930 r  vision_i/rx/U0/TMDS_ClockingX/InputBuffer/O
                         net (fo=1, routed)           1.285     2.215    vision_i/rx/U0/TMDS_ClockingX/CLK_IN_hdmi_clk
    MMCME2_ADV_X1Y1      MMCME2_ADV (Prop_mmcme2_adv_CLKIN1_CLKOUT0)
                                                      0.089     2.304 r  vision_i/rx/U0/TMDS_ClockingX/DVI_ClkGenerator/CLKOUT0
                         net (fo=2, routed)           1.063     3.367    vision_i/rx/U0/TMDS_ClockingX/CLK_OUT_5x_hdmi_clk
    BUFR_X1Y5            BUFR (Prop_bufr_I_O)         1.031     4.398 r  vision_i/rx/U0/TMDS_ClockingX/PixelClkBuffer/O
                         net (fo=367, routed)         0.945     5.343    vision_i/rx/U0/GenerateBUFG.ResyncToBUFG_X/InstBUFG_0
    BUFGCTRL_X0Y18       BUFG (Prop_bufg_I_O)         0.101     5.444 r  vision_i/rx/U0/GenerateBUFG.ResyncToBUFG_X/InstBUFG/O
                         net (fo=3334, routed)        1.980     7.424    vision_i/tx/U0/ClockGenInternal.ClockGenX/PixelClk
    MMCME2_ADV_X1Y2      MMCME2_ADV (Prop_mmcme2_adv_CLKIN1_CLKOUT0)
                                                     -2.829     4.595 r  vision_i/tx/U0/ClockGenInternal.ClockGenX/GenMMCM.DVI_ClkGenerator/CLKOUT0
                         net (fo=2, routed)           0.961     5.556    vision_i/tx/U0/ClockGenInternal.ClockGenX/PixelClkInX5
    BUFIO_X1Y9           BUFIO (Prop_bufio_I_O)       1.609     7.165 r  vision_i/tx/U0/ClockGenInternal.ClockGenX/GenMMCM.SerialClkBuffer/O
                         net (fo=8, routed)           0.323     7.489    vision_i/tx/U0/ClockSerializer/SerialClk
    OLOGIC_X1Y128        OSERDESE2                                    r  vision_i/tx/U0/ClockSerializer/SerializerMaster/CLK
  -------------------------------------------------------------------    -------------------
    OLOGIC_X1Y128        OSERDESE2 (Prop_oserdese2_CLK_OQ)
                                                      0.472     7.961 r  vision_i/tx/U0/ClockSerializer/SerializerMaster/OQ
                         net (fo=1, routed)           0.001     7.962    vision_i/tx/U0/ClockSerializer/sDataOut
    L16                  OBUFDS (Prop_obufds_I_OB)    1.947     9.909 r  vision_i/tx/U0/ClockSerializer/OutputBuffer/OB
                         net (fo=0)                   0.000     9.909    hdmi_out_clk_n
    L17                                                               r  hdmi_out_clk_n
  -------------------------------------------------------------------    -------------------





Min Delay Paths
--------------------------------------------------------------------------------------
Slack:                    inf
  Source:                 vision_i/tx/U0/DataEncoders[0].DataSerializer/SerializerMaster/CLK
                            (rising edge-triggered cell OSERDESE2 clocked by PixelClkInX5  {rise@0.000ns fall@1.347ns period=2.694ns})
  Destination:            hdmi_out_data_p[0]
                            (output port)
  Path Group:             (none)
  Path Type:              Min at Fast Process Corner
  Data Path Delay:        0.984ns  (logic 0.983ns (99.898%)  route 0.001ns (0.102%))
  Logic Levels:           1  (OBUFDS=1)
  Clock Uncertainty:      0.193ns  ((TSJ^2 + DJ^2)^1/2) / 2 + PE
    Total System Jitter     (TSJ):    0.050ns
    Discrete Jitter          (DJ):    0.126ns
    Phase Error              (PE):    0.125ns

    Location             Delay type                Incr(ns)  Path(ns)    Netlist Resource(s)
  -------------------------------------------------------------------    -------------------
                         (clock PixelClkInX5 rise edge)
                                                      0.000     0.000 r  <hidden>
    N18                                               0.000     0.000 r  hdmi_in_clk_p
                         net (fo=0)                   0.000     0.000    vision_i/rx/U0/TMDS_ClockingX/TMDS_Clk_p
    N18                  IBUFDS (Prop_ibufds_I_O)     0.451     0.451 r  vision_i/rx/U0/TMDS_ClockingX/InputBuffer/O
                         net (fo=1, routed)           0.440     0.891    vision_i/rx/U0/TMDS_ClockingX/CLK_IN_hdmi_clk
    MMCME2_ADV_X1Y1      MMCME2_ADV (Prop_mmcme2_adv_CLKIN1_CLKOUT0)
                                                      0.051     0.942 r  vision_i/rx/U0/TMDS_ClockingX/DVI_ClkGenerator/CLKOUT0
                         net (fo=2, routed)           0.363     1.305    vision_i/rx/U0/TMDS_ClockingX/CLK_OUT_5x_hdmi_clk
    BUFR_X1Y5            BUFR (Prop_bufr_I_O)         0.270     1.575 r  vision_i/rx/U0/TMDS_ClockingX/PixelClkBuffer/O
                         net (fo=367, routed)         0.294     1.869    vision_i/rx/U0/GenerateBUFG.ResyncToBUFG_X/InstBUFG_0
    BUFGCTRL_X0Y18       BUFG (Prop_bufg_I_O)         0.026     1.895 r  vision_i/rx/U0/GenerateBUFG.ResyncToBUFG_X/InstBUFG/O
                         net (fo=3334, routed)        0.672     2.568    vision_i/tx/U0/ClockGenInternal.ClockGenX/PixelClk
    MMCME2_ADV_X1Y2      MMCME2_ADV (Prop_mmcme2_adv_CLKIN1_CLKOUT0)
                                                     -0.847     1.721 r  vision_i/tx/U0/ClockGenInternal.ClockGenX/GenMMCM.DVI_ClkGenerator/CLKOUT0
                         net (fo=2, routed)           0.336     2.057    vision_i/tx/U0/ClockGenInternal.ClockGenX/PixelClkInX5
    BUFIO_X1Y9           BUFIO (Prop_bufio_I_O)       0.483     2.540 r  vision_i/tx/U0/ClockGenInternal.ClockGenX/GenMMCM.SerialClkBuffer/O
                         net (fo=8, routed)           0.084     2.624    vision_i/tx/U0/DataEncoders[0].DataSerializer/SerialClk
    OLOGIC_X1Y126        OSERDESE2                                    r  vision_i/tx/U0/DataEncoders[0].DataSerializer/SerializerMaster/CLK
  -------------------------------------------------------------------    -------------------
    OLOGIC_X1Y126        OSERDESE2 (Prop_oserdese2_CLK_OQ)
                                                      0.177     2.801 r  vision_i/tx/U0/DataEncoders[0].DataSerializer/SerializerMaster/OQ
                         net (fo=1, routed)           0.001     2.802    vision_i/tx/U0/DataEncoders[0].DataSerializer/sDataOut
    K17                  OBUFDS (Prop_obufds_I_O)     0.806     3.608 r  vision_i/tx/U0/DataEncoders[0].DataSerializer/OutputBuffer/O
                         net (fo=0)                   0.000     3.608    hdmi_out_data_p[0]
    K17                                                               r  hdmi_out_data_p[0]
  -------------------------------------------------------------------    -------------------





--------------------------------------------------------------------------------------
Path Group:  (none)
From Clock:  clk_fpga_2
  To Clock:  

Max Delay             1 Endpoint
Min Delay             1 Endpoint
--------------------------------------------------------------------------------------


Max Delay Paths
--------------------------------------------------------------------------------------
Slack:                    inf
  Source:                 vision_i/rx/U0/GenerateDDC.DDC_EEPROM/I2C_SlaveController/dataByte_reg[7]/C
                            (rising edge-triggered cell FDRE clocked by clk_fpga_2  {rise@0.000ns fall@2.500ns period=5.000ns})
  Destination:            hdmi_in_ddc_sda_io
                            (output port)
  Path Group:             (none)
  Path Type:              Max at Slow Process Corner
  Data Path Delay:        7.421ns  (logic 4.373ns (58.925%)  route 3.048ns (41.075%))
  Logic Levels:           2  (LUT4=1 OBUFT=1)
  Clock Uncertainty:      0.079ns  ((TSJ^2 + TIJ^2)^1/2 + DJ) / 2 + PE
    Total System Jitter     (TSJ):    0.050ns
    Total Input Jitter      (TIJ):    0.150ns
    Discrete Jitter          (DJ):    0.000ns
    Phase Error              (PE):    0.000ns

    Location             Delay type                Incr(ns)  Path(ns)    Netlist Resource(s)
  -------------------------------------------------------------------    -------------------
                         (clock clk_fpga_2 rise edge)
                                                      0.000     0.000 r  <hidden>
    PS7_X0Y0             PS7                          0.000     0.000 r  vision_i/ps7/inst/PS7_i/FCLKCLK[2]
                         net (fo=1, routed)           1.193     1.193    vision_i/ps7/inst/FCLK_CLK_unbuffered[2]
    BUFGCTRL_X0Y17       BUFG (Prop_bufg_I_O)         0.101     1.294 r  vision_i/ps7/inst/buffer_fclk_clk_2.FCLK_CLK_2_BUFG/O
                         net (fo=158, routed)         1.855     3.149    vision_i/rx/U0/GenerateDDC.DDC_EEPROM/I2C_SlaveController/RefClk
    SLICE_X107Y83        FDRE                                         r  vision_i/rx/U0/GenerateDDC.DDC_EEPROM/I2C_SlaveController/dataByte_reg[7]/C
  -------------------------------------------------------------------    -------------------
    SLICE_X107Y83        FDRE (Prop_fdre_C_Q)         0.419     3.568 f  vision_i/rx/U0/GenerateDDC.DDC_EEPROM/I2C_SlaveController/dataByte_reg[7]/Q
                         net (fo=2, routed)           1.242     4.810    vision_i/rx/U0/GenerateDDC.DDC_EEPROM/I2C_SlaveController/sI2C_DataIn[7]
    SLICE_X111Y82        LUT4 (Prop_lut4_I0_O)        0.299     5.109 f  vision_i/rx/U0/GenerateDDC.DDC_EEPROM/I2C_SlaveController/SDA_T_INST_0/O
                         net (fo=1, routed)           1.807     6.915    hdmi_in_ddc_sda_iobuf/T
    U15                  OBUFT (TriStatE_obuft_T_O)
                                                      3.655    10.570 r  hdmi_in_ddc_sda_iobuf/OBUFT/O
                         net (fo=1, unset)            0.000    10.570    hdmi_in_ddc_sda_io
    U15                                                               r  hdmi_in_ddc_sda_io
  -------------------------------------------------------------------    -------------------





Min Delay Paths
--------------------------------------------------------------------------------------
Slack:                    inf
  Source:                 vision_i/rx/U0/GenerateDDC.DDC_EEPROM/I2C_SlaveController/FSM_gray_state_reg[2]/C
                            (rising edge-triggered cell FDRE clocked by clk_fpga_2  {rise@0.000ns fall@2.500ns period=5.000ns})
  Destination:            hdmi_in_ddc_sda_io
                            (output port)
  Path Group:             (none)
  Path Type:              Min at Fast Process Corner
  Data Path Delay:        1.928ns  (logic 1.010ns (52.377%)  route 0.918ns (47.623%))
  Logic Levels:           2  (LUT4=1 OBUFT=1)
  Clock Uncertainty:      0.079ns  ((TSJ^2 + TIJ^2)^1/2 + DJ) / 2 + PE
    Total System Jitter     (TSJ):    0.050ns
    Total Input Jitter      (TIJ):    0.150ns
    Discrete Jitter          (DJ):    0.000ns
    Phase Error              (PE):    0.000ns

    Location             Delay type                Incr(ns)  Path(ns)    Netlist Resource(s)
  -------------------------------------------------------------------    -------------------
                         (clock clk_fpga_2 rise edge)
                                                      0.000     0.000 r  <hidden>
    PS7_X0Y0             PS7                          0.000     0.000 r  vision_i/ps7/inst/PS7_i/FCLKCLK[2]
                         net (fo=1, routed)           0.310     0.310    vision_i/ps7/inst/FCLK_CLK_unbuffered[2]
    BUFGCTRL_X0Y17       BUFG (Prop_bufg_I_O)         0.026     0.336 r  vision_i/ps7/inst/buffer_fclk_clk_2.FCLK_CLK_2_BUFG/O
                         net (fo=158, routed)         0.630     0.966    vision_i/rx/U0/GenerateDDC.DDC_EEPROM/I2C_SlaveController/RefClk
    SLICE_X111Y82        FDRE                                         r  vision_i/rx/U0/GenerateDDC.DDC_EEPROM/I2C_SlaveController/FSM_gray_state_reg[2]/C
  -------------------------------------------------------------------    -------------------
    SLICE_X111Y82        FDRE (Prop_fdre_C_Q)         0.141     1.107 f  vision_i/rx/U0/GenerateDDC.DDC_EEPROM/I2C_SlaveController/FSM_gray_state_reg[2]/Q
                         net (fo=11, routed)          0.269     1.375    vision_i/rx/U0/GenerateDDC.DDC_EEPROM/I2C_SlaveController/state[2]
    SLICE_X111Y82        LUT4 (Prop_lut4_I2_O)        0.045     1.420 r  vision_i/rx/U0/GenerateDDC.DDC_EEPROM/I2C_SlaveController/SDA_T_INST_0/O
                         net (fo=1, routed)           0.650     2.070    hdmi_in_ddc_sda_iobuf/T
    U15                  OBUFT (TriStatD_obuft_T_O)
                                                      0.824     2.894 r  hdmi_in_ddc_sda_iobuf/OBUFT/O
                         net (fo=1, unset)            0.000     2.894    hdmi_in_ddc_sda_io
    U15                                                               r  hdmi_in_ddc_sda_io
  -------------------------------------------------------------------    -------------------





--------------------------------------------------------------------------------------
Path Group:  (none)
From Clock:  
  To Clock:  CLK_OUT_5x_hdmi_clk

Max Delay             3 Endpoints
Min Delay             3 Endpoints
--------------------------------------------------------------------------------------


Max Delay Paths
--------------------------------------------------------------------------------------
Slack:                    inf
  Source:                 hdmi_in_data_n[0]
                            (input port)
  Destination:            vision_i/rx/U0/DataDecoders[0].DecoderX/InputSERDES_X/DeserializerMaster/DDLY
                            (falling edge-triggered cell ISERDESE2 clocked by CLK_OUT_5x_hdmi_clk  {rise@0.000ns fall@1.347ns period=2.694ns})
  Path Group:             (none)
  Path Type:              Setup (Max at Slow Process Corner)
  Data Path Delay:        1.810ns  (logic 1.810ns (100.000%)  route 0.000ns (0.000%))
  Logic Levels:           2  (IBUFDS=1 IDELAYE2=1)
  Clock Path Skew:        4.718ns (DCD - SCD + CPR)
    Destination Clock Delay (DCD):    4.718ns = ( 6.065 - 1.347 ) 
    Source Clock Delay      (SCD):    0.000ns
    Clock Pessimism Removal (CPR):    0.000ns
  Clock Uncertainty:      0.193ns  ((TSJ^2 + DJ^2)^1/2) / 2 + PE
    Total System Jitter     (TSJ):    0.050ns
    Discrete Jitter          (DJ):    0.126ns
    Phase Error              (PE):    0.125ns

    Location             Delay type                Incr(ns)  Path(ns)    Netlist Resource(s)
  -------------------------------------------------------------------    -------------------
    W20                                               0.000     0.000 f  hdmi_in_data_n[0]
                         net (fo=0)                   0.000     0.000    vision_i/rx/U0/DataDecoders[0].DecoderX/InputSERDES_X/TMDS_Data_n[0]
    V20                  IBUFDS (Prop_ibufds_IB_O)    0.994     0.994 r  vision_i/rx/U0/DataDecoders[0].DecoderX/InputSERDES_X/InputBuffer/O
                         net (fo=1, routed)           0.000     0.994    vision_i/rx/U0/DataDecoders[0].DecoderX/InputSERDES_X/sDataIn
    IDELAY_X1Y68         IDELAYE2 (Prop_idelaye2_IDATAIN_DATAOUT)
                                                      0.816     1.810 r  vision_i/rx/U0/DataDecoders[0].DecoderX/InputSERDES_X/InputDelay/DATAOUT
                         net (fo=1, routed)           0.000     1.810    vision_i/rx/U0/DataDecoders[0].DecoderX/InputSERDES_X/sDataInDly
    ILOGIC_X1Y68         ISERDESE2                                    r  vision_i/rx/U0/DataDecoders[0].DecoderX/InputSERDES_X/DeserializerMaster/DDLY
  -------------------------------------------------------------------    -------------------

                         (clock CLK_OUT_5x_hdmi_clk fall edge)
                                                      1.347     1.347 f  <hidden>
    N18                                               0.000     1.347 f  hdmi_in_clk_p
                         net (fo=0)                   0.000     1.347    vision_i/rx/U0/TMDS_ClockingX/TMDS_Clk_p
    N18                  IBUFDS (Prop_ibufds_I_O)     0.887     2.234 f  vision_i/rx/U0/TMDS_ClockingX/InputBuffer/O
                         net (fo=1, routed)           1.162     3.396    vision_i/rx/U0/TMDS_ClockingX/CLK_IN_hdmi_clk
    MMCME2_ADV_X1Y1      MMCME2_ADV (Prop_mmcme2_adv_CLKIN1_CLKOUT0)
                                                      0.084     3.480 f  vision_i/rx/U0/TMDS_ClockingX/DVI_ClkGenerator/CLKOUT0
                         net (fo=2, routed)           0.871     4.351    vision_i/rx/U0/TMDS_ClockingX/CLK_OUT_5x_hdmi_clk
    BUFIO_X1Y5           BUFIO (Prop_bufio_I_O)       1.431     5.782 f  vision_i/rx/U0/TMDS_ClockingX/SerialClkBuffer/O
                         net (fo=12, routed)          0.283     6.065    vision_i/rx/U0/DataDecoders[0].DecoderX/InputSERDES_X/CLKB
    ILOGIC_X1Y68         ISERDESE2                                    r  vision_i/rx/U0/DataDecoders[0].DecoderX/InputSERDES_X/DeserializerMaster/CLKB  (IS_INVERTED)





Min Delay Paths
--------------------------------------------------------------------------------------
Slack:                    inf
  Source:                 hdmi_in_data_p[2]
                            (input port)
  Destination:            vision_i/rx/U0/DataDecoders[2].DecoderX/InputSERDES_X/DeserializerMaster/DDLY
                            (falling edge-triggered cell ISERDESE2 clocked by CLK_OUT_5x_hdmi_clk  {rise@0.000ns fall@1.347ns period=2.694ns})
  Path Group:             (none)
  Path Type:              Hold (Min at Fast Process Corner)
  Data Path Delay:        0.689ns  (logic 0.689ns (100.000%)  route 0.000ns (0.000%))
  Logic Levels:           2  (IBUFDS=1 IDELAYE2=1)
  Clock Path Skew:        2.020ns (DCD - SCD - CPR)
    Destination Clock Delay (DCD):    2.020ns = ( 3.367 - 1.347 ) 
    Source Clock Delay      (SCD):    0.000ns
    Clock Pessimism Removal (CPR):    -0.000ns

    Location             Delay type                Incr(ns)  Path(ns)    Netlist Resource(s)
  -------------------------------------------------------------------    -------------------
    N20                                               0.000     0.000 r  hdmi_in_data_p[2]
                         net (fo=0)                   0.000     0.000    vision_i/rx/U0/DataDecoders[2].DecoderX/InputSERDES_X/TMDS_Data_p[0]
    N20                  IBUFDS (Prop_ibufds_I_O)     0.445     0.445 r  vision_i/rx/U0/DataDecoders[2].DecoderX/InputSERDES_X/InputBuffer/O
                         net (fo=1, routed)           0.000     0.445    vision_i/rx/U0/DataDecoders[2].DecoderX/InputSERDES_X/sDataIn
    IDELAY_X1Y72         IDELAYE2 (Prop_idelaye2_IDATAIN_DATAOUT)
                                                      0.244     0.689 r  vision_i/rx/U0/DataDecoders[2].DecoderX/InputSERDES_X/InputDelay/DATAOUT
                         net (fo=1, routed)           0.000     0.689    vision_i/rx/U0/DataDecoders[2].DecoderX/InputSERDES_X/sDataInDly
    ILOGIC_X1Y72         ISERDESE2                                    r  vision_i/rx/U0/DataDecoders[2].DecoderX/InputSERDES_X/DeserializerMaster/DDLY
  -------------------------------------------------------------------    -------------------

                         (clock CLK_OUT_5x_hdmi_clk fall edge)
                                                      1.347     1.347 f  <hidden>
    N18                                               0.000     1.347 f  hdmi_in_clk_p
                         net (fo=0)                   0.000     1.347    vision_i/rx/U0/TMDS_ClockingX/TMDS_Clk_p
    N18                  IBUFDS (Prop_ibufds_I_O)     0.499     1.846 f  vision_i/rx/U0/TMDS_ClockingX/InputBuffer/O
                         net (fo=1, routed)           0.480     2.326    vision_i/rx/U0/TMDS_ClockingX/CLK_IN_hdmi_clk
    MMCME2_ADV_X1Y1      MMCME2_ADV (Prop_mmcme2_adv_CLKIN1_CLKOUT0)
                                                      0.054     2.380 f  vision_i/rx/U0/TMDS_ClockingX/DVI_ClkGenerator/CLKOUT0
                         net (fo=2, routed)           0.371     2.751    vision_i/rx/U0/TMDS_ClockingX/CLK_OUT_5x_hdmi_clk
    BUFIO_X1Y5           BUFIO (Prop_bufio_I_O)       0.516     3.267 f  vision_i/rx/U0/TMDS_ClockingX/SerialClkBuffer/O
                         net (fo=12, routed)          0.100     3.367    vision_i/rx/U0/DataDecoders[2].DecoderX/InputSERDES_X/CLKB
    ILOGIC_X1Y72         ISERDESE2                                    r  vision_i/rx/U0/DataDecoders[2].DecoderX/InputSERDES_X/DeserializerMaster/CLKB  (IS_INVERTED)





--------------------------------------------------------------------------------------
Path Group:  (none)
From Clock:  
  To Clock:  clk_fpga_0

Max Delay             3 Endpoints
Min Delay             3 Endpoints
--------------------------------------------------------------------------------------


Max Delay Paths
--------------------------------------------------------------------------------------
Slack:                    inf
  Source:                 vision_i/ps7/inst/PS7_i/FCLKRESETN[0]
                            (internal pin)
  Destination:            vision_i/converter/inst/gen_axilite.gen_b2s_conv.axilite_b2s/areset_d1_reg/D
                            (rising edge-triggered cell FDRE clocked by clk_fpga_0  {rise@0.000ns fall@5.000ns period=10.000ns})
  Path Group:             (none)
  Path Type:              Setup (Max at Slow Process Corner)
  Data Path Delay:        1.393ns  (logic 0.124ns (8.903%)  route 1.269ns (91.097%))
  Logic Levels:           1  (LUT1=1)
  Clock Uncertainty:      0.152ns  ((TSJ^2 + TIJ^2)^1/2 + DJ) / 2 + PE
    Total System Jitter     (TSJ):    0.050ns
    Total Input Jitter      (TIJ):    0.300ns
    Discrete Jitter          (DJ):    0.000ns
    Phase Error              (PE):    0.000ns

    Location             Delay type                Incr(ns)  Path(ns)    Netlist Resource(s)
  -------------------------------------------------------------------    -------------------
    PS7_X0Y0             PS7                          0.000     0.000 f  vision_i/ps7/inst/PS7_i/FCLKRESETN[0]
                         net (fo=6, routed)           1.269     1.269    vision_i/converter/inst/gen_axilite.gen_b2s_conv.axilite_b2s/aresetn
    SLICE_X33Y82         LUT1 (Prop_lut1_I0_O)        0.124     1.393 r  vision_i/converter/inst/gen_axilite.gen_b2s_conv.axilite_b2s/areset_d1_i_1/O
                         net (fo=1, routed)           0.000     1.393    vision_i/converter/inst/gen_axilite.gen_b2s_conv.axilite_b2s/areset_d1_i_1_n_0
    SLICE_X33Y82         FDRE                                         r  vision_i/converter/inst/gen_axilite.gen_b2s_conv.axilite_b2s/areset_d1_reg/D
  -------------------------------------------------------------------    -------------------

                         (clock clk_fpga_0 rise edge)
                                                      0.000     0.000 r  <hidden>
    PS7_X0Y0             PS7                          0.000     0.000 r  vision_i/ps7/inst/PS7_i/FCLKCLK[0]
                         net (fo=1, routed)           1.088     1.088    vision_i/ps7/inst/FCLK_CLK_unbuffered[0]
    BUFGCTRL_X0Y16       BUFG (Prop_bufg_I_O)         0.091     1.179 r  vision_i/ps7/inst/buffer_fclk_clk_0.FCLK_CLK_0_BUFG/O
                         net (fo=1051, routed)        1.471     2.650    vision_i/converter/inst/gen_axilite.gen_b2s_conv.axilite_b2s/aclk
    SLICE_X33Y82         FDRE                                         r  vision_i/converter/inst/gen_axilite.gen_b2s_conv.axilite_b2s/areset_d1_reg/C





Min Delay Paths
--------------------------------------------------------------------------------------
Slack:                    inf
  Source:                 vision_i/ps7/inst/PS7_i/FCLKRESETN[0]
                            (internal pin)
  Destination:            vision_i/converter/inst/gen_axilite.gen_b2s_conv.axilite_b2s/SI_REG/aw.aw_pipe/aresetn_d_reg[0]/D
                            (rising edge-triggered cell FDRE clocked by clk_fpga_0  {rise@0.000ns fall@5.000ns period=10.000ns})
  Path Group:             (none)
  Path Type:              Hold (Min at Fast Process Corner)
  Data Path Delay:        0.336ns  (logic 0.000ns (0.000%)  route 0.336ns (100.000%))
  Logic Levels:           0  
  Clock Uncertainty:      0.152ns  ((TSJ^2 + TIJ^2)^1/2 + DJ) / 2 + PE
    Total System Jitter     (TSJ):    0.050ns
    Total Input Jitter      (TIJ):    0.300ns
    Discrete Jitter          (DJ):    0.000ns
    Phase Error              (PE):    0.000ns

    Location             Delay type                Incr(ns)  Path(ns)    Netlist Resource(s)
  -------------------------------------------------------------------    -------------------
    PS7_X0Y0             PS7                          0.000     0.000 r  vision_i/ps7/inst/PS7_i/FCLKRESETN[0]
                         net (fo=6, routed)           0.336     0.336    vision_i/converter/inst/gen_axilite.gen_b2s_conv.axilite_b2s/SI_REG/aw.aw_pipe/aresetn
    SLICE_X30Y86         FDRE                                         r  vision_i/converter/inst/gen_axilite.gen_b2s_conv.axilite_b2s/SI_REG/aw.aw_pipe/aresetn_d_reg[0]/D
  -------------------------------------------------------------------    -------------------

                         (clock clk_fpga_0 rise edge)
                                                      0.000     0.000 r  <hidden>
    PS7_X0Y0             PS7                          0.000     0.000 r  vision_i/ps7/inst/PS7_i/FCLKCLK[0]
                         net (fo=1, routed)           0.337     0.337    vision_i/ps7/inst/FCLK_CLK_unbuffered[0]
    BUFGCTRL_X0Y16       BUFG (Prop_bufg_I_O)         0.029     0.366 r  vision_i/ps7/inst/buffer_fclk_clk_0.FCLK_CLK_0_BUFG/O
                         net (fo=1051, routed)        0.839     1.205    vision_i/converter/inst/gen_axilite.gen_b2s_conv.axilite_b2s/SI_REG/aw.aw_pipe/aclk
    SLICE_X30Y86         FDRE                                         r  vision_i/converter/inst/gen_axilite.gen_b2s_conv.axilite_b2s/SI_REG/aw.aw_pipe/aresetn_d_reg[0]/C





--------------------------------------------------------------------------------------
Path Group:  (none)
From Clock:  
  To Clock:  clk_fpga_2

Max Delay             3 Endpoints
Min Delay             3 Endpoints
--------------------------------------------------------------------------------------


Max Delay Paths
--------------------------------------------------------------------------------------
Slack:                    inf
  Source:                 hdmi_in_ddc_sda_io
                            (input port)
  Destination:            vision_i/rx/U0/GenerateDDC.DDC_EEPROM/I2C_SlaveController/SyncSDA/oSyncStages_reg[0]/D
                            (rising edge-triggered cell FDRE clocked by clk_fpga_2  {rise@0.000ns fall@2.500ns period=5.000ns})
  Path Group:             (none)
  Path Type:              Setup (Max at Slow Process Corner)
  Data Path Delay:        2.655ns  (logic 1.585ns (59.697%)  route 1.070ns (40.303%))
  Logic Levels:           1  (IBUF=1)
  Clock Path Skew:        2.854ns (DCD - SCD + CPR)
    Destination Clock Delay (DCD):    2.854ns
    Source Clock Delay      (SCD):    0.000ns
    Clock Pessimism Removal (CPR):    0.000ns
  Clock Uncertainty:      0.079ns  ((TSJ^2 + TIJ^2)^1/2 + DJ) / 2 + PE
    Total System Jitter     (TSJ):    0.050ns
    Total Input Jitter      (TIJ):    0.150ns
    Discrete Jitter          (DJ):    0.000ns
    Phase Error              (PE):    0.000ns

    Location             Delay type                Incr(ns)  Path(ns)    Netlist Resource(s)
  -------------------------------------------------------------------    -------------------
    U15                                               0.000     0.000 r  hdmi_in_ddc_sda_io
                         net (fo=1, unset)            0.000     0.000    hdmi_in_ddc_sda_iobuf/IO
    U15                  IBUF (Prop_ibuf_I_O)         1.585     1.585 r  hdmi_in_ddc_sda_iobuf/IBUF/O
                         net (fo=1, routed)           1.070     2.655    vision_i/rx/U0/GenerateDDC.DDC_EEPROM/I2C_SlaveController/SyncSDA/SDA_I
    SLICE_X112Y80        FDRE                                         r  vision_i/rx/U0/GenerateDDC.DDC_EEPROM/I2C_SlaveController/SyncSDA/oSyncStages_reg[0]/D
  -------------------------------------------------------------------    -------------------

                         (clock clk_fpga_2 rise edge)
                                                      0.000     0.000 r  <hidden>
    PS7_X0Y0             PS7                          0.000     0.000 r  vision_i/ps7/inst/PS7_i/FCLKCLK[2]
                         net (fo=1, routed)           1.088     1.088    vision_i/ps7/inst/FCLK_CLK_unbuffered[2]
    BUFGCTRL_X0Y17       BUFG (Prop_bufg_I_O)         0.091     1.179 r  vision_i/ps7/inst/buffer_fclk_clk_2.FCLK_CLK_2_BUFG/O
                         net (fo=158, routed)         1.675     2.854    vision_i/rx/U0/GenerateDDC.DDC_EEPROM/I2C_SlaveController/SyncSDA/RefClk
    SLICE_X112Y80        FDRE                                         r  vision_i/rx/U0/GenerateDDC.DDC_EEPROM/I2C_SlaveController/SyncSDA/oSyncStages_reg[0]/C





Min Delay Paths
--------------------------------------------------------------------------------------
Slack:                    inf
  Source:                 vision_i/rx/U0/TMDS_ClockingX/DVI_ClkGenerator/LOCKED
                            (internal pin)
  Destination:            vision_i/rx/U0/TMDS_ClockingX/MMCM_LockSync/oSyncStages_reg[0]/D
                            (rising edge-triggered cell FDRE clocked by clk_fpga_2  {rise@0.000ns fall@2.500ns period=5.000ns})
  Path Group:             (none)
  Path Type:              Hold (Min at Fast Process Corner)
  Data Path Delay:        0.580ns  (logic 0.000ns (0.000%)  route 0.580ns (100.000%))
  Logic Levels:           0  
  Clock Uncertainty:      0.079ns  ((TSJ^2 + TIJ^2)^1/2 + DJ) / 2 + PE
    Total System Jitter     (TSJ):    0.050ns
    Total Input Jitter      (TIJ):    0.150ns
    Discrete Jitter          (DJ):    0.000ns
    Phase Error              (PE):    0.000ns

    Location             Delay type                Incr(ns)  Path(ns)    Netlist Resource(s)
  -------------------------------------------------------------------    -------------------
    MMCME2_ADV_X1Y1      MMCME2_ADV                   0.000     0.000 r  vision_i/rx/U0/TMDS_ClockingX/DVI_ClkGenerator/LOCKED
                         net (fo=1, routed)           0.580     0.580    vision_i/rx/U0/TMDS_ClockingX/MMCM_LockSync/oSyncStages_reg[0]_0[0]
    SLICE_X107Y77        FDRE                                         r  vision_i/rx/U0/TMDS_ClockingX/MMCM_LockSync/oSyncStages_reg[0]/D
  -------------------------------------------------------------------    -------------------

                         (clock clk_fpga_2 rise edge)
                                                      0.000     0.000 r  <hidden>
    PS7_X0Y0             PS7                          0.000     0.000 r  vision_i/ps7/inst/PS7_i/FCLKCLK[2]
                         net (fo=1, routed)           0.337     0.337    vision_i/ps7/inst/FCLK_CLK_unbuffered[2]
    BUFGCTRL_X0Y17       BUFG (Prop_bufg_I_O)         0.029     0.366 r  vision_i/ps7/inst/buffer_fclk_clk_2.FCLK_CLK_2_BUFG/O
                         net (fo=158, routed)         0.892     1.258    vision_i/rx/U0/TMDS_ClockingX/MMCM_LockSync/RefClk
    SLICE_X107Y77        FDRE                                         r  vision_i/rx/U0/TMDS_ClockingX/MMCM_LockSync/oSyncStages_reg[0]/C





--------------------------------------------------------------------------------------
Path Group:  (none)
From Clock:  
  To Clock:  dbg_hub/inst/BSCANID.u_xsdbm_id/SWITCH_N_EXT_BSCAN.bscan_inst/SERIES7_BSCAN.bscan_inst/TCK

Max Delay           257 Endpoints
Min Delay           257 Endpoints
--------------------------------------------------------------------------------------


Max Delay Paths
--------------------------------------------------------------------------------------
Slack:                    inf
  Source:                 dbg_hub/inst/BSCANID.u_xsdbm_id/SWITCH_N_EXT_BSCAN.bscan_inst/SERIES7_BSCAN.bscan_inst/SHIFT
                            (internal pin)
  Destination:            dbg_hub/inst/BSCANID.u_xsdbm_id/CORE_XSDB.U_ICON/U_STAT/iSTAT_CNT_reg[0]/R
                            (rising edge-triggered cell FDRE clocked by dbg_hub/inst/BSCANID.u_xsdbm_id/SWITCH_N_EXT_BSCAN.bscan_inst/SERIES7_BSCAN.bscan_inst/TCK  {rise@0.000ns fall@16.500ns period=33.000ns})
  Path Group:             (none)
  Path Type:              Setup (Max at Slow Process Corner)
  Data Path Delay:        6.100ns  (logic 0.367ns (6.017%)  route 5.733ns (93.983%))
  Logic Levels:           3  (LUT4=1 LUT5=2)
  Clock Uncertainty:      0.025ns  ((TSJ^2 + TIJ^2)^1/2 + DJ) / 2 + PE
    Total System Jitter     (TSJ):    0.050ns
    Total Input Jitter      (TIJ):    0.000ns
    Discrete Jitter          (DJ):    0.000ns
    Phase Error              (PE):    0.000ns

    Location             Delay type                Incr(ns)  Path(ns)    Netlist Resource(s)
  -------------------------------------------------------------------    -------------------
    BSCAN_X0Y0           BSCANE2                      0.000     0.000 f  dbg_hub/inst/BSCANID.u_xsdbm_id/SWITCH_N_EXT_BSCAN.bscan_inst/SERIES7_BSCAN.bscan_inst/SHIFT
                         net (fo=37, routed)          3.555     3.555    dbg_hub/inst/BSCANID.u_xsdbm_id/SWITCH_N_EXT_BSCAN.bscan_switch/s_bscan_shift
    SLICE_X58Y119        LUT5 (Prop_lut5_I4_O)        0.124     3.679 f  dbg_hub/inst/BSCANID.u_xsdbm_id/SWITCH_N_EXT_BSCAN.bscan_switch/m_bscan_shift[0]_INST_0/O
                         net (fo=4, routed)           0.983     4.662    dbg_hub/inst/BSCANID.u_xsdbm_id/CORE_XSDB.U_ICON/U_CMD/icn_cmd_en_reg[7]
    SLICE_X52Y119        LUT4 (Prop_lut4_I1_O)        0.124     4.786 f  dbg_hub/inst/BSCANID.u_xsdbm_id/CORE_XSDB.U_ICON/U_CMD/iSTAT_CNT[5]_i_4/O
                         net (fo=1, routed)           0.279     5.065    dbg_hub/inst/BSCANID.u_xsdbm_id/CORE_XSDB.U_ICON/U_CMD/iSTAT_CNT[5]_i_4_n_0
    SLICE_X52Y119        LUT5 (Prop_lut5_I4_O)        0.119     5.184 r  dbg_hub/inst/BSCANID.u_xsdbm_id/CORE_XSDB.U_ICON/U_CMD/iSTAT_CNT[5]_i_1/O
                         net (fo=6, routed)           0.915     6.100    dbg_hub/inst/BSCANID.u_xsdbm_id/CORE_XSDB.U_ICON/U_STAT/SR[0]
    SLICE_X51Y130        FDRE                                         r  dbg_hub/inst/BSCANID.u_xsdbm_id/CORE_XSDB.U_ICON/U_STAT/iSTAT_CNT_reg[0]/R
  -------------------------------------------------------------------    -------------------

                         (clock dbg_hub/inst/BSCANID.u_xsdbm_id/SWITCH_N_EXT_BSCAN.bscan_inst/SERIES7_BSCAN.bscan_inst/TCK rise edge)
                                                      0.000     0.000 r  <hidden>
    BSCAN_X0Y0           BSCANE2                      0.000     0.000 r  dbg_hub/inst/BSCANID.u_xsdbm_id/SWITCH_N_EXT_BSCAN.bscan_inst/SERIES7_BSCAN.bscan_inst/TCK
                         net (fo=1, routed)           1.994     1.994    dbg_hub/inst/BSCANID.u_xsdbm_id/tck_bs
    BUFGCTRL_X0Y0        BUFG (Prop_bufg_I_O)         0.091     2.085 r  dbg_hub/inst/BSCANID.u_xsdbm_id/SWITCH_N_EXT_BSCAN.u_bufg_icon_tck/O
                         net (fo=482, routed)         1.632     3.717    dbg_hub/inst/BSCANID.u_xsdbm_id/CORE_XSDB.U_ICON/U_STAT/m_bscan_tck[0]
    SLICE_X51Y130        FDRE                                         r  dbg_hub/inst/BSCANID.u_xsdbm_id/CORE_XSDB.U_ICON/U_STAT/iSTAT_CNT_reg[0]/C





Min Delay Paths
--------------------------------------------------------------------------------------
Slack:                    inf
  Source:                 dbg_hub/inst/BSCANID.u_xsdbm_id/SWITCH_N_EXT_BSCAN.bscan_inst/SERIES7_BSCAN.bscan_inst/CAPTURE
                            (internal pin)
  Destination:            dbg_hub/inst/BSCANID.u_xsdbm_id/SWITCH_N_EXT_BSCAN.bscan_switch/shiftreg_reg[13]/D
                            (rising edge-triggered cell FDRE clocked by dbg_hub/inst/BSCANID.u_xsdbm_id/SWITCH_N_EXT_BSCAN.bscan_inst/SERIES7_BSCAN.bscan_inst/TCK  {rise@0.000ns fall@16.500ns period=33.000ns})
  Path Group:             (none)
  Path Type:              Hold (Min at Fast Process Corner)
  Data Path Delay:        0.831ns  (logic 0.045ns (5.414%)  route 0.786ns (94.586%))
  Logic Levels:           1  (LUT5=1)
  Clock Uncertainty:      0.025ns  ((TSJ^2 + TIJ^2)^1/2 + DJ) / 2 + PE
    Total System Jitter     (TSJ):    0.050ns
    Total Input Jitter      (TIJ):    0.000ns
    Discrete Jitter          (DJ):    0.000ns
    Phase Error              (PE):    0.000ns

    Location             Delay type                Incr(ns)  Path(ns)    Netlist Resource(s)
  -------------------------------------------------------------------    -------------------
    BSCAN_X0Y0           BSCANE2                      0.000     0.000 r  dbg_hub/inst/BSCANID.u_xsdbm_id/SWITCH_N_EXT_BSCAN.bscan_inst/SERIES7_BSCAN.bscan_inst/CAPTURE
                         net (fo=35, routed)          0.786     0.786    dbg_hub/inst/BSCANID.u_xsdbm_id/SWITCH_N_EXT_BSCAN.bscan_switch/s_bscan_capture
    SLICE_X65Y116        LUT5 (Prop_lut5_I1_O)        0.045     0.831 r  dbg_hub/inst/BSCANID.u_xsdbm_id/SWITCH_N_EXT_BSCAN.bscan_switch/shiftreg[13]_i_1/O
                         net (fo=1, routed)           0.000     0.831    dbg_hub/inst/BSCANID.u_xsdbm_id/SWITCH_N_EXT_BSCAN.bscan_switch/shiftreg[13]_i_1_n_0
    SLICE_X65Y116        FDRE                                         r  dbg_hub/inst/BSCANID.u_xsdbm_id/SWITCH_N_EXT_BSCAN.bscan_switch/shiftreg_reg[13]/D
  -------------------------------------------------------------------    -------------------

                         (clock dbg_hub/inst/BSCANID.u_xsdbm_id/SWITCH_N_EXT_BSCAN.bscan_inst/SERIES7_BSCAN.bscan_inst/TCK rise edge)
                                                      0.000     0.000 r  <hidden>
    BSCAN_X0Y0           BSCANE2                      0.000     0.000 r  dbg_hub/inst/BSCANID.u_xsdbm_id/SWITCH_N_EXT_BSCAN.bscan_inst/SERIES7_BSCAN.bscan_inst/TCK
                         net (fo=1, routed)           1.160     1.160    dbg_hub/inst/BSCANID.u_xsdbm_id/tck_bs
    BUFGCTRL_X0Y0        BUFG (Prop_bufg_I_O)         0.029     1.189 r  dbg_hub/inst/BSCANID.u_xsdbm_id/SWITCH_N_EXT_BSCAN.u_bufg_icon_tck/O
                         net (fo=482, routed)         0.929     2.118    dbg_hub/inst/BSCANID.u_xsdbm_id/SWITCH_N_EXT_BSCAN.bscan_switch/s_bscan_tck
    SLICE_X65Y116        FDRE                                         r  dbg_hub/inst/BSCANID.u_xsdbm_id/SWITCH_N_EXT_BSCAN.bscan_switch/shiftreg_reg[13]/C





