Copyright 1986-2022 Xilinx, Inc. All Rights Reserved. Copyright 2022-2026 Advanced Micro Devices, Inc. All Rights Reserved.
---------------------------------------------------------------------------------------------------------------------------------------------
| Tool Version : Vivado v.2026.1 (win64) Build 6511674 Tue Jun 16 11:02:23 MDT 2026
| Date         : Wed Oct  7 02:31:38 2026
| Host         : never-die-cold running 64-bit major release  (build 9200)
| Command      : report_timing_summary -report_unconstrained -return_string -file data/logs/2026-10-07-hdmi-diagnostic/hdmi/timing.rpt
| Design       : vision_wrapper
| Device       : 7z020-clg400
| Speed File   : -1  PRODUCTION 1.12 2019-11-22
| Design State : Routed
---------------------------------------------------------------------------------------------------------------------------------------------

Timing Summary Report

------------------------------------------------------------------------------------------------
| Timer Settings
| --------------
------------------------------------------------------------------------------------------------

  Enable Multi Corner Analysis               :  Yes
  Enable Pessimism Removal                   :  Yes
  Pessimism Removal Resolution               :  Nearest Common Node
  Enable Input Delay Default Clock           :  No
  Enable Preset / Clear Arcs                 :  No
  Disable Flight Delays                      :  No
  Ignore I/O Paths                           :  No
  Timing Early Launch at Borrowing Latches   :  No
  Borrow Time for Max Delay Exceptions       :  Yes
  Merge Timing Exceptions                    :  Yes
  Inter-SLR Compensation                     :  Conservative

  Corner  Analyze    Analyze    
  Name    Max Paths  Min Paths  
  ------  ---------  ---------  
  Slow    Yes        Yes        
  Fast    Yes        Yes        


------------------------------------------------------------------------------------------------
| Report Methodology
| ------------------
------------------------------------------------------------------------------------------------

Rule       Severity  Description                                  Violations  
---------  --------  -------------------------------------------  ----------  
CKBF-1     Warning   connects_I_driver_BUFR                       1           
LUTAR-1    Warning   LUT drives async reset alert                 5           
TIMING-9   Warning   Unknown CDC Logic                            1           
TIMING-18  Warning   Missing input or output delay                3           
XDCB-5     Warning   Runtime inefficient way to find pin objects  5           

Note: This report is based on the most recent report_methodology run and may not be up-to-date. Run report_methodology on the current design for the latest report.



check_timing report

Table of Contents
-----------------
1. checking no_clock (0)
2. checking constant_clock (0)
3. checking pulse_width_clock (0)
4. checking unconstrained_internal_endpoints (0)
5. checking no_input_delay (5)
6. checking no_output_delay (5)
7. checking multiple_clock (0)
8. checking generated_clocks (0)
9. checking loops (0)
10. checking partial_input_delay (0)
11. checking partial_output_delay (0)
12. checking latch_loops (0)

1. checking no_clock (0)
------------------------
 There are 0 register/latch pins with no clock.


2. checking constant_clock (0)
------------------------------
 There are 0 register/latch pins with constant_clock.


3. checking pulse_width_clock (0)
---------------------------------
 There are 0 register/latch pins which need pulse_width check


4. checking unconstrained_internal_endpoints (0)
------------------------------------------------
 There are 0 pins that are not constrained for maximum delay.

 There are 0 pins that are not constrained for maximum delay due to constant clock.


5. checking no_input_delay (5)
------------------------------
 There are 5 input ports with no input delay specified. (HIGH)

 There are 0 input ports with no input delay but user has a false path constraint.


6. checking no_output_delay (5)
-------------------------------
 There are 5 ports with no output delay specified. (HIGH)

 There are 0 ports with no output delay but user has a false path constraint

 There are 0 ports with no output delay but with a timing clock defined on it or propagating through it


7. checking multiple_clock (0)
------------------------------
 There are 0 register/latch pins with multiple clocks.


8. checking generated_clocks (0)
--------------------------------
 There are 0 generated clocks that are not connected to a clock source.


9. checking loops (0)
---------------------
 There are 0 combinational loops in the design.


10. checking partial_input_delay (0)
------------------------------------
 There are 0 input ports with partial input delay specified.


11. checking partial_output_delay (0)
-------------------------------------
 There are 0 ports with partial output delay specified.


12. checking latch_loops (0)
----------------------------
 There are 0 combinational latch loops in the design through latch input



------------------------------------------------------------------------------------------------
| Design Timing Summary
| ---------------------
------------------------------------------------------------------------------------------------

    WNS(ns)      TNS(ns)  TNS Failing Endpoints  TNS Total Endpoints      WHS(ns)      THS(ns)  THS Failing Endpoints  THS Total Endpoints     WPWS(ns)     TPWS(ns)  TPWS Failing Endpoints  TPWS Total Endpoints  
    -------      -------  ---------------------  -------------------      -------      -------  ---------------------  -------------------     --------     --------  ----------------------  --------------------  
      0.408        0.000                      0                14478        0.025        0.000                      0                14281        0.264        0.000                       0                  6111  


All user specified timing constraints are met.


------------------------------------------------------------------------------------------------
| Clock Summary
| -------------
------------------------------------------------------------------------------------------------

Clock                                                                                       Waveform(ns)         Period(ns)      Frequency(MHz)
-----                                                                                       ------------         ----------      --------------
clk_fpga_0                                                                                  {0.000 5.000}        10.000          100.000         
clk_fpga_1                                                                                  {0.000 3.500}        7.000           142.857         
clk_fpga_2                                                                                  {0.000 2.500}        5.000           200.000         
clk_fpga_3                                                                                  {0.000 5.000}        10.000          100.000         
dbg_hub/inst/BSCANID.u_xsdbm_id/SWITCH_N_EXT_BSCAN.bscan_inst/SERIES7_BSCAN.bscan_inst/TCK  {0.000 16.500}       33.000          30.303          
hdmi_pixel_in                                                                               {0.000 6.734}        13.468          74.250          
  CLKFBIN                                                                                   {0.000 6.734}        13.468          74.250          
  CLK_OUT_5x_hdmi_clk                                                                       {0.000 1.347}        2.694           371.250         
    PixelClk_int                                                                            {0.000 5.387}        13.468          74.250          
      FeedbackClkOut                                                                        {0.000 6.734}        13.468          74.250          
        CLKFBIN_1                                                                           {0.000 6.734}        13.468          74.250          
      PixelClkInX5                                                                          {0.000 1.347}        2.694           371.250         
        PixelClkIO                                                                          {0.000 5.387}        13.468          74.250          


------------------------------------------------------------------------------------------------
| Intra Clock Table
| -----------------
------------------------------------------------------------------------------------------------

Clock                                                                                           WNS(ns)      TNS(ns)  TNS Failing Endpoints  TNS Total Endpoints      WHS(ns)      THS(ns)  THS Failing Endpoints  THS Total Endpoints     WPWS(ns)     TPWS(ns)  TPWS Failing Endpoints  TPWS Total Endpoints  
-----                                                                                           -------      -------  ---------------------  -------------------      -------      -------  ---------------------  -------------------     --------     --------  ----------------------  --------------------  
clk_fpga_0                                                                                        1.914        0.000                      0                 2376        0.028        0.000                      0                 2376        4.020        0.000                       0                  1197  
clk_fpga_2                                                                                        1.159        0.000                      0                  339        0.122        0.000                      0                  339        0.264        0.000                       0                   159  
dbg_hub/inst/BSCANID.u_xsdbm_id/SWITCH_N_EXT_BSCAN.bscan_inst/SERIES7_BSCAN.bscan_inst/TCK       26.278        0.000                      0                  928        0.095        0.000                      0                  928       15.250        0.000                       0                   483  
hdmi_pixel_in                                                                                                                                                                                                                                 3.734        0.000                       0                     1  
  CLKFBIN                                                                                                                                                                                                                                    12.219        0.000                       0                     2  
  CLK_OUT_5x_hdmi_clk                                                                                                                                                                                                                         1.027        0.000                       0                    15  
    PixelClk_int                                                                                  0.408        0.000                      0                 8430        0.025        0.000                      0                 8430        2.387        0.000                       0                  4232  
      FeedbackClkOut                                                                                                                                                                                                                         10.294        0.000                       0                     2  
        CLKFBIN_1                                                                                                                                                                                                                            12.219        0.000                       0                     1  
      PixelClkInX5                                                                                                                                                                                                                            1.027        0.000                       0                    11  
        PixelClkIO                                                                                                                                                                                                                           11.801        0.000                       0                     8  


------------------------------------------------------------------------------------------------
| Inter Clock Table
| -----------------
------------------------------------------------------------------------------------------------

From Clock                                                                                  To Clock                                                                                        WNS(ns)      TNS(ns)  TNS Failing Endpoints  TNS Total Endpoints      WHS(ns)      THS(ns)  THS Failing Endpoints  THS Total Endpoints  
----------                                                                                  --------                                                                                        -------      -------  ---------------------  -------------------      -------      -------  ---------------------  -------------------  
PixelClk_int                                                                                dbg_hub/inst/BSCANID.u_xsdbm_id/SWITCH_N_EXT_BSCAN.bscan_inst/SERIES7_BSCAN.bscan_inst/TCK       12.097        0.000                      0                    8                                                                        
clk_fpga_0                                                                                  PixelClk_int                                                                                      8.256        0.000                      0                  181                                                                        
dbg_hub/inst/BSCANID.u_xsdbm_id/SWITCH_N_EXT_BSCAN.bscan_inst/SERIES7_BSCAN.bscan_inst/TCK  PixelClk_int                                                                                     31.358        0.000                      0                    8                                                                        
PixelClk_int                                                                                PixelClkIO                                                                                        8.243        0.000                      0                   38        0.168        0.000                      0                   38  


------------------------------------------------------------------------------------------------
| Other Path Groups Table
| -----------------------
------------------------------------------------------------------------------------------------

Path Group                                                                                  From Clock                                                                                  To Clock                                                                                        WNS(ns)      TNS(ns)  TNS Failing Endpoints  TNS Total Endpoints      WHS(ns)      THS(ns)  THS Failing Endpoints  THS Total Endpoints  
----------                                                                                  ----------                                                                                  --------                                                                                        -------      -------  ---------------------  -------------------      -------      -------  ---------------------  -------------------  
**async_default**                                                                           PixelClk_int                                                                                PixelClk_int                                                                                      5.549        0.000                      0                 1420        0.345        0.000                      0                 1420  
**async_default**                                                                           clk_fpga_0                                                                                  clk_fpga_0                                                                                        3.572        0.000                      0                  647        0.469        0.000                      0                  647  
**async_default**                                                                           clk_fpga_2                                                                                  clk_fpga_2                                                                                        2.492        0.000                      0                    3        0.433        0.000                      0                    3  
**async_default**                                                                           dbg_hub/inst/BSCANID.u_xsdbm_id/SWITCH_N_EXT_BSCAN.bscan_inst/SERIES7_BSCAN.bscan_inst/TCK  dbg_hub/inst/BSCANID.u_xsdbm_id/SWITCH_N_EXT_BSCAN.bscan_inst/SERIES7_BSCAN.bscan_inst/TCK       28.190        0.000                      0                  100        0.375        0.000                      0                  100  


------------------------------------------------------------------------------------------------
| User Ignored Path Table
| -----------------------
------------------------------------------------------------------------------------------------

Path Group                                                                                  From Clock                                                                                  To Clock                                                                                  
----------                                                                                  ----------                                                                                  --------                                                                                  
(none)                                                                                                                                                                                  PixelClk_int                                                                                
(none)                                                                                      PixelClk_int                                                                                PixelClk_int                                                                                
(none)                                                                                      clk_fpga_0                                                                                  PixelClk_int                                                                                
(none)                                                                                      clk_fpga_2                                                                                  PixelClk_int                                                                                
(none)                                                                                      dbg_hub/inst/BSCANID.u_xsdbm_id/SWITCH_N_EXT_BSCAN.bscan_inst/SERIES7_BSCAN.bscan_inst/TCK  PixelClk_int                                                                                
(none)                                                                                                                                                                                  clk_fpga_0                                                                                  
(none)                                                                                      PixelClk_int                                                                                clk_fpga_0                                                                                  
(none)                                                                                                                                                                                  clk_fpga_2                                                                                  
(none)                                                                                      PixelClk_int                                                                                clk_fpga_2                                                                                  
(none)                                                                                      PixelClk_int                                                                                dbg_hub/inst/BSCANID.u_xsdbm_id/SWITCH_N_EXT_BSCAN.bscan_inst/SERIES7_BSCAN.bscan_inst/TCK  


------------------------------------------------------------------------------------------------
| Unconstrained Path Table
| ------------------------
------------------------------------------------------------------------------------------------

Path Group                                                                                  From Clock                                                                                  To Clock                                                                                  
----------                                                                                  ----------                                                                                  --------                                                                                  
(none)                                                                                      PixelClkInX5                                                                                                                                                                            
(none)                                                                                      clk_fpga_2                                                                                                                                                                              
(none)                                                                                                                                                                                  CLK_OUT_5x_hdmi_clk                                                                         
(none)                                                                                                                                                                                  clk_fpga_0                                                                                  
(none)                                                                                                                                                                                  clk_fpga_2                                                                                  
(none)                                                                                                                                                                                  dbg_hub/inst/BSCANID.u_xsdbm_id/SWITCH_N_EXT_BSCAN.bscan_inst/SERIES7_BSCAN.bscan_inst/TCK  


------------------------------------------------------------------------------------------------
| Timing Details
| --------------
------------------------------------------------------------------------------------------------


---------------------------------------------------------------------------------------------------
From Clock:  clk_fpga_0
  To Clock:  clk_fpga_0

Setup :            0  Failing Endpoints,  Worst Slack        1.914ns,  Total Violation        0.000ns
Hold  :            0  Failing Endpoints,  Worst Slack        0.028ns,  Total Violation        0.000ns
PW    :            0  Failing Endpoints,  Worst Slack        4.020ns,  Total Violation        0.000ns
---------------------------------------------------------------------------------------------------


Max Delay Paths
--------------------------------------------------------------------------------------
Slack (MET) :             1.914ns  (required time - arrival time)
  Source:                 vision_i/converter/inst/gen_axilite.gen_b2s_conv.axilite_b2s/SI_REG/aw.aw_pipe/m_payload_i_reg[39]/C
                            (rising edge-triggered cell FDRE clocked by clk_fpga_0  {rise@0.000ns fall@5.000ns period=10.000ns})
  Destination:            vision_i/pipe/inst/u_pipeline/u_vision/u_regs/mem_reg[3][0]/CE
                            (rising edge-triggered cell FDCE clocked by clk_fpga_0  {rise@0.000ns fall@5.000ns period=10.000ns})
  Path Group:             clk_fpga_0
  Path Type:              Setup (Max at Slow Process Corner)
  Requirement:            10.000ns  (clk_fpga_0 rise@10.000ns - clk_fpga_0 rise@0.000ns)
  Data Path Delay:        7.614ns  (logic 1.734ns (22.774%)  route 5.880ns (77.226%))
  Logic Levels:           7  (LUT3=2 LUT4=1 LUT5=3 LUT6=1)
  Clock Path Skew:        -0.113ns (DCD - SCD + CPR)
    Destination Clock Delay (DCD):    2.647ns = ( 12.647 - 10.000 ) 
    Source Clock Delay      (SCD):    2.989ns
    Clock Pessimism Removal (CPR):    0.229ns
  Clock Uncertainty:      0.154ns  ((TSJ^2 + TIJ^2)^1/2 + DJ) / 2 + PE
    Total System Jitter     (TSJ):    0.071ns
    Total Input Jitter      (TIJ):    0.300ns
    Discrete Jitter          (DJ):    0.000ns
    Phase Error              (PE):    0.000ns

    Location             Delay type                Incr(ns)  Path(ns)    Netlist Resource(s)
  -------------------------------------------------------------------    -------------------
                         (clock clk_fpga_0 rise edge)
                                                      0.000     0.000 r  <hidden>
    PS7_X0Y0             PS7                          0.000     0.000 r  vision_i/ps7/inst/PS7_i/FCLKCLK[0]
                         net (fo=1, routed)           1.193     1.193    vision_i/ps7/inst/FCLK_CLK_unbuffered[0]
    BUFGCTRL_X0Y16       BUFG (Prop_bufg_I_O)         0.101     1.294 r  vision_i/ps7/inst/buffer_fclk_clk_0.FCLK_CLK_0_BUFG/O
                         net (fo=1197, routed)        1.695     2.989    vision_i/converter/inst/gen_axilite.gen_b2s_conv.axilite_b2s/SI_REG/aw.aw_pipe/aclk
    SLICE_X26Y96         FDRE                                         r  vision_i/converter/inst/gen_axilite.gen_b2s_conv.axilite_b2s/SI_REG/aw.aw_pipe/m_payload_i_reg[39]/C
  -------------------------------------------------------------------    -------------------
    SLICE_X26Y96         FDRE (Prop_fdre_C_Q)         0.478     3.467 f  vision_i/converter/inst/gen_axilite.gen_b2s_conv.axilite_b2s/SI_REG/aw.aw_pipe/m_payload_i_reg[39]/Q
                         net (fo=14, routed)          1.149     4.616    vision_i/converter/inst/gen_axilite.gen_b2s_conv.axilite_b2s/SI_REG/aw.aw_pipe/m_payload_i_reg[61]_0[37]
    SLICE_X29Y88         LUT3 (Prop_lut3_I0_O)        0.295     4.911 r  vision_i/converter/inst/gen_axilite.gen_b2s_conv.axilite_b2s/SI_REG/aw.aw_pipe/m_axi_awaddr[11]_INST_0_i_1/O
                         net (fo=10, routed)          0.455     5.366    vision_i/converter/inst/gen_axilite.gen_b2s_conv.axilite_b2s/SI_REG/aw.aw_pipe/m_axi_awaddr[11]_INST_0_i_1_n_0
    SLICE_X29Y88         LUT6 (Prop_lut6_I5_O)        0.124     5.490 r  vision_i/converter/inst/gen_axilite.gen_b2s_conv.axilite_b2s/SI_REG/aw.aw_pipe/m_axi_awaddr[7]_INST_0/O
                         net (fo=1, routed)           0.577     6.067    vision_i/pipe/inst/u_pipeline/u_vision/u_regs/s_axi_awaddr[5]
    SLICE_X28Y90         LUT5 (Prop_lut5_I0_O)        0.124     6.191 r  vision_i/pipe/inst/u_pipeline/u_vision/u_regs/aw_q[6]_i_4/O
                         net (fo=1, routed)           0.280     6.471    vision_i/pipe/inst/u_pipeline/u_vision/u_regs/aw_q[6]_i_4_n_0
    SLICE_X28Y90         LUT5 (Prop_lut5_I0_O)        0.124     6.595 r  vision_i/pipe/inst/u_pipeline/u_vision/u_regs/aw_q[6]_i_3/O
                         net (fo=13, routed)          0.829     7.424    vision_i/pipe/inst/u_pipeline/u_vision/u_regs/aw_q[6]_i_3_n_0
    SLICE_X32Y89         LUT4 (Prop_lut4_I3_O)        0.117     7.541 f  vision_i/pipe/inst/u_pipeline/u_vision/u_regs/write_response[1]_i_5/O
                         net (fo=8, routed)           1.070     8.611    vision_i/pipe/inst/u_pipeline/u_vision/u_regs/write_response[1]_i_5_n_0
    SLICE_X36Y92         LUT3 (Prop_lut3_I0_O)        0.348     8.959 f  vision_i/pipe/inst/u_pipeline/u_vision/u_regs/mem[3][31]_i_2/O
                         net (fo=4, routed)           0.642     9.601    vision_i/pipe/inst/u_pipeline/u_vision/u_regs/mem[3][31]_i_2_n_0
    SLICE_X38Y88         LUT5 (Prop_lut5_I4_O)        0.124     9.725 r  vision_i/pipe/inst/u_pipeline/u_vision/u_regs/mem[3][7]_i_1/O
                         net (fo=8, routed)           0.878    10.603    vision_i/pipe/inst/u_pipeline/u_vision/u_regs/mem[3][7]_i_1_n_0
    SLICE_X41Y79         FDCE                                         r  vision_i/pipe/inst/u_pipeline/u_vision/u_regs/mem_reg[3][0]/CE
  -------------------------------------------------------------------    -------------------

                         (clock clk_fpga_0 rise edge)
                                                     10.000    10.000 r  <hidden>
    PS7_X0Y0             PS7                          0.000    10.000 r  vision_i/ps7/inst/PS7_i/FCLKCLK[0]
                         net (fo=1, routed)           1.088    11.088    vision_i/ps7/inst/FCLK_CLK_unbuffered[0]
    BUFGCTRL_X0Y16       BUFG (Prop_bufg_I_O)         0.091    11.179 r  vision_i/ps7/inst/buffer_fclk_clk_0.FCLK_CLK_0_BUFG/O
                         net (fo=1197, routed)        1.468    12.647    vision_i/pipe/inst/u_pipeline/u_vision/u_regs/s_axi_aclk
    SLICE_X41Y79         FDCE                                         r  vision_i/pipe/inst/u_pipeline/u_vision/u_regs/mem_reg[3][0]/C
                         clock pessimism              0.229    12.876    <hidden>
                         clock uncertainty           -0.154    12.722    <hidden>
    SLICE_X41Y79         FDCE (Setup_fdce_C_CE)      -0.205    12.517    vision_i/pipe/inst/u_pipeline/u_vision/u_regs/mem_reg[3][0]
  -------------------------------------------------------------------
                         required time                         12.517    <hidden>
                         arrival time                         -10.603    <hidden>
  -------------------------------------------------------------------
                         slack                                  1.914    <hidden>





Min Delay Paths
--------------------------------------------------------------------------------------
Slack (MET) :             0.028ns  (arrival time - required time)
  Source:                 vision_i/pipe/inst/u_pipeline/u_vision/u_regs/mem_reg[10][2]/C
                            (rising edge-triggered cell FDCE clocked by clk_fpga_0  {rise@0.000ns fall@5.000ns period=10.000ns})
  Destination:            vision_i/pipe/inst/u_pipeline/u_vision/u_config/hold_data_reg[322]/D
                            (rising edge-triggered cell FDCE clocked by clk_fpga_0  {rise@0.000ns fall@5.000ns period=10.000ns})
  Path Group:             clk_fpga_0
  Path Type:              Hold (Min at Fast Process Corner)
  Requirement:            0.000ns  (clk_fpga_0 rise@0.000ns - clk_fpga_0 rise@0.000ns)
  Data Path Delay:        0.362ns  (logic 0.141ns (38.905%)  route 0.221ns (61.095%))
  Logic Levels:           0  
  Clock Path Skew:        0.258ns (DCD - SCD - CPR)
    Destination Clock Delay (DCD):    1.184ns
    Source Clock Delay      (SCD):    0.891ns
    Clock Pessimism Removal (CPR):    0.035ns

    Location             Delay type                Incr(ns)  Path(ns)    Netlist Resource(s)
  -------------------------------------------------------------------    -------------------
                         (clock clk_fpga_0 rise edge)
                                                      0.000     0.000 r  <hidden>
    PS7_X0Y0             PS7                          0.000     0.000 r  vision_i/ps7/inst/PS7_i/FCLKCLK[0]
                         net (fo=1, routed)           0.310     0.310    vision_i/ps7/inst/FCLK_CLK_unbuffered[0]
    BUFGCTRL_X0Y16       BUFG (Prop_bufg_I_O)         0.026     0.336 r  vision_i/ps7/inst/buffer_fclk_clk_0.FCLK_CLK_0_BUFG/O
                         net (fo=1197, routed)        0.555     0.891    vision_i/pipe/inst/u_pipeline/u_vision/u_regs/s_axi_aclk
    SLICE_X47Y91         FDCE                                         r  vision_i/pipe/inst/u_pipeline/u_vision/u_regs/mem_reg[10][2]/C
  -------------------------------------------------------------------    -------------------
    SLICE_X47Y91         FDCE (Prop_fdce_C_Q)         0.141     1.032 r  vision_i/pipe/inst/u_pipeline/u_vision/u_regs/mem_reg[10][2]/Q
                         net (fo=2, routed)           0.221     1.253    vision_i/pipe/inst/u_pipeline/u_vision/u_config/hold_data_reg[327]_0[143]
    SLICE_X50Y89         FDCE                                         r  vision_i/pipe/inst/u_pipeline/u_vision/u_config/hold_data_reg[322]/D
  -------------------------------------------------------------------    -------------------

                         (clock clk_fpga_0 rise edge)
                                                      0.000     0.000 r  <hidden>
    PS7_X0Y0             PS7                          0.000     0.000 r  vision_i/ps7/inst/PS7_i/FCLKCLK[0]
                         net (fo=1, routed)           0.337     0.337    vision_i/ps7/inst/FCLK_CLK_unbuffered[0]
    BUFGCTRL_X0Y16       BUFG (Prop_bufg_I_O)         0.029     0.366 r  vision_i/ps7/inst/buffer_fclk_clk_0.FCLK_CLK_0_BUFG/O
                         net (fo=1197, routed)        0.818     1.184    vision_i/pipe/inst/u_pipeline/u_vision/u_config/s_axi_aclk
    SLICE_X50Y89         FDCE                                         r  vision_i/pipe/inst/u_pipeline/u_vision/u_config/hold_data_reg[322]/C
                         clock pessimism             -0.035     1.149    <hidden>
    SLICE_X50Y89         FDCE (Hold_fdce_C_D)         0.076     1.225    vision_i/pipe/inst/u_pipeline/u_vision/u_config/hold_data_reg[322]
  -------------------------------------------------------------------
                         required time                         -1.225    <hidden>
                         arrival time                           1.253    <hidden>
  -------------------------------------------------------------------
                         slack                                  0.028    <hidden>





Pulse Width Checks
--------------------------------------------------------------------------------------
Clock Name:         clk_fpga_0
Waveform(ns):       { 0.000 5.000 }
Period(ns):         10.000
Sources:            { vision_i/ps7/inst/PS7_i/FCLKCLK[0] }

Check Type        Corner  Lib Pin      Reference Pin  Required(ns)  Actual(ns)  Slack(ns)  Location        Pin
Min Period        n/a     BUFG/I       n/a            2.155         10.000      7.845      BUFGCTRL_X0Y16  vision_i/ps7/inst/buffer_fclk_clk_0.FCLK_CLK_0_BUFG/I
Low Pulse Width   Slow    SRLC32E/CLK  n/a            0.980         5.000       4.020      SLICE_X34Y91    vision_i/converter/inst/gen_axilite.gen_b2s_conv.axilite_b2s/RD.r_channel_0/rd_data_fifo_0/memory_reg[31][0]_srl32/CLK
High Pulse Width  Slow    SRLC32E/CLK  n/a            0.980         5.000       4.020      SLICE_X34Y91    vision_i/converter/inst/gen_axilite.gen_b2s_conv.axilite_b2s/RD.r_channel_0/rd_data_fifo_0/memory_reg[31][0]_srl32/CLK



---------------------------------------------------------------------------------------------------
From Clock:  clk_fpga_2
  To Clock:  clk_fpga_2

Setup :            0  Failing Endpoints,  Worst Slack        1.159ns,  Total Violation        0.000ns
Hold  :            0  Failing Endpoints,  Worst Slack        0.122ns,  Total Violation        0.000ns
PW    :            0  Failing Endpoints,  Worst Slack        0.264ns,  Total Violation        0.000ns
---------------------------------------------------------------------------------------------------


Max Delay Paths
--------------------------------------------------------------------------------------
Slack (MET) :             1.159ns  (required time - arrival time)
  Source:                 vision_i/rx/U0/GenerateDDC.DDC_EEPROM/I2C_SlaveController/dScl_reg/C
                            (rising edge-triggered cell FDRE clocked by clk_fpga_2  {rise@0.000ns fall@2.500ns period=5.000ns})
  Destination:            vision_i/rx/U0/GenerateDDC.DDC_EEPROM/I2C_SlaveController/dataByte_reg[0]/CE
                            (rising edge-triggered cell FDRE clocked by clk_fpga_2  {rise@0.000ns fall@2.500ns period=5.000ns})
  Path Group:             clk_fpga_2
  Path Type:              Setup (Max at Slow Process Corner)
  Requirement:            5.000ns  (clk_fpga_2 rise@5.000ns - clk_fpga_2 rise@0.000ns)
  Data Path Delay:        3.488ns  (logic 1.191ns (34.147%)  route 2.297ns (65.853%))
  Logic Levels:           3  (LUT3=1 LUT6=2)
  Clock Path Skew:        -0.065ns (DCD - SCD + CPR)
    Destination Clock Delay (DCD):    2.857ns = ( 7.857 - 5.000 ) 
    Source Clock Delay      (SCD):    3.151ns
    Clock Pessimism Removal (CPR):    0.229ns
  Clock Uncertainty:      0.083ns  ((TSJ^2 + TIJ^2)^1/2 + DJ) / 2 + PE
    Total System Jitter     (TSJ):    0.071ns
    Total Input Jitter      (TIJ):    0.150ns
    Discrete Jitter          (DJ):    0.000ns
    Phase Error              (PE):    0.000ns

    Location             Delay type                Incr(ns)  Path(ns)    Netlist Resource(s)
  -------------------------------------------------------------------    -------------------
                         (clock clk_fpga_2 rise edge)
                                                      0.000     0.000 r  <hidden>
    PS7_X0Y0             PS7                          0.000     0.000 r  vision_i/ps7/inst/PS7_i/FCLKCLK[2]
                         net (fo=1, routed)           1.193     1.193    vision_i/ps7/inst/FCLK_CLK_unbuffered[2]
    BUFGCTRL_X0Y17       BUFG (Prop_bufg_I_O)         0.101     1.294 r  vision_i/ps7/inst/buffer_fclk_clk_2.FCLK_CLK_2_BUFG/O
                         net (fo=158, routed)         1.857     3.151    vision_i/rx/U0/GenerateDDC.DDC_EEPROM/I2C_SlaveController/RefClk
    SLICE_X113Y83        FDRE                                         r  vision_i/rx/U0/GenerateDDC.DDC_EEPROM/I2C_SlaveController/dScl_reg/C
  -------------------------------------------------------------------    -------------------
    SLICE_X113Y83        FDRE (Prop_fdre_C_Q)         0.419     3.570 r  vision_i/rx/U0/GenerateDDC.DDC_EEPROM/I2C_SlaveController/dScl_reg/Q
                         net (fo=15, routed)          0.704     4.274    vision_i/rx/U0/GenerateDDC.DDC_EEPROM/I2C_SlaveController/dScl
    SLICE_X110Y84        LUT3 (Prop_lut3_I0_O)        0.322     4.596 r  vision_i/rx/U0/GenerateDDC.DDC_EEPROM/I2C_SlaveController/FSM_gray_state[2]_i_8/O
                         net (fo=5, routed)           0.481     5.076    vision_i/rx/U0/GenerateDDC.DDC_EEPROM/I2C_SlaveController/fStart__1
    SLICE_X110Y84        LUT6 (Prop_lut6_I5_O)        0.326     5.402 r  vision_i/rx/U0/GenerateDDC.DDC_EEPROM/I2C_SlaveController/dataByte[7]_i_3/O
                         net (fo=12, routed)          0.489     5.892    vision_i/rx/U0/GenerateDDC.DDC_EEPROM/I2C_SlaveController/dataByte[7]_i_3_n_0
    SLICE_X109Y83        LUT6 (Prop_lut6_I0_O)        0.124     6.016 r  vision_i/rx/U0/GenerateDDC.DDC_EEPROM/I2C_SlaveController/dataByte[7]_i_1/O
                         net (fo=8, routed)           0.623     6.639    vision_i/rx/U0/GenerateDDC.DDC_EEPROM/I2C_SlaveController/dataByte[7]_i_1_n_0
    SLICE_X109Y85        FDRE                                         r  vision_i/rx/U0/GenerateDDC.DDC_EEPROM/I2C_SlaveController/dataByte_reg[0]/CE
  -------------------------------------------------------------------    -------------------

                         (clock clk_fpga_2 rise edge)
                                                      5.000     5.000 r  <hidden>
    PS7_X0Y0             PS7                          0.000     5.000 r  vision_i/ps7/inst/PS7_i/FCLKCLK[2]
                         net (fo=1, routed)           1.088     6.088    vision_i/ps7/inst/FCLK_CLK_unbuffered[2]
    BUFGCTRL_X0Y17       BUFG (Prop_bufg_I_O)         0.091     6.179 r  vision_i/ps7/inst/buffer_fclk_clk_2.FCLK_CLK_2_BUFG/O
                         net (fo=158, routed)         1.678     7.857    vision_i/rx/U0/GenerateDDC.DDC_EEPROM/I2C_SlaveController/RefClk
    SLICE_X109Y85        FDRE                                         r  vision_i/rx/U0/GenerateDDC.DDC_EEPROM/I2C_SlaveController/dataByte_reg[0]/C
                         clock pessimism              0.229     8.086    <hidden>
                         clock uncertainty           -0.083     8.003    <hidden>
    SLICE_X109Y85        FDRE (Setup_fdre_C_CE)      -0.205     7.798    vision_i/rx/U0/GenerateDDC.DDC_EEPROM/I2C_SlaveController/dataByte_reg[0]
  -------------------------------------------------------------------
                         required time                          7.798    <hidden>
                         arrival time                          -6.639    <hidden>
  -------------------------------------------------------------------
                         slack                                  1.159    <hidden>





Min Delay Paths
--------------------------------------------------------------------------------------
Slack (MET) :             0.122ns  (arrival time - required time)
  Source:                 vision_i/rx/U0/DataDecoders[0].DecoderX/SyncBaseRst/SyncAsyncx/oSyncStages_reg[0]/C
                            (rising edge-triggered cell FDPE clocked by clk_fpga_2  {rise@0.000ns fall@2.500ns period=5.000ns})
  Destination:            vision_i/rx/U0/DataDecoders[0].DecoderX/SyncBaseRst/SyncAsyncx/oSyncStages_reg[1]/D
                            (rising edge-triggered cell FDPE clocked by clk_fpga_2  {rise@0.000ns fall@2.500ns period=5.000ns})
  Path Group:             clk_fpga_2
  Path Type:              Hold (Min at Fast Process Corner)
  Requirement:            0.000ns  (clk_fpga_2 rise@0.000ns - clk_fpga_2 rise@0.000ns)
  Data Path Delay:        0.197ns  (logic 0.141ns (71.611%)  route 0.056ns (28.389%))
  Logic Levels:           0  
  Clock Path Skew:        0.000ns (DCD - SCD - CPR)
    Destination Clock Delay (DCD):    1.267ns
    Source Clock Delay      (SCD):    0.968ns
    Clock Pessimism Removal (CPR):    0.299ns

    Location             Delay type                Incr(ns)  Path(ns)    Netlist Resource(s)
  -------------------------------------------------------------------    -------------------
                         (clock clk_fpga_2 rise edge)
                                                      0.000     0.000 r  <hidden>
    PS7_X0Y0             PS7                          0.000     0.000 r  vision_i/ps7/inst/PS7_i/FCLKCLK[2]
                         net (fo=1, routed)           0.310     0.310    vision_i/ps7/inst/FCLK_CLK_unbuffered[2]
    BUFGCTRL_X0Y17       BUFG (Prop_bufg_I_O)         0.026     0.336 r  vision_i/ps7/inst/buffer_fclk_clk_2.FCLK_CLK_2_BUFG/O
                         net (fo=158, routed)         0.632     0.968    vision_i/rx/U0/DataDecoders[0].DecoderX/SyncBaseRst/SyncAsyncx/RefClk
    SLICE_X107Y62        FDPE                                         r  vision_i/rx/U0/DataDecoders[0].DecoderX/SyncBaseRst/SyncAsyncx/oSyncStages_reg[0]/C
  -------------------------------------------------------------------    -------------------
    SLICE_X107Y62        FDPE (Prop_fdpe_C_Q)         0.141     1.109 r  vision_i/rx/U0/DataDecoders[0].DecoderX/SyncBaseRst/SyncAsyncx/oSyncStages_reg[0]/Q
                         net (fo=1, routed)           0.056     1.164    vision_i/rx/U0/DataDecoders[0].DecoderX/SyncBaseRst/SyncAsyncx/oSyncStages[0]
    SLICE_X107Y62        FDPE                                         r  vision_i/rx/U0/DataDecoders[0].DecoderX/SyncBaseRst/SyncAsyncx/oSyncStages_reg[1]/D
  -------------------------------------------------------------------    -------------------

                         (clock clk_fpga_2 rise edge)
                                                      0.000     0.000 r  <hidden>
    PS7_X0Y0             PS7                          0.000     0.000 r  vision_i/ps7/inst/PS7_i/FCLKCLK[2]
                         net (fo=1, routed)           0.337     0.337    vision_i/ps7/inst/FCLK_CLK_unbuffered[2]
    BUFGCTRL_X0Y17       BUFG (Prop_bufg_I_O)         0.029     0.366 r  vision_i/ps7/inst/buffer_fclk_clk_2.FCLK_CLK_2_BUFG/O
                         net (fo=158, routed)         0.901     1.267    vision_i/rx/U0/DataDecoders[0].DecoderX/SyncBaseRst/SyncAsyncx/RefClk
    SLICE_X107Y62        FDPE                                         r  vision_i/rx/U0/DataDecoders[0].DecoderX/SyncBaseRst/SyncAsyncx/oSyncStages_reg[1]/C
                         clock pessimism             -0.299     0.968    <hidden>
    SLICE_X107Y62        FDPE (Hold_fdpe_C_D)         0.075     1.043    vision_i/rx/U0/DataDecoders[0].DecoderX/SyncBaseRst/SyncAsyncx/oSyncStages_reg[1]
  -------------------------------------------------------------------
                         required time                         -1.043    <hidden>
                         arrival time                           1.164    <hidden>
  -------------------------------------------------------------------
                         slack                                  0.122    <hidden>





Pulse Width Checks
--------------------------------------------------------------------------------------
Clock Name:         clk_fpga_2
Waveform(ns):       { 0.000 2.500 }
Period(ns):         5.000
Sources:            { vision_i/ps7/inst/PS7_i/FCLKCLK[2] }

Check Type        Corner  Lib Pin            Reference Pin  Required(ns)  Actual(ns)  Slack(ns)  Location         Pin
Min Period        n/a     IDELAYCTRL/REFCLK  n/a            3.225         5.000       1.775      IDELAYCTRL_X1Y1  vision_i/rx/U0/TMDS_ClockingX/IDelayCtrlX/REFCLK
Max Period        n/a     IDELAYCTRL/REFCLK  n/a            5.264         5.000       0.264      IDELAYCTRL_X1Y1  vision_i/rx/U0/TMDS_ClockingX/IDelayCtrlX/REFCLK
Low Pulse Width   Slow    FDRE/C             n/a            0.500         2.500       2.000      SLICE_X108Y57    vision_i/rx/U0/DataDecoders[0].DecoderX/rTimeoutCnt_reg[0]/C
High Pulse Width  Slow    FDRE/C             n/a            0.500         2.500       2.000      SLICE_X108Y57    vision_i/rx/U0/DataDecoders[0].DecoderX/rTimeoutCnt_reg[0]/C



---------------------------------------------------------------------------------------------------
From Clock:  dbg_hub/inst/BSCANID.u_xsdbm_id/SWITCH_N_EXT_BSCAN.bscan_inst/SERIES7_BSCAN.bscan_inst/TCK
  To Clock:  dbg_hub/inst/BSCANID.u_xsdbm_id/SWITCH_N_EXT_BSCAN.bscan_inst/SERIES7_BSCAN.bscan_inst/TCK

Setup :            0  Failing Endpoints,  Worst Slack       26.278ns,  Total Violation        0.000ns
Hold  :            0  Failing Endpoints,  Worst Slack        0.095ns,  Total Violation        0.000ns
PW    :            0  Failing Endpoints,  Worst Slack       15.250ns,  Total Violation        0.000ns
---------------------------------------------------------------------------------------------------


Max Delay Paths
--------------------------------------------------------------------------------------
Slack (MET) :             26.278ns  (required time - arrival time)
  Source:                 dbg_hub/inst/BSCANID.u_xsdbm_id/SWITCH_N_EXT_BSCAN.bscan_switch/state_reg[0]/C
                            (rising edge-triggered cell FDRE clocked by dbg_hub/inst/BSCANID.u_xsdbm_id/SWITCH_N_EXT_BSCAN.bscan_inst/SERIES7_BSCAN.bscan_inst/TCK  {rise@0.000ns fall@16.500ns period=33.000ns})
  Destination:            dbg_hub/inst/BSCANID.u_xsdbm_id/SWITCH_N_EXT_BSCAN.bscan_switch/portno_temp_reg[3]/D
                            (rising edge-triggered cell FDRE clocked by dbg_hub/inst/BSCANID.u_xsdbm_id/SWITCH_N_EXT_BSCAN.bscan_inst/SERIES7_BSCAN.bscan_inst/TCK  {rise@0.000ns fall@16.500ns period=33.000ns})
  Path Group:             dbg_hub/inst/BSCANID.u_xsdbm_id/SWITCH_N_EXT_BSCAN.bscan_inst/SERIES7_BSCAN.bscan_inst/TCK
  Path Type:              Setup (Max at Slow Process Corner)
  Requirement:            33.000ns  (dbg_hub/inst/BSCANID.u_xsdbm_id/SWITCH_N_EXT_BSCAN.bscan_inst/SERIES7_BSCAN.bscan_inst/TCK rise@33.000ns - dbg_hub/inst/BSCANID.u_xsdbm_id/SWITCH_N_EXT_BSCAN.bscan_inst/SERIES7_BSCAN.bscan_inst/TCK rise@0.000ns)
  Data Path Delay:        6.694ns  (logic 2.107ns (31.477%)  route 4.587ns (68.523%))
  Logic Levels:           5  (CARRY4=1 LUT3=1 LUT4=1 LUT5=1 LUT6=1)
  Clock Path Skew:        -0.024ns (DCD - SCD + CPR)
    Destination Clock Delay (DCD):    3.791ns = ( 36.791 - 33.000 ) 
    Source Clock Delay      (SCD):    4.304ns
    Clock Pessimism Removal (CPR):    0.489ns
  Clock Uncertainty:      0.035ns  ((TSJ^2 + TIJ^2)^1/2 + DJ) / 2 + PE
    Total System Jitter     (TSJ):    0.071ns
    Total Input Jitter      (TIJ):    0.000ns
    Discrete Jitter          (DJ):    0.000ns
    Phase Error              (PE):    0.000ns

    Location             Delay type                Incr(ns)  Path(ns)    Netlist Resource(s)
  -------------------------------------------------------------------    -------------------
                         (clock dbg_hub/inst/BSCANID.u_xsdbm_id/SWITCH_N_EXT_BSCAN.bscan_inst/SERIES7_BSCAN.bscan_inst/TCK rise edge)
                                                      0.000     0.000 r  <hidden>
    BSCAN_X0Y0           BSCANE2                      0.000     0.000 r  dbg_hub/inst/BSCANID.u_xsdbm_id/SWITCH_N_EXT_BSCAN.bscan_inst/SERIES7_BSCAN.bscan_inst/TCK
                         net (fo=1, routed)           2.306     2.306    dbg_hub/inst/BSCANID.u_xsdbm_id/tck_bs
    BUFGCTRL_X0Y0        BUFG (Prop_bufg_I_O)         0.101     2.407 r  dbg_hub/inst/BSCANID.u_xsdbm_id/SWITCH_N_EXT_BSCAN.u_bufg_icon_tck/O
                         net (fo=482, routed)         1.897     4.304    dbg_hub/inst/BSCANID.u_xsdbm_id/SWITCH_N_EXT_BSCAN.bscan_switch/s_bscan_tck
    SLICE_X64Y120        FDRE                                         r  dbg_hub/inst/BSCANID.u_xsdbm_id/SWITCH_N_EXT_BSCAN.bscan_switch/state_reg[0]/C
  -------------------------------------------------------------------    -------------------
    SLICE_X64Y120        FDRE (Prop_fdre_C_Q)         0.419     4.723 r  dbg_hub/inst/BSCANID.u_xsdbm_id/SWITCH_N_EXT_BSCAN.bscan_switch/state_reg[0]/Q
                         net (fo=50, routed)          1.565     6.288    dbg_hub/inst/BSCANID.u_xsdbm_id/SWITCH_N_EXT_BSCAN.bscan_switch/state[0]
    SLICE_X62Y118        LUT4 (Prop_lut4_I1_O)        0.327     6.615 r  dbg_hub/inst/BSCANID.u_xsdbm_id/SWITCH_N_EXT_BSCAN.bscan_switch/curid_inferred_i_11/O
                         net (fo=2, routed)           1.022     7.637    dbg_hub/inst/BSCANID.u_xsdbm_id/SWITCH_N_EXT_BSCAN.bscan_switch/curid[21]
    SLICE_X64Y118        LUT6 (Prop_lut6_I3_O)        0.348     7.985 r  dbg_hub/inst/BSCANID.u_xsdbm_id/SWITCH_N_EXT_BSCAN.bscan_switch/state_temp[0]_i_8/O
                         net (fo=1, routed)           0.000     7.985    dbg_hub/inst/BSCANID.u_xsdbm_id/SWITCH_N_EXT_BSCAN.bscan_switch/state_temp[0]_i_8_n_0
    SLICE_X64Y118        CARRY4 (Prop_carry4_S[0]_CO[3])
                                                      0.532     8.517 r  dbg_hub/inst/BSCANID.u_xsdbm_id/SWITCH_N_EXT_BSCAN.bscan_switch/state_temp_reg[0]_i_3/CO[3]
                         net (fo=4, routed)           1.282     9.800    dbg_hub/inst/BSCANID.u_xsdbm_id/SWITCH_N_EXT_BSCAN.bscan_switch/state_temp_reg[0]_i_3_n_0
    SLICE_X63Y120        LUT5 (Prop_lut5_I1_O)        0.154     9.954 r  dbg_hub/inst/BSCANID.u_xsdbm_id/SWITCH_N_EXT_BSCAN.bscan_switch/portno_temp[5]_i_2/O
                         net (fo=7, routed)           0.717    10.671    dbg_hub/inst/BSCANID.u_xsdbm_id/SWITCH_N_EXT_BSCAN.bscan_switch/portno_temp[5]_i_2_n_0
    SLICE_X65Y121        LUT3 (Prop_lut3_I1_O)        0.327    10.998 r  dbg_hub/inst/BSCANID.u_xsdbm_id/SWITCH_N_EXT_BSCAN.bscan_switch/portno_temp[3]_i_1/O
                         net (fo=1, routed)           0.000    10.998    dbg_hub/inst/BSCANID.u_xsdbm_id/SWITCH_N_EXT_BSCAN.bscan_switch/portno_temp[3]_i_1_n_0
    SLICE_X65Y121        FDRE                                         r  dbg_hub/inst/BSCANID.u_xsdbm_id/SWITCH_N_EXT_BSCAN.bscan_switch/portno_temp_reg[3]/D
  -------------------------------------------------------------------    -------------------

                         (clock dbg_hub/inst/BSCANID.u_xsdbm_id/SWITCH_N_EXT_BSCAN.bscan_inst/SERIES7_BSCAN.bscan_inst/TCK rise edge)
                                                     33.000    33.000 r  <hidden>
    BSCAN_X0Y0           BSCANE2                      0.000    33.000 r  dbg_hub/inst/BSCANID.u_xsdbm_id/SWITCH_N_EXT_BSCAN.bscan_inst/SERIES7_BSCAN.bscan_inst/TCK
                         net (fo=1, routed)           1.994    34.994    dbg_hub/inst/BSCANID.u_xsdbm_id/tck_bs
    BUFGCTRL_X0Y0        BUFG (Prop_bufg_I_O)         0.091    35.085 r  dbg_hub/inst/BSCANID.u_xsdbm_id/SWITCH_N_EXT_BSCAN.u_bufg_icon_tck/O
                         net (fo=482, routed)         1.706    36.791    dbg_hub/inst/BSCANID.u_xsdbm_id/SWITCH_N_EXT_BSCAN.bscan_switch/s_bscan_tck
    SLICE_X65Y121        FDRE                                         r  dbg_hub/inst/BSCANID.u_xsdbm_id/SWITCH_N_EXT_BSCAN.bscan_switch/portno_temp_reg[3]/C
                         clock pessimism              0.489    37.280    <hidden>
                         clock uncertainty           -0.035    37.245    <hidden>
    SLICE_X65Y121        FDRE (Setup_fdre_C_D)        0.031    37.276    dbg_hub/inst/BSCANID.u_xsdbm_id/SWITCH_N_EXT_BSCAN.bscan_switch/portno_temp_reg[3]
  -------------------------------------------------------------------
                         required time                         37.276    <hidden>
                         arrival time                         -10.998    <hidden>
  -------------------------------------------------------------------
                         slack                                 26.278    <hidden>





Min Delay Paths
--------------------------------------------------------------------------------------
Slack (MET) :             0.095ns  (arrival time - required time)
  Source:                 dbg_hub/inst/BSCANID.u_xsdbm_id/CORE_XSDB.UUT_MASTER/U_ICON_INTERFACE/U_CMD6_WR/shift_reg_in_reg[11]/C
                            (rising edge-triggered cell FDCE clocked by dbg_hub/inst/BSCANID.u_xsdbm_id/SWITCH_N_EXT_BSCAN.bscan_inst/SERIES7_BSCAN.bscan_inst/TCK  {rise@0.000ns fall@16.500ns period=33.000ns})
  Destination:            dbg_hub/inst/BSCANID.u_xsdbm_id/CORE_XSDB.UUT_MASTER/U_ICON_INTERFACE/U_CMD6_WR/U_WR_FIFO/SUBCORE_FIFO.xsdbm_v3_0_6_wrfifo_inst/inst_fifo_gen/gconvfifo.rf/grf.rf/gntv_or_sync_fifo.mem/gdm.dm_gen.dm/RAM_reg_0_15_6_11/RAMC/I
                            (rising edge-triggered cell RAMD32 clocked by dbg_hub/inst/BSCANID.u_xsdbm_id/SWITCH_N_EXT_BSCAN.bscan_inst/SERIES7_BSCAN.bscan_inst/TCK  {rise@0.000ns fall@16.500ns period=33.000ns})
  Path Group:             dbg_hub/inst/BSCANID.u_xsdbm_id/SWITCH_N_EXT_BSCAN.bscan_inst/SERIES7_BSCAN.bscan_inst/TCK
  Path Type:              Hold (Min at Fast Process Corner)
  Requirement:            0.000ns  (dbg_hub/inst/BSCANID.u_xsdbm_id/SWITCH_N_EXT_BSCAN.bscan_inst/SERIES7_BSCAN.bscan_inst/TCK rise@0.000ns - dbg_hub/inst/BSCANID.u_xsdbm_id/SWITCH_N_EXT_BSCAN.bscan_inst/SERIES7_BSCAN.bscan_inst/TCK rise@0.000ns)
  Data Path Delay:        0.254ns  (logic 0.141ns (55.565%)  route 0.113ns (44.435%))
  Logic Levels:           0  
  Clock Path Skew:        0.015ns (DCD - SCD - CPR)
    Destination Clock Delay (DCD):    2.093ns
    Source Clock Delay      (SCD):    1.687ns
    Clock Pessimism Removal (CPR):    0.391ns

    Location             Delay type                Incr(ns)  Path(ns)    Netlist Resource(s)
  -------------------------------------------------------------------    -------------------
                         (clock dbg_hub/inst/BSCANID.u_xsdbm_id/SWITCH_N_EXT_BSCAN.bscan_inst/SERIES7_BSCAN.bscan_inst/TCK rise edge)
                                                      0.000     0.000 r  <hidden>
    BSCAN_X0Y0           BSCANE2                      0.000     0.000 r  dbg_hub/inst/BSCANID.u_xsdbm_id/SWITCH_N_EXT_BSCAN.bscan_inst/SERIES7_BSCAN.bscan_inst/TCK
                         net (fo=1, routed)           1.028     1.028    dbg_hub/inst/BSCANID.u_xsdbm_id/tck_bs
    BUFGCTRL_X0Y0        BUFG (Prop_bufg_I_O)         0.026     1.054 r  dbg_hub/inst/BSCANID.u_xsdbm_id/SWITCH_N_EXT_BSCAN.u_bufg_icon_tck/O
                         net (fo=482, routed)         0.633     1.687    dbg_hub/inst/BSCANID.u_xsdbm_id/CORE_XSDB.UUT_MASTER/U_ICON_INTERFACE/U_CMD6_WR/m_bscan_tck[0]
    SLICE_X52Y112        FDCE                                         r  dbg_hub/inst/BSCANID.u_xsdbm_id/CORE_XSDB.UUT_MASTER/U_ICON_INTERFACE/U_CMD6_WR/shift_reg_in_reg[11]/C
  -------------------------------------------------------------------    -------------------
    SLICE_X52Y112        FDCE (Prop_fdce_C_Q)         0.141     1.828 r  dbg_hub/inst/BSCANID.u_xsdbm_id/CORE_XSDB.UUT_MASTER/U_ICON_INTERFACE/U_CMD6_WR/shift_reg_in_reg[11]/Q
                         net (fo=2, routed)           0.113     1.941    dbg_hub/inst/BSCANID.u_xsdbm_id/CORE_XSDB.UUT_MASTER/U_ICON_INTERFACE/U_CMD6_WR/U_WR_FIFO/SUBCORE_FIFO.xsdbm_v3_0_6_wrfifo_inst/inst_fifo_gen/gconvfifo.rf/grf.rf/gntv_or_sync_fifo.mem/gdm.dm_gen.dm/RAM_reg_0_15_6_11/DIC0
    SLICE_X50Y112        RAMD32                                       r  dbg_hub/inst/BSCANID.u_xsdbm_id/CORE_XSDB.UUT_MASTER/U_ICON_INTERFACE/U_CMD6_WR/U_WR_FIFO/SUBCORE_FIFO.xsdbm_v3_0_6_wrfifo_inst/inst_fifo_gen/gconvfifo.rf/grf.rf/gntv_or_sync_fifo.mem/gdm.dm_gen.dm/RAM_reg_0_15_6_11/RAMC/I
  -------------------------------------------------------------------    -------------------

                         (clock dbg_hub/inst/BSCANID.u_xsdbm_id/SWITCH_N_EXT_BSCAN.bscan_inst/SERIES7_BSCAN.bscan_inst/TCK rise edge)
                                                      0.000     0.000 r  <hidden>
    BSCAN_X0Y0           BSCANE2                      0.000     0.000 r  dbg_hub/inst/BSCANID.u_xsdbm_id/SWITCH_N_EXT_BSCAN.bscan_inst/SERIES7_BSCAN.bscan_inst/TCK
                         net (fo=1, routed)           1.160     1.160    dbg_hub/inst/BSCANID.u_xsdbm_id/tck_bs
    BUFGCTRL_X0Y0        BUFG (Prop_bufg_I_O)         0.029     1.189 r  dbg_hub/inst/BSCANID.u_xsdbm_id/SWITCH_N_EXT_BSCAN.u_bufg_icon_tck/O
                         net (fo=482, routed)         0.904     2.093    dbg_hub/inst/BSCANID.u_xsdbm_id/CORE_XSDB.UUT_MASTER/U_ICON_INTERFACE/U_CMD6_WR/U_WR_FIFO/SUBCORE_FIFO.xsdbm_v3_0_6_wrfifo_inst/inst_fifo_gen/gconvfifo.rf/grf.rf/gntv_or_sync_fifo.mem/gdm.dm_gen.dm/RAM_reg_0_15_6_11/WCLK
    SLICE_X50Y112        RAMD32                                       r  dbg_hub/inst/BSCANID.u_xsdbm_id/CORE_XSDB.UUT_MASTER/U_ICON_INTERFACE/U_CMD6_WR/U_WR_FIFO/SUBCORE_FIFO.xsdbm_v3_0_6_wrfifo_inst/inst_fifo_gen/gconvfifo.rf/grf.rf/gntv_or_sync_fifo.mem/gdm.dm_gen.dm/RAM_reg_0_15_6_11/RAMC/CLK
                         clock pessimism             -0.391     1.702    <hidden>
    SLICE_X50Y112        RAMD32 (Hold_ramd32_CLK_I)
                                                      0.144     1.846    dbg_hub/inst/BSCANID.u_xsdbm_id/CORE_XSDB.UUT_MASTER/U_ICON_INTERFACE/U_CMD6_WR/U_WR_FIFO/SUBCORE_FIFO.xsdbm_v3_0_6_wrfifo_inst/inst_fifo_gen/gconvfifo.rf/grf.rf/gntv_or_sync_fifo.mem/gdm.dm_gen.dm/RAM_reg_0_15_6_11/RAMC
  -------------------------------------------------------------------
                         required time                         -1.846    <hidden>
                         arrival time                           1.941    <hidden>
  -------------------------------------------------------------------
                         slack                                  0.095    <hidden>





Pulse Width Checks
--------------------------------------------------------------------------------------
Clock Name:         dbg_hub/inst/BSCANID.u_xsdbm_id/SWITCH_N_EXT_BSCAN.bscan_inst/SERIES7_BSCAN.bscan_inst/TCK
Waveform(ns):       { 0.000 16.500 }
Period(ns):         33.000
Sources:            { dbg_hub/inst/BSCANID.u_xsdbm_id/SWITCH_N_EXT_BSCAN.bscan_inst/SERIES7_BSCAN.bscan_inst/TCK }

Check Type        Corner  Lib Pin     Reference Pin  Required(ns)  Actual(ns)  Slack(ns)  Location       Pin
Min Period        n/a     BUFG/I      n/a            2.155         33.000      30.845     BUFGCTRL_X0Y0  dbg_hub/inst/BSCANID.u_xsdbm_id/SWITCH_N_EXT_BSCAN.u_bufg_icon_tck/I
Low Pulse Width   Slow    RAMD32/CLK  n/a            1.250         16.500      15.250     SLICE_X50Y114  dbg_hub/inst/BSCANID.u_xsdbm_id/CORE_XSDB.UUT_MASTER/U_ICON_INTERFACE/U_CMD6_WR/U_WR_FIFO/SUBCORE_FIFO.xsdbm_v3_0_6_wrfifo_inst/inst_fifo_gen/gconvfifo.rf/grf.rf/gntv_or_sync_fifo.mem/gdm.dm_gen.dm/RAM_reg_0_15_0_5/RAMA/CLK
High Pulse Width  Slow    RAMD32/CLK  n/a            1.250         16.500      15.250     SLICE_X50Y114  dbg_hub/inst/BSCANID.u_xsdbm_id/CORE_XSDB.UUT_MASTER/U_ICON_INTERFACE/U_CMD6_WR/U_WR_FIFO/SUBCORE_FIFO.xsdbm_v3_0_6_wrfifo_inst/inst_fifo_gen/gconvfifo.rf/grf.rf/gntv_or_sync_fifo.mem/gdm.dm_gen.dm/RAM_reg_0_15_0_5/RAMA/CLK



---------------------------------------------------------------------------------------------------
From Clock:  hdmi_pixel_in
  To Clock:  hdmi_pixel_in

Setup :           NA  Failing Endpoints,  Worst Slack           NA  ,  Total Violation           NA
Hold  :           NA  Failing Endpoints,  Worst Slack           NA  ,  Total Violation           NA
PW    :            0  Failing Endpoints,  Worst Slack        3.734ns,  Total Violation        0.000ns
---------------------------------------------------------------------------------------------------


Pulse Width Checks
--------------------------------------------------------------------------------------
Clock Name:         hdmi_pixel_in
Waveform(ns):       { 0.000 6.734 }
Period(ns):         13.468
Sources:            { hdmi_in_clk_p }

Check Type        Corner  Lib Pin            Reference Pin  Required(ns)  Actual(ns)  Slack(ns)  Location         Pin
Min Period        n/a     MMCME2_ADV/CLKIN1  n/a            1.249         13.468      12.219     MMCME2_ADV_X1Y1  vision_i/rx/U0/TMDS_ClockingX/DVI_ClkGenerator/CLKIN1
Max Period        n/a     MMCME2_ADV/CLKIN1  n/a            100.000       13.468      86.532     MMCME2_ADV_X1Y1  vision_i/rx/U0/TMDS_ClockingX/DVI_ClkGenerator/CLKIN1
Low Pulse Width   Slow    MMCME2_ADV/CLKIN1  n/a            3.000         6.734       3.734      MMCME2_ADV_X1Y1  vision_i/rx/U0/TMDS_ClockingX/DVI_ClkGenerator/CLKIN1
High Pulse Width  Slow    MMCME2_ADV/CLKIN1  n/a            3.000         6.734       3.734      MMCME2_ADV_X1Y1  vision_i/rx/U0/TMDS_ClockingX/DVI_ClkGenerator/CLKIN1



---------------------------------------------------------------------------------------------------
From Clock:  CLKFBIN
  To Clock:  CLKFBIN

Setup :           NA  Failing Endpoints,  Worst Slack           NA  ,  Total Violation           NA
Hold  :           NA  Failing Endpoints,  Worst Slack           NA  ,  Total Violation           NA
PW    :            0  Failing Endpoints,  Worst Slack       12.219ns,  Total Violation        0.000ns
---------------------------------------------------------------------------------------------------


Pulse Width Checks
--------------------------------------------------------------------------------------
Clock Name:         CLKFBIN
Waveform(ns):       { 0.000 6.734 }
Period(ns):         13.468
Sources:            { vision_i/rx/U0/TMDS_ClockingX/DVI_ClkGenerator/CLKFBOUT }

Check Type  Corner  Lib Pin              Reference Pin  Required(ns)  Actual(ns)  Slack(ns)  Location         Pin
Min Period  n/a     MMCME2_ADV/CLKFBOUT  n/a            1.249         13.468      12.219     MMCME2_ADV_X1Y1  vision_i/rx/U0/TMDS_ClockingX/DVI_ClkGenerator/CLKFBOUT
Max Period  n/a     MMCME2_ADV/CLKFBIN   n/a            100.000       13.468      86.532     MMCME2_ADV_X1Y1  vision_i/rx/U0/TMDS_ClockingX/DVI_ClkGenerator/CLKFBIN



---------------------------------------------------------------------------------------------------
From Clock:  CLK_OUT_5x_hdmi_clk
  To Clock:  CLK_OUT_5x_hdmi_clk

Setup :           NA  Failing Endpoints,  Worst Slack           NA  ,  Total Violation           NA
Hold  :           NA  Failing Endpoints,  Worst Slack           NA  ,  Total Violation           NA
PW    :            0  Failing Endpoints,  Worst Slack        1.027ns,  Total Violation        0.000ns
---------------------------------------------------------------------------------------------------


Pulse Width Checks
--------------------------------------------------------------------------------------
Clock Name:         CLK_OUT_5x_hdmi_clk
Waveform(ns):       { 0.000 1.347 }
Period(ns):         2.694
Sources:            { vision_i/rx/U0/TMDS_ClockingX/DVI_ClkGenerator/CLKOUT0 }

Check Type  Corner  Lib Pin             Reference Pin  Required(ns)  Actual(ns)  Slack(ns)  Location         Pin
Min Period  n/a     ISERDESE2/CLK       n/a            1.667         2.694       1.027      ILOGIC_X1Y68     vision_i/rx/U0/DataDecoders[0].DecoderX/InputSERDES_X/DeserializerMaster/CLK
Max Period  n/a     MMCME2_ADV/CLKOUT0  n/a            213.360       2.694       210.666    MMCME2_ADV_X1Y1  vision_i/rx/U0/TMDS_ClockingX/DVI_ClkGenerator/CLKOUT0



---------------------------------------------------------------------------------------------------
From Clock:  PixelClk_int
  To Clock:  PixelClk_int

Setup :            0  Failing Endpoints,  Worst Slack        0.408ns,  Total Violation        0.000ns
Hold  :            0  Failing Endpoints,  Worst Slack        0.025ns,  Total Violation        0.000ns
PW    :            0  Failing Endpoints,  Worst Slack        2.387ns,  Total Violation        0.000ns
---------------------------------------------------------------------------------------------------


Max Delay Paths
--------------------------------------------------------------------------------------
Slack (MET) :             0.408ns  (required time - arrival time)
  Source:                 vision_i/pipe/inst/u_pipeline/u_vision/u_gauss/lb0/mem_reg/CLKARDCLK
                            (rising edge-triggered cell RAMB18E1 clocked by PixelClk_int  {rise@0.000ns fall@5.387ns period=13.468ns})
  Destination:            vision_i/pipe/inst/u_pipeline/u_vision/u_gauss/out_g_reg[5]/D
                            (rising edge-triggered cell FDCE clocked by PixelClk_int  {rise@0.000ns fall@5.387ns period=13.468ns})
  Path Group:             PixelClk_int
  Path Type:              Setup (Max at Slow Process Corner)
  Requirement:            13.468ns  (PixelClk_int rise@13.468ns - PixelClk_int rise@0.000ns)
  Data Path Delay:        12.927ns  (logic 7.612ns (58.884%)  route 5.315ns (41.116%))
  Logic Levels:           16  (CARRY4=8 LUT2=1 LUT4=1 LUT5=3 LUT6=3)
  Clock Path Skew:        -0.169ns (DCD - SCD + CPR)
    Destination Clock Delay (DCD):    6.411ns = ( 19.879 - 13.468 ) 
    Source Clock Delay      (SCD):    7.180ns
    Clock Pessimism Removal (CPR):    0.599ns
  Clock Uncertainty:      0.072ns  ((TSJ^2 + DJ^2)^1/2) / 2 + PE
    Total System Jitter     (TSJ):    0.071ns
    Discrete Jitter          (DJ):    0.126ns
    Phase Error              (PE):    0.000ns

    Location             Delay type                Incr(ns)  Path(ns)    Netlist Resource(s)
  -------------------------------------------------------------------    -------------------
                         (clock PixelClk_int rise edge)
                                                      0.000     0.000 r  <hidden>
    N18                                               0.000     0.000 r  hdmi_in_clk_p
                         net (fo=0)                   0.000     0.000    vision_i/rx/U0/TMDS_ClockingX/TMDS_Clk_p
    N18                  IBUFDS (Prop_ibufds_I_O)     0.930     0.930 r  vision_i/rx/U0/TMDS_ClockingX/InputBuffer/O
                         net (fo=1, routed)           1.285     2.215    vision_i/rx/U0/TMDS_ClockingX/CLK_IN_hdmi_clk
    MMCME2_ADV_X1Y1      MMCME2_ADV (Prop_mmcme2_adv_CLKIN1_CLKOUT0)
                                                      0.089     2.304 r  vision_i/rx/U0/TMDS_ClockingX/DVI_ClkGenerator/CLKOUT0
                         net (fo=2, routed)           1.063     3.367    vision_i/rx/U0/TMDS_ClockingX/CLK_OUT_5x_hdmi_clk
    BUFR_X1Y5            BUFR (Prop_bufr_I_O)         1.031     4.398 r  vision_i/rx/U0/TMDS_ClockingX/PixelClkBuffer/O
                         net (fo=367, routed)         0.945     5.343    vision_i/rx/U0/GenerateBUFG.ResyncToBUFG_X/InstBUFG_0
    BUFGCTRL_X0Y18       BUFG (Prop_bufg_I_O)         0.101     5.444 r  vision_i/rx/U0/GenerateBUFG.ResyncToBUFG_X/InstBUFG/O
                         net (fo=3865, routed)        1.735     7.180    vision_i/pipe/inst/u_pipeline/u_vision/u_gauss/lb0/pclk
    RAMB18_X3Y29         RAMB18E1                                     r  vision_i/pipe/inst/u_pipeline/u_vision/u_gauss/lb0/mem_reg/CLKARDCLK
  -------------------------------------------------------------------    -------------------
    RAMB18_X3Y29         RAMB18E1 (Prop_ramb18e1_CLKARDCLK_DOADO[0])
                                                      2.454     9.634 r  vision_i/pipe/inst/u_pipeline/u_vision/u_gauss/lb0/mem_reg/DOADO[0]
                         net (fo=3, routed)           1.254    10.887    vision_i/pipe/inst/u_pipeline/u_vision/u_gauss/lb1/out_g_reg[7]_i_64_0[0]
    SLICE_X57Y77         LUT6 (Prop_lut6_I1_O)        0.124    11.011 r  vision_i/pipe/inst/u_pipeline/u_vision/u_gauss/lb1/out_g[3]_i_37/O
                         net (fo=5, routed)           0.553    11.565    vision_i/pipe/inst/u_pipeline/u_vision/u_gauss/lb1/out_g[3]_i_37_n_0
    SLICE_X56Y76         CARRY4 (Prop_carry4_DI[1]_O[2])
                                                      0.537    12.102 r  vision_i/pipe/inst/u_pipeline/u_vision/u_gauss/lb1/out_g_reg[7]_i_82/O[2]
                         net (fo=2, routed)           0.436    12.537    vision_i/pipe/inst/u_pipeline/u_vision/u_gauss/lb1/out_g_reg[7]_i_82_n_5
    SLICE_X55Y76         LUT4 (Prop_lut4_I3_O)        0.302    12.839 r  vision_i/pipe/inst/u_pipeline/u_vision/u_gauss/lb1/out_g[7]_i_85/O
                         net (fo=1, routed)           0.000    12.839    vision_i/pipe/inst/u_pipeline/u_vision/u_gauss/lb1/out_g[7]_i_85_n_0
    SLICE_X55Y76         CARRY4 (Prop_carry4_S[1]_O[2])
                                                      0.580    13.419 r  vision_i/pipe/inst/u_pipeline/u_vision/u_gauss/lb1/out_g_reg[7]_i_59/O[2]
                         net (fo=2, routed)           0.514    13.933    vision_i/pipe/inst/u_pipeline/u_vision/u_gauss/lb1/out_g_reg[7]_i_59_n_5
    SLICE_X54Y76         LUT2 (Prop_lut2_I1_O)        0.302    14.235 r  vision_i/pipe/inst/u_pipeline/u_vision/u_gauss/lb1/out_g[7]_i_79/O
                         net (fo=1, routed)           0.000    14.235    vision_i/pipe/inst/u_pipeline/u_vision/u_gauss/lb1/out_g[7]_i_79_n_0
    SLICE_X54Y76         CARRY4 (Prop_carry4_S[3]_O[3])
                                                      0.255    14.490 r  vision_i/pipe/inst/u_pipeline/u_vision/u_gauss/lb1/out_g_reg[7]_i_55/O[3]
                         net (fo=2, routed)           0.597    15.087    vision_i/pipe/inst/u_pipeline/u_vision/u_gauss/lb1/C[3]
    SLICE_X53Y76         LUT5 (Prop_lut5_I4_O)        0.307    15.394 r  vision_i/pipe/inst/u_pipeline/u_vision/u_gauss/lb1/out_g[7]_i_56/O
                         net (fo=1, routed)           0.000    15.394    vision_i/pipe/inst/u_pipeline/u_vision/u_gauss/lb1/out_g[7]_i_56_n_0
    SLICE_X53Y76         CARRY4 (Prop_carry4_S[3]_CO[3])
                                                      0.401    15.795 r  vision_i/pipe/inst/u_pipeline/u_vision/u_gauss/lb1/out_g_reg[7]_i_36/CO[3]
                         net (fo=1, routed)           0.000    15.795    vision_i/pipe/inst/u_pipeline/u_vision/u_gauss/lb1/out_g_reg[7]_i_36_n_0
    SLICE_X53Y77         CARRY4 (Prop_carry4_CI_O[0])
                                                      0.222    16.017 r  vision_i/pipe/inst/u_pipeline/u_vision/u_gauss/lb1/out_g_reg[7]_i_19/O[0]
                         net (fo=2, routed)           0.449    16.466    vision_i/pipe/inst/u_pipeline/u_vision/u_gauss/lb1/out_g_reg[7]_i_19_n_7
    SLICE_X52Y77         LUT5 (Prop_lut5_I4_O)        0.299    16.765 r  vision_i/pipe/inst/u_pipeline/u_vision/u_gauss/lb1/out_g[7]_i_13__0/O
                         net (fo=2, routed)           0.483    17.248    vision_i/pipe/inst/u_pipeline/u_vision/u_gauss/lb1/out_g[7]_i_13__0_n_0
    SLICE_X51Y76         LUT6 (Prop_lut6_I3_O)        0.124    17.372 r  vision_i/pipe/inst/u_pipeline/u_vision/u_gauss/lb1/out_g[7]_i_17__0/O
                         net (fo=1, routed)           0.000    17.372    vision_i/pipe/inst/u_pipeline/u_vision/u_gauss/lb1/out_g[7]_i_17__0_n_0
    SLICE_X51Y76         CARRY4 (Prop_carry4_S[1]_O[2])
                                                      0.580    17.952 r  vision_i/pipe/inst/u_pipeline/u_vision/u_gauss/lb1/out_g_reg[7]_i_4/O[2]
                         net (fo=2, routed)           0.435    18.387    vision_i/pipe/inst/u_pipeline/u_vision/u_gauss/lb1/PCOUT[6]
    SLICE_X49Y76         LUT5 (Prop_lut5_I4_O)        0.302    18.689 r  vision_i/pipe/inst/u_pipeline/u_vision/u_gauss/lb1/out_g[3]_i_3/O
                         net (fo=2, routed)           0.595    19.284    vision_i/pipe/inst/u_pipeline/u_vision/u_gauss/lb1/out_g[3]_i_3_n_0
    SLICE_X50Y76         LUT6 (Prop_lut6_I3_O)        0.124    19.408 r  vision_i/pipe/inst/u_pipeline/u_vision/u_gauss/lb1/out_g[3]_i_7__0/O
                         net (fo=1, routed)           0.000    19.408    vision_i/pipe/inst/u_pipeline/u_vision/u_gauss/lb1/out_g[3]_i_7__0_n_0
    SLICE_X50Y76         CARRY4 (Prop_carry4_S[3]_CO[3])
                                                      0.376    19.784 r  vision_i/pipe/inst/u_pipeline/u_vision/u_gauss/lb1/out_g_reg[3]_i_1/CO[3]
                         net (fo=1, routed)           0.000    19.784    vision_i/pipe/inst/u_pipeline/u_vision/u_gauss/lb1/out_g_reg[3]_i_1_n_0
    SLICE_X50Y77         CARRY4 (Prop_carry4_CI_O[1])
                                                      0.323    20.107 r  vision_i/pipe/inst/u_pipeline/u_vision/u_gauss/lb1/out_g_reg[7]_i_1/O[1]
                         net (fo=1, routed)           0.000    20.107    vision_i/pipe/inst/u_pipeline/u_vision/u_gauss/p_0_in[5]
    SLICE_X50Y77         FDCE                                         r  vision_i/pipe/inst/u_pipeline/u_vision/u_gauss/out_g_reg[5]/D
  -------------------------------------------------------------------    -------------------

                         (clock PixelClk_int rise edge)
                                                     13.468    13.468 r  <hidden>
    N18                                               0.000    13.468 r  hdmi_in_clk_p
                         net (fo=0)                   0.000    13.468    vision_i/rx/U0/TMDS_ClockingX/TMDS_Clk_p
    N18                  IBUFDS (Prop_ibufds_I_O)     0.887    14.355 r  vision_i/rx/U0/TMDS_ClockingX/InputBuffer/O
                         net (fo=1, routed)           1.162    15.517    vision_i/rx/U0/TMDS_ClockingX/CLK_IN_hdmi_clk
    MMCME2_ADV_X1Y1      MMCME2_ADV (Prop_mmcme2_adv_CLKIN1_CLKOUT0)
                                                      0.084    15.601 r  vision_i/rx/U0/TMDS_ClockingX/DVI_ClkGenerator/CLKOUT0
                         net (fo=2, routed)           0.960    16.561    vision_i/rx/U0/TMDS_ClockingX/CLK_OUT_5x_hdmi_clk
    BUFR_X1Y5            BUFR (Prop_bufr_I_O)         0.918    17.479 r  vision_i/rx/U0/TMDS_ClockingX/PixelClkBuffer/O
                         net (fo=367, routed)         0.858    18.337    vision_i/rx/U0/GenerateBUFG.ResyncToBUFG_X/InstBUFG_0
    BUFGCTRL_X0Y18       BUFG (Prop_bufg_I_O)         0.091    18.428 r  vision_i/rx/U0/GenerateBUFG.ResyncToBUFG_X/InstBUFG/O
                         net (fo=3865, routed)        1.452    19.879    vision_i/pipe/inst/u_pipeline/u_vision/u_gauss/pclk
    SLICE_X50Y77         FDCE                                         r  vision_i/pipe/inst/u_pipeline/u_vision/u_gauss/out_g_reg[5]/C
                         clock pessimism              0.599    20.478    <hidden>
                         clock uncertainty           -0.072    20.406    <hidden>
    SLICE_X50Y77         FDCE (Setup_fdce_C_D)        0.109    20.515    vision_i/pipe/inst/u_pipeline/u_vision/u_gauss/out_g_reg[5]
  -------------------------------------------------------------------
                         required time                         20.515    <hidden>
                         arrival time                         -20.107    <hidden>
  -------------------------------------------------------------------
                         slack                                  0.408    <hidden>





Min Delay Paths
--------------------------------------------------------------------------------------
Slack (MET) :             0.025ns  (arrival time - required time)
  Source:                 vision_i/rx/U0/DataDecoders[2].DecoderX/pDataIn_reg[2]/C
                            (rising edge-triggered cell FDRE clocked by PixelClk_int  {rise@0.000ns fall@5.387ns period=13.468ns})
  Destination:            vision_i/rx/U0/GenerateBUFG.ResyncToBUFG_X/poData_reg[18]/D
                            (rising edge-triggered cell FDRE clocked by PixelClk_int  {rise@0.000ns fall@5.387ns period=13.468ns})
  Path Group:             PixelClk_int
  Path Type:              Hold (Min at Slow Process Corner)
  Requirement:            0.000ns  (PixelClk_int rise@0.000ns - PixelClk_int rise@0.000ns)
  Data Path Delay:        2.353ns  (logic 0.367ns (15.600%)  route 1.986ns (84.400%))
  Logic Levels:           0  
  Clock Path Skew:        2.144ns (DCD - SCD - CPR)
    Destination Clock Delay (DCD):    7.287ns
    Source Clock Delay      (SCD):    4.756ns
    Clock Pessimism Removal (CPR):    0.387ns

    Location             Delay type                Incr(ns)  Path(ns)    Netlist Resource(s)
  -------------------------------------------------------------------    -------------------
                         (clock PixelClk_int rise edge)
                                                      0.000     0.000 r  <hidden>
    N18                                               0.000     0.000 r  hdmi_in_clk_p
                         net (fo=0)                   0.000     0.000    vision_i/rx/U0/TMDS_ClockingX/TMDS_Clk_p
    N18                  IBUFDS (Prop_ibufds_I_O)     0.887     0.887 r  vision_i/rx/U0/TMDS_ClockingX/InputBuffer/O
                         net (fo=1, routed)           1.162     2.049    vision_i/rx/U0/TMDS_ClockingX/CLK_IN_hdmi_clk
    MMCME2_ADV_X1Y1      MMCME2_ADV (Prop_mmcme2_adv_CLKIN1_CLKOUT0)
                                                      0.084     2.133 r  vision_i/rx/U0/TMDS_ClockingX/DVI_ClkGenerator/CLKOUT0
                         net (fo=2, routed)           0.960     3.093    vision_i/rx/U0/TMDS_ClockingX/CLK_OUT_5x_hdmi_clk
    BUFR_X1Y5            BUFR (Prop_bufr_I_O)         0.918     4.011 r  vision_i/rx/U0/TMDS_ClockingX/PixelClkBuffer/O
                         net (fo=367, routed)         0.745     4.756    vision_i/rx/U0/DataDecoders[2].DecoderX/CLK
    SLICE_X107Y74        FDRE                                         r  vision_i/rx/U0/DataDecoders[2].DecoderX/pDataIn_reg[2]/C
  -------------------------------------------------------------------    -------------------
    SLICE_X107Y74        FDRE (Prop_fdre_C_Q)         0.367     5.123 r  vision_i/rx/U0/DataDecoders[2].DecoderX/pDataIn_reg[2]/Q
                         net (fo=1, routed)           1.986     7.108    vision_i/rx/U0/GenerateBUFG.ResyncToBUFG_X/D[18]
    SLICE_X106Y74        FDRE                                         r  vision_i/rx/U0/GenerateBUFG.ResyncToBUFG_X/poData_reg[18]/D
  -------------------------------------------------------------------    -------------------

                         (clock PixelClk_int rise edge)
                                                      0.000     0.000 r  <hidden>
    N18                                               0.000     0.000 r  hdmi_in_clk_p
                         net (fo=0)                   0.000     0.000    vision_i/rx/U0/TMDS_ClockingX/TMDS_Clk_p
    N18                  IBUFDS (Prop_ibufds_I_O)     0.930     0.930 r  vision_i/rx/U0/TMDS_ClockingX/InputBuffer/O
                         net (fo=1, routed)           1.285     2.215    vision_i/rx/U0/TMDS_ClockingX/CLK_IN_hdmi_clk
    MMCME2_ADV_X1Y1      MMCME2_ADV (Prop_mmcme2_adv_CLKIN1_CLKOUT0)
                                                      0.089     2.304 r  vision_i/rx/U0/TMDS_ClockingX/DVI_ClkGenerator/CLKOUT0
                         net (fo=2, routed)           1.063     3.367    vision_i/rx/U0/TMDS_ClockingX/CLK_OUT_5x_hdmi_clk
    BUFR_X1Y5            BUFR (Prop_bufr_I_O)         1.031     4.398 r  vision_i/rx/U0/TMDS_ClockingX/PixelClkBuffer/O
                         net (fo=367, routed)         0.945     5.343    vision_i/rx/U0/GenerateBUFG.ResyncToBUFG_X/InstBUFG_0
    BUFGCTRL_X0Y18       BUFG (Prop_bufg_I_O)         0.101     5.444 r  vision_i/rx/U0/GenerateBUFG.ResyncToBUFG_X/InstBUFG/O
                         net (fo=3865, routed)        1.843     7.287    vision_i/rx/U0/GenerateBUFG.ResyncToBUFG_X/CLK
    SLICE_X106Y74        FDRE                                         r  vision_i/rx/U0/GenerateBUFG.ResyncToBUFG_X/poData_reg[18]/C
                         clock pessimism             -0.387     6.900    <hidden>
    SLICE_X106Y74        FDRE (Hold_fdre_C_D)         0.184     7.084    vision_i/rx/U0/GenerateBUFG.ResyncToBUFG_X/poData_reg[18]
  -------------------------------------------------------------------
                         required time                         -7.084    <hidden>
                         arrival time                           7.108    <hidden>
  -------------------------------------------------------------------
                         slack                                  0.025    <hidden>





Pulse Width Checks
--------------------------------------------------------------------------------------
Clock Name:         PixelClk_int
Waveform(ns):       { 0.000 5.387 }
Period(ns):         13.468
Sources:            { vision_i/rx/U0/TMDS_ClockingX/PixelClkBuffer/O }

Check Type        Corner  Lib Pin             Reference Pin  Required(ns)  Actual(ns)  Slack(ns)  Location         Pin
Min Period        n/a     RAMB36E1/CLKARDCLK  n/a            3.363         13.468      10.105     RAMB36_X3Y12     vision_i/pipe/inst/u_pipeline/u_vision/u_copbuf/mem0_reg_0_0/CLKARDCLK
Max Period        n/a     MMCME2_ADV/CLKIN1   n/a            100.000       13.468      86.532     MMCME2_ADV_X1Y2  vision_i/tx/U0/ClockGenInternal.ClockGenX/GenMMCM.DVI_ClkGenerator/CLKIN1
Low Pulse Width   Slow    MMCME2_ADV/CLKIN1   n/a            3.000         8.081       5.081      MMCME2_ADV_X1Y2  vision_i/tx/U0/ClockGenInternal.ClockGenX/GenMMCM.DVI_ClkGenerator/CLKIN1
High Pulse Width  Slow    MMCME2_ADV/CLKIN1   n/a            3.000         5.387       2.387      MMCME2_ADV_X1Y2  vision_i/tx/U0/ClockGenInternal.ClockGenX/GenMMCM.DVI_ClkGenerator/CLKIN1



---------------------------------------------------------------------------------------------------
From Clock:  FeedbackClkOut
  To Clock:  FeedbackClkOut

Setup :           NA  Failing Endpoints,  Worst Slack           NA  ,  Total Violation           NA
Hold  :           NA  Failing Endpoints,  Worst Slack           NA  ,  Total Violation           NA
PW    :            0  Failing Endpoints,  Worst Slack       10.294ns,  Total Violation        0.000ns
---------------------------------------------------------------------------------------------------


Pulse Width Checks
--------------------------------------------------------------------------------------
Clock Name:         FeedbackClkOut
Waveform(ns):       { 0.000 6.734 }
Period(ns):         13.468
Sources:            { vision_i/tx/U0/ClockGenInternal.ClockGenX/GenMMCM.DVI_ClkGenerator/CLKFBOUT }

Check Type  Corner  Lib Pin              Reference Pin  Required(ns)  Actual(ns)  Slack(ns)  Location         Pin
Min Period  n/a     BUFR/I               n/a            3.174         13.468      10.294     BUFR_X1Y8        vision_i/tx/U0/ClockGenInternal.ClockGenX/GenMMCM.Deskew/I
Max Period  n/a     MMCME2_ADV/CLKFBOUT  n/a            213.360       13.468      199.892    MMCME2_ADV_X1Y2  vision_i/tx/U0/ClockGenInternal.ClockGenX/GenMMCM.DVI_ClkGenerator/CLKFBOUT



---------------------------------------------------------------------------------------------------
From Clock:  CLKFBIN_1
  To Clock:  CLKFBIN_1

Setup :           NA  Failing Endpoints,  Worst Slack           NA  ,  Total Violation           NA
Hold  :           NA  Failing Endpoints,  Worst Slack           NA  ,  Total Violation           NA
PW    :            0  Failing Endpoints,  Worst Slack       12.219ns,  Total Violation        0.000ns
---------------------------------------------------------------------------------------------------


Pulse Width Checks
--------------------------------------------------------------------------------------
Clock Name:         CLKFBIN_1
Waveform(ns):       { 0.000 6.734 }
Period(ns):         13.468
Sources:            { vision_i/tx/U0/ClockGenInternal.ClockGenX/GenMMCM.Deskew/O }

Check Type  Corner  Lib Pin             Reference Pin  Required(ns)  Actual(ns)  Slack(ns)  Location         Pin
Min Period  n/a     MMCME2_ADV/CLKFBIN  n/a            1.249         13.468      12.219     MMCME2_ADV_X1Y2  vision_i/tx/U0/ClockGenInternal.ClockGenX/GenMMCM.DVI_ClkGenerator/CLKFBIN
Max Period  n/a     MMCME2_ADV/CLKFBIN  n/a            100.000       13.468      86.532     MMCME2_ADV_X1Y2  vision_i/tx/U0/ClockGenInternal.ClockGenX/GenMMCM.DVI_ClkGenerator/CLKFBIN



---------------------------------------------------------------------------------------------------
From Clock:  PixelClkInX5
  To Clock:  PixelClkInX5

Setup :           NA  Failing Endpoints,  Worst Slack           NA  ,  Total Violation           NA
Hold  :           NA  Failing Endpoints,  Worst Slack           NA  ,  Total Violation           NA
PW    :            0  Failing Endpoints,  Worst Slack        1.027ns,  Total Violation        0.000ns
---------------------------------------------------------------------------------------------------


Pulse Width Checks
--------------------------------------------------------------------------------------
Clock Name:         PixelClkInX5
Waveform(ns):       { 0.000 1.347 }
Period(ns):         2.694
Sources:            { vision_i/tx/U0/ClockGenInternal.ClockGenX/GenMMCM.DVI_ClkGenerator/CLKOUT0 }

Check Type  Corner  Lib Pin             Reference Pin  Required(ns)  Actual(ns)  Slack(ns)  Location         Pin
Min Period  n/a     OSERDESE2/CLK       n/a            1.667         2.694       1.027      OLOGIC_X1Y128    vision_i/tx/U0/ClockSerializer/SerializerMaster/CLK
Max Period  n/a     MMCME2_ADV/CLKOUT0  n/a            213.360       2.694       210.666    MMCME2_ADV_X1Y2  vision_i/tx/U0/ClockGenInternal.ClockGenX/GenMMCM.DVI_ClkGenerator/CLKOUT0



---------------------------------------------------------------------------------------------------
From Clock:  PixelClkIO
  To Clock:  PixelClkIO

Setup :           NA  Failing Endpoints,  Worst Slack           NA  ,  Total Violation           NA
Hold  :           NA  Failing Endpoints,  Worst Slack           NA  ,  Total Violation           NA
PW    :            0  Failing Endpoints,  Worst Slack       11.801ns,  Total Violation        0.000ns
---------------------------------------------------------------------------------------------------


Pulse Width Checks
--------------------------------------------------------------------------------------
Clock Name:         PixelClkIO
Waveform(ns):       { 0.000 5.387 }
Period(ns):         13.468
Sources:            { vision_i/tx/U0/ClockGenInternal.ClockGenX/GenMMCM.PixelClkBuffer/O }

Check Type  Corner  Lib Pin           Reference Pin  Required(ns)  Actual(ns)  Slack(ns)  Location       Pin
Min Period  n/a     OSERDESE2/CLKDIV  n/a            1.667         13.468      11.801     OLOGIC_X1Y128  vision_i/tx/U0/ClockSerializer/SerializerMaster/CLKDIV



---------------------------------------------------------------------------------------------------
From Clock:  PixelClk_int
  To Clock:  dbg_hub/inst/BSCANID.u_xsdbm_id/SWITCH_N_EXT_BSCAN.bscan_inst/SERIES7_BSCAN.bscan_inst/TCK

Setup :            0  Failing Endpoints,  Worst Slack       12.097ns,  Total Violation        0.000ns
Hold  :           NA  Failing Endpoints,  Worst Slack           NA  ,  Total Violation           NA
---------------------------------------------------------------------------------------------------


Max Delay Paths
--------------------------------------------------------------------------------------
Slack (MET) :             12.097ns  (required time - arrival time)
  Source:                 dbg_hub/inst/BSCANID.u_xsdbm_id/CORE_XSDB.UUT_MASTER/U_ICON_INTERFACE/U_CMD6_WR/U_WR_FIFO/SUBCORE_FIFO.xsdbm_v3_0_6_wrfifo_inst/inst_fifo_gen/gconvfifo.rf/grf.rf/gntv_or_sync_fifo.gcx.clkx/gnxpm_cdc.rd_pntr_gc_reg[3]/C
                            (rising edge-triggered cell FDCE clocked by PixelClk_int  {rise@0.000ns fall@5.387ns period=13.468ns})
  Destination:            dbg_hub/inst/BSCANID.u_xsdbm_id/CORE_XSDB.UUT_MASTER/U_ICON_INTERFACE/U_CMD6_WR/U_WR_FIFO/SUBCORE_FIFO.xsdbm_v3_0_6_wrfifo_inst/inst_fifo_gen/gconvfifo.rf/grf.rf/gntv_or_sync_fifo.gcx.clkx/gnxpm_cdc.gsync_stage[1].wr_stg_inst/Q_reg_reg[3]/D
                            (rising edge-triggered cell FDCE clocked by dbg_hub/inst/BSCANID.u_xsdbm_id/SWITCH_N_EXT_BSCAN.bscan_inst/SERIES7_BSCAN.bscan_inst/TCK  {rise@0.000ns fall@16.500ns period=33.000ns})
  Path Group:             dbg_hub/inst/BSCANID.u_xsdbm_id/SWITCH_N_EXT_BSCAN.bscan_inst/SERIES7_BSCAN.bscan_inst/TCK
  Path Type:              Setup (Max at Slow Process Corner)
  Requirement:            13.468ns  (MaxDelay Path 13.468ns)
  Data Path Delay:        1.105ns  (logic 0.419ns (37.910%)  route 0.686ns (62.090%))
  Logic Levels:           0  
  Timing Exception:       MaxDelay Path 13.468ns -datapath_only

    Location             Delay type                Incr(ns)  Path(ns)    Netlist Resource(s)
  -------------------------------------------------------------------    -------------------
    SLICE_X52Y116                                     0.000     0.000 r  dbg_hub/inst/BSCANID.u_xsdbm_id/CORE_XSDB.UUT_MASTER/U_ICON_INTERFACE/U_CMD6_WR/U_WR_FIFO/SUBCORE_FIFO.xsdbm_v3_0_6_wrfifo_inst/inst_fifo_gen/gconvfifo.rf/grf.rf/gntv_or_sync_fifo.gcx.clkx/gnxpm_cdc.rd_pntr_gc_reg[3]/C
    SLICE_X52Y116        FDCE (Prop_fdce_C_Q)         0.419     0.419 r  dbg_hub/inst/BSCANID.u_xsdbm_id/CORE_XSDB.UUT_MASTER/U_ICON_INTERFACE/U_CMD6_WR/U_WR_FIFO/SUBCORE_FIFO.xsdbm_v3_0_6_wrfifo_inst/inst_fifo_gen/gconvfifo.rf/grf.rf/gntv_or_sync_fifo.gcx.clkx/gnxpm_cdc.rd_pntr_gc_reg[3]/Q
                         net (fo=1, routed)           0.686     1.105    dbg_hub/inst/BSCANID.u_xsdbm_id/CORE_XSDB.UUT_MASTER/U_ICON_INTERFACE/U_CMD6_WR/U_WR_FIFO/SUBCORE_FIFO.xsdbm_v3_0_6_wrfifo_inst/inst_fifo_gen/gconvfifo.rf/grf.rf/gntv_or_sync_fifo.gcx.clkx/gnxpm_cdc.gsync_stage[1].wr_stg_inst/Q[3]
    SLICE_X56Y116        FDCE                                         r  dbg_hub/inst/BSCANID.u_xsdbm_id/CORE_XSDB.UUT_MASTER/U_ICON_INTERFACE/U_CMD6_WR/U_WR_FIFO/SUBCORE_FIFO.xsdbm_v3_0_6_wrfifo_inst/inst_fifo_gen/gconvfifo.rf/grf.rf/gntv_or_sync_fifo.gcx.clkx/gnxpm_cdc.gsync_stage[1].wr_stg_inst/Q_reg_reg[3]/D
  -------------------------------------------------------------------    -------------------

                         max delay                   13.468    13.468    <hidden>
    SLICE_X56Y116        FDCE (Setup_fdce_C_D)       -0.266    13.202    dbg_hub/inst/BSCANID.u_xsdbm_id/CORE_XSDB.UUT_MASTER/U_ICON_INTERFACE/U_CMD6_WR/U_WR_FIFO/SUBCORE_FIFO.xsdbm_v3_0_6_wrfifo_inst/inst_fifo_gen/gconvfifo.rf/grf.rf/gntv_or_sync_fifo.gcx.clkx/gnxpm_cdc.gsync_stage[1].wr_stg_inst/Q_reg_reg[3]
  -------------------------------------------------------------------
                         required time                         13.202    <hidden>
                         arrival time                          -1.105    <hidden>
  -------------------------------------------------------------------
                         slack                                 12.097    <hidden>





---------------------------------------------------------------------------------------------------
From Clock:  clk_fpga_0
  To Clock:  PixelClk_int

Setup :            0  Failing Endpoints,  Worst Slack        8.256ns,  Total Violation        0.000ns
Hold  :           NA  Failing Endpoints,  Worst Slack           NA  ,  Total Violation           NA
---------------------------------------------------------------------------------------------------


Max Delay Paths
--------------------------------------------------------------------------------------
Slack (MET) :             8.256ns  (required time - arrival time)
  Source:                 vision_i/pipe/inst/u_pipeline/u_vision/u_config/hold_data_reg[299]/C
                            (rising edge-triggered cell FDCE clocked by clk_fpga_0  {rise@0.000ns fall@5.000ns period=10.000ns})
  Destination:            vision_i/pipe/inst/u_pipeline/u_vision/u_config/dst_data_reg[299]/D
                            (rising edge-triggered cell FDCE clocked by PixelClk_int  {rise@0.000ns fall@5.387ns period=13.468ns})
  Path Group:             PixelClk_int
  Path Type:              Setup (Max at Slow Process Corner)
  Requirement:            10.000ns  (MaxDelay Path 10.000ns)
  Data Path Delay:        1.635ns  (logic 0.456ns (27.887%)  route 1.179ns (72.113%))
  Logic Levels:           0  
  Timing Exception:       MaxDelay Path 10.000ns -datapath_only

    Location             Delay type                Incr(ns)  Path(ns)    Netlist Resource(s)
  -------------------------------------------------------------------    -------------------
    SLICE_X40Y91                                      0.000     0.000 r  vision_i/pipe/inst/u_pipeline/u_vision/u_config/hold_data_reg[299]/C
    SLICE_X40Y91         FDCE (Prop_fdce_C_Q)         0.456     0.456 r  vision_i/pipe/inst/u_pipeline/u_vision/u_config/hold_data_reg[299]/Q
                         net (fo=1, routed)           1.179     1.635    vision_i/pipe/inst/u_pipeline/u_vision/u_config/hold_data[299]
    SLICE_X44Y87         FDCE                                         r  vision_i/pipe/inst/u_pipeline/u_vision/u_config/dst_data_reg[299]/D
  -------------------------------------------------------------------    -------------------

                         max delay                   10.000    10.000    <hidden>
    SLICE_X44Y87         FDCE (Setup_fdce_C_D)       -0.109     9.891    vision_i/pipe/inst/u_pipeline/u_vision/u_config/dst_data_reg[299]
  -------------------------------------------------------------------
                         required time                          9.891    <hidden>
                         arrival time                          -1.635    <hidden>
  -------------------------------------------------------------------
                         slack                                  8.256    <hidden>





---------------------------------------------------------------------------------------------------
From Clock:  dbg_hub/inst/BSCANID.u_xsdbm_id/SWITCH_N_EXT_BSCAN.bscan_inst/SERIES7_BSCAN.bscan_inst/TCK
  To Clock:  PixelClk_int

Setup :            0  Failing Endpoints,  Worst Slack       31.358ns,  Total Violation        0.000ns
Hold  :           NA  Failing Endpoints,  Worst Slack           NA  ,  Total Violation           NA
---------------------------------------------------------------------------------------------------


Max Delay Paths
--------------------------------------------------------------------------------------
Slack (MET) :             31.358ns  (required time - arrival time)
  Source:                 dbg_hub/inst/BSCANID.u_xsdbm_id/CORE_XSDB.UUT_MASTER/U_ICON_INTERFACE/U_CMD6_RD/U_RD_FIFO/SUBCORE_FIFO.xsdbm_v3_0_6_rdfifo_inst/inst_fifo_gen/gconvfifo.rf/grf.rf/gntv_or_sync_fifo.gcx.clkx/gnxpm_cdc.rd_pntr_gc_reg[1]/C
                            (rising edge-triggered cell FDCE clocked by dbg_hub/inst/BSCANID.u_xsdbm_id/SWITCH_N_EXT_BSCAN.bscan_inst/SERIES7_BSCAN.bscan_inst/TCK  {rise@0.000ns fall@16.500ns period=33.000ns})
  Destination:            dbg_hub/inst/BSCANID.u_xsdbm_id/CORE_XSDB.UUT_MASTER/U_ICON_INTERFACE/U_CMD6_RD/U_RD_FIFO/SUBCORE_FIFO.xsdbm_v3_0_6_rdfifo_inst/inst_fifo_gen/gconvfifo.rf/grf.rf/gntv_or_sync_fifo.gcx.clkx/gnxpm_cdc.gsync_stage[1].wr_stg_inst/Q_reg_reg[1]/D
                            (rising edge-triggered cell FDCE clocked by PixelClk_int  {rise@0.000ns fall@5.387ns period=13.468ns})
  Path Group:             PixelClk_int
  Path Type:              Setup (Max at Slow Process Corner)
  Requirement:            33.000ns  (MaxDelay Path 33.000ns)
  Data Path Delay:        1.584ns  (logic 0.456ns (28.794%)  route 1.128ns (71.206%))
  Logic Levels:           0  
  Timing Exception:       MaxDelay Path 33.000ns -datapath_only

    Location             Delay type                Incr(ns)  Path(ns)    Netlist Resource(s)
  -------------------------------------------------------------------    -------------------
    SLICE_X64Y110                                     0.000     0.000 r  dbg_hub/inst/BSCANID.u_xsdbm_id/CORE_XSDB.UUT_MASTER/U_ICON_INTERFACE/U_CMD6_RD/U_RD_FIFO/SUBCORE_FIFO.xsdbm_v3_0_6_rdfifo_inst/inst_fifo_gen/gconvfifo.rf/grf.rf/gntv_or_sync_fifo.gcx.clkx/gnxpm_cdc.rd_pntr_gc_reg[1]/C
    SLICE_X64Y110        FDCE (Prop_fdce_C_Q)         0.456     0.456 r  dbg_hub/inst/BSCANID.u_xsdbm_id/CORE_XSDB.UUT_MASTER/U_ICON_INTERFACE/U_CMD6_RD/U_RD_FIFO/SUBCORE_FIFO.xsdbm_v3_0_6_rdfifo_inst/inst_fifo_gen/gconvfifo.rf/grf.rf/gntv_or_sync_fifo.gcx.clkx/gnxpm_cdc.rd_pntr_gc_reg[1]/Q
                         net (fo=1, routed)           1.128     1.584    dbg_hub/inst/BSCANID.u_xsdbm_id/CORE_XSDB.UUT_MASTER/U_ICON_INTERFACE/U_CMD6_RD/U_RD_FIFO/SUBCORE_FIFO.xsdbm_v3_0_6_rdfifo_inst/inst_fifo_gen/gconvfifo.rf/grf.rf/gntv_or_sync_fifo.gcx.clkx/gnxpm_cdc.gsync_stage[1].wr_stg_inst/Q[1]
    SLICE_X58Y112        FDCE                                         r  dbg_hub/inst/BSCANID.u_xsdbm_id/CORE_XSDB.UUT_MASTER/U_ICON_INTERFACE/U_CMD6_RD/U_RD_FIFO/SUBCORE_FIFO.xsdbm_v3_0_6_rdfifo_inst/inst_fifo_gen/gconvfifo.rf/grf.rf/gntv_or_sync_fifo.gcx.clkx/gnxpm_cdc.gsync_stage[1].wr_stg_inst/Q_reg_reg[1]/D
  -------------------------------------------------------------------    -------------------

                         max delay                   33.000    33.000    <hidden>
    SLICE_X58Y112        FDCE (Setup_fdce_C_D)       -0.058    32.942    dbg_hub/inst/BSCANID.u_xsdbm_id/CORE_XSDB.UUT_MASTER/U_ICON_INTERFACE/U_CMD6_RD/U_RD_FIFO/SUBCORE_FIFO.xsdbm_v3_0_6_rdfifo_inst/inst_fifo_gen/gconvfifo.rf/grf.rf/gntv_or_sync_fifo.gcx.clkx/gnxpm_cdc.gsync_stage[1].wr_stg_inst/Q_reg_reg[1]
  -------------------------------------------------------------------
                         required time                         32.942    <hidden>
                         arrival time                          -1.584    <hidden>
  -------------------------------------------------------------------
                         slack                                 31.358    <hidden>





---------------------------------------------------------------------------------------------------
From Clock:  PixelClk_int
  To Clock:  PixelClkIO

Setup :            0  Failing Endpoints,  Worst Slack        8.243ns,  Total Violation        0.000ns
Hold  :            0  Failing Endpoints,  Worst Slack        0.168ns,  Total Violation        0.000ns
---------------------------------------------------------------------------------------------------


Max Delay Paths
--------------------------------------------------------------------------------------
Slack (MET) :             8.243ns  (required time - arrival time)
  Source:                 vision_i/tx/U0/LockLostReset/SyncAsyncx/oSyncStages_reg[1]/C
                            (rising edge-triggered cell FDPE clocked by PixelClk_int  {rise@0.000ns fall@5.387ns period=13.468ns})
  Destination:            vision_i/tx/U0/DataEncoders[0].DataSerializer/SerializerMaster/RST
                            (rising edge-triggered cell OSERDESE2 clocked by PixelClkIO  {rise@0.000ns fall@5.387ns period=13.468ns})
  Path Group:             PixelClkIO
  Path Type:              Setup (Max at Slow Process Corner)
  Requirement:            13.468ns  (PixelClkIO rise@13.468ns - PixelClk_int rise@0.000ns)
  Data Path Delay:        3.796ns  (logic 0.419ns (11.038%)  route 3.377ns (88.962%))
  Logic Levels:           0  
  Clock Path Skew:        -0.154ns (DCD - SCD + CPR)
    Destination Clock Delay (DCD):    6.848ns = ( 20.316 - 13.468 ) 
    Source Clock Delay      (SCD):    7.487ns
    Clock Pessimism Removal (CPR):    0.484ns
  Clock Uncertainty:      0.250ns  ((TSJ^2 + DJ^2)^1/2) / 2 + PE
    Total System Jitter     (TSJ):    0.071ns
    Discrete Jitter          (DJ):    0.129ns
    Phase Error              (PE):    0.177ns

    Location             Delay type                Incr(ns)  Path(ns)    Netlist Resource(s)
  -------------------------------------------------------------------    -------------------
                         (clock PixelClk_int rise edge)
                                                      0.000     0.000 r  <hidden>
    N18                                               0.000     0.000 r  hdmi_in_clk_p
                         net (fo=0)                   0.000     0.000    vision_i/rx/U0/TMDS_ClockingX/TMDS_Clk_p
    N18                  IBUFDS (Prop_ibufds_I_O)     0.930     0.930 r  vision_i/rx/U0/TMDS_ClockingX/InputBuffer/O
                         net (fo=1, routed)           1.285     2.215    vision_i/rx/U0/TMDS_ClockingX/CLK_IN_hdmi_clk
    MMCME2_ADV_X1Y1      MMCME2_ADV (Prop_mmcme2_adv_CLKIN1_CLKOUT0)
                                                      0.089     2.304 r  vision_i/rx/U0/TMDS_ClockingX/DVI_ClkGenerator/CLKOUT0
                         net (fo=2, routed)           1.063     3.367    vision_i/rx/U0/TMDS_ClockingX/CLK_OUT_5x_hdmi_clk
    BUFR_X1Y5            BUFR (Prop_bufr_I_O)         1.031     4.398 r  vision_i/rx/U0/TMDS_ClockingX/PixelClkBuffer/O
                         net (fo=367, routed)         0.945     5.343    vision_i/rx/U0/GenerateBUFG.ResyncToBUFG_X/InstBUFG_0
    BUFGCTRL_X0Y18       BUFG (Prop_bufg_I_O)         0.101     5.444 r  vision_i/rx/U0/GenerateBUFG.ResyncToBUFG_X/InstBUFG/O
                         net (fo=3865, routed)        2.043     7.487    vision_i/tx/U0/LockLostReset/SyncAsyncx/PixelClk
    SLICE_X113Y121       FDPE                                         r  vision_i/tx/U0/LockLostReset/SyncAsyncx/oSyncStages_reg[1]/C
  -------------------------------------------------------------------    -------------------
    SLICE_X113Y121       FDPE (Prop_fdpe_C_Q)         0.419     7.906 r  vision_i/tx/U0/LockLostReset/SyncAsyncx/oSyncStages_reg[1]/Q
                         net (fo=8, routed)           3.377    11.283    vision_i/tx/U0/DataEncoders[0].DataSerializer/aRst
    OLOGIC_X1Y126        OSERDESE2                                    r  vision_i/tx/U0/DataEncoders[0].DataSerializer/SerializerMaster/RST
  -------------------------------------------------------------------    -------------------

                         (clock PixelClkIO rise edge)
                                                     13.468    13.468 r  <hidden>
    N18                                               0.000    13.468 r  hdmi_in_clk_p
                         net (fo=0)                   0.000    13.468    vision_i/rx/U0/TMDS_ClockingX/TMDS_Clk_p
    N18                  IBUFDS (Prop_ibufds_I_O)     0.887    14.355 r  vision_i/rx/U0/TMDS_ClockingX/InputBuffer/O
                         net (fo=1, routed)           1.162    15.517    vision_i/rx/U0/TMDS_ClockingX/CLK_IN_hdmi_clk
    MMCME2_ADV_X1Y1      MMCME2_ADV (Prop_mmcme2_adv_CLKIN1_CLKOUT0)
                                                      0.084    15.601 r  vision_i/rx/U0/TMDS_ClockingX/DVI_ClkGenerator/CLKOUT0
                         net (fo=2, routed)           0.960    16.561    vision_i/rx/U0/TMDS_ClockingX/CLK_OUT_5x_hdmi_clk
    BUFR_X1Y5            BUFR (Prop_bufr_I_O)         0.918    17.479 r  vision_i/rx/U0/TMDS_ClockingX/PixelClkBuffer/O
                         net (fo=367, routed)         0.858    18.337    vision_i/rx/U0/GenerateBUFG.ResyncToBUFG_X/InstBUFG_0
    BUFGCTRL_X0Y18       BUFG (Prop_bufg_I_O)         0.091    18.428 r  vision_i/rx/U0/GenerateBUFG.ResyncToBUFG_X/InstBUFG/O
                         net (fo=3865, routed)        1.770    20.198    vision_i/tx/U0/ClockGenInternal.ClockGenX/PixelClk
    MMCME2_ADV_X1Y2      MMCME2_ADV (Prop_mmcme2_adv_CLKIN1_CLKOUT0)
                                                     -2.540    17.658 r  vision_i/tx/U0/ClockGenInternal.ClockGenX/GenMMCM.DVI_ClkGenerator/CLKOUT0
                         net (fo=2, routed)           0.960    18.618    vision_i/tx/U0/ClockGenInternal.ClockGenX/PixelClkInX5
    BUFR_X1Y9            BUFR (Prop_bufr_I_O)         0.918    19.536 r  vision_i/tx/U0/ClockGenInternal.ClockGenX/GenMMCM.PixelClkBuffer/O
                         net (fo=8, routed)           0.780    20.316    vision_i/tx/U0/DataEncoders[0].DataSerializer/PixelClk
    OLOGIC_X1Y126        OSERDESE2                                    r  vision_i/tx/U0/DataEncoders[0].DataSerializer/SerializerMaster/CLKDIV
                         clock pessimism              0.484    20.801    <hidden>
                         clock uncertainty           -0.250    20.551    <hidden>
    OLOGIC_X1Y126        OSERDESE2 (Setup_oserdese2_CLKDIV_RST)
                                                     -1.024    19.527    vision_i/tx/U0/DataEncoders[0].DataSerializer/SerializerMaster
  -------------------------------------------------------------------
                         required time                         19.527    <hidden>
                         arrival time                         -11.283    <hidden>
  -------------------------------------------------------------------
                         slack                                  8.243    <hidden>





Min Delay Paths
--------------------------------------------------------------------------------------
Slack (MET) :             0.168ns  (arrival time - required time)
  Source:                 vision_i/tx/U0/DataEncoders[0].DataEncoder/pDataOutRaw_reg[6]/C
                            (rising edge-triggered cell FDSE clocked by PixelClk_int  {rise@0.000ns fall@5.387ns period=13.468ns})
  Destination:            vision_i/tx/U0/DataEncoders[0].DataSerializer/SerializerMaster/D7
                            (rising edge-triggered cell OSERDESE2 clocked by PixelClkIO  {rise@0.000ns fall@5.387ns period=13.468ns})
  Path Group:             PixelClkIO
  Path Type:              Hold (Min at Fast Process Corner)
  Requirement:            0.000ns  (PixelClkIO rise@0.000ns - PixelClk_int rise@0.000ns)
  Data Path Delay:        0.731ns  (logic 0.141ns (19.289%)  route 0.590ns (80.711%))
  Logic Levels:           0  
  Clock Path Skew:        0.294ns (DCD - SCD - CPR)
    Destination Clock Delay (DCD):    3.235ns
    Source Clock Delay      (SCD):    2.610ns
    Clock Pessimism Removal (CPR):    0.331ns
  Clock Uncertainty:      0.250ns  ((TSJ^2 + DJ^2)^1/2) / 2 + PE
    Total System Jitter     (TSJ):    0.071ns
    Discrete Jitter          (DJ):    0.129ns
    Phase Error              (PE):    0.177ns

    Location             Delay type                Incr(ns)  Path(ns)    Netlist Resource(s)
  -------------------------------------------------------------------    -------------------
                         (clock PixelClk_int rise edge)
                                                      0.000     0.000 r  <hidden>
    N18                                               0.000     0.000 r  hdmi_in_clk_p
                         net (fo=0)                   0.000     0.000    vision_i/rx/U0/TMDS_ClockingX/TMDS_Clk_p
    N18                  IBUFDS (Prop_ibufds_I_O)     0.451     0.451 r  vision_i/rx/U0/TMDS_ClockingX/InputBuffer/O
                         net (fo=1, routed)           0.440     0.891    vision_i/rx/U0/TMDS_ClockingX/CLK_IN_hdmi_clk
    MMCME2_ADV_X1Y1      MMCME2_ADV (Prop_mmcme2_adv_CLKIN1_CLKOUT0)
                                                      0.051     0.942 r  vision_i/rx/U0/TMDS_ClockingX/DVI_ClkGenerator/CLKOUT0
                         net (fo=2, routed)           0.363     1.305    vision_i/rx/U0/TMDS_ClockingX/CLK_OUT_5x_hdmi_clk
    BUFR_X1Y5            BUFR (Prop_bufr_I_O)         0.270     1.575 r  vision_i/rx/U0/TMDS_ClockingX/PixelClkBuffer/O
                         net (fo=367, routed)         0.294     1.869    vision_i/rx/U0/GenerateBUFG.ResyncToBUFG_X/InstBUFG_0
    BUFGCTRL_X0Y18       BUFG (Prop_bufg_I_O)         0.026     1.895 r  vision_i/rx/U0/GenerateBUFG.ResyncToBUFG_X/InstBUFG/O
                         net (fo=3865, routed)        0.714     2.610    vision_i/tx/U0/DataEncoders[0].DataEncoder/PixelClk
    SLICE_X109Y112       FDSE                                         r  vision_i/tx/U0/DataEncoders[0].DataEncoder/pDataOutRaw_reg[6]/C
  -------------------------------------------------------------------    -------------------
    SLICE_X109Y112       FDSE (Prop_fdse_C_Q)         0.141     2.751 r  vision_i/tx/U0/DataEncoders[0].DataEncoder/pDataOutRaw_reg[6]/Q
                         net (fo=1, routed)           0.590     3.341    vision_i/tx/U0/DataEncoders[0].DataSerializer/pDataOut[6]
    OLOGIC_X1Y126        OSERDESE2                                    r  vision_i/tx/U0/DataEncoders[0].DataSerializer/SerializerMaster/D7
  -------------------------------------------------------------------    -------------------

                         (clock PixelClkIO rise edge)
                                                      0.000     0.000 r  <hidden>
    N18                                               0.000     0.000 r  hdmi_in_clk_p
                         net (fo=0)                   0.000     0.000    vision_i/rx/U0/TMDS_ClockingX/TMDS_Clk_p
    N18                  IBUFDS (Prop_ibufds_I_O)     0.499     0.499 r  vision_i/rx/U0/TMDS_ClockingX/InputBuffer/O
                         net (fo=1, routed)           0.480     0.979    vision_i/rx/U0/TMDS_ClockingX/CLK_IN_hdmi_clk
    MMCME2_ADV_X1Y1      MMCME2_ADV (Prop_mmcme2_adv_CLKIN1_CLKOUT0)
                                                      0.054     1.033 r  vision_i/rx/U0/TMDS_ClockingX/DVI_ClkGenerator/CLKOUT0
                         net (fo=2, routed)           0.402     1.435    vision_i/rx/U0/TMDS_ClockingX/CLK_OUT_5x_hdmi_clk
    BUFR_X1Y5            BUFR (Prop_bufr_I_O)         0.431     1.866 r  vision_i/rx/U0/TMDS_ClockingX/PixelClkBuffer/O
                         net (fo=367, routed)         0.332     2.198    vision_i/rx/U0/GenerateBUFG.ResyncToBUFG_X/InstBUFG_0
    BUFGCTRL_X0Y18       BUFG (Prop_bufg_I_O)         0.029     2.227 r  vision_i/rx/U0/GenerateBUFG.ResyncToBUFG_X/InstBUFG/O
                         net (fo=3865, routed)        0.945     3.172    vision_i/tx/U0/ClockGenInternal.ClockGenX/PixelClk
    MMCME2_ADV_X1Y2      MMCME2_ADV (Prop_mmcme2_adv_CLKIN1_CLKOUT0)
                                                     -1.079     2.093 r  vision_i/tx/U0/ClockGenInternal.ClockGenX/GenMMCM.DVI_ClkGenerator/CLKOUT0
                         net (fo=2, routed)           0.402     2.495    vision_i/tx/U0/ClockGenInternal.ClockGenX/PixelClkInX5
    BUFR_X1Y9            BUFR (Prop_bufr_I_O)         0.431     2.926 r  vision_i/tx/U0/ClockGenInternal.ClockGenX/GenMMCM.PixelClkBuffer/O
                         net (fo=8, routed)           0.309     3.235    vision_i/tx/U0/DataEncoders[0].DataSerializer/PixelClk
    OLOGIC_X1Y126        OSERDESE2                                    r  vision_i/tx/U0/DataEncoders[0].DataSerializer/SerializerMaster/CLKDIV
                         clock pessimism             -0.331     2.903    <hidden>
                         clock uncertainty            0.250     3.154    <hidden>
    OLOGIC_X1Y126        OSERDESE2 (Hold_oserdese2_CLKDIV_D7)
                                                      0.019     3.173    vision_i/tx/U0/DataEncoders[0].DataSerializer/SerializerMaster
  -------------------------------------------------------------------
                         required time                         -3.173    <hidden>
                         arrival time                           3.341    <hidden>
  -------------------------------------------------------------------
                         slack                                  0.168    <hidden>





---------------------------------------------------------------------------------------------------
Path Group:  **async_default**
From Clock:  PixelClk_int
  To Clock:  PixelClk_int

Setup :            0  Failing Endpoints,  Worst Slack        5.549ns,  Total Violation        0.000ns
Hold  :            0  Failing Endpoints,  Worst Slack        0.345ns,  Total Violation        0.000ns
---------------------------------------------------------------------------------------------------


Max Delay Paths
--------------------------------------------------------------------------------------
Slack (MET) :             5.549ns  (required time - arrival time)
  Source:                 vision_i/pipe/inst/u_pipeline/u_vision/u_pixel_reset/release_pipe_reg[1]/C
                            (rising edge-triggered cell FDCE clocked by PixelClk_int  {rise@0.000ns fall@5.387ns period=13.468ns})
  Destination:            vision_i/pipe/inst/u_pipeline/u_vision/u_copbuf/raddr_reg_rep[10]/CLR
                            (recovery check against rising-edge clock PixelClk_int  {rise@0.000ns fall@5.387ns period=13.468ns})
  Path Group:             **async_default**
  Path Type:              Recovery (Max at Slow Process Corner)
  Requirement:            13.468ns  (PixelClk_int rise@13.468ns - PixelClk_int rise@0.000ns)
  Data Path Delay:        7.015ns  (logic 0.740ns (10.550%)  route 6.275ns (89.450%))
  Logic Levels:           1  (LUT1=1)
  Clock Path Skew:        -0.219ns (DCD - SCD + CPR)
    Destination Clock Delay (DCD):    6.434ns = ( 19.902 - 13.468 ) 
    Source Clock Delay      (SCD):    7.152ns
    Clock Pessimism Removal (CPR):    0.498ns
  Clock Uncertainty:      0.072ns  ((TSJ^2 + DJ^2)^1/2) / 2 + PE
    Total System Jitter     (TSJ):    0.071ns
    Discrete Jitter          (DJ):    0.126ns
    Phase Error              (PE):    0.000ns

    Location             Delay type                Incr(ns)  Path(ns)    Netlist Resource(s)
  -------------------------------------------------------------------    -------------------
                         (clock PixelClk_int rise edge)
                                                      0.000     0.000 r  <hidden>
    N18                                               0.000     0.000 r  hdmi_in_clk_p
                         net (fo=0)                   0.000     0.000    vision_i/rx/U0/TMDS_ClockingX/TMDS_Clk_p
    N18                  IBUFDS (Prop_ibufds_I_O)     0.930     0.930 r  vision_i/rx/U0/TMDS_ClockingX/InputBuffer/O
                         net (fo=1, routed)           1.285     2.215    vision_i/rx/U0/TMDS_ClockingX/CLK_IN_hdmi_clk
    MMCME2_ADV_X1Y1      MMCME2_ADV (Prop_mmcme2_adv_CLKIN1_CLKOUT0)
                                                      0.089     2.304 r  vision_i/rx/U0/TMDS_ClockingX/DVI_ClkGenerator/CLKOUT0
                         net (fo=2, routed)           1.063     3.367    vision_i/rx/U0/TMDS_ClockingX/CLK_OUT_5x_hdmi_clk
    BUFR_X1Y5            BUFR (Prop_bufr_I_O)         1.031     4.398 r  vision_i/rx/U0/TMDS_ClockingX/PixelClkBuffer/O
                         net (fo=367, routed)         0.945     5.343    vision_i/rx/U0/GenerateBUFG.ResyncToBUFG_X/InstBUFG_0
    BUFGCTRL_X0Y18       BUFG (Prop_bufg_I_O)         0.101     5.444 r  vision_i/rx/U0/GenerateBUFG.ResyncToBUFG_X/InstBUFG/O
                         net (fo=3865, routed)        1.708     7.152    vision_i/pipe/inst/u_pipeline/u_vision/u_pixel_reset/pclk
    SLICE_X85Y79         FDCE                                         r  vision_i/pipe/inst/u_pipeline/u_vision/u_pixel_reset/release_pipe_reg[1]/C
  -------------------------------------------------------------------    -------------------
    SLICE_X85Y79         FDCE (Prop_fdce_C_Q)         0.419     7.571 r  vision_i/pipe/inst/u_pipeline/u_vision/u_pixel_reset/release_pipe_reg[1]/Q
                         net (fo=63, routed)          1.025     8.597    vision_i/pipe/inst/u_pipeline/u_vision/u_pixel_reset/release_pipe[1]
    SLICE_X63Y81         LUT1 (Prop_lut1_I0_O)        0.321     8.918 f  vision_i/pipe/inst/u_pipeline/u_vision/u_pixel_reset/drop_count[31]_i_3/O
                         net (fo=969, routed)         5.249    14.167    vision_i/pipe/inst/u_pipeline/u_vision/u_copbuf/drop_count_reg[0]_0
    SLICE_X35Y64         FDCE                                         f  vision_i/pipe/inst/u_pipeline/u_vision/u_copbuf/raddr_reg_rep[10]/CLR
  -------------------------------------------------------------------    -------------------

                         (clock PixelClk_int rise edge)
                                                     13.468    13.468 r  <hidden>
    N18                                               0.000    13.468 r  hdmi_in_clk_p
                         net (fo=0)                   0.000    13.468    vision_i/rx/U0/TMDS_ClockingX/TMDS_Clk_p
    N18                  IBUFDS (Prop_ibufds_I_O)     0.887    14.355 r  vision_i/rx/U0/TMDS_ClockingX/InputBuffer/O
                         net (fo=1, routed)           1.162    15.517    vision_i/rx/U0/TMDS_ClockingX/CLK_IN_hdmi_clk
    MMCME2_ADV_X1Y1      MMCME2_ADV (Prop_mmcme2_adv_CLKIN1_CLKOUT0)
                                                      0.084    15.601 r  vision_i/rx/U0/TMDS_ClockingX/DVI_ClkGenerator/CLKOUT0
                         net (fo=2, routed)           0.960    16.561    vision_i/rx/U0/TMDS_ClockingX/CLK_OUT_5x_hdmi_clk
    BUFR_X1Y5            BUFR (Prop_bufr_I_O)         0.918    17.479 r  vision_i/rx/U0/TMDS_ClockingX/PixelClkBuffer/O
                         net (fo=367, routed)         0.858    18.337    vision_i/rx/U0/GenerateBUFG.ResyncToBUFG_X/InstBUFG_0
    BUFGCTRL_X0Y18       BUFG (Prop_bufg_I_O)         0.091    18.428 r  vision_i/rx/U0/GenerateBUFG.ResyncToBUFG_X/InstBUFG/O
                         net (fo=3865, routed)        1.475    19.902    vision_i/pipe/inst/u_pipeline/u_vision/u_copbuf/pclk
    SLICE_X35Y64         FDCE                                         r  vision_i/pipe/inst/u_pipeline/u_vision/u_copbuf/raddr_reg_rep[10]/C
                         clock pessimism              0.498    20.401    <hidden>
                         clock uncertainty           -0.072    20.329    <hidden>
    SLICE_X35Y64         FDCE (Recov_fdce_C_CLR)     -0.613    19.716    vision_i/pipe/inst/u_pipeline/u_vision/u_copbuf/raddr_reg_rep[10]
  -------------------------------------------------------------------
                         required time                         19.716    <hidden>
                         arrival time                         -14.167    <hidden>
  -------------------------------------------------------------------
                         slack                                  5.549    <hidden>





Min Delay Paths
--------------------------------------------------------------------------------------
Slack (MET) :             0.345ns  (arrival time - required time)
  Source:                 dbg_hub/inst/BSCANID.u_xsdbm_id/CORE_XSDB.UUT_MASTER/U_XSDB_BUS_CONTROLLER/clr_rd_req_reg/C
                            (rising edge-triggered cell FDCE clocked by PixelClk_int  {rise@0.000ns fall@5.387ns period=13.468ns})
  Destination:            dbg_hub/inst/BSCANID.u_xsdbm_id/CORE_XSDB.UUT_MASTER/U_XSDB_BUS_CONTROLLER/U_RD_REQ_FLAG/G_POS_EDGE.flag_reg/CLR
                            (removal check against rising-edge clock PixelClk_int  {rise@0.000ns fall@5.387ns period=13.468ns})
  Path Group:             **async_default**
  Path Type:              Removal (Min at Fast Process Corner)
  Requirement:            0.000ns  (PixelClk_int rise@0.000ns - PixelClk_int rise@0.000ns)
  Data Path Delay:        0.292ns  (logic 0.164ns (56.232%)  route 0.128ns (43.768%))
  Logic Levels:           0  
  Clock Path Skew:        0.014ns (DCD - SCD - CPR)
    Destination Clock Delay (DCD):    3.118ns
    Source Clock Delay      (SCD):    2.517ns
    Clock Pessimism Removal (CPR):    0.587ns

    Location             Delay type                Incr(ns)  Path(ns)    Netlist Resource(s)
  -------------------------------------------------------------------    -------------------
                         (clock PixelClk_int rise edge)
                                                      0.000     0.000 r  <hidden>
    N18                                               0.000     0.000 r  hdmi_in_clk_p
                         net (fo=0)                   0.000     0.000    vision_i/rx/U0/TMDS_ClockingX/TMDS_Clk_p
    N18                  IBUFDS (Prop_ibufds_I_O)     0.451     0.451 r  vision_i/rx/U0/TMDS_ClockingX/InputBuffer/O
                         net (fo=1, routed)           0.440     0.891    vision_i/rx/U0/TMDS_ClockingX/CLK_IN_hdmi_clk
    MMCME2_ADV_X1Y1      MMCME2_ADV (Prop_mmcme2_adv_CLKIN1_CLKOUT0)
                                                      0.051     0.942 r  vision_i/rx/U0/TMDS_ClockingX/DVI_ClkGenerator/CLKOUT0
                         net (fo=2, routed)           0.363     1.305    vision_i/rx/U0/TMDS_ClockingX/CLK_OUT_5x_hdmi_clk
    BUFR_X1Y5            BUFR (Prop_bufr_I_O)         0.270     1.575 r  vision_i/rx/U0/TMDS_ClockingX/PixelClkBuffer/O
                         net (fo=367, routed)         0.294     1.869    vision_i/rx/U0/GenerateBUFG.ResyncToBUFG_X/InstBUFG_0
    BUFGCTRL_X0Y18       BUFG (Prop_bufg_I_O)         0.026     1.895 r  vision_i/rx/U0/GenerateBUFG.ResyncToBUFG_X/InstBUFG/O
                         net (fo=3865, routed)        0.621     2.517    dbg_hub/inst/BSCANID.u_xsdbm_id/CORE_XSDB.UUT_MASTER/U_XSDB_BUS_CONTROLLER/clk
    SLICE_X50Y124        FDCE                                         r  dbg_hub/inst/BSCANID.u_xsdbm_id/CORE_XSDB.UUT_MASTER/U_XSDB_BUS_CONTROLLER/clr_rd_req_reg/C
  -------------------------------------------------------------------    -------------------
    SLICE_X50Y124        FDCE (Prop_fdce_C_Q)         0.164     2.681 f  dbg_hub/inst/BSCANID.u_xsdbm_id/CORE_XSDB.UUT_MASTER/U_XSDB_BUS_CONTROLLER/clr_rd_req_reg/Q
                         net (fo=2, routed)           0.128     2.808    dbg_hub/inst/BSCANID.u_xsdbm_id/CORE_XSDB.UUT_MASTER/U_XSDB_BUS_CONTROLLER/U_RD_REQ_FLAG/clr_rd_req
    SLICE_X50Y123        FDCE                                         f  dbg_hub/inst/BSCANID.u_xsdbm_id/CORE_XSDB.UUT_MASTER/U_XSDB_BUS_CONTROLLER/U_RD_REQ_FLAG/G_POS_EDGE.flag_reg/CLR
  -------------------------------------------------------------------    -------------------

                         (clock PixelClk_int rise edge)
                                                      0.000     0.000 r  <hidden>
    N18                                               0.000     0.000 r  hdmi_in_clk_p
                         net (fo=0)                   0.000     0.000    vision_i/rx/U0/TMDS_ClockingX/TMDS_Clk_p
    N18                  IBUFDS (Prop_ibufds_I_O)     0.499     0.499 r  vision_i/rx/U0/TMDS_ClockingX/InputBuffer/O
                         net (fo=1, routed)           0.480     0.979    vision_i/rx/U0/TMDS_ClockingX/CLK_IN_hdmi_clk
    MMCME2_ADV_X1Y1      MMCME2_ADV (Prop_mmcme2_adv_CLKIN1_CLKOUT0)
                                                      0.054     1.033 r  vision_i/rx/U0/TMDS_ClockingX/DVI_ClkGenerator/CLKOUT0
                         net (fo=2, routed)           0.402     1.435    vision_i/rx/U0/TMDS_ClockingX/CLK_OUT_5x_hdmi_clk
    BUFR_X1Y5            BUFR (Prop_bufr_I_O)         0.431     1.866 r  vision_i/rx/U0/TMDS_ClockingX/PixelClkBuffer/O
                         net (fo=367, routed)         0.332     2.198    vision_i/rx/U0/GenerateBUFG.ResyncToBUFG_X/InstBUFG_0
    BUFGCTRL_X0Y18       BUFG (Prop_bufg_I_O)         0.029     2.227 r  vision_i/rx/U0/GenerateBUFG.ResyncToBUFG_X/InstBUFG/O
                         net (fo=3865, routed)        0.891     3.118    dbg_hub/inst/BSCANID.u_xsdbm_id/CORE_XSDB.UUT_MASTER/U_XSDB_BUS_CONTROLLER/U_RD_REQ_FLAG/clk
    SLICE_X50Y123        FDCE                                         r  dbg_hub/inst/BSCANID.u_xsdbm_id/CORE_XSDB.UUT_MASTER/U_XSDB_BUS_CONTROLLER/U_RD_REQ_FLAG/G_POS_EDGE.flag_reg/C
                         clock pessimism             -0.587     2.531    <hidden>
    SLICE_X50Y123        FDCE (Remov_fdce_C_CLR)     -0.067     2.464    dbg_hub/inst/BSCANID.u_xsdbm_id/CORE_XSDB.UUT_MASTER/U_XSDB_BUS_CONTROLLER/U_RD_REQ_FLAG/G_POS_EDGE.flag_reg
  -------------------------------------------------------------------
                         required time                         -2.464    <hidden>
                         arrival time                           2.808    <hidden>
  -------------------------------------------------------------------
                         slack                                  0.345    <hidden>





---------------------------------------------------------------------------------------------------
Path Group:  **async_default**
From Clock:  clk_fpga_0
  To Clock:  clk_fpga_0

Setup :            0  Failing Endpoints,  Worst Slack        3.572ns,  Total Violation        0.000ns
Hold  :            0  Failing Endpoints,  Worst Slack        0.469ns,  Total Violation        0.000ns
---------------------------------------------------------------------------------------------------


Max Delay Paths
--------------------------------------------------------------------------------------
Slack (MET) :             3.572ns  (required time - arrival time)
  Source:                 vision_i/pipe/inst/u_pipeline/u_vision/u_axi_reset/release_pipe_reg[1]/C
                            (rising edge-triggered cell FDCE clocked by clk_fpga_0  {rise@0.000ns fall@5.000ns period=10.000ns})
  Destination:            vision_i/pipe/inst/u_pipeline/u_vision/u_regs/mem_reg[1][25]/CLR
                            (recovery check against rising-edge clock clk_fpga_0  {rise@0.000ns fall@5.000ns period=10.000ns})
  Path Group:             **async_default**
  Path Type:              Recovery (Max at Slow Process Corner)
  Requirement:            10.000ns  (clk_fpga_0 rise@10.000ns - clk_fpga_0 rise@0.000ns)
  Data Path Delay:        5.899ns  (logic 0.718ns (12.171%)  route 5.181ns (87.829%))
  Logic Levels:           1  (LUT1=1)
  Clock Path Skew:        0.030ns (DCD - SCD + CPR)
    Destination Clock Delay (DCD):    2.832ns = ( 12.832 - 10.000 ) 
    Source Clock Delay      (SCD):    2.931ns
    Clock Pessimism Removal (CPR):    0.129ns
  Clock Uncertainty:      0.154ns  ((TSJ^2 + TIJ^2)^1/2 + DJ) / 2 + PE
    Total System Jitter     (TSJ):    0.071ns
    Total Input Jitter      (TIJ):    0.300ns
    Discrete Jitter          (DJ):    0.000ns
    Phase Error              (PE):    0.000ns

    Location             Delay type                Incr(ns)  Path(ns)    Netlist Resource(s)
  -------------------------------------------------------------------    -------------------
                         (clock clk_fpga_0 rise edge)
                                                      0.000     0.000 r  <hidden>
    PS7_X0Y0             PS7                          0.000     0.000 r  vision_i/ps7/inst/PS7_i/FCLKCLK[0]
                         net (fo=1, routed)           1.193     1.193    vision_i/ps7/inst/FCLK_CLK_unbuffered[0]
    BUFGCTRL_X0Y16       BUFG (Prop_bufg_I_O)         0.101     1.294 r  vision_i/ps7/inst/buffer_fclk_clk_0.FCLK_CLK_0_BUFG/O
                         net (fo=1197, routed)        1.637     2.931    vision_i/pipe/inst/u_pipeline/u_vision/u_axi_reset/s_axi_aclk
    SLICE_X51Y90         FDCE                                         r  vision_i/pipe/inst/u_pipeline/u_vision/u_axi_reset/release_pipe_reg[1]/C
  -------------------------------------------------------------------    -------------------
    SLICE_X51Y90         FDCE (Prop_fdce_C_Q)         0.419     3.350 r  vision_i/pipe/inst/u_pipeline/u_vision/u_axi_reset/release_pipe_reg[1]/Q
                         net (fo=1, routed)           0.848     4.198    vision_i/pipe/inst/u_pipeline/u_vision/u_axi_reset/release_pipe[1]
    SLICE_X51Y90         LUT1 (Prop_lut1_I0_O)        0.299     4.497 f  vision_i/pipe/inst/u_pipeline/u_vision/u_axi_reset/bvalid_i_2/O
                         net (fo=431, routed)         4.334     8.830    vision_i/pipe/inst/u_pipeline/u_vision/u_regs/aw_hold_reg_0
    SLICE_X33Y103        FDCE                                         f  vision_i/pipe/inst/u_pipeline/u_vision/u_regs/mem_reg[1][25]/CLR
  -------------------------------------------------------------------    -------------------

                         (clock clk_fpga_0 rise edge)
                                                     10.000    10.000 r  <hidden>
    PS7_X0Y0             PS7                          0.000    10.000 r  vision_i/ps7/inst/PS7_i/FCLKCLK[0]
                         net (fo=1, routed)           1.088    11.088    vision_i/ps7/inst/FCLK_CLK_unbuffered[0]
    BUFGCTRL_X0Y16       BUFG (Prop_bufg_I_O)         0.091    11.179 r  vision_i/ps7/inst/buffer_fclk_clk_0.FCLK_CLK_0_BUFG/O
                         net (fo=1197, routed)        1.653    12.832    vision_i/pipe/inst/u_pipeline/u_vision/u_regs/s_axi_aclk
    SLICE_X33Y103        FDCE                                         r  vision_i/pipe/inst/u_pipeline/u_vision/u_regs/mem_reg[1][25]/C
                         clock pessimism              0.129    12.961    <hidden>
                         clock uncertainty           -0.154    12.807    <hidden>
    SLICE_X33Y103        FDCE (Recov_fdce_C_CLR)     -0.405    12.402    vision_i/pipe/inst/u_pipeline/u_vision/u_regs/mem_reg[1][25]
  -------------------------------------------------------------------
                         required time                         12.402    <hidden>
                         arrival time                          -8.830    <hidden>
  -------------------------------------------------------------------
                         slack                                  3.572    <hidden>





Min Delay Paths
--------------------------------------------------------------------------------------
Slack (MET) :             0.469ns  (arrival time - required time)
  Source:                 vision_i/pipe/inst/u_pipeline/u_vision/u_config/u_src_reset/release_pipe_reg[1]/C
                            (rising edge-triggered cell FDCE clocked by clk_fpga_0  {rise@0.000ns fall@5.000ns period=10.000ns})
  Destination:            vision_i/pipe/inst/u_pipeline/u_vision/u_config/hold_data_reg[260]/CLR
                            (removal check against rising-edge clock clk_fpga_0  {rise@0.000ns fall@5.000ns period=10.000ns})
  Path Group:             **async_default**
  Path Type:              Removal (Min at Fast Process Corner)
  Requirement:            0.000ns  (clk_fpga_0 rise@0.000ns - clk_fpga_0 rise@0.000ns)
  Data Path Delay:        0.644ns  (logic 0.226ns (35.072%)  route 0.418ns (64.928%))
  Logic Levels:           1  (LUT1=1)
  Clock Path Skew:        0.267ns (DCD - SCD - CPR)
    Destination Clock Delay (DCD):    1.189ns
    Source Clock Delay      (SCD):    0.887ns
    Clock Pessimism Removal (CPR):    0.035ns

    Location             Delay type                Incr(ns)  Path(ns)    Netlist Resource(s)
  -------------------------------------------------------------------    -------------------
                         (clock clk_fpga_0 rise edge)
                                                      0.000     0.000 r  <hidden>
    PS7_X0Y0             PS7                          0.000     0.000 r  vision_i/ps7/inst/PS7_i/FCLKCLK[0]
                         net (fo=1, routed)           0.310     0.310    vision_i/ps7/inst/FCLK_CLK_unbuffered[0]
    BUFGCTRL_X0Y16       BUFG (Prop_bufg_I_O)         0.026     0.336 r  vision_i/ps7/inst/buffer_fclk_clk_0.FCLK_CLK_0_BUFG/O
                         net (fo=1197, routed)        0.551     0.887    vision_i/pipe/inst/u_pipeline/u_vision/u_config/u_src_reset/s_axi_aclk
    SLICE_X51Y90         FDCE                                         r  vision_i/pipe/inst/u_pipeline/u_vision/u_config/u_src_reset/release_pipe_reg[1]/C
  -------------------------------------------------------------------    -------------------
    SLICE_X51Y90         FDCE (Prop_fdce_C_Q)         0.128     1.015 r  vision_i/pipe/inst/u_pipeline/u_vision/u_config/u_src_reset/release_pipe_reg[1]/Q
                         net (fo=1, routed)           0.225     1.239    vision_i/pipe/inst/u_pipeline/u_config/src_reset
    SLICE_X51Y90         LUT1 (Prop_lut1_I0_O)        0.098     1.337 f  vision_i/pipe/inst/u_pipeline/request_i_3/O
                         net (fo=216, routed)         0.194     1.531    vision_i/pipe/inst/u_pipeline/u_vision/u_config/hold_id_reg[31]_0
    SLICE_X48Y90         FDCE                                         f  vision_i/pipe/inst/u_pipeline/u_vision/u_config/hold_data_reg[260]/CLR
  -------------------------------------------------------------------    -------------------

                         (clock clk_fpga_0 rise edge)
                                                      0.000     0.000 r  <hidden>
    PS7_X0Y0             PS7                          0.000     0.000 r  vision_i/ps7/inst/PS7_i/FCLKCLK[0]
                         net (fo=1, routed)           0.337     0.337    vision_i/ps7/inst/FCLK_CLK_unbuffered[0]
    BUFGCTRL_X0Y16       BUFG (Prop_bufg_I_O)         0.029     0.366 r  vision_i/ps7/inst/buffer_fclk_clk_0.FCLK_CLK_0_BUFG/O
                         net (fo=1197, routed)        0.823     1.189    vision_i/pipe/inst/u_pipeline/u_vision/u_config/s_axi_aclk
    SLICE_X48Y90         FDCE                                         r  vision_i/pipe/inst/u_pipeline/u_vision/u_config/hold_data_reg[260]/C
                         clock pessimism             -0.035     1.154    <hidden>
    SLICE_X48Y90         FDCE (Remov_fdce_C_CLR)     -0.092     1.062    vision_i/pipe/inst/u_pipeline/u_vision/u_config/hold_data_reg[260]
  -------------------------------------------------------------------
                         required time                         -1.062    <hidden>
                         arrival time                           1.531    <hidden>
  -------------------------------------------------------------------
                         slack                                  0.469    <hidden>





---------------------------------------------------------------------------------------------------
Path Group:  **async_default**
From Clock:  clk_fpga_2
  To Clock:  clk_fpga_2

Setup :            0  Failing Endpoints,  Worst Slack        2.492ns,  Total Violation        0.000ns
Hold  :            0  Failing Endpoints,  Worst Slack        0.433ns,  Total Violation        0.000ns
---------------------------------------------------------------------------------------------------


Max Delay Paths
--------------------------------------------------------------------------------------
Slack (MET) :             2.492ns  (required time - arrival time)
  Source:                 vision_i/rx/U0/TMDS_ClockingX/LockLostReset/SyncAsyncx/oSyncStages_reg[1]/C
                            (rising edge-triggered cell FDPE clocked by clk_fpga_2  {rise@0.000ns fall@2.500ns period=5.000ns})
  Destination:            vision_i/rx/U0/TMDS_ClockingX/rMMCM_Reset_q_reg[0]/PRE
                            (recovery check against rising-edge clock clk_fpga_2  {rise@0.000ns fall@2.500ns period=5.000ns})
  Path Group:             **async_default**
  Path Type:              Recovery (Max at Slow Process Corner)
  Requirement:            5.000ns  (clk_fpga_2 rise@5.000ns - clk_fpga_2 rise@0.000ns)
  Data Path Delay:        1.968ns  (logic 0.419ns (21.294%)  route 1.549ns (78.706%))
  Logic Levels:           0  
  Clock Path Skew:        0.079ns (DCD - SCD + CPR)
    Destination Clock Delay (DCD):    2.851ns = ( 7.851 - 5.000 ) 
    Source Clock Delay      (SCD):    3.001ns
    Clock Pessimism Removal (CPR):    0.229ns
  Clock Uncertainty:      0.083ns  ((TSJ^2 + TIJ^2)^1/2 + DJ) / 2 + PE
    Total System Jitter     (TSJ):    0.071ns
    Total Input Jitter      (TIJ):    0.150ns
    Discrete Jitter          (DJ):    0.000ns
    Phase Error              (PE):    0.000ns

    Location             Delay type                Incr(ns)  Path(ns)    Netlist Resource(s)
  -------------------------------------------------------------------    -------------------
                         (clock clk_fpga_2 rise edge)
                                                      0.000     0.000 r  <hidden>
    PS7_X0Y0             PS7                          0.000     0.000 r  vision_i/ps7/inst/PS7_i/FCLKCLK[2]
                         net (fo=1, routed)           1.193     1.193    vision_i/ps7/inst/FCLK_CLK_unbuffered[2]
    BUFGCTRL_X0Y17       BUFG (Prop_bufg_I_O)         0.101     1.294 r  vision_i/ps7/inst/buffer_fclk_clk_2.FCLK_CLK_2_BUFG/O
                         net (fo=158, routed)         1.707     3.001    vision_i/rx/U0/TMDS_ClockingX/LockLostReset/SyncAsyncx/RefClk
    SLICE_X85Y78         FDPE                                         r  vision_i/rx/U0/TMDS_ClockingX/LockLostReset/SyncAsyncx/oSyncStages_reg[1]/C
  -------------------------------------------------------------------    -------------------
    SLICE_X85Y78         FDPE (Prop_fdpe_C_Q)         0.419     3.420 f  vision_i/rx/U0/TMDS_ClockingX/LockLostReset/SyncAsyncx/oSyncStages_reg[1]/Q
                         net (fo=8, routed)           1.549     4.969    vision_i/rx/U0/TMDS_ClockingX/rLockLostRst
    SLICE_X112Y77        FDPE                                         f  vision_i/rx/U0/TMDS_ClockingX/rMMCM_Reset_q_reg[0]/PRE
  -------------------------------------------------------------------    -------------------

                         (clock clk_fpga_2 rise edge)
                                                      5.000     5.000 r  <hidden>
    PS7_X0Y0             PS7                          0.000     5.000 r  vision_i/ps7/inst/PS7_i/FCLKCLK[2]
                         net (fo=1, routed)           1.088     6.088    vision_i/ps7/inst/FCLK_CLK_unbuffered[2]
    BUFGCTRL_X0Y17       BUFG (Prop_bufg_I_O)         0.091     6.179 r  vision_i/ps7/inst/buffer_fclk_clk_2.FCLK_CLK_2_BUFG/O
                         net (fo=158, routed)         1.672     7.851    vision_i/rx/U0/TMDS_ClockingX/RefClk
    SLICE_X112Y77        FDPE                                         r  vision_i/rx/U0/TMDS_ClockingX/rMMCM_Reset_q_reg[0]/C
                         clock pessimism              0.229     8.080    <hidden>
                         clock uncertainty           -0.083     7.997    <hidden>
    SLICE_X112Y77        FDPE (Recov_fdpe_C_PRE)     -0.536     7.461    vision_i/rx/U0/TMDS_ClockingX/rMMCM_Reset_q_reg[0]
  -------------------------------------------------------------------
                         required time                          7.461    <hidden>
                         arrival time                          -4.969    <hidden>
  -------------------------------------------------------------------
                         slack                                  2.492    <hidden>





Min Delay Paths
--------------------------------------------------------------------------------------
Slack (MET) :             0.433ns  (arrival time - required time)
  Source:                 vision_i/rx/U0/TMDS_ClockingX/RdyLostReset/SyncAsyncx/oSyncStages_reg[1]/C
                            (rising edge-triggered cell FDPE clocked by clk_fpga_2  {rise@0.000ns fall@2.500ns period=5.000ns})
  Destination:            vision_i/rx/U0/TMDS_ClockingX/aLocked_reg/CLR
                            (removal check against rising-edge clock clk_fpga_2  {rise@0.000ns fall@2.500ns period=5.000ns})
  Path Group:             **async_default**
  Path Type:              Removal (Min at Fast Process Corner)
  Requirement:            0.000ns  (clk_fpga_2 rise@0.000ns - clk_fpga_2 rise@0.000ns)
  Data Path Delay:        0.326ns  (logic 0.148ns (45.379%)  route 0.178ns (54.621%))
  Logic Levels:           0  
  Clock Path Skew:        0.013ns (DCD - SCD - CPR)
    Destination Clock Delay (DCD):    1.262ns
    Source Clock Delay      (SCD):    0.963ns
    Clock Pessimism Removal (CPR):    0.286ns

    Location             Delay type                Incr(ns)  Path(ns)    Netlist Resource(s)
  -------------------------------------------------------------------    -------------------
                         (clock clk_fpga_2 rise edge)
                                                      0.000     0.000 r  <hidden>
    PS7_X0Y0             PS7                          0.000     0.000 r  vision_i/ps7/inst/PS7_i/FCLKCLK[2]
                         net (fo=1, routed)           0.310     0.310    vision_i/ps7/inst/FCLK_CLK_unbuffered[2]
    BUFGCTRL_X0Y17       BUFG (Prop_bufg_I_O)         0.026     0.336 r  vision_i/ps7/inst/buffer_fclk_clk_2.FCLK_CLK_2_BUFG/O
                         net (fo=158, routed)         0.627     0.963    vision_i/rx/U0/TMDS_ClockingX/RdyLostReset/SyncAsyncx/RefClk
    SLICE_X112Y79        FDPE                                         r  vision_i/rx/U0/TMDS_ClockingX/RdyLostReset/SyncAsyncx/oSyncStages_reg[1]/C
  -------------------------------------------------------------------    -------------------
    SLICE_X112Y79        FDPE (Prop_fdpe_C_Q)         0.148     1.111 f  vision_i/rx/U0/TMDS_ClockingX/RdyLostReset/SyncAsyncx/oSyncStages_reg[1]/Q
                         net (fo=1, routed)           0.178     1.289    vision_i/rx/U0/TMDS_ClockingX/RdyLostReset_n_0
    SLICE_X112Y78        FDCE                                         f  vision_i/rx/U0/TMDS_ClockingX/aLocked_reg/CLR
  -------------------------------------------------------------------    -------------------

                         (clock clk_fpga_2 rise edge)
                                                      0.000     0.000 r  <hidden>
    PS7_X0Y0             PS7                          0.000     0.000 r  vision_i/ps7/inst/PS7_i/FCLKCLK[2]
                         net (fo=1, routed)           0.337     0.337    vision_i/ps7/inst/FCLK_CLK_unbuffered[2]
    BUFGCTRL_X0Y17       BUFG (Prop_bufg_I_O)         0.029     0.366 r  vision_i/ps7/inst/buffer_fclk_clk_2.FCLK_CLK_2_BUFG/O
                         net (fo=158, routed)         0.896     1.262    vision_i/rx/U0/TMDS_ClockingX/RefClk
    SLICE_X112Y78        FDCE                                         r  vision_i/rx/U0/TMDS_ClockingX/aLocked_reg/C
                         clock pessimism             -0.286     0.976    <hidden>
    SLICE_X112Y78        FDCE (Remov_fdce_C_CLR)     -0.120     0.856    vision_i/rx/U0/TMDS_ClockingX/aLocked_reg
  -------------------------------------------------------------------
                         required time                         -0.856    <hidden>
                         arrival time                           1.289    <hidden>
  -------------------------------------------------------------------
                         slack                                  0.433    <hidden>





---------------------------------------------------------------------------------------------------
Path Group:  **async_default**
From Clock:  dbg_hub/inst/BSCANID.u_xsdbm_id/SWITCH_N_EXT_BSCAN.bscan_inst/SERIES7_BSCAN.bscan_inst/TCK
  To Clock:  dbg_hub/inst/BSCANID.u_xsdbm_id/SWITCH_N_EXT_BSCAN.bscan_inst/SERIES7_BSCAN.bscan_inst/TCK

Setup :            0  Failing Endpoints,  Worst Slack       28.190ns,  Total Violation        0.000ns
Hold  :            0  Failing Endpoints,  Worst Slack        0.375ns,  Total Violation        0.000ns
---------------------------------------------------------------------------------------------------


Max Delay Paths
--------------------------------------------------------------------------------------
Slack (MET) :             28.190ns  (required time - arrival time)
  Source:                 dbg_hub/inst/BSCANID.u_xsdbm_id/SWITCH_N_EXT_BSCAN.bscan_switch/portno_reg[2]/C
                            (rising edge-triggered cell FDRE clocked by dbg_hub/inst/BSCANID.u_xsdbm_id/SWITCH_N_EXT_BSCAN.bscan_inst/SERIES7_BSCAN.bscan_inst/TCK  {rise@0.000ns fall@16.500ns period=33.000ns})
  Destination:            dbg_hub/inst/BSCANID.u_xsdbm_id/CORE_XSDB.U_ICON/U_CMD/iTARGET_reg[12]/CLR
                            (recovery check against rising-edge clock dbg_hub/inst/BSCANID.u_xsdbm_id/SWITCH_N_EXT_BSCAN.bscan_inst/SERIES7_BSCAN.bscan_inst/TCK  {rise@0.000ns fall@16.500ns period=33.000ns})
  Path Group:             **async_default**
  Path Type:              Recovery (Max at Slow Process Corner)
  Requirement:            33.000ns  (dbg_hub/inst/BSCANID.u_xsdbm_id/SWITCH_N_EXT_BSCAN.bscan_inst/SERIES7_BSCAN.bscan_inst/TCK rise@33.000ns - dbg_hub/inst/BSCANID.u_xsdbm_id/SWITCH_N_EXT_BSCAN.bscan_inst/SERIES7_BSCAN.bscan_inst/TCK rise@0.000ns)
  Data Path Delay:        4.320ns  (logic 1.024ns (23.705%)  route 3.296ns (76.295%))
  Logic Levels:           3  (LUT1=1 LUT4=1 LUT6=1)
  Clock Path Skew:        -0.050ns (DCD - SCD + CPR)
    Destination Clock Delay (DCD):    3.796ns = ( 36.796 - 33.000 ) 
    Source Clock Delay      (SCD):    4.300ns
    Clock Pessimism Removal (CPR):    0.454ns
  Clock Uncertainty:      0.035ns  ((TSJ^2 + TIJ^2)^1/2 + DJ) / 2 + PE
    Total System Jitter     (TSJ):    0.071ns
    Total Input Jitter      (TIJ):    0.000ns
    Discrete Jitter          (DJ):    0.000ns
    Phase Error              (PE):    0.000ns

    Location             Delay type                Incr(ns)  Path(ns)    Netlist Resource(s)
  -------------------------------------------------------------------    -------------------
                         (clock dbg_hub/inst/BSCANID.u_xsdbm_id/SWITCH_N_EXT_BSCAN.bscan_inst/SERIES7_BSCAN.bscan_inst/TCK rise edge)
                                                      0.000     0.000 r  <hidden>
    BSCAN_X0Y0           BSCANE2                      0.000     0.000 r  dbg_hub/inst/BSCANID.u_xsdbm_id/SWITCH_N_EXT_BSCAN.bscan_inst/SERIES7_BSCAN.bscan_inst/TCK
                         net (fo=1, routed)           2.306     2.306    dbg_hub/inst/BSCANID.u_xsdbm_id/tck_bs
    BUFGCTRL_X0Y0        BUFG (Prop_bufg_I_O)         0.101     2.407 r  dbg_hub/inst/BSCANID.u_xsdbm_id/SWITCH_N_EXT_BSCAN.u_bufg_icon_tck/O
                         net (fo=482, routed)         1.893     4.300    dbg_hub/inst/BSCANID.u_xsdbm_id/SWITCH_N_EXT_BSCAN.bscan_switch/s_bscan_tck
    SLICE_X65Y122        FDRE                                         r  dbg_hub/inst/BSCANID.u_xsdbm_id/SWITCH_N_EXT_BSCAN.bscan_switch/portno_reg[2]/C
  -------------------------------------------------------------------    -------------------
    SLICE_X65Y122        FDRE (Prop_fdre_C_Q)         0.456     4.756 f  dbg_hub/inst/BSCANID.u_xsdbm_id/SWITCH_N_EXT_BSCAN.bscan_switch/portno_reg[2]/Q
                         net (fo=1, routed)           0.973     5.729    dbg_hub/inst/BSCANID.u_xsdbm_id/SWITCH_N_EXT_BSCAN.bscan_switch/portno[2]
    SLICE_X65Y122        LUT6 (Prop_lut6_I1_O)        0.124     5.853 f  dbg_hub/inst/BSCANID.u_xsdbm_id/SWITCH_N_EXT_BSCAN.bscan_switch/m_bscan_drck[0]_INST_0_i_1/O
                         net (fo=5, routed)           0.566     6.419    dbg_hub/inst/BSCANID.u_xsdbm_id/SWITCH_N_EXT_BSCAN.bscan_switch/m_bscan_drck[0]_INST_0_i_1_n_0
    SLICE_X65Y119        LUT4 (Prop_lut4_I3_O)        0.118     6.537 r  dbg_hub/inst/BSCANID.u_xsdbm_id/SWITCH_N_EXT_BSCAN.bscan_switch/m_bscan_sel[0]_INST_0/O
                         net (fo=2, routed)           1.115     7.652    dbg_hub/inst/BSCANID.u_xsdbm_id/CORE_XSDB.U_ICON/U_CMD/iTARGET_reg[6]_0
    SLICE_X63Y115        LUT1 (Prop_lut1_I0_O)        0.326     7.978 f  dbg_hub/inst/BSCANID.u_xsdbm_id/CORE_XSDB.U_ICON/U_CMD/iTARGET[15]_i_2/O
                         net (fo=10, routed)          0.642     8.620    dbg_hub/inst/BSCANID.u_xsdbm_id/CORE_XSDB.U_ICON/U_CMD/iSEL_n
    SLICE_X63Y115        FDCE                                         f  dbg_hub/inst/BSCANID.u_xsdbm_id/CORE_XSDB.U_ICON/U_CMD/iTARGET_reg[12]/CLR
  -------------------------------------------------------------------    -------------------

                         (clock dbg_hub/inst/BSCANID.u_xsdbm_id/SWITCH_N_EXT_BSCAN.bscan_inst/SERIES7_BSCAN.bscan_inst/TCK rise edge)
                                                     33.000    33.000 r  <hidden>
    BSCAN_X0Y0           BSCANE2                      0.000    33.000 r  dbg_hub/inst/BSCANID.u_xsdbm_id/SWITCH_N_EXT_BSCAN.bscan_inst/SERIES7_BSCAN.bscan_inst/TCK
                         net (fo=1, routed)           1.994    34.994    dbg_hub/inst/BSCANID.u_xsdbm_id/tck_bs
    BUFGCTRL_X0Y0        BUFG (Prop_bufg_I_O)         0.091    35.085 r  dbg_hub/inst/BSCANID.u_xsdbm_id/SWITCH_N_EXT_BSCAN.u_bufg_icon_tck/O
                         net (fo=482, routed)         1.711    36.796    dbg_hub/inst/BSCANID.u_xsdbm_id/CORE_XSDB.U_ICON/U_CMD/m_bscan_tck[0]
    SLICE_X63Y115        FDCE                                         r  dbg_hub/inst/BSCANID.u_xsdbm_id/CORE_XSDB.U_ICON/U_CMD/iTARGET_reg[12]/C
                         clock pessimism              0.454    37.250    <hidden>
                         clock uncertainty           -0.035    37.215    <hidden>
    SLICE_X63Y115        FDCE (Recov_fdce_C_CLR)     -0.405    36.810    dbg_hub/inst/BSCANID.u_xsdbm_id/CORE_XSDB.U_ICON/U_CMD/iTARGET_reg[12]
  -------------------------------------------------------------------
                         required time                         36.810    <hidden>
                         arrival time                          -8.620    <hidden>
  -------------------------------------------------------------------
                         slack                                 28.190    <hidden>





Min Delay Paths
--------------------------------------------------------------------------------------
Slack (MET) :             0.375ns  (arrival time - required time)
  Source:                 dbg_hub/inst/BSCANID.u_xsdbm_id/CORE_XSDB.UUT_MASTER/U_ICON_INTERFACE/U_CMD6_RD/U_RD_FIFO/SUBCORE_FIFO.xsdbm_v3_0_6_rdfifo_inst/inst_fifo_gen/gconvfifo.rf/grf.rf/rstblk/ngwrdrst.grst.g7serrst.rd_rst_reg_reg[2]/C
                            (rising edge-triggered cell FDPE clocked by dbg_hub/inst/BSCANID.u_xsdbm_id/SWITCH_N_EXT_BSCAN.bscan_inst/SERIES7_BSCAN.bscan_inst/TCK  {rise@0.000ns fall@16.500ns period=33.000ns})
  Destination:            dbg_hub/inst/BSCANID.u_xsdbm_id/CORE_XSDB.UUT_MASTER/U_ICON_INTERFACE/U_CMD6_RD/U_RD_FIFO/SUBCORE_FIFO.xsdbm_v3_0_6_rdfifo_inst/inst_fifo_gen/gconvfifo.rf/grf.rf/gntv_or_sync_fifo.gl0.rd/gr1.gr1_int.rfwft/gpregsm1.curr_fwft_state_reg[0]/CLR
                            (removal check against rising-edge clock dbg_hub/inst/BSCANID.u_xsdbm_id/SWITCH_N_EXT_BSCAN.bscan_inst/SERIES7_BSCAN.bscan_inst/TCK  {rise@0.000ns fall@16.500ns period=33.000ns})
  Path Group:             **async_default**
  Path Type:              Removal (Min at Fast Process Corner)
  Requirement:            0.000ns  (dbg_hub/inst/BSCANID.u_xsdbm_id/SWITCH_N_EXT_BSCAN.bscan_inst/SERIES7_BSCAN.bscan_inst/TCK rise@0.000ns - dbg_hub/inst/BSCANID.u_xsdbm_id/SWITCH_N_EXT_BSCAN.bscan_inst/SERIES7_BSCAN.bscan_inst/TCK rise@0.000ns)
  Data Path Delay:        0.323ns  (logic 0.141ns (43.643%)  route 0.182ns (56.357%))
  Logic Levels:           0  
  Clock Path Skew:        0.015ns (DCD - SCD - CPR)
    Destination Clock Delay (DCD):    2.124ns
    Source Clock Delay      (SCD):    1.717ns
    Clock Pessimism Removal (CPR):    0.392ns

    Location             Delay type                Incr(ns)  Path(ns)    Netlist Resource(s)
  -------------------------------------------------------------------    -------------------
                         (clock dbg_hub/inst/BSCANID.u_xsdbm_id/SWITCH_N_EXT_BSCAN.bscan_inst/SERIES7_BSCAN.bscan_inst/TCK rise edge)
                                                      0.000     0.000 r  <hidden>
    BSCAN_X0Y0           BSCANE2                      0.000     0.000 r  dbg_hub/inst/BSCANID.u_xsdbm_id/SWITCH_N_EXT_BSCAN.bscan_inst/SERIES7_BSCAN.bscan_inst/TCK
                         net (fo=1, routed)           1.028     1.028    dbg_hub/inst/BSCANID.u_xsdbm_id/tck_bs
    BUFGCTRL_X0Y0        BUFG (Prop_bufg_I_O)         0.026     1.054 r  dbg_hub/inst/BSCANID.u_xsdbm_id/SWITCH_N_EXT_BSCAN.u_bufg_icon_tck/O
                         net (fo=482, routed)         0.663     1.717    dbg_hub/inst/BSCANID.u_xsdbm_id/CORE_XSDB.UUT_MASTER/U_ICON_INTERFACE/U_CMD6_RD/U_RD_FIFO/SUBCORE_FIFO.xsdbm_v3_0_6_rdfifo_inst/inst_fifo_gen/gconvfifo.rf/grf.rf/rstblk/rd_clk
    SLICE_X64Y105        FDPE                                         r  dbg_hub/inst/BSCANID.u_xsdbm_id/CORE_XSDB.UUT_MASTER/U_ICON_INTERFACE/U_CMD6_RD/U_RD_FIFO/SUBCORE_FIFO.xsdbm_v3_0_6_rdfifo_inst/inst_fifo_gen/gconvfifo.rf/grf.rf/rstblk/ngwrdrst.grst.g7serrst.rd_rst_reg_reg[2]/C
  -------------------------------------------------------------------    -------------------
    SLICE_X64Y105        FDPE (Prop_fdpe_C_Q)         0.141     1.858 f  dbg_hub/inst/BSCANID.u_xsdbm_id/CORE_XSDB.UUT_MASTER/U_ICON_INTERFACE/U_CMD6_RD/U_RD_FIFO/SUBCORE_FIFO.xsdbm_v3_0_6_rdfifo_inst/inst_fifo_gen/gconvfifo.rf/grf.rf/rstblk/ngwrdrst.grst.g7serrst.rd_rst_reg_reg[2]/Q
                         net (fo=18, routed)          0.182     2.040    dbg_hub/inst/BSCANID.u_xsdbm_id/CORE_XSDB.UUT_MASTER/U_ICON_INTERFACE/U_CMD6_RD/U_RD_FIFO/SUBCORE_FIFO.xsdbm_v3_0_6_rdfifo_inst/inst_fifo_gen/gconvfifo.rf/grf.rf/gntv_or_sync_fifo.gl0.rd/gr1.gr1_int.rfwft/out[1]
    SLICE_X66Y107        FDCE                                         f  dbg_hub/inst/BSCANID.u_xsdbm_id/CORE_XSDB.UUT_MASTER/U_ICON_INTERFACE/U_CMD6_RD/U_RD_FIFO/SUBCORE_FIFO.xsdbm_v3_0_6_rdfifo_inst/inst_fifo_gen/gconvfifo.rf/grf.rf/gntv_or_sync_fifo.gl0.rd/gr1.gr1_int.rfwft/gpregsm1.curr_fwft_state_reg[0]/CLR
  -------------------------------------------------------------------    -------------------

                         (clock dbg_hub/inst/BSCANID.u_xsdbm_id/SWITCH_N_EXT_BSCAN.bscan_inst/SERIES7_BSCAN.bscan_inst/TCK rise edge)
                                                      0.000     0.000 r  <hidden>
    BSCAN_X0Y0           BSCANE2                      0.000     0.000 r  dbg_hub/inst/BSCANID.u_xsdbm_id/SWITCH_N_EXT_BSCAN.bscan_inst/SERIES7_BSCAN.bscan_inst/TCK
                         net (fo=1, routed)           1.160     1.160    dbg_hub/inst/BSCANID.u_xsdbm_id/tck_bs
    BUFGCTRL_X0Y0        BUFG (Prop_bufg_I_O)         0.029     1.189 r  dbg_hub/inst/BSCANID.u_xsdbm_id/SWITCH_N_EXT_BSCAN.u_bufg_icon_tck/O
                         net (fo=482, routed)         0.935     2.124    dbg_hub/inst/BSCANID.u_xsdbm_id/CORE_XSDB.UUT_MASTER/U_ICON_INTERFACE/U_CMD6_RD/U_RD_FIFO/SUBCORE_FIFO.xsdbm_v3_0_6_rdfifo_inst/inst_fifo_gen/gconvfifo.rf/grf.rf/gntv_or_sync_fifo.gl0.rd/gr1.gr1_int.rfwft/rd_clk
    SLICE_X66Y107        FDCE                                         r  dbg_hub/inst/BSCANID.u_xsdbm_id/CORE_XSDB.UUT_MASTER/U_ICON_INTERFACE/U_CMD6_RD/U_RD_FIFO/SUBCORE_FIFO.xsdbm_v3_0_6_rdfifo_inst/inst_fifo_gen/gconvfifo.rf/grf.rf/gntv_or_sync_fifo.gl0.rd/gr1.gr1_int.rfwft/gpregsm1.curr_fwft_state_reg[0]/C
                         clock pessimism             -0.392     1.732    <hidden>
    SLICE_X66Y107        FDCE (Remov_fdce_C_CLR)     -0.067     1.665    dbg_hub/inst/BSCANID.u_xsdbm_id/CORE_XSDB.UUT_MASTER/U_ICON_INTERFACE/U_CMD6_RD/U_RD_FIFO/SUBCORE_FIFO.xsdbm_v3_0_6_rdfifo_inst/inst_fifo_gen/gconvfifo.rf/grf.rf/gntv_or_sync_fifo.gl0.rd/gr1.gr1_int.rfwft/gpregsm1.curr_fwft_state_reg[0]
  -------------------------------------------------------------------
                         required time                         -1.665    <hidden>
                         arrival time                           2.040    <hidden>
  -------------------------------------------------------------------
                         slack                                  0.375    <hidden>





--------------------------------------------------------------------------------------
Path Group:  (none)
From Clock:  
  To Clock:  PixelClk_int

Max Delay             9 Endpoints
Min Delay             9 Endpoints
--------------------------------------------------------------------------------------


Max Delay Paths
--------------------------------------------------------------------------------------
Slack:                    inf
  Source:                 vision_i/ps7/inst/PS7_i/FCLKRESETN[0]
                            (internal pin)
  Destination:            vision_i/pipe/inst/u_pipeline/u_reset/release_pipe_reg[0]/CLR
                            (recovery check against rising-edge clock PixelClk_int  {rise@0.000ns fall@5.387ns period=13.468ns})
  Path Group:             (none)
  Path Type:              Recovery (Max at Slow Process Corner)
  Data Path Delay:        3.788ns  (logic 0.124ns (3.273%)  route 3.664ns (96.727%))
  Logic Levels:           1  (LUT2=1)
  Clock Uncertainty:      0.193ns  ((TSJ^2 + DJ^2)^1/2) / 2 + PE
    Total System Jitter     (TSJ):    0.050ns
    Discrete Jitter          (DJ):    0.126ns
    Phase Error              (PE):    0.125ns
  Timing Exception:       False Path

    Location             Delay type                Incr(ns)  Path(ns)    Netlist Resource(s)
  -------------------------------------------------------------------    -------------------
    PS7_X0Y0             PS7                          0.000     0.000 r  vision_i/ps7/inst/PS7_i/FCLKRESETN[0]
                         net (fo=6, routed)           3.043     3.043    vision_i/pipe/inst/u_pipeline/u_reset/s_axi_aresetn
    SLICE_X85Y79         LUT2 (Prop_lut2_I1_O)        0.124     3.167 f  vision_i/pipe/inst/u_pipeline/u_reset/u_pixel_reset/release_pipe[1]_i_1/O
                         net (fo=4, routed)           0.622     3.788    vision_i/pipe/inst/u_pipeline/u_reset/video_locked_0
    SLICE_X85Y79         FDCE                                         f  vision_i/pipe/inst/u_pipeline/u_reset/release_pipe_reg[0]/CLR
  -------------------------------------------------------------------    -------------------

                         (clock PixelClk_int rise edge)
                                                      0.000     0.000 r  <hidden>
    N18                                               0.000     0.000 r  hdmi_in_clk_p
                         net (fo=0)                   0.000     0.000    vision_i/rx/U0/TMDS_ClockingX/TMDS_Clk_p
    N18                  IBUFDS (Prop_ibufds_I_O)     0.887     0.887 r  vision_i/rx/U0/TMDS_ClockingX/InputBuffer/O
                         net (fo=1, routed)           1.162     2.049    vision_i/rx/U0/TMDS_ClockingX/CLK_IN_hdmi_clk
    MMCME2_ADV_X1Y1      MMCME2_ADV (Prop_mmcme2_adv_CLKIN1_CLKOUT0)
                                                      0.084     2.133 r  vision_i/rx/U0/TMDS_ClockingX/DVI_ClkGenerator/CLKOUT0
                         net (fo=2, routed)           0.960     3.093    vision_i/rx/U0/TMDS_ClockingX/CLK_OUT_5x_hdmi_clk
    BUFR_X1Y5            BUFR (Prop_bufr_I_O)         0.918     4.011 r  vision_i/rx/U0/TMDS_ClockingX/PixelClkBuffer/O
                         net (fo=367, routed)         0.858     4.869    vision_i/rx/U0/GenerateBUFG.ResyncToBUFG_X/InstBUFG_0
    BUFGCTRL_X0Y18       BUFG (Prop_bufg_I_O)         0.091     4.960 r  vision_i/rx/U0/GenerateBUFG.ResyncToBUFG_X/InstBUFG/O
                         net (fo=3865, routed)        1.535     6.494    vision_i/pipe/inst/u_pipeline/u_reset/pclk
    SLICE_X85Y79         FDCE                                         r  vision_i/pipe/inst/u_pipeline/u_reset/release_pipe_reg[0]/C





Min Delay Paths
--------------------------------------------------------------------------------------
Slack:                    inf
  Source:                 vision_i/tx/U0/ClockGenInternal.ClockGenX/GenMMCM.DVI_ClkGenerator/LOCKED
                            (internal pin)
  Destination:            vision_i/tx/U0/ClockGenInternal.ClockGenX/PLL_LockSyncAsync/oSyncStages_reg[0]/D
                            (rising edge-triggered cell FDRE clocked by PixelClk_int  {rise@0.000ns fall@5.387ns period=13.468ns})
  Path Group:             (none)
  Path Type:              Hold (Min at Fast Process Corner)
  Data Path Delay:        0.472ns  (logic 0.000ns (0.000%)  route 0.472ns (100.000%))
  Logic Levels:           0  
  Clock Uncertainty:      0.193ns  ((TSJ^2 + DJ^2)^1/2) / 2 + PE
    Total System Jitter     (TSJ):    0.050ns
    Discrete Jitter          (DJ):    0.126ns
    Phase Error              (PE):    0.125ns
  Timing Exception:       False Path

    Location             Delay type                Incr(ns)  Path(ns)    Netlist Resource(s)
  -------------------------------------------------------------------    -------------------
    MMCME2_ADV_X1Y2      MMCME2_ADV                   0.000     0.000 r  vision_i/tx/U0/ClockGenInternal.ClockGenX/GenMMCM.DVI_ClkGenerator/LOCKED
                         net (fo=2, routed)           0.472     0.472    vision_i/tx/U0/ClockGenInternal.ClockGenX/PLL_LockSyncAsync/oSyncStages_reg[0]_0[0]
    SLICE_X112Y90        FDRE                                         r  vision_i/tx/U0/ClockGenInternal.ClockGenX/PLL_LockSyncAsync/oSyncStages_reg[0]/D
  -------------------------------------------------------------------    -------------------

                         (clock PixelClk_int rise edge)
                                                      0.000     0.000 r  <hidden>
    N18                                               0.000     0.000 r  hdmi_in_clk_p
                         net (fo=0)                   0.000     0.000    vision_i/rx/U0/TMDS_ClockingX/TMDS_Clk_p
    N18                  IBUFDS (Prop_ibufds_I_O)     0.499     0.499 r  vision_i/rx/U0/TMDS_ClockingX/InputBuffer/O
                         net (fo=1, routed)           0.480     0.979    vision_i/rx/U0/TMDS_ClockingX/CLK_IN_hdmi_clk
    MMCME2_ADV_X1Y1      MMCME2_ADV (Prop_mmcme2_adv_CLKIN1_CLKOUT0)
                                                      0.054     1.033 r  vision_i/rx/U0/TMDS_ClockingX/DVI_ClkGenerator/CLKOUT0
                         net (fo=2, routed)           0.402     1.435    vision_i/rx/U0/TMDS_ClockingX/CLK_OUT_5x_hdmi_clk
    BUFR_X1Y5            BUFR (Prop_bufr_I_O)         0.431     1.866 r  vision_i/rx/U0/TMDS_ClockingX/PixelClkBuffer/O
                         net (fo=367, routed)         0.332     2.198    vision_i/rx/U0/GenerateBUFG.ResyncToBUFG_X/InstBUFG_0
    BUFGCTRL_X0Y18       BUFG (Prop_bufg_I_O)         0.029     2.227 r  vision_i/rx/U0/GenerateBUFG.ResyncToBUFG_X/InstBUFG/O
                         net (fo=3865, routed)        0.907     3.134    vision_i/tx/U0/ClockGenInternal.ClockGenX/PLL_LockSyncAsync/PixelClk
    SLICE_X112Y90        FDRE                                         r  vision_i/tx/U0/ClockGenInternal.ClockGenX/PLL_LockSyncAsync/oSyncStages_reg[0]/C





--------------------------------------------------------------------------------------
Path Group:  (none)
From Clock:  PixelClk_int
  To Clock:  PixelClk_int

Max Delay           114 Endpoints
Min Delay           114 Endpoints
--------------------------------------------------------------------------------------


Max Delay Paths
--------------------------------------------------------------------------------------
Slack:                    inf
  Source:                 vision_i/snapshot_ila/inst/<hidden>/<hidden>/<hidden>/<hidden>/<hidden>/<hidden>/<hidden>/<hidden>/<hidden>/<hidden>/<hidden>
                            (rising edge-triggered cell SRLC32E clocked by PixelClk_int  {rise@0.000ns fall@5.387ns period=13.468ns})
  Destination:            vision_i/snapshot_ila/inst/<hidden>/<hidden>/<hidden>/<hidden>/<hidden>/<hidden>
                            (rising edge-triggered cell FDRE clocked by PixelClk_int  {rise@0.000ns fall@5.387ns period=13.468ns})
  Path Group:             (none)
  Path Type:              Setup (Max at Slow Process Corner)
  Data Path Delay:        5.140ns  (logic 2.417ns (47.019%)  route 2.723ns (52.981%))
  Logic Levels:           2  (CARRY4=1 LUT2=1)
  Clock Path Skew:        -0.673ns (DCD - SCD + CPR)
    Destination Clock Delay (DCD):    6.611ns
    Source Clock Delay      (SCD):    7.284ns
    Clock Pessimism Removal (CPR):    0.000ns
  Clock Uncertainty:      0.072ns  ((TSJ^2 + DJ^2)^1/2) / 2 + PE
    Total System Jitter     (TSJ):    0.071ns
    Discrete Jitter          (DJ):    0.126ns
    Phase Error              (PE):    0.000ns
  Timing Exception:       False Path

    Location             Delay type                Incr(ns)  Path(ns)    Netlist Resource(s)
  -------------------------------------------------------------------    -------------------
                         (clock PixelClk_int rise edge)
                                                      0.000     0.000 r  <hidden>
    N18                                               0.000     0.000 r  hdmi_in_clk_p
                         net (fo=0)                   0.000     0.000    vision_i/rx/U0/TMDS_ClockingX/TMDS_Clk_p
    N18                  IBUFDS (Prop_ibufds_I_O)     0.930     0.930 r  vision_i/rx/U0/TMDS_ClockingX/InputBuffer/O
                         net (fo=1, routed)           1.285     2.215    vision_i/rx/U0/TMDS_ClockingX/CLK_IN_hdmi_clk
    MMCME2_ADV_X1Y1      MMCME2_ADV (Prop_mmcme2_adv_CLKIN1_CLKOUT0)
                                                      0.089     2.304 r  vision_i/rx/U0/TMDS_ClockingX/DVI_ClkGenerator/CLKOUT0
                         net (fo=2, routed)           1.063     3.367    vision_i/rx/U0/TMDS_ClockingX/CLK_OUT_5x_hdmi_clk
    BUFR_X1Y5            BUFR (Prop_bufr_I_O)         1.031     4.398 r  vision_i/rx/U0/TMDS_ClockingX/PixelClkBuffer/O
                         net (fo=367, routed)         0.945     5.343    vision_i/rx/U0/GenerateBUFG.ResyncToBUFG_X/InstBUFG_0
    BUFGCTRL_X0Y18       BUFG (Prop_bufg_I_O)         0.101     5.444 r  vision_i/rx/U0/GenerateBUFG.ResyncToBUFG_X/InstBUFG/O
                         net (fo=3865, routed)        1.840     7.284    vision_i/snapshot_ila/inst/<hidden>/<hidden>/<hidden>/<hidden>/<hidden>/<hidden>/<hidden>/<hidden>/<hidden>/<hidden>
    SLICE_X36Y112        SRLC32E                                      r  vision_i/snapshot_ila/inst/<hidden>/<hidden>/<hidden>/<hidden>/<hidden>/<hidden>/<hidden>/<hidden>/<hidden>/<hidden>/<hidden>
  -------------------------------------------------------------------    -------------------
    SLICE_X36Y112        SRLC32E (Prop_srlc32e_CLK_Q)
                                                      1.628     8.912 r  vision_i/snapshot_ila/inst/<hidden>/<hidden>/<hidden>/<hidden>/<hidden>/<hidden>/<hidden>/<hidden>/<hidden>/<hidden>/<hidden>
                         net (fo=1, routed)           0.954     9.867    vision_i/snapshot_ila/inst/<hidden>/<hidden>/<hidden>/<hidden>/<hidden>/<hidden>/<hidden>/<hidden>/<hidden>
    SLICE_X38Y112        CARRY4 (Prop_carry4_S[0]_CO[3])
                                                      0.637    10.504 r  vision_i/snapshot_ila/inst/<hidden>/<hidden>/<hidden>/<hidden>/<hidden>/<hidden>/<hidden>/<hidden>/<hidden>/<hidden>
                         net (fo=1, routed)           1.253    11.757    vision_i/snapshot_ila/inst/<hidden>/<hidden>/<hidden>
    SLICE_X43Y110        LUT2 (Prop_lut2_I1_O)        0.152    11.909 r  vision_i/snapshot_ila/inst/<hidden>/<hidden>/<hidden>/<hidden>
                         net (fo=1, routed)           0.516    12.425    vision_i/snapshot_ila/inst/<hidden>/<hidden>/<hidden>/<hidden>/<hidden>
    SLICE_X41Y110        FDRE                                         r  vision_i/snapshot_ila/inst/<hidden>/<hidden>/<hidden>/<hidden>/<hidden>/<hidden>
  -------------------------------------------------------------------    -------------------

                         (clock PixelClk_int rise edge)
                                                      0.000     0.000 r  <hidden>
    N18                                               0.000     0.000 r  hdmi_in_clk_p
                         net (fo=0)                   0.000     0.000    vision_i/rx/U0/TMDS_ClockingX/TMDS_Clk_p
    N18                  IBUFDS (Prop_ibufds_I_O)     0.887     0.887 r  vision_i/rx/U0/TMDS_ClockingX/InputBuffer/O
                         net (fo=1, routed)           1.162     2.049    vision_i/rx/U0/TMDS_ClockingX/CLK_IN_hdmi_clk
    MMCME2_ADV_X1Y1      MMCME2_ADV (Prop_mmcme2_adv_CLKIN1_CLKOUT0)
                                                      0.084     2.133 r  vision_i/rx/U0/TMDS_ClockingX/DVI_ClkGenerator/CLKOUT0
                         net (fo=2, routed)           0.960     3.093    vision_i/rx/U0/TMDS_ClockingX/CLK_OUT_5x_hdmi_clk
    BUFR_X1Y5            BUFR (Prop_bufr_I_O)         0.918     4.011 r  vision_i/rx/U0/TMDS_ClockingX/PixelClkBuffer/O
                         net (fo=367, routed)         0.858     4.869    vision_i/rx/U0/GenerateBUFG.ResyncToBUFG_X/InstBUFG_0
    BUFGCTRL_X0Y18       BUFG (Prop_bufg_I_O)         0.091     4.960 r  vision_i/rx/U0/GenerateBUFG.ResyncToBUFG_X/InstBUFG/O
                         net (fo=3865, routed)        1.651     6.611    vision_i/snapshot_ila/inst/<hidden>/<hidden>/<hidden>/<hidden>/<hidden>
    SLICE_X41Y110        FDRE                                         r  vision_i/snapshot_ila/inst/<hidden>/<hidden>/<hidden>/<hidden>/<hidden>/<hidden>





Min Delay Paths
--------------------------------------------------------------------------------------
Slack:                    inf
  Source:                 vision_i/rx/U0/LockLostReset/SyncAsyncx/oSyncStages_reg[1]/C
                            (rising edge-triggered cell FDPE clocked by PixelClk_int  {rise@0.000ns fall@5.387ns period=13.468ns})
  Destination:            vision_i/rx/U0/DataDecoders[2].DecoderX/SyncBaseOvf/SyncAsyncx/oSyncStages_reg[0]/CLR
                            (removal check against rising-edge clock PixelClk_int  {rise@0.000ns fall@5.387ns period=13.468ns})
  Path Group:             (none)
  Path Type:              Removal (Min at Fast Process Corner)
  Data Path Delay:        0.777ns  (logic 0.128ns (16.482%)  route 0.649ns (83.518%))
  Logic Levels:           0  
  Clock Path Skew:        0.324ns (DCD - SCD - CPR)
    Destination Clock Delay (DCD):    2.153ns
    Source Clock Delay      (SCD):    1.828ns
    Clock Pessimism Removal (CPR):    -0.000ns
  Clock Uncertainty:      0.072ns  ((TSJ^2 + DJ^2)^1/2) / 2 + PE
    Total System Jitter     (TSJ):    0.071ns
    Discrete Jitter          (DJ):    0.126ns
    Phase Error              (PE):    0.000ns
  Timing Exception:       False Path

    Location             Delay type                Incr(ns)  Path(ns)    Netlist Resource(s)
  -------------------------------------------------------------------    -------------------
                         (clock PixelClk_int rise edge)
                                                      0.000     0.000 r  <hidden>
    N18                                               0.000     0.000 r  hdmi_in_clk_p
                         net (fo=0)                   0.000     0.000    vision_i/rx/U0/TMDS_ClockingX/TMDS_Clk_p
    N18                  IBUFDS (Prop_ibufds_I_O)     0.451     0.451 r  vision_i/rx/U0/TMDS_ClockingX/InputBuffer/O
                         net (fo=1, routed)           0.440     0.891    vision_i/rx/U0/TMDS_ClockingX/CLK_IN_hdmi_clk
    MMCME2_ADV_X1Y1      MMCME2_ADV (Prop_mmcme2_adv_CLKIN1_CLKOUT0)
                                                      0.051     0.942 r  vision_i/rx/U0/TMDS_ClockingX/DVI_ClkGenerator/CLKOUT0
                         net (fo=2, routed)           0.363     1.305    vision_i/rx/U0/TMDS_ClockingX/CLK_OUT_5x_hdmi_clk
    BUFR_X1Y5            BUFR (Prop_bufr_I_O)         0.270     1.575 r  vision_i/rx/U0/TMDS_ClockingX/PixelClkBuffer/O
                         net (fo=367, routed)         0.253     1.828    vision_i/rx/U0/LockLostReset/SyncAsyncx/oSyncStages_reg[1]_0
    SLICE_X110Y77        FDPE                                         r  vision_i/rx/U0/LockLostReset/SyncAsyncx/oSyncStages_reg[1]/C
  -------------------------------------------------------------------    -------------------
    SLICE_X110Y77        FDPE (Prop_fdpe_C_Q)         0.128     1.956 f  vision_i/rx/U0/LockLostReset/SyncAsyncx/oSyncStages_reg[1]/Q
                         net (fo=27, routed)          0.649     2.605    vision_i/rx/U0/DataDecoders[2].DecoderX/SyncBaseOvf/SyncAsyncx/oSyncStages_reg[1]_0[0]
    SLICE_X113Y72        FDCE                                         f  vision_i/rx/U0/DataDecoders[2].DecoderX/SyncBaseOvf/SyncAsyncx/oSyncStages_reg[0]/CLR
  -------------------------------------------------------------------    -------------------

                         (clock PixelClk_int rise edge)
                                                      0.000     0.000 r  <hidden>
    N18                                               0.000     0.000 r  hdmi_in_clk_p
                         net (fo=0)                   0.000     0.000    vision_i/rx/U0/TMDS_ClockingX/TMDS_Clk_p
    N18                  IBUFDS (Prop_ibufds_I_O)     0.499     0.499 r  vision_i/rx/U0/TMDS_ClockingX/InputBuffer/O
                         net (fo=1, routed)           0.480     0.979    vision_i/rx/U0/TMDS_ClockingX/CLK_IN_hdmi_clk
    MMCME2_ADV_X1Y1      MMCME2_ADV (Prop_mmcme2_adv_CLKIN1_CLKOUT0)
                                                      0.054     1.033 r  vision_i/rx/U0/TMDS_ClockingX/DVI_ClkGenerator/CLKOUT0
                         net (fo=2, routed)           0.402     1.435    vision_i/rx/U0/TMDS_ClockingX/CLK_OUT_5x_hdmi_clk
    BUFR_X1Y5            BUFR (Prop_bufr_I_O)         0.431     1.866 r  vision_i/rx/U0/TMDS_ClockingX/PixelClkBuffer/O
                         net (fo=367, routed)         0.287     2.153    vision_i/rx/U0/DataDecoders[2].DecoderX/SyncBaseOvf/SyncAsyncx/CLK
    SLICE_X113Y72        FDCE                                         r  vision_i/rx/U0/DataDecoders[2].DecoderX/SyncBaseOvf/SyncAsyncx/oSyncStages_reg[0]/C





--------------------------------------------------------------------------------------
Path Group:  (none)
From Clock:  clk_fpga_0
  To Clock:  PixelClk_int

Max Delay             1 Endpoint
Min Delay           182 Endpoints
--------------------------------------------------------------------------------------


Max Delay Paths
--------------------------------------------------------------------------------------
Slack:                    inf
  Source:                 vision_i/pipe/inst/u_pipeline/u_vision/u_config/request_reg/C
                            (rising edge-triggered cell FDCE clocked by clk_fpga_0  {rise@0.000ns fall@5.000ns period=10.000ns})
  Destination:            vision_i/pipe/inst/u_pipeline/u_vision/u_config/req_meta_reg/D
                            (rising edge-triggered cell FDCE clocked by PixelClk_int  {rise@0.000ns fall@5.387ns period=13.468ns})
  Path Group:             (none)
  Path Type:              Setup (Max at Slow Process Corner)
  Data Path Delay:        1.120ns  (logic 0.456ns (40.721%)  route 0.664ns (59.279%))
  Logic Levels:           0  
  Clock Path Skew:        3.492ns (DCD - SCD + CPR)
    Destination Clock Delay (DCD):    6.436ns
    Source Clock Delay      (SCD):    2.944ns
    Clock Pessimism Removal (CPR):    0.000ns
  Clock Uncertainty:      0.291ns  ((TSJ^2 + TIJ^2 + DJ^2)^1/2) / 2 + PE
    Total System Jitter     (TSJ):    0.071ns
    Total Input Jitter      (TIJ):    0.300ns
    Discrete Jitter          (DJ):    0.126ns
    Phase Error              (PE):    0.125ns
  Timing Exception:       False Path

    Location             Delay type                Incr(ns)  Path(ns)    Netlist Resource(s)
  -------------------------------------------------------------------    -------------------
                         (clock clk_fpga_0 rise edge)
                                                      0.000     0.000 r  <hidden>
    PS7_X0Y0             PS7                          0.000     0.000 r  vision_i/ps7/inst/PS7_i/FCLKCLK[0]
                         net (fo=1, routed)           1.193     1.193    vision_i/ps7/inst/FCLK_CLK_unbuffered[0]
    BUFGCTRL_X0Y16       BUFG (Prop_bufg_I_O)         0.101     1.294 r  vision_i/ps7/inst/buffer_fclk_clk_0.FCLK_CLK_0_BUFG/O
                         net (fo=1197, routed)        1.650     2.944    vision_i/pipe/inst/u_pipeline/u_vision/u_config/s_axi_aclk
    SLICE_X41Y91         FDCE                                         r  vision_i/pipe/inst/u_pipeline/u_vision/u_config/request_reg/C
  -------------------------------------------------------------------    -------------------
    SLICE_X41Y91         FDCE (Prop_fdce_C_Q)         0.456     3.400 r  vision_i/pipe/inst/u_pipeline/u_vision/u_config/request_reg/Q
                         net (fo=7, routed)           0.664     4.064    vision_i/pipe/inst/u_pipeline/u_vision/u_config/request
    SLICE_X44Y91         FDCE                                         r  vision_i/pipe/inst/u_pipeline/u_vision/u_config/req_meta_reg/D
  -------------------------------------------------------------------    -------------------

                         (clock PixelClk_int rise edge)
                                                      0.000     0.000 r  <hidden>
    N18                                               0.000     0.000 r  hdmi_in_clk_p
                         net (fo=0)                   0.000     0.000    vision_i/rx/U0/TMDS_ClockingX/TMDS_Clk_p
    N18                  IBUFDS (Prop_ibufds_I_O)     0.887     0.887 r  vision_i/rx/U0/TMDS_ClockingX/InputBuffer/O
                         net (fo=1, routed)           1.162     2.049    vision_i/rx/U0/TMDS_ClockingX/CLK_IN_hdmi_clk
    MMCME2_ADV_X1Y1      MMCME2_ADV (Prop_mmcme2_adv_CLKIN1_CLKOUT0)
                                                      0.084     2.133 r  vision_i/rx/U0/TMDS_ClockingX/DVI_ClkGenerator/CLKOUT0
                         net (fo=2, routed)           0.960     3.093    vision_i/rx/U0/TMDS_ClockingX/CLK_OUT_5x_hdmi_clk
    BUFR_X1Y5            BUFR (Prop_bufr_I_O)         0.918     4.011 r  vision_i/rx/U0/TMDS_ClockingX/PixelClkBuffer/O
                         net (fo=367, routed)         0.858     4.869    vision_i/rx/U0/GenerateBUFG.ResyncToBUFG_X/InstBUFG_0
    BUFGCTRL_X0Y18       BUFG (Prop_bufg_I_O)         0.091     4.960 r  vision_i/rx/U0/GenerateBUFG.ResyncToBUFG_X/InstBUFG/O
                         net (fo=3865, routed)        1.477     6.436    vision_i/pipe/inst/u_pipeline/u_vision/u_config/pclk
    SLICE_X44Y91         FDCE                                         r  vision_i/pipe/inst/u_pipeline/u_vision/u_config/req_meta_reg/C





Min Delay Paths
--------------------------------------------------------------------------------------
Slack:                    inf
  Source:                 vision_i/pipe/inst/u_pipeline/u_vision/u_config/hold_data_reg[98]/C
                            (rising edge-triggered cell FDCE clocked by clk_fpga_0  {rise@0.000ns fall@5.000ns period=10.000ns})
  Destination:            vision_i/pipe/inst/u_pipeline/u_vision/u_config/dst_data_reg[98]/D
                            (rising edge-triggered cell FDCE clocked by PixelClk_int  {rise@0.000ns fall@5.387ns period=13.468ns})
  Path Group:             (none)
  Path Type:              Hold (Min at Fast Process Corner)
  Data Path Delay:        0.246ns  (logic 0.128ns (51.967%)  route 0.118ns (48.033%))
  Logic Levels:           0  
  Clock Path Skew:        2.158ns (DCD - SCD - CPR)
    Destination Clock Delay (DCD):    3.040ns
    Source Clock Delay      (SCD):    0.882ns
    Clock Pessimism Removal (CPR):    -0.000ns
  Clock Uncertainty:      0.291ns  ((TSJ^2 + TIJ^2 + DJ^2)^1/2) / 2 + PE
    Total System Jitter     (TSJ):    0.071ns
    Total Input Jitter      (TIJ):    0.300ns
    Discrete Jitter          (DJ):    0.126ns
    Phase Error              (PE):    0.125ns
  Timing Exception:       False Path

    Location             Delay type                Incr(ns)  Path(ns)    Netlist Resource(s)
  -------------------------------------------------------------------    -------------------
                         (clock clk_fpga_0 rise edge)
                                                      0.000     0.000 r  <hidden>
    PS7_X0Y0             PS7                          0.000     0.000 r  vision_i/ps7/inst/PS7_i/FCLKCLK[0]
                         net (fo=1, routed)           0.310     0.310    vision_i/ps7/inst/FCLK_CLK_unbuffered[0]
    BUFGCTRL_X0Y16       BUFG (Prop_bufg_I_O)         0.026     0.336 r  vision_i/ps7/inst/buffer_fclk_clk_0.FCLK_CLK_0_BUFG/O
                         net (fo=1197, routed)        0.546     0.882    vision_i/pipe/inst/u_pipeline/u_vision/u_config/s_axi_aclk
    SLICE_X44Y78         FDCE                                         r  vision_i/pipe/inst/u_pipeline/u_vision/u_config/hold_data_reg[98]/C
  -------------------------------------------------------------------    -------------------
    SLICE_X44Y78         FDCE (Prop_fdce_C_Q)         0.128     1.010 r  vision_i/pipe/inst/u_pipeline/u_vision/u_config/hold_data_reg[98]/Q
                         net (fo=1, routed)           0.118     1.128    vision_i/pipe/inst/u_pipeline/u_vision/u_config/hold_data[98]
    SLICE_X45Y79         FDCE                                         r  vision_i/pipe/inst/u_pipeline/u_vision/u_config/dst_data_reg[98]/D
  -------------------------------------------------------------------    -------------------

                         (clock PixelClk_int rise edge)
                                                      0.000     0.000 r  <hidden>
    N18                                               0.000     0.000 r  hdmi_in_clk_p
                         net (fo=0)                   0.000     0.000    vision_i/rx/U0/TMDS_ClockingX/TMDS_Clk_p
    N18                  IBUFDS (Prop_ibufds_I_O)     0.499     0.499 r  vision_i/rx/U0/TMDS_ClockingX/InputBuffer/O
                         net (fo=1, routed)           0.480     0.979    vision_i/rx/U0/TMDS_ClockingX/CLK_IN_hdmi_clk
    MMCME2_ADV_X1Y1      MMCME2_ADV (Prop_mmcme2_adv_CLKIN1_CLKOUT0)
                                                      0.054     1.033 r  vision_i/rx/U0/TMDS_ClockingX/DVI_ClkGenerator/CLKOUT0
                         net (fo=2, routed)           0.402     1.435    vision_i/rx/U0/TMDS_ClockingX/CLK_OUT_5x_hdmi_clk
    BUFR_X1Y5            BUFR (Prop_bufr_I_O)         0.431     1.866 r  vision_i/rx/U0/TMDS_ClockingX/PixelClkBuffer/O
                         net (fo=367, routed)         0.332     2.198    vision_i/rx/U0/GenerateBUFG.ResyncToBUFG_X/InstBUFG_0
    BUFGCTRL_X0Y18       BUFG (Prop_bufg_I_O)         0.029     2.227 r  vision_i/rx/U0/GenerateBUFG.ResyncToBUFG_X/InstBUFG/O
                         net (fo=3865, routed)        0.813     3.040    vision_i/pipe/inst/u_pipeline/u_vision/u_config/pclk
    SLICE_X45Y79         FDCE                                         r  vision_i/pipe/inst/u_pipeline/u_vision/u_config/dst_data_reg[98]/C





--------------------------------------------------------------------------------------
Path Group:  (none)
From Clock:  clk_fpga_2
  To Clock:  PixelClk_int

Max Delay             7 Endpoints
Min Delay             7 Endpoints
--------------------------------------------------------------------------------------


Max Delay Paths
--------------------------------------------------------------------------------------
Slack:                    inf
  Source:                 vision_i/rx/U0/TMDS_ClockingX/aLocked_reg/C
                            (rising edge-triggered cell FDCE clocked by clk_fpga_2  {rise@0.000ns fall@2.500ns period=5.000ns})
  Destination:            vision_i/rx/U0/LockLostReset/SyncAsyncx/oSyncStages_reg[0]/PRE
                            (recovery check against rising-edge clock PixelClk_int  {rise@0.000ns fall@5.387ns period=13.468ns})
  Path Group:             (none)
  Path Type:              Recovery (Max at Slow Process Corner)
  Data Path Delay:        1.820ns  (logic 0.642ns (35.268%)  route 1.178ns (64.732%))
  Logic Levels:           1  (LUT1=1)
  Clock Path Skew:        1.614ns (DCD - SCD + CPR)
    Destination Clock Delay (DCD):    4.759ns
    Source Clock Delay      (SCD):    3.145ns
    Clock Pessimism Removal (CPR):    0.000ns
  Clock Uncertainty:      0.229ns  ((TSJ^2 + TIJ^2 + DJ^2)^1/2) / 2 + PE
    Total System Jitter     (TSJ):    0.071ns
    Total Input Jitter      (TIJ):    0.150ns
    Discrete Jitter          (DJ):    0.126ns
    Phase Error              (PE):    0.125ns
  Timing Exception:       False Path

    Location             Delay type                Incr(ns)  Path(ns)    Netlist Resource(s)
  -------------------------------------------------------------------    -------------------
                         (clock clk_fpga_2 rise edge)
                                                      0.000     0.000 r  <hidden>
    PS7_X0Y0             PS7                          0.000     0.000 r  vision_i/ps7/inst/PS7_i/FCLKCLK[2]
                         net (fo=1, routed)           1.193     1.193    vision_i/ps7/inst/FCLK_CLK_unbuffered[2]
    BUFGCTRL_X0Y17       BUFG (Prop_bufg_I_O)         0.101     1.294 r  vision_i/ps7/inst/buffer_fclk_clk_2.FCLK_CLK_2_BUFG/O
                         net (fo=158, routed)         1.851     3.145    vision_i/rx/U0/TMDS_ClockingX/RefClk
    SLICE_X112Y78        FDCE                                         r  vision_i/rx/U0/TMDS_ClockingX/aLocked_reg/C
  -------------------------------------------------------------------    -------------------
    SLICE_X112Y78        FDCE (Prop_fdce_C_Q)         0.518     3.663 r  vision_i/rx/U0/TMDS_ClockingX/aLocked_reg/Q
                         net (fo=1, routed)           0.521     4.184    vision_i/rx/U0/TMDS_ClockingX/aPixelClkLckd
    SLICE_X112Y78        LUT1 (Prop_lut1_I0_O)        0.124     4.308 f  vision_i/rx/U0/TMDS_ClockingX/aRst_int_inferred_i_1__0/O
                         net (fo=4, routed)           0.657     4.965    vision_i/rx/U0/LockLostReset/SyncAsyncx/AS[0]
    SLICE_X110Y77        FDPE                                         f  vision_i/rx/U0/LockLostReset/SyncAsyncx/oSyncStages_reg[0]/PRE
  -------------------------------------------------------------------    -------------------

                         (clock PixelClk_int rise edge)
                                                      0.000     0.000 r  <hidden>
    N18                                               0.000     0.000 r  hdmi_in_clk_p
                         net (fo=0)                   0.000     0.000    vision_i/rx/U0/TMDS_ClockingX/TMDS_Clk_p
    N18                  IBUFDS (Prop_ibufds_I_O)     0.887     0.887 r  vision_i/rx/U0/TMDS_ClockingX/InputBuffer/O
                         net (fo=1, routed)           1.162     2.049    vision_i/rx/U0/TMDS_ClockingX/CLK_IN_hdmi_clk
    MMCME2_ADV_X1Y1      MMCME2_ADV (Prop_mmcme2_adv_CLKIN1_CLKOUT0)
                                                      0.084     2.133 r  vision_i/rx/U0/TMDS_ClockingX/DVI_ClkGenerator/CLKOUT0
                         net (fo=2, routed)           0.960     3.093    vision_i/rx/U0/TMDS_ClockingX/CLK_OUT_5x_hdmi_clk
    BUFR_X1Y5            BUFR (Prop_bufr_I_O)         0.918     4.011 r  vision_i/rx/U0/TMDS_ClockingX/PixelClkBuffer/O
                         net (fo=367, routed)         0.748     4.759    vision_i/rx/U0/LockLostReset/SyncAsyncx/oSyncStages_reg[1]_0
    SLICE_X110Y77        FDPE                                         r  vision_i/rx/U0/LockLostReset/SyncAsyncx/oSyncStages_reg[0]/C





Min Delay Paths
--------------------------------------------------------------------------------------
Slack:                    inf
  Source:                 vision_i/rx/U0/DataDecoders[1].DecoderX/SyncBaseOvf/iIn_q_reg/C
                            (rising edge-triggered cell FDCE clocked by clk_fpga_2  {rise@0.000ns fall@2.500ns period=5.000ns})
  Destination:            vision_i/rx/U0/DataDecoders[1].DecoderX/SyncBaseOvf/SyncAsyncx/oSyncStages_reg[0]/D
                            (rising edge-triggered cell FDCE clocked by PixelClk_int  {rise@0.000ns fall@5.387ns period=13.468ns})
  Path Group:             (none)
  Path Type:              Hold (Min at Fast Process Corner)
  Data Path Delay:        0.247ns  (logic 0.141ns (57.143%)  route 0.106ns (42.857%))
  Logic Levels:           0  
  Clock Path Skew:        1.193ns (DCD - SCD - CPR)
    Destination Clock Delay (DCD):    2.160ns
    Source Clock Delay      (SCD):    0.967ns
    Clock Pessimism Removal (CPR):    -0.000ns
  Clock Uncertainty:      0.229ns  ((TSJ^2 + TIJ^2 + DJ^2)^1/2) / 2 + PE
    Total System Jitter     (TSJ):    0.071ns
    Total Input Jitter      (TIJ):    0.150ns
    Discrete Jitter          (DJ):    0.126ns
    Phase Error              (PE):    0.125ns
  Timing Exception:       False Path

    Location             Delay type                Incr(ns)  Path(ns)    Netlist Resource(s)
  -------------------------------------------------------------------    -------------------
                         (clock clk_fpga_2 rise edge)
                                                      0.000     0.000 r  <hidden>
    PS7_X0Y0             PS7                          0.000     0.000 r  vision_i/ps7/inst/PS7_i/FCLKCLK[2]
                         net (fo=1, routed)           0.310     0.310    vision_i/ps7/inst/FCLK_CLK_unbuffered[2]
    BUFGCTRL_X0Y17       BUFG (Prop_bufg_I_O)         0.026     0.336 r  vision_i/ps7/inst/buffer_fclk_clk_2.FCLK_CLK_2_BUFG/O
                         net (fo=158, routed)         0.631     0.967    vision_i/rx/U0/DataDecoders[1].DecoderX/SyncBaseOvf/RefClk
    SLICE_X106Y65        FDCE                                         r  vision_i/rx/U0/DataDecoders[1].DecoderX/SyncBaseOvf/iIn_q_reg/C
  -------------------------------------------------------------------    -------------------
    SLICE_X106Y65        FDCE (Prop_fdce_C_Q)         0.141     1.108 r  vision_i/rx/U0/DataDecoders[1].DecoderX/SyncBaseOvf/iIn_q_reg/Q
                         net (fo=1, routed)           0.106     1.213    vision_i/rx/U0/DataDecoders[1].DecoderX/SyncBaseOvf/SyncAsyncx/D[0]
    SLICE_X108Y65        FDCE                                         r  vision_i/rx/U0/DataDecoders[1].DecoderX/SyncBaseOvf/SyncAsyncx/oSyncStages_reg[0]/D
  -------------------------------------------------------------------    -------------------

                         (clock PixelClk_int rise edge)
                                                      0.000     0.000 r  <hidden>
    N18                                               0.000     0.000 r  hdmi_in_clk_p
                         net (fo=0)                   0.000     0.000    vision_i/rx/U0/TMDS_ClockingX/TMDS_Clk_p
    N18                  IBUFDS (Prop_ibufds_I_O)     0.499     0.499 r  vision_i/rx/U0/TMDS_ClockingX/InputBuffer/O
                         net (fo=1, routed)           0.480     0.979    vision_i/rx/U0/TMDS_ClockingX/CLK_IN_hdmi_clk
    MMCME2_ADV_X1Y1      MMCME2_ADV (Prop_mmcme2_adv_CLKIN1_CLKOUT0)
                                                      0.054     1.033 r  vision_i/rx/U0/TMDS_ClockingX/DVI_ClkGenerator/CLKOUT0
                         net (fo=2, routed)           0.402     1.435    vision_i/rx/U0/TMDS_ClockingX/CLK_OUT_5x_hdmi_clk
    BUFR_X1Y5            BUFR (Prop_bufr_I_O)         0.431     1.866 r  vision_i/rx/U0/TMDS_ClockingX/PixelClkBuffer/O
                         net (fo=367, routed)         0.294     2.160    vision_i/rx/U0/DataDecoders[1].DecoderX/SyncBaseOvf/SyncAsyncx/CLK
    SLICE_X108Y65        FDCE                                         r  vision_i/rx/U0/DataDecoders[1].DecoderX/SyncBaseOvf/SyncAsyncx/oSyncStages_reg[0]/C





--------------------------------------------------------------------------------------
Path Group:  (none)
From Clock:  dbg_hub/inst/BSCANID.u_xsdbm_id/SWITCH_N_EXT_BSCAN.bscan_inst/SERIES7_BSCAN.bscan_inst/TCK
  To Clock:  PixelClk_int

Max Delay            78 Endpoints
Min Delay            86 Endpoints
--------------------------------------------------------------------------------------


Max Delay Paths
--------------------------------------------------------------------------------------
Slack:                    inf
  Source:                 dbg_hub/inst/BSCANID.u_xsdbm_id/CORE_XSDB.UUT_MASTER/U_ICON_INTERFACE/U_CMD6_WR/U_WR_FIFO/SUBCORE_FIFO.xsdbm_v3_0_6_wrfifo_inst/inst_fifo_gen/gconvfifo.rf/grf.rf/gntv_or_sync_fifo.mem/gdm.dm_gen.dm/RAM_reg_0_15_6_11/RAMA_D1/CLK
                            (rising edge-triggered cell RAMD32 clocked by dbg_hub/inst/BSCANID.u_xsdbm_id/SWITCH_N_EXT_BSCAN.bscan_inst/SERIES7_BSCAN.bscan_inst/TCK  {rise@0.000ns fall@16.500ns period=33.000ns})
  Destination:            dbg_hub/inst/BSCANID.u_xsdbm_id/CORE_XSDB.UUT_MASTER/U_ICON_INTERFACE/U_CMD6_WR/U_WR_FIFO/SUBCORE_FIFO.xsdbm_v3_0_6_wrfifo_inst/inst_fifo_gen/gconvfifo.rf/grf.rf/gntv_or_sync_fifo.mem/gdm.dm_gen.dm/gpr1.dout_i_reg[7]/D
                            (rising edge-triggered cell FDRE clocked by PixelClk_int  {rise@0.000ns fall@5.387ns period=13.468ns})
  Path Group:             (none)
  Path Type:              Setup (Max at Slow Process Corner)
  Data Path Delay:        2.090ns  (logic 1.309ns (62.624%)  route 0.781ns (37.376%))
  Logic Levels:           0  
  Clock Path Skew:        2.360ns (DCD - SCD + CPR)
    Destination Clock Delay (DCD):    6.597ns
    Source Clock Delay      (SCD):    4.237ns
    Clock Pessimism Removal (CPR):    0.000ns
  Clock Uncertainty:      0.197ns  ((TSJ^2 + DJ^2)^1/2) / 2 + PE
    Total System Jitter     (TSJ):    0.071ns
    Discrete Jitter          (DJ):    0.126ns
    Phase Error              (PE):    0.125ns
  Timing Exception:       False Path

    Location             Delay type                Incr(ns)  Path(ns)    Netlist Resource(s)
  -------------------------------------------------------------------    -------------------
                         (clock dbg_hub/inst/BSCANID.u_xsdbm_id/SWITCH_N_EXT_BSCAN.bscan_inst/SERIES7_BSCAN.bscan_inst/TCK rise edge)
                                                      0.000     0.000 r  <hidden>
    BSCAN_X0Y0           BSCANE2                      0.000     0.000 r  dbg_hub/inst/BSCANID.u_xsdbm_id/SWITCH_N_EXT_BSCAN.bscan_inst/SERIES7_BSCAN.bscan_inst/TCK
                         net (fo=1, routed)           2.306     2.306    dbg_hub/inst/BSCANID.u_xsdbm_id/tck_bs
    BUFGCTRL_X0Y0        BUFG (Prop_bufg_I_O)         0.101     2.407 r  dbg_hub/inst/BSCANID.u_xsdbm_id/SWITCH_N_EXT_BSCAN.u_bufg_icon_tck/O
                         net (fo=482, routed)         1.830     4.237    dbg_hub/inst/BSCANID.u_xsdbm_id/CORE_XSDB.UUT_MASTER/U_ICON_INTERFACE/U_CMD6_WR/U_WR_FIFO/SUBCORE_FIFO.xsdbm_v3_0_6_wrfifo_inst/inst_fifo_gen/gconvfifo.rf/grf.rf/gntv_or_sync_fifo.mem/gdm.dm_gen.dm/RAM_reg_0_15_6_11/WCLK
    SLICE_X50Y112        RAMD32                                       r  dbg_hub/inst/BSCANID.u_xsdbm_id/CORE_XSDB.UUT_MASTER/U_ICON_INTERFACE/U_CMD6_WR/U_WR_FIFO/SUBCORE_FIFO.xsdbm_v3_0_6_wrfifo_inst/inst_fifo_gen/gconvfifo.rf/grf.rf/gntv_or_sync_fifo.mem/gdm.dm_gen.dm/RAM_reg_0_15_6_11/RAMA_D1/CLK
  -------------------------------------------------------------------    -------------------
    SLICE_X50Y112        RAMD32 (Prop_ramd32_CLK_O)
                                                      1.309     5.546 r  dbg_hub/inst/BSCANID.u_xsdbm_id/CORE_XSDB.UUT_MASTER/U_ICON_INTERFACE/U_CMD6_WR/U_WR_FIFO/SUBCORE_FIFO.xsdbm_v3_0_6_wrfifo_inst/inst_fifo_gen/gconvfifo.rf/grf.rf/gntv_or_sync_fifo.mem/gdm.dm_gen.dm/RAM_reg_0_15_6_11/RAMA_D1/O
                         net (fo=1, routed)           0.781     6.327    dbg_hub/inst/BSCANID.u_xsdbm_id/CORE_XSDB.UUT_MASTER/U_ICON_INTERFACE/U_CMD6_WR/U_WR_FIFO/SUBCORE_FIFO.xsdbm_v3_0_6_wrfifo_inst/inst_fifo_gen/gconvfifo.rf/grf.rf/gntv_or_sync_fifo.mem/gdm.dm_gen.dm/dout_i0[7]
    SLICE_X51Y111        FDRE                                         r  dbg_hub/inst/BSCANID.u_xsdbm_id/CORE_XSDB.UUT_MASTER/U_ICON_INTERFACE/U_CMD6_WR/U_WR_FIFO/SUBCORE_FIFO.xsdbm_v3_0_6_wrfifo_inst/inst_fifo_gen/gconvfifo.rf/grf.rf/gntv_or_sync_fifo.mem/gdm.dm_gen.dm/gpr1.dout_i_reg[7]/D
  -------------------------------------------------------------------    -------------------

                         (clock PixelClk_int rise edge)
                                                      0.000     0.000 r  <hidden>
    N18                                               0.000     0.000 r  hdmi_in_clk_p
                         net (fo=0)                   0.000     0.000    vision_i/rx/U0/TMDS_ClockingX/TMDS_Clk_p
    N18                  IBUFDS (Prop_ibufds_I_O)     0.887     0.887 r  vision_i/rx/U0/TMDS_ClockingX/InputBuffer/O
                         net (fo=1, routed)           1.162     2.049    vision_i/rx/U0/TMDS_ClockingX/CLK_IN_hdmi_clk
    MMCME2_ADV_X1Y1      MMCME2_ADV (Prop_mmcme2_adv_CLKIN1_CLKOUT0)
                                                      0.084     2.133 r  vision_i/rx/U0/TMDS_ClockingX/DVI_ClkGenerator/CLKOUT0
                         net (fo=2, routed)           0.960     3.093    vision_i/rx/U0/TMDS_ClockingX/CLK_OUT_5x_hdmi_clk
    BUFR_X1Y5            BUFR (Prop_bufr_I_O)         0.918     4.011 r  vision_i/rx/U0/TMDS_ClockingX/PixelClkBuffer/O
                         net (fo=367, routed)         0.858     4.869    vision_i/rx/U0/GenerateBUFG.ResyncToBUFG_X/InstBUFG_0
    BUFGCTRL_X0Y18       BUFG (Prop_bufg_I_O)         0.091     4.960 r  vision_i/rx/U0/GenerateBUFG.ResyncToBUFG_X/InstBUFG/O
                         net (fo=3865, routed)        1.637     6.597    dbg_hub/inst/BSCANID.u_xsdbm_id/CORE_XSDB.UUT_MASTER/U_ICON_INTERFACE/U_CMD6_WR/U_WR_FIFO/SUBCORE_FIFO.xsdbm_v3_0_6_wrfifo_inst/inst_fifo_gen/gconvfifo.rf/grf.rf/gntv_or_sync_fifo.mem/gdm.dm_gen.dm/rd_clk
    SLICE_X51Y111        FDRE                                         r  dbg_hub/inst/BSCANID.u_xsdbm_id/CORE_XSDB.UUT_MASTER/U_ICON_INTERFACE/U_CMD6_WR/U_WR_FIFO/SUBCORE_FIFO.xsdbm_v3_0_6_wrfifo_inst/inst_fifo_gen/gconvfifo.rf/grf.rf/gntv_or_sync_fifo.mem/gdm.dm_gen.dm/gpr1.dout_i_reg[7]/C





Min Delay Paths
--------------------------------------------------------------------------------------
Slack:                    inf
  Source:                 dbg_hub/inst/BSCANID.u_xsdbm_id/CORE_XSDB.UUT_MASTER/U_ICON_INTERFACE/U_CMD2/icn_cmd_en_temp_reg/C
                            (rising edge-triggered cell FDRE clocked by dbg_hub/inst/BSCANID.u_xsdbm_id/SWITCH_N_EXT_BSCAN.bscan_inst/SERIES7_BSCAN.bscan_inst/TCK  {rise@0.000ns fall@16.500ns period=33.000ns})
  Destination:            dbg_hub/inst/BSCANID.u_xsdbm_id/CORE_XSDB.UUT_MASTER/U_ICON_INTERFACE/U_CMD2/stat_reg_ld_reg[0]/D
                            (rising edge-triggered cell FDRE clocked by PixelClk_int  {rise@0.000ns fall@5.387ns period=13.468ns})
  Path Group:             (none)
  Path Type:              Hold (Min at Fast Process Corner)
  Data Path Delay:        0.265ns  (logic 0.141ns (53.207%)  route 0.124ns (46.793%))
  Logic Levels:           0  
  Clock Path Skew:        1.441ns (DCD - SCD - CPR)
    Destination Clock Delay (DCD):    3.121ns
    Source Clock Delay      (SCD):    1.680ns
    Clock Pessimism Removal (CPR):    -0.000ns
  Clock Uncertainty:      0.197ns  ((TSJ^2 + DJ^2)^1/2) / 2 + PE
    Total System Jitter     (TSJ):    0.071ns
    Discrete Jitter          (DJ):    0.126ns
    Phase Error              (PE):    0.125ns
  Timing Exception:       False Path

    Location             Delay type                Incr(ns)  Path(ns)    Netlist Resource(s)
  -------------------------------------------------------------------    -------------------
                         (clock dbg_hub/inst/BSCANID.u_xsdbm_id/SWITCH_N_EXT_BSCAN.bscan_inst/SERIES7_BSCAN.bscan_inst/TCK rise edge)
                                                      0.000     0.000 r  <hidden>
    BSCAN_X0Y0           BSCANE2                      0.000     0.000 r  dbg_hub/inst/BSCANID.u_xsdbm_id/SWITCH_N_EXT_BSCAN.bscan_inst/SERIES7_BSCAN.bscan_inst/TCK
                         net (fo=1, routed)           1.028     1.028    dbg_hub/inst/BSCANID.u_xsdbm_id/tck_bs
    BUFGCTRL_X0Y0        BUFG (Prop_bufg_I_O)         0.026     1.054 r  dbg_hub/inst/BSCANID.u_xsdbm_id/SWITCH_N_EXT_BSCAN.u_bufg_icon_tck/O
                         net (fo=482, routed)         0.626     1.680    dbg_hub/inst/BSCANID.u_xsdbm_id/CORE_XSDB.UUT_MASTER/U_ICON_INTERFACE/U_CMD2/m_bscan_tck[0]
    SLICE_X52Y121        FDRE                                         r  dbg_hub/inst/BSCANID.u_xsdbm_id/CORE_XSDB.UUT_MASTER/U_ICON_INTERFACE/U_CMD2/icn_cmd_en_temp_reg/C
  -------------------------------------------------------------------    -------------------
    SLICE_X52Y121        FDRE (Prop_fdre_C_Q)         0.141     1.821 r  dbg_hub/inst/BSCANID.u_xsdbm_id/CORE_XSDB.UUT_MASTER/U_ICON_INTERFACE/U_CMD2/icn_cmd_en_temp_reg/Q
                         net (fo=6, routed)           0.124     1.945    dbg_hub/inst/BSCANID.u_xsdbm_id/CORE_XSDB.UUT_MASTER/U_ICON_INTERFACE/U_CMD2/icn_cmd_en_temp
    SLICE_X50Y121        FDRE                                         r  dbg_hub/inst/BSCANID.u_xsdbm_id/CORE_XSDB.UUT_MASTER/U_ICON_INTERFACE/U_CMD2/stat_reg_ld_reg[0]/D
  -------------------------------------------------------------------    -------------------

                         (clock PixelClk_int rise edge)
                                                      0.000     0.000 r  <hidden>
    N18                                               0.000     0.000 r  hdmi_in_clk_p
                         net (fo=0)                   0.000     0.000    vision_i/rx/U0/TMDS_ClockingX/TMDS_Clk_p
    N18                  IBUFDS (Prop_ibufds_I_O)     0.499     0.499 r  vision_i/rx/U0/TMDS_ClockingX/InputBuffer/O
                         net (fo=1, routed)           0.480     0.979    vision_i/rx/U0/TMDS_ClockingX/CLK_IN_hdmi_clk
    MMCME2_ADV_X1Y1      MMCME2_ADV (Prop_mmcme2_adv_CLKIN1_CLKOUT0)
                                                      0.054     1.033 r  vision_i/rx/U0/TMDS_ClockingX/DVI_ClkGenerator/CLKOUT0
                         net (fo=2, routed)           0.402     1.435    vision_i/rx/U0/TMDS_ClockingX/CLK_OUT_5x_hdmi_clk
    BUFR_X1Y5            BUFR (Prop_bufr_I_O)         0.431     1.866 r  vision_i/rx/U0/TMDS_ClockingX/PixelClkBuffer/O
                         net (fo=367, routed)         0.332     2.198    vision_i/rx/U0/GenerateBUFG.ResyncToBUFG_X/InstBUFG_0
    BUFGCTRL_X0Y18       BUFG (Prop_bufg_I_O)         0.029     2.227 r  vision_i/rx/U0/GenerateBUFG.ResyncToBUFG_X/InstBUFG/O
                         net (fo=3865, routed)        0.894     3.121    dbg_hub/inst/BSCANID.u_xsdbm_id/CORE_XSDB.UUT_MASTER/U_ICON_INTERFACE/U_CMD2/clk
    SLICE_X50Y121        FDRE                                         r  dbg_hub/inst/BSCANID.u_xsdbm_id/CORE_XSDB.UUT_MASTER/U_ICON_INTERFACE/U_CMD2/stat_reg_ld_reg[0]/C





--------------------------------------------------------------------------------------
Path Group:  (none)
From Clock:  
  To Clock:  clk_fpga_0

Max Delay             4 Endpoints
Min Delay             4 Endpoints
--------------------------------------------------------------------------------------


Max Delay Paths
--------------------------------------------------------------------------------------
Slack:                    inf
  Source:                 vision_i/ps7/inst/PS7_i/FCLKRESETN[0]
                            (internal pin)
  Destination:            vision_i/pipe/inst/u_pipeline/u_vision/u_axi_reset/release_pipe_reg[0]/CLR
                            (recovery check against rising-edge clock clk_fpga_0  {rise@0.000ns fall@5.000ns period=10.000ns})
  Path Group:             (none)
  Path Type:              Recovery (Max at Slow Process Corner)
  Data Path Delay:        3.277ns  (logic 0.124ns (3.784%)  route 3.153ns (96.216%))
  Logic Levels:           1  (LUT1=1)
  Clock Uncertainty:      0.152ns  ((TSJ^2 + TIJ^2)^1/2 + DJ) / 2 + PE
    Total System Jitter     (TSJ):    0.050ns
    Total Input Jitter      (TIJ):    0.300ns
    Discrete Jitter          (DJ):    0.000ns
    Phase Error              (PE):    0.000ns
  Timing Exception:       False Path

    Location             Delay type                Incr(ns)  Path(ns)    Netlist Resource(s)
  -------------------------------------------------------------------    -------------------
    PS7_X0Y0             PS7                          0.000     0.000 r  vision_i/ps7/inst/PS7_i/FCLKRESETN[0]
                         net (fo=6, routed)           2.376     2.376    vision_i/pipe/inst/u_pipeline/s_axi_aresetn
    SLICE_X51Y89         LUT1 (Prop_lut1_I0_O)        0.124     2.500 f  vision_i/pipe/inst/u_pipeline/release_pipe[1]_i_1/O
                         net (fo=6, routed)           0.777     3.277    vision_i/pipe/inst/u_pipeline/u_vision/u_axi_reset/release_pipe_reg[0]_0
    SLICE_X51Y90         FDCE                                         f  vision_i/pipe/inst/u_pipeline/u_vision/u_axi_reset/release_pipe_reg[0]/CLR
  -------------------------------------------------------------------    -------------------

                         (clock clk_fpga_0 rise edge)
                                                      0.000     0.000 r  <hidden>
    PS7_X0Y0             PS7                          0.000     0.000 r  vision_i/ps7/inst/PS7_i/FCLKCLK[0]
                         net (fo=1, routed)           1.088     1.088    vision_i/ps7/inst/FCLK_CLK_unbuffered[0]
    BUFGCTRL_X0Y16       BUFG (Prop_bufg_I_O)         0.091     1.179 r  vision_i/ps7/inst/buffer_fclk_clk_0.FCLK_CLK_0_BUFG/O
                         net (fo=1197, routed)        1.464     2.643    vision_i/pipe/inst/u_pipeline/u_vision/u_axi_reset/s_axi_aclk
    SLICE_X51Y90         FDCE                                         r  vision_i/pipe/inst/u_pipeline/u_vision/u_axi_reset/release_pipe_reg[0]/C





Min Delay Paths
--------------------------------------------------------------------------------------
Slack:                    inf
  Source:                 vision_i/ps7/inst/PS7_i/FCLKRESETN[0]
                            (internal pin)
  Destination:            vision_i/pipe/inst/u_pipeline/u_vision/u_axi_reset/release_pipe_reg[0]/CLR
                            (removal check against rising-edge clock clk_fpga_0  {rise@0.000ns fall@5.000ns period=10.000ns})
  Path Group:             (none)
  Path Type:              Removal (Min at Fast Process Corner)
  Data Path Delay:        1.307ns  (logic 0.045ns (3.443%)  route 1.262ns (96.557%))
  Logic Levels:           1  (LUT1=1)
  Clock Uncertainty:      0.152ns  ((TSJ^2 + TIJ^2)^1/2 + DJ) / 2 + PE
    Total System Jitter     (TSJ):    0.050ns
    Total Input Jitter      (TIJ):    0.300ns
    Discrete Jitter          (DJ):    0.000ns
    Phase Error              (PE):    0.000ns
  Timing Exception:       False Path

    Location             Delay type                Incr(ns)  Path(ns)    Netlist Resource(s)
  -------------------------------------------------------------------    -------------------
    PS7_X0Y0             PS7                          0.000     0.000 r  vision_i/ps7/inst/PS7_i/FCLKRESETN[0]
                         net (fo=6, routed)           0.974     0.974    vision_i/pipe/inst/u_pipeline/s_axi_aresetn
    SLICE_X51Y89         LUT1 (Prop_lut1_I0_O)        0.045     1.019 f  vision_i/pipe/inst/u_pipeline/release_pipe[1]_i_1/O
                         net (fo=6, routed)           0.288     1.307    vision_i/pipe/inst/u_pipeline/u_vision/u_axi_reset/release_pipe_reg[0]_0
    SLICE_X51Y90         FDCE                                         f  vision_i/pipe/inst/u_pipeline/u_vision/u_axi_reset/release_pipe_reg[0]/CLR
  -------------------------------------------------------------------    -------------------

                         (clock clk_fpga_0 rise edge)
                                                      0.000     0.000 r  <hidden>
    PS7_X0Y0             PS7                          0.000     0.000 r  vision_i/ps7/inst/PS7_i/FCLKCLK[0]
                         net (fo=1, routed)           0.337     0.337    vision_i/ps7/inst/FCLK_CLK_unbuffered[0]
    BUFGCTRL_X0Y16       BUFG (Prop_bufg_I_O)         0.029     0.366 r  vision_i/ps7/inst/buffer_fclk_clk_0.FCLK_CLK_0_BUFG/O
                         net (fo=1197, routed)        0.819     1.185    vision_i/pipe/inst/u_pipeline/u_vision/u_axi_reset/s_axi_aclk
    SLICE_X51Y90         FDCE                                         r  vision_i/pipe/inst/u_pipeline/u_vision/u_axi_reset/release_pipe_reg[0]/C





--------------------------------------------------------------------------------------
Path Group:  (none)
From Clock:  PixelClk_int
  To Clock:  clk_fpga_0

Max Delay             1 Endpoint
Min Delay             1 Endpoint
--------------------------------------------------------------------------------------


Max Delay Paths
--------------------------------------------------------------------------------------
Slack:                    inf
  Source:                 vision_i/pipe/inst/u_pipeline/u_vision/u_config/acknowledge_reg/C
                            (rising edge-triggered cell FDCE clocked by PixelClk_int  {rise@0.000ns fall@5.387ns period=13.468ns})
  Destination:            vision_i/pipe/inst/u_pipeline/u_vision/u_config/ack_meta_reg/D
                            (rising edge-triggered cell FDCE clocked by clk_fpga_0  {rise@0.000ns fall@5.000ns period=10.000ns})
  Path Group:             (none)
  Path Type:              Setup (Max at Slow Process Corner)
  Data Path Delay:        0.958ns  (logic 0.518ns (54.062%)  route 0.440ns (45.938%))
  Logic Levels:           0  
  Clock Path Skew:        -4.438ns (DCD - SCD + CPR)
    Destination Clock Delay (DCD):    2.656ns
    Source Clock Delay      (SCD):    7.094ns
    Clock Pessimism Removal (CPR):    0.000ns
  Clock Uncertainty:      0.291ns  ((TSJ^2 + TIJ^2 + DJ^2)^1/2) / 2 + PE
    Total System Jitter     (TSJ):    0.071ns
    Total Input Jitter      (TIJ):    0.300ns
    Discrete Jitter          (DJ):    0.126ns
    Phase Error              (PE):    0.125ns
  Timing Exception:       False Path

    Location             Delay type                Incr(ns)  Path(ns)    Netlist Resource(s)
  -------------------------------------------------------------------    -------------------
                         (clock PixelClk_int rise edge)
                                                      0.000     0.000 r  <hidden>
    N18                                               0.000     0.000 r  hdmi_in_clk_p
                         net (fo=0)                   0.000     0.000    vision_i/rx/U0/TMDS_ClockingX/TMDS_Clk_p
    N18                  IBUFDS (Prop_ibufds_I_O)     0.930     0.930 r  vision_i/rx/U0/TMDS_ClockingX/InputBuffer/O
                         net (fo=1, routed)           1.285     2.215    vision_i/rx/U0/TMDS_ClockingX/CLK_IN_hdmi_clk
    MMCME2_ADV_X1Y1      MMCME2_ADV (Prop_mmcme2_adv_CLKIN1_CLKOUT0)
                                                      0.089     2.304 r  vision_i/rx/U0/TMDS_ClockingX/DVI_ClkGenerator/CLKOUT0
                         net (fo=2, routed)           1.063     3.367    vision_i/rx/U0/TMDS_ClockingX/CLK_OUT_5x_hdmi_clk
    BUFR_X1Y5            BUFR (Prop_bufr_I_O)         1.031     4.398 r  vision_i/rx/U0/TMDS_ClockingX/PixelClkBuffer/O
                         net (fo=367, routed)         0.945     5.343    vision_i/rx/U0/GenerateBUFG.ResyncToBUFG_X/InstBUFG_0
    BUFGCTRL_X0Y18       BUFG (Prop_bufg_I_O)         0.101     5.444 r  vision_i/rx/U0/GenerateBUFG.ResyncToBUFG_X/InstBUFG/O
                         net (fo=3865, routed)        1.650     7.094    vision_i/pipe/inst/u_pipeline/u_vision/u_config/pclk
    SLICE_X46Y91         FDCE                                         r  vision_i/pipe/inst/u_pipeline/u_vision/u_config/acknowledge_reg/C
  -------------------------------------------------------------------    -------------------
    SLICE_X46Y91         FDCE (Prop_fdce_C_Q)         0.518     7.612 r  vision_i/pipe/inst/u_pipeline/u_vision/u_config/acknowledge_reg/Q
                         net (fo=2, routed)           0.440     8.052    vision_i/pipe/inst/u_pipeline/u_vision/u_config/acknowledge
    SLICE_X45Y91         FDCE                                         r  vision_i/pipe/inst/u_pipeline/u_vision/u_config/ack_meta_reg/D
  -------------------------------------------------------------------    -------------------

                         (clock clk_fpga_0 rise edge)
                                                      0.000     0.000 r  <hidden>
    PS7_X0Y0             PS7                          0.000     0.000 r  vision_i/ps7/inst/PS7_i/FCLKCLK[0]
                         net (fo=1, routed)           1.088     1.088    vision_i/ps7/inst/FCLK_CLK_unbuffered[0]
    BUFGCTRL_X0Y16       BUFG (Prop_bufg_I_O)         0.091     1.179 r  vision_i/ps7/inst/buffer_fclk_clk_0.FCLK_CLK_0_BUFG/O
                         net (fo=1197, routed)        1.477     2.656    vision_i/pipe/inst/u_pipeline/u_vision/u_config/s_axi_aclk
    SLICE_X45Y91         FDCE                                         r  vision_i/pipe/inst/u_pipeline/u_vision/u_config/ack_meta_reg/C





Min Delay Paths
--------------------------------------------------------------------------------------
Slack:                    inf
  Source:                 vision_i/pipe/inst/u_pipeline/u_vision/u_config/acknowledge_reg/C
                            (rising edge-triggered cell FDCE clocked by PixelClk_int  {rise@0.000ns fall@5.387ns period=13.468ns})
  Destination:            vision_i/pipe/inst/u_pipeline/u_vision/u_config/ack_meta_reg/D
                            (rising edge-triggered cell FDCE clocked by clk_fpga_0  {rise@0.000ns fall@5.000ns period=10.000ns})
  Path Group:             (none)
  Path Type:              Hold (Min at Fast Process Corner)
  Data Path Delay:        0.324ns  (logic 0.164ns (50.593%)  route 0.160ns (49.407%))
  Logic Levels:           0  
  Clock Path Skew:        -1.261ns (DCD - SCD - CPR)
    Destination Clock Delay (DCD):    1.189ns
    Source Clock Delay      (SCD):    2.450ns
    Clock Pessimism Removal (CPR):    -0.000ns
  Clock Uncertainty:      0.291ns  ((TSJ^2 + TIJ^2 + DJ^2)^1/2) / 2 + PE
    Total System Jitter     (TSJ):    0.071ns
    Total Input Jitter      (TIJ):    0.300ns
    Discrete Jitter          (DJ):    0.126ns
    Phase Error              (PE):    0.125ns
  Timing Exception:       False Path

    Location             Delay type                Incr(ns)  Path(ns)    Netlist Resource(s)
  -------------------------------------------------------------------    -------------------
                         (clock PixelClk_int rise edge)
                                                      0.000     0.000 r  <hidden>
    N18                                               0.000     0.000 r  hdmi_in_clk_p
                         net (fo=0)                   0.000     0.000    vision_i/rx/U0/TMDS_ClockingX/TMDS_Clk_p
    N18                  IBUFDS (Prop_ibufds_I_O)     0.451     0.451 r  vision_i/rx/U0/TMDS_ClockingX/InputBuffer/O
                         net (fo=1, routed)           0.440     0.891    vision_i/rx/U0/TMDS_ClockingX/CLK_IN_hdmi_clk
    MMCME2_ADV_X1Y1      MMCME2_ADV (Prop_mmcme2_adv_CLKIN1_CLKOUT0)
                                                      0.051     0.942 r  vision_i/rx/U0/TMDS_ClockingX/DVI_ClkGenerator/CLKOUT0
                         net (fo=2, routed)           0.363     1.305    vision_i/rx/U0/TMDS_ClockingX/CLK_OUT_5x_hdmi_clk
    BUFR_X1Y5            BUFR (Prop_bufr_I_O)         0.270     1.575 r  vision_i/rx/U0/TMDS_ClockingX/PixelClkBuffer/O
                         net (fo=367, routed)         0.294     1.869    vision_i/rx/U0/GenerateBUFG.ResyncToBUFG_X/InstBUFG_0
    BUFGCTRL_X0Y18       BUFG (Prop_bufg_I_O)         0.026     1.895 r  vision_i/rx/U0/GenerateBUFG.ResyncToBUFG_X/InstBUFG/O
                         net (fo=3865, routed)        0.555     2.450    vision_i/pipe/inst/u_pipeline/u_vision/u_config/pclk
    SLICE_X46Y91         FDCE                                         r  vision_i/pipe/inst/u_pipeline/u_vision/u_config/acknowledge_reg/C
  -------------------------------------------------------------------    -------------------
    SLICE_X46Y91         FDCE (Prop_fdce_C_Q)         0.164     2.614 r  vision_i/pipe/inst/u_pipeline/u_vision/u_config/acknowledge_reg/Q
                         net (fo=2, routed)           0.160     2.774    vision_i/pipe/inst/u_pipeline/u_vision/u_config/acknowledge
    SLICE_X45Y91         FDCE                                         r  vision_i/pipe/inst/u_pipeline/u_vision/u_config/ack_meta_reg/D
  -------------------------------------------------------------------    -------------------

                         (clock clk_fpga_0 rise edge)
                                                      0.000     0.000 r  <hidden>
    PS7_X0Y0             PS7                          0.000     0.000 r  vision_i/ps7/inst/PS7_i/FCLKCLK[0]
                         net (fo=1, routed)           0.337     0.337    vision_i/ps7/inst/FCLK_CLK_unbuffered[0]
    BUFGCTRL_X0Y16       BUFG (Prop_bufg_I_O)         0.029     0.366 r  vision_i/ps7/inst/buffer_fclk_clk_0.FCLK_CLK_0_BUFG/O
                         net (fo=1197, routed)        0.823     1.189    vision_i/pipe/inst/u_pipeline/u_vision/u_config/s_axi_aclk
    SLICE_X45Y91         FDCE                                         r  vision_i/pipe/inst/u_pipeline/u_vision/u_config/ack_meta_reg/C





--------------------------------------------------------------------------------------
Path Group:  (none)
From Clock:  
  To Clock:  clk_fpga_2

Max Delay             4 Endpoints
Min Delay             4 Endpoints
--------------------------------------------------------------------------------------


Max Delay Paths
--------------------------------------------------------------------------------------
Slack:                    inf
  Source:                 vision_i/ps7/inst/PS7_i/FCLKRESETN[0]
                            (internal pin)
  Destination:            vision_i/rx/U0/TMDS_ClockingX/LockLostReset/SyncAsyncx/oSyncStages_reg[0]/PRE
                            (recovery check against rising-edge clock clk_fpga_2  {rise@0.000ns fall@2.500ns period=5.000ns})
  Path Group:             (none)
  Path Type:              Recovery (Max at Slow Process Corner)
  Data Path Delay:        3.775ns  (logic 0.153ns (4.053%)  route 3.622ns (95.947%))
  Logic Levels:           1  (LUT1=1)
  Clock Uncertainty:      0.079ns  ((TSJ^2 + TIJ^2)^1/2 + DJ) / 2 + PE
    Total System Jitter     (TSJ):    0.050ns
    Total Input Jitter      (TIJ):    0.150ns
    Discrete Jitter          (DJ):    0.000ns
    Phase Error              (PE):    0.000ns
  Timing Exception:       False Path

    Location             Delay type                Incr(ns)  Path(ns)    Netlist Resource(s)
  -------------------------------------------------------------------    -------------------
    PS7_X0Y0             PS7                          0.000     0.000 r  vision_i/ps7/inst/PS7_i/FCLKRESETN[0]
                         net (fo=6, routed)           3.043     3.043    vision_i/rx/U0/TMDS_ClockingX/LockLostReset/aRst_n
    SLICE_X85Y79         LUT1 (Prop_lut1_I0_O)        0.153     3.196 f  vision_i/rx/U0/TMDS_ClockingX/LockLostReset/aRst_int_inferred_i_1__1/O
                         net (fo=2, routed)           0.580     3.775    vision_i/rx/U0/TMDS_ClockingX/LockLostReset/SyncAsyncx/AS[0]
    SLICE_X85Y78         FDPE                                         f  vision_i/rx/U0/TMDS_ClockingX/LockLostReset/SyncAsyncx/oSyncStages_reg[0]/PRE
  -------------------------------------------------------------------    -------------------

                         (clock clk_fpga_2 rise edge)
                                                      0.000     0.000 r  <hidden>
    PS7_X0Y0             PS7                          0.000     0.000 r  vision_i/ps7/inst/PS7_i/FCLKCLK[2]
                         net (fo=1, routed)           1.088     1.088    vision_i/ps7/inst/FCLK_CLK_unbuffered[2]
    BUFGCTRL_X0Y17       BUFG (Prop_bufg_I_O)         0.091     1.179 r  vision_i/ps7/inst/buffer_fclk_clk_2.FCLK_CLK_2_BUFG/O
                         net (fo=158, routed)         1.534     2.713    vision_i/rx/U0/TMDS_ClockingX/LockLostReset/SyncAsyncx/RefClk
    SLICE_X85Y78         FDPE                                         r  vision_i/rx/U0/TMDS_ClockingX/LockLostReset/SyncAsyncx/oSyncStages_reg[0]/C





Min Delay Paths
--------------------------------------------------------------------------------------
Slack:                    inf
  Source:                 vision_i/rx/U0/TMDS_ClockingX/IDelayCtrlX/RDY
                            (internal pin)
  Destination:            vision_i/rx/U0/TMDS_ClockingX/RdyLostReset/SyncAsyncx/oSyncStages_reg[0]/PRE
                            (removal check against rising-edge clock clk_fpga_2  {rise@0.000ns fall@2.500ns period=5.000ns})
  Path Group:             (none)
  Path Type:              Removal (Min at Fast Process Corner)
  Data Path Delay:        0.605ns  (logic 0.045ns (7.434%)  route 0.560ns (92.566%))
  Logic Levels:           1  (LUT1=1)
  Clock Uncertainty:      0.079ns  ((TSJ^2 + TIJ^2)^1/2 + DJ) / 2 + PE
    Total System Jitter     (TSJ):    0.050ns
    Total Input Jitter      (TIJ):    0.150ns
    Discrete Jitter          (DJ):    0.000ns
    Phase Error              (PE):    0.000ns
  Timing Exception:       False Path

    Location             Delay type                Incr(ns)  Path(ns)    Netlist Resource(s)
  -------------------------------------------------------------------    -------------------
    IDELAYCTRL_X1Y1      IDELAYCTRL                   0.000     0.000 r  vision_i/rx/U0/TMDS_ClockingX/IDelayCtrlX/RDY
                         net (fo=1, routed)           0.387     0.387    vision_i/rx/U0/TMDS_ClockingX/RdyLostReset/aDlyLckd
    SLICE_X112Y79        LUT1 (Prop_lut1_I0_O)        0.045     0.432 f  vision_i/rx/U0/TMDS_ClockingX/RdyLostReset/aRst_int_inferred_i_1/O
                         net (fo=2, routed)           0.174     0.605    vision_i/rx/U0/TMDS_ClockingX/RdyLostReset/SyncAsyncx/AS[0]
    SLICE_X112Y79        FDPE                                         f  vision_i/rx/U0/TMDS_ClockingX/RdyLostReset/SyncAsyncx/oSyncStages_reg[0]/PRE
  -------------------------------------------------------------------    -------------------

                         (clock clk_fpga_2 rise edge)
                                                      0.000     0.000 r  <hidden>
    PS7_X0Y0             PS7                          0.000     0.000 r  vision_i/ps7/inst/PS7_i/FCLKCLK[2]
                         net (fo=1, routed)           0.337     0.337    vision_i/ps7/inst/FCLK_CLK_unbuffered[2]
    BUFGCTRL_X0Y17       BUFG (Prop_bufg_I_O)         0.029     0.366 r  vision_i/ps7/inst/buffer_fclk_clk_2.FCLK_CLK_2_BUFG/O
                         net (fo=158, routed)         0.897     1.263    vision_i/rx/U0/TMDS_ClockingX/RdyLostReset/SyncAsyncx/RefClk
    SLICE_X112Y79        FDPE                                         r  vision_i/rx/U0/TMDS_ClockingX/RdyLostReset/SyncAsyncx/oSyncStages_reg[0]/C





--------------------------------------------------------------------------------------
Path Group:  (none)
From Clock:  PixelClk_int
  To Clock:  clk_fpga_2

Max Delay            12 Endpoints
Min Delay            12 Endpoints
--------------------------------------------------------------------------------------


Max Delay Paths
--------------------------------------------------------------------------------------
Slack:                    inf
  Source:                 vision_i/rx/U0/LockLostReset/SyncAsyncx/oSyncStages_reg[1]/C
                            (rising edge-triggered cell FDPE clocked by PixelClk_int  {rise@0.000ns fall@5.387ns period=13.468ns})
  Destination:            vision_i/rx/U0/DataDecoders[0].DecoderX/SyncBaseRst/SyncAsyncx/oSyncStages_reg[0]/PRE
                            (recovery check against rising-edge clock clk_fpga_2  {rise@0.000ns fall@2.500ns period=5.000ns})
  Path Group:             (none)
  Path Type:              Recovery (Max at Slow Process Corner)
  Data Path Delay:        2.785ns  (logic 0.419ns (15.047%)  route 2.366ns (84.952%))
  Logic Levels:           0  
  Clock Path Skew:        -2.346ns (DCD - SCD + CPR)
    Destination Clock Delay (DCD):    2.858ns
    Source Clock Delay      (SCD):    5.204ns
    Clock Pessimism Removal (CPR):    0.000ns
  Clock Uncertainty:      0.229ns  ((TSJ^2 + TIJ^2 + DJ^2)^1/2) / 2 + PE
    Total System Jitter     (TSJ):    0.071ns
    Total Input Jitter      (TIJ):    0.150ns
    Discrete Jitter          (DJ):    0.126ns
    Phase Error              (PE):    0.125ns
  Timing Exception:       False Path

    Location             Delay type                Incr(ns)  Path(ns)    Netlist Resource(s)
  -------------------------------------------------------------------    -------------------
                         (clock PixelClk_int rise edge)
                                                      0.000     0.000 r  <hidden>
    N18                                               0.000     0.000 r  hdmi_in_clk_p
                         net (fo=0)                   0.000     0.000    vision_i/rx/U0/TMDS_ClockingX/TMDS_Clk_p
    N18                  IBUFDS (Prop_ibufds_I_O)     0.930     0.930 r  vision_i/rx/U0/TMDS_ClockingX/InputBuffer/O
                         net (fo=1, routed)           1.285     2.215    vision_i/rx/U0/TMDS_ClockingX/CLK_IN_hdmi_clk
    MMCME2_ADV_X1Y1      MMCME2_ADV (Prop_mmcme2_adv_CLKIN1_CLKOUT0)
                                                      0.089     2.304 r  vision_i/rx/U0/TMDS_ClockingX/DVI_ClkGenerator/CLKOUT0
                         net (fo=2, routed)           1.063     3.367    vision_i/rx/U0/TMDS_ClockingX/CLK_OUT_5x_hdmi_clk
    BUFR_X1Y5            BUFR (Prop_bufr_I_O)         1.031     4.398 r  vision_i/rx/U0/TMDS_ClockingX/PixelClkBuffer/O
                         net (fo=367, routed)         0.806     5.204    vision_i/rx/U0/LockLostReset/SyncAsyncx/oSyncStages_reg[1]_0
    SLICE_X110Y77        FDPE                                         r  vision_i/rx/U0/LockLostReset/SyncAsyncx/oSyncStages_reg[1]/C
  -------------------------------------------------------------------    -------------------
    SLICE_X110Y77        FDPE (Prop_fdpe_C_Q)         0.419     5.623 f  vision_i/rx/U0/LockLostReset/SyncAsyncx/oSyncStages_reg[1]/Q
                         net (fo=27, routed)          2.366     7.989    vision_i/rx/U0/DataDecoders[0].DecoderX/SyncBaseRst/SyncAsyncx/AS[0]
    SLICE_X107Y62        FDPE                                         f  vision_i/rx/U0/DataDecoders[0].DecoderX/SyncBaseRst/SyncAsyncx/oSyncStages_reg[0]/PRE
  -------------------------------------------------------------------    -------------------

                         (clock clk_fpga_2 rise edge)
                                                      0.000     0.000 r  <hidden>
    PS7_X0Y0             PS7                          0.000     0.000 r  vision_i/ps7/inst/PS7_i/FCLKCLK[2]
                         net (fo=1, routed)           1.088     1.088    vision_i/ps7/inst/FCLK_CLK_unbuffered[2]
    BUFGCTRL_X0Y17       BUFG (Prop_bufg_I_O)         0.091     1.179 r  vision_i/ps7/inst/buffer_fclk_clk_2.FCLK_CLK_2_BUFG/O
                         net (fo=158, routed)         1.679     2.858    vision_i/rx/U0/DataDecoders[0].DecoderX/SyncBaseRst/SyncAsyncx/RefClk
    SLICE_X107Y62        FDPE                                         r  vision_i/rx/U0/DataDecoders[0].DecoderX/SyncBaseRst/SyncAsyncx/oSyncStages_reg[0]/C





Min Delay Paths
--------------------------------------------------------------------------------------
Slack:                    inf
  Source:                 vision_i/rx/U0/DataDecoders[0].DecoderX/SyncBaseRst/iIn_q_reg/C
                            (rising edge-triggered cell FDPE clocked by PixelClk_int  {rise@0.000ns fall@5.387ns period=13.468ns})
  Destination:            vision_i/rx/U0/DataDecoders[0].DecoderX/SyncBaseRst/SyncAsyncx/oSyncStages_reg[0]/D
                            (rising edge-triggered cell FDPE clocked by clk_fpga_2  {rise@0.000ns fall@2.500ns period=5.000ns})
  Path Group:             (none)
  Path Type:              Hold (Min at Fast Process Corner)
  Data Path Delay:        0.281ns  (logic 0.128ns (45.584%)  route 0.153ns (54.416%))
  Logic Levels:           0  
  Clock Path Skew:        -0.567ns (DCD - SCD - CPR)
    Destination Clock Delay (DCD):    1.267ns
    Source Clock Delay      (SCD):    1.834ns
    Clock Pessimism Removal (CPR):    -0.000ns
  Clock Uncertainty:      0.229ns  ((TSJ^2 + TIJ^2 + DJ^2)^1/2) / 2 + PE
    Total System Jitter     (TSJ):    0.071ns
    Total Input Jitter      (TIJ):    0.150ns
    Discrete Jitter          (DJ):    0.126ns
    Phase Error              (PE):    0.125ns
  Timing Exception:       False Path

    Location             Delay type                Incr(ns)  Path(ns)    Netlist Resource(s)
  -------------------------------------------------------------------    -------------------
                         (clock PixelClk_int rise edge)
                                                      0.000     0.000 r  <hidden>
    N18                                               0.000     0.000 r  hdmi_in_clk_p
                         net (fo=0)                   0.000     0.000    vision_i/rx/U0/TMDS_ClockingX/TMDS_Clk_p
    N18                  IBUFDS (Prop_ibufds_I_O)     0.451     0.451 r  vision_i/rx/U0/TMDS_ClockingX/InputBuffer/O
                         net (fo=1, routed)           0.440     0.891    vision_i/rx/U0/TMDS_ClockingX/CLK_IN_hdmi_clk
    MMCME2_ADV_X1Y1      MMCME2_ADV (Prop_mmcme2_adv_CLKIN1_CLKOUT0)
                                                      0.051     0.942 r  vision_i/rx/U0/TMDS_ClockingX/DVI_ClkGenerator/CLKOUT0
                         net (fo=2, routed)           0.363     1.305    vision_i/rx/U0/TMDS_ClockingX/CLK_OUT_5x_hdmi_clk
    BUFR_X1Y5            BUFR (Prop_bufr_I_O)         0.270     1.575 r  vision_i/rx/U0/TMDS_ClockingX/PixelClkBuffer/O
                         net (fo=367, routed)         0.259     1.834    vision_i/rx/U0/DataDecoders[0].DecoderX/SyncBaseRst/CLK
    SLICE_X109Y63        FDPE                                         r  vision_i/rx/U0/DataDecoders[0].DecoderX/SyncBaseRst/iIn_q_reg/C
  -------------------------------------------------------------------    -------------------
    SLICE_X109Y63        FDPE (Prop_fdpe_C_Q)         0.128     1.962 r  vision_i/rx/U0/DataDecoders[0].DecoderX/SyncBaseRst/iIn_q_reg/Q
                         net (fo=1, routed)           0.153     2.115    vision_i/rx/U0/DataDecoders[0].DecoderX/SyncBaseRst/SyncAsyncx/D[0]
    SLICE_X107Y62        FDPE                                         r  vision_i/rx/U0/DataDecoders[0].DecoderX/SyncBaseRst/SyncAsyncx/oSyncStages_reg[0]/D
  -------------------------------------------------------------------    -------------------

                         (clock clk_fpga_2 rise edge)
                                                      0.000     0.000 r  <hidden>
    PS7_X0Y0             PS7                          0.000     0.000 r  vision_i/ps7/inst/PS7_i/FCLKCLK[2]
                         net (fo=1, routed)           0.337     0.337    vision_i/ps7/inst/FCLK_CLK_unbuffered[2]
    BUFGCTRL_X0Y17       BUFG (Prop_bufg_I_O)         0.029     0.366 r  vision_i/ps7/inst/buffer_fclk_clk_2.FCLK_CLK_2_BUFG/O
                         net (fo=158, routed)         0.901     1.267    vision_i/rx/U0/DataDecoders[0].DecoderX/SyncBaseRst/SyncAsyncx/RefClk
    SLICE_X107Y62        FDPE                                         r  vision_i/rx/U0/DataDecoders[0].DecoderX/SyncBaseRst/SyncAsyncx/oSyncStages_reg[0]/C





--------------------------------------------------------------------------------------
Path Group:  (none)
From Clock:  PixelClk_int
  To Clock:  dbg_hub/inst/BSCANID.u_xsdbm_id/SWITCH_N_EXT_BSCAN.bscan_inst/SERIES7_BSCAN.bscan_inst/TCK

Max Delay            94 Endpoints
Min Delay           102 Endpoints
--------------------------------------------------------------------------------------


Max Delay Paths
--------------------------------------------------------------------------------------
Slack:                    inf
  Source:                 dbg_hub/inst/BSCANID.u_xsdbm_id/CORE_XSDB.UUT_MASTER/U_ICON_INTERFACE/U_CMD1/ctl_reg_reg[0]/C
                            (rising edge-triggered cell FDRE clocked by PixelClk_int  {rise@0.000ns fall@5.387ns period=13.468ns})
  Destination:            dbg_hub/inst/BSCANID.u_xsdbm_id/CORE_XSDB.UUT_MASTER/U_ICON_INTERFACE/U_CMD7_CTL/shift_reg_in_reg[0]/R
                            (rising edge-triggered cell FDRE clocked by dbg_hub/inst/BSCANID.u_xsdbm_id/SWITCH_N_EXT_BSCAN.bscan_inst/SERIES7_BSCAN.bscan_inst/TCK  {rise@0.000ns fall@16.500ns period=33.000ns})
  Path Group:             (none)
  Path Type:              Setup (Max at Slow Process Corner)
  Data Path Delay:        2.339ns  (logic 0.518ns (22.146%)  route 1.821ns (77.854%))
  Logic Levels:           0  
  Clock Path Skew:        -3.536ns (DCD - SCD + CPR)
    Destination Clock Delay (DCD):    3.798ns
    Source Clock Delay      (SCD):    7.334ns
    Clock Pessimism Removal (CPR):    0.000ns
  Clock Uncertainty:      0.197ns  ((TSJ^2 + DJ^2)^1/2) / 2 + PE
    Total System Jitter     (TSJ):    0.071ns
    Discrete Jitter          (DJ):    0.126ns
    Phase Error              (PE):    0.125ns
  Timing Exception:       False Path

    Location             Delay type                Incr(ns)  Path(ns)    Netlist Resource(s)
  -------------------------------------------------------------------    -------------------
                         (clock PixelClk_int rise edge)
                                                      0.000     0.000 r  <hidden>
    N18                                               0.000     0.000 r  hdmi_in_clk_p
                         net (fo=0)                   0.000     0.000    vision_i/rx/U0/TMDS_ClockingX/TMDS_Clk_p
    N18                  IBUFDS (Prop_ibufds_I_O)     0.930     0.930 r  vision_i/rx/U0/TMDS_ClockingX/InputBuffer/O
                         net (fo=1, routed)           1.285     2.215    vision_i/rx/U0/TMDS_ClockingX/CLK_IN_hdmi_clk
    MMCME2_ADV_X1Y1      MMCME2_ADV (Prop_mmcme2_adv_CLKIN1_CLKOUT0)
                                                      0.089     2.304 r  vision_i/rx/U0/TMDS_ClockingX/DVI_ClkGenerator/CLKOUT0
                         net (fo=2, routed)           1.063     3.367    vision_i/rx/U0/TMDS_ClockingX/CLK_OUT_5x_hdmi_clk
    BUFR_X1Y5            BUFR (Prop_bufr_I_O)         1.031     4.398 r  vision_i/rx/U0/TMDS_ClockingX/PixelClkBuffer/O
                         net (fo=367, routed)         0.945     5.343    vision_i/rx/U0/GenerateBUFG.ResyncToBUFG_X/InstBUFG_0
    BUFGCTRL_X0Y18       BUFG (Prop_bufg_I_O)         0.101     5.444 r  vision_i/rx/U0/GenerateBUFG.ResyncToBUFG_X/InstBUFG/O
                         net (fo=3865, routed)        1.890     7.334    dbg_hub/inst/BSCANID.u_xsdbm_id/CORE_XSDB.UUT_MASTER/U_ICON_INTERFACE/U_CMD1/clk
    SLICE_X54Y120        FDRE                                         r  dbg_hub/inst/BSCANID.u_xsdbm_id/CORE_XSDB.UUT_MASTER/U_ICON_INTERFACE/U_CMD1/ctl_reg_reg[0]/C
  -------------------------------------------------------------------    -------------------
    SLICE_X54Y120        FDRE (Prop_fdre_C_Q)         0.518     7.852 r  dbg_hub/inst/BSCANID.u_xsdbm_id/CORE_XSDB.UUT_MASTER/U_ICON_INTERFACE/U_CMD1/ctl_reg_reg[0]/Q
                         net (fo=176, routed)         1.821     9.673    dbg_hub/inst/BSCANID.u_xsdbm_id/CORE_XSDB.UUT_MASTER/U_ICON_INTERFACE/U_CMD7_CTL/out
    SLICE_X65Y113        FDRE                                         r  dbg_hub/inst/BSCANID.u_xsdbm_id/CORE_XSDB.UUT_MASTER/U_ICON_INTERFACE/U_CMD7_CTL/shift_reg_in_reg[0]/R
  -------------------------------------------------------------------    -------------------

                         (clock dbg_hub/inst/BSCANID.u_xsdbm_id/SWITCH_N_EXT_BSCAN.bscan_inst/SERIES7_BSCAN.bscan_inst/TCK rise edge)
                                                      0.000     0.000 r  <hidden>
    BSCAN_X0Y0           BSCANE2                      0.000     0.000 r  dbg_hub/inst/BSCANID.u_xsdbm_id/SWITCH_N_EXT_BSCAN.bscan_inst/SERIES7_BSCAN.bscan_inst/TCK
                         net (fo=1, routed)           1.994     1.994    dbg_hub/inst/BSCANID.u_xsdbm_id/tck_bs
    BUFGCTRL_X0Y0        BUFG (Prop_bufg_I_O)         0.091     2.085 r  dbg_hub/inst/BSCANID.u_xsdbm_id/SWITCH_N_EXT_BSCAN.u_bufg_icon_tck/O
                         net (fo=482, routed)         1.713     3.798    dbg_hub/inst/BSCANID.u_xsdbm_id/CORE_XSDB.UUT_MASTER/U_ICON_INTERFACE/U_CMD7_CTL/m_bscan_tck[0]
    SLICE_X65Y113        FDRE                                         r  dbg_hub/inst/BSCANID.u_xsdbm_id/CORE_XSDB.UUT_MASTER/U_ICON_INTERFACE/U_CMD7_CTL/shift_reg_in_reg[0]/C





Min Delay Paths
--------------------------------------------------------------------------------------
Slack:                    inf
  Source:                 dbg_hub/inst/BSCANID.u_xsdbm_id/CORE_XSDB.UUT_MASTER/U_ICON_INTERFACE/U_CMD2/stat_reg_reg[0]/C
                            (rising edge-triggered cell FDRE clocked by PixelClk_int  {rise@0.000ns fall@5.387ns period=13.468ns})
  Destination:            dbg_hub/inst/BSCANID.u_xsdbm_id/CORE_XSDB.UUT_MASTER/U_ICON_INTERFACE/U_CMD2/stat_reg_1_reg[0]/D
                            (rising edge-triggered cell FDRE clocked by dbg_hub/inst/BSCANID.u_xsdbm_id/SWITCH_N_EXT_BSCAN.bscan_inst/SERIES7_BSCAN.bscan_inst/TCK  {rise@0.000ns fall@16.500ns period=33.000ns})
  Path Group:             (none)
  Path Type:              Hold (Min at Fast Process Corner)
  Data Path Delay:        0.247ns  (logic 0.128ns (51.722%)  route 0.119ns (48.278%))
  Logic Levels:           0  
  Clock Path Skew:        -0.438ns (DCD - SCD - CPR)
    Destination Clock Delay (DCD):    2.082ns
    Source Clock Delay      (SCD):    2.520ns
    Clock Pessimism Removal (CPR):    -0.000ns
  Clock Uncertainty:      0.197ns  ((TSJ^2 + DJ^2)^1/2) / 2 + PE
    Total System Jitter     (TSJ):    0.071ns
    Discrete Jitter          (DJ):    0.126ns
    Phase Error              (PE):    0.125ns
  Timing Exception:       False Path

    Location             Delay type                Incr(ns)  Path(ns)    Netlist Resource(s)
  -------------------------------------------------------------------    -------------------
                         (clock PixelClk_int rise edge)
                                                      0.000     0.000 r  <hidden>
    N18                                               0.000     0.000 r  hdmi_in_clk_p
                         net (fo=0)                   0.000     0.000    vision_i/rx/U0/TMDS_ClockingX/TMDS_Clk_p
    N18                  IBUFDS (Prop_ibufds_I_O)     0.451     0.451 r  vision_i/rx/U0/TMDS_ClockingX/InputBuffer/O
                         net (fo=1, routed)           0.440     0.891    vision_i/rx/U0/TMDS_ClockingX/CLK_IN_hdmi_clk
    MMCME2_ADV_X1Y1      MMCME2_ADV (Prop_mmcme2_adv_CLKIN1_CLKOUT0)
                                                      0.051     0.942 r  vision_i/rx/U0/TMDS_ClockingX/DVI_ClkGenerator/CLKOUT0
                         net (fo=2, routed)           0.363     1.305    vision_i/rx/U0/TMDS_ClockingX/CLK_OUT_5x_hdmi_clk
    BUFR_X1Y5            BUFR (Prop_bufr_I_O)         0.270     1.575 r  vision_i/rx/U0/TMDS_ClockingX/PixelClkBuffer/O
                         net (fo=367, routed)         0.294     1.869    vision_i/rx/U0/GenerateBUFG.ResyncToBUFG_X/InstBUFG_0
    BUFGCTRL_X0Y18       BUFG (Prop_bufg_I_O)         0.026     1.895 r  vision_i/rx/U0/GenerateBUFG.ResyncToBUFG_X/InstBUFG/O
                         net (fo=3865, routed)        0.624     2.520    dbg_hub/inst/BSCANID.u_xsdbm_id/CORE_XSDB.UUT_MASTER/U_ICON_INTERFACE/U_CMD2/clk
    SLICE_X52Y122        FDRE                                         r  dbg_hub/inst/BSCANID.u_xsdbm_id/CORE_XSDB.UUT_MASTER/U_ICON_INTERFACE/U_CMD2/stat_reg_reg[0]/C
  -------------------------------------------------------------------    -------------------
    SLICE_X52Y122        FDRE (Prop_fdre_C_Q)         0.128     2.648 r  dbg_hub/inst/BSCANID.u_xsdbm_id/CORE_XSDB.UUT_MASTER/U_ICON_INTERFACE/U_CMD2/stat_reg_reg[0]/Q
                         net (fo=1, routed)           0.119     2.767    dbg_hub/inst/BSCANID.u_xsdbm_id/CORE_XSDB.UUT_MASTER/U_ICON_INTERFACE/U_CMD2/stat_reg[0]
    SLICE_X52Y123        FDRE                                         r  dbg_hub/inst/BSCANID.u_xsdbm_id/CORE_XSDB.UUT_MASTER/U_ICON_INTERFACE/U_CMD2/stat_reg_1_reg[0]/D
  -------------------------------------------------------------------    -------------------

                         (clock dbg_hub/inst/BSCANID.u_xsdbm_id/SWITCH_N_EXT_BSCAN.bscan_inst/SERIES7_BSCAN.bscan_inst/TCK rise edge)
                                                      0.000     0.000 r  <hidden>
    BSCAN_X0Y0           BSCANE2                      0.000     0.000 r  dbg_hub/inst/BSCANID.u_xsdbm_id/SWITCH_N_EXT_BSCAN.bscan_inst/SERIES7_BSCAN.bscan_inst/TCK
                         net (fo=1, routed)           1.160     1.160    dbg_hub/inst/BSCANID.u_xsdbm_id/tck_bs
    BUFGCTRL_X0Y0        BUFG (Prop_bufg_I_O)         0.029     1.189 r  dbg_hub/inst/BSCANID.u_xsdbm_id/SWITCH_N_EXT_BSCAN.u_bufg_icon_tck/O
                         net (fo=482, routed)         0.893     2.082    dbg_hub/inst/BSCANID.u_xsdbm_id/CORE_XSDB.UUT_MASTER/U_ICON_INTERFACE/U_CMD2/m_bscan_tck[0]
    SLICE_X52Y123        FDRE                                         r  dbg_hub/inst/BSCANID.u_xsdbm_id/CORE_XSDB.UUT_MASTER/U_ICON_INTERFACE/U_CMD2/stat_reg_1_reg[0]/C





--------------------------------------------------------------------------------------
Path Group:  (none)
From Clock:  PixelClkInX5
  To Clock:  

Max Delay             8 Endpoints
Min Delay             8 Endpoints
--------------------------------------------------------------------------------------


Max Delay Paths
--------------------------------------------------------------------------------------
Slack:                    inf
  Source:                 vision_i/tx/U0/ClockSerializer/SerializerMaster/CLK
                            (rising edge-triggered cell OSERDESE2 clocked by PixelClkInX5  {rise@0.000ns fall@1.347ns period=2.694ns})
  Destination:            hdmi_out_clk_n
                            (output port)
  Path Group:             (none)
  Path Type:              Max at Slow Process Corner
  Data Path Delay:        2.420ns  (logic 2.419ns (99.959%)  route 0.001ns (0.041%))
  Logic Levels:           1  (OBUFDS=1)
  Clock Uncertainty:      0.193ns  ((TSJ^2 + DJ^2)^1/2) / 2 + PE
    Total System Jitter     (TSJ):    0.050ns
    Discrete Jitter          (DJ):    0.126ns
    Phase Error              (PE):    0.125ns

    Location             Delay type                Incr(ns)  Path(ns)    Netlist Resource(s)
  -------------------------------------------------------------------    -------------------
                         (clock PixelClkInX5 rise edge)
                                                      0.000     0.000 r  <hidden>
    N18                                               0.000     0.000 r  hdmi_in_clk_p
                         net (fo=0)                   0.000     0.000    vision_i/rx/U0/TMDS_ClockingX/TMDS_Clk_p
    N18                  IBUFDS (Prop_ibufds_I_O)     0.930     0.930 r  vision_i/rx/U0/TMDS_ClockingX/InputBuffer/O
                         net (fo=1, routed)           1.285     2.215    vision_i/rx/U0/TMDS_ClockingX/CLK_IN_hdmi_clk
    MMCME2_ADV_X1Y1      MMCME2_ADV (Prop_mmcme2_adv_CLKIN1_CLKOUT0)
                                                      0.089     2.304 r  vision_i/rx/U0/TMDS_ClockingX/DVI_ClkGenerator/CLKOUT0
                         net (fo=2, routed)           1.063     3.367    vision_i/rx/U0/TMDS_ClockingX/CLK_OUT_5x_hdmi_clk
    BUFR_X1Y5            BUFR (Prop_bufr_I_O)         1.031     4.398 r  vision_i/rx/U0/TMDS_ClockingX/PixelClkBuffer/O
                         net (fo=367, routed)         0.945     5.343    vision_i/rx/U0/GenerateBUFG.ResyncToBUFG_X/InstBUFG_0
    BUFGCTRL_X0Y18       BUFG (Prop_bufg_I_O)         0.101     5.444 r  vision_i/rx/U0/GenerateBUFG.ResyncToBUFG_X/InstBUFG/O
                         net (fo=3865, routed)        1.980     7.424    vision_i/tx/U0/ClockGenInternal.ClockGenX/PixelClk
    MMCME2_ADV_X1Y2      MMCME2_ADV (Prop_mmcme2_adv_CLKIN1_CLKOUT0)
                                                     -2.829     4.595 r  vision_i/tx/U0/ClockGenInternal.ClockGenX/GenMMCM.DVI_ClkGenerator/CLKOUT0
                         net (fo=2, routed)           0.961     5.556    vision_i/tx/U0/ClockGenInternal.ClockGenX/PixelClkInX5
    BUFIO_X1Y9           BUFIO (Prop_bufio_I_O)       1.609     7.165 r  vision_i/tx/U0/ClockGenInternal.ClockGenX/GenMMCM.SerialClkBuffer/O
                         net (fo=8, routed)           0.323     7.489    vision_i/tx/U0/ClockSerializer/SerialClk
    OLOGIC_X1Y128        OSERDESE2                                    r  vision_i/tx/U0/ClockSerializer/SerializerMaster/CLK
  -------------------------------------------------------------------    -------------------
    OLOGIC_X1Y128        OSERDESE2 (Prop_oserdese2_CLK_OQ)
                                                      0.472     7.961 r  vision_i/tx/U0/ClockSerializer/SerializerMaster/OQ
                         net (fo=1, routed)           0.001     7.962    vision_i/tx/U0/ClockSerializer/sDataOut
    L16                  OBUFDS (Prop_obufds_I_OB)    1.947     9.909 r  vision_i/tx/U0/ClockSerializer/OutputBuffer/OB
                         net (fo=0)                   0.000     9.909    hdmi_out_clk_n
    L17                                                               r  hdmi_out_clk_n
  -------------------------------------------------------------------    -------------------





Min Delay Paths
--------------------------------------------------------------------------------------
Slack:                    inf
  Source:                 vision_i/tx/U0/DataEncoders[0].DataSerializer/SerializerMaster/CLK
                            (rising edge-triggered cell OSERDESE2 clocked by PixelClkInX5  {rise@0.000ns fall@1.347ns period=2.694ns})
  Destination:            hdmi_out_data_p[0]
                            (output port)
  Path Group:             (none)
  Path Type:              Min at Fast Process Corner
  Data Path Delay:        0.984ns  (logic 0.983ns (99.898%)  route 0.001ns (0.102%))
  Logic Levels:           1  (OBUFDS=1)
  Clock Uncertainty:      0.193ns  ((TSJ^2 + DJ^2)^1/2) / 2 + PE
    Total System Jitter     (TSJ):    0.050ns
    Discrete Jitter          (DJ):    0.126ns
    Phase Error              (PE):    0.125ns

    Location             Delay type                Incr(ns)  Path(ns)    Netlist Resource(s)
  -------------------------------------------------------------------    -------------------
                         (clock PixelClkInX5 rise edge)
                                                      0.000     0.000 r  <hidden>
    N18                                               0.000     0.000 r  hdmi_in_clk_p
                         net (fo=0)                   0.000     0.000    vision_i/rx/U0/TMDS_ClockingX/TMDS_Clk_p
    N18                  IBUFDS (Prop_ibufds_I_O)     0.451     0.451 r  vision_i/rx/U0/TMDS_ClockingX/InputBuffer/O
                         net (fo=1, routed)           0.440     0.891    vision_i/rx/U0/TMDS_ClockingX/CLK_IN_hdmi_clk
    MMCME2_ADV_X1Y1      MMCME2_ADV (Prop_mmcme2_adv_CLKIN1_CLKOUT0)
                                                      0.051     0.942 r  vision_i/rx/U0/TMDS_ClockingX/DVI_ClkGenerator/CLKOUT0
                         net (fo=2, routed)           0.363     1.305    vision_i/rx/U0/TMDS_ClockingX/CLK_OUT_5x_hdmi_clk
    BUFR_X1Y5            BUFR (Prop_bufr_I_O)         0.270     1.575 r  vision_i/rx/U0/TMDS_ClockingX/PixelClkBuffer/O
                         net (fo=367, routed)         0.294     1.869    vision_i/rx/U0/GenerateBUFG.ResyncToBUFG_X/InstBUFG_0
    BUFGCTRL_X0Y18       BUFG (Prop_bufg_I_O)         0.026     1.895 r  vision_i/rx/U0/GenerateBUFG.ResyncToBUFG_X/InstBUFG/O
                         net (fo=3865, routed)        0.672     2.568    vision_i/tx/U0/ClockGenInternal.ClockGenX/PixelClk
    MMCME2_ADV_X1Y2      MMCME2_ADV (Prop_mmcme2_adv_CLKIN1_CLKOUT0)
                                                     -0.847     1.721 r  vision_i/tx/U0/ClockGenInternal.ClockGenX/GenMMCM.DVI_ClkGenerator/CLKOUT0
                         net (fo=2, routed)           0.336     2.057    vision_i/tx/U0/ClockGenInternal.ClockGenX/PixelClkInX5
    BUFIO_X1Y9           BUFIO (Prop_bufio_I_O)       0.483     2.540 r  vision_i/tx/U0/ClockGenInternal.ClockGenX/GenMMCM.SerialClkBuffer/O
                         net (fo=8, routed)           0.084     2.624    vision_i/tx/U0/DataEncoders[0].DataSerializer/SerialClk
    OLOGIC_X1Y126        OSERDESE2                                    r  vision_i/tx/U0/DataEncoders[0].DataSerializer/SerializerMaster/CLK
  -------------------------------------------------------------------    -------------------
    OLOGIC_X1Y126        OSERDESE2 (Prop_oserdese2_CLK_OQ)
                                                      0.177     2.801 r  vision_i/tx/U0/DataEncoders[0].DataSerializer/SerializerMaster/OQ
                         net (fo=1, routed)           0.001     2.802    vision_i/tx/U0/DataEncoders[0].DataSerializer/sDataOut
    K17                  OBUFDS (Prop_obufds_I_O)     0.806     3.608 r  vision_i/tx/U0/DataEncoders[0].DataSerializer/OutputBuffer/O
                         net (fo=0)                   0.000     3.608    hdmi_out_data_p[0]
    K17                                                               r  hdmi_out_data_p[0]
  -------------------------------------------------------------------    -------------------





--------------------------------------------------------------------------------------
Path Group:  (none)
From Clock:  clk_fpga_2
  To Clock:  

Max Delay             1 Endpoint
Min Delay             1 Endpoint
--------------------------------------------------------------------------------------


Max Delay Paths
--------------------------------------------------------------------------------------
Slack:                    inf
  Source:                 vision_i/rx/U0/GenerateDDC.DDC_EEPROM/I2C_SlaveController/dataByte_reg[7]/C
                            (rising edge-triggered cell FDRE clocked by clk_fpga_2  {rise@0.000ns fall@2.500ns period=5.000ns})
  Destination:            hdmi_in_ddc_sda_io
                            (output port)
  Path Group:             (none)
  Path Type:              Max at Slow Process Corner
  Data Path Delay:        7.206ns  (logic 4.370ns (60.642%)  route 2.836ns (39.358%))
  Logic Levels:           2  (LUT4=1 OBUFT=1)
  Clock Uncertainty:      0.079ns  ((TSJ^2 + TIJ^2)^1/2 + DJ) / 2 + PE
    Total System Jitter     (TSJ):    0.050ns
    Total Input Jitter      (TIJ):    0.150ns
    Discrete Jitter          (DJ):    0.000ns
    Phase Error              (PE):    0.000ns

    Location             Delay type                Incr(ns)  Path(ns)    Netlist Resource(s)
  -------------------------------------------------------------------    -------------------
                         (clock clk_fpga_2 rise edge)
                                                      0.000     0.000 r  <hidden>
    PS7_X0Y0             PS7                          0.000     0.000 r  vision_i/ps7/inst/PS7_i/FCLKCLK[2]
                         net (fo=1, routed)           1.193     1.193    vision_i/ps7/inst/FCLK_CLK_unbuffered[2]
    BUFGCTRL_X0Y17       BUFG (Prop_bufg_I_O)         0.101     1.294 r  vision_i/ps7/inst/buffer_fclk_clk_2.FCLK_CLK_2_BUFG/O
                         net (fo=158, routed)         1.858     3.152    vision_i/rx/U0/GenerateDDC.DDC_EEPROM/I2C_SlaveController/RefClk
    SLICE_X109Y85        FDRE                                         r  vision_i/rx/U0/GenerateDDC.DDC_EEPROM/I2C_SlaveController/dataByte_reg[7]/C
  -------------------------------------------------------------------    -------------------
    SLICE_X109Y85        FDRE (Prop_fdre_C_Q)         0.419     3.571 f  vision_i/rx/U0/GenerateDDC.DDC_EEPROM/I2C_SlaveController/dataByte_reg[7]/Q
                         net (fo=2, routed)           0.952     4.523    vision_i/rx/U0/GenerateDDC.DDC_EEPROM/I2C_SlaveController/sI2C_DataIn[7]
    SLICE_X110Y83        LUT4 (Prop_lut4_I0_O)        0.296     4.819 f  vision_i/rx/U0/GenerateDDC.DDC_EEPROM/I2C_SlaveController/SDA_T_INST_0/O
                         net (fo=1, routed)           1.884     6.703    hdmi_in_ddc_sda_iobuf/T
    U15                  OBUFT (TriStatE_obuft_T_O)
                                                      3.655    10.358 r  hdmi_in_ddc_sda_iobuf/OBUFT/O
                         net (fo=1, unset)            0.000    10.358    hdmi_in_ddc_sda_io
    U15                                                               r  hdmi_in_ddc_sda_io
  -------------------------------------------------------------------    -------------------





Min Delay Paths
--------------------------------------------------------------------------------------
Slack:                    inf
  Source:                 vision_i/rx/U0/GenerateDDC.DDC_EEPROM/I2C_SlaveController/FSM_gray_state_reg[2]/C
                            (rising edge-triggered cell FDRE clocked by clk_fpga_2  {rise@0.000ns fall@2.500ns period=5.000ns})
  Destination:            hdmi_in_ddc_sda_io
                            (output port)
  Path Group:             (none)
  Path Type:              Min at Fast Process Corner
  Data Path Delay:        1.886ns  (logic 1.010ns (53.545%)  route 0.876ns (46.455%))
  Logic Levels:           2  (LUT4=1 OBUFT=1)
  Clock Uncertainty:      0.079ns  ((TSJ^2 + TIJ^2)^1/2 + DJ) / 2 + PE
    Total System Jitter     (TSJ):    0.050ns
    Total Input Jitter      (TIJ):    0.150ns
    Discrete Jitter          (DJ):    0.000ns
    Phase Error              (PE):    0.000ns

    Location             Delay type                Incr(ns)  Path(ns)    Netlist Resource(s)
  -------------------------------------------------------------------    -------------------
                         (clock clk_fpga_2 rise edge)
                                                      0.000     0.000 r  <hidden>
    PS7_X0Y0             PS7                          0.000     0.000 r  vision_i/ps7/inst/PS7_i/FCLKCLK[2]
                         net (fo=1, routed)           0.310     0.310    vision_i/ps7/inst/FCLK_CLK_unbuffered[2]
    BUFGCTRL_X0Y17       BUFG (Prop_bufg_I_O)         0.026     0.336 r  vision_i/ps7/inst/buffer_fclk_clk_2.FCLK_CLK_2_BUFG/O
                         net (fo=158, routed)         0.631     0.967    vision_i/rx/U0/GenerateDDC.DDC_EEPROM/I2C_SlaveController/RefClk
    SLICE_X109Y84        FDRE                                         r  vision_i/rx/U0/GenerateDDC.DDC_EEPROM/I2C_SlaveController/FSM_gray_state_reg[2]/C
  -------------------------------------------------------------------    -------------------
    SLICE_X109Y84        FDRE (Prop_fdre_C_Q)         0.141     1.108 f  vision_i/rx/U0/GenerateDDC.DDC_EEPROM/I2C_SlaveController/FSM_gray_state_reg[2]/Q
                         net (fo=11, routed)          0.182     1.289    vision_i/rx/U0/GenerateDDC.DDC_EEPROM/I2C_SlaveController/state[2]
    SLICE_X110Y83        LUT4 (Prop_lut4_I2_O)        0.045     1.334 r  vision_i/rx/U0/GenerateDDC.DDC_EEPROM/I2C_SlaveController/SDA_T_INST_0/O
                         net (fo=1, routed)           0.694     2.029    hdmi_in_ddc_sda_iobuf/T
    U15                  OBUFT (TriStatD_obuft_T_O)
                                                      0.824     2.853 r  hdmi_in_ddc_sda_iobuf/OBUFT/O
                         net (fo=1, unset)            0.000     2.853    hdmi_in_ddc_sda_io
    U15                                                               r  hdmi_in_ddc_sda_io
  -------------------------------------------------------------------    -------------------





--------------------------------------------------------------------------------------
Path Group:  (none)
From Clock:  
  To Clock:  CLK_OUT_5x_hdmi_clk

Max Delay             3 Endpoints
Min Delay             3 Endpoints
--------------------------------------------------------------------------------------


Max Delay Paths
--------------------------------------------------------------------------------------
Slack:                    inf
  Source:                 hdmi_in_data_n[0]
                            (input port)
  Destination:            vision_i/rx/U0/DataDecoders[0].DecoderX/InputSERDES_X/DeserializerMaster/DDLY
                            (falling edge-triggered cell ISERDESE2 clocked by CLK_OUT_5x_hdmi_clk  {rise@0.000ns fall@1.347ns period=2.694ns})
  Path Group:             (none)
  Path Type:              Setup (Max at Slow Process Corner)
  Data Path Delay:        1.810ns  (logic 1.810ns (100.000%)  route 0.000ns (0.000%))
  Logic Levels:           2  (IBUFDS=1 IDELAYE2=1)
  Clock Path Skew:        4.718ns (DCD - SCD + CPR)
    Destination Clock Delay (DCD):    4.718ns = ( 6.065 - 1.347 ) 
    Source Clock Delay      (SCD):    0.000ns
    Clock Pessimism Removal (CPR):    0.000ns
  Clock Uncertainty:      0.193ns  ((TSJ^2 + DJ^2)^1/2) / 2 + PE
    Total System Jitter     (TSJ):    0.050ns
    Discrete Jitter          (DJ):    0.126ns
    Phase Error              (PE):    0.125ns

    Location             Delay type                Incr(ns)  Path(ns)    Netlist Resource(s)
  -------------------------------------------------------------------    -------------------
    W20                                               0.000     0.000 f  hdmi_in_data_n[0]
                         net (fo=0)                   0.000     0.000    vision_i/rx/U0/DataDecoders[0].DecoderX/InputSERDES_X/TMDS_Data_n[0]
    V20                  IBUFDS (Prop_ibufds_IB_O)    0.994     0.994 r  vision_i/rx/U0/DataDecoders[0].DecoderX/InputSERDES_X/InputBuffer/O
                         net (fo=1, routed)           0.000     0.994    vision_i/rx/U0/DataDecoders[0].DecoderX/InputSERDES_X/sDataIn
    IDELAY_X1Y68         IDELAYE2 (Prop_idelaye2_IDATAIN_DATAOUT)
                                                      0.816     1.810 r  vision_i/rx/U0/DataDecoders[0].DecoderX/InputSERDES_X/InputDelay/DATAOUT
                         net (fo=1, routed)           0.000     1.810    vision_i/rx/U0/DataDecoders[0].DecoderX/InputSERDES_X/sDataInDly
    ILOGIC_X1Y68         ISERDESE2                                    r  vision_i/rx/U0/DataDecoders[0].DecoderX/InputSERDES_X/DeserializerMaster/DDLY
  -------------------------------------------------------------------    -------------------

                         (clock CLK_OUT_5x_hdmi_clk fall edge)
                                                      1.347     1.347 f  <hidden>
    N18                                               0.000     1.347 f  hdmi_in_clk_p
                         net (fo=0)                   0.000     1.347    vision_i/rx/U0/TMDS_ClockingX/TMDS_Clk_p
    N18                  IBUFDS (Prop_ibufds_I_O)     0.887     2.234 f  vision_i/rx/U0/TMDS_ClockingX/InputBuffer/O
                         net (fo=1, routed)           1.162     3.396    vision_i/rx/U0/TMDS_ClockingX/CLK_IN_hdmi_clk
    MMCME2_ADV_X1Y1      MMCME2_ADV (Prop_mmcme2_adv_CLKIN1_CLKOUT0)
                                                      0.084     3.480 f  vision_i/rx/U0/TMDS_ClockingX/DVI_ClkGenerator/CLKOUT0
                         net (fo=2, routed)           0.871     4.351    vision_i/rx/U0/TMDS_ClockingX/CLK_OUT_5x_hdmi_clk
    BUFIO_X1Y5           BUFIO (Prop_bufio_I_O)       1.431     5.782 f  vision_i/rx/U0/TMDS_ClockingX/SerialClkBuffer/O
                         net (fo=12, routed)          0.283     6.065    vision_i/rx/U0/DataDecoders[0].DecoderX/InputSERDES_X/CLKB
    ILOGIC_X1Y68         ISERDESE2                                    r  vision_i/rx/U0/DataDecoders[0].DecoderX/InputSERDES_X/DeserializerMaster/CLKB  (IS_INVERTED)





Min Delay Paths
--------------------------------------------------------------------------------------
Slack:                    inf
  Source:                 hdmi_in_data_p[2]
                            (input port)
  Destination:            vision_i/rx/U0/DataDecoders[2].DecoderX/InputSERDES_X/DeserializerMaster/DDLY
                            (falling edge-triggered cell ISERDESE2 clocked by CLK_OUT_5x_hdmi_clk  {rise@0.000ns fall@1.347ns period=2.694ns})
  Path Group:             (none)
  Path Type:              Hold (Min at Fast Process Corner)
  Data Path Delay:        0.689ns  (logic 0.689ns (100.000%)  route 0.000ns (0.000%))
  Logic Levels:           2  (IBUFDS=1 IDELAYE2=1)
  Clock Path Skew:        2.020ns (DCD - SCD - CPR)
    Destination Clock Delay (DCD):    2.020ns = ( 3.367 - 1.347 ) 
    Source Clock Delay      (SCD):    0.000ns
    Clock Pessimism Removal (CPR):    -0.000ns

    Location             Delay type                Incr(ns)  Path(ns)    Netlist Resource(s)
  -------------------------------------------------------------------    -------------------
    N20                                               0.000     0.000 r  hdmi_in_data_p[2]
                         net (fo=0)                   0.000     0.000    vision_i/rx/U0/DataDecoders[2].DecoderX/InputSERDES_X/TMDS_Data_p[0]
    N20                  IBUFDS (Prop_ibufds_I_O)     0.445     0.445 r  vision_i/rx/U0/DataDecoders[2].DecoderX/InputSERDES_X/InputBuffer/O
                         net (fo=1, routed)           0.000     0.445    vision_i/rx/U0/DataDecoders[2].DecoderX/InputSERDES_X/sDataIn
    IDELAY_X1Y72         IDELAYE2 (Prop_idelaye2_IDATAIN_DATAOUT)
                                                      0.244     0.689 r  vision_i/rx/U0/DataDecoders[2].DecoderX/InputSERDES_X/InputDelay/DATAOUT
                         net (fo=1, routed)           0.000     0.689    vision_i/rx/U0/DataDecoders[2].DecoderX/InputSERDES_X/sDataInDly
    ILOGIC_X1Y72         ISERDESE2                                    r  vision_i/rx/U0/DataDecoders[2].DecoderX/InputSERDES_X/DeserializerMaster/DDLY
  -------------------------------------------------------------------    -------------------

                         (clock CLK_OUT_5x_hdmi_clk fall edge)
                                                      1.347     1.347 f  <hidden>
    N18                                               0.000     1.347 f  hdmi_in_clk_p
                         net (fo=0)                   0.000     1.347    vision_i/rx/U0/TMDS_ClockingX/TMDS_Clk_p
    N18                  IBUFDS (Prop_ibufds_I_O)     0.499     1.846 f  vision_i/rx/U0/TMDS_ClockingX/InputBuffer/O
                         net (fo=1, routed)           0.480     2.326    vision_i/rx/U0/TMDS_ClockingX/CLK_IN_hdmi_clk
    MMCME2_ADV_X1Y1      MMCME2_ADV (Prop_mmcme2_adv_CLKIN1_CLKOUT0)
                                                      0.054     2.380 f  vision_i/rx/U0/TMDS_ClockingX/DVI_ClkGenerator/CLKOUT0
                         net (fo=2, routed)           0.371     2.751    vision_i/rx/U0/TMDS_ClockingX/CLK_OUT_5x_hdmi_clk
    BUFIO_X1Y5           BUFIO (Prop_bufio_I_O)       0.516     3.267 f  vision_i/rx/U0/TMDS_ClockingX/SerialClkBuffer/O
                         net (fo=12, routed)          0.100     3.367    vision_i/rx/U0/DataDecoders[2].DecoderX/InputSERDES_X/CLKB
    ILOGIC_X1Y72         ISERDESE2                                    r  vision_i/rx/U0/DataDecoders[2].DecoderX/InputSERDES_X/DeserializerMaster/CLKB  (IS_INVERTED)





--------------------------------------------------------------------------------------
Path Group:  (none)
From Clock:  
  To Clock:  clk_fpga_0

Max Delay             3 Endpoints
Min Delay             3 Endpoints
--------------------------------------------------------------------------------------


Max Delay Paths
--------------------------------------------------------------------------------------
Slack:                    inf
  Source:                 vision_i/ps7/inst/PS7_i/FCLKRESETN[0]
                            (internal pin)
  Destination:            vision_i/converter/inst/gen_axilite.gen_b2s_conv.axilite_b2s/areset_d1_reg/D
                            (rising edge-triggered cell FDRE clocked by clk_fpga_0  {rise@0.000ns fall@5.000ns period=10.000ns})
  Path Group:             (none)
  Path Type:              Setup (Max at Slow Process Corner)
  Data Path Delay:        1.349ns  (logic 0.124ns (9.195%)  route 1.225ns (90.805%))
  Logic Levels:           1  (LUT1=1)
  Clock Uncertainty:      0.152ns  ((TSJ^2 + TIJ^2)^1/2 + DJ) / 2 + PE
    Total System Jitter     (TSJ):    0.050ns
    Total Input Jitter      (TIJ):    0.300ns
    Discrete Jitter          (DJ):    0.000ns
    Phase Error              (PE):    0.000ns

    Location             Delay type                Incr(ns)  Path(ns)    Netlist Resource(s)
  -------------------------------------------------------------------    -------------------
    PS7_X0Y0             PS7                          0.000     0.000 f  vision_i/ps7/inst/PS7_i/FCLKRESETN[0]
                         net (fo=6, routed)           1.225     1.225    vision_i/converter/inst/gen_axilite.gen_b2s_conv.axilite_b2s/aresetn
    SLICE_X35Y82         LUT1 (Prop_lut1_I0_O)        0.124     1.349 r  vision_i/converter/inst/gen_axilite.gen_b2s_conv.axilite_b2s/areset_d1_i_1/O
                         net (fo=1, routed)           0.000     1.349    vision_i/converter/inst/gen_axilite.gen_b2s_conv.axilite_b2s/areset_d1_i_1_n_0
    SLICE_X35Y82         FDRE                                         r  vision_i/converter/inst/gen_axilite.gen_b2s_conv.axilite_b2s/areset_d1_reg/D
  -------------------------------------------------------------------    -------------------

                         (clock clk_fpga_0 rise edge)
                                                      0.000     0.000 r  <hidden>
    PS7_X0Y0             PS7                          0.000     0.000 r  vision_i/ps7/inst/PS7_i/FCLKCLK[0]
                         net (fo=1, routed)           1.088     1.088    vision_i/ps7/inst/FCLK_CLK_unbuffered[0]
    BUFGCTRL_X0Y16       BUFG (Prop_bufg_I_O)         0.091     1.179 r  vision_i/ps7/inst/buffer_fclk_clk_0.FCLK_CLK_0_BUFG/O
                         net (fo=1197, routed)        1.472     2.651    vision_i/converter/inst/gen_axilite.gen_b2s_conv.axilite_b2s/aclk
    SLICE_X35Y82         FDRE                                         r  vision_i/converter/inst/gen_axilite.gen_b2s_conv.axilite_b2s/areset_d1_reg/C





Min Delay Paths
--------------------------------------------------------------------------------------
Slack:                    inf
  Source:                 vision_i/ps7/inst/PS7_i/FCLKRESETN[0]
                            (internal pin)
  Destination:            vision_i/converter/inst/gen_axilite.gen_b2s_conv.axilite_b2s/SI_REG/aw.aw_pipe/aresetn_d_reg[0]/D
                            (rising edge-triggered cell FDRE clocked by clk_fpga_0  {rise@0.000ns fall@5.000ns period=10.000ns})
  Path Group:             (none)
  Path Type:              Hold (Min at Fast Process Corner)
  Data Path Delay:        0.287ns  (logic 0.000ns (0.000%)  route 0.287ns (100.000%))
  Logic Levels:           0  
  Clock Uncertainty:      0.152ns  ((TSJ^2 + TIJ^2)^1/2 + DJ) / 2 + PE
    Total System Jitter     (TSJ):    0.050ns
    Total Input Jitter      (TIJ):    0.300ns
    Discrete Jitter          (DJ):    0.000ns
    Phase Error              (PE):    0.000ns

    Location             Delay type                Incr(ns)  Path(ns)    Netlist Resource(s)
  -------------------------------------------------------------------    -------------------
    PS7_X0Y0             PS7                          0.000     0.000 r  vision_i/ps7/inst/PS7_i/FCLKRESETN[0]
                         net (fo=6, routed)           0.287     0.287    vision_i/converter/inst/gen_axilite.gen_b2s_conv.axilite_b2s/SI_REG/aw.aw_pipe/aresetn
    SLICE_X27Y86         FDRE                                         r  vision_i/converter/inst/gen_axilite.gen_b2s_conv.axilite_b2s/SI_REG/aw.aw_pipe/aresetn_d_reg[0]/D
  -------------------------------------------------------------------    -------------------

                         (clock clk_fpga_0 rise edge)
                                                      0.000     0.000 r  <hidden>
    PS7_X0Y0             PS7                          0.000     0.000 r  vision_i/ps7/inst/PS7_i/FCLKCLK[0]
                         net (fo=1, routed)           0.337     0.337    vision_i/ps7/inst/FCLK_CLK_unbuffered[0]
    BUFGCTRL_X0Y16       BUFG (Prop_bufg_I_O)         0.029     0.366 r  vision_i/ps7/inst/buffer_fclk_clk_0.FCLK_CLK_0_BUFG/O
                         net (fo=1197, routed)        0.838     1.204    vision_i/converter/inst/gen_axilite.gen_b2s_conv.axilite_b2s/SI_REG/aw.aw_pipe/aclk
    SLICE_X27Y86         FDRE                                         r  vision_i/converter/inst/gen_axilite.gen_b2s_conv.axilite_b2s/SI_REG/aw.aw_pipe/aresetn_d_reg[0]/C





--------------------------------------------------------------------------------------
Path Group:  (none)
From Clock:  
  To Clock:  clk_fpga_2

Max Delay             3 Endpoints
Min Delay             3 Endpoints
--------------------------------------------------------------------------------------


Max Delay Paths
--------------------------------------------------------------------------------------
Slack:                    inf
  Source:                 hdmi_in_ddc_scl_io
                            (input port)
  Destination:            vision_i/rx/U0/GenerateDDC.DDC_EEPROM/I2C_SlaveController/SyncSCL/oSyncStages_reg[0]/D
                            (rising edge-triggered cell FDRE clocked by clk_fpga_2  {rise@0.000ns fall@2.500ns period=5.000ns})
  Path Group:             (none)
  Path Type:              Setup (Max at Slow Process Corner)
  Data Path Delay:        2.859ns  (logic 1.590ns (55.592%)  route 1.270ns (44.408%))
  Logic Levels:           1  (IBUF=1)
  Clock Path Skew:        2.858ns (DCD - SCD + CPR)
    Destination Clock Delay (DCD):    2.858ns
    Source Clock Delay      (SCD):    0.000ns
    Clock Pessimism Removal (CPR):    0.000ns
  Clock Uncertainty:      0.079ns  ((TSJ^2 + TIJ^2)^1/2 + DJ) / 2 + PE
    Total System Jitter     (TSJ):    0.050ns
    Total Input Jitter      (TIJ):    0.150ns
    Discrete Jitter          (DJ):    0.000ns
    Phase Error              (PE):    0.000ns

    Location             Delay type                Incr(ns)  Path(ns)    Netlist Resource(s)
  -------------------------------------------------------------------    -------------------
    U14                                               0.000     0.000 r  hdmi_in_ddc_scl_io
                         net (fo=1, unset)            0.000     0.000    hdmi_in_ddc_scl_iobuf/IO
    U14                  IBUF (Prop_ibuf_I_O)         1.590     1.590 r  hdmi_in_ddc_scl_iobuf/IBUF/O
                         net (fo=1, routed)           1.270     2.859    vision_i/rx/U0/GenerateDDC.DDC_EEPROM/I2C_SlaveController/SyncSCL/SCL_I
    SLICE_X113Y83        FDRE                                         r  vision_i/rx/U0/GenerateDDC.DDC_EEPROM/I2C_SlaveController/SyncSCL/oSyncStages_reg[0]/D
  -------------------------------------------------------------------    -------------------

                         (clock clk_fpga_2 rise edge)
                                                      0.000     0.000 r  <hidden>
    PS7_X0Y0             PS7                          0.000     0.000 r  vision_i/ps7/inst/PS7_i/FCLKCLK[2]
                         net (fo=1, routed)           1.088     1.088    vision_i/ps7/inst/FCLK_CLK_unbuffered[2]
    BUFGCTRL_X0Y17       BUFG (Prop_bufg_I_O)         0.091     1.179 r  vision_i/ps7/inst/buffer_fclk_clk_2.FCLK_CLK_2_BUFG/O
                         net (fo=158, routed)         1.679     2.858    vision_i/rx/U0/GenerateDDC.DDC_EEPROM/I2C_SlaveController/SyncSCL/RefClk
    SLICE_X113Y83        FDRE                                         r  vision_i/rx/U0/GenerateDDC.DDC_EEPROM/I2C_SlaveController/SyncSCL/oSyncStages_reg[0]/C





Min Delay Paths
--------------------------------------------------------------------------------------
Slack:                    inf
  Source:                 vision_i/rx/U0/TMDS_ClockingX/DVI_ClkGenerator/LOCKED
                            (internal pin)
  Destination:            vision_i/rx/U0/TMDS_ClockingX/MMCM_LockSync/oSyncStages_reg[0]/D
                            (rising edge-triggered cell FDRE clocked by clk_fpga_2  {rise@0.000ns fall@2.500ns period=5.000ns})
  Path Group:             (none)
  Path Type:              Hold (Min at Fast Process Corner)
  Data Path Delay:        0.539ns  (logic 0.000ns (0.000%)  route 0.539ns (100.000%))
  Logic Levels:           0  
  Clock Uncertainty:      0.079ns  ((TSJ^2 + TIJ^2)^1/2 + DJ) / 2 + PE
    Total System Jitter     (TSJ):    0.050ns
    Total Input Jitter      (TIJ):    0.150ns
    Discrete Jitter          (DJ):    0.000ns
    Phase Error              (PE):    0.000ns

    Location             Delay type                Incr(ns)  Path(ns)    Netlist Resource(s)
  -------------------------------------------------------------------    -------------------
    MMCME2_ADV_X1Y1      MMCME2_ADV                   0.000     0.000 r  vision_i/rx/U0/TMDS_ClockingX/DVI_ClkGenerator/LOCKED
                         net (fo=1, routed)           0.539     0.539    vision_i/rx/U0/TMDS_ClockingX/MMCM_LockSync/oSyncStages_reg[0]_0[0]
    SLICE_X113Y77        FDRE                                         r  vision_i/rx/U0/TMDS_ClockingX/MMCM_LockSync/oSyncStages_reg[0]/D
  -------------------------------------------------------------------    -------------------

                         (clock clk_fpga_2 rise edge)
                                                      0.000     0.000 r  <hidden>
    PS7_X0Y0             PS7                          0.000     0.000 r  vision_i/ps7/inst/PS7_i/FCLKCLK[2]
                         net (fo=1, routed)           0.337     0.337    vision_i/ps7/inst/FCLK_CLK_unbuffered[2]
    BUFGCTRL_X0Y17       BUFG (Prop_bufg_I_O)         0.029     0.366 r  vision_i/ps7/inst/buffer_fclk_clk_2.FCLK_CLK_2_BUFG/O
                         net (fo=158, routed)         0.895     1.261    vision_i/rx/U0/TMDS_ClockingX/MMCM_LockSync/RefClk
    SLICE_X113Y77        FDRE                                         r  vision_i/rx/U0/TMDS_ClockingX/MMCM_LockSync/oSyncStages_reg[0]/C





--------------------------------------------------------------------------------------
Path Group:  (none)
From Clock:  
  To Clock:  dbg_hub/inst/BSCANID.u_xsdbm_id/SWITCH_N_EXT_BSCAN.bscan_inst/SERIES7_BSCAN.bscan_inst/TCK

Max Delay           257 Endpoints
Min Delay           257 Endpoints
--------------------------------------------------------------------------------------


Max Delay Paths
--------------------------------------------------------------------------------------
Slack:                    inf
  Source:                 dbg_hub/inst/BSCANID.u_xsdbm_id/SWITCH_N_EXT_BSCAN.bscan_inst/SERIES7_BSCAN.bscan_inst/SHIFT
                            (internal pin)
  Destination:            dbg_hub/inst/BSCANID.u_xsdbm_id/SWITCH_N_EXT_BSCAN.bscanid_reg[21]/D
                            (rising edge-triggered cell FDRE clocked by dbg_hub/inst/BSCANID.u_xsdbm_id/SWITCH_N_EXT_BSCAN.bscan_inst/SERIES7_BSCAN.bscan_inst/TCK  {rise@0.000ns fall@16.500ns period=33.000ns})
  Path Group:             (none)
  Path Type:              Setup (Max at Slow Process Corner)
  Data Path Delay:        6.228ns  (logic 0.248ns (3.982%)  route 5.980ns (96.018%))
  Logic Levels:           2  (LUT4=1 LUT5=1)
  Clock Uncertainty:      0.025ns  ((TSJ^2 + TIJ^2)^1/2 + DJ) / 2 + PE
    Total System Jitter     (TSJ):    0.050ns
    Total Input Jitter      (TIJ):    0.000ns
    Discrete Jitter          (DJ):    0.000ns
    Phase Error              (PE):    0.000ns

    Location             Delay type                Incr(ns)  Path(ns)    Netlist Resource(s)
  -------------------------------------------------------------------    -------------------
    BSCAN_X0Y0           BSCANE2                      0.000     0.000 r  dbg_hub/inst/BSCANID.u_xsdbm_id/SWITCH_N_EXT_BSCAN.bscan_inst/SERIES7_BSCAN.bscan_inst/SHIFT
                         net (fo=37, routed)          3.644     3.644    dbg_hub/inst/BSCANID.u_xsdbm_id/SWITCH_N_EXT_BSCAN.bscan_switch/s_bscan_shift
    SLICE_X62Y121        LUT5 (Prop_lut5_I0_O)        0.124     3.768 r  dbg_hub/inst/BSCANID.u_xsdbm_id/SWITCH_N_EXT_BSCAN.bscan_switch/m_bscan_bscanid_en_INST_0/O
                         net (fo=35, routed)          2.335     6.104    dbg_hub/inst/BSCANID.u_xsdbm_id/bscanid_en_int
    SLICE_X55Y126        LUT4 (Prop_lut4_I2_O)        0.124     6.228 r  dbg_hub/inst/BSCANID.u_xsdbm_id/SWITCH_N_EXT_BSCAN.bscanid[21]_i_1/O
                         net (fo=1, routed)           0.000     6.228    dbg_hub/inst/BSCANID.u_xsdbm_id/p_2_in[21]
    SLICE_X55Y126        FDRE                                         r  dbg_hub/inst/BSCANID.u_xsdbm_id/SWITCH_N_EXT_BSCAN.bscanid_reg[21]/D
  -------------------------------------------------------------------    -------------------

                         (clock dbg_hub/inst/BSCANID.u_xsdbm_id/SWITCH_N_EXT_BSCAN.bscan_inst/SERIES7_BSCAN.bscan_inst/TCK rise edge)
                                                      0.000     0.000 r  <hidden>
    BSCAN_X0Y0           BSCANE2                      0.000     0.000 r  dbg_hub/inst/BSCANID.u_xsdbm_id/SWITCH_N_EXT_BSCAN.bscan_inst/SERIES7_BSCAN.bscan_inst/TCK
                         net (fo=1, routed)           1.994     1.994    dbg_hub/inst/BSCANID.u_xsdbm_id/tck_bs
    BUFGCTRL_X0Y0        BUFG (Prop_bufg_I_O)         0.091     2.085 r  dbg_hub/inst/BSCANID.u_xsdbm_id/SWITCH_N_EXT_BSCAN.u_bufg_icon_tck/O
                         net (fo=482, routed)         1.698     3.783    dbg_hub/inst/BSCANID.u_xsdbm_id/itck_i
    SLICE_X55Y126        FDRE                                         r  dbg_hub/inst/BSCANID.u_xsdbm_id/SWITCH_N_EXT_BSCAN.bscanid_reg[21]/C





Min Delay Paths
--------------------------------------------------------------------------------------
Slack:                    inf
  Source:                 dbg_hub/inst/BSCANID.u_xsdbm_id/SWITCH_N_EXT_BSCAN.bscan_inst/SERIES7_BSCAN.bscan_inst/TDI
                            (internal pin)
  Destination:            dbg_hub/inst/BSCANID.u_xsdbm_id/CORE_XSDB.U_ICON/iTDI_reg_reg/D
                            (rising edge-triggered cell FDRE clocked by dbg_hub/inst/BSCANID.u_xsdbm_id/SWITCH_N_EXT_BSCAN.bscan_inst/SERIES7_BSCAN.bscan_inst/TCK  {rise@0.000ns fall@16.500ns period=33.000ns})
  Path Group:             (none)
  Path Type:              Hold (Min at Fast Process Corner)
  Data Path Delay:        0.811ns  (logic 0.000ns (0.000%)  route 0.811ns (100.000%))
  Logic Levels:           0  
  Clock Uncertainty:      0.025ns  ((TSJ^2 + TIJ^2)^1/2 + DJ) / 2 + PE
    Total System Jitter     (TSJ):    0.050ns
    Total Input Jitter      (TIJ):    0.000ns
    Discrete Jitter          (DJ):    0.000ns
    Phase Error              (PE):    0.000ns

    Location             Delay type                Incr(ns)  Path(ns)    Netlist Resource(s)
  -------------------------------------------------------------------    -------------------
    BSCAN_X0Y0           BSCANE2                      0.000     0.000 r  dbg_hub/inst/BSCANID.u_xsdbm_id/SWITCH_N_EXT_BSCAN.bscan_inst/SERIES7_BSCAN.bscan_inst/TDI
                         net (fo=4, routed)           0.811     0.811    dbg_hub/inst/BSCANID.u_xsdbm_id/CORE_XSDB.U_ICON/out
    SLICE_X62Y114        FDRE                                         r  dbg_hub/inst/BSCANID.u_xsdbm_id/CORE_XSDB.U_ICON/iTDI_reg_reg/D
  -------------------------------------------------------------------    -------------------

                         (clock dbg_hub/inst/BSCANID.u_xsdbm_id/SWITCH_N_EXT_BSCAN.bscan_inst/SERIES7_BSCAN.bscan_inst/TCK rise edge)
                                                      0.000     0.000 r  <hidden>
    BSCAN_X0Y0           BSCANE2                      0.000     0.000 r  dbg_hub/inst/BSCANID.u_xsdbm_id/SWITCH_N_EXT_BSCAN.bscan_inst/SERIES7_BSCAN.bscan_inst/TCK
                         net (fo=1, routed)           1.160     1.160    dbg_hub/inst/BSCANID.u_xsdbm_id/tck_bs
    BUFGCTRL_X0Y0        BUFG (Prop_bufg_I_O)         0.029     1.189 r  dbg_hub/inst/BSCANID.u_xsdbm_id/SWITCH_N_EXT_BSCAN.u_bufg_icon_tck/O
                         net (fo=482, routed)         0.931     2.120    dbg_hub/inst/BSCANID.u_xsdbm_id/CORE_XSDB.U_ICON/m_bscan_tck[0]
    SLICE_X62Y114        FDRE                                         r  dbg_hub/inst/BSCANID.u_xsdbm_id/CORE_XSDB.U_ICON/iTDI_reg_reg/C





