.Xil/Vivado-34188-LAPTOP-QQRU1B0D/.lpr	生成的仿真/构建/打包产物	425	403296622a09739fb4a9535fad3d3eeabdf20c41d696a666ba7490d04804a20a
.Xil/Vivado-34188-LAPTOP-QQRU1B0D/elab.rtd	生成的仿真/构建/打包产物	1011842	ac9a5176dd1844c5a90f9bc4a059f4e7e0f9442ff8fd3a345c6f17ca685610cb
.Xil/Vivado-34188-LAPTOP-QQRU1B0D/incrSyn/3180397382/u/childModToGenomes.map	生成的仿真/构建/打包产物	0	e3b0c44298fc1c149afbf4c8996fb92427ae41e4649b934ca495991b7852b855
.Xil/Vivado-34188-LAPTOP-QQRU1B0D/incrSyn/3180397382/u/e/elab.rtd	生成的仿真/构建/打包产物	1237408	2b56ef7d09d821d13b0a3d818304cc4cda4f28f0226b52586eb6e471808765c7
.Xil/Vivado-34188-LAPTOP-QQRU1B0D/incrSyn/3180397382/u/g/global_name.straps.rtd	生成的仿真/构建/打包产物	2340353	b5eeec53138373b090417d9c265ae468a7a74062d85f022c325b366f96017f86
.Xil/Vivado-34188-LAPTOP-QQRU1B0D/incrSyn/3180397382/u/g/instToEncGenName.map	生成的仿真/构建/打包产物	0	e3b0c44298fc1c149afbf4c8996fb92427ae41e4649b934ca495991b7852b855
.Xil/Vivado-34188-LAPTOP-QQRU1B0D/incrSyn/3180397382/u/genomeDependencyGraph.out	生成的仿真/构建/打包产物	0	e3b0c44298fc1c149afbf4c8996fb92427ae41e4649b934ca495991b7852b855
.Xil/Vivado-34188-LAPTOP-QQRU1B0D/incrSyn/3180397382/u/genomes.map	生成的仿真/构建/打包产物	0	e3b0c44298fc1c149afbf4c8996fb92427ae41e4649b934ca495991b7852b855
.Xil/Vivado-34188-LAPTOP-QQRU1B0D/incrSyn/3180397382/u/genomes.txt	生成的仿真/构建/打包产物	0	e3b0c44298fc1c149afbf4c8996fb92427ae41e4649b934ca495991b7852b855
.Xil/Vivado-34188-LAPTOP-QQRU1B0D/incrSyn/3180397382/u/parentModToGenomes.map	生成的仿真/构建/打包产物	2102	e8b4745b3e002cf08bc79cf8502b9b7ca6c07daa676da1fedb781345d85b1e03
.Xil/Vivado-34188-LAPTOP-QQRU1B0D/incrSyn/3180397382/u/synthNameToElabName.map	生成的仿真/构建/打包产物	0	e3b0c44298fc1c149afbf4c8996fb92427ae41e4649b934ca495991b7852b855
.Xil/Vivado-34188-LAPTOP-QQRU1B0D/incrSyn/3180397382/u/t/design.rtd	生成的仿真/构建/打包产物	3116212	5cba5835b39370432229499a42aa7801d090ccac72fe7957e5c5cc7477665865
.Xil/Vivado-34188-LAPTOP-QQRU1B0D/incrSyn/3180397382/u/t/files.rtd	生成的仿真/构建/打包产物	24	f2cdc307d32df72ee7d42b4dca430f7db262f323c62141a8f9ab0c8c8c0031cd
.Xil/Vivado-34188-LAPTOP-QQRU1B0D/incrSyn/3180397382/u/t/straps.rtd	生成的仿真/构建/打包产物	2359135	fbad10bd95c8236395d5d2cbf9fbd0ca51833ba46c637897739097e76699da96
.Xil/Vivado-34188-LAPTOP-QQRU1B0D/incrSyn/3180397382/u/topModuleToGenome.map	生成的仿真/构建/打包产物	0	e3b0c44298fc1c149afbf4c8996fb92427ae41e4649b934ca495991b7852b855
.Xil/Vivado-34188-LAPTOP-QQRU1B0D/incrSyn/pynq_z2_top.gnd	生成的仿真/构建/打包产物	25	224004f66bf293594ee884524095bdf2efb4fd99e45f185552262e4a8ef6b238
.Xil/Vivado-34188-LAPTOP-QQRU1B0D/wt/synthesis.wdf	生成的仿真/构建/打包产物	7380	270369f8ff72733851372049ef80550b98709e33ebca123000b92c2cce60938b
.Xil/pynq_z2_top_propImpl.xdc	生成的仿真/构建/打包产物	1267	c19f1862ff68538c322b4350a34336c382a469c49488cd834c97e6e3e0056b95
.gitattributes	配置/资源/数据文件	1116	7f593cea2d34ba33d7ed08b5f6f59df617c2e626ed06f13c91a5e6b544dfc66e
.github/ISSUE_TEMPLATE/bug_report.md	文档/计划/接口说明	583	f0b865eb8d7767b6ca72cffe1dac0dbd2ad23b4a24b8907523d78007292e7dd0
.github/ISSUE_TEMPLATE/task.md	文档/计划/接口说明	360	65fe15eb83695b3de07cc7b3a6edceb710840c1ea6a119dd52c6f59100619fef
.github/PULL_REQUEST_TEMPLATE.md	文档/计划/接口说明	742	aaa51829b91f1bea6875e26e516f3463962668022f8f242a8652f57fe1f264f7
.gitignore	配置/资源/数据文件	1277	ccc0b5d7b335660dbd5e167b51c8761bbbc42817cca08469a0861439632ce424
AGENTS.md	文档/计划/接口说明	2978	79c749505c199f9504c9fd7d3fa965e1a70896ec6e7251a0f91cdfd32277c625
LICENSE	配置/资源/数据文件	1071	4856a54984293c894a69a2c81363e3d1fa2ae6e2c14bb7afb9fda76a7ef57268
README.md	文档/计划/接口说明	21811	d30191684ceb06c692ac01edcdf14ade79abc55c39c7b77a9a5b1ab8e3e0d7ac
board/README.md	文档/计划/接口说明	1865	4fb28e38e0091d758a2f2ea8d9e5326788546bdbe4f432ec6e2a8b5ca92f74e1
board/adv7611_init.py	软件/固件/数据工具	5229	a88adb55e4267e6eba6fad64f2ea29e3e124151f6f938a1e6af003dca80533e3
board/hardware.md	文档/计划/接口说明	7606	54172dacbe386f210f94058530dc1ddc1b5ec3f3e57ed1fa84640eef1bc76339
board/logs/2026-09-20-pynq-z2-smoke/README.md	原始测量证据	5522	57b8ddcccfb37166bb8fe102144b4f5c71d428e24214c40ca29c25a0ec96e845
board/logs/2026-09-26-soc-onboard/README.md	原始测量证据	2754	34b466a5da138f28abb233b6c0b8652fd37dd8f300e0d64ebb66893063624d70
board/logs/2026-10-05-partB-v1-onboard/README.md	原始测量证据	2337	ae8f1502c783e841fef404fd0dbae2d734ce0c341025e9112704a53297559c29
board/logs/2026-10-06-partB-t2-board/README.md	原始测量证据	2080	2ea065e1cf122b157167004d520771478eec4ec56c4e818ba7577c6daf0b33f2
board/logs/2026-10-06-partC-bht2-board/README.md	原始测量证据	2108	3472f6ebff94d7af2fe93d9ad349bb779a562f39a88110b316da15c16cd8e4ca
board/logs/README.md	原始测量证据	1326	bc965916c10ee9d14eb270de2eb7abf5cf1417822e400b3a43b5bc7a6e64c35b
board/scripts/program_soc.bat	流程脚本/约束	283	86d489d5262b7d2b56b825a1216dbd59c7d9749edd418b7db115f54459ff3058
board/scripts/program_soc.tcl	流程脚本/约束	1585	5e6acdb3d282d8058847e0ba057a7180010d308d7dedc2e202c31c855e496df9
board/setup.md	文档/计划/接口说明	2752	a1f3a6dbc61a8dfdce6825aeabcb4b6724e1ac35b0bdee65d0f6abd368be5da7
board/smoke_test/.gitignore	配置/资源/数据文件	13	00c9bc316b7c1248cac9380e69b82b56a49084e0cb9fe62d643e5b288082d060
board/smoke_test/.sim_build/negative.u473ss38/broken.v	自检测试平台	1937	4f113e13cc9ef1d498b662a841f8fcd7372f007f75bdae0f0f70cce5f5866fa5
board/smoke_test/.sim_build/negative.u473ss38/broken.vvp	配置/资源/数据文件	9918	6098f4d28b12814ffb344d73e1d4e679769f8241a2b37c13fa37c39259ceeb87
board/smoke_test/.sim_build/run.Rje2Mf/div_1.vvp	配置/资源/数据文件	9822	e7623cb7a93745d325b5838aa64303b46144af89dc8a7d4de4a14abe4ade3af5
board/smoke_test/.sim_build/run.Rje2Mf/div_2.vvp	配置/资源/数据文件	10024	67da8f7f5462122a64594de85ebb0b03687c05f0ff4330437be002b91516dabe
board/smoke_test/.sim_build/run.Rje2Mf/div_5.vvp	配置/资源/数据文件	10026	b499b40163dae74260ccf3d1dadcc46e7489060300a39886dcd6906a713d71b1
board/smoke_test/.sim_build/run.Rje2Mf/div_8.vvp	配置/资源/数据文件	10027	7a079f63c160fc58cf218f38b063df903b641cd08b8f3912a8af260cf55b5bcf
board/smoke_test/.sim_build/run.dNe8QM/div_1.vvp	配置/资源/数据文件	9822	279d2e45be6832500be3095f4fd0ef82f9118ee8602119731ced6a346567509d
board/smoke_test/.sim_build/run.dNe8QM/div_2.vvp	配置/资源/数据文件	10024	20e8250083021e9ed5da21f6293dbdef69a5f26893257819402b2d8ca1ed3363
board/smoke_test/.sim_build/run.dNe8QM/div_5.vvp	配置/资源/数据文件	10026	14504057efac16e6c22ddf5c09102631024a631366837c97b36ca4cb1def5a5b
board/smoke_test/.sim_build/run.dNe8QM/div_8.vvp	配置/资源/数据文件	10027	4b3a946bc1a00e15ee25d18e562b67c2d1cf5ca0e51e2d2a4905560ddf49a00c
board/smoke_test/.sim_build/run.qWiRRn/div_1.vvp	配置/资源/数据文件	9728	4cbb145e486bcfdf37f7a42df9901e102992e31813ebc2f4e29ee51be18f7f5d
board/smoke_test/.sim_build/run.qWiRRn/div_2.vvp	配置/资源/数据文件	9930	828e423cee921347e95be335c9dc14a633784b7868a321940497c985a033ad17
board/smoke_test/.sim_build/run.qWiRRn/div_5.vvp	配置/资源/数据文件	9932	278957d12eceb41fcf1368680d52f6aa65e8bc860c041080a3927fa56c6d1f76
board/smoke_test/.sim_build/run.qWiRRn/div_8.vvp	配置/资源/数据文件	9933	08ea4618cac4fe1f983d1290eefe998e2aa67d4a32ffc15b3be84cc48b1b5e70
board/smoke_test/.sim_build/run.x7a1Mg/div_1.vvp	配置/资源/数据文件	9822	5e0b856c456da41b03393bbe34e87f19be31eb18de5cf2cf4bed3c7e4841e235
board/smoke_test/.sim_build/run.x7a1Mg/div_2.vvp	配置/资源/数据文件	10024	4b874ebec3eb71588f63087aa78d8662c05950a2bdc1666aa8ec1e4327c4f078
board/smoke_test/.sim_build/run.x7a1Mg/div_5.vvp	配置/资源/数据文件	10026	486046622d5eee335930e09a68cbee967052875695ede397c9ed7b0e0cd13386
board/smoke_test/.sim_build/run.x7a1Mg/div_8.vvp	配置/资源/数据文件	10027	9cd43464363cdee9d43aa72dfe5075018da00d685f47e9dd0b04794481e6f6d3
board/smoke_test/.sim_build/run.xlqeDP/div_1.vvp	配置/资源/数据文件	9728	1011e5f2e9aa07725e393adc3ecda73cd9952a492c1c404db26cbc5ed407fa0d
board/smoke_test/.sim_build/run.xlqeDP/div_2.vvp	配置/资源/数据文件	9930	c71197d67de6f378c0eb7f3c467dea1f196e874510ac4bef9d4fa1b98953bd79
board/smoke_test/.sim_build/run.xlqeDP/div_5.vvp	配置/资源/数据文件	9932	981ac91058f5d358c72350b37d66f2e58577b9584eda57cb566a6a03e37b7665
board/smoke_test/.sim_build/run.xlqeDP/div_8.vvp	配置/资源/数据文件	9933	48bd03dbb1026e56421bcc63d6c2e7ae6e8518a1d2571f19c26f27eab0aeb02c
board/smoke_test/README.md	文档/计划/接口说明	7024	4e06f2bac230e5634bc755d115cb4b61c8c1f8233eaa0f5fe9459fafc30fe987
board/smoke_test/constraints/pynq_z2_smoke.xdc	流程脚本/约束	1494	eaa77a9ef0da40b85bef296522f811618f7f3f78d6ca306d0e5a6adb86010b5b
board/smoke_test/rtl/pynq_z2_smoke_top.v	自检测试平台	1948	9853cb439f132e15a30ea64f9e692d6685a11ca6242d16234aa35ed6530f563d
board/smoke_test/scripts/build.tcl	流程脚本/约束	4526	68f4f123651a9d9f2b990afcbf2d4dadb18848853fa92908c590954aae50ca94
board/smoke_test/sim/pynq_z2_smoke_tb.v	自检测试平台	2568	5bfb9890f2ef73c07d9130c25f8d991bdd9fcdfc751ead52db21513dc3648d1e
board/smoke_test/sim/run_iverilog.sh	流程脚本/约束	851	eb6de2fb5a048bf9b905fd1dd9d5ee70b07b73a6ff42aed5f053f12504b52dd2
build/README.md	文档/计划/接口说明	2330	bc6efb6b5d965466b027623c7c02897192bc301dac34f787c9d1de79de5bfa2f
build/build.tcl	流程脚本/约束	2305	f0c59af8ef6e6e669f66d30d2bd208c63786a1b6523c3990d2f28adae2cca9de
build/build_fmax.tcl	流程脚本/约束	3981	4dedd3671a8c13518c56154463a3e7b144cdf9e6f7685993133072d62d1806fb
build/build_soc.tcl	流程脚本/约束	4814	c61af154c02efdd909b57064a28d6c01db0ef65dc7bdf46fdf0d83064fdfb5dd
build/constraints/core_top.xdc	流程脚本/约束	434	98075149aee4e146380ae3450b4c33be6a21706f3a0396eb7e8841e6e6820982
build/constraints/pynq_z2_soc.xdc	流程脚本/约束	1366	dd59a027777580bc5d36ddcba62917ca23234b6c917844e1edac30cc1b790f3b
build/reports/design_analysis_impl.rpt	配置/资源/数据文件	8681	a0e2873052e91d1c31a09bbf109d34aebe1e7da9a2142de9ef74b4fe32b02c6d
build/reports/soc_40mhz_bht2/soc_check_timing.rpt	配置/资源/数据文件	1720	7df8df306840d9b24f13cef260985286a792cea3de1065941989617bd6bbd862
build/reports/soc_40mhz_bht2/soc_clock_utilization_impl.rpt	配置/资源/数据文件	18810	3bed78563b6ad6a8180bdf033235c0641f82f781e70b75fe8bea26fd90647e57
build/reports/soc_40mhz_bht2/soc_clock_utilization_synth.rpt	配置/资源/数据文件	11463	9b44b0a7f3b975501ef9d0067930b66992e217f5382b3ee50afef99423503180
build/reports/soc_40mhz_bht2/soc_drc_impl.rpt	配置/资源/数据文件	15587	dc82fbbb1ce7f626bb65bd269c3e62a4e2819cbdea84e4b96aabc8629024c236
build/reports/soc_40mhz_bht2/soc_timing_impl.rpt	配置/资源/数据文件	49888	ea0288bad378c75908f598423692f610fed59ce82565b0584a9617d35b4e4df7
build/reports/soc_40mhz_bht2/soc_timing_worst_paths.rpt	配置/资源/数据文件	94482	91f9a9a3644e5e5d561f2a5d2a3988c3cc077e59247e4ca60a4f476fe9357d7c
build/reports/soc_40mhz_bht2/soc_utilization_impl.rpt	配置/资源/数据文件	11402	f7cc9f3e3393a58c54091faaf7ec0a1028f4a74a022a8c05da39dd064f26fffa
build/reports/soc_40mhz_bht2/soc_utilization_synth.rpt	配置/资源/数据文件	9208	7cff4c5af87e5f1762ed1f358461636b7f2b76b267033ed3019edd7feb971e37
build/reports/soc_40mhz_bht2/soc_vivado_version.txt	配置/资源/数据文件	7	caa692594cece87cfff056d7da05893ddd771cb2f3d98874b71ba93dc7fea06a
build/reports/soc_check_timing.rpt	配置/资源/数据文件	1717	580b0c41483da5c9fc9d847242c4fa6de02d8d5b9983cefc97ed9ade6773de4c
build/reports/soc_clock_utilization_impl.rpt	配置/资源/数据文件	18741	a1d96896227a0354e347fefbd48239ad5fe3235e1bcec4bb6c2297a8d19e4d63
build/reports/soc_clock_utilization_synth.rpt	配置/资源/数据文件	11438	ee46263b2f2254a35679b9c267243f7448758b53a8511e52bfa7187434e8b09e
build/reports/soc_drc_impl.rpt	配置/资源/数据文件	14830	a41a66b1dc838af7c036915c696e237cfb86ea18b12d9d571a50403ae910df5a
build/reports/soc_timing_impl.rpt	配置/资源/数据文件	54050	1168285eb827bfc3030ae4ae538186bc5e940e998ba895f4e1a0bd21f5fb5f72
build/reports/soc_timing_worst_paths.rpt	配置/资源/数据文件	136759	807cd4926c34f25b8cc329b1e4d94e72e351bc14f0ee13b411a5236091eae779
build/reports/soc_utilization_impl.rpt	配置/资源/数据文件	11341	8c4ae8c46f21a01eb3cd91a0518c6c17ded363a411b1e59277b9f609140b1ddf
build/reports/soc_utilization_synth.rpt	配置/资源/数据文件	9147	fe2df8514830415ae74df90f82fe35c0c1cc39f5ecb8b045d38e1e621c549c9f
build/reports/soc_vivado.jou	配置/资源/数据文件	1458	5dc372c2b13f7719c442562d64bbe853d8cf435c4db2810a6920c65bab394c89
build/reports/soc_vivado.log	配置/资源/数据文件	74214	019a93f8b6e1f19059dea952ef5ed2db848ca0e45cee2489ce49587dc5f0af13
build/reports/soc_vivado_15588.backup.jou	配置/资源/数据文件	1458	18616a5c6d2e1bbc93f29ad7523fa160cdb4d6ea6ed18163e954dac2ea4fda9f
build/reports/soc_vivado_15588.backup.log	配置/资源/数据文件	75097	9526ba84006875ae6dc4930d910f54b8f3e8961af4a54087828e5c4117bce913
build/reports/soc_vivado_4168.backup.jou	配置/资源/数据文件	1457	2ea1b35179857454055e0f33e48500868f18d866c1ff896bc1a63f2fb2930ec9
build/reports/soc_vivado_4168.backup.log	配置/资源/数据文件	317325	091b8901c7b566bb095de1f8ff216f1afe255b0cb23d784988e3dd235bccf502
build/reports/soc_vivado_4392.backup.jou	配置/资源/数据文件	1457	2b0cb4dcfca9737acf65c7a3e96da36a77d66e2e544db8368c139f473b6c3cd7
build/reports/soc_vivado_4392.backup.log	配置/资源/数据文件	59301	ca0da55df44f7bd31719bd990cd7d1fd40dceda8bbb16b8a5c3da74a497c03ab
build/reports/soc_vivado_version.txt	配置/资源/数据文件	7	caa692594cece87cfff056d7da05893ddd771cb2f3d98874b71ba93dc7fea06a
build/reports/timing_impl.rpt	配置/资源/数据文件	14867	d2c7047a803ca68c58ac8b71c53801f7759494d62de1c02e93b8afb3c2d47394
build/reports/timing_synth.rpt	配置/资源/数据文件	15147	dd67d47b466181cdcf4bde8c7105777a1f37717c57a93e7361cf8ad3a9d14d52
build/reports/timing_worst_paths.rpt	配置/资源/数据文件	61121	755e94392661cb2c665e93d4216c71566165bbb97b1b1137e02fb64b2e370a57
build/reports/utilization_impl.rpt	配置/资源/数据文件	10774	1403f5fe986be3b582535cfe8852c8e63b877da65d091489cf10cc54cf72322a
build/reports/utilization_synth.rpt	配置/资源/数据文件	8591	37d0003ade39ceeab9f4ae19787fdc0c7357481ee36811549ec50505557d18fb
build/run/soc/post_route.dcp	配置/资源/数据文件	3349812	24135e52cac7e57419d63922a4871fe4b4968fd6819229ecd26cbd9d5410dcb0
build/run/soc/post_synth.dcp	配置/资源/数据文件	1684715	9f9cb72d3dbcb462cfc3ad8470f6cfa43b1ce8debae02b4f94554880c860cd5b
build/run/soc/pynq_z2_soc.bit	配置/资源/数据文件	4045766	d81cb8cf1837f6845bb2be73e4e54a1d9c211f2f3b5e781a32e98928f4d9a044
clockInfo.txt	配置/资源/数据文件	387	d1fe7fbd1a32fefd89787e60d7bfa964596ec06da2db18c314df4b3f6502a045
data/README.md	文档/计划/接口说明	1496	e7d917c6a8a717dbc8f0921fb4bad1924e3ab062e828bd3374dfeff68fdbaaf4
data/evidence/.gitkeep	原始测量证据	0	e3b0c44298fc1c149afbf4c8996fb92427ae41e4649b934ca495991b7852b855
data/evidence/2026-09-23-coremark-main-hook.patch	原始测量证据	1551	0ae848b8c0e1c09e3faf8d188021eabe6b151fbfdf7c0b92bec12a0c9889c710
data/evidence/2026-09-23-coremark-source.md	原始测量证据	2432	92eefe54932cf934bbf50fb862c1514a3e15967323a1551cc360e5e274aa71fa
data/evidence/2026-10-03-arm-localize-baseline/.gitattributes	原始测量证据	174	0c692ab3e93c7e20be7f49b85075f43110490d6676b5deb80e016345dc52365f
data/evidence/2026-10-03-arm-localize-baseline/README.md	原始测量证据	1890	c320bc148eb8cec5cb8204579eb7db35a63c6d8ac21f5afe51ae696e09e8c51d
data/evidence/2026-10-03-arm-localize-baseline/arm-board-final/arm_localize/README.md	原始测量证据	2635	c32b79f13db44204f2e2cbc4a2d096b1f01497d4ab589247348003a600cd2d29
data/evidence/2026-10-03-arm-localize-baseline/arm-board-final/arm_localize/arm_localize.py	原始测量证据	4692	d31abca31b25bdcaffc51e4ce2efe7e000b6e62a09afc39acd69d5460e340061
data/evidence/2026-10-03-arm-localize-baseline/arm-board-final/arm_localize/arm_localize_bench.py	原始测量证据	4642	4c34139cd7a056a13c39796c21a4b32571be953fcd603b1815d90e5c7c8388ed
data/evidence/2026-10-03-arm-localize-baseline/arm-board-final/arm_localize/arm_localize_selftest.py	原始测量证据	1919	a071d8183c5c4514b67b1002a08639db1f0e82e64a7a6c37622d6f071130d834
data/evidence/2026-10-03-arm-localize-baseline/arm-board-final/arm_localize/benchmark/run-1p9nq39b/720p_empty/input.json	原始测量证据	3687852	3c6c4f6d25050ff02e03b868f09f6dea39eb4b27d15c74347ce40fa84587e19a
data/evidence/2026-10-03-arm-localize-baseline/arm-board-final/arm_localize/benchmark/run-1p9nq39b/720p_empty/sample-00.json	原始测量证据	703	cd912b95289cb08c04b913fd1c729bffcdeaa5a7ac6aaa053e16302d535b97c2
data/evidence/2026-10-03-arm-localize-baseline/arm-board-final/arm_localize/benchmark/run-1p9nq39b/720p_empty/sample-01.json	原始测量证据	704	84cd3f940acbd07823b86f0c952ab732b7bbf58568d44f9bcc5aff5c9a69a6f8
data/evidence/2026-10-03-arm-localize-baseline/arm-board-final/arm_localize/benchmark/run-1p9nq39b/720p_empty/sample-02.json	原始测量证据	704	f87b2a7ab73608397b8e68f6e062471d10520bc79b4ff6f8c7bf20ff86dbf142
data/evidence/2026-10-03-arm-localize-baseline/arm-board-final/arm_localize/benchmark/run-1p9nq39b/720p_empty/sample-03.json	原始测量证据	704	603c77c052de4e0234990898cd980ceb8d1b7ba526f85847036a30abc066ecfe
data/evidence/2026-10-03-arm-localize-baseline/arm-board-final/arm_localize/benchmark/run-1p9nq39b/720p_empty/sample-04.json	原始测量证据	704	ca83bc442a4a34d971e5cdd9f820bd74f5a06afd09b749809c41a55c5f180428
data/evidence/2026-10-03-arm-localize-baseline/arm-board-final/arm_localize/benchmark/run-1p9nq39b/720p_empty/warmup-00.json	原始测量证据	704	475fa725ffe8617ed8fef5299dfb8b944d587b5a2317f3fc1e14aa55673b0b65
data/evidence/2026-10-03-arm-localize-baseline/arm-board-final/arm_localize/benchmark/run-1p9nq39b/720p_six/input.json	原始测量证据	3672332	1cca4d5dcebb0a17876554083c8195bfd19f5311314963b150a8d25eb06bb607
data/evidence/2026-10-03-arm-localize-baseline/arm-board-final/arm_localize/benchmark/run-1p9nq39b/720p_six/sample-00-crops-wqxs0nc_/target_000.hex	原始测量证据	12288	3ec2572c747c420fe850466e6590a954c212556a2efab46e4b8e9e08df9eeb2f
data/evidence/2026-10-03-arm-localize-baseline/arm-board-final/arm_localize/benchmark/run-1p9nq39b/720p_six/sample-00-crops-wqxs0nc_/target_000.pgm	原始测量证据	4109	c753f282faaf2987856c419fa42433cffaf01949a2c5ff8f034e5f590e80b6c8
data/evidence/2026-10-03-arm-localize-baseline/arm-board-final/arm_localize/benchmark/run-1p9nq39b/720p_six/sample-00-crops-wqxs0nc_/target_001.hex	原始测量证据	12288	bd048eb0a4089804ff2ca7f1d85b3949548b78dbbf32ed2c42ad600448f0d5c1
data/evidence/2026-10-03-arm-localize-baseline/arm-board-final/arm_localize/benchmark/run-1p9nq39b/720p_six/sample-00-crops-wqxs0nc_/target_001.pgm	原始测量证据	4109	0f0d7b110e2f8792ad0fa9a2566290d17be0bd8905fe33000cd85d2976e75afb
data/evidence/2026-10-03-arm-localize-baseline/arm-board-final/arm_localize/benchmark/run-1p9nq39b/720p_six/sample-00-crops-wqxs0nc_/target_002.hex	原始测量证据	12288	9622ccbb5a6546d1a4a4a355036b027039a82d9a3f30edb0bc0b245cb99c2f2f
data/evidence/2026-10-03-arm-localize-baseline/arm-board-final/arm_localize/benchmark/run-1p9nq39b/720p_six/sample-00-crops-wqxs0nc_/target_002.pgm	原始测量证据	4109	a16daa47619fe18079077639b2f9e60b778676d230d259ab24ecaa37430b7cbe
data/evidence/2026-10-03-arm-localize-baseline/arm-board-final/arm_localize/benchmark/run-1p9nq39b/720p_six/sample-00-crops-wqxs0nc_/target_003.hex	原始测量证据	12288	4eed14a12d7589680b403428bc084256f5cbadf9c10e7b843a3763b2fecee3b1
data/evidence/2026-10-03-arm-localize-baseline/arm-board-final/arm_localize/benchmark/run-1p9nq39b/720p_six/sample-00-crops-wqxs0nc_/target_003.pgm	原始测量证据	4109	72d8291ed00e12dba32668669180aa38baeb6c68297cc663ff6145cee1298e6d
data/evidence/2026-10-03-arm-localize-baseline/arm-board-final/arm_localize/benchmark/run-1p9nq39b/720p_six/sample-00-crops-wqxs0nc_/target_004.hex	原始测量证据	12288	5530b9e777336074211c46d567d583dc7bb9fbc4631750ccfbbb41018e6fb4b3
data/evidence/2026-10-03-arm-localize-baseline/arm-board-final/arm_localize/benchmark/run-1p9nq39b/720p_six/sample-00-crops-wqxs0nc_/target_004.pgm	原始测量证据	4109	5873c91bf5b77e5db77f02075c355953a274de0b47e57fe40d5f74e85caf7b41
data/evidence/2026-10-03-arm-localize-baseline/arm-board-final/arm_localize/benchmark/run-1p9nq39b/720p_six/sample-00-crops-wqxs0nc_/target_005.hex	原始测量证据	12288	ca4353792c66fce68939be226acebadfbd73c92e14cfee0bc4e26b24dc160602
data/evidence/2026-10-03-arm-localize-baseline/arm-board-final/arm_localize/benchmark/run-1p9nq39b/720p_six/sample-00-crops-wqxs0nc_/target_005.pgm	原始测量证据	4109	30da0e20ff3820d2bcd0dd58496af3a19700bc1f478b9c27e661a709472569fd
data/evidence/2026-10-03-arm-localize-baseline/arm-board-final/arm_localize/benchmark/run-1p9nq39b/720p_six/sample-00.json	原始测量证据	359009	d344cae7f2d56bc00646e0e6dbc5b80aa20bee89823fabc747cc1049c0646cb2
data/evidence/2026-10-03-arm-localize-baseline/arm-board-final/arm_localize/benchmark/run-1p9nq39b/720p_six/sample-01-crops-cilds74r/target_000.hex	原始测量证据	12288	3ec2572c747c420fe850466e6590a954c212556a2efab46e4b8e9e08df9eeb2f
data/evidence/2026-10-03-arm-localize-baseline/arm-board-final/arm_localize/benchmark/run-1p9nq39b/720p_six/sample-01-crops-cilds74r/target_000.pgm	原始测量证据	4109	c753f282faaf2987856c419fa42433cffaf01949a2c5ff8f034e5f590e80b6c8
data/evidence/2026-10-03-arm-localize-baseline/arm-board-final/arm_localize/benchmark/run-1p9nq39b/720p_six/sample-01-crops-cilds74r/target_001.hex	原始测量证据	12288	bd048eb0a4089804ff2ca7f1d85b3949548b78dbbf32ed2c42ad600448f0d5c1
data/evidence/2026-10-03-arm-localize-baseline/arm-board-final/arm_localize/benchmark/run-1p9nq39b/720p_six/sample-01-crops-cilds74r/target_001.pgm	原始测量证据	4109	0f0d7b110e2f8792ad0fa9a2566290d17be0bd8905fe33000cd85d2976e75afb
data/evidence/2026-10-03-arm-localize-baseline/arm-board-final/arm_localize/benchmark/run-1p9nq39b/720p_six/sample-01-crops-cilds74r/target_002.hex	原始测量证据	12288	9622ccbb5a6546d1a4a4a355036b027039a82d9a3f30edb0bc0b245cb99c2f2f
data/evidence/2026-10-03-arm-localize-baseline/arm-board-final/arm_localize/benchmark/run-1p9nq39b/720p_six/sample-01-crops-cilds74r/target_002.pgm	原始测量证据	4109	a16daa47619fe18079077639b2f9e60b778676d230d259ab24ecaa37430b7cbe
data/evidence/2026-10-03-arm-localize-baseline/arm-board-final/arm_localize/benchmark/run-1p9nq39b/720p_six/sample-01-crops-cilds74r/target_003.hex	原始测量证据	12288	4eed14a12d7589680b403428bc084256f5cbadf9c10e7b843a3763b2fecee3b1
data/evidence/2026-10-03-arm-localize-baseline/arm-board-final/arm_localize/benchmark/run-1p9nq39b/720p_six/sample-01-crops-cilds74r/target_003.pgm	原始测量证据	4109	72d8291ed00e12dba32668669180aa38baeb6c68297cc663ff6145cee1298e6d
data/evidence/2026-10-03-arm-localize-baseline/arm-board-final/arm_localize/benchmark/run-1p9nq39b/720p_six/sample-01-crops-cilds74r/target_004.hex	原始测量证据	12288	5530b9e777336074211c46d567d583dc7bb9fbc4631750ccfbbb41018e6fb4b3
data/evidence/2026-10-03-arm-localize-baseline/arm-board-final/arm_localize/benchmark/run-1p9nq39b/720p_six/sample-01-crops-cilds74r/target_004.pgm	原始测量证据	4109	5873c91bf5b77e5db77f02075c355953a274de0b47e57fe40d5f74e85caf7b41
data/evidence/2026-10-03-arm-localize-baseline/arm-board-final/arm_localize/benchmark/run-1p9nq39b/720p_six/sample-01-crops-cilds74r/target_005.hex	原始测量证据	12288	ca4353792c66fce68939be226acebadfbd73c92e14cfee0bc4e26b24dc160602
data/evidence/2026-10-03-arm-localize-baseline/arm-board-final/arm_localize/benchmark/run-1p9nq39b/720p_six/sample-01-crops-cilds74r/target_005.pgm	原始测量证据	4109	30da0e20ff3820d2bcd0dd58496af3a19700bc1f478b9c27e661a709472569fd
data/evidence/2026-10-03-arm-localize-baseline/arm-board-final/arm_localize/benchmark/run-1p9nq39b/720p_six/sample-01.json	原始测量证据	359009	791327061048a0910b0e4ab35ea7b1ac961add65b01ac894aaf4eda64ec8b036
data/evidence/2026-10-03-arm-localize-baseline/arm-board-final/arm_localize/benchmark/run-1p9nq39b/720p_six/sample-02-crops-1fpbzr_6/target_000.hex	原始测量证据	12288	3ec2572c747c420fe850466e6590a954c212556a2efab46e4b8e9e08df9eeb2f
data/evidence/2026-10-03-arm-localize-baseline/arm-board-final/arm_localize/benchmark/run-1p9nq39b/720p_six/sample-02-crops-1fpbzr_6/target_000.pgm	原始测量证据	4109	c753f282faaf2987856c419fa42433cffaf01949a2c5ff8f034e5f590e80b6c8
data/evidence/2026-10-03-arm-localize-baseline/arm-board-final/arm_localize/benchmark/run-1p9nq39b/720p_six/sample-02-crops-1fpbzr_6/target_001.hex	原始测量证据	12288	bd048eb0a4089804ff2ca7f1d85b3949548b78dbbf32ed2c42ad600448f0d5c1
data/evidence/2026-10-03-arm-localize-baseline/arm-board-final/arm_localize/benchmark/run-1p9nq39b/720p_six/sample-02-crops-1fpbzr_6/target_001.pgm	原始测量证据	4109	0f0d7b110e2f8792ad0fa9a2566290d17be0bd8905fe33000cd85d2976e75afb
data/evidence/2026-10-03-arm-localize-baseline/arm-board-final/arm_localize/benchmark/run-1p9nq39b/720p_six/sample-02-crops-1fpbzr_6/target_002.hex	原始测量证据	12288	9622ccbb5a6546d1a4a4a355036b027039a82d9a3f30edb0bc0b245cb99c2f2f
data/evidence/2026-10-03-arm-localize-baseline/arm-board-final/arm_localize/benchmark/run-1p9nq39b/720p_six/sample-02-crops-1fpbzr_6/target_002.pgm	原始测量证据	4109	a16daa47619fe18079077639b2f9e60b778676d230d259ab24ecaa37430b7cbe
data/evidence/2026-10-03-arm-localize-baseline/arm-board-final/arm_localize/benchmark/run-1p9nq39b/720p_six/sample-02-crops-1fpbzr_6/target_003.hex	原始测量证据	12288	4eed14a12d7589680b403428bc084256f5cbadf9c10e7b843a3763b2fecee3b1
data/evidence/2026-10-03-arm-localize-baseline/arm-board-final/arm_localize/benchmark/run-1p9nq39b/720p_six/sample-02-crops-1fpbzr_6/target_003.pgm	原始测量证据	4109	72d8291ed00e12dba32668669180aa38baeb6c68297cc663ff6145cee1298e6d
data/evidence/2026-10-03-arm-localize-baseline/arm-board-final/arm_localize/benchmark/run-1p9nq39b/720p_six/sample-02-crops-1fpbzr_6/target_004.hex	原始测量证据	12288	5530b9e777336074211c46d567d583dc7bb9fbc4631750ccfbbb41018e6fb4b3
data/evidence/2026-10-03-arm-localize-baseline/arm-board-final/arm_localize/benchmark/run-1p9nq39b/720p_six/sample-02-crops-1fpbzr_6/target_004.pgm	原始测量证据	4109	5873c91bf5b77e5db77f02075c355953a274de0b47e57fe40d5f74e85caf7b41
data/evidence/2026-10-03-arm-localize-baseline/arm-board-final/arm_localize/benchmark/run-1p9nq39b/720p_six/sample-02-crops-1fpbzr_6/target_005.hex	原始测量证据	12288	ca4353792c66fce68939be226acebadfbd73c92e14cfee0bc4e26b24dc160602
data/evidence/2026-10-03-arm-localize-baseline/arm-board-final/arm_localize/benchmark/run-1p9nq39b/720p_six/sample-02-crops-1fpbzr_6/target_005.pgm	原始测量证据	4109	30da0e20ff3820d2bcd0dd58496af3a19700bc1f478b9c27e661a709472569fd
data/evidence/2026-10-03-arm-localize-baseline/arm-board-final/arm_localize/benchmark/run-1p9nq39b/720p_six/sample-02.json	原始测量证据	359009	06662d455187a3b0860186befa60f25af2c90283064886e4f63dc08d65868b5e
data/evidence/2026-10-03-arm-localize-baseline/arm-board-final/arm_localize/benchmark/run-1p9nq39b/720p_six/sample-03-crops-sf35kw5c/target_000.hex	原始测量证据	12288	3ec2572c747c420fe850466e6590a954c212556a2efab46e4b8e9e08df9eeb2f
data/evidence/2026-10-03-arm-localize-baseline/arm-board-final/arm_localize/benchmark/run-1p9nq39b/720p_six/sample-03-crops-sf35kw5c/target_000.pgm	原始测量证据	4109	c753f282faaf2987856c419fa42433cffaf01949a2c5ff8f034e5f590e80b6c8
data/evidence/2026-10-03-arm-localize-baseline/arm-board-final/arm_localize/benchmark/run-1p9nq39b/720p_six/sample-03-crops-sf35kw5c/target_001.hex	原始测量证据	12288	bd048eb0a4089804ff2ca7f1d85b3949548b78dbbf32ed2c42ad600448f0d5c1
data/evidence/2026-10-03-arm-localize-baseline/arm-board-final/arm_localize/benchmark/run-1p9nq39b/720p_six/sample-03-crops-sf35kw5c/target_001.pgm	原始测量证据	4109	0f0d7b110e2f8792ad0fa9a2566290d17be0bd8905fe33000cd85d2976e75afb
data/evidence/2026-10-03-arm-localize-baseline/arm-board-final/arm_localize/benchmark/run-1p9nq39b/720p_six/sample-03-crops-sf35kw5c/target_002.hex	原始测量证据	12288	9622ccbb5a6546d1a4a4a355036b027039a82d9a3f30edb0bc0b245cb99c2f2f
data/evidence/2026-10-03-arm-localize-baseline/arm-board-final/arm_localize/benchmark/run-1p9nq39b/720p_six/sample-03-crops-sf35kw5c/target_002.pgm	原始测量证据	4109	a16daa47619fe18079077639b2f9e60b778676d230d259ab24ecaa37430b7cbe
data/evidence/2026-10-03-arm-localize-baseline/arm-board-final/arm_localize/benchmark/run-1p9nq39b/720p_six/sample-03-crops-sf35kw5c/target_003.hex	原始测量证据	12288	4eed14a12d7589680b403428bc084256f5cbadf9c10e7b843a3763b2fecee3b1
data/evidence/2026-10-03-arm-localize-baseline/arm-board-final/arm_localize/benchmark/run-1p9nq39b/720p_six/sample-03-crops-sf35kw5c/target_003.pgm	原始测量证据	4109	72d8291ed00e12dba32668669180aa38baeb6c68297cc663ff6145cee1298e6d
data/evidence/2026-10-03-arm-localize-baseline/arm-board-final/arm_localize/benchmark/run-1p9nq39b/720p_six/sample-03-crops-sf35kw5c/target_004.hex	原始测量证据	12288	5530b9e777336074211c46d567d583dc7bb9fbc4631750ccfbbb41018e6fb4b3
data/evidence/2026-10-03-arm-localize-baseline/arm-board-final/arm_localize/benchmark/run-1p9nq39b/720p_six/sample-03-crops-sf35kw5c/target_004.pgm	原始测量证据	4109	5873c91bf5b77e5db77f02075c355953a274de0b47e57fe40d5f74e85caf7b41
data/evidence/2026-10-03-arm-localize-baseline/arm-board-final/arm_localize/benchmark/run-1p9nq39b/720p_six/sample-03-crops-sf35kw5c/target_005.hex	原始测量证据	12288	ca4353792c66fce68939be226acebadfbd73c92e14cfee0bc4e26b24dc160602
data/evidence/2026-10-03-arm-localize-baseline/arm-board-final/arm_localize/benchmark/run-1p9nq39b/720p_six/sample-03-crops-sf35kw5c/target_005.pgm	原始测量证据	4109	30da0e20ff3820d2bcd0dd58496af3a19700bc1f478b9c27e661a709472569fd
data/evidence/2026-10-03-arm-localize-baseline/arm-board-final/arm_localize/benchmark/run-1p9nq39b/720p_six/sample-03.json	原始测量证据	359009	cbcc33a2019bf78ef224f4b68cc8d9b4083eb2270eab2a4d3c0129b9731cbc07
data/evidence/2026-10-03-arm-localize-baseline/arm-board-final/arm_localize/benchmark/run-1p9nq39b/720p_six/sample-04-crops-avmbv2uo/target_000.hex	原始测量证据	12288	3ec2572c747c420fe850466e6590a954c212556a2efab46e4b8e9e08df9eeb2f
data/evidence/2026-10-03-arm-localize-baseline/arm-board-final/arm_localize/benchmark/run-1p9nq39b/720p_six/sample-04-crops-avmbv2uo/target_000.pgm	原始测量证据	4109	c753f282faaf2987856c419fa42433cffaf01949a2c5ff8f034e5f590e80b6c8
data/evidence/2026-10-03-arm-localize-baseline/arm-board-final/arm_localize/benchmark/run-1p9nq39b/720p_six/sample-04-crops-avmbv2uo/target_001.hex	原始测量证据	12288	bd048eb0a4089804ff2ca7f1d85b3949548b78dbbf32ed2c42ad600448f0d5c1
data/evidence/2026-10-03-arm-localize-baseline/arm-board-final/arm_localize/benchmark/run-1p9nq39b/720p_six/sample-04-crops-avmbv2uo/target_001.pgm	原始测量证据	4109	0f0d7b110e2f8792ad0fa9a2566290d17be0bd8905fe33000cd85d2976e75afb
data/evidence/2026-10-03-arm-localize-baseline/arm-board-final/arm_localize/benchmark/run-1p9nq39b/720p_six/sample-04-crops-avmbv2uo/target_002.hex	原始测量证据	12288	9622ccbb5a6546d1a4a4a355036b027039a82d9a3f30edb0bc0b245cb99c2f2f
data/evidence/2026-10-03-arm-localize-baseline/arm-board-final/arm_localize/benchmark/run-1p9nq39b/720p_six/sample-04-crops-avmbv2uo/target_002.pgm	原始测量证据	4109	a16daa47619fe18079077639b2f9e60b778676d230d259ab24ecaa37430b7cbe
data/evidence/2026-10-03-arm-localize-baseline/arm-board-final/arm_localize/benchmark/run-1p9nq39b/720p_six/sample-04-crops-avmbv2uo/target_003.hex	原始测量证据	12288	4eed14a12d7589680b403428bc084256f5cbadf9c10e7b843a3763b2fecee3b1
data/evidence/2026-10-03-arm-localize-baseline/arm-board-final/arm_localize/benchmark/run-1p9nq39b/720p_six/sample-04-crops-avmbv2uo/target_003.pgm	原始测量证据	4109	72d8291ed00e12dba32668669180aa38baeb6c68297cc663ff6145cee1298e6d
data/evidence/2026-10-03-arm-localize-baseline/arm-board-final/arm_localize/benchmark/run-1p9nq39b/720p_six/sample-04-crops-avmbv2uo/target_004.hex	原始测量证据	12288	5530b9e777336074211c46d567d583dc7bb9fbc4631750ccfbbb41018e6fb4b3
data/evidence/2026-10-03-arm-localize-baseline/arm-board-final/arm_localize/benchmark/run-1p9nq39b/720p_six/sample-04-crops-avmbv2uo/target_004.pgm	原始测量证据	4109	5873c91bf5b77e5db77f02075c355953a274de0b47e57fe40d5f74e85caf7b41
data/evidence/2026-10-03-arm-localize-baseline/arm-board-final/arm_localize/benchmark/run-1p9nq39b/720p_six/sample-04-crops-avmbv2uo/target_005.hex	原始测量证据	12288	ca4353792c66fce68939be226acebadfbd73c92e14cfee0bc4e26b24dc160602
data/evidence/2026-10-03-arm-localize-baseline/arm-board-final/arm_localize/benchmark/run-1p9nq39b/720p_six/sample-04-crops-avmbv2uo/target_005.pgm	原始测量证据	4109	30da0e20ff3820d2bcd0dd58496af3a19700bc1f478b9c27e661a709472569fd
data/evidence/2026-10-03-arm-localize-baseline/arm-board-final/arm_localize/benchmark/run-1p9nq39b/720p_six/sample-04.json	原始测量证据	359009	86e8b34463c3e0e80095381caf8dce48540fadc3f341235030e3d1ec2f2e6401
data/evidence/2026-10-03-arm-localize-baseline/arm-board-final/arm_localize/benchmark/run-1p9nq39b/720p_six/warmup-00-crops-ut4gj2zo/target_000.hex	原始测量证据	12288	3ec2572c747c420fe850466e6590a954c212556a2efab46e4b8e9e08df9eeb2f
data/evidence/2026-10-03-arm-localize-baseline/arm-board-final/arm_localize/benchmark/run-1p9nq39b/720p_six/warmup-00-crops-ut4gj2zo/target_000.pgm	原始测量证据	4109	c753f282faaf2987856c419fa42433cffaf01949a2c5ff8f034e5f590e80b6c8
data/evidence/2026-10-03-arm-localize-baseline/arm-board-final/arm_localize/benchmark/run-1p9nq39b/720p_six/warmup-00-crops-ut4gj2zo/target_001.hex	原始测量证据	12288	bd048eb0a4089804ff2ca7f1d85b3949548b78dbbf32ed2c42ad600448f0d5c1
data/evidence/2026-10-03-arm-localize-baseline/arm-board-final/arm_localize/benchmark/run-1p9nq39b/720p_six/warmup-00-crops-ut4gj2zo/target_001.pgm	原始测量证据	4109	0f0d7b110e2f8792ad0fa9a2566290d17be0bd8905fe33000cd85d2976e75afb
data/evidence/2026-10-03-arm-localize-baseline/arm-board-final/arm_localize/benchmark/run-1p9nq39b/720p_six/warmup-00-crops-ut4gj2zo/target_002.hex	原始测量证据	12288	9622ccbb5a6546d1a4a4a355036b027039a82d9a3f30edb0bc0b245cb99c2f2f
data/evidence/2026-10-03-arm-localize-baseline/arm-board-final/arm_localize/benchmark/run-1p9nq39b/720p_six/warmup-00-crops-ut4gj2zo/target_002.pgm	原始测量证据	4109	a16daa47619fe18079077639b2f9e60b778676d230d259ab24ecaa37430b7cbe
data/evidence/2026-10-03-arm-localize-baseline/arm-board-final/arm_localize/benchmark/run-1p9nq39b/720p_six/warmup-00-crops-ut4gj2zo/target_003.hex	原始测量证据	12288	4eed14a12d7589680b403428bc084256f5cbadf9c10e7b843a3763b2fecee3b1
data/evidence/2026-10-03-arm-localize-baseline/arm-board-final/arm_localize/benchmark/run-1p9nq39b/720p_six/warmup-00-crops-ut4gj2zo/target_003.pgm	原始测量证据	4109	72d8291ed00e12dba32668669180aa38baeb6c68297cc663ff6145cee1298e6d
data/evidence/2026-10-03-arm-localize-baseline/arm-board-final/arm_localize/benchmark/run-1p9nq39b/720p_six/warmup-00-crops-ut4gj2zo/target_004.hex	原始测量证据	12288	5530b9e777336074211c46d567d583dc7bb9fbc4631750ccfbbb41018e6fb4b3
data/evidence/2026-10-03-arm-localize-baseline/arm-board-final/arm_localize/benchmark/run-1p9nq39b/720p_six/warmup-00-crops-ut4gj2zo/target_004.pgm	原始测量证据	4109	5873c91bf5b77e5db77f02075c355953a274de0b47e57fe40d5f74e85caf7b41
data/evidence/2026-10-03-arm-localize-baseline/arm-board-final/arm_localize/benchmark/run-1p9nq39b/720p_six/warmup-00-crops-ut4gj2zo/target_005.hex	原始测量证据	12288	ca4353792c66fce68939be226acebadfbd73c92e14cfee0bc4e26b24dc160602
data/evidence/2026-10-03-arm-localize-baseline/arm-board-final/arm_localize/benchmark/run-1p9nq39b/720p_six/warmup-00-crops-ut4gj2zo/target_005.pgm	原始测量证据	4109	30da0e20ff3820d2bcd0dd58496af3a19700bc1f478b9c27e661a709472569fd
data/evidence/2026-10-03-arm-localize-baseline/arm-board-final/arm_localize/benchmark/run-1p9nq39b/720p_six/warmup-00.json	原始测量证据	359009	c60d84c966da30f2205645acf37c5662955f8fad7814accbb01b2814037285b3
data/evidence/2026-10-03-arm-localize-baseline/arm-board-final/arm_localize/benchmark/run-1p9nq39b/tiny/input.json	原始测量证据	390	a18213218cbed18c012392eb09679c58ee77f02182c7347a2ac871ff7aa8f6df
data/evidence/2026-10-03-arm-localize-baseline/arm-board-final/arm_localize/benchmark/run-1p9nq39b/tiny/sample-00-crops-8dln4fze/target_000.hex	原始测量证据	12288	22d37839cb28715731400ea782e57d23e85facfad52553524b32f7c091222b63
data/evidence/2026-10-03-arm-localize-baseline/arm-board-final/arm_localize/benchmark/run-1p9nq39b/tiny/sample-00-crops-8dln4fze/target_000.pgm	原始测量证据	4109	20338307550c5d824a81161c204d3077a072d8fe29948aaa0e24b92b59416041
data/evidence/2026-10-03-arm-localize-baseline/arm-board-final/arm_localize/benchmark/run-1p9nq39b/tiny/sample-00-crops-8dln4fze/target_001.hex	原始测量证据	12288	f2b1505a8a564217b39e1ebb6de63fc377243309879135fd69c0eb967448d1aa
data/evidence/2026-10-03-arm-localize-baseline/arm-board-final/arm_localize/benchmark/run-1p9nq39b/tiny/sample-00-crops-8dln4fze/target_001.pgm	原始测量证据	4109	cd3c18d37e4edabdf84e67fb5a3ac3f679f7c681d82ffbfc486665c965de444e
data/evidence/2026-10-03-arm-localize-baseline/arm-board-final/arm_localize/benchmark/run-1p9nq39b/tiny/sample-00.json	原始测量证据	120081	5dbddd1f12546b7a860b1338315e0b8a8ebe8dca78286efb0d5872def61edd14
data/evidence/2026-10-03-arm-localize-baseline/arm-board-final/arm_localize/benchmark/run-1p9nq39b/tiny/sample-01-crops-95bg95k4/target_000.hex	原始测量证据	12288	22d37839cb28715731400ea782e57d23e85facfad52553524b32f7c091222b63
data/evidence/2026-10-03-arm-localize-baseline/arm-board-final/arm_localize/benchmark/run-1p9nq39b/tiny/sample-01-crops-95bg95k4/target_000.pgm	原始测量证据	4109	20338307550c5d824a81161c204d3077a072d8fe29948aaa0e24b92b59416041
data/evidence/2026-10-03-arm-localize-baseline/arm-board-final/arm_localize/benchmark/run-1p9nq39b/tiny/sample-01-crops-95bg95k4/target_001.hex	原始测量证据	12288	f2b1505a8a564217b39e1ebb6de63fc377243309879135fd69c0eb967448d1aa
data/evidence/2026-10-03-arm-localize-baseline/arm-board-final/arm_localize/benchmark/run-1p9nq39b/tiny/sample-01-crops-95bg95k4/target_001.pgm	原始测量证据	4109	cd3c18d37e4edabdf84e67fb5a3ac3f679f7c681d82ffbfc486665c965de444e
data/evidence/2026-10-03-arm-localize-baseline/arm-board-final/arm_localize/benchmark/run-1p9nq39b/tiny/sample-01.json	原始测量证据	120081	ed5eb5e9c9cf200cd8b79081537348b50f3ff5aa4922b472ca0414838b408741
data/evidence/2026-10-03-arm-localize-baseline/arm-board-final/arm_localize/benchmark/run-1p9nq39b/tiny/sample-02-crops-3hpsyevo/target_000.hex	原始测量证据	12288	22d37839cb28715731400ea782e57d23e85facfad52553524b32f7c091222b63
data/evidence/2026-10-03-arm-localize-baseline/arm-board-final/arm_localize/benchmark/run-1p9nq39b/tiny/sample-02-crops-3hpsyevo/target_000.pgm	原始测量证据	4109	20338307550c5d824a81161c204d3077a072d8fe29948aaa0e24b92b59416041
data/evidence/2026-10-03-arm-localize-baseline/arm-board-final/arm_localize/benchmark/run-1p9nq39b/tiny/sample-02-crops-3hpsyevo/target_001.hex	原始测量证据	12288	f2b1505a8a564217b39e1ebb6de63fc377243309879135fd69c0eb967448d1aa
data/evidence/2026-10-03-arm-localize-baseline/arm-board-final/arm_localize/benchmark/run-1p9nq39b/tiny/sample-02-crops-3hpsyevo/target_001.pgm	原始测量证据	4109	cd3c18d37e4edabdf84e67fb5a3ac3f679f7c681d82ffbfc486665c965de444e
data/evidence/2026-10-03-arm-localize-baseline/arm-board-final/arm_localize/benchmark/run-1p9nq39b/tiny/sample-02.json	原始测量证据	120081	eda31345719160e942f140e9cd5287ab7990d4f09e9676d1c04e8e1a4106a3e9
data/evidence/2026-10-03-arm-localize-baseline/arm-board-final/arm_localize/benchmark/run-1p9nq39b/tiny/sample-03-crops-laf5970y/target_000.hex	原始测量证据	12288	22d37839cb28715731400ea782e57d23e85facfad52553524b32f7c091222b63
data/evidence/2026-10-03-arm-localize-baseline/arm-board-final/arm_localize/benchmark/run-1p9nq39b/tiny/sample-03-crops-laf5970y/target_000.pgm	原始测量证据	4109	20338307550c5d824a81161c204d3077a072d8fe29948aaa0e24b92b59416041
data/evidence/2026-10-03-arm-localize-baseline/arm-board-final/arm_localize/benchmark/run-1p9nq39b/tiny/sample-03-crops-laf5970y/target_001.hex	原始测量证据	12288	f2b1505a8a564217b39e1ebb6de63fc377243309879135fd69c0eb967448d1aa
data/evidence/2026-10-03-arm-localize-baseline/arm-board-final/arm_localize/benchmark/run-1p9nq39b/tiny/sample-03-crops-laf5970y/target_001.pgm	原始测量证据	4109	cd3c18d37e4edabdf84e67fb5a3ac3f679f7c681d82ffbfc486665c965de444e
data/evidence/2026-10-03-arm-localize-baseline/arm-board-final/arm_localize/benchmark/run-1p9nq39b/tiny/sample-03.json	原始测量证据	120080	76956e30386f248275529338c7d370c723d3347baf6c6533c9014de0dcc81a33
data/evidence/2026-10-03-arm-localize-baseline/arm-board-final/arm_localize/benchmark/run-1p9nq39b/tiny/sample-04-crops-38ox1uka/target_000.hex	原始测量证据	12288	22d37839cb28715731400ea782e57d23e85facfad52553524b32f7c091222b63
data/evidence/2026-10-03-arm-localize-baseline/arm-board-final/arm_localize/benchmark/run-1p9nq39b/tiny/sample-04-crops-38ox1uka/target_000.pgm	原始测量证据	4109	20338307550c5d824a81161c204d3077a072d8fe29948aaa0e24b92b59416041
data/evidence/2026-10-03-arm-localize-baseline/arm-board-final/arm_localize/benchmark/run-1p9nq39b/tiny/sample-04-crops-38ox1uka/target_001.hex	原始测量证据	12288	f2b1505a8a564217b39e1ebb6de63fc377243309879135fd69c0eb967448d1aa
data/evidence/2026-10-03-arm-localize-baseline/arm-board-final/arm_localize/benchmark/run-1p9nq39b/tiny/sample-04-crops-38ox1uka/target_001.pgm	原始测量证据	4109	cd3c18d37e4edabdf84e67fb5a3ac3f679f7c681d82ffbfc486665c965de444e
data/evidence/2026-10-03-arm-localize-baseline/arm-board-final/arm_localize/benchmark/run-1p9nq39b/tiny/sample-04.json	原始测量证据	120081	878cc89d5451e7ddb9f2da9f9d526923c18b7eded937aae26eb17f3b99d99d39
data/evidence/2026-10-03-arm-localize-baseline/arm-board-final/arm_localize/benchmark/run-1p9nq39b/tiny/warmup-00-crops-1a0nfp8a/target_000.hex	原始测量证据	12288	22d37839cb28715731400ea782e57d23e85facfad52553524b32f7c091222b63
data/evidence/2026-10-03-arm-localize-baseline/arm-board-final/arm_localize/benchmark/run-1p9nq39b/tiny/warmup-00-crops-1a0nfp8a/target_000.pgm	原始测量证据	4109	20338307550c5d824a81161c204d3077a072d8fe29948aaa0e24b92b59416041
data/evidence/2026-10-03-arm-localize-baseline/arm-board-final/arm_localize/benchmark/run-1p9nq39b/tiny/warmup-00-crops-1a0nfp8a/target_001.hex	原始测量证据	12288	f2b1505a8a564217b39e1ebb6de63fc377243309879135fd69c0eb967448d1aa
data/evidence/2026-10-03-arm-localize-baseline/arm-board-final/arm_localize/benchmark/run-1p9nq39b/tiny/warmup-00-crops-1a0nfp8a/target_001.pgm	原始测量证据	4109	cd3c18d37e4edabdf84e67fb5a3ac3f679f7c681d82ffbfc486665c965de444e
data/evidence/2026-10-03-arm-localize-baseline/arm-board-final/arm_localize/benchmark/run-1p9nq39b/tiny/warmup-00.json	原始测量证据	120081	9710e6ede306424146e0753912f2eb6495417cffd85c55d630c6e299e7200d93
data/evidence/2026-10-03-arm-localize-baseline/arm-board-final/arm_localize/benchmark/summary.json	原始测量证据	4892	bf34f43f0b34ea96494a0c113d89d2688de99b1c7c981562071977d3e0f182be
data/evidence/2026-10-03-arm-localize-baseline/arm-board-final/arm_localize/final-result-crops-qq101pl5/target_000.hex	原始测量证据	12288	22d37839cb28715731400ea782e57d23e85facfad52553524b32f7c091222b63
data/evidence/2026-10-03-arm-localize-baseline/arm-board-final/arm_localize/final-result-crops-qq101pl5/target_000.pgm	原始测量证据	4109	20338307550c5d824a81161c204d3077a072d8fe29948aaa0e24b92b59416041
data/evidence/2026-10-03-arm-localize-baseline/arm-board-final/arm_localize/final-result-crops-qq101pl5/target_001.hex	原始测量证据	12288	f2b1505a8a564217b39e1ebb6de63fc377243309879135fd69c0eb967448d1aa
data/evidence/2026-10-03-arm-localize-baseline/arm-board-final/arm_localize/final-result-crops-qq101pl5/target_001.pgm	原始测量证据	4109	cd3c18d37e4edabdf84e67fb5a3ac3f679f7c681d82ffbfc486665c965de444e
data/evidence/2026-10-03-arm-localize-baseline/arm-board-final/arm_localize/final-result.json	原始测量证据	120085	3a2cf0202b2869d1a94ffb8db9b97dba40f2eeee25884c8cfb678b4fc87d742e
data/evidence/2026-10-03-arm-localize-baseline/arm-board-final/arm_localize/manifest.json	原始测量证据	669	4cb56d8dae28bd01701f789f893b611a34b9234e619b572906d70b86e873b842
data/evidence/2026-10-03-arm-localize-baseline/arm-board-final/arm_localize/reference.py	原始测量证据	3600	2b9c2b2af41b3d560359aafa1d06ec708a492c36328f3173b5e606f00fd6a073
data/evidence/2026-10-03-arm-localize-baseline/arm-board-final/arm_localize/selftest-evidence/result-crops-txhvj155/target_000.hex	原始测量证据	36	49177673c0579eadc9408c5a54a7d893694f1a66d3899be9f912eeff16fab50c
data/evidence/2026-10-03-arm-localize-baseline/arm-board-final/arm_localize/selftest-evidence/result-crops-txhvj155/target_000.pgm	原始测量证据	23	54c75411bd7638b2c5d4f2a329e5bf2ae1c5191b3c799c205fe0aad52f12a348
data/evidence/2026-10-03-arm-localize-baseline/arm-board-final/arm_localize/selftest-evidence/result-crops-txhvj155/target_001.hex	原始测量证据	36	d9958ae5248655fd5774b377577f82db068c27322ca3a51c5577effb50ccc1b8
data/evidence/2026-10-03-arm-localize-baseline/arm-board-final/arm_localize/selftest-evidence/result-crops-txhvj155/target_001.pgm	原始测量证据	23	54e6a25edd3b88909b1ad86cf168d6b00ee012cf5e724e0f9e6992d6d04adc10
data/evidence/2026-10-03-arm-localize-baseline/arm-board-final/arm_localize/selftest-evidence/result.json	原始测量证据	3257	dbb6b5d8a7ca7e3a42550c4ea9aa69650d34186b8e1fcb515ccc568b28bfc8bd
data/evidence/2026-10-03-arm-localize-baseline/arm-board-final/arm_localize/two_targets.json	原始测量证据	439	6a28cfa975586bf71a2b8e979896cccbc2d108801d46063d860421f874be96cd
data/evidence/2026-10-03-arm-localize-baseline/arm-board/arm_localize/README.md	原始测量证据	2635	c32b79f13db44204f2e2cbc4a2d096b1f01497d4ab589247348003a600cd2d29
data/evidence/2026-10-03-arm-localize-baseline/arm-board/arm_localize/arm_localize.py	原始测量证据	4636	28a3bb66c60145534338c4c1e6b704d490e015e6ce5f82359cc6bba015cee225
data/evidence/2026-10-03-arm-localize-baseline/arm-board/arm_localize/arm_localize_bench.py	原始测量证据	4642	4c34139cd7a056a13c39796c21a4b32571be953fcd603b1815d90e5c7c8388ed
data/evidence/2026-10-03-arm-localize-baseline/arm-board/arm_localize/arm_localize_selftest.py	原始测量证据	1919	a071d8183c5c4514b67b1002a08639db1f0e82e64a7a6c37622d6f071130d834
data/evidence/2026-10-03-arm-localize-baseline/arm-board/arm_localize/benchmark/run-nph60lvw/720p_empty/input.json	原始测量证据	3687852	3c6c4f6d25050ff02e03b868f09f6dea39eb4b27d15c74347ce40fa84587e19a
data/evidence/2026-10-03-arm-localize-baseline/arm-board/arm_localize/benchmark/run-nph60lvw/720p_empty/sample-00.json	原始测量证据	704	6624630adbd433429ebce3afeeaf29af72a5c5c8ec88437398034907e87fad0e
data/evidence/2026-10-03-arm-localize-baseline/arm-board/arm_localize/benchmark/run-nph60lvw/720p_empty/sample-01.json	原始测量证据	703	21e7fefce3e1457cd9f7bcf5fc812fca5e0ce0d0997441f7b99b3f4e0d1399d3
data/evidence/2026-10-03-arm-localize-baseline/arm-board/arm_localize/benchmark/run-nph60lvw/720p_empty/sample-02.json	原始测量证据	702	d9aa37140643586923968adf3e9ddf4634e026fb368a4a0fde65f6dd1a11e86d
data/evidence/2026-10-03-arm-localize-baseline/arm-board/arm_localize/benchmark/run-nph60lvw/720p_empty/sample-03.json	原始测量证据	704	4f13d8bc5dced0d9e488d86c3486137b0a25f14d8d05ce309dd52eee998f2cf1
data/evidence/2026-10-03-arm-localize-baseline/arm-board/arm_localize/benchmark/run-nph60lvw/720p_empty/sample-04.json	原始测量证据	704	721b2339d23f9a280e2be85f31964f65a88bdb2b968904da033ace84e5869cf3
data/evidence/2026-10-03-arm-localize-baseline/arm-board/arm_localize/benchmark/run-nph60lvw/720p_empty/warmup-00.json	原始测量证据	704	6af158c0f18e69068a9b26090dbf19084107ef09f8d4b04105297544e7bd02e1
data/evidence/2026-10-03-arm-localize-baseline/arm-board/arm_localize/benchmark/run-nph60lvw/720p_six/input.json	原始测量证据	3672332	1cca4d5dcebb0a17876554083c8195bfd19f5311314963b150a8d25eb06bb607
data/evidence/2026-10-03-arm-localize-baseline/arm-board/arm_localize/benchmark/run-nph60lvw/720p_six/sample-00-crops-e1pwoeec/target_000.hex	原始测量证据	12288	3ec2572c747c420fe850466e6590a954c212556a2efab46e4b8e9e08df9eeb2f
data/evidence/2026-10-03-arm-localize-baseline/arm-board/arm_localize/benchmark/run-nph60lvw/720p_six/sample-00-crops-e1pwoeec/target_000.pgm	原始测量证据	4109	c753f282faaf2987856c419fa42433cffaf01949a2c5ff8f034e5f590e80b6c8
data/evidence/2026-10-03-arm-localize-baseline/arm-board/arm_localize/benchmark/run-nph60lvw/720p_six/sample-00-crops-e1pwoeec/target_001.hex	原始测量证据	12288	bd048eb0a4089804ff2ca7f1d85b3949548b78dbbf32ed2c42ad600448f0d5c1
data/evidence/2026-10-03-arm-localize-baseline/arm-board/arm_localize/benchmark/run-nph60lvw/720p_six/sample-00-crops-e1pwoeec/target_001.pgm	原始测量证据	4109	0f0d7b110e2f8792ad0fa9a2566290d17be0bd8905fe33000cd85d2976e75afb
data/evidence/2026-10-03-arm-localize-baseline/arm-board/arm_localize/benchmark/run-nph60lvw/720p_six/sample-00-crops-e1pwoeec/target_002.hex	原始测量证据	12288	9622ccbb5a6546d1a4a4a355036b027039a82d9a3f30edb0bc0b245cb99c2f2f
data/evidence/2026-10-03-arm-localize-baseline/arm-board/arm_localize/benchmark/run-nph60lvw/720p_six/sample-00-crops-e1pwoeec/target_002.pgm	原始测量证据	4109	a16daa47619fe18079077639b2f9e60b778676d230d259ab24ecaa37430b7cbe
data/evidence/2026-10-03-arm-localize-baseline/arm-board/arm_localize/benchmark/run-nph60lvw/720p_six/sample-00-crops-e1pwoeec/target_003.hex	原始测量证据	12288	4eed14a12d7589680b403428bc084256f5cbadf9c10e7b843a3763b2fecee3b1
data/evidence/2026-10-03-arm-localize-baseline/arm-board/arm_localize/benchmark/run-nph60lvw/720p_six/sample-00-crops-e1pwoeec/target_003.pgm	原始测量证据	4109	72d8291ed00e12dba32668669180aa38baeb6c68297cc663ff6145cee1298e6d
data/evidence/2026-10-03-arm-localize-baseline/arm-board/arm_localize/benchmark/run-nph60lvw/720p_six/sample-00-crops-e1pwoeec/target_004.hex	原始测量证据	12288	5530b9e777336074211c46d567d583dc7bb9fbc4631750ccfbbb41018e6fb4b3
data/evidence/2026-10-03-arm-localize-baseline/arm-board/arm_localize/benchmark/run-nph60lvw/720p_six/sample-00-crops-e1pwoeec/target_004.pgm	原始测量证据	4109	5873c91bf5b77e5db77f02075c355953a274de0b47e57fe40d5f74e85caf7b41
data/evidence/2026-10-03-arm-localize-baseline/arm-board/arm_localize/benchmark/run-nph60lvw/720p_six/sample-00-crops-e1pwoeec/target_005.hex	原始测量证据	12288	ca4353792c66fce68939be226acebadfbd73c92e14cfee0bc4e26b24dc160602
data/evidence/2026-10-03-arm-localize-baseline/arm-board/arm_localize/benchmark/run-nph60lvw/720p_six/sample-00-crops-e1pwoeec/target_005.pgm	原始测量证据	4109	30da0e20ff3820d2bcd0dd58496af3a19700bc1f478b9c27e661a709472569fd
data/evidence/2026-10-03-arm-localize-baseline/arm-board/arm_localize/benchmark/run-nph60lvw/720p_six/sample-00.json	原始测量证据	359009	cd324bd8211c7bd20373242fcef0bb48e77fd9a9073962057f14ba4db84fb4e1
data/evidence/2026-10-03-arm-localize-baseline/arm-board/arm_localize/benchmark/run-nph60lvw/720p_six/sample-01-crops-opnj7fw1/target_000.hex	原始测量证据	12288	3ec2572c747c420fe850466e6590a954c212556a2efab46e4b8e9e08df9eeb2f
data/evidence/2026-10-03-arm-localize-baseline/arm-board/arm_localize/benchmark/run-nph60lvw/720p_six/sample-01-crops-opnj7fw1/target_000.pgm	原始测量证据	4109	c753f282faaf2987856c419fa42433cffaf01949a2c5ff8f034e5f590e80b6c8
data/evidence/2026-10-03-arm-localize-baseline/arm-board/arm_localize/benchmark/run-nph60lvw/720p_six/sample-01-crops-opnj7fw1/target_001.hex	原始测量证据	12288	bd048eb0a4089804ff2ca7f1d85b3949548b78dbbf32ed2c42ad600448f0d5c1
data/evidence/2026-10-03-arm-localize-baseline/arm-board/arm_localize/benchmark/run-nph60lvw/720p_six/sample-01-crops-opnj7fw1/target_001.pgm	原始测量证据	4109	0f0d7b110e2f8792ad0fa9a2566290d17be0bd8905fe33000cd85d2976e75afb
data/evidence/2026-10-03-arm-localize-baseline/arm-board/arm_localize/benchmark/run-nph60lvw/720p_six/sample-01-crops-opnj7fw1/target_002.hex	原始测量证据	12288	9622ccbb5a6546d1a4a4a355036b027039a82d9a3f30edb0bc0b245cb99c2f2f
data/evidence/2026-10-03-arm-localize-baseline/arm-board/arm_localize/benchmark/run-nph60lvw/720p_six/sample-01-crops-opnj7fw1/target_002.pgm	原始测量证据	4109	a16daa47619fe18079077639b2f9e60b778676d230d259ab24ecaa37430b7cbe
data/evidence/2026-10-03-arm-localize-baseline/arm-board/arm_localize/benchmark/run-nph60lvw/720p_six/sample-01-crops-opnj7fw1/target_003.hex	原始测量证据	12288	4eed14a12d7589680b403428bc084256f5cbadf9c10e7b843a3763b2fecee3b1
data/evidence/2026-10-03-arm-localize-baseline/arm-board/arm_localize/benchmark/run-nph60lvw/720p_six/sample-01-crops-opnj7fw1/target_003.pgm	原始测量证据	4109	72d8291ed00e12dba32668669180aa38baeb6c68297cc663ff6145cee1298e6d
data/evidence/2026-10-03-arm-localize-baseline/arm-board/arm_localize/benchmark/run-nph60lvw/720p_six/sample-01-crops-opnj7fw1/target_004.hex	原始测量证据	12288	5530b9e777336074211c46d567d583dc7bb9fbc4631750ccfbbb41018e6fb4b3
data/evidence/2026-10-03-arm-localize-baseline/arm-board/arm_localize/benchmark/run-nph60lvw/720p_six/sample-01-crops-opnj7fw1/target_004.pgm	原始测量证据	4109	5873c91bf5b77e5db77f02075c355953a274de0b47e57fe40d5f74e85caf7b41
data/evidence/2026-10-03-arm-localize-baseline/arm-board/arm_localize/benchmark/run-nph60lvw/720p_six/sample-01-crops-opnj7fw1/target_005.hex	原始测量证据	12288	ca4353792c66fce68939be226acebadfbd73c92e14cfee0bc4e26b24dc160602
data/evidence/2026-10-03-arm-localize-baseline/arm-board/arm_localize/benchmark/run-nph60lvw/720p_six/sample-01-crops-opnj7fw1/target_005.pgm	原始测量证据	4109	30da0e20ff3820d2bcd0dd58496af3a19700bc1f478b9c27e661a709472569fd
data/evidence/2026-10-03-arm-localize-baseline/arm-board/arm_localize/benchmark/run-nph60lvw/720p_six/sample-01.json	原始测量证据	359009	57488b0d66f8a85b693d824a9e3f6a239b370c7e5647b5b9e541bbae76543b9e
data/evidence/2026-10-03-arm-localize-baseline/arm-board/arm_localize/benchmark/run-nph60lvw/720p_six/sample-02-crops-6kj5yp92/target_000.hex	原始测量证据	12288	3ec2572c747c420fe850466e6590a954c212556a2efab46e4b8e9e08df9eeb2f
data/evidence/2026-10-03-arm-localize-baseline/arm-board/arm_localize/benchmark/run-nph60lvw/720p_six/sample-02-crops-6kj5yp92/target_000.pgm	原始测量证据	4109	c753f282faaf2987856c419fa42433cffaf01949a2c5ff8f034e5f590e80b6c8
data/evidence/2026-10-03-arm-localize-baseline/arm-board/arm_localize/benchmark/run-nph60lvw/720p_six/sample-02-crops-6kj5yp92/target_001.hex	原始测量证据	12288	bd048eb0a4089804ff2ca7f1d85b3949548b78dbbf32ed2c42ad600448f0d5c1
data/evidence/2026-10-03-arm-localize-baseline/arm-board/arm_localize/benchmark/run-nph60lvw/720p_six/sample-02-crops-6kj5yp92/target_001.pgm	原始测量证据	4109	0f0d7b110e2f8792ad0fa9a2566290d17be0bd8905fe33000cd85d2976e75afb
data/evidence/2026-10-03-arm-localize-baseline/arm-board/arm_localize/benchmark/run-nph60lvw/720p_six/sample-02-crops-6kj5yp92/target_002.hex	原始测量证据	12288	9622ccbb5a6546d1a4a4a355036b027039a82d9a3f30edb0bc0b245cb99c2f2f
data/evidence/2026-10-03-arm-localize-baseline/arm-board/arm_localize/benchmark/run-nph60lvw/720p_six/sample-02-crops-6kj5yp92/target_002.pgm	原始测量证据	4109	a16daa47619fe18079077639b2f9e60b778676d230d259ab24ecaa37430b7cbe
data/evidence/2026-10-03-arm-localize-baseline/arm-board/arm_localize/benchmark/run-nph60lvw/720p_six/sample-02-crops-6kj5yp92/target_003.hex	原始测量证据	12288	4eed14a12d7589680b403428bc084256f5cbadf9c10e7b843a3763b2fecee3b1
data/evidence/2026-10-03-arm-localize-baseline/arm-board/arm_localize/benchmark/run-nph60lvw/720p_six/sample-02-crops-6kj5yp92/target_003.pgm	原始测量证据	4109	72d8291ed00e12dba32668669180aa38baeb6c68297cc663ff6145cee1298e6d
data/evidence/2026-10-03-arm-localize-baseline/arm-board/arm_localize/benchmark/run-nph60lvw/720p_six/sample-02-crops-6kj5yp92/target_004.hex	原始测量证据	12288	5530b9e777336074211c46d567d583dc7bb9fbc4631750ccfbbb41018e6fb4b3
data/evidence/2026-10-03-arm-localize-baseline/arm-board/arm_localize/benchmark/run-nph60lvw/720p_six/sample-02-crops-6kj5yp92/target_004.pgm	原始测量证据	4109	5873c91bf5b77e5db77f02075c355953a274de0b47e57fe40d5f74e85caf7b41
data/evidence/2026-10-03-arm-localize-baseline/arm-board/arm_localize/benchmark/run-nph60lvw/720p_six/sample-02-crops-6kj5yp92/target_005.hex	原始测量证据	12288	ca4353792c66fce68939be226acebadfbd73c92e14cfee0bc4e26b24dc160602
data/evidence/2026-10-03-arm-localize-baseline/arm-board/arm_localize/benchmark/run-nph60lvw/720p_six/sample-02-crops-6kj5yp92/target_005.pgm	原始测量证据	4109	30da0e20ff3820d2bcd0dd58496af3a19700bc1f478b9c27e661a709472569fd
data/evidence/2026-10-03-arm-localize-baseline/arm-board/arm_localize/benchmark/run-nph60lvw/720p_six/sample-02.json	原始测量证据	359009	255578e86b6ad488c27dfbd17fd731034923a749efbe23286af3bc8b2716621f
data/evidence/2026-10-03-arm-localize-baseline/arm-board/arm_localize/benchmark/run-nph60lvw/720p_six/sample-03-crops-1284icb5/target_000.hex	原始测量证据	12288	3ec2572c747c420fe850466e6590a954c212556a2efab46e4b8e9e08df9eeb2f
data/evidence/2026-10-03-arm-localize-baseline/arm-board/arm_localize/benchmark/run-nph60lvw/720p_six/sample-03-crops-1284icb5/target_000.pgm	原始测量证据	4109	c753f282faaf2987856c419fa42433cffaf01949a2c5ff8f034e5f590e80b6c8
data/evidence/2026-10-03-arm-localize-baseline/arm-board/arm_localize/benchmark/run-nph60lvw/720p_six/sample-03-crops-1284icb5/target_001.hex	原始测量证据	12288	bd048eb0a4089804ff2ca7f1d85b3949548b78dbbf32ed2c42ad600448f0d5c1
data/evidence/2026-10-03-arm-localize-baseline/arm-board/arm_localize/benchmark/run-nph60lvw/720p_six/sample-03-crops-1284icb5/target_001.pgm	原始测量证据	4109	0f0d7b110e2f8792ad0fa9a2566290d17be0bd8905fe33000cd85d2976e75afb
data/evidence/2026-10-03-arm-localize-baseline/arm-board/arm_localize/benchmark/run-nph60lvw/720p_six/sample-03-crops-1284icb5/target_002.hex	原始测量证据	12288	9622ccbb5a6546d1a4a4a355036b027039a82d9a3f30edb0bc0b245cb99c2f2f
data/evidence/2026-10-03-arm-localize-baseline/arm-board/arm_localize/benchmark/run-nph60lvw/720p_six/sample-03-crops-1284icb5/target_002.pgm	原始测量证据	4109	a16daa47619fe18079077639b2f9e60b778676d230d259ab24ecaa37430b7cbe
data/evidence/2026-10-03-arm-localize-baseline/arm-board/arm_localize/benchmark/run-nph60lvw/720p_six/sample-03-crops-1284icb5/target_003.hex	原始测量证据	12288	4eed14a12d7589680b403428bc084256f5cbadf9c10e7b843a3763b2fecee3b1
data/evidence/2026-10-03-arm-localize-baseline/arm-board/arm_localize/benchmark/run-nph60lvw/720p_six/sample-03-crops-1284icb5/target_003.pgm	原始测量证据	4109	72d8291ed00e12dba32668669180aa38baeb6c68297cc663ff6145cee1298e6d
data/evidence/2026-10-03-arm-localize-baseline/arm-board/arm_localize/benchmark/run-nph60lvw/720p_six/sample-03-crops-1284icb5/target_004.hex	原始测量证据	12288	5530b9e777336074211c46d567d583dc7bb9fbc4631750ccfbbb41018e6fb4b3
data/evidence/2026-10-03-arm-localize-baseline/arm-board/arm_localize/benchmark/run-nph60lvw/720p_six/sample-03-crops-1284icb5/target_004.pgm	原始测量证据	4109	5873c91bf5b77e5db77f02075c355953a274de0b47e57fe40d5f74e85caf7b41
data/evidence/2026-10-03-arm-localize-baseline/arm-board/arm_localize/benchmark/run-nph60lvw/720p_six/sample-03-crops-1284icb5/target_005.hex	原始测量证据	12288	ca4353792c66fce68939be226acebadfbd73c92e14cfee0bc4e26b24dc160602
data/evidence/2026-10-03-arm-localize-baseline/arm-board/arm_localize/benchmark/run-nph60lvw/720p_six/sample-03-crops-1284icb5/target_005.pgm	原始测量证据	4109	30da0e20ff3820d2bcd0dd58496af3a19700bc1f478b9c27e661a709472569fd
data/evidence/2026-10-03-arm-localize-baseline/arm-board/arm_localize/benchmark/run-nph60lvw/720p_six/sample-03.json	原始测量证据	359008	e808c4bd17dbfc0844fe07cc510ed8f28525d3a4628668549aee634cdb02cf5c
data/evidence/2026-10-03-arm-localize-baseline/arm-board/arm_localize/benchmark/run-nph60lvw/720p_six/sample-04-crops-gqdpxo9z/target_000.hex	原始测量证据	12288	3ec2572c747c420fe850466e6590a954c212556a2efab46e4b8e9e08df9eeb2f
data/evidence/2026-10-03-arm-localize-baseline/arm-board/arm_localize/benchmark/run-nph60lvw/720p_six/sample-04-crops-gqdpxo9z/target_000.pgm	原始测量证据	4109	c753f282faaf2987856c419fa42433cffaf01949a2c5ff8f034e5f590e80b6c8
data/evidence/2026-10-03-arm-localize-baseline/arm-board/arm_localize/benchmark/run-nph60lvw/720p_six/sample-04-crops-gqdpxo9z/target_001.hex	原始测量证据	12288	bd048eb0a4089804ff2ca7f1d85b3949548b78dbbf32ed2c42ad600448f0d5c1
data/evidence/2026-10-03-arm-localize-baseline/arm-board/arm_localize/benchmark/run-nph60lvw/720p_six/sample-04-crops-gqdpxo9z/target_001.pgm	原始测量证据	4109	0f0d7b110e2f8792ad0fa9a2566290d17be0bd8905fe33000cd85d2976e75afb
data/evidence/2026-10-03-arm-localize-baseline/arm-board/arm_localize/benchmark/run-nph60lvw/720p_six/sample-04-crops-gqdpxo9z/target_002.hex	原始测量证据	12288	9622ccbb5a6546d1a4a4a355036b027039a82d9a3f30edb0bc0b245cb99c2f2f
data/evidence/2026-10-03-arm-localize-baseline/arm-board/arm_localize/benchmark/run-nph60lvw/720p_six/sample-04-crops-gqdpxo9z/target_002.pgm	原始测量证据	4109	a16daa47619fe18079077639b2f9e60b778676d230d259ab24ecaa37430b7cbe
data/evidence/2026-10-03-arm-localize-baseline/arm-board/arm_localize/benchmark/run-nph60lvw/720p_six/sample-04-crops-gqdpxo9z/target_003.hex	原始测量证据	12288	4eed14a12d7589680b403428bc084256f5cbadf9c10e7b843a3763b2fecee3b1
data/evidence/2026-10-03-arm-localize-baseline/arm-board/arm_localize/benchmark/run-nph60lvw/720p_six/sample-04-crops-gqdpxo9z/target_003.pgm	原始测量证据	4109	72d8291ed00e12dba32668669180aa38baeb6c68297cc663ff6145cee1298e6d
data/evidence/2026-10-03-arm-localize-baseline/arm-board/arm_localize/benchmark/run-nph60lvw/720p_six/sample-04-crops-gqdpxo9z/target_004.hex	原始测量证据	12288	5530b9e777336074211c46d567d583dc7bb9fbc4631750ccfbbb41018e6fb4b3
data/evidence/2026-10-03-arm-localize-baseline/arm-board/arm_localize/benchmark/run-nph60lvw/720p_six/sample-04-crops-gqdpxo9z/target_004.pgm	原始测量证据	4109	5873c91bf5b77e5db77f02075c355953a274de0b47e57fe40d5f74e85caf7b41
data/evidence/2026-10-03-arm-localize-baseline/arm-board/arm_localize/benchmark/run-nph60lvw/720p_six/sample-04-crops-gqdpxo9z/target_005.hex	原始测量证据	12288	ca4353792c66fce68939be226acebadfbd73c92e14cfee0bc4e26b24dc160602
data/evidence/2026-10-03-arm-localize-baseline/arm-board/arm_localize/benchmark/run-nph60lvw/720p_six/sample-04-crops-gqdpxo9z/target_005.pgm	原始测量证据	4109	30da0e20ff3820d2bcd0dd58496af3a19700bc1f478b9c27e661a709472569fd
data/evidence/2026-10-03-arm-localize-baseline/arm-board/arm_localize/benchmark/run-nph60lvw/720p_six/sample-04.json	原始测量证据	359009	d0cd3d75c4edf4be7eadd8826e722a00cd7b104e0e9354dbb2bc7f4c90524ec4
data/evidence/2026-10-03-arm-localize-baseline/arm-board/arm_localize/benchmark/run-nph60lvw/720p_six/warmup-00-crops-kqb046pn/target_000.hex	原始测量证据	12288	3ec2572c747c420fe850466e6590a954c212556a2efab46e4b8e9e08df9eeb2f
data/evidence/2026-10-03-arm-localize-baseline/arm-board/arm_localize/benchmark/run-nph60lvw/720p_six/warmup-00-crops-kqb046pn/target_000.pgm	原始测量证据	4109	c753f282faaf2987856c419fa42433cffaf01949a2c5ff8f034e5f590e80b6c8
data/evidence/2026-10-03-arm-localize-baseline/arm-board/arm_localize/benchmark/run-nph60lvw/720p_six/warmup-00-crops-kqb046pn/target_001.hex	原始测量证据	12288	bd048eb0a4089804ff2ca7f1d85b3949548b78dbbf32ed2c42ad600448f0d5c1
data/evidence/2026-10-03-arm-localize-baseline/arm-board/arm_localize/benchmark/run-nph60lvw/720p_six/warmup-00-crops-kqb046pn/target_001.pgm	原始测量证据	4109	0f0d7b110e2f8792ad0fa9a2566290d17be0bd8905fe33000cd85d2976e75afb
data/evidence/2026-10-03-arm-localize-baseline/arm-board/arm_localize/benchmark/run-nph60lvw/720p_six/warmup-00-crops-kqb046pn/target_002.hex	原始测量证据	12288	9622ccbb5a6546d1a4a4a355036b027039a82d9a3f30edb0bc0b245cb99c2f2f
data/evidence/2026-10-03-arm-localize-baseline/arm-board/arm_localize/benchmark/run-nph60lvw/720p_six/warmup-00-crops-kqb046pn/target_002.pgm	原始测量证据	4109	a16daa47619fe18079077639b2f9e60b778676d230d259ab24ecaa37430b7cbe
data/evidence/2026-10-03-arm-localize-baseline/arm-board/arm_localize/benchmark/run-nph60lvw/720p_six/warmup-00-crops-kqb046pn/target_003.hex	原始测量证据	12288	4eed14a12d7589680b403428bc084256f5cbadf9c10e7b843a3763b2fecee3b1
data/evidence/2026-10-03-arm-localize-baseline/arm-board/arm_localize/benchmark/run-nph60lvw/720p_six/warmup-00-crops-kqb046pn/target_003.pgm	原始测量证据	4109	72d8291ed00e12dba32668669180aa38baeb6c68297cc663ff6145cee1298e6d
data/evidence/2026-10-03-arm-localize-baseline/arm-board/arm_localize/benchmark/run-nph60lvw/720p_six/warmup-00-crops-kqb046pn/target_004.hex	原始测量证据	12288	5530b9e777336074211c46d567d583dc7bb9fbc4631750ccfbbb41018e6fb4b3
data/evidence/2026-10-03-arm-localize-baseline/arm-board/arm_localize/benchmark/run-nph60lvw/720p_six/warmup-00-crops-kqb046pn/target_004.pgm	原始测量证据	4109	5873c91bf5b77e5db77f02075c355953a274de0b47e57fe40d5f74e85caf7b41
data/evidence/2026-10-03-arm-localize-baseline/arm-board/arm_localize/benchmark/run-nph60lvw/720p_six/warmup-00-crops-kqb046pn/target_005.hex	原始测量证据	12288	ca4353792c66fce68939be226acebadfbd73c92e14cfee0bc4e26b24dc160602
data/evidence/2026-10-03-arm-localize-baseline/arm-board/arm_localize/benchmark/run-nph60lvw/720p_six/warmup-00-crops-kqb046pn/target_005.pgm	原始测量证据	4109	30da0e20ff3820d2bcd0dd58496af3a19700bc1f478b9c27e661a709472569fd
data/evidence/2026-10-03-arm-localize-baseline/arm-board/arm_localize/benchmark/run-nph60lvw/720p_six/warmup-00.json	原始测量证据	359009	1ecdf231016f815b05196c581048cff44f9829d5fb5217cf216d843c7ff22147
data/evidence/2026-10-03-arm-localize-baseline/arm-board/arm_localize/benchmark/run-nph60lvw/tiny/input.json	原始测量证据	390	a18213218cbed18c012392eb09679c58ee77f02182c7347a2ac871ff7aa8f6df
data/evidence/2026-10-03-arm-localize-baseline/arm-board/arm_localize/benchmark/run-nph60lvw/tiny/sample-00-crops-8ap1c6i1/target_000.hex	原始测量证据	12288	22d37839cb28715731400ea782e57d23e85facfad52553524b32f7c091222b63
data/evidence/2026-10-03-arm-localize-baseline/arm-board/arm_localize/benchmark/run-nph60lvw/tiny/sample-00-crops-8ap1c6i1/target_000.pgm	原始测量证据	4109	20338307550c5d824a81161c204d3077a072d8fe29948aaa0e24b92b59416041
data/evidence/2026-10-03-arm-localize-baseline/arm-board/arm_localize/benchmark/run-nph60lvw/tiny/sample-00-crops-8ap1c6i1/target_001.hex	原始测量证据	12288	f2b1505a8a564217b39e1ebb6de63fc377243309879135fd69c0eb967448d1aa
data/evidence/2026-10-03-arm-localize-baseline/arm-board/arm_localize/benchmark/run-nph60lvw/tiny/sample-00-crops-8ap1c6i1/target_001.pgm	原始测量证据	4109	cd3c18d37e4edabdf84e67fb5a3ac3f679f7c681d82ffbfc486665c965de444e
data/evidence/2026-10-03-arm-localize-baseline/arm-board/arm_localize/benchmark/run-nph60lvw/tiny/sample-00.json	原始测量证据	120081	00c1eab0293b7c514730c7e962560ecdc2a00776db8d1b7fabe7d37b62654b1a
data/evidence/2026-10-03-arm-localize-baseline/arm-board/arm_localize/benchmark/run-nph60lvw/tiny/sample-01-crops-rnwxox_j/target_000.hex	原始测量证据	12288	22d37839cb28715731400ea782e57d23e85facfad52553524b32f7c091222b63
data/evidence/2026-10-03-arm-localize-baseline/arm-board/arm_localize/benchmark/run-nph60lvw/tiny/sample-01-crops-rnwxox_j/target_000.pgm	原始测量证据	4109	20338307550c5d824a81161c204d3077a072d8fe29948aaa0e24b92b59416041
data/evidence/2026-10-03-arm-localize-baseline/arm-board/arm_localize/benchmark/run-nph60lvw/tiny/sample-01-crops-rnwxox_j/target_001.hex	原始测量证据	12288	f2b1505a8a564217b39e1ebb6de63fc377243309879135fd69c0eb967448d1aa
data/evidence/2026-10-03-arm-localize-baseline/arm-board/arm_localize/benchmark/run-nph60lvw/tiny/sample-01-crops-rnwxox_j/target_001.pgm	原始测量证据	4109	cd3c18d37e4edabdf84e67fb5a3ac3f679f7c681d82ffbfc486665c965de444e
data/evidence/2026-10-03-arm-localize-baseline/arm-board/arm_localize/benchmark/run-nph60lvw/tiny/sample-01.json	原始测量证据	120081	29fcc3513366747869c123476fc12ef71bce05f0fd903cab9fa669b6b955a837
data/evidence/2026-10-03-arm-localize-baseline/arm-board/arm_localize/benchmark/run-nph60lvw/tiny/sample-02-crops-q0lvcy0q/target_000.hex	原始测量证据	12288	22d37839cb28715731400ea782e57d23e85facfad52553524b32f7c091222b63
data/evidence/2026-10-03-arm-localize-baseline/arm-board/arm_localize/benchmark/run-nph60lvw/tiny/sample-02-crops-q0lvcy0q/target_000.pgm	原始测量证据	4109	20338307550c5d824a81161c204d3077a072d8fe29948aaa0e24b92b59416041
data/evidence/2026-10-03-arm-localize-baseline/arm-board/arm_localize/benchmark/run-nph60lvw/tiny/sample-02-crops-q0lvcy0q/target_001.hex	原始测量证据	12288	f2b1505a8a564217b39e1ebb6de63fc377243309879135fd69c0eb967448d1aa
data/evidence/2026-10-03-arm-localize-baseline/arm-board/arm_localize/benchmark/run-nph60lvw/tiny/sample-02-crops-q0lvcy0q/target_001.pgm	原始测量证据	4109	cd3c18d37e4edabdf84e67fb5a3ac3f679f7c681d82ffbfc486665c965de444e
data/evidence/2026-10-03-arm-localize-baseline/arm-board/arm_localize/benchmark/run-nph60lvw/tiny/sample-02.json	原始测量证据	120081	c0e282e8bc015515e5fb6461af77dcb9f4f553689bea335fcfed33daed6f0c5c
data/evidence/2026-10-03-arm-localize-baseline/arm-board/arm_localize/benchmark/run-nph60lvw/tiny/sample-03-crops-yw_p377k/target_000.hex	原始测量证据	12288	22d37839cb28715731400ea782e57d23e85facfad52553524b32f7c091222b63
data/evidence/2026-10-03-arm-localize-baseline/arm-board/arm_localize/benchmark/run-nph60lvw/tiny/sample-03-crops-yw_p377k/target_000.pgm	原始测量证据	4109	20338307550c5d824a81161c204d3077a072d8fe29948aaa0e24b92b59416041
data/evidence/2026-10-03-arm-localize-baseline/arm-board/arm_localize/benchmark/run-nph60lvw/tiny/sample-03-crops-yw_p377k/target_001.hex	原始测量证据	12288	f2b1505a8a564217b39e1ebb6de63fc377243309879135fd69c0eb967448d1aa
data/evidence/2026-10-03-arm-localize-baseline/arm-board/arm_localize/benchmark/run-nph60lvw/tiny/sample-03-crops-yw_p377k/target_001.pgm	原始测量证据	4109	cd3c18d37e4edabdf84e67fb5a3ac3f679f7c681d82ffbfc486665c965de444e
data/evidence/2026-10-03-arm-localize-baseline/arm-board/arm_localize/benchmark/run-nph60lvw/tiny/sample-03.json	原始测量证据	120081	84b0ae33a896a96b8f3ec4fa8002f01f889620d6494ff4b1102d56ad48f2c199
data/evidence/2026-10-03-arm-localize-baseline/arm-board/arm_localize/benchmark/run-nph60lvw/tiny/sample-04-crops-a2wo0usy/target_000.hex	原始测量证据	12288	22d37839cb28715731400ea782e57d23e85facfad52553524b32f7c091222b63
data/evidence/2026-10-03-arm-localize-baseline/arm-board/arm_localize/benchmark/run-nph60lvw/tiny/sample-04-crops-a2wo0usy/target_000.pgm	原始测量证据	4109	20338307550c5d824a81161c204d3077a072d8fe29948aaa0e24b92b59416041
data/evidence/2026-10-03-arm-localize-baseline/arm-board/arm_localize/benchmark/run-nph60lvw/tiny/sample-04-crops-a2wo0usy/target_001.hex	原始测量证据	12288	f2b1505a8a564217b39e1ebb6de63fc377243309879135fd69c0eb967448d1aa
data/evidence/2026-10-03-arm-localize-baseline/arm-board/arm_localize/benchmark/run-nph60lvw/tiny/sample-04-crops-a2wo0usy/target_001.pgm	原始测量证据	4109	cd3c18d37e4edabdf84e67fb5a3ac3f679f7c681d82ffbfc486665c965de444e
data/evidence/2026-10-03-arm-localize-baseline/arm-board/arm_localize/benchmark/run-nph60lvw/tiny/sample-04.json	原始测量证据	120081	30cdedbad1aacfbe1e16e50b462cc4ea0c9f004076240362fd6b29770de7be17
data/evidence/2026-10-03-arm-localize-baseline/arm-board/arm_localize/benchmark/run-nph60lvw/tiny/warmup-00-crops-axhz7dfm/target_000.hex	原始测量证据	12288	22d37839cb28715731400ea782e57d23e85facfad52553524b32f7c091222b63
data/evidence/2026-10-03-arm-localize-baseline/arm-board/arm_localize/benchmark/run-nph60lvw/tiny/warmup-00-crops-axhz7dfm/target_000.pgm	原始测量证据	4109	20338307550c5d824a81161c204d3077a072d8fe29948aaa0e24b92b59416041
data/evidence/2026-10-03-arm-localize-baseline/arm-board/arm_localize/benchmark/run-nph60lvw/tiny/warmup-00-crops-axhz7dfm/target_001.hex	原始测量证据	12288	f2b1505a8a564217b39e1ebb6de63fc377243309879135fd69c0eb967448d1aa
data/evidence/2026-10-03-arm-localize-baseline/arm-board/arm_localize/benchmark/run-nph60lvw/tiny/warmup-00-crops-axhz7dfm/target_001.pgm	原始测量证据	4109	cd3c18d37e4edabdf84e67fb5a3ac3f679f7c681d82ffbfc486665c965de444e
data/evidence/2026-10-03-arm-localize-baseline/arm-board/arm_localize/benchmark/run-nph60lvw/tiny/warmup-00.json	原始测量证据	120081	b8fdd1aa6ec729c1b088bfb4a6a9e402bf834b1e6e46079d80b759bc0846df46
data/evidence/2026-10-03-arm-localize-baseline/arm-board/arm_localize/benchmark/summary.json	原始测量证据	4893	07db16d69852688e8101068fc52de1497eec1aaf7a123779d0414e06b042b7e1
data/evidence/2026-10-03-arm-localize-baseline/arm-board/arm_localize/final-result-crops-d7m8oat_/target_000.hex	原始测量证据	12288	22d37839cb28715731400ea782e57d23e85facfad52553524b32f7c091222b63
data/evidence/2026-10-03-arm-localize-baseline/arm-board/arm_localize/final-result-crops-d7m8oat_/target_000.pgm	原始测量证据	4109	20338307550c5d824a81161c204d3077a072d8fe29948aaa0e24b92b59416041
data/evidence/2026-10-03-arm-localize-baseline/arm-board/arm_localize/final-result-crops-d7m8oat_/target_001.hex	原始测量证据	12288	f2b1505a8a564217b39e1ebb6de63fc377243309879135fd69c0eb967448d1aa
data/evidence/2026-10-03-arm-localize-baseline/arm-board/arm_localize/final-result-crops-d7m8oat_/target_001.pgm	原始测量证据	4109	cd3c18d37e4edabdf84e67fb5a3ac3f679f7c681d82ffbfc486665c965de444e
data/evidence/2026-10-03-arm-localize-baseline/arm-board/arm_localize/final-result.json	原始测量证据	120085	d4a72cebb83930c135ec57d18f8235f9d05d00690d5c2cface8bc61ed3df63ae
data/evidence/2026-10-03-arm-localize-baseline/arm-board/arm_localize/manifest.json	原始测量证据	669	9bd9fa4e9303509cbd5c390219f983a49ded27ced4cb1d62d5737345a6c6e115
data/evidence/2026-10-03-arm-localize-baseline/arm-board/arm_localize/reference.py	原始测量证据	3600	2b9c2b2af41b3d560359aafa1d06ec708a492c36328f3173b5e606f00fd6a073
data/evidence/2026-10-03-arm-localize-baseline/arm-board/arm_localize/selftest-evidence/result-crops-sraz2dul/target_000.hex	原始测量证据	36	49177673c0579eadc9408c5a54a7d893694f1a66d3899be9f912eeff16fab50c
data/evidence/2026-10-03-arm-localize-baseline/arm-board/arm_localize/selftest-evidence/result-crops-sraz2dul/target_000.pgm	原始测量证据	23	54c75411bd7638b2c5d4f2a329e5bf2ae1c5191b3c799c205fe0aad52f12a348
data/evidence/2026-10-03-arm-localize-baseline/arm-board/arm_localize/selftest-evidence/result-crops-sraz2dul/target_001.hex	原始测量证据	36	d9958ae5248655fd5774b377577f82db068c27322ca3a51c5577effb50ccc1b8
data/evidence/2026-10-03-arm-localize-baseline/arm-board/arm_localize/selftest-evidence/result-crops-sraz2dul/target_001.pgm	原始测量证据	23	54e6a25edd3b88909b1ad86cf168d6b00ee012cf5e724e0f9e6992d6d04adc10
data/evidence/2026-10-03-arm-localize-baseline/arm-board/arm_localize/selftest-evidence/result.json	原始测量证据	3257	8186aeac8fcce84fe58acbd4b3a8c14b52238b07fa181ca2910466770f437b8f
data/evidence/2026-10-03-arm-localize-baseline/arm-board/arm_localize/two_targets.json	原始测量证据	439	6a28cfa975586bf71a2b8e979896cccbc2d108801d46063d860421f874be96cd
data/evidence/2026-10-03-arm-localize-baseline/arm-localize-package.tar.gz	原始测量证据	7559	5e5b7373342b5a1592b7d30f72e368beeeb5d295f3f6d641c0d1455c1e8a05c8
data/evidence/2026-10-03-arm-localize-baseline/arm-result.json	原始测量证据	118932	06b8809cdd4a7f3406bca7481801ce1bae5719974aa5970afd4e2ab3cab03274
data/evidence/2026-10-03-arm-localize-baseline/arm-results-final.tar.gz	原始测量证据	125144	334e83722faff96bf71428b512410f8fbccc82d2a0d09ad51d4e476c34fd4a0a
data/evidence/2026-10-03-arm-localize-baseline/arm-results.tar.gz	原始测量证据	125509	f9afb35453628f4e3740d21b35e8bf17c4c4a972d4db47fc7a0d5a1243f254b5
data/evidence/2026-10-03-arm-localize-baseline/final-package-manifest.json	原始测量证据	669	4cb56d8dae28bd01701f789f893b611a34b9234e619b572906d70b86e873b842
data/evidence/2026-10-03-arm-localize-baseline/final-pc-result-crops-anpbx_ov/target_000.pgm	原始测量证据	4109	20338307550c5d824a81161c204d3077a072d8fe29948aaa0e24b92b59416041
data/evidence/2026-10-03-arm-localize-baseline/final-pc-result-crops-spvvpr5t/target_000.hex	原始测量证据	12288	22d37839cb28715731400ea782e57d23e85facfad52553524b32f7c091222b63
data/evidence/2026-10-03-arm-localize-baseline/final-pc-result-crops-spvvpr5t/target_000.pgm	原始测量证据	4109	20338307550c5d824a81161c204d3077a072d8fe29948aaa0e24b92b59416041
data/evidence/2026-10-03-arm-localize-baseline/final-pc-result-crops-spvvpr5t/target_001.hex	原始测量证据	12288	f2b1505a8a564217b39e1ebb6de63fc377243309879135fd69c0eb967448d1aa
data/evidence/2026-10-03-arm-localize-baseline/final-pc-result-crops-spvvpr5t/target_001.pgm	原始测量证据	4109	cd3c18d37e4edabdf84e67fb5a3ac3f679f7c681d82ffbfc486665c965de444e
data/evidence/2026-10-03-arm-localize-baseline/final-pc-result.json	原始测量证据	128693	d998c86fc440e041d785a4ae0921dfb06d153f793cf262c9ad32db191b737771
data/evidence/2026-10-03-arm-localize-baseline/pc-benchmark/run-15c1q9l_/720p_empty/input.json	原始测量证据	3687852	3c6c4f6d25050ff02e03b868f09f6dea39eb4b27d15c74347ce40fa84587e19a
data/evidence/2026-10-03-arm-localize-baseline/pc-benchmark/run-15c1q9l_/720p_empty/sample-00.json	原始测量证据	735	a1dafb66d35f68a41a104619daf8d5e5f9a57064833a97cddc4458fe23bd09ec
data/evidence/2026-10-03-arm-localize-baseline/pc-benchmark/run-15c1q9l_/720p_empty/sample-01.json	原始测量证据	736	bc97964ccf1773a15d87516cf663f5919e7976397f6a9b9e37efc33dc4d46234
data/evidence/2026-10-03-arm-localize-baseline/pc-benchmark/run-15c1q9l_/720p_empty/sample-02.json	原始测量证据	736	8ff2fa9b77b0a133b08764cfcf1964af44e54f96e8acc1852f1651af7c0f73cd
data/evidence/2026-10-03-arm-localize-baseline/pc-benchmark/run-15c1q9l_/720p_empty/sample-03.json	原始测量证据	735	fea80daa52e035f60f8c3497f0861ce1a9fcbe18f44f25397fdf540531e746c9
data/evidence/2026-10-03-arm-localize-baseline/pc-benchmark/run-15c1q9l_/720p_empty/sample-04.json	原始测量证据	736	bbfeb98d3e2618e3ca212e8e20162e78e8a4f17c8076fff10c0a5d44efa5d027
data/evidence/2026-10-03-arm-localize-baseline/pc-benchmark/run-15c1q9l_/720p_empty/warmup-00.json	原始测量证据	736	cfdb17c8fab758e198571576bb83c7fe1941f8a2b17a337c059fe48c3901c041
data/evidence/2026-10-03-arm-localize-baseline/pc-benchmark/run-15c1q9l_/720p_six/input.json	原始测量证据	3672332	1cca4d5dcebb0a17876554083c8195bfd19f5311314963b150a8d25eb06bb607
data/evidence/2026-10-03-arm-localize-baseline/pc-benchmark/run-15c1q9l_/720p_six/sample-00-crops-zz8wxgpb/target_000.hex	原始测量证据	12288	3ec2572c747c420fe850466e6590a954c212556a2efab46e4b8e9e08df9eeb2f
data/evidence/2026-10-03-arm-localize-baseline/pc-benchmark/run-15c1q9l_/720p_six/sample-00-crops-zz8wxgpb/target_000.pgm	原始测量证据	4109	c753f282faaf2987856c419fa42433cffaf01949a2c5ff8f034e5f590e80b6c8
data/evidence/2026-10-03-arm-localize-baseline/pc-benchmark/run-15c1q9l_/720p_six/sample-00-crops-zz8wxgpb/target_001.hex	原始测量证据	12288	bd048eb0a4089804ff2ca7f1d85b3949548b78dbbf32ed2c42ad600448f0d5c1
data/evidence/2026-10-03-arm-localize-baseline/pc-benchmark/run-15c1q9l_/720p_six/sample-00-crops-zz8wxgpb/target_001.pgm	原始测量证据	4109	0f0d7b110e2f8792ad0fa9a2566290d17be0bd8905fe33000cd85d2976e75afb
data/evidence/2026-10-03-arm-localize-baseline/pc-benchmark/run-15c1q9l_/720p_six/sample-00-crops-zz8wxgpb/target_002.hex	原始测量证据	12288	9622ccbb5a6546d1a4a4a355036b027039a82d9a3f30edb0bc0b245cb99c2f2f
data/evidence/2026-10-03-arm-localize-baseline/pc-benchmark/run-15c1q9l_/720p_six/sample-00-crops-zz8wxgpb/target_002.pgm	原始测量证据	4109	a16daa47619fe18079077639b2f9e60b778676d230d259ab24ecaa37430b7cbe
data/evidence/2026-10-03-arm-localize-baseline/pc-benchmark/run-15c1q9l_/720p_six/sample-00-crops-zz8wxgpb/target_003.hex	原始测量证据	12288	4eed14a12d7589680b403428bc084256f5cbadf9c10e7b843a3763b2fecee3b1
data/evidence/2026-10-03-arm-localize-baseline/pc-benchmark/run-15c1q9l_/720p_six/sample-00-crops-zz8wxgpb/target_003.pgm	原始测量证据	4109	72d8291ed00e12dba32668669180aa38baeb6c68297cc663ff6145cee1298e6d
data/evidence/2026-10-03-arm-localize-baseline/pc-benchmark/run-15c1q9l_/720p_six/sample-00-crops-zz8wxgpb/target_004.hex	原始测量证据	12288	5530b9e777336074211c46d567d583dc7bb9fbc4631750ccfbbb41018e6fb4b3
data/evidence/2026-10-03-arm-localize-baseline/pc-benchmark/run-15c1q9l_/720p_six/sample-00-crops-zz8wxgpb/target_004.pgm	原始测量证据	4109	5873c91bf5b77e5db77f02075c355953a274de0b47e57fe40d5f74e85caf7b41
data/evidence/2026-10-03-arm-localize-baseline/pc-benchmark/run-15c1q9l_/720p_six/sample-00-crops-zz8wxgpb/target_005.hex	原始测量证据	12288	ca4353792c66fce68939be226acebadfbd73c92e14cfee0bc4e26b24dc160602
data/evidence/2026-10-03-arm-localize-baseline/pc-benchmark/run-15c1q9l_/720p_six/sample-00-crops-zz8wxgpb/target_005.pgm	原始测量证据	4109	30da0e20ff3820d2bcd0dd58496af3a19700bc1f478b9c27e661a709472569fd
data/evidence/2026-10-03-arm-localize-baseline/pc-benchmark/run-15c1q9l_/720p_six/sample-00.json	原始测量证据	384729	e5d4e60fa067e0d0bbed2efb989cf6e033b76d9fe4b684465719466014aaa4d6
data/evidence/2026-10-03-arm-localize-baseline/pc-benchmark/run-15c1q9l_/720p_six/sample-01-crops-njiti5tk/target_000.hex	原始测量证据	12288	3ec2572c747c420fe850466e6590a954c212556a2efab46e4b8e9e08df9eeb2f
data/evidence/2026-10-03-arm-localize-baseline/pc-benchmark/run-15c1q9l_/720p_six/sample-01-crops-njiti5tk/target_000.pgm	原始测量证据	4109	c753f282faaf2987856c419fa42433cffaf01949a2c5ff8f034e5f590e80b6c8
data/evidence/2026-10-03-arm-localize-baseline/pc-benchmark/run-15c1q9l_/720p_six/sample-01-crops-njiti5tk/target_001.hex	原始测量证据	12288	bd048eb0a4089804ff2ca7f1d85b3949548b78dbbf32ed2c42ad600448f0d5c1
data/evidence/2026-10-03-arm-localize-baseline/pc-benchmark/run-15c1q9l_/720p_six/sample-01-crops-njiti5tk/target_001.pgm	原始测量证据	4109	0f0d7b110e2f8792ad0fa9a2566290d17be0bd8905fe33000cd85d2976e75afb
data/evidence/2026-10-03-arm-localize-baseline/pc-benchmark/run-15c1q9l_/720p_six/sample-01-crops-njiti5tk/target_002.hex	原始测量证据	12288	9622ccbb5a6546d1a4a4a355036b027039a82d9a3f30edb0bc0b245cb99c2f2f
data/evidence/2026-10-03-arm-localize-baseline/pc-benchmark/run-15c1q9l_/720p_six/sample-01-crops-njiti5tk/target_002.pgm	原始测量证据	4109	a16daa47619fe18079077639b2f9e60b778676d230d259ab24ecaa37430b7cbe
data/evidence/2026-10-03-arm-localize-baseline/pc-benchmark/run-15c1q9l_/720p_six/sample-01-crops-njiti5tk/target_003.hex	原始测量证据	12288	4eed14a12d7589680b403428bc084256f5cbadf9c10e7b843a3763b2fecee3b1
data/evidence/2026-10-03-arm-localize-baseline/pc-benchmark/run-15c1q9l_/720p_six/sample-01-crops-njiti5tk/target_003.pgm	原始测量证据	4109	72d8291ed00e12dba32668669180aa38baeb6c68297cc663ff6145cee1298e6d
data/evidence/2026-10-03-arm-localize-baseline/pc-benchmark/run-15c1q9l_/720p_six/sample-01-crops-njiti5tk/target_004.hex	原始测量证据	12288	5530b9e777336074211c46d567d583dc7bb9fbc4631750ccfbbb41018e6fb4b3
data/evidence/2026-10-03-arm-localize-baseline/pc-benchmark/run-15c1q9l_/720p_six/sample-01-crops-njiti5tk/target_004.pgm	原始测量证据	4109	5873c91bf5b77e5db77f02075c355953a274de0b47e57fe40d5f74e85caf7b41
data/evidence/2026-10-03-arm-localize-baseline/pc-benchmark/run-15c1q9l_/720p_six/sample-01-crops-njiti5tk/target_005.hex	原始测量证据	12288	ca4353792c66fce68939be226acebadfbd73c92e14cfee0bc4e26b24dc160602
data/evidence/2026-10-03-arm-localize-baseline/pc-benchmark/run-15c1q9l_/720p_six/sample-01-crops-njiti5tk/target_005.pgm	原始测量证据	4109	30da0e20ff3820d2bcd0dd58496af3a19700bc1f478b9c27e661a709472569fd
data/evidence/2026-10-03-arm-localize-baseline/pc-benchmark/run-15c1q9l_/720p_six/sample-01.json	原始测量证据	384729	23f228080cff7916f97199e68aaa589491851fb1df83d182b0e561e15edda7e1
data/evidence/2026-10-03-arm-localize-baseline/pc-benchmark/run-15c1q9l_/720p_six/sample-02-crops-xiy6b709/target_000.hex	原始测量证据	12288	3ec2572c747c420fe850466e6590a954c212556a2efab46e4b8e9e08df9eeb2f
data/evidence/2026-10-03-arm-localize-baseline/pc-benchmark/run-15c1q9l_/720p_six/sample-02-crops-xiy6b709/target_000.pgm	原始测量证据	4109	c753f282faaf2987856c419fa42433cffaf01949a2c5ff8f034e5f590e80b6c8
data/evidence/2026-10-03-arm-localize-baseline/pc-benchmark/run-15c1q9l_/720p_six/sample-02-crops-xiy6b709/target_001.hex	原始测量证据	12288	bd048eb0a4089804ff2ca7f1d85b3949548b78dbbf32ed2c42ad600448f0d5c1
data/evidence/2026-10-03-arm-localize-baseline/pc-benchmark/run-15c1q9l_/720p_six/sample-02-crops-xiy6b709/target_001.pgm	原始测量证据	4109	0f0d7b110e2f8792ad0fa9a2566290d17be0bd8905fe33000cd85d2976e75afb
data/evidence/2026-10-03-arm-localize-baseline/pc-benchmark/run-15c1q9l_/720p_six/sample-02-crops-xiy6b709/target_002.hex	原始测量证据	12288	9622ccbb5a6546d1a4a4a355036b027039a82d9a3f30edb0bc0b245cb99c2f2f
data/evidence/2026-10-03-arm-localize-baseline/pc-benchmark/run-15c1q9l_/720p_six/sample-02-crops-xiy6b709/target_002.pgm	原始测量证据	4109	a16daa47619fe18079077639b2f9e60b778676d230d259ab24ecaa37430b7cbe
data/evidence/2026-10-03-arm-localize-baseline/pc-benchmark/run-15c1q9l_/720p_six/sample-02-crops-xiy6b709/target_003.hex	原始测量证据	12288	4eed14a12d7589680b403428bc084256f5cbadf9c10e7b843a3763b2fecee3b1
data/evidence/2026-10-03-arm-localize-baseline/pc-benchmark/run-15c1q9l_/720p_six/sample-02-crops-xiy6b709/target_003.pgm	原始测量证据	4109	72d8291ed00e12dba32668669180aa38baeb6c68297cc663ff6145cee1298e6d
data/evidence/2026-10-03-arm-localize-baseline/pc-benchmark/run-15c1q9l_/720p_six/sample-02-crops-xiy6b709/target_004.hex	原始测量证据	12288	5530b9e777336074211c46d567d583dc7bb9fbc4631750ccfbbb41018e6fb4b3
data/evidence/2026-10-03-arm-localize-baseline/pc-benchmark/run-15c1q9l_/720p_six/sample-02-crops-xiy6b709/target_004.pgm	原始测量证据	4109	5873c91bf5b77e5db77f02075c355953a274de0b47e57fe40d5f74e85caf7b41
data/evidence/2026-10-03-arm-localize-baseline/pc-benchmark/run-15c1q9l_/720p_six/sample-02-crops-xiy6b709/target_005.hex	原始测量证据	12288	ca4353792c66fce68939be226acebadfbd73c92e14cfee0bc4e26b24dc160602
data/evidence/2026-10-03-arm-localize-baseline/pc-benchmark/run-15c1q9l_/720p_six/sample-02-crops-xiy6b709/target_005.pgm	原始测量证据	4109	30da0e20ff3820d2bcd0dd58496af3a19700bc1f478b9c27e661a709472569fd
data/evidence/2026-10-03-arm-localize-baseline/pc-benchmark/run-15c1q9l_/720p_six/sample-02.json	原始测量证据	384729	964819e3da3699dd7e22cbd60d8f6a81c5c6609624aae11fbd6bfd92279cc183
data/evidence/2026-10-03-arm-localize-baseline/pc-benchmark/run-15c1q9l_/720p_six/sample-03-crops-3zpx97jn/target_000.hex	原始测量证据	12288	3ec2572c747c420fe850466e6590a954c212556a2efab46e4b8e9e08df9eeb2f
data/evidence/2026-10-03-arm-localize-baseline/pc-benchmark/run-15c1q9l_/720p_six/sample-03-crops-3zpx97jn/target_000.pgm	原始测量证据	4109	c753f282faaf2987856c419fa42433cffaf01949a2c5ff8f034e5f590e80b6c8
data/evidence/2026-10-03-arm-localize-baseline/pc-benchmark/run-15c1q9l_/720p_six/sample-03-crops-3zpx97jn/target_001.hex	原始测量证据	12288	bd048eb0a4089804ff2ca7f1d85b3949548b78dbbf32ed2c42ad600448f0d5c1
data/evidence/2026-10-03-arm-localize-baseline/pc-benchmark/run-15c1q9l_/720p_six/sample-03-crops-3zpx97jn/target_001.pgm	原始测量证据	4109	0f0d7b110e2f8792ad0fa9a2566290d17be0bd8905fe33000cd85d2976e75afb
data/evidence/2026-10-03-arm-localize-baseline/pc-benchmark/run-15c1q9l_/720p_six/sample-03-crops-3zpx97jn/target_002.hex	原始测量证据	12288	9622ccbb5a6546d1a4a4a355036b027039a82d9a3f30edb0bc0b245cb99c2f2f
data/evidence/2026-10-03-arm-localize-baseline/pc-benchmark/run-15c1q9l_/720p_six/sample-03-crops-3zpx97jn/target_002.pgm	原始测量证据	4109	a16daa47619fe18079077639b2f9e60b778676d230d259ab24ecaa37430b7cbe
data/evidence/2026-10-03-arm-localize-baseline/pc-benchmark/run-15c1q9l_/720p_six/sample-03-crops-3zpx97jn/target_003.hex	原始测量证据	12288	4eed14a12d7589680b403428bc084256f5cbadf9c10e7b843a3763b2fecee3b1
data/evidence/2026-10-03-arm-localize-baseline/pc-benchmark/run-15c1q9l_/720p_six/sample-03-crops-3zpx97jn/target_003.pgm	原始测量证据	4109	72d8291ed00e12dba32668669180aa38baeb6c68297cc663ff6145cee1298e6d
data/evidence/2026-10-03-arm-localize-baseline/pc-benchmark/run-15c1q9l_/720p_six/sample-03-crops-3zpx97jn/target_004.hex	原始测量证据	12288	5530b9e777336074211c46d567d583dc7bb9fbc4631750ccfbbb41018e6fb4b3
data/evidence/2026-10-03-arm-localize-baseline/pc-benchmark/run-15c1q9l_/720p_six/sample-03-crops-3zpx97jn/target_004.pgm	原始测量证据	4109	5873c91bf5b77e5db77f02075c355953a274de0b47e57fe40d5f74e85caf7b41
data/evidence/2026-10-03-arm-localize-baseline/pc-benchmark/run-15c1q9l_/720p_six/sample-03-crops-3zpx97jn/target_005.hex	原始测量证据	12288	ca4353792c66fce68939be226acebadfbd73c92e14cfee0bc4e26b24dc160602
data/evidence/2026-10-03-arm-localize-baseline/pc-benchmark/run-15c1q9l_/720p_six/sample-03-crops-3zpx97jn/target_005.pgm	原始测量证据	4109	30da0e20ff3820d2bcd0dd58496af3a19700bc1f478b9c27e661a709472569fd
data/evidence/2026-10-03-arm-localize-baseline/pc-benchmark/run-15c1q9l_/720p_six/sample-03.json	原始测量证据	384729	ecc6c6ad319b8330f0c9dc22deb1e0ba8894e983aac38a93e2a4876c8a336085
data/evidence/2026-10-03-arm-localize-baseline/pc-benchmark/run-15c1q9l_/720p_six/sample-04-crops-7giyf_eo/target_000.hex	原始测量证据	12288	3ec2572c747c420fe850466e6590a954c212556a2efab46e4b8e9e08df9eeb2f
data/evidence/2026-10-03-arm-localize-baseline/pc-benchmark/run-15c1q9l_/720p_six/sample-04-crops-7giyf_eo/target_000.pgm	原始测量证据	4109	c753f282faaf2987856c419fa42433cffaf01949a2c5ff8f034e5f590e80b6c8
data/evidence/2026-10-03-arm-localize-baseline/pc-benchmark/run-15c1q9l_/720p_six/sample-04-crops-7giyf_eo/target_001.hex	原始测量证据	12288	bd048eb0a4089804ff2ca7f1d85b3949548b78dbbf32ed2c42ad600448f0d5c1
data/evidence/2026-10-03-arm-localize-baseline/pc-benchmark/run-15c1q9l_/720p_six/sample-04-crops-7giyf_eo/target_001.pgm	原始测量证据	4109	0f0d7b110e2f8792ad0fa9a2566290d17be0bd8905fe33000cd85d2976e75afb
data/evidence/2026-10-03-arm-localize-baseline/pc-benchmark/run-15c1q9l_/720p_six/sample-04-crops-7giyf_eo/target_002.hex	原始测量证据	12288	9622ccbb5a6546d1a4a4a355036b027039a82d9a3f30edb0bc0b245cb99c2f2f
data/evidence/2026-10-03-arm-localize-baseline/pc-benchmark/run-15c1q9l_/720p_six/sample-04-crops-7giyf_eo/target_002.pgm	原始测量证据	4109	a16daa47619fe18079077639b2f9e60b778676d230d259ab24ecaa37430b7cbe
data/evidence/2026-10-03-arm-localize-baseline/pc-benchmark/run-15c1q9l_/720p_six/sample-04-crops-7giyf_eo/target_003.hex	原始测量证据	12288	4eed14a12d7589680b403428bc084256f5cbadf9c10e7b843a3763b2fecee3b1
data/evidence/2026-10-03-arm-localize-baseline/pc-benchmark/run-15c1q9l_/720p_six/sample-04-crops-7giyf_eo/target_003.pgm	原始测量证据	4109	72d8291ed00e12dba32668669180aa38baeb6c68297cc663ff6145cee1298e6d
data/evidence/2026-10-03-arm-localize-baseline/pc-benchmark/run-15c1q9l_/720p_six/sample-04-crops-7giyf_eo/target_004.hex	原始测量证据	12288	5530b9e777336074211c46d567d583dc7bb9fbc4631750ccfbbb41018e6fb4b3
data/evidence/2026-10-03-arm-localize-baseline/pc-benchmark/run-15c1q9l_/720p_six/sample-04-crops-7giyf_eo/target_004.pgm	原始测量证据	4109	5873c91bf5b77e5db77f02075c355953a274de0b47e57fe40d5f74e85caf7b41
data/evidence/2026-10-03-arm-localize-baseline/pc-benchmark/run-15c1q9l_/720p_six/sample-04-crops-7giyf_eo/target_005.hex	原始测量证据	12288	ca4353792c66fce68939be226acebadfbd73c92e14cfee0bc4e26b24dc160602
data/evidence/2026-10-03-arm-localize-baseline/pc-benchmark/run-15c1q9l_/720p_six/sample-04-crops-7giyf_eo/target_005.pgm	原始测量证据	4109	30da0e20ff3820d2bcd0dd58496af3a19700bc1f478b9c27e661a709472569fd
data/evidence/2026-10-03-arm-localize-baseline/pc-benchmark/run-15c1q9l_/720p_six/sample-04.json	原始测量证据	384729	3367733f836257415d9300690e20a90c5bbb979967ab849e9e1db87b312dc74f
data/evidence/2026-10-03-arm-localize-baseline/pc-benchmark/run-15c1q9l_/720p_six/warmup-00-crops-tv5b95n9/target_000.hex	原始测量证据	12288	3ec2572c747c420fe850466e6590a954c212556a2efab46e4b8e9e08df9eeb2f
data/evidence/2026-10-03-arm-localize-baseline/pc-benchmark/run-15c1q9l_/720p_six/warmup-00-crops-tv5b95n9/target_000.pgm	原始测量证据	4109	c753f282faaf2987856c419fa42433cffaf01949a2c5ff8f034e5f590e80b6c8
data/evidence/2026-10-03-arm-localize-baseline/pc-benchmark/run-15c1q9l_/720p_six/warmup-00-crops-tv5b95n9/target_001.hex	原始测量证据	12288	bd048eb0a4089804ff2ca7f1d85b3949548b78dbbf32ed2c42ad600448f0d5c1
data/evidence/2026-10-03-arm-localize-baseline/pc-benchmark/run-15c1q9l_/720p_six/warmup-00-crops-tv5b95n9/target_001.pgm	原始测量证据	4109	0f0d7b110e2f8792ad0fa9a2566290d17be0bd8905fe33000cd85d2976e75afb
data/evidence/2026-10-03-arm-localize-baseline/pc-benchmark/run-15c1q9l_/720p_six/warmup-00-crops-tv5b95n9/target_002.hex	原始测量证据	12288	9622ccbb5a6546d1a4a4a355036b027039a82d9a3f30edb0bc0b245cb99c2f2f
data/evidence/2026-10-03-arm-localize-baseline/pc-benchmark/run-15c1q9l_/720p_six/warmup-00-crops-tv5b95n9/target_002.pgm	原始测量证据	4109	a16daa47619fe18079077639b2f9e60b778676d230d259ab24ecaa37430b7cbe
data/evidence/2026-10-03-arm-localize-baseline/pc-benchmark/run-15c1q9l_/720p_six/warmup-00-crops-tv5b95n9/target_003.hex	原始测量证据	12288	4eed14a12d7589680b403428bc084256f5cbadf9c10e7b843a3763b2fecee3b1
data/evidence/2026-10-03-arm-localize-baseline/pc-benchmark/run-15c1q9l_/720p_six/warmup-00-crops-tv5b95n9/target_003.pgm	原始测量证据	4109	72d8291ed00e12dba32668669180aa38baeb6c68297cc663ff6145cee1298e6d
data/evidence/2026-10-03-arm-localize-baseline/pc-benchmark/run-15c1q9l_/720p_six/warmup-00-crops-tv5b95n9/target_004.hex	原始测量证据	12288	5530b9e777336074211c46d567d583dc7bb9fbc4631750ccfbbb41018e6fb4b3
data/evidence/2026-10-03-arm-localize-baseline/pc-benchmark/run-15c1q9l_/720p_six/warmup-00-crops-tv5b95n9/target_004.pgm	原始测量证据	4109	5873c91bf5b77e5db77f02075c355953a274de0b47e57fe40d5f74e85caf7b41
data/evidence/2026-10-03-arm-localize-baseline/pc-benchmark/run-15c1q9l_/720p_six/warmup-00-crops-tv5b95n9/target_005.hex	原始测量证据	12288	ca4353792c66fce68939be226acebadfbd73c92e14cfee0bc4e26b24dc160602
data/evidence/2026-10-03-arm-localize-baseline/pc-benchmark/run-15c1q9l_/720p_six/warmup-00-crops-tv5b95n9/target_005.pgm	原始测量证据	4109	30da0e20ff3820d2bcd0dd58496af3a19700bc1f478b9c27e661a709472569fd
data/evidence/2026-10-03-arm-localize-baseline/pc-benchmark/run-15c1q9l_/720p_six/warmup-00.json	原始测量证据	384729	0a78b3b7105291e29b09c9c8b0d2c291f0a15f295f2efc302eee244ee3f83157
data/evidence/2026-10-03-arm-localize-baseline/pc-benchmark/run-15c1q9l_/tiny/input.json	原始测量证据	390	a18213218cbed18c012392eb09679c58ee77f02182c7347a2ac871ff7aa8f6df
data/evidence/2026-10-03-arm-localize-baseline/pc-benchmark/run-15c1q9l_/tiny/sample-00-crops-hb5i19gx/target_000.hex	原始测量证据	12288	22d37839cb28715731400ea782e57d23e85facfad52553524b32f7c091222b63
data/evidence/2026-10-03-arm-localize-baseline/pc-benchmark/run-15c1q9l_/tiny/sample-00-crops-hb5i19gx/target_000.pgm	原始测量证据	4109	20338307550c5d824a81161c204d3077a072d8fe29948aaa0e24b92b59416041
data/evidence/2026-10-03-arm-localize-baseline/pc-benchmark/run-15c1q9l_/tiny/sample-00-crops-hb5i19gx/target_001.hex	原始测量证据	12288	f2b1505a8a564217b39e1ebb6de63fc377243309879135fd69c0eb967448d1aa
data/evidence/2026-10-03-arm-localize-baseline/pc-benchmark/run-15c1q9l_/tiny/sample-00-crops-hb5i19gx/target_001.pgm	原始测量证据	4109	cd3c18d37e4edabdf84e67fb5a3ac3f679f7c681d82ffbfc486665c965de444e
data/evidence/2026-10-03-arm-localize-baseline/pc-benchmark/run-15c1q9l_/tiny/sample-00.json	原始测量证据	128677	f83a47256fbc6b514d866cf8bd20e32d25d8cbe6d4669d283de6483d3a5b39e6
data/evidence/2026-10-03-arm-localize-baseline/pc-benchmark/run-15c1q9l_/tiny/sample-01-crops-96h6andm/target_000.hex	原始测量证据	12288	22d37839cb28715731400ea782e57d23e85facfad52553524b32f7c091222b63
data/evidence/2026-10-03-arm-localize-baseline/pc-benchmark/run-15c1q9l_/tiny/sample-01-crops-96h6andm/target_000.pgm	原始测量证据	4109	20338307550c5d824a81161c204d3077a072d8fe29948aaa0e24b92b59416041
data/evidence/2026-10-03-arm-localize-baseline/pc-benchmark/run-15c1q9l_/tiny/sample-01-crops-96h6andm/target_001.hex	原始测量证据	12288	f2b1505a8a564217b39e1ebb6de63fc377243309879135fd69c0eb967448d1aa
data/evidence/2026-10-03-arm-localize-baseline/pc-benchmark/run-15c1q9l_/tiny/sample-01-crops-96h6andm/target_001.pgm	原始测量证据	4109	cd3c18d37e4edabdf84e67fb5a3ac3f679f7c681d82ffbfc486665c965de444e
data/evidence/2026-10-03-arm-localize-baseline/pc-benchmark/run-15c1q9l_/tiny/sample-01.json	原始测量证据	128677	264ce060b5686c18d7d8875f025b7c93aad5dddf0b57fad64281dee4779d49e1
data/evidence/2026-10-03-arm-localize-baseline/pc-benchmark/run-15c1q9l_/tiny/sample-02-crops-vpte4cjo/target_000.hex	原始测量证据	12288	22d37839cb28715731400ea782e57d23e85facfad52553524b32f7c091222b63
data/evidence/2026-10-03-arm-localize-baseline/pc-benchmark/run-15c1q9l_/tiny/sample-02-crops-vpte4cjo/target_000.pgm	原始测量证据	4109	20338307550c5d824a81161c204d3077a072d8fe29948aaa0e24b92b59416041
data/evidence/2026-10-03-arm-localize-baseline/pc-benchmark/run-15c1q9l_/tiny/sample-02-crops-vpte4cjo/target_001.hex	原始测量证据	12288	f2b1505a8a564217b39e1ebb6de63fc377243309879135fd69c0eb967448d1aa
data/evidence/2026-10-03-arm-localize-baseline/pc-benchmark/run-15c1q9l_/tiny/sample-02-crops-vpte4cjo/target_001.pgm	原始测量证据	4109	cd3c18d37e4edabdf84e67fb5a3ac3f679f7c681d82ffbfc486665c965de444e
data/evidence/2026-10-03-arm-localize-baseline/pc-benchmark/run-15c1q9l_/tiny/sample-02.json	原始测量证据	128677	f65988d0c1d8988f1a0191b09ee61dc4533b38f2f4618123f1bee2b27fa143b7
data/evidence/2026-10-03-arm-localize-baseline/pc-benchmark/run-15c1q9l_/tiny/sample-03-crops-l0nd6bdm/target_000.hex	原始测量证据	12288	22d37839cb28715731400ea782e57d23e85facfad52553524b32f7c091222b63
data/evidence/2026-10-03-arm-localize-baseline/pc-benchmark/run-15c1q9l_/tiny/sample-03-crops-l0nd6bdm/target_000.pgm	原始测量证据	4109	20338307550c5d824a81161c204d3077a072d8fe29948aaa0e24b92b59416041
data/evidence/2026-10-03-arm-localize-baseline/pc-benchmark/run-15c1q9l_/tiny/sample-03-crops-l0nd6bdm/target_001.hex	原始测量证据	12288	f2b1505a8a564217b39e1ebb6de63fc377243309879135fd69c0eb967448d1aa
data/evidence/2026-10-03-arm-localize-baseline/pc-benchmark/run-15c1q9l_/tiny/sample-03-crops-l0nd6bdm/target_001.pgm	原始测量证据	4109	cd3c18d37e4edabdf84e67fb5a3ac3f679f7c681d82ffbfc486665c965de444e
data/evidence/2026-10-03-arm-localize-baseline/pc-benchmark/run-15c1q9l_/tiny/sample-03.json	原始测量证据	128676	ae98459cde844ce26a67e6145504a140f81c3e319249e41c3d6d76729c5c5606
data/evidence/2026-10-03-arm-localize-baseline/pc-benchmark/run-15c1q9l_/tiny/sample-04-crops-lg6_o8li/target_000.hex	原始测量证据	12288	22d37839cb28715731400ea782e57d23e85facfad52553524b32f7c091222b63
data/evidence/2026-10-03-arm-localize-baseline/pc-benchmark/run-15c1q9l_/tiny/sample-04-crops-lg6_o8li/target_000.pgm	原始测量证据	4109	20338307550c5d824a81161c204d3077a072d8fe29948aaa0e24b92b59416041
data/evidence/2026-10-03-arm-localize-baseline/pc-benchmark/run-15c1q9l_/tiny/sample-04-crops-lg6_o8li/target_001.hex	原始测量证据	12288	f2b1505a8a564217b39e1ebb6de63fc377243309879135fd69c0eb967448d1aa
data/evidence/2026-10-03-arm-localize-baseline/pc-benchmark/run-15c1q9l_/tiny/sample-04-crops-lg6_o8li/target_001.pgm	原始测量证据	4109	cd3c18d37e4edabdf84e67fb5a3ac3f679f7c681d82ffbfc486665c965de444e
data/evidence/2026-10-03-arm-localize-baseline/pc-benchmark/run-15c1q9l_/tiny/sample-04.json	原始测量证据	128677	884260db14e12d3dea52d557db2e71e158dbb19783f3bf0155130e6b32b9087a
data/evidence/2026-10-03-arm-localize-baseline/pc-benchmark/run-15c1q9l_/tiny/warmup-00-crops-mobizs9t/target_000.hex	原始测量证据	12288	22d37839cb28715731400ea782e57d23e85facfad52553524b32f7c091222b63
data/evidence/2026-10-03-arm-localize-baseline/pc-benchmark/run-15c1q9l_/tiny/warmup-00-crops-mobizs9t/target_000.pgm	原始测量证据	4109	20338307550c5d824a81161c204d3077a072d8fe29948aaa0e24b92b59416041
data/evidence/2026-10-03-arm-localize-baseline/pc-benchmark/run-15c1q9l_/tiny/warmup-00-crops-mobizs9t/target_001.hex	原始测量证据	12288	f2b1505a8a564217b39e1ebb6de63fc377243309879135fd69c0eb967448d1aa
data/evidence/2026-10-03-arm-localize-baseline/pc-benchmark/run-15c1q9l_/tiny/warmup-00-crops-mobizs9t/target_001.pgm	原始测量证据	4109	cd3c18d37e4edabdf84e67fb5a3ac3f679f7c681d82ffbfc486665c965de444e
data/evidence/2026-10-03-arm-localize-baseline/pc-benchmark/run-15c1q9l_/tiny/warmup-00.json	原始测量证据	128677	343f43cce2139024343a232ae910d19340ff6e6cfa0fd948bdfbb1a200d075cd
data/evidence/2026-10-03-arm-localize-baseline/pc-benchmark/run-joaab7my/tiny/input.json	原始测量证据	390	a18213218cbed18c012392eb09679c58ee77f02182c7347a2ac871ff7aa8f6df
data/evidence/2026-10-03-arm-localize-baseline/pc-benchmark/run-joaab7my/tiny/sample-00-crops-e_krzgsg/target_000.hex	原始测量证据	12288	22d37839cb28715731400ea782e57d23e85facfad52553524b32f7c091222b63
data/evidence/2026-10-03-arm-localize-baseline/pc-benchmark/run-joaab7my/tiny/sample-00-crops-e_krzgsg/target_000.pgm	原始测量证据	4109	20338307550c5d824a81161c204d3077a072d8fe29948aaa0e24b92b59416041
data/evidence/2026-10-03-arm-localize-baseline/pc-benchmark/run-joaab7my/tiny/sample-00-crops-e_krzgsg/target_001.hex	原始测量证据	12288	f2b1505a8a564217b39e1ebb6de63fc377243309879135fd69c0eb967448d1aa
data/evidence/2026-10-03-arm-localize-baseline/pc-benchmark/run-joaab7my/tiny/sample-00-crops-e_krzgsg/target_001.pgm	原始测量证据	4109	cd3c18d37e4edabdf84e67fb5a3ac3f679f7c681d82ffbfc486665c965de444e
data/evidence/2026-10-03-arm-localize-baseline/pc-benchmark/run-joaab7my/tiny/sample-00.json	原始测量证据	128677	170b1ba6c3e4a09cdaf91880127e5789c466e973dcbb1ed171444e5781fbb788
data/evidence/2026-10-03-arm-localize-baseline/pc-benchmark/run-joaab7my/tiny/warmup-00-crops-hgchfi_r/target_000.hex	原始测量证据	12288	22d37839cb28715731400ea782e57d23e85facfad52553524b32f7c091222b63
data/evidence/2026-10-03-arm-localize-baseline/pc-benchmark/run-joaab7my/tiny/warmup-00-crops-hgchfi_r/target_000.pgm	原始测量证据	4109	20338307550c5d824a81161c204d3077a072d8fe29948aaa0e24b92b59416041
data/evidence/2026-10-03-arm-localize-baseline/pc-benchmark/run-joaab7my/tiny/warmup-00-crops-hgchfi_r/target_001.hex	原始测量证据	12288	f2b1505a8a564217b39e1ebb6de63fc377243309879135fd69c0eb967448d1aa
data/evidence/2026-10-03-arm-localize-baseline/pc-benchmark/run-joaab7my/tiny/warmup-00-crops-hgchfi_r/target_001.pgm	原始测量证据	4109	cd3c18d37e4edabdf84e67fb5a3ac3f679f7c681d82ffbfc486665c965de444e
data/evidence/2026-10-03-arm-localize-baseline/pc-benchmark/run-joaab7my/tiny/warmup-00.json	原始测量证据	128677	f2e9e8451b30df23dba8a255878aace88f16ac6295d69f1e3db0549d7ce66ae3
data/evidence/2026-10-03-arm-localize-baseline/pc-benchmark/run-v45cu259/720p_empty/input.json	原始测量证据	3687852	3c6c4f6d25050ff02e03b868f09f6dea39eb4b27d15c74347ce40fa84587e19a
data/evidence/2026-10-03-arm-localize-baseline/pc-benchmark/run-v45cu259/720p_empty/sample-00.json	原始测量证据	736	51bce689a63bb0f594b6e1ed9c22b9c2bd2acdef199173006498ea2ec6e64424
data/evidence/2026-10-03-arm-localize-baseline/pc-benchmark/run-v45cu259/720p_empty/sample-01.json	原始测量证据	736	77f2e53861e47bdd6120792e0c21e4fdac5a95fc5e9ad664bf11b8776971cc46
data/evidence/2026-10-03-arm-localize-baseline/pc-benchmark/run-v45cu259/720p_empty/sample-02.json	原始测量证据	736	d32a64b08a547abb4ddb47417e46eaa22be930b15935a1ee1c3a0989d691ab2d
data/evidence/2026-10-03-arm-localize-baseline/pc-benchmark/run-v45cu259/720p_empty/sample-03.json	原始测量证据	736	50dcbeffd61127e5be421d8bc41271fdefde5cb78d7c7a859e6159d87d942efb
data/evidence/2026-10-03-arm-localize-baseline/pc-benchmark/run-v45cu259/720p_empty/sample-04.json	原始测量证据	736	514ec24d89c82eca3f3cfda3b0fef510607d8ba4bd8a5a36fec61a77eca619fa
data/evidence/2026-10-03-arm-localize-baseline/pc-benchmark/run-v45cu259/720p_empty/warmup-00.json	原始测量证据	736	d45e24bef0cd867ecd9b1bb3e83a6ea80f1c3d574abc1265e85071b3d97429d3
data/evidence/2026-10-03-arm-localize-baseline/pc-benchmark/run-v45cu259/720p_six/input.json	原始测量证据	3672332	1cca4d5dcebb0a17876554083c8195bfd19f5311314963b150a8d25eb06bb607
data/evidence/2026-10-03-arm-localize-baseline/pc-benchmark/run-v45cu259/720p_six/sample-00-crops-37kqoub1/target_000.hex	原始测量证据	12288	3ec2572c747c420fe850466e6590a954c212556a2efab46e4b8e9e08df9eeb2f
data/evidence/2026-10-03-arm-localize-baseline/pc-benchmark/run-v45cu259/720p_six/sample-00-crops-37kqoub1/target_000.pgm	原始测量证据	4109	c753f282faaf2987856c419fa42433cffaf01949a2c5ff8f034e5f590e80b6c8
data/evidence/2026-10-03-arm-localize-baseline/pc-benchmark/run-v45cu259/720p_six/sample-00-crops-37kqoub1/target_001.hex	原始测量证据	12288	bd048eb0a4089804ff2ca7f1d85b3949548b78dbbf32ed2c42ad600448f0d5c1
data/evidence/2026-10-03-arm-localize-baseline/pc-benchmark/run-v45cu259/720p_six/sample-00-crops-37kqoub1/target_001.pgm	原始测量证据	4109	0f0d7b110e2f8792ad0fa9a2566290d17be0bd8905fe33000cd85d2976e75afb
data/evidence/2026-10-03-arm-localize-baseline/pc-benchmark/run-v45cu259/720p_six/sample-00-crops-37kqoub1/target_002.hex	原始测量证据	12288	9622ccbb5a6546d1a4a4a355036b027039a82d9a3f30edb0bc0b245cb99c2f2f
data/evidence/2026-10-03-arm-localize-baseline/pc-benchmark/run-v45cu259/720p_six/sample-00-crops-37kqoub1/target_002.pgm	原始测量证据	4109	a16daa47619fe18079077639b2f9e60b778676d230d259ab24ecaa37430b7cbe
data/evidence/2026-10-03-arm-localize-baseline/pc-benchmark/run-v45cu259/720p_six/sample-00-crops-37kqoub1/target_003.hex	原始测量证据	12288	4eed14a12d7589680b403428bc084256f5cbadf9c10e7b843a3763b2fecee3b1
data/evidence/2026-10-03-arm-localize-baseline/pc-benchmark/run-v45cu259/720p_six/sample-00-crops-37kqoub1/target_003.pgm	原始测量证据	4109	72d8291ed00e12dba32668669180aa38baeb6c68297cc663ff6145cee1298e6d
data/evidence/2026-10-03-arm-localize-baseline/pc-benchmark/run-v45cu259/720p_six/sample-00-crops-37kqoub1/target_004.hex	原始测量证据	12288	5530b9e777336074211c46d567d583dc7bb9fbc4631750ccfbbb41018e6fb4b3
data/evidence/2026-10-03-arm-localize-baseline/pc-benchmark/run-v45cu259/720p_six/sample-00-crops-37kqoub1/target_004.pgm	原始测量证据	4109	5873c91bf5b77e5db77f02075c355953a274de0b47e57fe40d5f74e85caf7b41
data/evidence/2026-10-03-arm-localize-baseline/pc-benchmark/run-v45cu259/720p_six/sample-00-crops-37kqoub1/target_005.hex	原始测量证据	12288	ca4353792c66fce68939be226acebadfbd73c92e14cfee0bc4e26b24dc160602
data/evidence/2026-10-03-arm-localize-baseline/pc-benchmark/run-v45cu259/720p_six/sample-00-crops-37kqoub1/target_005.pgm	原始测量证据	4109	30da0e20ff3820d2bcd0dd58496af3a19700bc1f478b9c27e661a709472569fd
data/evidence/2026-10-03-arm-localize-baseline/pc-benchmark/run-v45cu259/720p_six/sample-00.json	原始测量证据	384729	943238f211e2769475516e05b81045854321ae2ade192f18b128a2fde028eb28
data/evidence/2026-10-03-arm-localize-baseline/pc-benchmark/run-v45cu259/720p_six/sample-01-crops-6behhbgu/target_000.hex	原始测量证据	12288	3ec2572c747c420fe850466e6590a954c212556a2efab46e4b8e9e08df9eeb2f
data/evidence/2026-10-03-arm-localize-baseline/pc-benchmark/run-v45cu259/720p_six/sample-01-crops-6behhbgu/target_000.pgm	原始测量证据	4109	c753f282faaf2987856c419fa42433cffaf01949a2c5ff8f034e5f590e80b6c8
data/evidence/2026-10-03-arm-localize-baseline/pc-benchmark/run-v45cu259/720p_six/sample-01-crops-6behhbgu/target_001.hex	原始测量证据	12288	bd048eb0a4089804ff2ca7f1d85b3949548b78dbbf32ed2c42ad600448f0d5c1
data/evidence/2026-10-03-arm-localize-baseline/pc-benchmark/run-v45cu259/720p_six/sample-01-crops-6behhbgu/target_001.pgm	原始测量证据	4109	0f0d7b110e2f8792ad0fa9a2566290d17be0bd8905fe33000cd85d2976e75afb
data/evidence/2026-10-03-arm-localize-baseline/pc-benchmark/run-v45cu259/720p_six/sample-01-crops-6behhbgu/target_002.hex	原始测量证据	12288	9622ccbb5a6546d1a4a4a355036b027039a82d9a3f30edb0bc0b245cb99c2f2f
data/evidence/2026-10-03-arm-localize-baseline/pc-benchmark/run-v45cu259/720p_six/sample-01-crops-6behhbgu/target_002.pgm	原始测量证据	4109	a16daa47619fe18079077639b2f9e60b778676d230d259ab24ecaa37430b7cbe
data/evidence/2026-10-03-arm-localize-baseline/pc-benchmark/run-v45cu259/720p_six/sample-01-crops-6behhbgu/target_003.hex	原始测量证据	12288	4eed14a12d7589680b403428bc084256f5cbadf9c10e7b843a3763b2fecee3b1
data/evidence/2026-10-03-arm-localize-baseline/pc-benchmark/run-v45cu259/720p_six/sample-01-crops-6behhbgu/target_003.pgm	原始测量证据	4109	72d8291ed00e12dba32668669180aa38baeb6c68297cc663ff6145cee1298e6d
data/evidence/2026-10-03-arm-localize-baseline/pc-benchmark/run-v45cu259/720p_six/sample-01-crops-6behhbgu/target_004.hex	原始测量证据	12288	5530b9e777336074211c46d567d583dc7bb9fbc4631750ccfbbb41018e6fb4b3
data/evidence/2026-10-03-arm-localize-baseline/pc-benchmark/run-v45cu259/720p_six/sample-01-crops-6behhbgu/target_004.pgm	原始测量证据	4109	5873c91bf5b77e5db77f02075c355953a274de0b47e57fe40d5f74e85caf7b41
data/evidence/2026-10-03-arm-localize-baseline/pc-benchmark/run-v45cu259/720p_six/sample-01-crops-6behhbgu/target_005.hex	原始测量证据	12288	ca4353792c66fce68939be226acebadfbd73c92e14cfee0bc4e26b24dc160602
data/evidence/2026-10-03-arm-localize-baseline/pc-benchmark/run-v45cu259/720p_six/sample-01-crops-6behhbgu/target_005.pgm	原始测量证据	4109	30da0e20ff3820d2bcd0dd58496af3a19700bc1f478b9c27e661a709472569fd
data/evidence/2026-10-03-arm-localize-baseline/pc-benchmark/run-v45cu259/720p_six/sample-01.json	原始测量证据	384729	8e553efc753f899f4249b2d977fa471b7127de3c1df83621185bff3e2619b679
data/evidence/2026-10-03-arm-localize-baseline/pc-benchmark/run-v45cu259/720p_six/sample-02-crops-_geoukrg/target_000.hex	原始测量证据	12288	3ec2572c747c420fe850466e6590a954c212556a2efab46e4b8e9e08df9eeb2f
data/evidence/2026-10-03-arm-localize-baseline/pc-benchmark/run-v45cu259/720p_six/sample-02-crops-_geoukrg/target_000.pgm	原始测量证据	4109	c753f282faaf2987856c419fa42433cffaf01949a2c5ff8f034e5f590e80b6c8
data/evidence/2026-10-03-arm-localize-baseline/pc-benchmark/run-v45cu259/720p_six/sample-02-crops-_geoukrg/target_001.hex	原始测量证据	12288	bd048eb0a4089804ff2ca7f1d85b3949548b78dbbf32ed2c42ad600448f0d5c1
data/evidence/2026-10-03-arm-localize-baseline/pc-benchmark/run-v45cu259/720p_six/sample-02-crops-_geoukrg/target_001.pgm	原始测量证据	4109	0f0d7b110e2f8792ad0fa9a2566290d17be0bd8905fe33000cd85d2976e75afb
data/evidence/2026-10-03-arm-localize-baseline/pc-benchmark/run-v45cu259/720p_six/sample-02-crops-_geoukrg/target_002.hex	原始测量证据	12288	9622ccbb5a6546d1a4a4a355036b027039a82d9a3f30edb0bc0b245cb99c2f2f
data/evidence/2026-10-03-arm-localize-baseline/pc-benchmark/run-v45cu259/720p_six/sample-02-crops-_geoukrg/target_002.pgm	原始测量证据	4109	a16daa47619fe18079077639b2f9e60b778676d230d259ab24ecaa37430b7cbe
data/evidence/2026-10-03-arm-localize-baseline/pc-benchmark/run-v45cu259/720p_six/sample-02-crops-_geoukrg/target_003.hex	原始测量证据	12288	4eed14a12d7589680b403428bc084256f5cbadf9c10e7b843a3763b2fecee3b1
data/evidence/2026-10-03-arm-localize-baseline/pc-benchmark/run-v45cu259/720p_six/sample-02-crops-_geoukrg/target_003.pgm	原始测量证据	4109	72d8291ed00e12dba32668669180aa38baeb6c68297cc663ff6145cee1298e6d
data/evidence/2026-10-03-arm-localize-baseline/pc-benchmark/run-v45cu259/720p_six/sample-02-crops-_geoukrg/target_004.hex	原始测量证据	12288	5530b9e777336074211c46d567d583dc7bb9fbc4631750ccfbbb41018e6fb4b3
data/evidence/2026-10-03-arm-localize-baseline/pc-benchmark/run-v45cu259/720p_six/sample-02-crops-_geoukrg/target_004.pgm	原始测量证据	4109	5873c91bf5b77e5db77f02075c355953a274de0b47e57fe40d5f74e85caf7b41
data/evidence/2026-10-03-arm-localize-baseline/pc-benchmark/run-v45cu259/720p_six/sample-02-crops-_geoukrg/target_005.hex	原始测量证据	12288	ca4353792c66fce68939be226acebadfbd73c92e14cfee0bc4e26b24dc160602
data/evidence/2026-10-03-arm-localize-baseline/pc-benchmark/run-v45cu259/720p_six/sample-02-crops-_geoukrg/target_005.pgm	原始测量证据	4109	30da0e20ff3820d2bcd0dd58496af3a19700bc1f478b9c27e661a709472569fd
data/evidence/2026-10-03-arm-localize-baseline/pc-benchmark/run-v45cu259/720p_six/sample-02.json	原始测量证据	384729	095413a4735fcb75bdbc1a604c9dea18eb3939a7597842a648bcaea36927638b
data/evidence/2026-10-03-arm-localize-baseline/pc-benchmark/run-v45cu259/720p_six/sample-03-crops-ch2d4tlb/target_000.hex	原始测量证据	12288	3ec2572c747c420fe850466e6590a954c212556a2efab46e4b8e9e08df9eeb2f
data/evidence/2026-10-03-arm-localize-baseline/pc-benchmark/run-v45cu259/720p_six/sample-03-crops-ch2d4tlb/target_000.pgm	原始测量证据	4109	c753f282faaf2987856c419fa42433cffaf01949a2c5ff8f034e5f590e80b6c8
data/evidence/2026-10-03-arm-localize-baseline/pc-benchmark/run-v45cu259/720p_six/sample-03-crops-ch2d4tlb/target_001.hex	原始测量证据	12288	bd048eb0a4089804ff2ca7f1d85b3949548b78dbbf32ed2c42ad600448f0d5c1
data/evidence/2026-10-03-arm-localize-baseline/pc-benchmark/run-v45cu259/720p_six/sample-03-crops-ch2d4tlb/target_001.pgm	原始测量证据	4109	0f0d7b110e2f8792ad0fa9a2566290d17be0bd8905fe33000cd85d2976e75afb
data/evidence/2026-10-03-arm-localize-baseline/pc-benchmark/run-v45cu259/720p_six/sample-03-crops-ch2d4tlb/target_002.hex	原始测量证据	12288	9622ccbb5a6546d1a4a4a355036b027039a82d9a3f30edb0bc0b245cb99c2f2f
data/evidence/2026-10-03-arm-localize-baseline/pc-benchmark/run-v45cu259/720p_six/sample-03-crops-ch2d4tlb/target_002.pgm	原始测量证据	4109	a16daa47619fe18079077639b2f9e60b778676d230d259ab24ecaa37430b7cbe
data/evidence/2026-10-03-arm-localize-baseline/pc-benchmark/run-v45cu259/720p_six/sample-03-crops-ch2d4tlb/target_003.hex	原始测量证据	12288	4eed14a12d7589680b403428bc084256f5cbadf9c10e7b843a3763b2fecee3b1
data/evidence/2026-10-03-arm-localize-baseline/pc-benchmark/run-v45cu259/720p_six/sample-03-crops-ch2d4tlb/target_003.pgm	原始测量证据	4109	72d8291ed00e12dba32668669180aa38baeb6c68297cc663ff6145cee1298e6d
data/evidence/2026-10-03-arm-localize-baseline/pc-benchmark/run-v45cu259/720p_six/sample-03-crops-ch2d4tlb/target_004.hex	原始测量证据	12288	5530b9e777336074211c46d567d583dc7bb9fbc4631750ccfbbb41018e6fb4b3
data/evidence/2026-10-03-arm-localize-baseline/pc-benchmark/run-v45cu259/720p_six/sample-03-crops-ch2d4tlb/target_004.pgm	原始测量证据	4109	5873c91bf5b77e5db77f02075c355953a274de0b47e57fe40d5f74e85caf7b41
data/evidence/2026-10-03-arm-localize-baseline/pc-benchmark/run-v45cu259/720p_six/sample-03-crops-ch2d4tlb/target_005.hex	原始测量证据	12288	ca4353792c66fce68939be226acebadfbd73c92e14cfee0bc4e26b24dc160602
data/evidence/2026-10-03-arm-localize-baseline/pc-benchmark/run-v45cu259/720p_six/sample-03-crops-ch2d4tlb/target_005.pgm	原始测量证据	4109	30da0e20ff3820d2bcd0dd58496af3a19700bc1f478b9c27e661a709472569fd
data/evidence/2026-10-03-arm-localize-baseline/pc-benchmark/run-v45cu259/720p_six/sample-03.json	原始测量证据	384728	9f29afd9db797dcf7ef2ba327ff2bdb19636ee0974248477fd93f82b582bafb3
data/evidence/2026-10-03-arm-localize-baseline/pc-benchmark/run-v45cu259/720p_six/sample-04-crops-d20np7lo/target_000.hex	原始测量证据	12288	3ec2572c747c420fe850466e6590a954c212556a2efab46e4b8e9e08df9eeb2f
data/evidence/2026-10-03-arm-localize-baseline/pc-benchmark/run-v45cu259/720p_six/sample-04-crops-d20np7lo/target_000.pgm	原始测量证据	4109	c753f282faaf2987856c419fa42433cffaf01949a2c5ff8f034e5f590e80b6c8
data/evidence/2026-10-03-arm-localize-baseline/pc-benchmark/run-v45cu259/720p_six/sample-04-crops-d20np7lo/target_001.hex	原始测量证据	12288	bd048eb0a4089804ff2ca7f1d85b3949548b78dbbf32ed2c42ad600448f0d5c1
data/evidence/2026-10-03-arm-localize-baseline/pc-benchmark/run-v45cu259/720p_six/sample-04-crops-d20np7lo/target_001.pgm	原始测量证据	4109	0f0d7b110e2f8792ad0fa9a2566290d17be0bd8905fe33000cd85d2976e75afb
data/evidence/2026-10-03-arm-localize-baseline/pc-benchmark/run-v45cu259/720p_six/sample-04-crops-d20np7lo/target_002.hex	原始测量证据	12288	9622ccbb5a6546d1a4a4a355036b027039a82d9a3f30edb0bc0b245cb99c2f2f
data/evidence/2026-10-03-arm-localize-baseline/pc-benchmark/run-v45cu259/720p_six/sample-04-crops-d20np7lo/target_002.pgm	原始测量证据	4109	a16daa47619fe18079077639b2f9e60b778676d230d259ab24ecaa37430b7cbe
data/evidence/2026-10-03-arm-localize-baseline/pc-benchmark/run-v45cu259/720p_six/sample-04-crops-d20np7lo/target_003.hex	原始测量证据	12288	4eed14a12d7589680b403428bc084256f5cbadf9c10e7b843a3763b2fecee3b1
data/evidence/2026-10-03-arm-localize-baseline/pc-benchmark/run-v45cu259/720p_six/sample-04-crops-d20np7lo/target_003.pgm	原始测量证据	4109	72d8291ed00e12dba32668669180aa38baeb6c68297cc663ff6145cee1298e6d
data/evidence/2026-10-03-arm-localize-baseline/pc-benchmark/run-v45cu259/720p_six/sample-04-crops-d20np7lo/target_004.hex	原始测量证据	12288	5530b9e777336074211c46d567d583dc7bb9fbc4631750ccfbbb41018e6fb4b3
data/evidence/2026-10-03-arm-localize-baseline/pc-benchmark/run-v45cu259/720p_six/sample-04-crops-d20np7lo/target_004.pgm	原始测量证据	4109	5873c91bf5b77e5db77f02075c355953a274de0b47e57fe40d5f74e85caf7b41
data/evidence/2026-10-03-arm-localize-baseline/pc-benchmark/run-v45cu259/720p_six/sample-04-crops-d20np7lo/target_005.hex	原始测量证据	12288	ca4353792c66fce68939be226acebadfbd73c92e14cfee0bc4e26b24dc160602
data/evidence/2026-10-03-arm-localize-baseline/pc-benchmark/run-v45cu259/720p_six/sample-04-crops-d20np7lo/target_005.pgm	原始测量证据	4109	30da0e20ff3820d2bcd0dd58496af3a19700bc1f478b9c27e661a709472569fd
data/evidence/2026-10-03-arm-localize-baseline/pc-benchmark/run-v45cu259/720p_six/sample-04.json	原始测量证据	384729	881de1154b30db1be31fb1f95d84a2c133675fe2181994aaa475dc62b310455e
data/evidence/2026-10-03-arm-localize-baseline/pc-benchmark/run-v45cu259/720p_six/warmup-00-crops-5lqh3_s7/target_000.hex	原始测量证据	12288	3ec2572c747c420fe850466e6590a954c212556a2efab46e4b8e9e08df9eeb2f
data/evidence/2026-10-03-arm-localize-baseline/pc-benchmark/run-v45cu259/720p_six/warmup-00-crops-5lqh3_s7/target_000.pgm	原始测量证据	4109	c753f282faaf2987856c419fa42433cffaf01949a2c5ff8f034e5f590e80b6c8
data/evidence/2026-10-03-arm-localize-baseline/pc-benchmark/run-v45cu259/720p_six/warmup-00-crops-5lqh3_s7/target_001.hex	原始测量证据	12288	bd048eb0a4089804ff2ca7f1d85b3949548b78dbbf32ed2c42ad600448f0d5c1
data/evidence/2026-10-03-arm-localize-baseline/pc-benchmark/run-v45cu259/720p_six/warmup-00-crops-5lqh3_s7/target_001.pgm	原始测量证据	4109	0f0d7b110e2f8792ad0fa9a2566290d17be0bd8905fe33000cd85d2976e75afb
data/evidence/2026-10-03-arm-localize-baseline/pc-benchmark/run-v45cu259/720p_six/warmup-00-crops-5lqh3_s7/target_002.hex	原始测量证据	12288	9622ccbb5a6546d1a4a4a355036b027039a82d9a3f30edb0bc0b245cb99c2f2f
data/evidence/2026-10-03-arm-localize-baseline/pc-benchmark/run-v45cu259/720p_six/warmup-00-crops-5lqh3_s7/target_002.pgm	原始测量证据	4109	a16daa47619fe18079077639b2f9e60b778676d230d259ab24ecaa37430b7cbe
data/evidence/2026-10-03-arm-localize-baseline/pc-benchmark/run-v45cu259/720p_six/warmup-00-crops-5lqh3_s7/target_003.hex	原始测量证据	12288	4eed14a12d7589680b403428bc084256f5cbadf9c10e7b843a3763b2fecee3b1
data/evidence/2026-10-03-arm-localize-baseline/pc-benchmark/run-v45cu259/720p_six/warmup-00-crops-5lqh3_s7/target_003.pgm	原始测量证据	4109	72d8291ed00e12dba32668669180aa38baeb6c68297cc663ff6145cee1298e6d
data/evidence/2026-10-03-arm-localize-baseline/pc-benchmark/run-v45cu259/720p_six/warmup-00-crops-5lqh3_s7/target_004.hex	原始测量证据	12288	5530b9e777336074211c46d567d583dc7bb9fbc4631750ccfbbb41018e6fb4b3
data/evidence/2026-10-03-arm-localize-baseline/pc-benchmark/run-v45cu259/720p_six/warmup-00-crops-5lqh3_s7/target_004.pgm	原始测量证据	4109	5873c91bf5b77e5db77f02075c355953a274de0b47e57fe40d5f74e85caf7b41
data/evidence/2026-10-03-arm-localize-baseline/pc-benchmark/run-v45cu259/720p_six/warmup-00-crops-5lqh3_s7/target_005.hex	原始测量证据	12288	ca4353792c66fce68939be226acebadfbd73c92e14cfee0bc4e26b24dc160602
data/evidence/2026-10-03-arm-localize-baseline/pc-benchmark/run-v45cu259/720p_six/warmup-00-crops-5lqh3_s7/target_005.pgm	原始测量证据	4109	30da0e20ff3820d2bcd0dd58496af3a19700bc1f478b9c27e661a709472569fd
data/evidence/2026-10-03-arm-localize-baseline/pc-benchmark/run-v45cu259/720p_six/warmup-00.json	原始测量证据	384729	f7f9f8df0d593de195415f3c60d8fce2d994c2ff2229649254f117aadd1bb0c6
data/evidence/2026-10-03-arm-localize-baseline/pc-benchmark/run-v45cu259/tiny/input.json	原始测量证据	390	a18213218cbed18c012392eb09679c58ee77f02182c7347a2ac871ff7aa8f6df
data/evidence/2026-10-03-arm-localize-baseline/pc-benchmark/run-v45cu259/tiny/sample-00-crops-510h6tto/target_000.hex	原始测量证据	12288	22d37839cb28715731400ea782e57d23e85facfad52553524b32f7c091222b63
data/evidence/2026-10-03-arm-localize-baseline/pc-benchmark/run-v45cu259/tiny/sample-00-crops-510h6tto/target_000.pgm	原始测量证据	4109	20338307550c5d824a81161c204d3077a072d8fe29948aaa0e24b92b59416041
data/evidence/2026-10-03-arm-localize-baseline/pc-benchmark/run-v45cu259/tiny/sample-00-crops-510h6tto/target_001.hex	原始测量证据	12288	f2b1505a8a564217b39e1ebb6de63fc377243309879135fd69c0eb967448d1aa
data/evidence/2026-10-03-arm-localize-baseline/pc-benchmark/run-v45cu259/tiny/sample-00-crops-510h6tto/target_001.pgm	原始测量证据	4109	cd3c18d37e4edabdf84e67fb5a3ac3f679f7c681d82ffbfc486665c965de444e
data/evidence/2026-10-03-arm-localize-baseline/pc-benchmark/run-v45cu259/tiny/sample-00.json	原始测量证据	128677	3ed81c659d19177a004028c95188d606959084391f3c33bdd4ca85550e1b577d
data/evidence/2026-10-03-arm-localize-baseline/pc-benchmark/run-v45cu259/tiny/sample-01-crops-iyzgv6mx/target_000.hex	原始测量证据	12288	22d37839cb28715731400ea782e57d23e85facfad52553524b32f7c091222b63
data/evidence/2026-10-03-arm-localize-baseline/pc-benchmark/run-v45cu259/tiny/sample-01-crops-iyzgv6mx/target_000.pgm	原始测量证据	4109	20338307550c5d824a81161c204d3077a072d8fe29948aaa0e24b92b59416041
data/evidence/2026-10-03-arm-localize-baseline/pc-benchmark/run-v45cu259/tiny/sample-01-crops-iyzgv6mx/target_001.hex	原始测量证据	12288	f2b1505a8a564217b39e1ebb6de63fc377243309879135fd69c0eb967448d1aa
data/evidence/2026-10-03-arm-localize-baseline/pc-benchmark/run-v45cu259/tiny/sample-01-crops-iyzgv6mx/target_001.pgm	原始测量证据	4109	cd3c18d37e4edabdf84e67fb5a3ac3f679f7c681d82ffbfc486665c965de444e
data/evidence/2026-10-03-arm-localize-baseline/pc-benchmark/run-v45cu259/tiny/sample-01.json	原始测量证据	128677	d950e4200a7a6f35fef486fd8ec47d428668f08828b2b2921fd33725cb573330
data/evidence/2026-10-03-arm-localize-baseline/pc-benchmark/run-v45cu259/tiny/sample-02-crops-n8i8rs0d/target_000.hex	原始测量证据	12288	22d37839cb28715731400ea782e57d23e85facfad52553524b32f7c091222b63
data/evidence/2026-10-03-arm-localize-baseline/pc-benchmark/run-v45cu259/tiny/sample-02-crops-n8i8rs0d/target_000.pgm	原始测量证据	4109	20338307550c5d824a81161c204d3077a072d8fe29948aaa0e24b92b59416041
data/evidence/2026-10-03-arm-localize-baseline/pc-benchmark/run-v45cu259/tiny/sample-02-crops-n8i8rs0d/target_001.hex	原始测量证据	12288	f2b1505a8a564217b39e1ebb6de63fc377243309879135fd69c0eb967448d1aa
data/evidence/2026-10-03-arm-localize-baseline/pc-benchmark/run-v45cu259/tiny/sample-02-crops-n8i8rs0d/target_001.pgm	原始测量证据	4109	cd3c18d37e4edabdf84e67fb5a3ac3f679f7c681d82ffbfc486665c965de444e
data/evidence/2026-10-03-arm-localize-baseline/pc-benchmark/run-v45cu259/tiny/sample-02.json	原始测量证据	128677	5fa63852707bfa9ade224074049834ea66487eccd1478795563a05e25eb3610e
data/evidence/2026-10-03-arm-localize-baseline/pc-benchmark/run-v45cu259/tiny/sample-03-crops-lvpd6efe/target_000.hex	原始测量证据	12288	22d37839cb28715731400ea782e57d23e85facfad52553524b32f7c091222b63
data/evidence/2026-10-03-arm-localize-baseline/pc-benchmark/run-v45cu259/tiny/sample-03-crops-lvpd6efe/target_000.pgm	原始测量证据	4109	20338307550c5d824a81161c204d3077a072d8fe29948aaa0e24b92b59416041
data/evidence/2026-10-03-arm-localize-baseline/pc-benchmark/run-v45cu259/tiny/sample-03-crops-lvpd6efe/target_001.hex	原始测量证据	12288	f2b1505a8a564217b39e1ebb6de63fc377243309879135fd69c0eb967448d1aa
data/evidence/2026-10-03-arm-localize-baseline/pc-benchmark/run-v45cu259/tiny/sample-03-crops-lvpd6efe/target_001.pgm	原始测量证据	4109	cd3c18d37e4edabdf84e67fb5a3ac3f679f7c681d82ffbfc486665c965de444e
data/evidence/2026-10-03-arm-localize-baseline/pc-benchmark/run-v45cu259/tiny/sample-03.json	原始测量证据	128677	f9a116c35163c6c55a480ae6a2f442c77eea6789431941c4dcad93d27280084d
data/evidence/2026-10-03-arm-localize-baseline/pc-benchmark/run-v45cu259/tiny/sample-04-crops-_e66fzmv/target_000.hex	原始测量证据	12288	22d37839cb28715731400ea782e57d23e85facfad52553524b32f7c091222b63
data/evidence/2026-10-03-arm-localize-baseline/pc-benchmark/run-v45cu259/tiny/sample-04-crops-_e66fzmv/target_000.pgm	原始测量证据	4109	20338307550c5d824a81161c204d3077a072d8fe29948aaa0e24b92b59416041
data/evidence/2026-10-03-arm-localize-baseline/pc-benchmark/run-v45cu259/tiny/sample-04-crops-_e66fzmv/target_001.hex	原始测量证据	12288	f2b1505a8a564217b39e1ebb6de63fc377243309879135fd69c0eb967448d1aa
data/evidence/2026-10-03-arm-localize-baseline/pc-benchmark/run-v45cu259/tiny/sample-04-crops-_e66fzmv/target_001.pgm	原始测量证据	4109	cd3c18d37e4edabdf84e67fb5a3ac3f679f7c681d82ffbfc486665c965de444e
data/evidence/2026-10-03-arm-localize-baseline/pc-benchmark/run-v45cu259/tiny/sample-04.json	原始测量证据	128677	ecee58b3fa672585aa5671f4906e3ecbe1a16ac22e9fa76a72665aecb17dd8e2
data/evidence/2026-10-03-arm-localize-baseline/pc-benchmark/run-v45cu259/tiny/warmup-00-crops-ult_z5vy/target_000.hex	原始测量证据	12288	22d37839cb28715731400ea782e57d23e85facfad52553524b32f7c091222b63
data/evidence/2026-10-03-arm-localize-baseline/pc-benchmark/run-v45cu259/tiny/warmup-00-crops-ult_z5vy/target_000.pgm	原始测量证据	4109	20338307550c5d824a81161c204d3077a072d8fe29948aaa0e24b92b59416041
data/evidence/2026-10-03-arm-localize-baseline/pc-benchmark/run-v45cu259/tiny/warmup-00-crops-ult_z5vy/target_001.hex	原始测量证据	12288	f2b1505a8a564217b39e1ebb6de63fc377243309879135fd69c0eb967448d1aa
data/evidence/2026-10-03-arm-localize-baseline/pc-benchmark/run-v45cu259/tiny/warmup-00-crops-ult_z5vy/target_001.pgm	原始测量证据	4109	cd3c18d37e4edabdf84e67fb5a3ac3f679f7c681d82ffbfc486665c965de444e
data/evidence/2026-10-03-arm-localize-baseline/pc-benchmark/run-v45cu259/tiny/warmup-00.json	原始测量证据	128677	7e56e53c8cada5710a25fe0d1933109b56dede3db24cf2f461b1614e41cd2fae
data/evidence/2026-10-03-arm-localize-baseline/pc-benchmark/summary.json	原始测量证据	4853	8d85799605313f3bcdafb4bdef1af4b3b384e4b5666e63e83adc987050411a3e
data/evidence/2026-10-03-arm-localize-baseline/pc-result.json	原始测量证据	127478	319973e98a9f7935c0a690423df753ef9e111e1940f66cb08caedf25b2eece75
data/evidence/2026-10-03-arm-localize-baseline/two_targets.json	原始测量证据	439	6a28cfa975586bf71a2b8e979896cccbc2d108801d46063d860421f874be96cd
data/evidence/2026-10-06-partC-pc-depth-code.patch	原始测量证据	19180	3367d502c0c3e93baaf35b84f58e326a520e24476ef26c6d4c9f3358f239ffb0
data/golden/coremark_2k_32iter/README.md	黄金参考输入/输出	1914	3dea775020b19793c985c24db15d624538ed697980ba62af7c04d560dc108d74
data/golden/vision/fullchain/expected_fullchain.hex	黄金参考输入/输出	1536	dc0f0d8861cf210db732630c11a8fc211b3ae08452e5cd13b2b225d52d973b2d
data/golden/vision/fullchain/expected_gauss_sobel.hex	黄金参考输入/输出	384	ed9016e9ab446ccb64767eb67060558906ceb65a09badc4954833067e9469641
data/golden/vision/fullchain/expected_gray_sobel.hex	黄金参考输入/输出	384	aed47e9e1f5cd139fae3404f8c90066b196d52c3c151bc49d7e1fd9180181eb1
data/golden/vision/fullchain/gen_fullchain.py	黄金参考输入/输出	3046	11aeff41181e4a4103de873ebfd7447e37d9efa777d554b8bd0682bba6bb62c2
data/golden/vision/fullchain/gen_top_sobel.py	黄金参考输入/输出	2626	97fe6dfeb02fdfcc48a94f96625a135ec887f4f3c8f14782955c7ff5aea7d081
data/golden/vision/gaussian3x3/expected_y.hex	黄金参考输入/输出	384	430696174f5056e2164e5383e6c3f9d09bd5d6296f4d26387d801a7ad3ca4f54
data/golden/vision/gaussian3x3/gen_gaussian3x3.py	黄金参考输入/输出	2871	5c67079d116122f4eae179226370d72328d2db7415e7cbda934a553a5fa38558
data/golden/vision/gaussian3x3/input_gray.hex	黄金参考输入/输出	384	2a0a41b28e112700cad7a77f22f1f3ef008ecee328bf56b1301ae29e5a38a3d4
data/golden/vision/localize/__pycache__/reference.cpython-310.pyc	黄金参考输入/输出	3694	4e0e780c3fc7b0c1404f3f128eaf07abf3cefb58117859ac72a667a8af8f3c8b
data/golden/vision/localize/gen_patterns.py	黄金参考输入/输出	1504	0b128018e172f2dee826f5fdf23ae36e58fa4b41986fe550230f07ec03fb106e
data/golden/vision/localize/patterns_expected.hex	黄金参考输入/输出	288	2dcad878abe7d63ea94729f37368897c2cd927ce633156827f9030452cd06ae1
data/golden/vision/localize/patterns_rgb.hex	黄金参考输入/输出	2688	9cdba62f57a9c3b4320620b5236a090d5d4685bdd4c7274750dc93d2f29ef2cf
data/golden/vision/localize/reference.py	黄金参考输入/输出	3600	2b9c2b2af41b3d560359aafa1d06ec708a492c36328f3173b5e606f00fd6a073
data/golden/vision/osd/expected_osd_f1.hex	黄金参考输入/输出	384	b0a2bcb35bc7e1b814cd35bc28cd1cbaef600b0b2305cba7b59f3cd8d7791b84
data/golden/vision/osd/expected_osd_f2.hex	黄金参考输入/输出	384	52074c67f9565cec4e727723907c7076df47f242a8f14444845cdaf0701dbed0
data/golden/vision/osd/gen_osd.py	黄金参考输入/输出	1994	b8d088aecaddf2f64595c5057510e87e21f0bea3e42e3c2482b2e1671c0a3aae
data/golden/vision/osd/input_y.hex	黄金参考输入/输出	384	2a0a41b28e112700cad7a77f22f1f3ef008ecee328bf56b1301ae29e5a38a3d4
data/golden/vision/rgb2gray/expected_y.hex	黄金参考输入/输出	384	2a0a41b28e112700cad7a77f22f1f3ef008ecee328bf56b1301ae29e5a38a3d4
data/golden/vision/rgb2gray/gen_rgb2gray.py	黄金参考输入/输出	1998	d44c4fea545a13d0aaded5117e2876c4cf31e8daf54547f5f8d0379f42ddb61d
data/golden/vision/rgb2gray/input_rgb.hex	黄金参考输入/输出	896	7415a5bde7fa09173a00395cdc7c34b7b9326e203ffa18e3ad0a3c3df72f8569
data/golden/vision/scaler/expected_y.hex	黄金参考输入/输出	1536	1b0c7a100a80435be773d194d7795f40972bfbc828449ddb60bb94193bdf5686
data/golden/vision/scaler/gen_scaler.py	黄金参考输入/输出	3503	1cbe07cb3b96468eef921f56ff6ee93b249e4a24f4a251fd894176e41a4f742a
data/golden/vision/scaler/input_gray.hex	黄金参考输入/输出	384	2a0a41b28e112700cad7a77f22f1f3ef008ecee328bf56b1301ae29e5a38a3d4
data/golden/vision/scaler_ds/expected_y.hex	黄金参考输入/输出	96	813673d04679d76c3affa03d008f852ba6412c7258e733c0038c0e1b3b3d7d1a
data/golden/vision/scaler_ds/gen_scaler_ds.py	黄金参考输入/输出	4057	5e054d957fa3480102ec6ca7e3adf16c8c01effbc6421f410b166f7eca6a672f
data/golden/vision/scaler_ds/input_gray.hex	黄金参考输入/输出	1536	efbc0ec5c091fb349fd76fbaae86e0b234ec204da166f3e70a8b8c617d5ce066
data/golden/vision/sobel/expected_y.hex	黄金参考输入/输出	384	aed47e9e1f5cd139fae3404f8c90066b196d52c3c151bc49d7e1fd9180181eb1
data/golden/vision/sobel/gen_sobel.py	黄金参考输入/输出	2402	3c1e55168572da309e62f2917d120c9bec9b5be72691e0f4d421412dc50d00a6
data/golden/vision/sobel/input_gray.hex	黄金参考输入/输出	384	2a0a41b28e112700cad7a77f22f1f3ef008ecee328bf56b1301ae29e5a38a3d4
data/logs/.gitkeep	原始测量证据	0	e3b0c44298fc1c149afbf4c8996fb92427ae41e4649b934ca495991b7852b855
data/logs/2026-09-20-arch-test/README.md	原始测量证据	2999	ad0d202c48758963fc2606feee46277ff2a66c096e61c0ad349ab5557a31812f
data/logs/2026-09-20-arch-test/run_add-01.log	原始测量证据	2635	98d75df5422db445c980457793d58a652655f59dd5c8955b3893f6065a6a29d7
data/logs/2026-09-20-arch-test/run_addi-01.log	原始测量证据	2380	9e6bf0e2b38d0b2b259e633a68c851004a1c083835e0ddaef94bd2aee7d32f4a
data/logs/2026-09-20-arch-test/run_and-01.log	原始测量证据	4893	4abbcdb2b65bbac4de284133b84d3b6d5052367a4341001cd3fe8a1453612c6b
data/logs/2026-09-20-fwd-baseline/README.md	原始测量证据	2582	b139e804b019a9fda91d8caa0a4848c299878a15352f009b3bb0f42b9b2ba3b1
data/logs/2026-09-20-fwd-baseline/plusarg_override_demo.log	原始测量证据	575	54973ceedbd2cad89aab7cfd497cabcf361e3ac067c0cab8e53946c6ce7d09e4
data/logs/2026-09-20-fwd-baseline/run_iverilog_2026-09-20.log	原始测量证据	4729	602e1f5c793bfa12fbd967acb7adffd57a12ceefd8e196ecdef8c19d11f346db
data/logs/2026-09-20-pynq-z2-smoke-vivado/README.md	原始测量证据	3347	1c69496247094e4a610fb717ac07d5d76696e427117f48b71abd00ce7a4cab7a
data/logs/2026-09-20-pynq-z2-smoke-vivado/drc.rpt	原始测量证据	1605	0e33fd07ef242a423287e58a7e9544e987b473018669717cc44c9af44458719e
data/logs/2026-09-20-pynq-z2-smoke-vivado/run_iverilog_2026-09-20.log	原始测量证据	846	234897cdf10e05d035b2f218b7ad2446d3a7803f3c7cec3adfdb4fed4bc90707
data/logs/2026-09-20-pynq-z2-smoke-vivado/timing.rpt	原始测量证据	29287	b72bf7c1cdcf0a27ba57beea02185d0ac3b75048b791838d3d8afe9e00c3a8fe
data/logs/2026-09-20-pynq-z2-smoke-vivado/utilization.rpt	原始测量证据	10625	22d1590ccf4ba1bca3c01633daead2590731fc94a237cac151b05a84416d3efc
data/logs/2026-09-23-coremark-script-regression/README.md	原始测量证据	1774	5a4bda043140ff004646d511711e8c41f7bc54a61001f1c0f4b51ea04eb8951f
data/logs/2026-09-23-coremark-script-regression/arch_add-01.log	原始测量证据	2372	13f97dcdf6dac44a5c4f57342fd73de87570ef34dbd9148b90e0b2ebb167200c
data/logs/2026-09-23-coremark-script-regression/arch_addi-01.log	原始测量证据	2380	1ab3ed3705a5876ac9298a4d237679d5cb2d578111ed59a43cfd2f9212d58d32
data/logs/2026-09-23-coremark-script-regression/arch_and-01.log	原始测量证据	2372	077afdc0bacf2e94d037bc41f4715207aedeaa5c223ef95cc224911d65f19755
data/logs/2026-09-23-coremark-script-regression/run_all.log	原始测量证据	14813	acaa0c6419792da27c5516385880c69ac382793af8020227c97fd3456f25d50c
data/logs/2026-09-23-coremark-script-regression/run_coremark.log	原始测量证据	2672	99bf0ad8470e0485d6e35f341bd42f21673b7723764e0efaea9bb505a1fc300e
data/logs/2026-09-23-coremark/README.md	原始测量证据	2155	7e5562ce6d07077777fefd9158e0f0f20b7cc2838ef240b9d76919a049865e6c
data/logs/2026-09-23-coremark/run_v0_32iter.log	原始测量证据	1159	1207cf1757be801c4ee71bb82f319222954dd3d06188676a1be5be8487e4b3c3
data/logs/2026-09-23-coremark/run_v0_32iter_preexp.log	原始测量证据	1159	1207cf1757be801c4ee71bb82f319222954dd3d06188676a1be5be8487e4b3c3
data/logs/2026-09-26-soc-onboard/README.md	原始测量证据	4858	2085de90b8d7a1e93c4570eded6c28275a9de35e122d6dbae1a5ed37f40b9eff
data/logs/2026-09-26-soc-onboard/reports/soc_check_timing.rpt	原始测量证据	1719	aeca8b503f96b160789793c60ac99592b4431500f9b09155e24156e762b29a18
data/logs/2026-09-26-soc-onboard/reports/soc_clock_utilization_impl.rpt	原始测量证据	17478	09e807a5f9da97ba35a7d234d55ed7cf2767951c9f2bc37686e40d2dc461d32b
data/logs/2026-09-26-soc-onboard/reports/soc_clock_utilization_synth.rpt	原始测量证据	11458	7f97a5ad420e2761d3daa0fc5d2a5d1dae5cc8a50c54f9d01b761a7791c1ff88
data/logs/2026-09-26-soc-onboard/reports/soc_drc_impl.rpt	原始测量证据	14892	88242dc864fd7f82ca29f646813cec3cd3ef3b06da50118a00d1b8e062afaa06
data/logs/2026-09-26-soc-onboard/reports/soc_timing_impl.rpt	原始测量证据	54465	3d0c2271b6cb8409fd008e9f37e48a609e4cd61979c3e314618fc45422a99605
data/logs/2026-09-26-soc-onboard/reports/soc_timing_worst_paths.rpt	原始测量证据	139673	b67dd410da12278c3c4db04284aed62fb0ec6c4620275a0fb2fdc602d56a274c
data/logs/2026-09-26-soc-onboard/reports/soc_utilization_impl.rpt	原始测量证据	11359	c4fc356a03f71a355420085c69a88844e3922100a142b8e109843c21ec9d3843
data/logs/2026-09-26-soc-onboard/reports/soc_utilization_synth.rpt	原始测量证据	9165	db0f2e280e16dd43bb2b633a1eac73e0f344d3fab0dc59cfd4b71955dae57a5d
data/logs/2026-09-26-soc-onboard/reports/soc_vivado_version.txt	原始测量证据	7	caa692594cece87cfff056d7da05893ddd771cb2f3d98874b71ba93dc7fea06a
data/logs/2026-09-26-soc-onboard/sim_xsim.log	原始测量证据	7904	4e6a84f35d153f250ea6895f26d88935a85c32ea7ed84e1fbf66f21df5630e42
data/logs/2026-09-28-partA-closure/all-rerun.log	原始测量证据	20751	f1a01bce16b5b57666ff6a68e901b2a4953dfd2f788bff791b8b213253cecda4
data/logs/2026-09-28-partA-closure/all.log	原始测量证据	20751	f1a01bce16b5b57666ff6a68e901b2a4953dfd2f788bff791b8b213253cecda4
data/logs/2026-09-28-partA-closure/arch-test.log	原始测量证据	7052	ca841864241090fd15d9aa9a66705f6d4ad67ba9efcdbf857370e7db547a35bb
data/logs/2026-09-28-partA-closure/bench-cpi.log	原始测量证据	240	3cf32ad5da0f013df3edfdd1548afdc0e9758ddf80f01a7ddc335a83d84512de
data/logs/2026-09-28-partA-closure/bench.log	原始测量证据	2194	06076da8198534dee13d610d7b81cd8f3c01e6232e77f7ffb160d655ced511c6
data/logs/2026-09-28-partA-closure/dmem.log	原始测量证据	1674	9aae534489e479b3a9571f4e6591934c398c3eab9e7f0eac98ac8b3a5328ce2d
data/logs/2026-09-28-partA-closure/imem.log	原始测量证据	1810	cad4275f0ecd01c0715b71965a9fc939b8ed2ce9b8feb61587f542569bf45d51
data/logs/2026-09-28-partA-closure/soc-check.log	原始测量证据	2088	d1385b069f5c03f5324a44c0de2b74a44a1947185bd464feda77a555e8214bbb
data/logs/2026-09-28-partA-closure/soc-step2-pass.log	原始测量证据	2068	7714c709bace7ab50e57e52109bc13a791e298981dfb0cd7a078f4da889dbf16
data/logs/2026-09-28-partA-closure/soc-step2.log	原始测量证据	2038	b6fbda6da04810f19823261401c5db0298beb3d15ca303af1c67886b4439cbbe
data/logs/2026-09-28-partA-closure/soc.log	原始测量证据	2045	bae4da231ea196dcdf1bc321d1224cf53f4cc38c603eb5ebb2f0a3c15bf437f6
data/logs/2026-09-28-partA-closure/vivado-core.log	原始测量证据	76649	263c14ed4564c3f7e2e8395516e1a1aaad96fc3a79e32c2de574edd0daa3ea1d
data/logs/2026-09-28-partA-closure/vivado-soc.log	原始测量证据	73428	2bf89ab8d0381b47421f492dfa84288a3cd558785ea6552c0de3f1d642c4e30f
data/logs/2026-09-29-r1-verify/README.md	原始测量证据	2588	290a4d7ee8ad2c910db45367dfb15584673e9fe7ed138cef5e9befc721edd892
data/logs/2026-09-29-r1-verify/all-fe80857.log	原始测量证据	22433	1fa64e60ff86783429ad3b5aa9391d3145cc5ce529563b0d37250798d083d73b
data/logs/2026-09-29-vision-m2-kickoff/README-batch2.md	原始测量证据	2661	5f3e77670a9fba3f74b88f7b27a90ef8a1f849601d37099ed9ca4ad3750a3ec8
data/logs/2026-09-29-vision-m2-kickoff/README.md	原始测量证据	2343	026abc197d5f720324295b3bffd80d791ac2c45596553b73e22cb4557c530b77
data/logs/2026-09-29-vision-m2-kickoff/base-commit.txt	原始测量证据	69	8449ad51661cca80f102f815c45cb55446314ff1eea5fcf4e9ef557626659142
data/logs/2026-09-29-vision-m2-kickoff/vision-all-10tb.log	原始测量证据	2011	1d561a749b1acd91dcefe8ee388516d8eec8b64546f70b3d426e7f292cc51bba
data/logs/2026-09-29-vision-m2-kickoff/vision-all-6tb.log	原始测量证据	889	a52d248c11b03d15ac6df4c7faad034f68fdb7d1feba4541a0dc5c48a4479471
data/logs/2026-09-29-vision-m2-kickoff/vision-all-7tb.log	原始测量证据	1424	fba9d56f51150948ff68d98421a494e154387704e3cd7cbcceef3b93a369d773
data/logs/2026-09-29-vision-m2-kickoff/vision-all-9tb.log	原始测量证据	1680	f992b3d4448da8952bbace3b732b97923f46e5cdd34e92f576dfe633848e9f53
data/logs/2026-09-29-vision-m2-kickoff/vision-all-fe80857-worktree.log	原始测量证据	362	644a84d170b8b4a21cafc41e6b34d7339156f8bb522a8ca663ca5b53c06e6bde
data/logs/2026-09-29-vision-m2-kickoff/vivado-ooc/README-real.md	原始测量证据	2806	f93944a4442b3f5ec17520bd9fe3cf41cc3de8de39397c1927bd97ce82b78253
data/logs/2026-09-29-vision-m2-kickoff/vivado-ooc/README.md	原始测量证据	2228	018a6013c4de7ce5fc9b2a1e7bbdf417737d331a531441f3d8b5fedf67df8098
data/logs/2026-09-29-vision-m2-kickoff/vivado-ooc/gaussian_3x3_ooc_result.txt	原始测量证据	45	bbff6bd0f99fc9067f1b819bcdcdd857c9f45bfa29f23af54b050afbc78aeeb2
data/logs/2026-09-29-vision-m2-kickoff/vivado-ooc/gaussian_3x3_real_ooc_result.txt	原始测量证据	58	7a20d0a9eae25155fef7fc6378a0e28e27dac09ef89b5769c731a05d4eb5478c
data/logs/2026-09-29-vision-m2-kickoff/vivado-ooc/gaussian_3x3_real_timing.rpt	原始测量证据	19402	2a445f31a7042b8f8f6964324fc67104a84638ea6be915fdd681a58b44d44f7c
data/logs/2026-09-29-vision-m2-kickoff/vivado-ooc/gaussian_3x3_real_utilization.rpt	原始测量证据	8595	4fddf7337ab4c784ab4930a82a1bc99691889f18edad55a3b9e6034472150897
data/logs/2026-09-29-vision-m2-kickoff/vivado-ooc/gaussian_3x3_timing.rpt	原始测量证据	18721	c3b18d2ec7838d7eb621b3e3cce02dd2a251c077ed74b432e419e95d6131e185
data/logs/2026-09-29-vision-m2-kickoff/vivado-ooc/gaussian_3x3_utilization.rpt	原始测量证据	8499	a36419fc09dd5b15b93f10b3566312e05cb2136bc2f92e200681a440c70c21d7
data/logs/2026-09-29-vision-m2-kickoff/vivado-ooc/line_buffer_real_ooc_result.txt	原始测量证据	51	a5b71e618d4a40c7cdb58e9c25a47abcb691cd9efcc6ee56b38bf22c3dbb116c
data/logs/2026-09-29-vision-m2-kickoff/vivado-ooc/line_buffer_real_timing.rpt	原始测量证据	9240	efed66239bf9881d51ec7f8df9168d0c4a80e54598d830be44b0b1231399fa5e
data/logs/2026-09-29-vision-m2-kickoff/vivado-ooc/line_buffer_real_utilization.rpt	原始测量证据	7976	1d40ffea7536561ad5508e3c7724df22a50a68d00824f7c21d2ace7842bb7f73
data/logs/2026-09-29-vision-m2-kickoff/vivado-ooc/rgb2gray_ooc_result.txt	原始测量证据	35	00d1be9be1111307713d468107806cb675adcb93f82beafa00ac7fea53534e95
data/logs/2026-09-29-vision-m2-kickoff/vivado-ooc/rgb2gray_timing.rpt	原始测量证据	9438	a3aeb13eddbb1b2b3a3a3ffa466a621ed47376b0ce2d92848f7d1e25d194ef18
data/logs/2026-09-29-vision-m2-kickoff/vivado-ooc/rgb2gray_utilization.rpt	原始测量证据	8168	88bc2a5ddbd2f4561d1e44b4407e1fcec794bf727a61ef3b85ad7929dc3000a5
data/logs/2026-09-29-vision-m2-kickoff/vivado-ooc/scaler_ooc_result.txt	原始测量证据	39	45f4e52e03223770d1dd963b68d22c4cc7fe25fddc522fba8c0686c6f45f44fc
data/logs/2026-09-29-vision-m2-kickoff/vivado-ooc/scaler_real_ooc_result.txt	原始测量证据	52	16f5759e5c2835999043173b30362804cf69294898b10b368eee590ed39dff2a
data/logs/2026-09-29-vision-m2-kickoff/vivado-ooc/scaler_real_timing.rpt	原始测量证据	20862	e380581630ed5147dc7b24c868c2a3a0debc57bf8157476d807121d359708cbc
data/logs/2026-09-29-vision-m2-kickoff/vivado-ooc/scaler_real_utilization.rpt	原始测量证据	8428	6b2f0f584b15665634020068369e15062cfd919443817f1b927c03aa26b4dff4
data/logs/2026-09-29-vision-m2-kickoff/vivado-ooc/scaler_timing.rpt	原始测量证据	19596	cf13444f6357441f85efe5946e3107fd31cf209fa479de38abf4a9774ce05a38
data/logs/2026-09-29-vision-m2-kickoff/vivado-ooc/scaler_utilization.rpt	原始测量证据	8613	e93c36c3e667330a50176ff4a74bf4ceea90556800b16e35c51c4d35c3de80cd
data/logs/2026-09-29-vision-m2-kickoff/vivado-ooc/sobel_ooc_result.txt	原始测量证据	38	22bd8d3252b0643bdfda0bd940cffa24ab22c75c43de31aab499e6702e3547fc
data/logs/2026-09-29-vision-m2-kickoff/vivado-ooc/sobel_real_ooc_result.txt	原始测量证据	51	719c40fd5a137101e79469d55e06630dd53c532d4cf94bbc65ed8f4ec3647544
data/logs/2026-09-29-vision-m2-kickoff/vivado-ooc/sobel_real_timing.rpt	原始测量证据	19509	c6649a23e11010e6388decdf495370250a198a3e1e8160be8019fbd2cd83b7fc
data/logs/2026-09-29-vision-m2-kickoff/vivado-ooc/sobel_real_utilization.rpt	原始测量证据	8581	fb4d90ee58336b212d9f02da7615f5beca7a75dc7f86d3dbd0c34031cabd6191
data/logs/2026-09-29-vision-m2-kickoff/vivado-ooc/sobel_timing.rpt	原始测量证据	18864	5d930101b37ca3cbc8f3a1199de32a0f4992d614e0269b8613b621eb9ab18c6e
data/logs/2026-09-29-vision-m2-kickoff/vivado-ooc/sobel_utilization.rpt	原始测量证据	8485	dfa94b80aa37c626c5432491fdcbbb0f852ce51a0ed5c710edbbb029a676a8e4
data/logs/2026-09-30-branch-sync/README.md	原始测量证据	1343	bc9838fbf901f253555bb92edbdcb9ae2bc42282945330d26b92a83138c44a54
data/logs/2026-09-30-branch-sync/riscv-all.log	原始测量证据	38562	59c17f90bd5bc0cc5e577da8abd08861c55146f1ec3cae2cc6fd93b43cd916c0
data/logs/2026-09-30-branch-sync/vision-all.log	原始测量证据	2011	75b12833617a1a47d383c1e2dc3398ac23343ef5484b61889d4aa1f9aeb4c6b1
data/logs/2026-09-30-m3-train-drill/act_golden.txt	原始测量证据	807	a6a14bb035457f516f802e46484d76c1844ca8c2209a7a7370489162e1e3f0a3
data/logs/2026-09-30-m3-train-drill/scales.txt	原始测量证据	174	36b3b043af2bace1f9640d0bbe2a60200f6427f36069072f4f5466050051269d
data/logs/2026-09-30-m3-train-drill/weights_hex	原始测量证据	8220	3691d649018e48d653061e2c5eb980d70d0bea27fa02ef5abd9fbd4007a70b90
data/logs/2026-09-30-r2r5-verify/README.md	原始测量证据	2359	84b4f1407ee379e5da9db0687031df4ae24a7698ea9d3cec44d4b2a082de67a0
data/logs/2026-09-30-r2r5-verify/all-522e819.log	原始测量证据	38562	59c17f90bd5bc0cc5e577da8abd08861c55146f1ec3cae2cc6fd93b43cd916c0
data/logs/2026-09-30-scaler-retiming/vision-all-10tb-retime.log	原始测量证据	2551	3f7e7642331cb82c9c7dacd93e5b226dc4a796be1fe45c958483a83c1aac25d2
data/logs/2026-09-30-scaler-retiming/vivado-ooc/scaler_real_ooc_result.txt	原始测量证据	52	0665b3c1b697feef667743a067079965972473a7bae5ed59244b674a9f1fb42e
data/logs/2026-09-30-scaler-retiming/vivado-ooc/scaler_real_timing.rpt	原始测量证据	18524	2346c2f53c459baacb493864935b3f69b04e12420fce85ad3639d9cee1d4043a
data/logs/2026-09-30-scaler-retiming/vivado-ooc/scaler_real_utilization.rpt	原始测量证据	8386	32e1986406a803fdccb1cdfb156e28d39d8f6e9a1c5e6da8d6aee3c87f3dfd2a
data/logs/2026-10-01-vision-m2-sprint/vision-all-11tb-v03.log	原始测量证据	2849	0c3ae1f7bf53555c6cfe3de27b3d75a754ac3a4149e075ed9326a963041ce987
data/logs/2026-10-01-vision-m2-sprint/vision-all-11tb.log	原始测量证据	2744	e01a45bb3ee9986d76ce8692dde094e5f3074df0e5f1acc1395f5fbf4c616e1b
data/logs/2026-10-01-vision-m2-sprint/vision-all-12tb.log	原始测量证据	3356	b5e1c17f8ded18765e2085126aa5495ed0033b51bff5867d69479bdd9f8f8676
data/logs/2026-10-01-vision-m2-sprint/vision-all-13tb.log	原始测量证据	3525	38adea3544bd87c0b410e8d705e57a49b549945e15f27f37f12ae98731ca7129
data/logs/2026-10-01-vision-m2-sprint/vivado-ooc/gaussian_3x3_real75_ooc_result.txt	原始测量证据	61	75d732e29af6ae52c100d5593a8b5450f1b5058ce4c9138039908b0b4ddf5e0f
data/logs/2026-10-01-vision-m2-sprint/vivado-ooc/gaussian_3x3_real75_timing.rpt	原始测量证据	19418	f4ac5310087e4185ce427d38213977875c38b1b84860bf0405044590b9c72306
data/logs/2026-10-01-vision-m2-sprint/vivado-ooc/gaussian_3x3_real75_utilization.rpt	原始测量证据	8597	61b083a593d2f19cfb79074ea4ef59723396346b25ab1541dfa8c9412962140b
data/logs/2026-10-01-vision-m2-sprint/vivado-ooc/sobel_real75_ooc_result.txt	原始测量证据	54	fa8a23331277bcad4535b5496a9a1ec41b927878d651483f0c40117dde288675
data/logs/2026-10-01-vision-m2-sprint/vivado-ooc/sobel_real75_timing.rpt	原始测量证据	19525	72daf79dca078b7f75c5c908cb5b729dad75e388e8bf12939243f5ae42c51d2a
data/logs/2026-10-01-vision-m2-sprint/vivado-ooc/sobel_real75_utilization.rpt	原始测量证据	8583	626dd4a0fc1fadf51f9ce77258b632ee040be582bb16fcb3766d81eccac28076
data/logs/2026-10-01-vision-m2-sprint/vivado-ooc/vision_top_real75_cdc.rpt	原始测量证据	842	5944a05a1351443e552eb5f572e34c7f3f5636fcb96dba8cbee6ea4a6fd66f35
data/logs/2026-10-01-vision-m2-sprint/vivado-ooc/vision_top_real75_ooc_result.txt	原始测量证据	59	a5cf317e5c01e7330221234401486de8330098844fdecb9f55d07f7e35f7bb49
data/logs/2026-10-01-vision-m2-sprint/vivado-ooc/vision_top_real75_timing.rpt	原始测量证据	27329	8d655ba956d2af0acffd9e2e3281a1b0f6c010243fb64774697bba49f5027c7a
data/logs/2026-10-01-vision-m2-sprint/vivado-ooc/vision_top_real75_utilization.rpt	原始测量证据	8550	476fafff376895478067974dfd0ac545e9eaeecafc38b8dfc2a4951966687c59
data/logs/2026-10-01-vision-m2-sprint/xsim-all-11tb.log	原始测量证据	1108	c8467de76cefaa8b831c2d28fd53f830fdab26bac63cf7653fe2565ecb2f2db7
data/logs/2026-10-01-vision-offboard/README.md	原始测量证据	2117	b4900e0c0c6215a5f7da129affc071451c63b5ce64bec8c670e850978817ada6
data/logs/2026-10-01-vision-offboard/vision-baseline.log	原始测量证据	2011	75b12833617a1a47d383c1e2dc3398ac23343ef5484b61889d4aa1f9aeb4c6b1
data/logs/2026-10-01-vision-offboard/vision-branch-baseline.log	原始测量证据	3525	38adea3544bd87c0b410e8d705e57a49b549945e15f27f37f12ae98731ca7129
data/logs/2026-10-02-vision-offboard/README.md	原始测量证据	3284	13fe759a6171eb3f93f2196a3037cb17ff77514485e386f6747c0bc94cd8bd1f
data/logs/2026-10-02-vision-offboard/all-final.log	原始测量证据	46769	5c0135e85881ac04718e0407c6b5908226e546d5ce732833fd988a0ff9b082c4
data/logs/2026-10-02-vision-offboard/all-step1.log	原始测量证据	43617	a3659abc42c0fcb7760320f2b592c322da22284743f1127f4cd4bb9fa5a46c19
data/logs/2026-10-02-vision-offboard/axi-after.log	原始测量证据	277	95f5569e00fe73833817b189901ec7617406ccceb1f7795cd35177f764e22cb5
data/logs/2026-10-02-vision-offboard/axi-before.log	原始测量证据	215	7e3035fed1373012fee5771d14dbab10c61d2ab64e45fe4a5510818523136cd4
data/logs/2026-10-02-vision-offboard/client-build.log	原始测量证据	6946	cb480fcb3285857cf40744b2877c137ab52062afe590c686cfdd53c04bb4209f
data/logs/2026-10-02-vision-offboard/client-http.log	原始测量证据	86	f96615dd00fd95e673fbbb2b64771335967b9cf46bd8053cfd0139dc5850a279
data/logs/2026-10-02-vision-offboard/client-install.log	原始测量证据	2244	82240434c4626d3e9d4a7f72eb51a93a5a325c88e8ec74198bad5cdd4adfed6d
data/logs/2026-10-02-vision-offboard/client-render.log	原始测量证据	0	e3b0c44298fc1c149afbf4c8996fb92427ae41e4649b934ca495991b7852b855
data/logs/2026-10-02-vision-offboard/color.log	原始测量证据	516	0614f8375d4cee35e2f9e3c41b52e29c7e618016562eb5df18065a100907c65f
data/logs/2026-10-02-vision-offboard/config-top.log	原始测量证据	638	1cfe96efe022ac18dbf855f47760e2671cd6e3a927a23218731919a8beccad2a
data/logs/2026-10-02-vision-offboard/config-unit.log	原始测量证据	167	cbfb0775dadced7ebf803f858c15e23b15e12754fc529fed0ccae757a98c67a1
data/logs/2026-10-02-vision-offboard/copbuf-after-all.log	原始测量证据	3698	c807bc2c3f96f88284aa71e0058586cc230e0d127143d624306886ff9cee4e31
data/logs/2026-10-02-vision-offboard/copbuf-before.log	原始测量证据	216	22988f6894f0c6c483590eef2a8151e832aaf0b2b07d28008c2536905a9f0be1
data/logs/2026-10-02-vision-offboard/gate-recheck-console.log	原始测量证据	101158	1095923a1d199f58c5f9997a9959c05ec63bce702e5a576dd96e00c94d80d933
data/logs/2026-10-02-vision-offboard/gate-selftest.log	原始测量证据	808	8686742a9be85f30cf7c62eb2ebea0e7758ce62a82f36b6c0f48e3a82317666f
data/logs/2026-10-02-vision-offboard/hdmi-before-native-ila.log	原始测量证据	84358	6af534d2d84ea4a777faa3a65aae753dee621cf47e03559d1e80a542b694b5c9
data/logs/2026-10-02-vision-offboard/hdmi-console.log	原始测量证据	144574	4539c6226a5f0abbabb84965d6cdd7075b6e8856551080f31dae11219d3ea2f3
data/logs/2026-10-02-vision-offboard/hdmi-wrapper.log	原始测量证据	488	9de2d80ba4d40ba8a165e37cad5e7b6fd8dfb2813a61ebee5f9b52f1b7f37ef1
data/logs/2026-10-02-vision-offboard/hdmi/cdc.rpt	原始测量证据	20230	ead076b1a1390bb6e82a8dc11d6e90218bf721b29fccd55439c6113fd9638b84
data/logs/2026-10-02-vision-offboard/hdmi/drc.rpt	原始测量证据	38340	a0648dd6bcec926db86becdc9d3c0db68faf0c7b26daa7b7e438e014ce00f322
data/logs/2026-10-02-vision-offboard/hdmi/driver.log	原始测量证据	144489	aab7a1a7464f164ee176e2667cd3c74acc8a8d048c2cb8358e0bf2e232fbc605
data/logs/2026-10-02-vision-offboard/hdmi/export_xsa.tcl	原始测量证据	891	93d89b7bc90a93c1cb39b0d33d757dfa0051fd892f01c0bd925a8be3c9fb5b83
data/logs/2026-10-02-vision-offboard/hdmi/timing.rpt	原始测量证据	284819	344aa2c76d4e10bc8f9184e8432165a6616d1132d9b37441dd88d21b3000423b
data/logs/2026-10-02-vision-offboard/hdmi/utilization.rpt	原始测量证据	12833	f076134c1a8ee732ca11960760dd800c86f583cd38ec8d5a7f33553bdfbccdad
data/logs/2026-10-02-vision-offboard/hdmi/vivado.log	原始测量证据	145313	de830b8e1e6b295648e91a8a4df43025f31070380e458efd2ac2d7f0679569a2
data/logs/2026-10-02-vision-offboard/hdmi/vivado_24728.backup.log	原始测量证据	47837	a5bd8ce143f2c3e43dabe33b97856ba4fd8e5c7dc7aeb65485a3a58fcdfabac7
data/logs/2026-10-02-vision-offboard/hdmi/vivado_45024.backup.log	原始测量证据	51503	dfb6e68f3fd37ac2ec89a2446c1f174bc685bc8733ec89cd5b901fe32428b0ee
data/logs/2026-10-02-vision-offboard/hdmi/vivado_52632.backup.log	原始测量证据	45406	8a5b94edc4a895b32597e0dfad4e09b1d73f7ea7f117de155b154e41904cf48e
data/logs/2026-10-02-vision-offboard/hdmi/vivado_55356.backup.log	原始测量证据	85098	9e7f744857f9da85d5d1eaca64d8bf1eb63d16aaa7e53674dd1050f3a5718bdf
data/logs/2026-10-02-vision-offboard/hdmi/xsa-export.log	原始测量证据	64796	2bda5830003c4a0e3b24992071fd51bfda09b1defc9289ccf7acd09a6ad98635
data/logs/2026-10-02-vision-offboard/localize.log	原始测量证据	102	12614d18e93fecf5fe9d07515138e8b8e022417752e1de8218990b7122f8b7e3
data/logs/2026-10-02-vision-offboard/metadata.log	原始测量证据	173	0318539b1e52296af273f444eab94b5d084db980064a0b31b2097932ec60c703
data/logs/2026-10-02-vision-offboard/patterns.log	原始测量证据	519	b22e5c0e5701833eb2cfd0d7e414d715f61f10d67ee876c58c180d5edf4191a4
data/logs/2026-10-02-vision-offboard/pipeline.log	原始测量证据	544	d1e080131926b1f686dba4349643aa44122461fe0f2c08d18726439b744529cd
data/logs/2026-10-02-vision-offboard/preview-mock.png	原始测量证据	17689	db053fff014b981a1ff3739d5b185035385bd559a1eda95d057bf08d43adc9fb
data/logs/2026-10-02-vision-offboard/python-config.log	原始测量证据	80	c13e7ed05cd7e7fa9b2c13e10b52c0964b74899981289ee0c3bdff8d4f909f68
data/logs/2026-10-02-vision-offboard/python-final.log	原始测量证据	268	3ad3479d071b3d84cbf1247acf1e697c6eebcbd084f8a1fd4663cade1abae6ad
data/logs/2026-10-02-vision-offboard/real.log	原始测量证据	542	b40562611d6c6a3bfc1c58d878aa4340eec98ec74c68088accf50e91e8314fb1
data/logs/2026-10-02-vision-offboard/reset-all.log	原始测量证据	5498	00be46ebe35e9e1a1d59fb252bb8b90b1bff41f18b40f0daeb9799da7019185a
data/logs/2026-10-02-vision-offboard/reset-orphan.log	原始测量证据	718	c1f05243895e1b0bf43ceef0ceb60648cd8dc588e5d9e4f70a1a83443f199fa1
data/logs/2026-10-02-vision-offboard/riscv-recheck.log	原始测量证据	46855	bd30e611cbeef2db42a812e0e91cc60fa9e1b341b267f77c7a84826ae9156c69
data/logs/2026-10-02-vision-offboard/route-before/cdc_route.rpt	原始测量证据	10047	23ffea928b8e489b0c143bca472c2774d2471cf88b41eef89dc48df27cd09344
data/logs/2026-10-02-vision-offboard/route-before/cdc_synth.rpt	原始测量证据	10052	4ee98c9df9afee6d052c0ee37b41a57c41630c5e0331c59ed820a7bc2a2e3e70
data/logs/2026-10-02-vision-offboard/route-before/check_timing.rpt	原始测量证据	7976	3b163ff1951ca8995a1b2cc2f34030d9092fdde25704aaf6f0d005566eab81bc
data/logs/2026-10-02-vision-offboard/route-before/clocks.rpt	原始测量证据	6812	627e986656359ae1915ae0acad2c3c543f129e8591edef1b6f0443bc987ecace
data/logs/2026-10-02-vision-offboard/route-before/drc.rpt	原始测量证据	29658	02b08459ef36b4949b1736821fb27c20003119f116ed4c4f82fac5b51dd628ca
data/logs/2026-10-02-vision-offboard/route-before/result.txt	原始测量证据	137	e3cf63e05c14ba278b3ef5c921fce47d7c71bd2b98369aef15f64b424530ab84
data/logs/2026-10-02-vision-offboard/route-before/timing.rpt	原始测量证据	93691	0c56b1f579b2912a6c819cd828aeee2eefc9293805c8b8f6ecc57e1ccda27a87
data/logs/2026-10-02-vision-offboard/route-before/utilization.rpt	原始测量证据	10977	52aff5a55e37b63cbbc487df614681cd52729d7effca563fcd42f6b772bbfff3
data/logs/2026-10-02-vision-offboard/route-before/worst_paths.rpt	原始测量证据	73954	35b664921691e58fc395611b9ae82272db35d8a72efbe4ef39a337d65b58bdcb
data/logs/2026-10-02-vision-offboard/route-console.log	原始测量证据	99525	273054fd940e32ea22389e6cd5d1017f6172d70de4d068f824d4312aa8042f17
data/logs/2026-10-02-vision-offboard/route-final-console.log	原始测量证据	101248	460b4f15d04282142f35a54106bbde7e8f2879df880d9f3086516336b38be5c3
data/logs/2026-10-02-vision-offboard/route/cdc_route.rpt	原始测量证据	10047	3925073d8a87a6b661653c4858abd12496d1958d9218c9320638cbf380dc9f58
data/logs/2026-10-02-vision-offboard/route/cdc_synth.rpt	原始测量证据	10052	c223e06b23763e330ec3e03e95a0375e4a9036f84320eb47acf33243a6f047ab
data/logs/2026-10-02-vision-offboard/route/check_timing.rpt	原始测量证据	7976	4c737a53ccbf0ae2c5fffda21c10cfb1dfb8fbfac66f9b1c89b3e105bb9a3735
data/logs/2026-10-02-vision-offboard/route/clocks.rpt	原始测量证据	6812	430cd99cf003ac3cfd5f9d7316231b87522170050bc209f70ac6eeb00e69dcce
data/logs/2026-10-02-vision-offboard/route/drc.rpt	原始测量证据	28983	076a638201af13bf398cfcedf7afa32815566a8fcfc4de76bb128206fce3a302
data/logs/2026-10-02-vision-offboard/route/driver.log	原始测量证据	101248	460b4f15d04282142f35a54106bbde7e8f2879df880d9f3086516336b38be5c3
data/logs/2026-10-02-vision-offboard/route/gate-recheck.log	原始测量证据	100270	c74eef0dcea807275a7f8cfe8f033991718db6e582c731334181eb5ea2a947b0
data/logs/2026-10-02-vision-offboard/route/result.txt	原始测量证据	136	0ea9d02c446c6685b832c57f7456bf99bfac61407a38156be7884b47ac3ef15e
data/logs/2026-10-02-vision-offboard/route/timing.rpt	原始测量证据	95597	6c40bce6b9eed0d085486610173e6eececb5d8c45131727550407ffb41130495
data/logs/2026-10-02-vision-offboard/route/utilization.rpt	原始测量证据	10977	8c5e9941b4fcebefbe40c011b2e40e84883a1c29028880a8cdad89345c69ab11
data/logs/2026-10-02-vision-offboard/route/vivado.log	原始测量证据	102079	77b06b60816913fbc4b2d3833c92af4219f87c91ffe93d1db2c420b6675f1d03
data/logs/2026-10-02-vision-offboard/route/vivado_3432.backup.log	原始测量证据	110030	e622b243705dae457c6a5d3f668f1914a012525c91e8794890d3b1fa447e8570
data/logs/2026-10-02-vision-offboard/route/vivado_44484.backup.log	原始测量证据	100270	c74eef0dcea807275a7f8cfe8f033991718db6e582c731334181eb5ea2a947b0
data/logs/2026-10-02-vision-offboard/route/worst_paths.rpt	原始测量证据	77054	88836b139a72b42aaabd5ceb890b175f1c7d0d52802f7ae374304c5d9d6753e0
data/logs/2026-10-02-vision-offboard/sobel-retime.log	原始测量证据	741	baee9793eef3a932a39e35e890bc27283e2f960c4d699a0f295525f6f589c885
data/logs/2026-10-02-vision-offboard/top-async.log	原始测量证据	506	364104c54bb643dcea23947c197e4c5511d21c59af073dcd71062c2f4a3244c5
data/logs/2026-10-02-vision-offboard/xsim-console.log	原始测量证据	16117	8da782c89bc97583c56de14a81514ef1523d26cd11870d0c296533a2197bb743
data/logs/2026-10-02-vision-offboard/xsim-final-console.log	原始测量证据	17723	9f9c696bde16a3bef6ecaa74a72179e6e033018425f54a9690f3a218300de361
data/logs/2026-10-02-vision-offboard/xsim-recheck.log	原始测量证据	17723	7968e972f0ffded57f71f82c0e05e417a13e2bbac380beff18c228c2f12013a1
data/logs/2026-10-03-arm-localize-baseline/board-env-approved.log	原始测量证据	76	2e6e20b269de0a6929c669985016758fa89c65e6e78d196dcafeeb76a244edb5
data/logs/2026-10-03-arm-localize-baseline/board-env-key-fixed.log	原始测量证据	46	5c6b876621a87144e1c51f0cda95d151e8e41f481ca86fc54b75d2799d876f30
data/logs/2026-10-03-arm-localize-baseline/board-env-key.log	原始测量证据	144	a3fd3b4345d15a7d7344f7518c95930a109bc9a70b5be54662afd26c8299967e
data/logs/2026-10-03-arm-localize-baseline/board-env.log	原始测量证据	76	6cde6855802a55fb46e9ff7a4090c9f5222b43230fcd462949d3ef3d03441bbe
data/logs/2026-10-03-arm-localize-baseline/commit-benchmark-compare.log	原始测量证据	78	bda4c09f61679ea578b942e731c897f6060fddac75791e6b0488c257725bd244
data/logs/2026-10-03-arm-localize-baseline/commit-index-evidence-compare.log	原始测量证据	78	bda4c09f61679ea578b942e731c897f6060fddac75791e6b0488c257725bd244
data/logs/2026-10-03-arm-localize-baseline/commit-index-package-selftest.log	原始测量证据	68	f80d5200d68fa6209bc065ef16608dbfdabd62e1156870d4e87325343d75536d
data/logs/2026-10-03-arm-localize-baseline/commit-python-regression.log	原始测量证据	633	45dc7f0ec80e398ac777ceb6c212e17d4eab17a6633a1c7b924bf90cfba8a150
data/logs/2026-10-03-arm-localize-baseline/diff-check.log	原始测量证据	12	bde294368bfed77c2cddf8cec271d398aee9cdbab3b26e1059281bd33adb0120
data/logs/2026-10-03-arm-localize-baseline/final-arm-archive.log	原始测量证据	32	054f0bb06f19cd56bdafa03dc74cbf54689852bfe689b07e3be140528ad13f85
data/logs/2026-10-03-arm-localize-baseline/final-arm-benchmark-attempt1.log	原始测量证据	1618	c463ee5babd439b7c2da605d9599b0c55df1a27be8d0f71f74ee22bcf6e6c2bc
data/logs/2026-10-03-arm-localize-baseline/final-arm-benchmark-attempt2.log	原始测量证据	840	a816886ea5515d26af170db32093cd9af7e6f56c50acb456fb1fa67c57f10957
data/logs/2026-10-03-arm-localize-baseline/final-arm-benchmark.log	原始测量证据	840	cfb9c173f5377bcd41f9fd3c22d8c0f1a3b66230ead203c8dcfc965ae6359188
data/logs/2026-10-03-arm-localize-baseline/final-arm-pc-compare.log	原始测量证据	249	bf587314b852b455379e88185358af09fdfbc0e7972fbd81ff16f44e0cd3e967
data/logs/2026-10-03-arm-localize-baseline/final-benchmark-compare-attempt1.log	原始测量证据	90	2928b3a90708ffc29c840cad39066c31a4b102fd9a7e45f68255370ea4611c44
data/logs/2026-10-03-arm-localize-baseline/final-benchmark-compare.log	原始测量证据	78	bda4c09f61679ea578b942e731c897f6060fddac75791e6b0488c257725bd244
data/logs/2026-10-03-arm-localize-baseline/final-diff-check.log	原始测量证据	743	ab3f1a50d2e057f470eafc8d7935aa44e5ed860cf6faa405b611bc047c1700c1
data/logs/2026-10-03-arm-localize-baseline/final-package-build.log	原始测量证据	97	5b02f78542dd61f91f5b90042ff2a95c3387cf930972824c25ad3c5269a41f34
data/logs/2026-10-03-arm-localize-baseline/final-pc-benchmark-attempt1.log	原始测量证据	254	d30dd4ed8a7cd871fdae5463a9bd996a70cf325a8f9c11708c32a1aeed28fa3a
data/logs/2026-10-03-arm-localize-baseline/final-pc-benchmark-attempt2.log	原始测量证据	697	d603bcd0ad20ee9cd81b66d80fe827e153be0443dc8b9b45d4eb93f8895ee899
data/logs/2026-10-03-arm-localize-baseline/final-pc-benchmark.log	原始测量证据	697	c418e390ca5576043ae3f10f79dd7410d38775d2950510a0db5b620e471bf813
data/logs/2026-10-03-arm-localize-baseline/final-pc-package-selftest.log	原始测量证据	68	f80d5200d68fa6209bc065ef16608dbfdabd62e1156870d4e87325343d75536d
data/logs/2026-10-03-arm-localize-baseline/final-pc-run-attempt1.log	原始测量证据	216	e079e26a5828b810dd28202c2c711b7e4ee631f7137019d89282a3d9f6293500
data/logs/2026-10-03-arm-localize-baseline/final-pc-run.log	原始测量证据	60	b53c839742c6c218dd5b8508ed58adac3b6a5995514d556f15047ecfef3ff36b
data/logs/2026-10-03-arm-localize-baseline/final-python-regression.log	原始测量证据	645	58f3ac54f51939928072c03ebf58b0c0fd66cb25aa052fa666a9e9615edebc8f
data/logs/2026-10-03-arm-localize-baseline/pc-reference-baseline-attempt1.log	原始测量证据	139	9e484b77e091c52b38e6d4057e95a8f579285122f69897c0d5e5f39f5a4ea63c
data/logs/2026-10-03-arm-localize-baseline/pc-reference-baseline-attempt2.log	原始测量证据	139	9e484b77e091c52b38e6d4057e95a8f579285122f69897c0d5e5f39f5a4ea63c
data/logs/2026-10-03-arm-localize-baseline/pc-reference-baseline.log	原始测量证据	280	3df91d613b1aceef3a4f9ba7e3ac2fc3bd0afb84992805ac7d55c67512b21e53
data/logs/2026-10-03-arm-localize-baseline/step1-arm-pc-compare.log	原始测量证据	174	debbe883f688cdd357eb8421f71c3b8a1cdf8adb2614fc2ff25431086b822e52
data/logs/2026-10-03-arm-localize-baseline/step1-arm-run.log	原始测量证据	72	2fb03a030a0518a260445bd9a13b7e822186876bc1bd6b498418a7f1837e77e8
data/logs/2026-10-03-arm-localize-baseline/step1-diff-check.log	原始测量证据	492	2894b42c0c4d4d66bc69e0bde8913d0367a1421b2d7c88b8707b1fda56d28681
data/logs/2026-10-03-arm-localize-baseline/step1-pc-run.log	原始测量证据	72	2fb03a030a0518a260445bd9a13b7e822186876bc1bd6b498418a7f1837e77e8
data/logs/2026-10-03-arm-localize-baseline/step1-python-regression-final.log	原始测量证据	365	d84e22b26b7a9c74274a545decba3e26b5aec9dc4878eabdc81f839023f85fee
data/logs/2026-10-03-arm-localize-baseline/step1-python-regression.log	原始测量证据	365	d84e22b26b7a9c74274a545decba3e26b5aec9dc4878eabdc81f839023f85fee
data/logs/2026-10-03-m3-brevitas-drill/act_golden.txt	原始测量证据	321	1572eb6a522b45efc9539285b7b0b1d03648865ec1d65791fc32f8110b77735c
data/logs/2026-10-03-m3-brevitas-drill/scales.txt	原始测量证据	174	7c16ce20704c3eef98c0acc4da80e6a1b87a840c9a6a51e3372bf7c1e240f0d9
data/logs/2026-10-03-m3-brevitas-drill/weights_hex	原始测量证据	8220	253eb0efd90ab5024f4e7a004343786152ece2ee41e5816648d3dbc20b0adb15
data/logs/2026-10-03-picorv32-compare/README.md	原始测量证据	3567	b12b75e7805191d0392f49c96562d551b80a189f409038192b062e3d4f712e80
data/logs/2026-10-03-picorv32-compare/core_v0_10ns/timing_impl.rpt	原始测量证据	14942	4ae9804640a3edc00211350a1b53ab686f8e30bf909d58dc5975357b5cb9fb89
data/logs/2026-10-03-picorv32-compare/core_v0_10ns/utilization_impl.rpt	原始测量证据	10794	e9679c03a64f47b5dad788e434a35cec0b19a0de6ae44be809373c6d90f9b334
data/logs/2026-10-03-picorv32-compare/core_v0_5ns/timing_impl.rpt	原始测量证据	16093	24dea1f0839881ea2a2b611ee209d92241fc65fc08451fff7f7cb5a3ccfefb68
data/logs/2026-10-03-picorv32-compare/core_v0_5ns/utilization_impl.rpt	原始测量证据	10793	47277ddb08687c82070e3a09c7749183d1173c91e30bea1747eb406eca08dfa3
data/logs/2026-10-03-picorv32-compare/pico_large_10ns/timing_impl.rpt	原始测量证据	13768	e197ad3ba2f8c31a6944d012d5acbd6e02c00f7a632023b6b9514617476d32ac
data/logs/2026-10-03-picorv32-compare/pico_large_10ns/utilization_impl.rpt	原始测量证据	10672	889f733979696eac7054e5b9be8f5955e3357ea051c45a7d3c603e09e0829965
data/logs/2026-10-03-picorv32-compare/pico_large_5ns/timing_impl.rpt	原始测量证据	13715	17d8557f45e2e0e77de1fbe8d3aaef7fe6b0cdf87a33799553801fdc3bce06ea
data/logs/2026-10-03-picorv32-compare/pico_large_5ns/utilization_impl.rpt	原始测量证据	10671	f9a0017dbcd26238e744c974751d66e614126d294c0e02cca1d24f5bdfc17dce
data/logs/2026-10-03-picorv32-compare/pico_large_7ns/timing_impl.rpt	原始测量证据	13532	05ac793331d2d55d1587a2c8beca9643820cae5cefca3b6cb20f86c92f4e744e
data/logs/2026-10-03-picorv32-compare/pico_large_7ns/utilization_impl.rpt	原始测量证据	10671	0d1af1fe1fa4989e7ad65c8674a47420b85e13ee4a8aa86f121cf60e55e43644
data/logs/2026-10-03-picorv32-compare/pico_regular_10ns/timing_impl.rpt	原始测量证据	13630	e9e065ccb07b32e46ba67df1f26737b70228de5a840a06005cde31353a595d99
data/logs/2026-10-03-picorv32-compare/pico_regular_10ns/utilization_impl.rpt	原始测量证据	10718	fd9d4ed9db9e66423ebaed3502dc779e589d551f918bb08fa08ec4b5cb2b5bc7
data/logs/2026-10-03-picorv32-compare/pico_regular_5.1ns/timing_impl.rpt	原始测量证据	13256	f067941fc86383b933ee18d13a5fb7c302aa63b932a9ace57b4b64ed05ced7a4
data/logs/2026-10-03-picorv32-compare/pico_regular_5.1ns/utilization_impl.rpt	原始测量证据	10719	3d685158652aee743bf33cf66a11eede3b18a130667a7b917ef40b40310fe205
data/logs/2026-10-03-picorv32-compare/pico_regular_5ns/timing_impl.rpt	原始测量证据	13248	fa19aed7ebbedb037a7d4b4166da332c5b065cc5fa5191156f8b1e6f3b2f1b4d
data/logs/2026-10-03-picorv32-compare/pico_regular_5ns/utilization_impl.rpt	原始测量证据	10717	f7abfa3ae957c3c5452b91d8150f647df100ec047370e9398414b21e768b75ed
data/logs/2026-10-03-picorv32-compare/vivado-logs/core_v0_10ns.log	原始测量证据	77604	a5f857398ed2c55a1026a495a3595788c51bf2744ae218ed18a2aa589c1c0f21
data/logs/2026-10-03-picorv32-compare/vivado-logs/core_v0_5ns.log	原始测量证据	78176	3eaaf96ffff39f6cfbfbf899df6a6ea3ff105b4a70b160a29d8515e78d294712
data/logs/2026-10-03-picorv32-compare/vivado-logs/pico_large_10ns.log	原始测量证据	92541	031353df7503cbac97b096d1572ab4299fd9305f4fa587de4a686ba91d5438f5
data/logs/2026-10-03-picorv32-compare/vivado-logs/pico_large_5ns.log	原始测量证据	96770	7f4f63cda89478b2129ecd70e49e34f69805792bd335b83d6393c2fd37b2d205
data/logs/2026-10-03-picorv32-compare/vivado-logs/pico_large_7ns.log	原始测量证据	95227	1fd330a30bbad758806afc956bce8d252fd638a9c54d7d598ffd455cd590db9b
data/logs/2026-10-03-picorv32-compare/vivado-logs/pico_regular_10ns.log	原始测量证据	81846	612583bf29100802d18952802edd5fb1e3615db7e1dba512c8256d8c260095d6
data/logs/2026-10-03-picorv32-compare/vivado-logs/pico_regular_5.1ns.log	原始测量证据	87765	8482a7f2acb01928f2899fd32704725259bfc8009562ab7e112b39744606249e
data/logs/2026-10-03-picorv32-compare/vivado-logs/pico_regular_5ns.log	原始测量证据	85718	f80ca266e8261501ccfc474b42114951220fec2eac8de7872ef3e1e6750fe26d
data/logs/2026-10-03-vision-onboard/README.md	原始测量证据	5118	37008e361cde304ad6d37119c16746e7f9008ea523dce408cf0756f8b0bdc1a9
data/logs/2026-10-03-vision-onboard/all-after-fix.log	原始测量证据	47439	9044ce75227fd8e4e2dd9ccf0ed5ce896f03f00892721851951cfb6545d10ce2
data/logs/2026-10-03-vision-onboard/all-final.log	原始测量证据	47486	f70fb2b8dbb0feb23f3f00ea4667b07b90d6bc87ac8545290d8656479f73546b
data/logs/2026-10-03-vision-onboard/all-postmerge.log	原始测量证据	47486	f70fb2b8dbb0feb23f3f00ea4667b07b90d6bc87ac8545290d8656479f73546b
data/logs/2026-10-03-vision-onboard/axi-lock/axi-lock-after.log	原始测量证据	631	ccf083d0eb969a7ed24ce69dc4effb33852dbbc45a0750cb3bb519ef8e5154f4
data/logs/2026-10-03-vision-onboard/axi-lock/axi-lock-before.log	原始测量证据	619	abbda00ff8a08045a13fe4a704b9564a77fcb977b0db3e03f01e9b1c6c65a7e9
data/logs/2026-10-03-vision-onboard/capture_idx1_1.png	原始测量证据	176193	c1d952ff37d7d89f8eebfdd22735b694d42ef1dda246eb40f7bcdd9c25e67c2e
data/logs/2026-10-03-vision-onboard/capture_postfix_0.png	原始测量证据	259531	2383f2dea914973ecf352f8b47bc85583cd9a6adb11efe893c46a83519d446da
data/logs/2026-10-03-vision-onboard/demo.log	原始测量证据	219	88a551c61641fa8c869d356d703824b70fb582d939dd885685a5f5b1a9e388a3
data/logs/2026-10-03-vision-onboard/env.log	原始测量证据	114	f56cda44805985e4062aea3a71cf3232b285276099bcb58722e8bd40f86d1ff5
data/logs/2026-10-03-vision-onboard/exe_preview.png	原始测量证据	176338	7d0daee3aa6444c246de8f52a22a50e5d656eacfdb0f7ce37e175a06fc187a16
data/logs/2026-10-03-vision-onboard/hdmi-rebuild-after-fix.log	原始测量证据	208937	6309c7be769b09756b8b4b592d5c6df88762e9fb1999a5d0725193f671a9c9d7
data/logs/2026-10-03-vision-onboard/hdmi/cdc.rpt	原始测量证据	19625	d8fba5b111d196aa5472c77bbf59c04de50eec3fe038cab060d916e05288215b
data/logs/2026-10-03-vision-onboard/hdmi/drc.rpt	原始测量证据	38340	50ea7bdf315a38fd5ce8bd45ded55a26fec676c85342ecd02cae920667452970
data/logs/2026-10-03-vision-onboard/hdmi/driver.log	原始测量证据	208937	6309c7be769b09756b8b4b592d5c6df88762e9fb1999a5d0725193f671a9c9d7
data/logs/2026-10-03-vision-onboard/hdmi/timing.rpt	原始测量证据	287237	7a43dc508d798bea44b0ea27f4bc7dd939a80fd01bdb3b68ce12377be1da5ebf
data/logs/2026-10-03-vision-onboard/hdmi/utilization.rpt	原始测量证据	12833	15d9e9624326043e29d4263237874911cfff16db3afdcd7e04364b2b651d69c3
data/logs/2026-10-03-vision-onboard/hdmi/vivado.log	原始测量证据	209781	297630d0685bde007068444670516440d82dc5eea172e59aa1e17a4e5e11f6e1
data/logs/2026-10-03-vision-onboard/load.log	原始测量证据	115	de63259120b56da34ec87287d3753fd86488ff1b188ba83aaf083ea9b3613f39
data/logs/2026-10-03-vision-onboard/probe/probe_0003.png	原始测量证据	33125	c69cdbae497c854d7c58e2cd0b59d970cd2bf166eec2e3e8344b116835798d0a
data/logs/2026-10-03-vision-onboard/probe/probe_0008.png	原始测量证据	21986	3acbe692455d0cf18242d12f71289b936e4096af40ef60496246612a1d4ebf1a
data/logs/2026-10-03-vision-onboard/smoke.log	原始测量证据	131	6094ddaabcb3ff0b386cc230e03d5d293c017d7e70e216ca56c446065c6473fc
data/logs/2026-10-03-vision-onboard/watch.log	原始测量证据	72	97996b4545e2ca7cb962cc3e718de9f531161bd0c6e2b47efbfee76ec18dca0d
data/logs/2026-10-03-vision-onboard/watch2.log	原始测量证据	74	df53809deb7c30026f3d541efb2109ead863001483da1650ddced75cd036251b
data/logs/2026-10-03-vision-onboard/watch6.log	原始测量证据	24	c061d691986b2ac0d2c25ed81318f7d201ffd42ada53e556eb5c59e77a124de1
data/logs/2026-10-03-vision-onboard/watch7.log	原始测量证据	102	da7067f192e7a12ec480a14a113115b5d7985f89ced07e8dd27a5db395867bfc
data/logs/2026-10-04-fix-implicit-ports/README.md	原始测量证据	2326	7a685639765218621d1b5835ae22ecbab6ed5942f769b0ac127f0e95e6598b1f
data/logs/2026-10-04-fix-implicit-ports/dev-rtl-diff-check.log	原始测量证据	0	e3b0c44298fc1c149afbf4c8996fb92427ae41e4649b934ca495991b7852b855
data/logs/2026-10-04-fix-implicit-ports/dev-rtl-implicit-port-scan.log	原始测量证据	0	e3b0c44298fc1c149afbf4c8996fb92427ae41e4649b934ca495991b7852b855
data/logs/2026-10-04-fix-implicit-ports/dev-rtl-run_iverilog_all.log	原始测量证据	45234	64d275bc2c19280f18a09467bad4429bdc13b27d7a06a105d38fd7a29cfb6ecc
data/logs/2026-10-04-fix-implicit-ports/dev-rtl-verilog2001-compile.log	原始测量证据	0	e3b0c44298fc1c149afbf4c8996fb92427ae41e4649b934ca495991b7852b855
data/logs/2026-10-04-fix-implicit-ports/run_iverilog_all.log	原始测量证据	37650	a7f547b9238ec676cc7195829d4d1bfe4df2366419a51358614d8895ebe48659
data/logs/2026-10-04-fix-implicit-ports/verilog2001_compile.log	原始测量证据	266	e6381e8275c123efcbfcc92cb0d6fb8e95c067fbe120c6c2c6918bceebc01bcb
data/logs/2026-10-04-fix-implicit-ports/vivado_probe.log	原始测量证据	711	635e1e056d0c9387bc16a52b60e2592403064e7c0f2bcd5b3142f9861834a3e8
data/logs/2026-10-04-partB-v1/d1-1-all.log	原始测量证据	45234	64d275bc2c19280f18a09467bad4429bdc13b27d7a06a105d38fd7a29cfb6ecc
data/logs/2026-10-04-partB-v1/d1-1-red.log	原始测量证据	2958	bdd9ce617228e6575d708d7a0c0f84ee1253f59346b7d8f84ec4a91a74690e5c
data/logs/2026-10-04-partB-v1/d1-2a-flow.log	原始测量证据	2528	fd0188891b12b6d73733cc9b0470f95eb9f8322247c812c6e59d0eb0f1931b2a
data/logs/2026-10-04-partB-v1/d1-2b-all.log	原始测量证据	47922	3770263131e10934c05bd5c80363499f9d7eed692604cf4ba9ff8f733c9810c9
data/logs/2026-10-04-partB-v1/d1-2b-v1-mem.log	原始测量证据	2318	6c56fed3f774504b12aee6b22c9bf000884f18cfd4841e5eb4b8afee5387fd39
data/logs/2026-10-04-partB-v1/d1-3a-all.log	原始测量证据	45235	3aee735f265bce1d381f9b58ef6491526627a992aa633892ab1e69311d68ad7a
data/logs/2026-10-04-partB-v1/d1-3a-flow.log	原始测量证据	2343	78ace76169d15954dbf25ee82e78ea3290a274dafe8e1773e235561e07a3d7ad
data/logs/2026-10-04-partB-v1/d1-3b-all.log	原始测量证据	45235	3aee735f265bce1d381f9b58ef6491526627a992aa633892ab1e69311d68ad7a
data/logs/2026-10-04-partB-v1/d1-4a-all.log	原始测量证据	50385	2984e4f031591013309424fa041a943cd000c8f98f15871a39b69aa6634a0881
data/logs/2026-10-04-partB-v1/d1-4a-v1-muldiv-flow.log	原始测量证据	2463	c2fbab4e2f945eeb09ff353d1aebf8b0a0bf9e7e6e20fdcaec5a8a70005336a9
data/logs/2026-10-04-partB-v1/d1-4b-all.log	原始测量证据	50389	da7bde7db1e4baf6aa78f3870c531acc003144b47a4ee6354467c8aabba1bcd0
data/logs/2026-10-04-partB-v1/d1-4b-rv32im.log	原始测量证据	2504	f4e363c206883fcb07b91ed0d3555590ce7f98aaf22ea7ecdc6bc854562c8963
data/logs/2026-10-04-partB-v1/d1-4b-v1-muldiv-flow.log	原始测量证据	2467	223a7891fddc05d30cdca3533879b816dd0c7d76e53be0656e3d2b747506942b
data/logs/2026-10-04-partB-v1/d2-1-all.log	原始测量证据	53136	2416da9c79b104430c63cc80f93ae9b68577befb42bebcc35e3f9a7e05cd13c9
data/logs/2026-10-04-partB-v1/d2-1-v1-fwd.log	原始测量证据	2738	b5a907a2242c91e5566c2310625300fbc5b725fba2059ff3103402a42e0e61ef
data/logs/2026-10-04-partB-v1/d2-1-v1-nofwd.log	原始测量证据	2747	da34576441eee1233243bb5d80772964e3fa677d2caf09f0abbf54eb7105f2e9
data/logs/2026-10-05-partB-radix4-arch-test/README.md	原始测量证据	1200	25d61cb3ae80005a8ed40be36515f3c73f89b8739585c0f5fe33080b32a68728
data/logs/2026-10-05-partB-radix4-arch-test/add-01.fwd.log	原始测量证据	2295	ebd9c558fc951e4e6bc31743081ae5422284557c990f5ad43b805b0bde3b2632
data/logs/2026-10-05-partB-radix4-arch-test/add-01.nofwd.log	原始测量证据	2301	138c35cd29066f0b94543f2d5fc726d7a9e3cf55c13cb85a80ad10c1382b99cf
data/logs/2026-10-05-partB-radix4-arch-test/add-01.signatures.sha256	原始测量证据	322	34fea9a7dfd739211d3ff058f85d1aedf07f2cee6763206a23e19e56667925db
data/logs/2026-10-05-partB-radix4-arch-test/addi-01.fwd.log	原始测量证据	2303	ca8d56b61c7af3f77eed01998cd55148b26fb0a5cbb7e78ac8cb753c8a6f104c
data/logs/2026-10-05-partB-radix4-arch-test/addi-01.nofwd.log	原始测量证据	2309	fc07712ec9f518a4b77b13e5557d8ed39dbadd76187ce58a093d5f9e909def61
data/logs/2026-10-05-partB-radix4-arch-test/addi-01.signatures.sha256	原始测量证据	324	2dd053244aee2bb1ec9115552832846a2a32ab499b3b85b949d30f0da2dfc594
data/logs/2026-10-05-partB-radix4-arch-test/and-01.fwd.log	原始测量证据	2295	cd2b325eab1642a9332df2e72ea121ee917cbc0e20f2e5cdf4638a8846143a9a
data/logs/2026-10-05-partB-radix4-arch-test/and-01.nofwd.log	原始测量证据	2301	3d8f8563c7a9fbb614e5ce53aa5f654c28bf968d172e4d222be29f58b695179f
data/logs/2026-10-05-partB-radix4-arch-test/and-01.signatures.sha256	原始测量证据	322	c327e998dfb22d6d9d9ce4ee97277b548317b2ffc41b7a338555e261a6acab09
data/logs/2026-10-05-partB-radix4-arch-test/environment.txt	原始测量证据	266	6dea230592f77412e25c7ffdc388d8fb397408e7acd3710a005525042b3754b9
data/logs/2026-10-05-partB-radix4-arch-test/rv32im.log	原始测量证据	2504	f4e363c206883fcb07b91ed0d3555590ce7f98aaf22ea7ecdc6bc854562c8963
data/logs/2026-10-05-partB-radix4-cycle-breakdown/README.md	原始测量证据	1191	45cf83eebe0513c6240ce29c7c581c39d2429690ab5a74755a216036b3503fe6
data/logs/2026-10-05-partB-radix4-cycle-breakdown/coremark-fwd.log	原始测量证据	3415	261ffb602815dda65778ccae4b9018e46cbb8103f9abc0f0b815045d52805a93
data/logs/2026-10-05-partB-radix4-cycle-breakdown/coremark-nofwd.log	原始测量证据	3471	1f306fa381e84f2547eda95e5e0f735d71e17465641b36095fda4c9f29e199fc
data/logs/2026-10-05-partB-radix4-cycle-breakdown/environment.txt	原始测量证据	306	73a182c5d28d4d678ec0b9daa7a985dd7ce8aff57fa69317c54a966a43e069fa
data/logs/2026-10-05-partB-radix4-cycle-breakdown/summary.txt	原始测量证据	415	389b9ae534274c9fa10fc2b342096a5859dbb6d0052acf6ac3a41569cd65fa84
data/logs/2026-10-05-partB-v1-arch-test/README.md	原始测量证据	1401	dd709bd7b5e685fe3d1cfe2f1bc96e8b26d53e9a8c39f00534496d9f5043cfc3
data/logs/2026-10-05-partB-v1-arch-test/add-01.fwd.log	原始测量证据	2295	ebd9c558fc951e4e6bc31743081ae5422284557c990f5ad43b805b0bde3b2632
data/logs/2026-10-05-partB-v1-arch-test/add-01.nofwd.log	原始测量证据	2301	138c35cd29066f0b94543f2d5fc726d7a9e3cf55c13cb85a80ad10c1382b99cf
data/logs/2026-10-05-partB-v1-arch-test/add-01.signatures.sha256	原始测量证据	322	34fea9a7dfd739211d3ff058f85d1aedf07f2cee6763206a23e19e56667925db
data/logs/2026-10-05-partB-v1-arch-test/addi-01.fwd.log	原始测量证据	2346	5af07a4deb44fae988d3c456b81125723c5cafd7b32c8469ae2cf9799bc4f512
data/logs/2026-10-05-partB-v1-arch-test/addi-01.nofwd.log	原始测量证据	2309	fc07712ec9f518a4b77b13e5557d8ed39dbadd76187ce58a093d5f9e909def61
data/logs/2026-10-05-partB-v1-arch-test/addi-01.signatures.sha256	原始测量证据	324	2dd053244aee2bb1ec9115552832846a2a32ab499b3b85b949d30f0da2dfc594
data/logs/2026-10-05-partB-v1-arch-test/and-01.fwd.log	原始测量证据	2337	28cd06e5969181d436f33c5ab15d5f0ce10cde2bf04713ba0b28e27b75ab4a1e
data/logs/2026-10-05-partB-v1-arch-test/and-01.nofwd.log	原始测量证据	2301	3d8f8563c7a9fbb614e5ce53aa5f654c28bf968d172e4d222be29f58b695179f
data/logs/2026-10-05-partB-v1-arch-test/and-01.signatures.sha256	原始测量证据	322	c327e998dfb22d6d9d9ce4ee97277b548317b2ffc41b7a338555e261a6acab09
data/logs/2026-10-05-partB-v1-arch-test/environment.txt	原始测量证据	181	094e0328c8f18a79522e4a5df441cc050f2bbaac1a8be5050b3f52c28b1010db
data/logs/2026-10-05-partB-v1-coremark-cpi/README.md	原始测量证据	1647	8dcf112b4279d4d0a2e5c15b44adcf6da4cc68f9c8ac14cda31389325625338b
data/logs/2026-10-05-partB-v1-coremark-cpi/coremark-fwd.log	原始测量证据	3413	038dc92587056fd5ab63b72c9af07ad722b49af5387015f4fd2d51263d0c77f2
data/logs/2026-10-05-partB-v1-coremark-cpi/coremark-nofwd.log	原始测量证据	3463	30e54ceda72ec1e34cb95eb0e09af874dff8b8507405301ba2ee47c86f9867b8
data/logs/2026-10-05-partB-v1-coremark-cpi/environment.txt	原始测量证据	221	066e90476c0f5cdaf3a4aa4a94b84e7d025e2c21bdc5e20d71efb65d03549ec6
data/logs/2026-10-05-partB-v1-coremark-cpi/matrix.log	原始测量证据	7095	636d410647ef04f6ceb26138652c4828f44c8f6ee89617eb4815cf548d09fa91
data/logs/2026-10-05-partB-v1-coremark-cpi/summary.txt	原始测量证据	179	5d7babd28157dd8c18d0feef408da1f26016bf934a3843eaedaf1e1d421e2d5c
data/logs/2026-10-05-partB-v1-cpi/README.md	原始测量证据	1888	ed4af48ee5e80c86f104816d4e49d961bcc85189e4c9501323f8ccdb182de2bb
data/logs/2026-10-05-partB-v1-cpi/all.log	原始测量证据	59852	161fe31bd566736ac288337a4ddd281aa57e8c50739a8bef150b044707653a49
data/logs/2026-10-05-partB-v1-cpi/bench-fwd-retire.trace	原始测量证据	41480	cf5f2a12de0e89074cad0b42880dbcaae87b21a88350a89174e9c94ca9125e65
data/logs/2026-10-05-partB-v1-cpi/bench-fwd.log	原始测量证据	2779	d155c35b40a653c0f220e18031650abd640248202565bd7aa795bf1ae26d4738
data/logs/2026-10-05-partB-v1-cpi/bench-nofwd-retire.trace	原始测量证据	41446	c656a30e29e1d282cc1b0ada22d7e49acb430f288bbd1449a9ba76473f441427
data/logs/2026-10-05-partB-v1-cpi/bench-nofwd.log	原始测量证据	2779	d3eb7a3d2331ddef2db71e54a948a553518d8566e3a9fba54f8bb63b30f9ff5c
data/logs/2026-10-05-partB-v1-cycle-breakdown/README.md	原始测量证据	874	d1c781f44c74f57ef2ac79c62d07fe17d9b4bcb50727f39a1fde6addf29d461c
data/logs/2026-10-05-partB-v1-cycle-breakdown/coremark-fwd.log	原始测量证据	3518	afefdab0ee24c8fd9890bd25236cb45f901d1013c269f4b70cc7ddd867003410
data/logs/2026-10-05-partB-v1-cycle-breakdown/coremark-nofwd.log	原始测量证据	3574	b4b9614ce79b489070aad09a8f9395a44b1eb95a919d83dde4f17ed96f1f1012
data/logs/2026-10-05-partB-v1-cycle-breakdown/environment.txt	原始测量证据	306	ec177c0e3f6aecd72a0a75ae626d070d0e1fc6bd01f6e0dad9072212e0200414
data/logs/2026-10-05-partB-v1-cycle-breakdown/summary.txt	原始测量证据	414	13bd407d17998db6ba4393ff9630a62d966c823ad3cd2ab6334f356b99a7653b
data/logs/2026-10-05-partB-v1-onboard/README.md	原始测量证据	8091	824bbb0b18537cec015c4b1d89a948cbee22d895f4c6efe5f5506cb4810b929f
data/logs/2026-10-05-partB-v1-onboard/build_soc_125mhz.log	原始测量证据	693990	6f72e57b5afa1ade66f7bb01236355ebb8127dcd8a1b6caf769e646b43095072
data/logs/2026-10-05-partB-v1-onboard/build_soc_40mhz.log	原始测量证据	159956	41c226f035236c009270ba2699560e46eddec24df109c51cd808f8043b4683b3
data/logs/2026-10-05-partB-v1-onboard/fmax/v1_10ns.log	原始测量证据	158098	15b0dfa16cab5a1ba8e3cf64c21e4f777e5e6b53a1f55cc02e6ebf728d6066f7
data/logs/2026-10-05-partB-v1-onboard/fmax/v1_12p15ns.log	原始测量证据	153614	5524965d1690aa9072c3982d503b5f38a392d300f7a23a6ad0ffcac3f2068b63
data/logs/2026-10-05-partB-v1-onboard/fmax/v1_12p5ns.log	原始测量证据	151572	d4bb6b367555817b3d9eb0038e6c2605c878dbe9c0bcd6d8da77e98ac9f4ad4a
data/logs/2026-10-05-partB-v1-onboard/fmax/v1_13p2ns.log	原始测量证据	150256	7ff963d295c3dc4b34cb2f0eaf3545b3a6121526a83b5e7f00ae76f2e5cb7479
data/logs/2026-10-05-partB-v1-onboard/fmax/v1_13p7ns.log	原始测量证据	149516	2a627fb4a7dab938baf689de606762c0ba6fcc937a2408fad8fe92d6706c481b
data/logs/2026-10-05-partB-v1-onboard/fmax/v1_15ns.log	原始测量证据	147114	33c5f85e89f0022a90959b140cb77fabc51b5cc3c388046f4faf32e1775b651c
data/logs/2026-10-05-partB-v1-onboard/program_soc_40mhz.log	原始测量证据	7390	75ff6727308036efdffb9228c7f70dc0a6b84b23b835fe1f78136e8356410fe5
data/logs/2026-10-05-partB-v1-onboard/reports/fmax/v1_12p15ns/design_analysis_impl.rpt	原始测量证据	8736	9798f12beb8d7ae665f2519a3adb7acbefa1a291bc6c2f118554f9a9a3241853
data/logs/2026-10-05-partB-v1-onboard/reports/fmax/v1_12p15ns/timing_impl.rpt	原始测量证据	15034	5fbb96602a0f424e6c7178c379b961df33fbd5eca442a3fafa53a7a9b0979032
data/logs/2026-10-05-partB-v1-onboard/reports/fmax/v1_12p15ns/timing_synth.rpt	原始测量证据	15268	1cf3ec9b9b87f9d0289440e44410e66295b474ed4626fc8de7221509d1e9a164
data/logs/2026-10-05-partB-v1-onboard/reports/fmax/v1_12p15ns/timing_worst_paths.rpt	原始测量证据	61099	c5e5aaa271f47371bdec9bf5875c336d6641f1c1d7b4a1e99b22b2c728de9a8e
data/logs/2026-10-05-partB-v1-onboard/reports/fmax/v1_12p15ns/utilization_impl.rpt	原始测量证据	10810	8bb966a226cbd411c3d2f0ba807a5f2f36b84d88379b10f1c4b191eda2e2a4af
data/logs/2026-10-05-partB-v1-onboard/reports/fmax/v1_12p15ns/utilization_synth.rpt	原始测量证据	8629	f4494e3d837375517681544a4017bd4a97281d11d422c4b7732599503e04fc17
data/logs/2026-10-05-partB-v1-onboard/reports/fmax/v1_12p5ns/design_analysis_impl.rpt	原始测量证据	8472	45bea09d7588ff5281c233c51a19ed0efca9d24df3647d1d3f1cdc70ae31307e
data/logs/2026-10-05-partB-v1-onboard/reports/fmax/v1_12p5ns/timing_impl.rpt	原始测量证据	15043	a4722f0ce565457bcc1d3d55fb90270018b88d0153e0b4caeeab797a72b853f6
data/logs/2026-10-05-partB-v1-onboard/reports/fmax/v1_12p5ns/timing_synth.rpt	原始测量证据	15265	70a8997dad72823bcebf4cb9860c0f4c6f0581003ed8ebb2a0e4241c8aa4a708
data/logs/2026-10-05-partB-v1-onboard/reports/fmax/v1_12p5ns/timing_worst_paths.rpt	原始测量证据	71048	0638b0e846b613271caf3a537e713fe3bab3a4a29c9e3e8b0a14ba4f06ecf1f7
data/logs/2026-10-05-partB-v1-onboard/reports/fmax/v1_12p5ns/utilization_impl.rpt	原始测量证据	10807	9f48173dfc71fa8cc3f8e943c8c69bb91f10820c4c4476458120515ae732fb4a
data/logs/2026-10-05-partB-v1-onboard/reports/fmax/v1_12p5ns/utilization_synth.rpt	原始测量证据	8626	39d401a83662f434d6f888fae015bc35572fe88789c89d7ae5c9fb1557700929
data/logs/2026-10-05-partB-v1-onboard/reports/soc_125mhz/soc_check_timing.rpt	原始测量证据	1719	10b2463faed7efbf48a24f66e5b4f75dc69083fd372235702502a3a95c22aee5
data/logs/2026-10-05-partB-v1-onboard/reports/soc_125mhz/soc_clock_utilization_impl.rpt	原始测量证据	33274	fc7b18e42d139ead8abd74fa00d8615b08b18bb92408c173d058ec586220a0cb
data/logs/2026-10-05-partB-v1-onboard/reports/soc_125mhz/soc_clock_utilization_synth.rpt	原始测量证据	11501	ac8f36c33187494087b08f9e3680d8ce5c5e768beed215c12305f5d3bcd54ede
data/logs/2026-10-05-partB-v1-onboard/reports/soc_125mhz/soc_drc_impl.rpt	原始测量证据	16613	88404426f217539e577fecd169426087be0f976d3e45df471054aea0ffc86ca8
data/logs/2026-10-05-partB-v1-onboard/reports/soc_125mhz/soc_timing_impl.rpt	原始测量证据	65813	f4c81334a0c5f927e5e7ebcb1786ad41fcda187cd7e16e9a40201a9af66338f3
data/logs/2026-10-05-partB-v1-onboard/reports/soc_125mhz/soc_timing_worst_paths.rpt	原始测量证据	185528	9048f4c4354592d07d69b4f41d2e074e68ddb08f932ec512cc4674c4c64428af
data/logs/2026-10-05-partB-v1-onboard/reports/soc_125mhz/soc_utilization_impl.rpt	原始测量证据	11414	0d6f91eef7c7b294f4a164994ec523992c6e2dbac7dcad969db10e4f5848421f
data/logs/2026-10-05-partB-v1-onboard/reports/soc_125mhz/soc_utilization_synth.rpt	原始测量证据	9222	d7b2d1c811a17004a8f9f8de975a218c24f0d55ffd8ce90fee3dee34dc4bd60f
data/logs/2026-10-05-partB-v1-onboard/reports/soc_40mhz/soc_check_timing.rpt	原始测量证据	1719	7fc94d8c4ae7536f88d6b4a21c56ef68a2996cdc306fe86c7c500b3702f70425
data/logs/2026-10-05-partB-v1-onboard/reports/soc_40mhz/soc_clock_utilization_impl.rpt	原始测量证据	17576	03de25a5ecfd7ddfbbfd3b38aaa62aac9e0cf232258850ef2b002587db1affff
data/logs/2026-10-05-partB-v1-onboard/reports/soc_40mhz/soc_clock_utilization_synth.rpt	原始测量证据	11498	b1c85a24372f9b62c2b7ab4934db388b2d48ad096bc23538c157ff63d3ad90d1
data/logs/2026-10-05-partB-v1-onboard/reports/soc_40mhz/soc_drc_impl.rpt	原始测量证据	14883	663854cd6a885ca1790918415d705e4376dd9cc9649f4bd30e0403c328afb031
data/logs/2026-10-05-partB-v1-onboard/reports/soc_40mhz/soc_timing_impl.rpt	原始测量证据	54696	34552a57e7b0b6af5d1d4bdcb14e328162e37a2a7105f3a86d4f7c124619c16d
data/logs/2026-10-05-partB-v1-onboard/reports/soc_40mhz/soc_timing_worst_paths.rpt	原始测量证据	139618	425ce0bf0fdb4a1c8aec2604ba3a503d77ed5e23d1c16ef8292d5067964b6732
data/logs/2026-10-05-partB-v1-onboard/reports/soc_40mhz/soc_utilization_impl.rpt	原始测量证据	11413	5ddbdc6dc44004ff0d8cabc9412faaeb556b1994c916b3c589f61bdb46aab5a9
data/logs/2026-10-05-partB-v1-onboard/reports/soc_40mhz/soc_utilization_synth.rpt	原始测量证据	9219	fa5d95b91d873d19e07984edb9e5b924206b4991ab61bf7d4b714d5ee4c6d7b5
data/logs/2026-10-05-partB-v1-onboard/reports/soc_40mhz/soc_vivado_version.txt	原始测量证据	7	caa692594cece87cfff056d7da05893ddd771cb2f3d98874b71ba93dc7fea06a
data/logs/2026-10-05-partB-v1-onboard/xsim/compile.log	原始测量证据	3354	9b973b308b7c6de793aa0596a31705c5c7ae1262eb20ddd53d4993b899b3c9b0
data/logs/2026-10-05-partB-v1-onboard/xsim/tb_core_fwd_xsim-elab.log	原始测量证据	948	a46facf7b3bb4cb9a44aecb1bc1af623952f2d71415ab6c68697caa3a7d17f2d
data/logs/2026-10-05-partB-v1-onboard/xsim/tb_core_fwd_xsim.log	原始测量证据	1053	7c13d9599b3126287bbbe265bd564e883f00c240429715f2db87a145d5af6ed3
data/logs/2026-10-05-partB-v1-onboard/xsim/tb_core_nofwd_xsim-elab.log	原始测量证据	1000	7038b491bd26d0163ee65c28676bc9334042b2ebfa362e6f9f9813f7b521ac72
data/logs/2026-10-05-partB-v1-onboard/xsim/tb_core_nofwd_xsim.log	原始测量证据	1066	454d12af7b29833bdd5b8732179363347b2acf29abd0be6cb06d809f74dbb2a6
data/logs/2026-10-05-partB-v1-onboard/xsim/tb_muldiv_fwd_xsim-elab.log	原始测量证据	974	0f508d2b2e4fc7c5b071d423ae83aa3bee4254b73440222b2e469581da9876cd
data/logs/2026-10-05-partB-v1-onboard/xsim/tb_muldiv_fwd_xsim.log	原始测量证据	812	55538179da0c8f053853e88afb2524ac70b86e0e87f80fe73318552a6064526a
data/logs/2026-10-05-partB-v1-onboard/xsim/tb_muldiv_nofwd_xsim-elab.log	原始测量证据	1015	fe3e95beea73ba9e15894048c3f5e8310c715ada6b99ce2c544577eb0db7b03b
data/logs/2026-10-05-partB-v1-onboard/xsim/tb_muldiv_nofwd_xsim.log	原始测量证据	816	b22d4ddc2cdd9e93e5e12b3a784b5dbc3bcc7e7794bd5bf21c0f4f3c9a8c6bfb
data/logs/2026-10-05-partB-v1-onboard/xsim/tb_muldiv_xsim-elab.log	原始测量证据	604	a36785c5162a46b98b412f3acc39cb56d0f328c03a8ea071ec1f32d1d5f682c4
data/logs/2026-10-05-partB-v1-onboard/xsim/tb_muldiv_xsim.log	原始测量证据	775	bfccae9cc3065506b25f9269441ec3ae39e6671630b4d483c9c0cfb4c2a26bc8
data/logs/2026-10-06-partB-t2-board/README.md	原始测量证据	3095	5abc4e40ad03f7eda91db6edc673d357d9d4ef3c8ae13f5956a18fbb985e71c6
data/logs/2026-10-06-partB-t2-board/build_soc_40mhz.log	原始测量证据	159390	c6fcf1046b300dc6722802d04d3c03679c3ddbe9d273d423f510d4b74d6b3bbb
data/logs/2026-10-06-partB-t2-board/program_soc_40mhz.log	原始测量证据	7390	03da901041f9fab5ec930b10099c03cc6d30fe923023885a34bf3454480bc0a7
data/logs/2026-10-06-partB-t2-board/reports/soc_40mhz/soc_check_timing.rpt	原始测量证据	1719	0e345713e1163434b1fcd12a8e09d5880f23bd3b36703b8e3ffe7c6edd7f3691
data/logs/2026-10-06-partB-t2-board/reports/soc_40mhz/soc_clock_utilization_impl.rpt	原始测量证据	18649	f647c662b93198c7145e6a6163d94caef03924a8eb49f65bbbbe93591b0a6adb
data/logs/2026-10-06-partB-t2-board/reports/soc_40mhz/soc_clock_utilization_synth.rpt	原始测量证据	11498	1ad585f7498529949c0ebaa0671c49f6d3b95ed54343b2c40d55025ad6871528
data/logs/2026-10-06-partB-t2-board/reports/soc_40mhz/soc_drc_impl.rpt	原始测量证据	14883	470d515292a0b40205ec872930c3a045d566434b4b9c16a9ec0e2733f92e5ea6
data/logs/2026-10-06-partB-t2-board/reports/soc_40mhz/soc_timing_impl.rpt	原始测量证据	51615	e9af86d0e9e65b66a562ff9843f1720f1445226709a3eba632faf80a42c0ec73
data/logs/2026-10-06-partB-t2-board/reports/soc_40mhz/soc_timing_worst_paths.rpt	原始测量证据	111194	597015eb6b85618920e6a4b39d3f401980d8ba41bcf1687f18167abefa9f0d72
data/logs/2026-10-06-partB-t2-board/reports/soc_40mhz/soc_utilization_impl.rpt	原始测量证据	11413	5c99010eb26cb1bfe1c50137ac559210c9985907986dab3801159f010deca1aa
data/logs/2026-10-06-partB-t2-board/reports/soc_40mhz/soc_utilization_synth.rpt	原始测量证据	9219	7c1ad5d1ecd2bfc31c8f18348b94945b463201df062c1e26a56ac0e451a28c01
data/logs/2026-10-06-partB-t2-board/reports/soc_40mhz/soc_vivado_version.txt	原始测量证据	7	caa692594cece87cfff056d7da05893ddd771cb2f3d98874b71ba93dc7fea06a
data/logs/2026-10-06-partB-t2-board/xsim/compile.log	原始测量证据	3354	9b973b308b7c6de793aa0596a31705c5c7ae1262eb20ddd53d4993b899b3c9b0
data/logs/2026-10-06-partB-t2-board/xsim/tb_core_fwd_xsim-elab.log	原始测量证据	948	a46facf7b3bb4cb9a44aecb1bc1af623952f2d71415ab6c68697caa3a7d17f2d
data/logs/2026-10-06-partB-t2-board/xsim/tb_core_fwd_xsim.log	原始测量证据	1053	f2cc685afde9f9fa0ed38b50c985ef3d6b6456934d3c23dddf44acac5b8e781e
data/logs/2026-10-06-partB-t2-board/xsim/tb_core_nofwd_xsim-elab.log	原始测量证据	1000	7038b491bd26d0163ee65c28676bc9334042b2ebfa362e6f9f9813f7b521ac72
data/logs/2026-10-06-partB-t2-board/xsim/tb_core_nofwd_xsim.log	原始测量证据	1066	401520a0b30a22f087992a90c4e117588b9f9552b475eb9d72070ad8be548c01
data/logs/2026-10-06-partB-t2-board/xsim/tb_muldiv_fwd_xsim-elab.log	原始测量证据	974	0f508d2b2e4fc7c5b071d423ae83aa3bee4254b73440222b2e469581da9876cd
data/logs/2026-10-06-partB-t2-board/xsim/tb_muldiv_fwd_xsim.log	原始测量证据	812	ffebce41579cdb9e9e6ee7cfadc71eea54aec0f1a2e4e1b5abfe4a06491becfe
data/logs/2026-10-06-partB-t2-board/xsim/tb_muldiv_nofwd_xsim-elab.log	原始测量证据	1015	fe3e95beea73ba9e15894048c3f5e8310c715ada6b99ce2c544577eb0db7b03b
data/logs/2026-10-06-partB-t2-board/xsim/tb_muldiv_nofwd_xsim.log	原始测量证据	816	0f4ce76574e49f4ee0603c070c576bd7d907f0ea52a6097204a0bcea0c5eb2ea
data/logs/2026-10-06-partB-t2-board/xsim/tb_muldiv_xsim-elab.log	原始测量证据	604	a36785c5162a46b98b412f3acc39cb56d0f328c03a8ea071ec1f32d1d5f682c4
data/logs/2026-10-06-partB-t2-board/xsim/tb_muldiv_xsim.log	原始测量证据	775	11538f27334eb8b2f0c7dd0ddefc781ffeff57fd9f93dde1c7d7caa85a39ee98
data/logs/2026-10-06-partB-t2-fmax/README.md	原始测量证据	3495	2edb0997872879f95462e9baea5c30a1b95cb21cf0df180fc82fbffdf759068f
data/logs/2026-10-06-partB-t2-fmax/reports/v1_t2_10ns/design_analysis_impl.rpt	原始测量证据	8176	d47698fb649b16522d8bfd6b261ca5ed4c6cb52c22bf8245135c0cbf0baecc09
data/logs/2026-10-06-partB-t2-fmax/reports/v1_t2_10ns/timing_impl.rpt	原始测量证据	14553	5299bc725c178a7236bf36e6ca42ce62cb59017916f6ecca5052d307233ae9b1
data/logs/2026-10-06-partB-t2-fmax/reports/v1_t2_10ns/timing_synth.rpt	原始测量证据	14122	f6622d4ed3a091f8ed4590e93c1091fa11f3b8987e98e37b0c2a7b88709320b5
data/logs/2026-10-06-partB-t2-fmax/reports/v1_t2_10ns/timing_worst_paths.rpt	原始测量证据	55343	0353970183c735fcc2ee8cb87e9d9b2a7600c9eea1ce2edd2d2564d123385856
data/logs/2026-10-06-partB-t2-fmax/reports/v1_t2_10ns/utilization_impl.rpt	原始测量证据	10768	26700f2b4742f2550643dae42689f8042fc73b0a75ce5aa4f2316e6508f6a40d
data/logs/2026-10-06-partB-t2-fmax/reports/v1_t2_10ns/utilization_synth.rpt	原始测量证据	8587	a550e68c9692ecb2f99ba8e0637698d2bb44f51d1dda4fc28ef0f3d09099bcbe
data/logs/2026-10-06-partB-t2-fmax/reports/v1_t2_11p52ns/design_analysis_impl.rpt	原始测量证据	7704	c9a8fbf9c80c2d6f7b01ca20247a5ec90fe73d5aa3c80cdd659e7ad3a94d1e2a
data/logs/2026-10-06-partB-t2-fmax/reports/v1_t2_11p52ns/timing_impl.rpt	原始测量证据	14137	e2dae9be74c018260315e1bcddeb02924e0decd2448f74213a219e4c938a1836
data/logs/2026-10-06-partB-t2-fmax/reports/v1_t2_11p52ns/timing_synth.rpt	原始测量证据	14131	3a79e7eb24164e929d19ff810bb2f5edf8ee97735f609c0ac7d5711dcc8044c3
data/logs/2026-10-06-partB-t2-fmax/reports/v1_t2_11p52ns/timing_worst_paths.rpt	原始测量证据	57128	4ffaa5cb0536ca53b8486a75e8570f1ecbe27394b9e551e48d84e9f5de4b8053
data/logs/2026-10-06-partB-t2-fmax/reports/v1_t2_11p52ns/utilization_impl.rpt	原始测量证据	10777	fcc25c9c7db41999575cb1c91da1ab3e6bf6800c57dade3bbbc88f9ceba096bd
data/logs/2026-10-06-partB-t2-fmax/reports/v1_t2_11p52ns/utilization_synth.rpt	原始测量证据	8596	69e0a2d5baa264e0a71210c3cda0d7fcecca9a04a3014816737833f4c13d4226
data/logs/2026-10-06-partB-t2-fmax/v1_t2_10ns.log	原始测量证据	164104	381fb870ef756663d9d15378fe6d331113afe078361229d14a839b76797d27cc
data/logs/2026-10-06-partB-t2-fmax/v1_t2_11p52ns.log	原始测量证据	157378	c6f193808d00117d813cd03dc9cedcbfce57be49904aeb596a74d5ac871dffd6
data/logs/2026-10-06-partC-archtest/README.md	原始测量证据	2657	7818b3717668e3e7bb638b52e0b0577d4d7737f8d66660e3eca3453debda9509
data/logs/2026-10-06-partC-archtest/add-01.bht1.log	原始测量证据	2588	2e1d5a3e36c2e3f304b4329b228141240c08829efc7794c7815886ea3f327ca4
data/logs/2026-10-06-partC-archtest/add-01.bht2.log	原始测量证据	2588	05d8dc70d812351c9f04b11b8220cc65adac47acb893073b238a293b22541168
data/logs/2026-10-06-partC-archtest/add-01.fwd.log	原始测量证据	2585	72feb818d3a54af98bda8f5d9e728d6d80219daa3f33c48cf4d0ff3abd83e7bd
data/logs/2026-10-06-partC-archtest/add-01.nofwd.log	原始测量证据	2591	7b7e0e69ce27a1ac629011f1ef7ccd416d619947a380dc148b82d63f4fc4e72d
data/logs/2026-10-06-partC-archtest/addi-01.bht1.log	原始测量证据	2596	9bf10b7178b606a03a150c177eacddd7e976d9880db0effcdc1529fb09b11f6e
data/logs/2026-10-06-partC-archtest/addi-01.bht2.log	原始测量证据	2596	bebc8b1655d890dfe43e704e1a43a6a3a3c1f2a5ae7ce9540ff5022fa83be7a7
data/logs/2026-10-06-partC-archtest/addi-01.fwd.log	原始测量证据	2888	f487786bec5b3e2601d0523dbfe8eb5eff1ff1c644dd9dbb41e632d92249cc0a
data/logs/2026-10-06-partC-archtest/addi-01.nofwd.log	原始测量证据	2599	ef20e581799a9541118e44d028e766dfa156ed0a037329206215dded42bb9743
data/logs/2026-10-06-partC-archtest/and-01.bht1.log	原始测量证据	2588	8df1474a630f32905b9cb9736bb68d83616c70c6000079ec2edda5f82e18f946
data/logs/2026-10-06-partC-archtest/and-01.bht2.log	原始测量证据	2588	a58064cd958167881143386499247bb31cd9e5401ed5fc2e1e587cd86e2f9ecf
data/logs/2026-10-06-partC-archtest/and-01.fwd.log	原始测量证据	2878	474c44b97deb2adf3e30ecd8ba77e51985394eb09690b75cb9c950b8ca654716
data/logs/2026-10-06-partC-archtest/and-01.nofwd.log	原始测量证据	2591	38639433d4a087cd92d041bda4a550eb65ce82265bfd296c554d320e96599b7b
data/logs/2026-10-06-partC-iverilog/README.md	原始测量证据	1807	808e5283a8b7ae9716a8d88282b97e4eb2a1fcaa0dea878262b7674f81c88b70
data/logs/2026-10-06-partC-iverilog/iv_v1_fwd.log	原始测量证据	3682	51b92e0b529b795356fd3f266b01191f013b290b35ff8b126321d1ddc7bb67a0
data/logs/2026-10-06-partC-iverilog/iv_v1_fwd_bht1.log	原始测量证据	3698	3ae1a726eeedab11bf79b2e673bfb5a0b4f2364f45e44dd4d099e1743ae429fc
data/logs/2026-10-06-partC-iverilog/iv_v1_fwd_bht2.log	原始测量证据	3698	9a31b3cd3356ceb5ba2a7ab50c6b4895983319d226cdbf202b7bef81b4ae66e8
data/logs/2026-10-06-partC-iverilog/iv_v1_nofwd.log	原始测量证据	3738	34ce09047c27b889c40cf7f45fa7853281f385189c7c3d3510e0821f67a8161c
data/logs/2026-10-06-partC-pc-depth/README.md	原始测量证据	2979	b1b50eecfa11730b31de3e349781f40e1493b6963b80aa2b6cfae6ff93b20bf9
data/logs/2026-10-06-partC-pc-depth/all-final.command.txt	原始测量证据	37	67a8316ab199d6f9845bf43797f283bc317820d23efa1bdc957980db1ce009c2
data/logs/2026-10-06-partC-pc-depth/all-final.exit.txt	原始测量证据	29	789d4c0b29ca7da5b0935a115c46586ec40a8e26b2a90b96f8c0bb116c17e956
data/logs/2026-10-06-partC-pc-depth/all-final.finished.txt	原始测量证据	26	c3f78c749ec0231c472274a3e1d5d7428832aac9f0a252827cf3251cf30760a6
data/logs/2026-10-06-partC-pc-depth/all-final.log	原始测量证据	89666	f760f845d68cd0fcf557ab3c99e9bbdeaf15f9f9b052af031efe867c24d0ee12
data/logs/2026-10-06-partC-pc-depth/all-final.started.txt	原始测量证据	26	f2fad8be74c50419bccd480911c77aceb1824ff94b5918b662c113de6fc63d75
data/logs/2026-10-06-partC-pc-depth/all-unsandboxed.log	原始测量证据	57927	802921448730cb3aecc4bf39544a8d97ccc5d4476bce1d45a4126f16ff779b54
data/logs/2026-10-06-partC-pc-depth/all.exit.txt	原始测量证据	29	3fa4649a5dfae2c450290e15e489f92a4e5e7204fd4e22c85ef7dee328ac789d
data/logs/2026-10-06-partC-pc-depth/all.log	原始测量证据	90024	b2d60102cd365f23b266ead32ceb91140aa18913735c6e4a2eeac8a0ddb443ac
data/logs/2026-10-06-partC-pc-depth/check_results.py	原始测量证据	2299	e894ec8487759a5ae0344ebd44ef2fe74f70e1cd5728a6d7531c8328c00b8e51
data/logs/2026-10-06-partC-pc-depth/final-static.log	原始测量证据	616	daf64676e3663ee96ff85f88e387ec72a055c1e4e325002c8b5698b4cb585954
data/logs/2026-10-06-partC-pc-depth/launcher.log	原始测量证据	0	e3b0c44298fc1c149afbf4c8996fb92427ae41e4649b934ca495991b7852b855
data/logs/2026-10-06-partC-pc-depth/launcher.pid	原始测量证据	7	5d822b72d7402c3e0af5733f9c327701a6e7ad0efe792e84ae02a9a911de1d08
data/logs/2026-10-06-partC-pc-depth/results.json	原始测量证据	1210	1d692820441ca2b8340a9ee5384cd897509a5ec19540f09c7d0e664fbf2b6a56
data/logs/2026-10-06-partC-pc-depth/run_all.sh	原始测量证据	782	127177ce1061d8f9c82c866669f06c43ed0dbf32f7583d80c26f28972bdbd247
data/logs/2026-10-06-partC-pc-depth/source_manifest.json	原始测量证据	6100	15231f8a73933d244a776818421bf6dad0c9bf95748657ddd8a8010d19cbb31b
data/logs/2026-10-06-partC-pc-depth/static.log	原始测量证据	517	10c33567d44987ea4c8d6673caeca429a95e77f9f7565bbe751e7f957d481ae7
data/logs/2026-10-06-partC-pc-depth/vision-http-retry.log	原始测量证据	86	65de489fb53bbe06ed6a7d9f7ae73f1fdb59a4fb46d04fa243bb885b649fab34
data/logs/2026-10-06-partC-verify/README.md	原始测量证据	5536	2055284bac237cd533e444727ca6a1075fa923165cd392d24d6cd7a5c81ad709
data/logs/2026-10-06-partC-verify/bht_m0.log	原始测量证据	1560	535833dbc39a08e2624e175ffb60a9a8a30dc0f4949820fcf9d40d0c33790737
data/logs/2026-10-06-partC-verify/bht_m0_elab.log	原始测量证据	2030	e700fe38d14d24b516cfd98ae1188ab6cf3ddc552f10866368a43499465c7ffd
data/logs/2026-10-06-partC-verify/bht_m1.log	原始测量证据	1560	78d35d06101233d152b317eace67032619a6e15838671a97e8c65c23507a25a7
data/logs/2026-10-06-partC-verify/bht_m1_elab.log	原始测量证据	2080	17fc258a57f30850b75a76962c655f0f745bf8b1fb92df0c5bf8e76267089db0
data/logs/2026-10-06-partC-verify/bht_m2.log	原始测量证据	1560	cb1429667c20c58d0fcb15dd6645bcf3428c228933741996ac11e35c41c2ad03
data/logs/2026-10-06-partC-verify/bht_m2_elab.log	原始测量证据	2048	3089feb44d28cc85b40ce878bd03ca2412ed8df19b5e393ad4fe9c9fac614d50
data/logs/2026-10-06-partC-verify/bp_elab.log	原始测量证据	1512	a015a52e509af1709b095c8fee4a01af05100cf812dadb4c8596f90e07724c1e
data/logs/2026-10-06-partC-verify/bp_run.log	原始测量证据	1524	5759687aaa82e75c4179430cc5df3b7b03501c6599eb699f027434eba9f2c38a
data/logs/2026-10-06-partC-verify/cm_bht1_elab.log	原始测量证据	2150	cc7efd61bddc8360e22347475df350b557909381c4535107c24a94433e949ff8
data/logs/2026-10-06-partC-verify/cm_bht2_elab.log	原始测量证据	2150	2e74d32ff37821c64869d59f48d72c26a76fda665156a01aed2e0d43f558d978
data/logs/2026-10-06-partC-verify/cm_cm_bht1.log	原始测量证据	4280	0bc2ebb46ab158dd7c237ef656b3226d0efd211d3d52ffe36680d7bfc100e3ed
data/logs/2026-10-06-partC-verify/cm_cm_bht2.log	原始测量证据	4280	7dbaf07ce5e72ba722bf21b709fa115c20b6df58b9972f618096a8bc05652cce
data/logs/2026-10-06-partC-verify/cm_cm_fwd.log	原始测量证据	4244	0a69b8e11e7f4fe97918a1c6666cc82549731051c142c9364ae57dc56796c832
data/logs/2026-10-06-partC-verify/cm_cm_nofwd.log	原始测量证据	4360	c68cd67dffd409c5f9c9567ed0b50063d42a55bbe84e128f905beacefbfd11fc
data/logs/2026-10-06-partC-verify/cm_fwd_elab.log	原始测量证据	2066	b5daca655361cd9bd8c4b46157ae0a82bd805a684bee02649bc0102d1159bd25
data/logs/2026-10-06-partC-verify/cm_nofwd_elab.log	原始测量证据	2160	7adc4e804bca324da345f7817add4f88d4ef6be04d3189c0b23dcc4ac8445ffb
data/logs/2026-10-06-partC-verify/compile_3c6b794.log	原始测量证据	1750	a4164addd9fd56656035272572d609e143705b0c949d82141a6af69a8fa29f17
data/logs/2026-10-06-partC-verify/compile_3c6b794_fixed.log	原始测量证据	1750	a4164addd9fd56656035272572d609e143705b0c949d82141a6af69a8fa29f17
data/logs/2026-10-06-partC-verify/compile_fixed.log	原始测量证据	7210	f24369daf36f6d296c4c22e190d7efdb014c554ef6a7f862b3ab91cd9bd0be19
data/logs/2026-10-06-partC-verify/core_top_fix.diff	原始测量证据	2792	8683f32a305c5641ad851a7df7e386454c1fb254d1be6f231301ce0a089ed5ad
data/logs/2026-10-06-partC-verify/fmax_bht1_10ns.log	原始测量证据	190828	b4899750ba454823926e9e9e1de99190ea13d433df7acdfc0037d1f88a4b7ca0
data/logs/2026-10-06-partC-verify/fmax_bht2_10ns.log	原始测量证据	191390	3b722a1a43449de50b6b3b7b5d72587982c6c0e7097d89990e91b2fac845df7a
data/logs/2026-10-06-partC-verify/fmax_bht2_11p52ns.log	原始测量证据	190182	be6340a830fbab0ce01962002aedd6cecd0a941c5d1a60b94eb9ade1a90495f9
data/logs/2026-10-06-partC-verify/fmax_fwd_10ns.log	原始测量证据	181734	d11c39d93e76261c4c38cc433d351ab15d895a25e4f285a33be10e3e218610b9
data/logs/2026-10-06-partC-verify/fmax_nofwd_10ns.log	原始测量证据	176252	9d21f10979bf1fc11054aa970dfb8d8601305aa6b662103b75aeeb1cff00b801
data/logs/2026-10-06-partC-verify/program_soc_40mhz_bht2.log	原始测量证据	7410	5bca73209c6b5ba21f1d39f139dc6794189020e7892849dd62a12f261a42933c
data/logs/2026-10-06-partC-verify/reports/fmax/bht1/design_analysis_impl.rpt	原始测量证据	10373	881044e9c3dacdaaba61f173d73132782e0cc232a9392e39b3bceb6216aacb78
data/logs/2026-10-06-partC-verify/reports/fmax/bht1/timing_impl.rpt	原始测量证据	16884	e825e510dbf85e657a9d1956a4ba04512b8a5f8498c75e97ecfb8b27ce56f31e
data/logs/2026-10-06-partC-verify/reports/fmax/bht1/timing_synth.rpt	原始测量证据	16606	f7ef3ed2e802990c3ca9fb04b15c9f5318362bb940b5e648bd258f4fa22f4158
data/logs/2026-10-06-partC-verify/reports/fmax/bht1/timing_worst_paths.rpt	原始测量证据	75915	2e2e1a0dcad64121264e37489bfb9686b65dc26ec4811fcb770cd6ccb01619a5
data/logs/2026-10-06-partC-verify/reports/fmax/bht1/utilization_impl.rpt	原始测量证据	10858	33689cacd6ad0d7d060c0f76d7ea2caab78300f8bd37bae9b7d106e0a057df17
data/logs/2026-10-06-partC-verify/reports/fmax/bht1/utilization_synth.rpt	原始测量证据	8677	d372e2de4bf396be524ed2df9f147864447f56ec7885b15d1d5097acafbb1006
data/logs/2026-10-06-partC-verify/reports/fmax/bht2/design_analysis_impl.rpt	原始测量证据	9560	c2eafc71d0657bdfb5d540da9a87176bad6f37f0d50330805c9c5f19b7fa6b42
data/logs/2026-10-06-partC-verify/reports/fmax/bht2/timing_impl.rpt	原始测量证据	16078	18487c3e5f07808a42ac639ce9a3fa6720d8afc5b8cfd1fa2e07ba4d9f630224
data/logs/2026-10-06-partC-verify/reports/fmax/bht2/timing_synth.rpt	原始测量证据	16606	ccdff119840664766ef4c9a27406f3616f4946c23b2c606d8a7b3e52148ed63d
data/logs/2026-10-06-partC-verify/reports/fmax/bht2/timing_worst_paths.rpt	原始测量证据	68295	956cebb2afbacc1850829d63f22c08111fbff530d7c00dc9b16616d42e4b464a
data/logs/2026-10-06-partC-verify/reports/fmax/bht2/utilization_impl.rpt	原始测量证据	10858	193114d6e528d3a25bbc4d355a40a42e0da06582f1b1addfdac42edd022d3e33
data/logs/2026-10-06-partC-verify/reports/fmax/bht2/utilization_synth.rpt	原始测量证据	8677	b4a0a0598d0ca2bbdbcf698a276191ac039e5683207a72106b4517bcc00f1d1a
data/logs/2026-10-06-partC-verify/reports/fmax/bht2_11p52ns/design_analysis_impl.rpt	原始测量证据	9461	a047e5a8c1042977f7f0770656aa287484f7696eda36b5eaac401cdfd8fca79a
data/logs/2026-10-06-partC-verify/reports/fmax/bht2_11p52ns/timing_impl.rpt	原始测量证据	16162	c38e8669f752397ed07363c49797d44bced05b428f1185d8d4eb84ef0023d0a1
data/logs/2026-10-06-partC-verify/reports/fmax/bht2_11p52ns/timing_synth.rpt	原始测量证据	16615	17b1d1d50a211efc1fa56ebefa0834148ce36ffc1dc069bf43bf8c6fa9e3792d
data/logs/2026-10-06-partC-verify/reports/fmax/bht2_11p52ns/timing_worst_paths.rpt	原始测量证据	71948	c7849ddd995f78523cf5c119650596eb4efa54d88eb09a8045efb38baf97a9f3
data/logs/2026-10-06-partC-verify/reports/fmax/bht2_11p52ns/utilization_impl.rpt	原始测量证据	10867	3a9730554d0a6681c07fd6adc995fb092c641679f90fa4d7277c1ac03a29ec6b
data/logs/2026-10-06-partC-verify/reports/fmax/bht2_11p52ns/utilization_synth.rpt	原始测量证据	8686	be9f9630f506837ba7ac7c86a7e627470f2570b332cbe043952a19e497c34d42
data/logs/2026-10-06-partC-verify/reports/fmax/fwd/design_analysis_impl.rpt	原始测量证据	8807	50f3b7dee05f94546837a3711a53044b9cb9923b59980568dc57a470c793d40d
data/logs/2026-10-06-partC-verify/reports/fmax/fwd/timing_impl.rpt	原始测量证据	15129	3049aa8ce4bce189354b2060db293f8261c93c395447e090d50e34867aaf6ee5
data/logs/2026-10-06-partC-verify/reports/fmax/fwd/timing_synth.rpt	原始测量证据	15166	13356706222212ca371fda2c9526cb209b5a25534dae3e46446b6d931de7281f
data/logs/2026-10-06-partC-verify/reports/fmax/fwd/timing_worst_paths.rpt	原始测量证据	63744	4e577df391aaeeddaaf378dc738d0fa78641b1c6241f76e1b362fc86e72d95eb
data/logs/2026-10-06-partC-verify/reports/fmax/fwd/utilization_impl.rpt	原始测量证据	10771	04cd4de0df58de40ed7c35dff16bb1b110c8f25a23d677ba82a580eb26d590b5
data/logs/2026-10-06-partC-verify/reports/fmax/fwd/utilization_synth.rpt	原始测量证据	8590	3cfe8e54b2f61771554caed88ff970a39db63b97f9e69547556792a09949662e
data/logs/2026-10-06-partC-verify/reports/fmax/nofwd/design_analysis_impl.rpt	原始测量证据	7719	279314d960d8f75379e51babe4f9c081fdf717658fa4e510887b17527070c485
data/logs/2026-10-06-partC-verify/reports/fmax/nofwd/timing_impl.rpt	原始测量证据	14184	449c766fa7c07054c230ad4924d9b976416be16360bd4914659175c20f2e44d6
data/logs/2026-10-06-partC-verify/reports/fmax/nofwd/timing_synth.rpt	原始测量证据	14255	ad71c91684eac4629b055401c13c5a7587ffce63f431e024c7de62165633d810
data/logs/2026-10-06-partC-verify/reports/fmax/nofwd/timing_worst_paths.rpt	原始测量证据	61060	a07fa55b2829068e6b29da4d6f003dfadc4ab3906bd7b2099db6290a59848d16
data/logs/2026-10-06-partC-verify/reports/fmax/nofwd/utilization_impl.rpt	原始测量证据	10777	f65c4e1729498f56df26b0739fdd660ea324c5092b8d11918bc81800e594f0ea
data/logs/2026-10-06-partC-verify/reports/fmax/nofwd/utilization_synth.rpt	原始测量证据	8596	cf181e613cb371bb06533888212b3d1b18f46efac5efec7aef2d23b05017bbf3
data/logs/2026-10-06-partC-verify/reports/soc_40mhz_bht2/soc_check_timing.rpt	原始测量证据	1719	047a9fd33cf0a75e81301323e38cf20a27943aa3c6647e8b27123994338d1e77
data/logs/2026-10-06-partC-verify/reports/soc_40mhz_bht2/soc_clock_utilization_impl.rpt	原始测量证据	18870	2d7b58bd68dc9f72e84f70c3de717321e31a98bf664825834d58dca80a22e397
data/logs/2026-10-06-partC-verify/reports/soc_40mhz_bht2/soc_clock_utilization_synth.rpt	原始测量证据	11513	d91af31e7682c1eac147cb2edeb19aa06aad1e3c3c9b3b352c2fa96676a46894
data/logs/2026-10-06-partC-verify/reports/soc_40mhz_bht2/soc_drc_impl.rpt	原始测量证据	15603	e444ca442091aa163106ddf7f132f5e8f76fca6f9a4fecd57b5d6ac14dac1062
data/logs/2026-10-06-partC-verify/reports/soc_40mhz_bht2/soc_timing_impl.rpt	原始测量证据	49822	886cf1877d1e962999b695c41c2fd9c0c50cea66626cf55653df6c49ab82b869
data/logs/2026-10-06-partC-verify/reports/soc_40mhz_bht2/soc_timing_worst_paths.rpt	原始测量证据	93964	611797c14de4a4c1d24a1ec84a83de36cc9a0e26a028deef195da4e4fb96d821
data/logs/2026-10-06-partC-verify/reports/soc_40mhz_bht2/soc_utilization_impl.rpt	原始测量证据	11426	f64891a4651ab88db95f30cf58244c1dbc8aee615f8178b0b2586b9a1288a3f4
data/logs/2026-10-06-partC-verify/reports/soc_40mhz_bht2/soc_utilization_synth.rpt	原始测量证据	9234	036aece34adc93bd588d42800aa43c0fa8d72fe9d0f91f52c653daa501b4c5fa
data/logs/2026-10-06-partC-verify/reports/soc_40mhz_bht2/soc_vivado_version.txt	原始测量证据	7	caa692594cece87cfff056d7da05893ddd771cb2f3d98874b71ba93dc7fea06a
data/logs/2026-10-06-partC-verify/soc_40mhz_bht2.log	原始测量证据	174270	806aef0fe72f3ee3b1d75e693e10bd68819c2da78ebd7cbc2b5e0efe52e17d8b
data/logs/2026-10-06-pi-boot/HANDOFF.md	原始测量证据	9450	15f63509345188ac7c5d30f270ff9868e4d26574350e353de7d2e7f1701e138b
data/logs/2026-10-06-pi-boot/README.md	原始测量证据	4874	ad72524db2416a05d46444b44dd98628a7e637bf6be55facd0763aa114f102e2
data/logs/2026-10-06-pi-boot/camera-720p-corruption.png	原始测量证据	83138	375fb273cf2e6b25f7725a692e81005cb248328865fc025461570b745686fecf
data/logs/2026-10-06-pi-boot/camera-bringup.md	原始测量证据	11740	947f43e9fb80508afc5e684456413071392725241ad31cef9b17d802736ff0a3
data/logs/2026-10-06-pi-boot/camera-check-source0.png	原始测量证据	6948	0d0b196828afb1715a4418aea528794a9aaca6cd2ca74c5920f0f1d96778c20d
data/logs/2026-10-06-pi-boot/display-config-before.txt	原始测量证据	5079	13e3a25f9db00354dd39a26a5b020dc3634f8ebc2a7bba29aa7149387a263991
data/logs/2026-10-06-pi-boot/display-mode-after.txt	原始测量证据	625	5a7276b1cbffc95ab6c0f408c8305380992d6f4872a74414ab556570ba500cdd
data/logs/2026-10-06-pi-boot/hdmi-live-1.png	原始测量证据	46006	20472ed263597fe2bf981f134aa9de2caf3a2f7505642b6c2b1fbf6d3df2844f
data/logs/2026-10-06-pi-boot/hdmi-live-2.png	原始测量证据	46200	1b62bd19e756e859293b77d7cf79595f135081ebb0363bca1be0895936303a7d
data/logs/2026-10-06-pi-boot/hdmi-live-native.png	原始测量证据	72869	fd44e31de3604a637c50d2e33f65cb1df353f1f868f55e40eb000b5f36187ab1
data/logs/2026-10-06-pi-boot/hdmi-preview.png	原始测量证据	28117	c9f375ded7b0978888c123437ae016c2c43ec9242eea5cfe0fafce8d2a7e5aad
data/logs/2026-10-06-pi-boot/hdmi-raw.log	原始测量证据	44	7d5249d1481e27029d0292b9b53395f4b247edb6df7e13cbf4902542260ca05f
data/logs/2026-10-06-pi-boot/hdmi-raw.png	原始测量证据	57648	1e1a2b5aaba4f23297283cdb3d403c1145f32203c91afe57c9a40bbfef328b74
data/logs/2026-10-06-pi-boot/live2-band-00.png	原始测量证据	43560	610f5296c5c16eeb020660c0835c66200dca2ff2f362d095e93679694f7594f6
data/logs/2026-10-06-pi-boot/live2-band-01.png	原始测量证据	546	2fbf055b52b89f27bc3a5c2f737666e2a80b5c079878da308d762696a3feadd1
data/logs/2026-10-06-pi-boot/live2-band-02.png	原始测量证据	3624	bf01c446ee1d9226423386a25badbdef940abe8779288ca2f7e9c5d6b02115bf
data/logs/2026-10-06-pi-boot/live2-band-03.png	原始测量证据	3646	9d008f0861e080a903bc95249cf6005a9c9fa6751d222b4899210b0a066cf300
data/logs/2026-10-06-pi-boot/live2-band-04.png	原始测量证据	4020	bb503645fa391d085722dac17e51572d1b75473e27f00e2cc696ddedf9834c4f
data/logs/2026-10-06-pi-boot/live2-band-05.png	原始测量证据	1600	b3b7caa9574cb807f865f732521c3b664c8021164fc4b686785762f0c00bd030
data/logs/2026-10-06-pi-boot/live2-band-06.png	原始测量证据	3211	7ce1ddcfeaa1d11191f9e9a0e03df61d829a1a46fa65a1a0224211705d139535
data/logs/2026-10-06-pi-boot/live2-band-07.png	原始测量证据	4149	9e84e7f1457b4dda68a33bfc0b25080157a19e7a6428658ff878c202a68f3a60
data/logs/2026-10-06-pi-boot/live2-band-08.png	原始测量证据	3607	e450ff8147869bd6e7ee4e7f445515507920838f9d4c74ca3b6c769048696ce6
data/logs/2026-10-06-pi-boot/live2-band-09.png	原始测量证据	3658	d91def23469ee215d5b6cd9875cedac362daedfd71f1bb23063f9287f1d09172
data/logs/2026-10-06-pi-boot/live2-band-10.png	原始测量证据	4062	2327e1163b643797a7abfa66dfc25c336792b9d0a56dd98469321ecd70b41764
data/logs/2026-10-06-pi-boot/live2-band-11.png	原始测量证据	1591	6ec9ed5a26ffdd060896028450fb4796231556827cc2ff6ba175a4bc43ddca3c
data/logs/2026-10-06-pi-boot/live2-band-12.png	原始测量证据	3185	c92a8fd8c531364da53be1b1841079bded28653afbd323447495a4abe663b5fe
data/logs/2026-10-06-pi-boot/live2-band-13.png	原始测量证据	4144	77823744eb8acfcdd473abe35470d32ca7ccbc42c6ae6ba7e9e380d0920e6c67
data/logs/2026-10-06-pi-boot/live2-band-14.png	原始测量证据	3627	b222823c4ce5634f3499778d8bd8ec6c51b1bef23fd5602b0364ec43e910e7da
data/logs/2026-10-06-pi-boot/live2-band-15.png	原始测量证据	3638	a3a941edd983d60d3ccc1cc6e7981d5ca8d09a0561c69df00728dbdb9ee2fbb8
data/logs/2026-10-06-pi-boot/live2-band-16.png	原始测量证据	4100	d7c88e8f3a9788761a4eca3e0d62dde77dfc3ab4984edc84493179bb72d9c663
data/logs/2026-10-06-pi-boot/live2-band-17.png	原始测量证据	1584	cfb64d73881b731ff7497e1db06522c5748932ccd0ac8c6abb5f6b3823bec97e
data/logs/2026-10-06-pi-boot/live2-band-18.png	原始测量证据	3161	3ebbaee30eac2e923856b1811de9d7825ef005dbde2cc8152f344a91e3ef581d
data/logs/2026-10-06-pi-boot/live2-band-19.png	原始测量证据	4133	47f00a23f9a8b9d01a203c25b2b4414cef3b30e2eada3c07821e8590530361b2
data/logs/2026-10-06-pi-boot/live2-band-20.png	原始测量证据	3594	ac59c5f6082fa2b43431be3efee3de3aa81cc7759a08fc482026eb126c4a2ea9
data/logs/2026-10-06-pi-boot/live2-band-21.png	原始测量证据	3650	280e974deced2cba64693e5a048192f707c201de535212cc98070fc6457c5f61
data/logs/2026-10-06-pi-boot/live2-band-22.png	原始测量证据	4131	2ed1d4ba80ff3c5f48c7dd684cc9a2d1d1de77c3cb553de93fe863e7bd8011d3
data/logs/2026-10-06-pi-boot/live2-band-23.png	原始测量证据	1580	c3759bcaadffce3fc6816c2e71684fc7469c7bce0492763c0f5fc4306bdf88a5
data/logs/2026-10-06-pi-boot/live2-band-24.png	原始测量证据	3113	e623a7f1ca134d7cb776953d5908b05bfff14210b8d813c3b094f175fd729b73
data/logs/2026-10-06-pi-boot/live2-band-25.png	原始测量证据	4117	3ef743e7cdbbcb32607d980a2ca4b8a612636e770513b85a1aae3a8464d16c30
data/logs/2026-10-06-pi-boot/live2-band-26.png	原始测量证据	3594	cadd861efdfc38eb60c9b81846d7c41386c24232d989410f277ccf7ec2279cc4
data/logs/2026-10-06-pi-boot/live2-band-27.png	原始测量证据	3674	106af0a5e26c23f7d42455eeb25bb0c11fbcab8fdf8d4a501654e9c15f302244
data/logs/2026-10-06-pi-boot/live2-band-28.png	原始测量证据	4161	0160bcd304ee4508afdf9596a8c8065e571ac534487a6e7108464b789728cd28
data/logs/2026-10-06-pi-boot/live2-band-29.png	原始测量证据	1582	68019d1ea90fb6cf41b7c7354c6acc5ab6d37c068bb04384a5af55a719194be9
data/logs/2026-10-06-pi-boot/live2-band-30.png	原始测量证据	3072	6012c4cfe873b9d148afad7f10894862a2053b4ba90c7a649bca017cc63cc0d9
data/logs/2026-10-06-pi-boot/live2-band-31.png	原始测量证据	4108	75940898be1984253aa4de6bcb9d68018c5388f95473d43b999ae31c855ef6f7
data/logs/2026-10-06-pi-boot/live2-band-32.png	原始测量证据	3661	f6327a8dead96ff07ab8b971a8d320dc8e9434bb7a6962985c8d5b6f1d1b2035
data/logs/2026-10-06-pi-boot/live2-band-33.png	原始测量证据	3681	3a86bd12f64a0ceabb55981dd02df95d49784b235a5875e6b1ce31de29506703
data/logs/2026-10-06-pi-boot/live2-band-34.png	原始测量证据	4182	6cfa59e9b6a1960eb2840a3343d5d6ab3874f61ead6f454878b97f2404049c2a
data/logs/2026-10-06-pi-boot/live2-band-35.png	原始测量证据	1575	ffb335b7bc242f2bbbc728bdb91f8a0d91a6f609b24f3fd6357e2f86b85fa811
data/logs/2026-10-06-pi-boot/live2-band-36.png	原始测量证据	1895	625e199382fb589878748b1c19ee65f35df439ed568e0c81d8551acc0fc37ad5
data/logs/2026-10-06-pi-boot/native-band-00.png	原始测量证据	5448	f7ccab23a3ec1070bd5a7ba291ccaed81f837b92ff157da49e4893287ebc00d1
data/logs/2026-10-06-pi-boot/native-band-01.png	原始测量证据	10082	ec51aa877f1c2beebef5534faad8ab53b5f3673c0226944107af4cd2b6d9ef85
data/logs/2026-10-06-pi-boot/native-band-02.png	原始测量证据	3856	96301a1c61a5d877d5d65520012576ba2a945c19ee529092d5bd3c49ad48493e
data/logs/2026-10-06-pi-boot/native-band-03.png	原始测量证据	5448	f7ccab23a3ec1070bd5a7ba291ccaed81f837b92ff157da49e4893287ebc00d1
data/logs/2026-10-06-pi-boot/native-band-04.png	原始测量证据	10082	ec51aa877f1c2beebef5534faad8ab53b5f3673c0226944107af4cd2b6d9ef85
data/logs/2026-10-06-pi-boot/native-band-05.png	原始测量证据	10404	1f5644f48f292ccc7304d8a4056d712b40ac4301b33985aabe844254abd49e95
data/logs/2026-10-06-pi-boot/native-band-06.png	原始测量证据	5448	f7ccab23a3ec1070bd5a7ba291ccaed81f837b92ff157da49e4893287ebc00d1
data/logs/2026-10-06-pi-boot/native-band-07.png	原始测量证据	10082	ec51aa877f1c2beebef5534faad8ab53b5f3673c0226944107af4cd2b6d9ef85
data/logs/2026-10-06-pi-boot/native-band-08.png	原始测量证据	3856	96301a1c61a5d877d5d65520012576ba2a945c19ee529092d5bd3c49ad48493e
data/logs/2026-10-06-pi-boot/native-band-09.png	原始测量证据	5448	f7ccab23a3ec1070bd5a7ba291ccaed81f837b92ff157da49e4893287ebc00d1
data/logs/2026-10-06-pi-boot/native-band-10.png	原始测量证据	10082	ec51aa877f1c2beebef5534faad8ab53b5f3673c0226944107af4cd2b6d9ef85
data/logs/2026-10-06-pi-boot/native-band-11.png	原始测量证据	10404	1f5644f48f292ccc7304d8a4056d712b40ac4301b33985aabe844254abd49e95
data/logs/2026-10-06-pi-boot/native-band-12.png	原始测量证据	5448	f7ccab23a3ec1070bd5a7ba291ccaed81f837b92ff157da49e4893287ebc00d1
data/logs/2026-10-06-pi-boot/native-band-13.png	原始测量证据	10082	ec51aa877f1c2beebef5534faad8ab53b5f3673c0226944107af4cd2b6d9ef85
data/logs/2026-10-06-pi-boot/native-band-14.png	原始测量证据	3856	96301a1c61a5d877d5d65520012576ba2a945c19ee529092d5bd3c49ad48493e
data/logs/2026-10-06-pi-boot/native-band-15.png	原始测量证据	5448	f7ccab23a3ec1070bd5a7ba291ccaed81f837b92ff157da49e4893287ebc00d1
data/logs/2026-10-06-pi-boot/native-band-16.png	原始测量证据	10082	ec51aa877f1c2beebef5534faad8ab53b5f3673c0226944107af4cd2b6d9ef85
data/logs/2026-10-06-pi-boot/native-band-17.png	原始测量证据	10404	1f5644f48f292ccc7304d8a4056d712b40ac4301b33985aabe844254abd49e95
data/logs/2026-10-06-pi-boot/native-band-18.png	原始测量证据	5448	f7ccab23a3ec1070bd5a7ba291ccaed81f837b92ff157da49e4893287ebc00d1
data/logs/2026-10-06-pi-boot/native-band-19.png	原始测量证据	10082	ec51aa877f1c2beebef5534faad8ab53b5f3673c0226944107af4cd2b6d9ef85
data/logs/2026-10-06-pi-boot/native-band-20.png	原始测量证据	3856	96301a1c61a5d877d5d65520012576ba2a945c19ee529092d5bd3c49ad48493e
data/logs/2026-10-06-pi-boot/native-band-21.png	原始测量证据	5448	f7ccab23a3ec1070bd5a7ba291ccaed81f837b92ff157da49e4893287ebc00d1
data/logs/2026-10-06-pi-boot/native-band-22.png	原始测量证据	10082	ec51aa877f1c2beebef5534faad8ab53b5f3673c0226944107af4cd2b6d9ef85
data/logs/2026-10-06-pi-boot/native-band-23.png	原始测量证据	10404	1f5644f48f292ccc7304d8a4056d712b40ac4301b33985aabe844254abd49e95
data/logs/2026-10-06-pi-boot/native-band-24.png	原始测量证据	5448	f7ccab23a3ec1070bd5a7ba291ccaed81f837b92ff157da49e4893287ebc00d1
data/logs/2026-10-06-pi-boot/native-band-25.png	原始测量证据	10082	ec51aa877f1c2beebef5534faad8ab53b5f3673c0226944107af4cd2b6d9ef85
data/logs/2026-10-06-pi-boot/native-band-26.png	原始测量证据	3856	96301a1c61a5d877d5d65520012576ba2a945c19ee529092d5bd3c49ad48493e
data/logs/2026-10-06-pi-boot/native-band-27.png	原始测量证据	5448	f7ccab23a3ec1070bd5a7ba291ccaed81f837b92ff157da49e4893287ebc00d1
data/logs/2026-10-06-pi-boot/native-band-28.png	原始测量证据	10082	ec51aa877f1c2beebef5534faad8ab53b5f3673c0226944107af4cd2b6d9ef85
data/logs/2026-10-06-pi-boot/native-band-29.png	原始测量证据	10404	1f5644f48f292ccc7304d8a4056d712b40ac4301b33985aabe844254abd49e95
data/logs/2026-10-06-pi-boot/native-band-30.png	原始测量证据	5448	f7ccab23a3ec1070bd5a7ba291ccaed81f837b92ff157da49e4893287ebc00d1
data/logs/2026-10-06-pi-boot/native-band-31.png	原始测量证据	10082	ec51aa877f1c2beebef5534faad8ab53b5f3673c0226944107af4cd2b6d9ef85
data/logs/2026-10-06-pi-boot/native-band-32.png	原始测量证据	3856	96301a1c61a5d877d5d65520012576ba2a945c19ee529092d5bd3c49ad48493e
data/logs/2026-10-06-pi-boot/native-band-33.png	原始测量证据	5448	f7ccab23a3ec1070bd5a7ba291ccaed81f837b92ff157da49e4893287ebc00d1
data/logs/2026-10-06-pi-boot/native-band-34.png	原始测量证据	10082	ec51aa877f1c2beebef5534faad8ab53b5f3673c0226944107af4cd2b6d9ef85
data/logs/2026-10-06-pi-boot/native-band-35.png	原始测量证据	10404	1f5644f48f292ccc7304d8a4056d712b40ac4301b33985aabe844254abd49e95
data/logs/2026-10-06-pi-boot/native-band-36.png	原始测量证据	5448	f7ccab23a3ec1070bd5a7ba291ccaed81f837b92ff157da49e4893287ebc00d1
data/logs/2026-10-06-pi-boot/native-band-37.png	原始测量证据	10082	ec51aa877f1c2beebef5534faad8ab53b5f3673c0226944107af4cd2b6d9ef85
data/logs/2026-10-06-pi-boot/native-band-38.png	原始测量证据	3856	96301a1c61a5d877d5d65520012576ba2a945c19ee529092d5bd3c49ad48493e
data/logs/2026-10-06-pi-boot/native-band-39.png	原始测量证据	4993	4cb3aef5a3d5de11c9683dd8d45a8fe29472ed4153620e52cdcc41b2946cbc5a
data/logs/2026-10-06-pi-boot/password-reset-preparation.log	原始测量证据	257	799c2de426856728ff0cde943faab74e28312be52124883d3235fc6a09185ffa
data/logs/2026-10-06-pi-boot/service-after-reboot.txt	原始测量证据	3451	2003c033db93e327369e311cdfa560243731b17823a974b82ebc0898ddcc60e7
data/logs/2026-10-06-pi-boot/service-first-start.txt	原始测量证据	1454	aa1ab1fbb6198f9e93db62bc5868dcf69a5555fe6382f9118656fa3748387378
data/logs/2026-10-06-pi-boot/service-local-file-check.txt	原始测量证据	151	5a716f8183af9bc363313bd9bfeb2d5590c29824b1728e5dc12524891b436614
data/logs/2026-10-06-pi-boot/service-manual-check.txt	原始测量证据	2474	f832467d9ae36b5564b9f8407d80e2c8490fb28303699538db313bd6b65bd43b
data/logs/2026-10-06-pi-pynq/README.md	原始测量证据	3249	dfa86c0a5aed2b3b563d9d644c460fb1e3108ed7d4225b48439eb7c8c3533b1a
data/logs/2026-10-06-pi-pynq/serial-connect.txt	原始测量证据	34	c4c81a912cd729cf1c77c3c95b1f2fb7c1c48ca371c60b00773f0d7c0ed9e374
data/logs/2026-10-06-pi-pynq/serial-env-auth.txt	原始测量证据	140	05e09f87175a612f1b6c458ca6213b27ec0a6acab00af765ac678cb47598830c
data/logs/2026-10-06-pi-pynq/serial-env-recheck.txt	原始测量证据	275	8e4bc89a43d0ed068d2f164b11fd674f2ca6ef9742f07ebbf40f6006fe034cb8
data/logs/2026-10-06-pi-pynq/serial-env.txt	原始测量证据	629	14e4014e6d9dcd774edd38301a42e5b7fdbb6599c28c9f560694e0dd71a8e525
data/logs/2026-10-06-pi-pynq/serial-load-xrt.txt	原始测量证据	297	33a114a7a3e7d9934a79f115812562b1ccee1c0ced8d6ac0752b1f8071837be9
data/logs/2026-10-06-pi-pynq/serial-load.txt	原始测量证据	1052	a1ce247399dfbf4928b88ed8730e97a0533b76025de7fc1c8b2ca2b73747b493
data/logs/2026-10-06-pi-pynq/serial-smoke.txt	原始测量证据	332	33616e33e5204d75c09e775047aa31b39e4524972a5a8c5afe1a90445ab4e383
data/logs/2026-10-06-pi-pynq/serial-xrt-env.txt	原始测量证据	1165	9f7bed57c8535be7cc4ca7f7da63f957db1428d251712b242592d5bc8bc87df3
data/logs/2026-10-06-vision-sync-schema/README.md	原始测量证据	2425	2c88fe0c796624085eb97049cc8a13e47b73880aa0994b6de0914ac8a26000b2
data/logs/2026-10-06-vision-sync-schema/build_exe_round.log	原始测量证据	7603	c40e5a2e3df44b2a6ee65a63da9d5eb8229339e45ff9153af2c8ae79efe8f734
data/logs/2026-10-06-vision-sync-schema/test_arm_localize.log	原始测量证据	172	4383f60c1cfd93f577c2b23d73b4a0bb33e8895baf7ee6bd6f72616b85deaa9e
data/logs/2026-10-06-vision-sync-schema/test_arm_localize_package.log	原始测量证据	210	e58d12755609c895dd164e4a83728a7d49b4307e511dbc4fa232c562dc87f93d
data/logs/2026-10-06-vision-sync-schema/test_localize.log	原始测量证据	102	12614d18e93fecf5fe9d07515138e8b8e022417752e1de8218990b7122f8b7e3
data/logs/2026-10-06-vision-sync-schema/test_vision_protocol.log	原始测量证据	92	41667dc1ec7da0a2a19017276de97806bf3e63d4dab556167781ce7f4e2f1f23
data/logs/2026-10-06-vision-sync-schema/test_vision_regs.log	原始测量证据	80	c13e7ed05cd7e7fa9b2c13e10b52c0964b74899981289ee0c3bdff8d4f909f68
data/logs/2026-10-07-module1-closure/.gitattributes	原始测量证据	156	5dc0b9e0c4fb678c0a0e12cab217e88b1b30448b81fa7cacdfe34d808cde7a22
data/logs/2026-10-07-module1-closure/README.md	原始测量证据	3082	eb23c4a89e1fa96353336e74a1e365977f232e442b24f75fde316f18dfc61733
data/logs/2026-10-07-module1-closure/all-final.exit.txt	原始测量证据	2	9a271f2a916b0b6ee6cecb2426f0b3206ef074578be55d9bc94f6f3fe3ab86aa
data/logs/2026-10-07-module1-closure/all-final.log	原始测量证据	106692	309e54e164f5df198db8083ee6c45608406e8df19f094353bd55e375a19a3261
data/logs/2026-10-07-module1-closure/arch-capacity-fail.exit.txt	原始测量证据	2	53c234e5e8472b6ac51c1ae1cab3fe06fad053beb8ebfd8977b010655bfdd3c3
data/logs/2026-10-07-module1-closure/arch-complete.log	原始测量证据	106860	bf8011e338f06f40cd7c3d453925a090cc570ff57e4b9cbfbeca8bdac08543c0
data/logs/2026-10-07-module1-closure/arch-complete/add-01.bht1.log	原始测量证据	2346	61e41086c3ba62e243e4444586f577115260464a9f681a55f6eee90ac40fa782
data/logs/2026-10-07-module1-closure/arch-complete/add-01.bht1.signature.output	原始测量证据	5880	2cf021b9706db9101ef2dcfa1d674d7ea62922e21bf5d9ffde3552cb4cde7fef
data/logs/2026-10-07-module1-closure/arch-complete/add-01.bht2.log	原始测量证据	2346	f1e9fadbc9262eb092bd83ab4ac709e0e547e53ebbc4fdf0127824b81bf1aa8b
data/logs/2026-10-07-module1-closure/arch-complete/add-01.bht2.signature.output	原始测量证据	5880	2cf021b9706db9101ef2dcfa1d674d7ea62922e21bf5d9ffde3552cb4cde7fef
data/logs/2026-10-07-module1-closure/arch-complete/add-01.fwd.log	原始测量证据	2343	86855f9593219715e7090993cb401d0916d289cef632dc88c4a8dd5482bcb2af
data/logs/2026-10-07-module1-closure/arch-complete/add-01.fwd.signature.output	原始测量证据	5880	2cf021b9706db9101ef2dcfa1d674d7ea62922e21bf5d9ffde3552cb4cde7fef
data/logs/2026-10-07-module1-closure/arch-complete/add-01.nofwd.log	原始测量证据	2349	9fafdf326ead363f1c62fe0bab9760511801c247f3692b017de5c5a62d165765
data/logs/2026-10-07-module1-closure/arch-complete/add-01.nofwd.signature.output	原始测量证据	5880	2cf021b9706db9101ef2dcfa1d674d7ea62922e21bf5d9ffde3552cb4cde7fef
data/logs/2026-10-07-module1-closure/arch-complete/add-01.signatures.sha256	原始测量证据	712	71abac791fa03df91b8f0f9a5ca75300848fb5c10a510d3c18dcb9b33e9bf6ca
data/logs/2026-10-07-module1-closure/arch-complete/addi-01.bht1.log	原始测量证据	2354	ec7d6f72cc4ba8c5614e00829dc83a3c5c39a0d962aaea0f713fc1965c3a11e3
data/logs/2026-10-07-module1-closure/arch-complete/addi-01.bht1.signature.output	原始测量证据	5640	3b35d271beda81a773b08101b892afdf02460e8b0afd06218af32466c26dc745
data/logs/2026-10-07-module1-closure/arch-complete/addi-01.bht2.log	原始测量证据	2354	04afebb9911be9c9b986fda7242a0d91e834ca149c8bc2491f7a34ee9a35d3cb
data/logs/2026-10-07-module1-closure/arch-complete/addi-01.bht2.signature.output	原始测量证据	5640	3b35d271beda81a773b08101b892afdf02460e8b0afd06218af32466c26dc745
data/logs/2026-10-07-module1-closure/arch-complete/addi-01.fwd.log	原始测量证据	2351	25861418ce2204be3c5f1bfca7301f1f4cf0d2d72d65920e91031b2e05e65b8f
data/logs/2026-10-07-module1-closure/arch-complete/addi-01.fwd.signature.output	原始测量证据	5640	3b35d271beda81a773b08101b892afdf02460e8b0afd06218af32466c26dc745
data/logs/2026-10-07-module1-closure/arch-complete/addi-01.nofwd.log	原始测量证据	2357	321561a4290766e1dd10e279c49d2e9328801cdc3ce79282232cd52536f68cba
data/logs/2026-10-07-module1-closure/arch-complete/addi-01.nofwd.signature.output	原始测量证据	5640	3b35d271beda81a773b08101b892afdf02460e8b0afd06218af32466c26dc745
data/logs/2026-10-07-module1-closure/arch-complete/addi-01.signatures.sha256	原始测量证据	716	cead3e70db86fb33a5fe0f7f5d5426914ff49d78af45837a52a936f1e88708a9
data/logs/2026-10-07-module1-closure/arch-complete/and-01.bht1.log	原始测量证据	2346	92cec3a1b2f70e07db642ba082d3a1e4c7e372fbf4515ee86688877ab72e8ead
data/logs/2026-10-07-module1-closure/arch-complete/and-01.bht1.signature.output	原始测量证据	5840	3e302355377bb10a93011295aa9d556cf860c7c915ef7ed75c2964f9baa2c50f
data/logs/2026-10-07-module1-closure/arch-complete/and-01.bht2.log	原始测量证据	2346	d0a3aef78463cf1b544e8a8e0991c839c59d351c1babe4fccca7cc9c2423efa1
data/logs/2026-10-07-module1-closure/arch-complete/and-01.bht2.signature.output	原始测量证据	5840	3e302355377bb10a93011295aa9d556cf860c7c915ef7ed75c2964f9baa2c50f
data/logs/2026-10-07-module1-closure/arch-complete/and-01.fwd.log	原始测量证据	2343	f0137bc3629d2c5f312c4005a0f06bd37473f33b2ff039c08d8733f847ab0ed6
data/logs/2026-10-07-module1-closure/arch-complete/and-01.fwd.signature.output	原始测量证据	5840	3e302355377bb10a93011295aa9d556cf860c7c915ef7ed75c2964f9baa2c50f
data/logs/2026-10-07-module1-closure/arch-complete/and-01.nofwd.log	原始测量证据	2349	f743fedd2c28abf8b5c709544f932bc9615a18703f47d89bf48784c4ee1be132
data/logs/2026-10-07-module1-closure/arch-complete/and-01.nofwd.signature.output	原始测量证据	5840	3e302355377bb10a93011295aa9d556cf860c7c915ef7ed75c2964f9baa2c50f
data/logs/2026-10-07-module1-closure/arch-complete/and-01.signatures.sha256	原始测量证据	712	91b256449df08f44044ac3bb2fa85c31ffa5414317fd7ebabdc14036704c5f12
data/logs/2026-10-07-module1-closure/arch-complete/div-01.bht1.log	原始测量证据	2346	9ee8c44a2e10a0336e410dd7bdbce78c2be1906b65d2d06172e9c43cd17c2d88
data/logs/2026-10-07-module1-closure/arch-complete/div-01.bht1.signature.output	原始测量证据	5920	704fc32c6659eb4716d2ae3df1a6321f9052c25d16a68bc3518ecff0bf4a0ff4
data/logs/2026-10-07-module1-closure/arch-complete/div-01.bht2.log	原始测量证据	2346	a5d2398a336ca07e3e2a28d79c8cdadcc7ef63db7bfbbc991c53fac4d52a8cb8
data/logs/2026-10-07-module1-closure/arch-complete/div-01.bht2.signature.output	原始测量证据	5920	704fc32c6659eb4716d2ae3df1a6321f9052c25d16a68bc3518ecff0bf4a0ff4
data/logs/2026-10-07-module1-closure/arch-complete/div-01.fwd.log	原始测量证据	2607	9d0f9b2fa79010bda1da11aae5e9ceb8a5e190acc3558900f69d35b65463bbc4
data/logs/2026-10-07-module1-closure/arch-complete/div-01.fwd.signature.output	原始测量证据	5920	704fc32c6659eb4716d2ae3df1a6321f9052c25d16a68bc3518ecff0bf4a0ff4
data/logs/2026-10-07-module1-closure/arch-complete/div-01.nofwd.log	原始测量证据	2349	6f2fe95b20c9ad9aac3e6c797ea389f20990aced191e7a0e81836526af1ebcb5
data/logs/2026-10-07-module1-closure/arch-complete/div-01.nofwd.signature.output	原始测量证据	5920	704fc32c6659eb4716d2ae3df1a6321f9052c25d16a68bc3518ecff0bf4a0ff4
data/logs/2026-10-07-module1-closure/arch-complete/div-01.signatures.sha256	原始测量证据	712	13236332f5efeb93d80f168ede435a06924934ef069ddec2423419e77c4e81e3
data/logs/2026-10-07-module1-closure/arch-complete/divu-01.bht1.log	原始测量证据	2354	277f2aa484c21ecc3938674009f097e2208bf53ad54c06b08c549b761e4fb7c2
data/logs/2026-10-07-module1-closure/arch-complete/divu-01.bht1.signature.output	原始测量证据	7280	b843fbcecda9191e69be5eefe4ca94419a05b7eb241c9a642a49744d9f834449
data/logs/2026-10-07-module1-closure/arch-complete/divu-01.bht2.log	原始测量证据	2354	e6560422dcc60087744439add4e42dc18aeb123c85bddb8afbbd8458bde5e9a6
data/logs/2026-10-07-module1-closure/arch-complete/divu-01.bht2.signature.output	原始测量证据	7280	b843fbcecda9191e69be5eefe4ca94419a05b7eb241c9a642a49744d9f834449
data/logs/2026-10-07-module1-closure/arch-complete/divu-01.fwd.log	原始测量证据	2617	0310117f6dd3497221155641ad3b6e759e84550e9a80773239e8a2c6324c8f72
data/logs/2026-10-07-module1-closure/arch-complete/divu-01.fwd.signature.output	原始测量证据	7280	b843fbcecda9191e69be5eefe4ca94419a05b7eb241c9a642a49744d9f834449
data/logs/2026-10-07-module1-closure/arch-complete/divu-01.nofwd.log	原始测量证据	2357	ae5905ecd77d074ca9e47c6fbac0806265250517ccc925fbe421bc5bbe24a113
data/logs/2026-10-07-module1-closure/arch-complete/divu-01.nofwd.signature.output	原始测量证据	7280	b843fbcecda9191e69be5eefe4ca94419a05b7eb241c9a642a49744d9f834449
data/logs/2026-10-07-module1-closure/arch-complete/divu-01.signatures.sha256	原始测量证据	716	53fe1f4b335e866cbb665be212f8e2229eea4b58b978ad208af0dbf191ad2785
data/logs/2026-10-07-module1-closure/arch-complete/environment.txt	原始测量证据	278	53006cca2f5a971692a88170ab39cb2c38076f7fd14de5e94076dfab1992d98d
data/logs/2026-10-07-module1-closure/arch-complete/mul-01.bht1.log	原始测量证据	2346	4a1588766b0ed3bac589a49c7b8e4bfce638cc601ec638ff381222c0919a4546
data/logs/2026-10-07-module1-closure/arch-complete/mul-01.bht1.signature.output	原始测量证据	5880	cb55db6e1f3cf50b92adf074959eac0f36d675d3192d9a8b099392af6f03674b
data/logs/2026-10-07-module1-closure/arch-complete/mul-01.bht2.log	原始测量证据	2346	8649c5b620c37be4aedc13079f5071a098c722d9d2ba05fb05d75915319bc3f1
data/logs/2026-10-07-module1-closure/arch-complete/mul-01.bht2.signature.output	原始测量证据	5880	cb55db6e1f3cf50b92adf074959eac0f36d675d3192d9a8b099392af6f03674b
data/logs/2026-10-07-module1-closure/arch-complete/mul-01.fwd.log	原始测量证据	2343	bf5ac1f0340da80779191f7f5b137ef10343d578c8ac373429b51ec1adf1008f
data/logs/2026-10-07-module1-closure/arch-complete/mul-01.fwd.signature.output	原始测量证据	5880	cb55db6e1f3cf50b92adf074959eac0f36d675d3192d9a8b099392af6f03674b
data/logs/2026-10-07-module1-closure/arch-complete/mul-01.nofwd.log	原始测量证据	2349	1a4c2667155a20356ebe84e16cf645c92d2253cb848f7584d8565fcac3ede87c
data/logs/2026-10-07-module1-closure/arch-complete/mul-01.nofwd.signature.output	原始测量证据	5880	cb55db6e1f3cf50b92adf074959eac0f36d675d3192d9a8b099392af6f03674b
data/logs/2026-10-07-module1-closure/arch-complete/mul-01.signatures.sha256	原始测量证据	712	41b076b93a215dfb23f9e02d5ac3c85173e227254b09e31de5b188acc869b1a7
data/logs/2026-10-07-module1-closure/arch-complete/mulh-01.bht1.log	原始测量证据	2354	deba0cd4f3d7fdfa81dde218a1cb81bb4fd985ebaa7786d832bd8e9245880050
data/logs/2026-10-07-module1-closure/arch-complete/mulh-01.bht1.signature.output	原始测量证据	5880	06423bfe4b4510aee2fb44f6dcb3e6d6f9256910dbaf8797d05afa4771beea39
data/logs/2026-10-07-module1-closure/arch-complete/mulh-01.bht2.log	原始测量证据	2354	605b7bd36e4f6ae09c0fcd6dbd73f689d6d1ca17a1ec743bf5b8a245468bb8ed
data/logs/2026-10-07-module1-closure/arch-complete/mulh-01.bht2.signature.output	原始测量证据	5880	06423bfe4b4510aee2fb44f6dcb3e6d6f9256910dbaf8797d05afa4771beea39
data/logs/2026-10-07-module1-closure/arch-complete/mulh-01.fwd.log	原始测量证据	2617	6a8d63d61ef32cc99867054f862952630972b2a877075d69535e49c496a9b7f2
data/logs/2026-10-07-module1-closure/arch-complete/mulh-01.fwd.signature.output	原始测量证据	5880	06423bfe4b4510aee2fb44f6dcb3e6d6f9256910dbaf8797d05afa4771beea39
data/logs/2026-10-07-module1-closure/arch-complete/mulh-01.nofwd.log	原始测量证据	2357	8d62244ef0ef1b68015cb77f3e8c5e21467f9d71425d851e88ddf7d4d882772b
data/logs/2026-10-07-module1-closure/arch-complete/mulh-01.nofwd.signature.output	原始测量证据	5880	06423bfe4b4510aee2fb44f6dcb3e6d6f9256910dbaf8797d05afa4771beea39
data/logs/2026-10-07-module1-closure/arch-complete/mulh-01.signatures.sha256	原始测量证据	716	893d3bc59a7cd775ef18a403251006a28a6a4e63d4ad7318deec53f27fe27c65
data/logs/2026-10-07-module1-closure/arch-complete/mulhsu-01.bht1.log	原始测量证据	2370	8ad989e74e9aa3285fce09caffaca9578180a3a5f2b78111eaafa3c18dfac89d
data/logs/2026-10-07-module1-closure/arch-complete/mulhsu-01.bht1.signature.output	原始测量证据	6480	2ba7e236963ed2b7aef3ac85dd6192df6a36da56120ad9524e7164fbee6a7075
data/logs/2026-10-07-module1-closure/arch-complete/mulhsu-01.bht2.log	原始测量证据	2370	46cc6b679e50d60da46a72d7e0be88ee15b98698a191c95c78102c631cc5ec54
data/logs/2026-10-07-module1-closure/arch-complete/mulhsu-01.bht2.signature.output	原始测量证据	6480	2ba7e236963ed2b7aef3ac85dd6192df6a36da56120ad9524e7164fbee6a7075
data/logs/2026-10-07-module1-closure/arch-complete/mulhsu-01.fwd.log	原始测量证据	2637	993e4c129c15c1ac83e57326ce2f7a5af92184d98eed3450ef9c3d445c43aaf3
data/logs/2026-10-07-module1-closure/arch-complete/mulhsu-01.fwd.signature.output	原始测量证据	6480	2ba7e236963ed2b7aef3ac85dd6192df6a36da56120ad9524e7164fbee6a7075
data/logs/2026-10-07-module1-closure/arch-complete/mulhsu-01.nofwd.log	原始测量证据	2373	c1d261436ef28615838539f9c4a4036428a80ab99a22ab5f5767cba022ffc871
data/logs/2026-10-07-module1-closure/arch-complete/mulhsu-01.nofwd.signature.output	原始测量证据	6480	2ba7e236963ed2b7aef3ac85dd6192df6a36da56120ad9524e7164fbee6a7075
data/logs/2026-10-07-module1-closure/arch-complete/mulhsu-01.signatures.sha256	原始测量证据	724	b93e79bcfadc51f7fd76bbe3f4f5015e40667bef4dd5acbcab519a47d8293763
data/logs/2026-10-07-module1-closure/arch-complete/mulhu-01.bht1.log	原始测量证据	2362	18e4ad223b873a6cccbf77567ce8140d0c0e3e9e057733dd682fd73188c93c72
data/logs/2026-10-07-module1-closure/arch-complete/mulhu-01.bht1.signature.output	原始测量证据	7240	a65b9276be41c122130376a0c2e6d0f6ccf0367df3308dee596017e449f6138b
data/logs/2026-10-07-module1-closure/arch-complete/mulhu-01.bht2.log	原始测量证据	2362	e006184667f9d7815e8005539a6dd3059263b4c78075ea5099341a309736603c
data/logs/2026-10-07-module1-closure/arch-complete/mulhu-01.bht2.signature.output	原始测量证据	7240	a65b9276be41c122130376a0c2e6d0f6ccf0367df3308dee596017e449f6138b
data/logs/2026-10-07-module1-closure/arch-complete/mulhu-01.fwd.log	原始测量证据	2627	687cb789da80f2208818b4e679902c72453fb53035547c67ab8acae275d7f4c6
data/logs/2026-10-07-module1-closure/arch-complete/mulhu-01.fwd.signature.output	原始测量证据	7240	a65b9276be41c122130376a0c2e6d0f6ccf0367df3308dee596017e449f6138b
data/logs/2026-10-07-module1-closure/arch-complete/mulhu-01.nofwd.log	原始测量证据	2365	c7ecc32fb76201add1ff4c4fe4aff646e663aa5718870a7945a1945c8791a4ab
data/logs/2026-10-07-module1-closure/arch-complete/mulhu-01.nofwd.signature.output	原始测量证据	7240	a65b9276be41c122130376a0c2e6d0f6ccf0367df3308dee596017e449f6138b
data/logs/2026-10-07-module1-closure/arch-complete/mulhu-01.signatures.sha256	原始测量证据	720	2ad01e1fe50bb68beadd5250c997fca4da35f4e39cc60af60061e81026bb7d52
data/logs/2026-10-07-module1-closure/arch-complete/rem-01.bht1.log	原始测量证据	2346	b8fc5b7a674a3910494174db11c5d724eef47a817d0e7887d797dfde78ec6911
data/logs/2026-10-07-module1-closure/arch-complete/rem-01.bht1.signature.output	原始测量证据	5880	4dc7484551671a3c518b34ab12b296bfb74e47ff9890617099e570c8abd9ea6b
data/logs/2026-10-07-module1-closure/arch-complete/rem-01.bht2.log	原始测量证据	2346	af370503661128f6c92d15237396b580e6b226d6ebb074edde968830f4e086c2
data/logs/2026-10-07-module1-closure/arch-complete/rem-01.bht2.signature.output	原始测量证据	5880	4dc7484551671a3c518b34ab12b296bfb74e47ff9890617099e570c8abd9ea6b
data/logs/2026-10-07-module1-closure/arch-complete/rem-01.fwd.log	原始测量证据	2607	fdc7a49ae3fe90b5fa214ad97058014b1cf846da1ec70cfd34237eca7e6d50eb
data/logs/2026-10-07-module1-closure/arch-complete/rem-01.fwd.signature.output	原始测量证据	5880	4dc7484551671a3c518b34ab12b296bfb74e47ff9890617099e570c8abd9ea6b
data/logs/2026-10-07-module1-closure/arch-complete/rem-01.nofwd.log	原始测量证据	2349	5aa2f49768c32ec8ceb31114a770ad3b30c09a189abdee9157da625527d461bd
data/logs/2026-10-07-module1-closure/arch-complete/rem-01.nofwd.signature.output	原始测量证据	5880	4dc7484551671a3c518b34ab12b296bfb74e47ff9890617099e570c8abd9ea6b
data/logs/2026-10-07-module1-closure/arch-complete/rem-01.signatures.sha256	原始测量证据	712	0e4001ed8ba53dd05c4b47d0315243f6465d224119223e255650982e4eedca24
data/logs/2026-10-07-module1-closure/arch-complete/remu-01.bht1.log	原始测量证据	2354	782ab9ffe873c26f8e3a5e2747813fa66b5c8d111ec88bdc6ada328b8bd1dcd3
data/logs/2026-10-07-module1-closure/arch-complete/remu-01.bht1.signature.output	原始测量证据	7240	3f9d9d86ca24a398580bfa55ea4f497228b0257a9b3921e1b36da29ac2cfa531
data/logs/2026-10-07-module1-closure/arch-complete/remu-01.bht2.log	原始测量证据	2354	e4e70478750633b451798e65dba78f8f4ebb7370c54a756abb01fed4fed98007
data/logs/2026-10-07-module1-closure/arch-complete/remu-01.bht2.signature.output	原始测量证据	7240	3f9d9d86ca24a398580bfa55ea4f497228b0257a9b3921e1b36da29ac2cfa531
data/logs/2026-10-07-module1-closure/arch-complete/remu-01.fwd.log	原始测量证据	2617	a29147fc3c01c8a6d2b28b4106fe2c25c1013ba43c7ae1f2315af3caddfb9aa0
data/logs/2026-10-07-module1-closure/arch-complete/remu-01.fwd.signature.output	原始测量证据	7240	3f9d9d86ca24a398580bfa55ea4f497228b0257a9b3921e1b36da29ac2cfa531
data/logs/2026-10-07-module1-closure/arch-complete/remu-01.nofwd.log	原始测量证据	2357	7f9bdd3cd414022ed7b4e3be223540545cbfc12cdebe57b042f4262f5901041c
data/logs/2026-10-07-module1-closure/arch-complete/remu-01.nofwd.signature.output	原始测量证据	7240	3f9d9d86ca24a398580bfa55ea4f497228b0257a9b3921e1b36da29ac2cfa531
data/logs/2026-10-07-module1-closure/arch-complete/remu-01.signatures.sha256	原始测量证据	716	d6aba4aa729168188bf36d7f548495f80732d6d5a9d735659e90b4dfcdb08bf9
data/logs/2026-10-07-module1-closure/arch-complete/sources.sha256	原始测量证据	2389	1b2cbf1319d0646f7185e0f8bba0800a41a445870466ffc76ac8b3d3a1b662f2
data/logs/2026-10-07-module1-closure/arch-final.exit.txt	原始测量证据	2	9a271f2a916b0b6ee6cecb2426f0b3206ef074578be55d9bc94f6f3fe3ab86aa
data/logs/2026-10-07-module1-closure/arch-final.log	原始测量证据	50584	1b4167d28e5d85653e7c821af930264cf3e43f3107ed7e7ddc93f0bd409a7966
data/logs/2026-10-07-module1-closure/arch-final/add-01.bht1.log	原始测量证据	2346	61e41086c3ba62e243e4444586f577115260464a9f681a55f6eee90ac40fa782
data/logs/2026-10-07-module1-closure/arch-final/add-01.bht1.signature.output	原始测量证据	5880	2cf021b9706db9101ef2dcfa1d674d7ea62922e21bf5d9ffde3552cb4cde7fef
data/logs/2026-10-07-module1-closure/arch-final/add-01.bht2.log	原始测量证据	2346	f1e9fadbc9262eb092bd83ab4ac709e0e547e53ebbc4fdf0127824b81bf1aa8b
data/logs/2026-10-07-module1-closure/arch-final/add-01.bht2.signature.output	原始测量证据	5880	2cf021b9706db9101ef2dcfa1d674d7ea62922e21bf5d9ffde3552cb4cde7fef
data/logs/2026-10-07-module1-closure/arch-final/add-01.fwd.log	原始测量证据	2343	86855f9593219715e7090993cb401d0916d289cef632dc88c4a8dd5482bcb2af
data/logs/2026-10-07-module1-closure/arch-final/add-01.fwd.signature.output	原始测量证据	5880	2cf021b9706db9101ef2dcfa1d674d7ea62922e21bf5d9ffde3552cb4cde7fef
data/logs/2026-10-07-module1-closure/arch-final/add-01.nofwd.log	原始测量证据	2349	9fafdf326ead363f1c62fe0bab9760511801c247f3692b017de5c5a62d165765
data/logs/2026-10-07-module1-closure/arch-final/add-01.nofwd.signature.output	原始测量证据	5880	2cf021b9706db9101ef2dcfa1d674d7ea62922e21bf5d9ffde3552cb4cde7fef
data/logs/2026-10-07-module1-closure/arch-final/add-01.signatures.sha256	原始测量证据	700	2e93c5eda9ded5c4ccb06eb11db555bffd2b2173fa65298bd541a4cb5d33c969
data/logs/2026-10-07-module1-closure/arch-final/addi-01.bht1.log	原始测量证据	2354	ec7d6f72cc4ba8c5614e00829dc83a3c5c39a0d962aaea0f713fc1965c3a11e3
data/logs/2026-10-07-module1-closure/arch-final/addi-01.bht1.signature.output	原始测量证据	5640	3b35d271beda81a773b08101b892afdf02460e8b0afd06218af32466c26dc745
data/logs/2026-10-07-module1-closure/arch-final/addi-01.bht2.log	原始测量证据	2354	04afebb9911be9c9b986fda7242a0d91e834ca149c8bc2491f7a34ee9a35d3cb
data/logs/2026-10-07-module1-closure/arch-final/addi-01.bht2.signature.output	原始测量证据	5640	3b35d271beda81a773b08101b892afdf02460e8b0afd06218af32466c26dc745
data/logs/2026-10-07-module1-closure/arch-final/addi-01.fwd.log	原始测量证据	2351	25861418ce2204be3c5f1bfca7301f1f4cf0d2d72d65920e91031b2e05e65b8f
data/logs/2026-10-07-module1-closure/arch-final/addi-01.fwd.signature.output	原始测量证据	5640	3b35d271beda81a773b08101b892afdf02460e8b0afd06218af32466c26dc745
data/logs/2026-10-07-module1-closure/arch-final/addi-01.nofwd.log	原始测量证据	2357	321561a4290766e1dd10e279c49d2e9328801cdc3ce79282232cd52536f68cba
data/logs/2026-10-07-module1-closure/arch-final/addi-01.nofwd.signature.output	原始测量证据	5640	3b35d271beda81a773b08101b892afdf02460e8b0afd06218af32466c26dc745
data/logs/2026-10-07-module1-closure/arch-final/addi-01.signatures.sha256	原始测量证据	704	caaf42430a9c213a8f5729f7a4b84a78939eacc68327099efa44667df167cc27
data/logs/2026-10-07-module1-closure/arch-final/and-01.bht1.log	原始测量证据	2346	92cec3a1b2f70e07db642ba082d3a1e4c7e372fbf4515ee86688877ab72e8ead
data/logs/2026-10-07-module1-closure/arch-final/and-01.bht1.signature.output	原始测量证据	5840	3e302355377bb10a93011295aa9d556cf860c7c915ef7ed75c2964f9baa2c50f
data/logs/2026-10-07-module1-closure/arch-final/and-01.bht2.log	原始测量证据	2346	d0a3aef78463cf1b544e8a8e0991c839c59d351c1babe4fccca7cc9c2423efa1
data/logs/2026-10-07-module1-closure/arch-final/and-01.bht2.signature.output	原始测量证据	5840	3e302355377bb10a93011295aa9d556cf860c7c915ef7ed75c2964f9baa2c50f
data/logs/2026-10-07-module1-closure/arch-final/and-01.fwd.log	原始测量证据	2343	f0137bc3629d2c5f312c4005a0f06bd37473f33b2ff039c08d8733f847ab0ed6
data/logs/2026-10-07-module1-closure/arch-final/and-01.fwd.signature.output	原始测量证据	5840	3e302355377bb10a93011295aa9d556cf860c7c915ef7ed75c2964f9baa2c50f
data/logs/2026-10-07-module1-closure/arch-final/and-01.nofwd.log	原始测量证据	2349	f743fedd2c28abf8b5c709544f932bc9615a18703f47d89bf48784c4ee1be132
data/logs/2026-10-07-module1-closure/arch-final/and-01.nofwd.signature.output	原始测量证据	5840	3e302355377bb10a93011295aa9d556cf860c7c915ef7ed75c2964f9baa2c50f
data/logs/2026-10-07-module1-closure/arch-final/and-01.signatures.sha256	原始测量证据	700	5ea8a66a63f9d657c1118380c92bb0ec37979fb4f98e271e2fe5ba5d3bb7439b
data/logs/2026-10-07-module1-closure/arch-final/andi-01.bht1.log	原始测量证据	2354	7bbef629dc62588e395d707c95b0ab3dcca27df58263bc600b3cb7fb1aab9169
data/logs/2026-10-07-module1-closure/arch-final/andi-01.bht1.signature.output	原始测量证据	5640	eab418d1d2247a185cd8bc08ba7762b8e012fb5f52225734695c3bcc9d4cd178
data/logs/2026-10-07-module1-closure/arch-final/andi-01.bht2.log	原始测量证据	2354	288c8d90a3ca421720fd575e6a624aaf4a02ac66b8da17a0b31f4f4c3c2e87a0
data/logs/2026-10-07-module1-closure/arch-final/andi-01.bht2.signature.output	原始测量证据	5640	eab418d1d2247a185cd8bc08ba7762b8e012fb5f52225734695c3bcc9d4cd178
data/logs/2026-10-07-module1-closure/arch-final/andi-01.fwd.log	原始测量证据	2617	1c2391e2689067404fea652952e470b9e2f531c5bc23a668add7568fb6cc251a
data/logs/2026-10-07-module1-closure/arch-final/andi-01.fwd.signature.output	原始测量证据	5640	eab418d1d2247a185cd8bc08ba7762b8e012fb5f52225734695c3bcc9d4cd178
data/logs/2026-10-07-module1-closure/arch-final/andi-01.nofwd.log	原始测量证据	2357	771c723c0dfdbf3d9c453ca6c27c2852d0efe77d0e9e0463f70410e15104d516
data/logs/2026-10-07-module1-closure/arch-final/andi-01.nofwd.signature.output	原始测量证据	5640	eab418d1d2247a185cd8bc08ba7762b8e012fb5f52225734695c3bcc9d4cd178
data/logs/2026-10-07-module1-closure/arch-final/andi-01.signatures.sha256	原始测量证据	704	60a0c6e09f4890fb8020e1c2edcb43f78d682f5fdb0a2754fd7528c991d9af1c
data/logs/2026-10-07-module1-closure/arch-final/auipc-01.bht1.log	原始测量证据	2357	bdee5528814b6e0b06027eac6cb728d4ec844657116d9cce856095d6a990b3e1
data/logs/2026-10-07-module1-closure/arch-final/auipc-01.bht1.signature.output	原始测量证据	640	b0a3f73f39b6f1e338991c186089132a36529ca80c259e192b6a7180973d88e6
data/logs/2026-10-07-module1-closure/arch-final/auipc-01.bht2.log	原始测量证据	2357	11ee69b6a089b0c0e2a8eb114b1e0c560e0abe0c1551cb3c225309d9ac78bfcb
data/logs/2026-10-07-module1-closure/arch-final/auipc-01.bht2.signature.output	原始测量证据	640	b0a3f73f39b6f1e338991c186089132a36529ca80c259e192b6a7180973d88e6
data/logs/2026-10-07-module1-closure/arch-final/auipc-01.fwd.log	原始测量证据	2622	3301f3780789b79ffccf43cbc9bbad8e82efedbaf34c9c540374126d14b4b633
data/logs/2026-10-07-module1-closure/arch-final/auipc-01.fwd.signature.output	原始测量证据	640	b0a3f73f39b6f1e338991c186089132a36529ca80c259e192b6a7180973d88e6
data/logs/2026-10-07-module1-closure/arch-final/auipc-01.nofwd.log	原始测量证据	2360	1739eb7c04a1a47ac1fb94c7a4366878c3271a1937bebdcb674734cba214e178
data/logs/2026-10-07-module1-closure/arch-final/auipc-01.nofwd.signature.output	原始测量证据	640	b0a3f73f39b6f1e338991c186089132a36529ca80c259e192b6a7180973d88e6
data/logs/2026-10-07-module1-closure/arch-final/auipc-01.signatures.sha256	原始测量证据	708	119dc20984d13cb1fc67b1c4b725e477c0822752d79c836f20bfc573eb970be5
data/logs/2026-10-07-module1-closure/arch-final/beq-01.fwd.log	原始测量证据	2350	c4e7a6204891b3f7223cfa9ef87af39a77983d64bee4083219d5604b15b1c17a
data/logs/2026-10-07-module1-closure/arch-final/environment.txt	原始测量证据	278	4163d9973f063249aa37600adefd46989a8f3815d0041313a473cf479b0c2ed0
data/logs/2026-10-07-module1-closure/arch-matrix.log	原始测量证据	9525	17abdf3386bd137bb2d2ca1aec9f404fcbbae75032eb154a45aef17347a15130
data/logs/2026-10-07-module1-closure/arch-preserve-gate.log	原始测量证据	56	380f1b6f2df1681062dcd75153717a33b767167cafd315ff7aa392c9ed758fc2
data/logs/2026-10-07-module1-closure/arch/add-01.bht1.log	原始测量证据	2346	61e41086c3ba62e243e4444586f577115260464a9f681a55f6eee90ac40fa782
data/logs/2026-10-07-module1-closure/arch/add-01.bht1.signature.output	原始测量证据	5880	2cf021b9706db9101ef2dcfa1d674d7ea62922e21bf5d9ffde3552cb4cde7fef
data/logs/2026-10-07-module1-closure/arch/add-01.bht2.log	原始测量证据	2346	f1e9fadbc9262eb092bd83ab4ac709e0e547e53ebbc4fdf0127824b81bf1aa8b
data/logs/2026-10-07-module1-closure/arch/add-01.bht2.signature.output	原始测量证据	5880	2cf021b9706db9101ef2dcfa1d674d7ea62922e21bf5d9ffde3552cb4cde7fef
data/logs/2026-10-07-module1-closure/arch/add-01.fwd.log	原始测量证据	2343	86855f9593219715e7090993cb401d0916d289cef632dc88c4a8dd5482bcb2af
data/logs/2026-10-07-module1-closure/arch/add-01.fwd.signature.output	原始测量证据	5880	2cf021b9706db9101ef2dcfa1d674d7ea62922e21bf5d9ffde3552cb4cde7fef
data/logs/2026-10-07-module1-closure/arch/add-01.nofwd.log	原始测量证据	2349	9fafdf326ead363f1c62fe0bab9760511801c247f3692b017de5c5a62d165765
data/logs/2026-10-07-module1-closure/arch/add-01.nofwd.signature.output	原始测量证据	5880	2cf021b9706db9101ef2dcfa1d674d7ea62922e21bf5d9ffde3552cb4cde7fef
data/logs/2026-10-07-module1-closure/arch/environment.txt	原始测量证据	278	78a7aca062c58aec54dc3c184d97f20121fe125c7afa87e16078c6814b903cc2
data/logs/2026-10-07-module1-closure/checkpoints.sha256.json	原始测量证据	991	bdd25f4962dd4964ae9b63785c7d1b846a9c3bf5ed81cc798d0e5804967bc6c1
data/logs/2026-10-07-module1-closure/diff-check.exit.txt	原始测量证据	23	2e84be295223d94b6207f552cd4c69b597956e7510d7a133e43684840cd6df36
data/logs/2026-10-07-module1-closure/diff-check.log	原始测量证据	0	e3b0c44298fc1c149afbf4c8996fb92427ae41e4649b934ca495991b7852b855
data/logs/2026-10-07-module1-closure/exam-followup-create.json	原始测量证据	909	9d7cf7e06bd8199cfa9664c7e33387b586581bea3be4f04b7af72d42fb945c03
data/logs/2026-10-07-module1-closure/exam-followup-created.json	原始测量证据	3796	e75bbc4c19b23dee81e230c0d1b7111a82540bc7b10ee1e5458a60e6789231a6
data/logs/2026-10-07-module1-closure/final-scripts.sha256.json	原始测量证据	1062	1591cbf536cd1586a6b888709de1076dac3da2bd637418d9a5a451d1260bb983
data/logs/2026-10-07-module1-closure/issue20-before-close.json	原始测量证据	8106	4761ec8291c4503d2069686572f00983198bee13f3a9c246b540de47b96b1880
data/logs/2026-10-07-module1-closure/issue20-close.json	原始测量证据	4038	28221a3ac394f4631195e84b8851ffbf110009a1c38ab1d0f6bd5aff37457d49
data/logs/2026-10-07-module1-closure/issue20-closed.json	原始测量证据	9949	a2fa8effe61205843ed621abc6c5dbc25e81f951bd0733e590dfc18a4391d76a
data/logs/2026-10-07-module1-closure/issue21-before-close.json	原始测量证据	9122	949b3a13315505049feef0730e9246b295cb11379627428cd642953918a214ef
data/logs/2026-10-07-module1-closure/issue21-close.json	原始测量证据	4854	d45268215faa4b73c1a4ae0f86089b1467befd20c941bf42995dfd335cc9d0a1
data/logs/2026-10-07-module1-closure/issue21-closed.json	原始测量证据	10976	1fd9ab4d4cbdda8d743fd0f5eddbbc4f83d92c76981e2f9a55bc541b64c26c27
data/logs/2026-10-07-module1-closure/issue21-final-update.json	原始测量证据	4806	ac8c64005470a86a230d6fc5825f347a5de66f2d422f773d94823d5afa4b6819
data/logs/2026-10-07-module1-closure/issue21-final.json	原始测量证据	10996	a7940f8971676175cadd9e9c57eb84e8186df8d3e7d27dfb58f90a7a3c9d7819
data/logs/2026-10-07-module1-closure/m1-closed.json	原始测量证据	1681	48c591fe75002cef15001f0da9488ae37bfa0f786b6820fbcd29b4848742e252
data/logs/2026-10-07-module1-closure/mul-capacity.log	原始测量证据	2607	4e3031831b9475d015aade1f8f436b91fd6b8cece6f83cd3c92ee08c1a8c4256
data/logs/2026-10-07-module1-closure/ooc-audit.log	原始测量证据	366	64bd4a6414a8632e51a0808527ed3522daaf54c22c5be8a6d50d65550a0a431d
data/logs/2026-10-07-module1-closure/ooc-complete.log	原始测量证据	29242	8810741bb30aa102de0b460919bef6a4b5055335742cc1b571bbd8a20387c60e
data/logs/2026-10-07-module1-closure/ooc-complete/v1_bht1_10ns_postopt/check_timing.rpt	原始测量证据	1891	c712c480849669d7a9e554c13ab014ac8d638af13af6102105523e77e0ab5ada
data/logs/2026-10-07-module1-closure/ooc-complete/v1_bht1_10ns_postopt/clocks.rpt	原始测量证据	6908	6e5b1e817fa77265caafc52317d69e33b3ae9e495de30abcbc9a018b619e71d7
data/logs/2026-10-07-module1-closure/ooc-complete/v1_bht1_10ns_postopt/drc.rpt	原始测量证据	2267	025eec9c83b3f903e7ddb7ac5e45b5b7a4de39afeb4f4c7d33e454c4cc968fd6
data/logs/2026-10-07-module1-closure/ooc-complete/v1_bht1_10ns_postopt/timing.rpt	原始测量证据	22782	9123e34f7a1848f31a460e75d34a2b044ba929835a8c7ed1e16df302f9170ef1
data/logs/2026-10-07-module1-closure/ooc-complete/v1_bht1_11p52_fixedroute_postopt/clocks.rpt	原始测量证据	6944	e109a28b1de6bdfeac504b432689b908e5829f2c9f2c1f6ab659a88a7d3423a1
data/logs/2026-10-07-module1-closure/ooc-complete/v1_bht1_11p52_fixedroute_postopt/drc.rpt	原始测量证据	2303	5652650bbe7209b879e60edc40ab4552240dfbf784ae7fdfdfd122a5f71bf11a
data/logs/2026-10-07-module1-closure/ooc-complete/v1_bht1_11p52_fixedroute_postopt/timing.rpt	原始测量证据	22832	cacb63dfc71af95aada5851b46569f86be1905e2b2cbdf5af8115199ed7e1d5d
data/logs/2026-10-07-module1-closure/ooc-complete/v1_bht2_10ns_postopt/check_timing.rpt	原始测量证据	1891	1d407c51899c90acb6f3d448c68d02531a7d7be89db0a305756332873972d130
data/logs/2026-10-07-module1-closure/ooc-complete/v1_bht2_10ns_postopt/clocks.rpt	原始测量证据	6908	032860a87536c3aa4beef732ab9c525b3d9be6132522b17af665d34219f64d60
data/logs/2026-10-07-module1-closure/ooc-complete/v1_bht2_10ns_postopt/drc.rpt	原始测量证据	2267	7ec1325562d62dd2dce83fb220e75f303cee7237d285c9d4608d310781218c2c
data/logs/2026-10-07-module1-closure/ooc-complete/v1_bht2_10ns_postopt/timing.rpt	原始测量证据	22685	8074db00fb72b8bb1a374c6008441e881c3d9bb1d2a52b8c592475ff52444436
data/logs/2026-10-07-module1-closure/ooc-complete/v1_bht2_11p52_postopt/check_timing.rpt	原始测量证据	1891	74af6489b02d3f2490b66c7e10db970f6a0f247ae0ec5abcd29cf23f1d5a97d8
data/logs/2026-10-07-module1-closure/ooc-complete/v1_bht2_11p52_postopt/clocks.rpt	原始测量证据	6911	eb4498f3204276edc94284557b87b47242cd3d8a403780ed9d4fd0245feed922
data/logs/2026-10-07-module1-closure/ooc-complete/v1_bht2_11p52_postopt/drc.rpt	原始测量证据	2270	1b0d22962a1e8c2faa1273dcbc494d55e713ada8fb600213b8a89dc5682efa6b
data/logs/2026-10-07-module1-closure/ooc-complete/v1_bht2_11p52_postopt/timing.rpt	原始测量证据	21826	16b6340af6bc8dd30691acfdc548a81503deab2691776ba0e4fcf4ed14b33208
data/logs/2026-10-07-module1-closure/ooc-complete/v1_fwd_10ns_postopt/check_timing.rpt	原始测量证据	1891	ef7a5b94691e72c319eabedc69466145449db3763b3e1414b278960fc9e62a73
data/logs/2026-10-07-module1-closure/ooc-complete/v1_fwd_10ns_postopt/clocks.rpt	原始测量证据	6905	acb57c77018f8b8fffc649cca537e5a8b37d2042506e44190e6d9bed53fb03a9
data/logs/2026-10-07-module1-closure/ooc-complete/v1_fwd_10ns_postopt/drc.rpt	原始测量证据	2277	02582d92d23765ef158ea197dffb512b2d219e1838fe71a718a522754f0c8d03
data/logs/2026-10-07-module1-closure/ooc-complete/v1_fwd_10ns_postopt/timing.rpt	原始测量证据	21472	d6beed37600f785164c953058f56826e2b5119963fefdd033a5a77be362179ed
data/logs/2026-10-07-module1-closure/ooc-complete/v1_fwd_11p52_fixedroute_postopt/clocks.rpt	原始测量证据	6941	505e6a44926b130ac7e0dbafc91a160210125919944b8076febb6b657c728ef6
data/logs/2026-10-07-module1-closure/ooc-complete/v1_fwd_11p52_fixedroute_postopt/drc.rpt	原始测量证据	2313	89ed46b584ca823e9741a689e907bca4826dc136f4f7b8aba87b0d59b46a0c00
data/logs/2026-10-07-module1-closure/ooc-complete/v1_fwd_11p52_fixedroute_postopt/timing.rpt	原始测量证据	21522	0bce32c2b06ad4bdd5f2d77c898b50614c2022cb60c7ca41f360687c46deef8a
data/logs/2026-10-07-module1-closure/ooc-complete/v1_nofwd_10ns_postopt/check_timing.rpt	原始测量证据	1891	49b1830733c3d598888822c8543c9cff5bf6fa9ad7ab9b877dee479e6acfc907
data/logs/2026-10-07-module1-closure/ooc-complete/v1_nofwd_10ns_postopt/clocks.rpt	原始测量证据	6911	f391beefc7674eb0c3b4b08a5c0a64accd5f9c16d01afce25907e5a47a3d0e1b
data/logs/2026-10-07-module1-closure/ooc-complete/v1_nofwd_10ns_postopt/drc.rpt	原始测量证据	2283	0131ccc8cac0886df244f6b30e78e4a69d76c7ec2ff53d1694c0fe29e1755170
data/logs/2026-10-07-module1-closure/ooc-complete/v1_nofwd_10ns_postopt/timing.rpt	原始测量证据	22053	93fbc4d34913c9682718f8bb128eb5e8dc1be1be186c631184c44e7a24f5526d
data/logs/2026-10-07-module1-closure/ooc-complete/vivado_version.txt	原始测量证据	340	cb32704df8af5acccfd148f9ee657fd97adc894273fcb620f5b3d72a24ed04c9
data/logs/2026-10-07-module1-closure/ooc-final.log	原始测量证据	20646	a668da6e2e3b902156eae5e8308cbb4c7a8b0dadf060c398bafebfcb61f0b462
data/logs/2026-10-07-module1-closure/ooc-final/v1_bht1_10ns_postopt/check_timing.rpt	原始测量证据	1891	f52a0db973e607f4ec2a01c939d803346cbd14b961da710d452534a70ceb784d
data/logs/2026-10-07-module1-closure/ooc-final/v1_bht1_10ns_postopt/clocks.rpt	原始测量证据	6899	d4831c8f73e7c72eefa37a65c6b402e98a11efdb3f55d8fc26d9ef35471b8453
data/logs/2026-10-07-module1-closure/ooc-final/v1_bht1_10ns_postopt/drc.rpt	原始测量证据	2258	9b4c72b7005a2290667f9f04c8b56cd78ae20913e1d6103caf120cfdf1e7c9b9
data/logs/2026-10-07-module1-closure/ooc-final/v1_bht1_10ns_postopt/timing.rpt	原始测量证据	22773	75d2fca5960ae560362abb6fdbc2b20ccbfa42dc748fb758fff1165aa3f88be2
data/logs/2026-10-07-module1-closure/ooc-final/v1_bht2_10ns_postopt/check_timing.rpt	原始测量证据	1891	6e03259a239212119e0b1084f9599fb9804c1b78d6b71f35fc91cf6c112f2a68
data/logs/2026-10-07-module1-closure/ooc-final/v1_bht2_10ns_postopt/clocks.rpt	原始测量证据	6899	94c143b2e0ef7e831265b9d65ff5defd373bad7aaa651dd924eaee963c6692e6
data/logs/2026-10-07-module1-closure/ooc-final/v1_bht2_10ns_postopt/drc.rpt	原始测量证据	2258	f8c9de5ce1af0fa90e3f98b0671ef6681e829a7ada7094cf591d7814fd6d83cf
data/logs/2026-10-07-module1-closure/ooc-final/v1_bht2_10ns_postopt/timing.rpt	原始测量证据	22676	b0758ba7022a505e18c65d13a97f8734f9f0f0d955c0a1935ef01eb81859eaee
data/logs/2026-10-07-module1-closure/ooc-final/v1_bht2_11p52_postopt/check_timing.rpt	原始测量证据	1891	f607a7d7c21d4d220732ac69abe59bcdd619770abcfc46f6ab4dc20cd7684024
data/logs/2026-10-07-module1-closure/ooc-final/v1_bht2_11p52_postopt/clocks.rpt	原始测量证据	6902	4f5243b3e0cac0d041deb2bb731cc5db91f578565737cdb9188224525ebf56af
data/logs/2026-10-07-module1-closure/ooc-final/v1_bht2_11p52_postopt/drc.rpt	原始测量证据	2261	2dbe8146ac079601c7f8ed2d45b636ae1a1510e496ea2a3af9bbd30aacd045d3
data/logs/2026-10-07-module1-closure/ooc-final/v1_bht2_11p52_postopt/timing.rpt	原始测量证据	21817	29096c74c64f4117d3aa34bcdf4ec5039df939dca2c3150b18cbca312f3c083c
data/logs/2026-10-07-module1-closure/ooc-final/v1_fwd_10ns_postopt/check_timing.rpt	原始测量证据	1891	31309781395c6ac4100330ad6fc286fb9015278e74a768c48d93f7bfdc8a3271
data/logs/2026-10-07-module1-closure/ooc-final/v1_fwd_10ns_postopt/clocks.rpt	原始测量证据	6896	90dda344daa205ecbc217b588ab8931fb8a2f4b26fcb3b749af85fc6e63ae828
data/logs/2026-10-07-module1-closure/ooc-final/v1_fwd_10ns_postopt/drc.rpt	原始测量证据	2268	89e28710fe6a7d3cfbe1327166702191a487414b23452c9fdce179dcf4b4a772
data/logs/2026-10-07-module1-closure/ooc-final/v1_fwd_10ns_postopt/timing.rpt	原始测量证据	21463	4e890c4574fc6f9113faef2937072f9958f28babaa166ec694c9ae0e657614bd
data/logs/2026-10-07-module1-closure/ooc-final/v1_nofwd_10ns_postopt/check_timing.rpt	原始测量证据	1891	61047c2e5ae2ab078b00764b2f8c3bd12ed1ec154e033f827a965f2c9e110e65
data/logs/2026-10-07-module1-closure/ooc-final/v1_nofwd_10ns_postopt/clocks.rpt	原始测量证据	6902	fb5ad8591e2c44d748e793bea3c9792311c179163be9bd76b79725215ed825c9
data/logs/2026-10-07-module1-closure/ooc-final/v1_nofwd_10ns_postopt/drc.rpt	原始测量证据	2274	7eba1ef69b914b5bcfc5730dd37d0279c38e2862cf4a7c0ce4c3e4a674358ab6
data/logs/2026-10-07-module1-closure/ooc-final/v1_nofwd_10ns_postopt/timing.rpt	原始测量证据	22044	860ed8c27aba507795e4d6734956efe37c079c464671cba87d10323ea205f626
data/logs/2026-10-07-module1-closure/ooc-final/vivado_version.txt	原始测量证据	340	cb32704df8af5acccfd148f9ee657fd97adc894273fcb620f5b3d72a24ed04c9
data/logs/2026-10-07-module1-closure/pr-diff-check-before-attributes.log	原始测量证据	132955	1d6e72ad4d1d7d68dbe74b6337b1afb8d3488ed54323a78c459413cb9207560d
data/logs/2026-10-07-module1-closure/pr-diff-check-final.exit.txt	原始测量证据	22	0723d403928fc6d66e9c71fba30cca35b8d64d29e1f491f4d03d4539c9473a3d
data/logs/2026-10-07-module1-closure/pr-diff-check-final.log	原始测量证据	0	e3b0c44298fc1c149afbf4c8996fb92427ae41e4649b934ca495991b7852b855
data/logs/2026-10-07-module1-closure/pr-ready-create.json	原始测量证据	3583	4bfa027d1f0779f8e8e86eda7f8dc6a5f22bddc22ead30c365db238883972335
data/logs/2026-10-07-module1-closure/pr-ready-created.json	原始测量证据	21424	87097058faf27378aff7198d27d71a4d41d30e2b82b30a887c449f717fa2c6c9
data/logs/2026-10-07-module1-closure/pr59-before-merge.json	原始测量证据	21180	55daf7ebb81d889e9c681dfd627cbd30ed4447ec954c4a713760fd02076bf526
data/logs/2026-10-07-module1-closure/pr60-merge.json	原始测量证据	109	e965d5df6d1044c3d0dc066ce0ba6a76b21541c220d0d934fea6f7e733b10294
data/logs/2026-10-07-module1-closure/source-manifest.json	原始测量证据	8119	4036de85bf3f9b6694a23c970fde8bef08ea20debfb123a09ddcf854bf7da1dc
data/logs/2026-10-07-module1-closure/source-stability.log	原始测量证据	58	753ef065687383375d9ec622668ed9972cc93ab28b771e1eb77151ee226faad3
data/logs/2026-10-07-module1-closure/summary.json	原始测量证据	4346	7889149a8c21f4d77f00a8d4655c6dc4e073441b60a1a509e24595550c37a645
data/logs/2026-10-07-module1-closure/summary.log	原始测量证据	106	5cf7588a32c105cae505246932261efddaa8278b576078ec3b27b07de942c7f2
data/logs/2026-10-07-module1-closure/verilog2001-final.log	原始测量证据	22	028ef2b72ae10231b175e8425928c68db10ff727601221268b6b38b2af714431
data/logs/2026-10-07-module1-closure/verilog2001.log	原始测量证据	33	cbd8ce752e080de773d22721ed7586dc0ed582aa67718dda9c118ad22e62d1cb
data/logs/2026-10-07-module1-closure/xsim-final/compile.log	原始测量证据	2905	6885a679b88a10f13fe5c8d63d447f0b0a13628943ffcbae708bbf841b2cbd68
data/logs/2026-10-07-module1-closure/xsim-final/environment.json	原始测量证据	3248	f68319abbd7ef4fa2a91fa7de3d2d44e5ef10064e3b2cedaca888ee9199e7327
data/logs/2026-10-07-module1-closure/xsim-final/module1_nofwd-elab.log	原始测量证据	1099	632ea0a4bfb210c54afda0076d353f3fd7ebc7b911d2e37832e1e038a6d290ab
data/logs/2026-10-07-module1-closure/xsim-final/module1_nofwd.log	原始测量证据	4261	0eefe3114bebdf7fc9028f78d5f5d0a36831b94a47472fac3a4b243f1ae4df3e
data/logs/2026-10-07-module1-closure/xsim-pass/compile.log	原始测量证据	2905	6885a679b88a10f13fe5c8d63d447f0b0a13628943ffcbae708bbf841b2cbd68
data/logs/2026-10-07-module1-closure/xsim-pass/environment.json	原始测量证据	3248	807dc320c55861c47e16d5a2849b05722e2403310b8650fbd70292ccbd902f7c
data/logs/2026-10-07-module1-closure/xsim-pass/module1_bht1-elab.log	原始测量证据	1094	06e3156a1f0c0ada172423dad8faf2ae0d601d9381c142d6e0d428fb8548719f
data/logs/2026-10-07-module1-closure/xsim-pass/module1_bht1.log	原始测量证据	2168	bd312d6f51d0fdc883f036bd946f9118eba2753004bfe5273e39645edf1a60ac
data/logs/2026-10-07-module1-closure/xsim-pass/module1_bht2-elab.log	原始测量证据	1094	89889ed095928eaabb794b08657654a6def04c27b42dbe2eb6935410dc5cbaa8
data/logs/2026-10-07-module1-closure/xsim-pass/module1_bht2.log	原始测量证据	2168	1b5aa07abcfed3ae7636b5bcd4ffc05c007d43d87a72fabc6c44920bbac16e26
data/logs/2026-10-07-module1-closure/xsim-pass/module1_fwd-elab.log	原始测量证据	1052	df21b38cee24ae9dcb18237f173c31f87f909469db5dbcf85be1483d0618a401
data/logs/2026-10-07-module1-closure/xsim-pass/module1_fwd.log	原始测量证据	2150	fd0cda0da823cf795b525f8221d59e70650fea4791ce7b3a49f5634f9028bd44
data/logs/2026-10-07-module1-closure/xsim-pass/module1_nofwd-elab.log	原始测量证据	1099	632ea0a4bfb210c54afda0076d353f3fd7ebc7b911d2e37832e1e038a6d290ab
data/logs/2026-10-07-module1-closure/xsim-pass/module1_nofwd.log	原始测量证据	2211	83b359c9d3e44ce6f6221a6e3dbb2e5d4d0d14725da2087d5074143e7068832a
data/logs/2026-10-07-module1-closure/xsim-pass/summary.txt	原始测量证据	81	487ad1f2b42fec8fa3874ace15878231f59d3c7ef523e3d9dbbfa678a2dbae80
data/logs/2026-10-07-module1-closure/xsim-retry/compile.log	原始测量证据	2905	6885a679b88a10f13fe5c8d63d447f0b0a13628943ffcbae708bbf841b2cbd68
data/logs/2026-10-07-module1-closure/xsim-retry/environment.json	原始测量证据	3248	469df77d19e6da5b10788b5dcf5cdb4167a5e975fe1999c8325cca62d3c47399
data/logs/2026-10-07-module1-closure/xsim-retry/module1_nofwd-elab.log	原始测量证据	1232	cc5238089ecdafa9065672754149790dc32e0841887d94635bd0e08dd8ff3822
data/logs/2026-10-07-module1-closure/xsim/compile.log	原始测量证据	2905	6885a679b88a10f13fe5c8d63d447f0b0a13628943ffcbae708bbf841b2cbd68
data/logs/2026-10-07-module1-closure/xsim/environment.json	原始测量证据	3248	62dfd5fbe44de3ca6d8ed8a02fb9f97d9ec1f454eb8e3f0bbd5238f00ce81089
data/logs/2026-10-07-module1-closure/xsim/module1_nofwd-elab.log	原始测量证据	469	68fddfe0339c1d90f826d30b5d4f08229808d7dfbbc12481aa27e1ec296c3121
data/logs/2026-10-07-partC-postopt/README.md	原始测量证据	7389	b198019a6c9158388a4b6b46aae6ee4a326ed240ee8b4f339ae4809063bd2892
data/logs/2026-10-07-partC-postopt/build_soc_40mhz_bht2.log	原始测量证据	84518	fdd8eff91f65aaa5a8f6b43fe2a5c858b094537d7dee2f9a7953f10c8f703cab
data/logs/2026-10-07-partC-postopt/fmax_bht1_10ns_postopt.log	原始测量证据	93817	60495f258169a38ae46646f80a70f1c30db76fee0c314128957fa37b990b6fcc
data/logs/2026-10-07-partC-postopt/fmax_bht2_10ns_postopt.log	原始测量证据	92876	019874005f987146a2c99beaf6dc89e72c17e45c71776d344eaf53130cc93f93
data/logs/2026-10-07-partC-postopt/fmax_bht2_11p52_postopt.log	原始测量证据	89722	1db0c60b251f32bc6974ebe25b4d0365e6d42a643c4177fb017fb4576d134070
data/logs/2026-10-07-partC-postopt/fmax_fwd_10ns_postopt.log	原始测量证据	88554	9151e312eb9c74d3895dc3e0a8786dd63a6707e8d339a4a9711df41f62f9093f
data/logs/2026-10-07-partC-postopt/fmax_nofwd_10ns_postopt.log	原始测量证据	87679	745b00ba68b74d10564836d5331d59c706de5990c35c5e31f865a48380b8aef6
data/logs/2026-10-07-partC-postopt/iverilog-all.log	原始测量证据	92823	1dfffc79716c907a9836276ccbfb534afee3ccdeac479aa04f381d7235c6f849
data/logs/2026-10-07-partC-postopt/program_soc_40mhz_bht2.log	原始测量证据	3617	6d3e91cba99ebfeb10a3a2a4e7ded38f7ce4ff81cc50d8657f5f0397b27ca57f
data/logs/2026-10-07-partC-postopt/reports/soc_40mhz_bht2/soc_check_timing.rpt	原始测量证据	1720	7df8df306840d9b24f13cef260985286a792cea3de1065941989617bd6bbd862
data/logs/2026-10-07-partC-postopt/reports/soc_40mhz_bht2/soc_clock_utilization_impl.rpt	原始测量证据	18810	3bed78563b6ad6a8180bdf033235c0641f82f781e70b75fe8bea26fd90647e57
data/logs/2026-10-07-partC-postopt/reports/soc_40mhz_bht2/soc_clock_utilization_synth.rpt	原始测量证据	11463	9b44b0a7f3b975501ef9d0067930b66992e217f5382b3ee50afef99423503180
data/logs/2026-10-07-partC-postopt/reports/soc_40mhz_bht2/soc_drc_impl.rpt	原始测量证据	15587	dc82fbbb1ce7f626bb65bd269c3e62a4e2819cbdea84e4b96aabc8629024c236
data/logs/2026-10-07-partC-postopt/reports/soc_40mhz_bht2/soc_timing_impl.rpt	原始测量证据	49888	ea0288bad378c75908f598423692f610fed59ce82565b0584a9617d35b4e4df7
data/logs/2026-10-07-partC-postopt/reports/soc_40mhz_bht2/soc_timing_worst_paths.rpt	原始测量证据	94482	91f9a9a3644e5e5d561f2a5d2a3988c3cc077e59247e4ca60a4f476fe9357d7c
data/logs/2026-10-07-partC-postopt/reports/soc_40mhz_bht2/soc_utilization_impl.rpt	原始测量证据	11402	f7cc9f3e3393a58c54091faaf7ec0a1028f4a74a022a8c05da39dd064f26fffa
data/logs/2026-10-07-partC-postopt/reports/soc_40mhz_bht2/soc_utilization_synth.rpt	原始测量证据	9208	7cff4c5af87e5f1762ed1f358461636b7f2b76b267033ed3019edd7feb971e37
data/logs/2026-10-07-partC-postopt/reports/soc_40mhz_bht2/soc_vivado_version.txt	原始测量证据	7	caa692594cece87cfff056d7da05893ddd771cb2f3d98874b71ba93dc7fea06a
data/logs/2026-10-07-partC-postopt/reports/v1_bht1_10ns_postopt/design_analysis_impl.rpt	原始测量证据	9362	bc775764a5e32c224c9ef45705ee741575615070f1f2bef89993585bd574c195
data/logs/2026-10-07-partC-postopt/reports/v1_bht1_10ns_postopt/timing_impl.rpt	原始测量证据	15891	abb4df2edd17479c2b75dfa76040b849a74efdc09985f6115d51909e5353283e
data/logs/2026-10-07-partC-postopt/reports/v1_bht1_10ns_postopt/timing_synth.rpt	原始测量证据	14616	62da2e2a4afba41b3ddd5c218841820a5a87d02013fc66ba5598b9c8d27dd45b
data/logs/2026-10-07-partC-postopt/reports/v1_bht1_10ns_postopt/timing_worst_paths.rpt	原始测量证据	58911	32ecc9348873c2610c530f7bb795f1230eb591785cae6498309834340936775d
data/logs/2026-10-07-partC-postopt/reports/v1_bht1_10ns_postopt/utilization_impl.rpt	原始测量证据	10844	19c90780c3109856242ad05f304c8b405bb0f99733168059bc3c5cef2e42e820
data/logs/2026-10-07-partC-postopt/reports/v1_bht1_10ns_postopt/utilization_synth.rpt	原始测量证据	8661	0c3a598b64e08e4d78d0891aa338b846a0dec4de8c3555b150a53137afc1b12f
data/logs/2026-10-07-partC-postopt/reports/v1_bht2_10ns_postopt/design_analysis_impl.rpt	原始测量证据	9148	cf42ec0f75fcd45259432b585a95114310b9318907e8364b2db6f5426d7537ad
data/logs/2026-10-07-partC-postopt/reports/v1_bht2_10ns_postopt/timing_impl.rpt	原始测量证据	15871	ecabac8ec609e3c75a6e2f0d905e4428dd8cb0375a90423720a53808d85ac15a
data/logs/2026-10-07-partC-postopt/reports/v1_bht2_10ns_postopt/timing_synth.rpt	原始测量证据	14615	bdbbade3536ac91fbe5a2f1d28b053243d3dedbcdf50692a397523e0ab772bc0
data/logs/2026-10-07-partC-postopt/reports/v1_bht2_10ns_postopt/timing_worst_paths.rpt	原始测量证据	66585	23d79d065ca30a4cb595aebe07cbbc57e6ffa06f1151da08d0f3ba248175da05
data/logs/2026-10-07-partC-postopt/reports/v1_bht2_10ns_postopt/utilization_impl.rpt	原始测量证据	10844	d18258e60645197512088cde5bc80822683baeec5d86a012f0cc6c47370fa92d
data/logs/2026-10-07-partC-postopt/reports/v1_bht2_10ns_postopt/utilization_synth.rpt	原始测量证据	8661	06a65517b24f6c637e5de1411f707c6c5078fc16db914a2d8e3fe5f5d73d59c4
data/logs/2026-10-07-partC-postopt/reports/v1_bht2_11p52_postopt/design_analysis_impl.rpt	原始测量证据	8582	02430c57ef0c07619b6ae979e024e02a626791f7f2b78dd2260324df688de1ee
data/logs/2026-10-07-partC-postopt/reports/v1_bht2_11p52_postopt/timing_impl.rpt	原始测量证据	15012	2ed91b1972d444f88df3deae93a10d6995fc62189ffd544c2a01a91f92d6d11e
data/logs/2026-10-07-partC-postopt/reports/v1_bht2_11p52_postopt/timing_synth.rpt	原始测量证据	14618	f15d9581d3a182634a7941c3c16c8cf5eeb11ea7e922de578d8a329ca46fdcfe
data/logs/2026-10-07-partC-postopt/reports/v1_bht2_11p52_postopt/timing_worst_paths.rpt	原始测量证据	59997	2d3309efa41101cd6117596f3b6774dac4f188dac8b38884ef921280145ecf00
data/logs/2026-10-07-partC-postopt/reports/v1_bht2_11p52_postopt/utilization_impl.rpt	原始测量证据	10845	fb9cdcf087c9e5977ce079df64f41db96c583b59ea7d5e39dd362d3bd2168440
data/logs/2026-10-07-partC-postopt/reports/v1_bht2_11p52_postopt/utilization_synth.rpt	原始测量证据	8662	74efd93232a8a851323791f1a851b365df12c090c3b9eb0225f46891c87a2a4d
data/logs/2026-10-07-partC-postopt/reports/v1_fwd_10ns_postopt/design_analysis_impl.rpt	原始测量证据	8308	5078c27db4d78dc62b211ee7e3c85b9269693d3a2598afb9cefcea747aabefcb
data/logs/2026-10-07-partC-postopt/reports/v1_fwd_10ns_postopt/timing_impl.rpt	原始测量证据	14683	02d005a3befcb3275c239193c9ef6b5ea886b1ae7d4c04cd7cd8697e23a136e5
data/logs/2026-10-07-partC-postopt/reports/v1_fwd_10ns_postopt/timing_synth.rpt	原始测量证据	15362	5615ffa1f3957c5828c3a39174d6d11261588f9e2624326b3d826c5b0d0c5a3c
data/logs/2026-10-07-partC-postopt/reports/v1_fwd_10ns_postopt/timing_worst_paths.rpt	原始测量证据	57307	9e86bc6dc7b8a13f1bd4262c4a6c3172cac6c927341ca3313cfefeec717648db
data/logs/2026-10-07-partC-postopt/reports/v1_fwd_10ns_postopt/utilization_impl.rpt	原始测量证据	10759	c2ae81eff6009625ca8832d52fdaab1b84dbeb2d1baa0365cb7597573dfbcf2e
data/logs/2026-10-07-partC-postopt/reports/v1_fwd_10ns_postopt/utilization_synth.rpt	原始测量证据	8576	5ed2f8240bf8fac788a85a8c8a8c272bd2fbcbb41105b0de626d8cf879590b23
data/logs/2026-10-07-partC-postopt/reports/v1_nofwd_10ns_postopt/design_analysis_impl.rpt	原始测量证据	8575	f9cee2b2fc4bb1b988ed705a19c5fdcd410d82eec39ceaa38aa865f0ce0d74f4
data/logs/2026-10-07-partC-postopt/reports/v1_nofwd_10ns_postopt/timing_impl.rpt	原始测量证据	15124	0210a29b15e456038819d96a1a7c2b84ce66948c6e2d3bd022ca944e0ae7b42c
data/logs/2026-10-07-partC-postopt/reports/v1_nofwd_10ns_postopt/timing_synth.rpt	原始测量证据	14227	8a00190e8ed84bc8fcc3a23842a92ed51a080f0b0e3b3410071ddada848a3651
data/logs/2026-10-07-partC-postopt/reports/v1_nofwd_10ns_postopt/timing_worst_paths.rpt	原始测量证据	60313	ebe770a14a37f320839d70fd63738d4e1de26b680869e343f2da6f5c9c61d854
data/logs/2026-10-07-partC-postopt/reports/v1_nofwd_10ns_postopt/utilization_impl.rpt	原始测量证据	10761	3f3ee65c7ebd5bbf3318275d1c8c8a0c8d14d2501a9a8a1d35d342f85aafbe1e
data/logs/2026-10-07-partC-postopt/reports/v1_nofwd_10ns_postopt/utilization_synth.rpt	原始测量证据	8578	cf3c432c29f6ff2294c70c2345325a59547873e630f0be83e772581bfae98c91
data/logs/2026-10-07-pi-pynq/README.md	原始测量证据	3720	0c7a936e6a4b170887320ad84bc42384a0fa158331c75453452718170d8bea35
data/logs/2026-10-07-pi-pynq/capture-720p.txt	原始测量证据	260	a48c4a80fef3b2ce8138c07e07fea2980edc135487a0f0925a1c335662d47f7f
data/logs/2026-10-07-pi-pynq/capture-after-reload-exit.txt	原始测量证据	15	78150744501aeaef46015c61842a8a4844473849e8a9a1a48381ef733b71431b
data/logs/2026-10-07-pi-pynq/capture-after-reload.txt	原始测量证据	375	f25897ff9faee636ac4d2130662100d605dee65676314d7e8ef116d67fd9004c
data/logs/2026-10-07-pi-pynq/capture-exclusive-720p-first.png	原始测量证据	1331126	e1d20722f8ceffd0dc6c4b900ff38017ebf54b4956f41f682e0e996141edf51e
data/logs/2026-10-07-pi-pynq/capture-exclusive-720p-last.png	原始测量证据	1330591	f4836777a6739b2838bb88ea22bf698b70b43b077cfe3311c1b93f00436b9bf7
data/logs/2026-10-07-pi-pynq/capture-exclusive-720p.txt	原始测量证据	316	9a4461f2d4580a3a83554b27870ef1f21b32d9211ea7ed920a85b8b048d72870
data/logs/2026-10-07-pi-pynq/capture-exclusive-exit.txt	原始测量证据	15	9429d858619bc98c9b98eac145857f7bf5b976f56eede2107374e1225b18616e
data/logs/2026-10-07-pi-pynq/capture-exclusive.png	原始测量证据	342942	c74201c22c214162bb4259040c82454fc51daa9adf0bdd25e0db5db16cdfcaa7
data/logs/2026-10-07-pi-pynq/capture-source1-recheck.txt	原始测量证据	15	78150744501aeaef46015c61842a8a4844473849e8a9a1a48381ef733b71431b
data/logs/2026-10-07-pi-pynq/capture-source1.png	原始测量证据	6948	0d0b196828afb1715a4418aea528794a9aaca6cd2ca74c5920f0f1d96778c20d
data/logs/2026-10-07-pi-pynq/preview-start.txt	原始测量证据	39	04897d86724e185a998ca080e232caaa3e7b03560753cbaccfc2957a66f40302
data/logs/2026-10-07-pi-pynq/serial-after-power-cycle.txt	原始测量证据	34	c4c81a912cd729cf1c77c3c95b1f2fb7c1c48ca371c60b00773f0d7c0ed9e374
data/logs/2026-10-07-pi-pynq/serial-interrupt.txt	原始测量证据	0	e3b0c44298fc1c149afbf4c8996fb92427ae41e4649b934ca495991b7852b855
data/logs/2026-10-07-pi-pynq/serial-reload.txt	原始测量证据	426	371671b4d1cb8a7e64fb74900742d0c827608d2087a226adc2cc6b52a4c4ced1
data/logs/2026-10-07-pi-pynq/serial-smoke-after-reload.txt	原始测量证据	332	e3b1d33d4f342fe7f19ed1328605edf4e448f24c785b6edc45e41494d2cad285
data/logs/2026-10-07-pi-pynq/serial-status.txt	原始测量证据	0	e3b0c44298fc1c149afbf4c8996fb92427ae41e4649b934ca495991b7852b855
data/logs/2026-10-08-branch-consolidation/README.md	原始测量证据	939	ebe3103a1e33b0e4238be11bc397d00492b5151dbca0f5b98fbfbe44374eb9bd
data/logs/2026-10-08-branch-consolidation/class-aware.exit.txt	原始测量证据	2	9a271f2a916b0b6ee6cecb2426f0b3206ef074578be55d9bc94f6f3fe3ab86aa
data/logs/2026-10-08-branch-consolidation/class-aware.log	原始测量证据	101	2885f984f7b7e9d40db78b082087af9808a87140b90876b114533743306b9e64
data/logs/2026-10-08-branch-consolidation/localization-data.exit.txt	原始测量证据	2	9a271f2a916b0b6ee6cecb2426f0b3206ef074578be55d9bc94f6f3fe3ab86aa
data/logs/2026-10-08-branch-consolidation/localization-data.log	原始测量证据	286	ad6c4e86e9e1d156c55e4621c1e7e8da854fa52410fe4e1691f4c096641ab015
data/logs/2026-10-08-branch-consolidation/password-reset-syntax.exit.txt	原始测量证据	2	9a271f2a916b0b6ee6cecb2426f0b3206ef074578be55d9bc94f6f3fe3ab86aa
data/logs/2026-10-08-branch-consolidation/password-reset-syntax.log	原始测量证据	0	e3b0c44298fc1c149afbf4c8996fb92427ae41e4649b934ca495991b7852b855
data/logs/2026-10-08-branch-consolidation/python-syntax.log	原始测量证据	163	1ce2be25832ca10d6ee24d0a1cfe2134cef9d24d4d3684acaa0c9fd04df2dab0
data/logs/v0_baseline_2026-09-14/README.md	原始测量证据	1963	0d6570ba4c9d316733b4b910f04d28c475ad023e3d48cdd6180d7a8682abb8f6
data/logs/v0_baseline_2026-09-14/run_iverilog_2026-09-14.log	原始测量证据	2392	19b67ed824173024cd74c288b6b16936c29a83ec66938f6e958145c81ecb204b
data/logs/v0_baseline_2026-09-14/xsim_2026-09-14.log	原始测量证据	4623	b3158cdb9cc3e82f67b48dfd2b1abf5648b132e5b5288cc1ce49c18e34b9b37d
data/metrics.csv	配置/资源/数据文件	17105	25c9dcdb6f75e54d03da7815c02698ea93e3d335baa3453b198ef5d10d1ec653
data/scripts/.gitkeep	配置/资源/数据文件	0	e3b0c44298fc1c149afbf4c8996fb92427ae41e4649b934ca495991b7852b855
data/scripts/coremark_score.py	软件/固件/数据工具	2681	37d576c6144990cb3c9e8b50cf8939ffd8df92c286c989eb2629249b9c0ae144
data/scripts/cpi_harness.py	软件/固件/数据工具	1268	0607b669f2a6be36995c5c75e5d6f8caf8fb36425f0d8884bd3d22445c6ef88e
data/scripts/img2hex.py	软件/固件/数据工具	1642	6926a9235a3af3d9038c0c03ae5a1ae4e2faa9e74a1abbe7b7481e437ec58e88
data/scripts/m3_brevitas_drill.py	软件/固件/数据工具	6026	68766b486d2b08ecfebda749f162251da02c4fd5dca9441c578dd56fd17528e3
data/scripts/m3_train_drill.py	软件/固件/数据工具	5988	5dbe5a7128955ea69b28911ee8a336bf3c324ebdfa572290ab4a85e1a04682ec
docs/README.md	文档/计划/接口说明	5132	ae72889666493036c2ea1e280327f9b43fedd98e54947415f76a997a6df5821d
docs/amd-ross-project-relevance-report.md	文档/计划/接口说明	21793	fca7c56a79035c49e6b09eeded34ea16a86ca1c4215efbfb9e383b98e1aded5b
docs/arm-localize-baseline-plan.md	文档/计划/接口说明	6370	6148b2ebe384f0475ba43fa7bc0db66bcf2fbe37dd579890996d38fe28ee3c32
docs/arm-localize-results.md	文档/计划/接口说明	3685	3da6bc5dea6d6c0ee5f9794cd1a812dbdc8a6949e0190a9b2b0308bb9c72d835
docs/arm-localize-runbook.md	文档/计划/接口说明	2635	c32b79f13db44204f2e2cbc4a2d096b1f01497d4ab589247348003a600cd2d29
docs/arm-localize-walkthrough.md	文档/计划/接口说明	4179	8dd063583be4fa0685058709d46fcc4c812fce427a0102ce13309591e078c6c5
docs/branch-layout.md	文档/计划/接口说明	1507	4ca9748a9b8e1f8d739b31ad14093be0db27b3e95a64f8acab2f00c2e395011d
docs/core_comparison.md	文档/计划/接口说明	5303	c79020a945436b65dd0de0b7c95d6682deaddab8f8b928bc100ac9eedb9791d9
docs/coremark.md	文档/计划/接口说明	30505	d6ad2ad216f08d349c5af7e05dcaf59783f2425d52b2bbf5a4f159a2760b2f19
docs/fastener-data-collection-protocol.md	文档/计划/接口说明	8894	fe9a9a6f8b87936401133b5cff919e1412adbd1356d35fa57d338a8cf389817a
docs/img/fig1_system.png	配置/资源/数据文件	272394	1588da4ed23e702cad64695237c2d6345f3f581fd2d33da2343f841ea9687c5b
docs/img/fig2_rtl_tree.png	配置/资源/数据文件	323092	279c662898cdaa7d08bb23767119231e6fc981cd3ae0904725adf25ceb251e58
docs/img/fig3_core_v0.png	配置/资源/数据文件	245729	2d05ea329eb2f9c8094512f82e3fa52a3284c2b1c317a3f2bc840f07c8ad94ff
docs/img/fig4_core_v1.png	配置/资源/数据文件	284925	2c9651dcb38cd7e5d05a0cf319148728dda389e00accfe6d22d35047c36167d5
docs/img/fig5_vision_pipeline.png	配置/资源/数据文件	282760	cfeae10addebfb1868d931defcf6e3ca15787453a0a16a9ce3a02add807b3189
docs/img/fig6_config_cdc.png	配置/资源/数据文件	286581	e3d1730581179279e862b2a26c8534cc1eafc41722be96f7981be148cec70709
docs/img/fig7_copbuf.png	配置/资源/数据文件	233822	029618d26c324b3639f5cd274cf472ea8a64b99690081e225b0fa1d3c456514c
docs/img/make_project_diagrams.py	软件/固件/数据工具	29280	fd88ee091a623385154f73923be098a2dbcaa6ac0f62f4a33cd9a1419214e3c9
docs/localization-dataset-audit.md	文档/计划/接口说明	3866	958d4bbe8f396615a5e843e0e5e753b9b872f53c9a20331b0c89be29e72048a3
docs/localization-experiment-results.md	文档/计划/接口说明	3773	db252a73efb79243ec172593397b4e5af24196f5c5824dcb43f8d4ae586fbaa8
docs/localization-exploration-audit.md	文档/计划/接口说明	13811	8f501458b71c979fd04b0602f5bc9c1ad20a7a9b32c25910903e963e5dc11935
docs/module1-issue-closeout.md	文档/计划/接口说明	3358	9ae38605c728e0c61d64cddb0901f29e0af5e6da93b3c25cff7f76c67f56a3cf
docs/module1-pr.md	文档/计划/接口说明	3718	7074b7be7d2f0c18d9d51668af30abd47397d998f4d021d92df90219c1b92a67
docs/module1-reproduction.md	文档/计划/接口说明	5455	8c75b8ba87d9e79d00d6898f844aeb9ccccaa3ede8fb8d521bcc7ac9593ef5ef
docs/module3-model-training.md	文档/计划/接口说明	9597	de0511f6193b8277f54604d91e492bc31bc606fa8a5228b8ea3370d95fba7da4
docs/non-algorithm-plan.md	文档/计划/接口说明	3888	8d52ef57d10892b9cf21aebf9d89f24a30ab335e0c7ee8162e5d08d1f6ced358
docs/onboarding.md	文档/计划/接口说明	6343	f6d5bd11942fbeebe2c4bff1c3a216023cc93d8cbd12985c386e6de00b24158a
docs/outsource/cop-cnn-requirements.md	文档/计划/接口说明	15616	e145087c487e32cfcdb8d605c594826bdc2c1aea828443edd6414ad66331d340
docs/outsource/localization-requirements.md	文档/计划/接口说明	12691	9c9dd50cc095568b8f87d2e0777d814cf47637f5ac227e2a4d7f54b5cd728ecd
docs/partB-rtl-handoff.md	文档/计划/接口说明	5568	3b2ba00f625b82e4a2f19421e6c0c8c8e67dd016c6df9b0aff4a3d2ad3ffcb0d
docs/partB-verify-plan.md	文档/计划/接口说明	8344	1aa64d54ba1d95e18d5069ae303520db91a8d6bccd1484377e15926bbd050445
docs/partC-pc-depth-resume.md	文档/计划/接口说明	3673	7f43a7df07d5519f4cdb97ec147de2521e2adb4d7af03d67887e7a391b29f210
docs/partC-rtl-handoff.md	文档/计划/接口说明	1794	3359222425264052cc11088083c1a2a25053067afd494bc0b685cbee48a122f2
docs/partC-verify-plan.md	文档/计划/接口说明	10668	0a3e6b7747e49e981364114f3382fd0fa352d7fb5dc2c17c77317bc71bd572b7
docs/pi-camera-preview-runbook.md	文档/计划/接口说明	7553	2edeaf8a87ba1d9a4987f26c4ecd5646e186b5f968f5e4446396496c7fad49d0
docs/pi-dev-roles.md	文档/计划/接口说明	5169	3a65745582535eeb1e61810a2407a5e8186c3710827a30c3e6d21ca1b89626ea
docs/project-overview.md	文档/计划/接口说明	14207	36b66f71b058c852367cd4ac0801669ce08843099a6851b6d55535025b704377
docs/proposal_upgrade.md	文档/计划/接口说明	6951	045533e9fabb54fd0ab9256cc463ab2f4ac181dff91301331e5039930ffdfcfd
docs/resources.md	文档/计划/接口说明	7293	5b4168a3e938495d89018a808227723d75c7038ab15fc32b4c8e43bb1385b7c7
docs/three-day-plan.md	文档/计划/接口说明	12068	eeab0633623e441790b03c7df0bff388a6ead3a18db9a9693184c1cfb1a2e92a
docs/track_research.md	文档/计划/接口说明	26108	41fdb1a5b3b5d82af6d4031f7a014f6e195db7abf0185a1c96051de49c76867a
docs/vision-m2-review-1005.md	文档/计划/接口说明	17559	d0dc8d25bf9e675a300b41aa52fd50e8d034d22a52931225f1a64aa639843fb1
docs/vision-offboard-next.md	文档/计划/接口说明	7374	0f4b2397e35c827e6af63f8944c77768cb6ccb3c1c3b28882b20b1eed1a33c50
docs/vision-sync-protocol-decisions.md	文档/计划/接口说明	7868	13965e07a29d59aa52b8dfe2dc41a863c4a4b8e21b2bc8d87c2cd073ee22d1a6
docs/workflow.md	文档/计划/接口说明	4431	8f7b6b476a719a4dec31e8307bb0e79fad247225a92e99edf4df14fef588ab8d
docs/修订方案-受控流水线.md	文档/计划/接口说明	7115	6409c8ffe60d407326bc0227080edb60b4c1f6ed97237f4d1781c934d7a17ba6
docs/工作进展汇报.md	文档/计划/接口说明	6285	ee90824a8bba68f461393ff626ef8e2e43381c50a5a08b57f2d4c4fbf5d3ae19
docs/方案探索报告.md	文档/计划/接口说明	13811	8f501458b71c979fd04b0602f5bc9c1ad20a7a9b32c25910903e963e5dc11935
models/cnn-bn64-baseline.pt	模型/实验/数据集	141642	228e941a49089ff8fd473f5ae3f3585aea435c28d9d41d152dd4194f9ebd611c
models/cnn-border-fill-best.pt	模型/实验/数据集	139822	70fe3dc35bb592481f43e2086efe46b4ca5d2788d53a2b318d23a7169f7ecec6
models/hog-svm-train-only.yml	模型/实验/数据集	7890619	f557317e233383b2c929b17280c46f822bec0dd89460681f68902ed4fddccc76
plan.md	文档/计划/接口说明	20358	7bc269a08e4db19a114e185d9d397c67ee72d7aa85d555039b3fb314f6ef2d59
report/README.md	文档/计划/接口说明	1037	31e045d808e03fbae9e6836940071de167b4672390579665f69517e187988324
report/llm_log/2026-09-04-project-kickoff.md	历史协作/决策记录	3869	fded9d826cc1efb4e1c3cf11d6a61b7b65ed1749f05920925aaea9df51a78a22
report/llm_log/2026-09-08-wildfire-board-interim.md	历史协作/决策记录	5372	ba2011cef4235d85e33368d81e9949638c4f85f25d207914412cd20f7b75fc63
report/llm_log/2026-09-11-amd-track-awards-research.md	历史协作/决策记录	4711	2a8d6173a3198b23c983a6fc035a946036bebe02a1e95f1ad4c6395ab4d1bd8e
report/llm_log/2026-09-11-plan1-merge-repo-hygiene.md	历史协作/决策记录	4795	5124d49c036e11d4a51fd07b666c53f474646634a70dacf5d648fd61f7ad718e
report/llm_log/2026-09-11-proposal-upgrade.md	历史协作/决策记录	4148	7dc806612dcd379d2cc1bbce4d59919d3d2d23390c04738683a6dc03a6a8fb70
report/llm_log/2026-09-11-riscv-instruction-tests.md	历史协作/决策记录	3886	0acfa0594e4faa90081380944b2da5d84210533e00f6299145b1639ac4d60765
report/llm_log/2026-09-11-riscv-toolchain.md	历史协作/决策记录	4921	93d48feb241a0c6a0ffd332f68ea33e28daf4beae03b8623bd5f747eb424b46e
report/llm_log/2026-09-11-riscv-v0-design.md	历史协作/决策记录	5201	f244c615aeaf1d3456985dd60dd75a535fa126302ae2e11d5f9b7767a1a89233
report/llm_log/2026-09-11-riscv-v0-rtl.md	历史协作/决策记录	4869	7fecf5efcc2728a4581949706cd35df0bd1b08df9bd71e3839651c33b9ba1e31
report/llm_log/2026-09-11-skip-wildfire-board.md	历史协作/决策记录	3763	346fc539425b0af8f9162a95188c233c7218b5831820caaccb9190c482eef1c4
report/llm_log/2026-09-14-restructure-official-layout.md	历史协作/决策记录	3978	33ce7483492befb90e6f42ca0421d7438e385b67ba571baf8a4fc185c069e689
report/llm_log/2026-09-14-three-line-workflow.md	历史协作/决策记录	5235	47a9a44a344fad5d0c312e46fc6caefb1905c4c970eaa5dcbbeb8b58d8b4a0d6
report/llm_log/2026-09-14-track-guides-alignment.md	历史协作/决策记录	3502	86185540ba210fab8d1a0ce8b1d83464087b632908c76b6f38db9042a66a392d
report/llm_log/2026-09-14-vivado-2026-1-acceptance.md	历史协作/决策记录	3796	fa767c4dabb15b8c31e765e28b6d26ec567f6611f4d5c9d9d692f3b3a5550c25
report/llm_log/2026-09-14-vivado-2026-1-decision.md	历史协作/决策记录	4739	cb1cbbf53e846078656307e22df0cd2ee4b1150cff39440a5d6b8462917048c3
report/llm_log/2026-09-15-muldiv-interface-gap.md	历史协作/决策记录	4669	d925fb2396e28578381f5660f733907e31d563d8f395fe364476d63034e89533
report/llm_log/2026-09-20-arch-test-integration.md	历史协作/决策记录	6439	d237f85c9ae8aecdc243f27f1d4b1dc13c368b1066e3b95a8eb764346f9d849e
report/llm_log/2026-09-20-board-arrival-doc-sync.md	历史协作/决策记录	4558	207b5847a231fc5b4093d4b5766dcbb2fa89447fdc4445dcaab912cc18ac6df5
report/llm_log/2026-09-20-demo-hardware-chain.md	历史协作/决策记录	4652	88c119f6b23020b32c208571e6553259a093087791ace2c6faffd1ee8fec39df
report/llm_log/2026-09-20-fwd-tb-understanding-gate.md	历史协作/决策记录	7135	bbe8fd515fd9ccfaa4aac0f07c3ab8ba946e9205f83b2909960581b833726e20
report/llm_log/2026-09-20-llm-log-digest-skills.md	历史协作/决策记录	4291	501cbf2ff925b838168226eb9dd7c05d306bbb775e4bbbc30f8775ed0f842288
report/llm_log/2026-09-20-m1-gate-issues.md	历史协作/决策记录	4042	c059c3d6ada0691dff8283f71f6bf9ed7b1e332897a891e9d242d3c8cbd912af
report/llm_log/2026-09-20-partA-gufa-programming.md	历史协作/决策记录	6833	a75157702d6a702bd7467e698ff323dc5eddc193fd208beb16cbeb5ebbaad283
report/llm_log/2026-09-20-pynq-jtag-bringup.md	历史协作/决策记录	4110	2c9f3c5faab8cfc17af9f3a29b0b0a36f8cfc92fbb25d07219837f693572b67d
report/llm_log/2026-09-20-pynq-z2-smoke-verification.md	历史协作/决策记录	4853	5d8faf2335d4d500e4dac57292dec8470bebef461c22d67ffff8a9916845ed22
report/llm_log/2026-09-20-pynq-z2-smoke.md	历史协作/决策记录	5751	41e2e2d574007821e25cbc9a23d29181315b4c131d43f20341351dcdb408147d
report/llm_log/2026-09-20-registration-rename.md	历史协作/决策记录	5617	c58c2160cc81c0d836e1a242def7453ef6316a122c7a8fa5513cdbd9129303c0
report/llm_log/2026-09-20-v0-no-stall-cpi-reframe.md	历史协作/决策记录	3985	756e2569cd55aa36395ce23a677a011b756738a2a80e56f5a4ea7e29ab8bdcf3
report/llm_log/2026-09-21-narrative-architecture-fix.md	历史协作/决策记录	4793	7516e08c318794c68e2f25cdfd9d8570dd5b10cbeb0cf9c73b966c64a1802267
report/llm_log/2026-09-21-partA-contract-audit.md	历史协作/决策记录	4425	f89945eff148a637a9b02109d31182ac003ea421302cd9b93fee2e64ef15f6b8
report/llm_log/2026-09-21-partA-decode-and-muldiv-tb.md	历史协作/决策记录	5387	6e098a03e58e0cc29b161be893b3e74b56775369ac47edaed45266fe9e318bf5
report/llm_log/2026-09-21-partA-division.md	历史协作/决策记录	4907	a1c099ce3dd8d2b3d3c0825d4950cbf9ad4264b3eb7e9e435ab8b13a9f5ff422
report/llm_log/2026-09-21-partA-muldiv.md	历史协作/决策记录	5323	1d094a0574a180931642e4969e8b55564dad71f37a4bb6fc4b953fc7ff5cb2ea
report/llm_log/2026-09-21-schedule-compression.md	历史协作/决策记录	4223	7a2fdf314392b82ce82fad6724fe70d1c55d2fca3e010b8807dd0b0ecba7f149
report/llm_log/2026-09-22-memory-contract.md	历史协作/决策记录	2356	e4e02bfd64756b3577ba542f56e0fd737d215a6f80a89f5823e2084b49cb3369
report/llm_log/2026-09-22-partA-7b-core-integration.md	历史协作/决策记录	4447	7c4f28c640d8e4ae1b3b351a524623dc17ea4204366e6a1f139e51fa71e32036
report/llm_log/2026-09-23-coremark-port.md	历史协作/决策记录	4572	d89b0e9bb5d0e3b6c14a619c2d64cea7387de26ca95e6d90cbe247dc11a09a53
report/llm_log/2026-09-23-coremark-script-mode.md	历史协作/决策记录	5246	dde30eedc082b623fb49440261e96f12693ff10b3a56e0837e4ea44ed598d7ca
report/llm_log/2026-09-23-coremark-tb-contract.md	历史协作/决策记录	5991	6b4998ac60c2c6905e628f6ece3f39d60d421766a85326336c46ac7d9bba4f24
report/llm_log/2026-09-23-coremark-tb.md	历史协作/决策记录	6211	3d15e97eff647a5c5a5097f455b1d4ed000368fb9529ff7ff331aa65182b6935
report/llm_log/2026-09-23-partA-32kb-memory-implementation.md	历史协作/决策记录	5405	ef14d9ec59836200726bb372f5b95d35c0bf1257487f8bb00bb8bc79bf03d69a
report/llm_log/2026-09-23-partA-soc-onboard.md	历史协作/决策记录	7975	cbc1a4acb1da38ea2d3220cbc44303b876a197aec351ca334cfb74ba6639d75f
report/llm_log/2026-09-24-docs-consolidation.md	历史协作/决策记录	3285	6e8a694343db6ec5a1d63adf91c9a6bf71e76fda4661e6a4984582fd72a8199d
report/llm_log/2026-09-26-partA-soc-onboard-verify.md	历史协作/决策记录	5397	cddf28453dc211af340af5f465f56ad60c259663fa0a6b3b8c1f33cbca281c1a
report/llm_log/2026-09-27-partB-v1-contract.md	历史协作/决策记录	7809	f02152d47925a03d83db3b05044206d437f02445995845d6a8faca5bbe186484
report/llm_log/2026-09-28-partA-closure.md	历史协作/决策记录	6796	b71a052daae2fb1fda67a8e6494ef89a05ca68d68658f760fa92b94cd27d642d
report/llm_log/2026-09-28-partB-r1-decode-source-use.md	历史协作/决策记录	4292	6ad021955a8a49e20e46bd7bb2e6a2179d2fda04b0a37056162b06acf2961155
report/llm_log/2026-09-29-partB-v1-blocks.md	历史协作/决策记录	5364	a1675f028473d18ee4f6bc77b8c43216bd10fb30565941f1cc52225c178b49c4
report/llm_log/2026-09-29-repo-tidy.md	历史协作/决策记录	4015	733bb39b2c7e847b4f3d1e5127e7ee8e169254e97e8e9bb53a48b8f1b6173eb7
report/llm_log/2026-09-30-branch-sync.md	历史协作/决策记录	3066	49fb7c33bf9f75fffa1fbc9ad097c41e470f8b281452c9c9bea4d437252f9910
report/llm_log/2026-09-30-industrial-vision-plan.md	历史协作/决策记录	5032	3607f313fffeafe7aa812a3d5974d185d7c64966da009b07819a0adab357f960
report/llm_log/2026-09-30-vision-status-review.md	历史协作/决策记录	4905	632f27ff193b8359d9d9cf48a236dfc7e57ff51c526de5ab1594414245723e27
report/llm_log/2026-10-01-vision-m2-sprint.md	历史协作/决策记录	7171	149f1190402fa2102b7cb9ab71ef44394066a073516791a2aa63e26492334277
report/llm_log/2026-10-02-vision-offboard-closure.md	历史协作/决策记录	3273	de6b05b697d3d4a5de3ba3f0f8d9010614a98fa452bff1ac692f9777d5c64990
report/llm_log/2026-10-03-arm-localize-baseline.md	历史协作/决策记录	25463	8f32b6766238be12f3825ed75fe75d16050f3a6049205c0e9ca6c21e54fd7f98
report/llm_log/2026-10-03-data-collection-protocol.md	历史协作/决策记录	2706	501906318594fc10e54107b35ec3117fe992334258f4367e26fb7c64e108d590
report/llm_log/2026-10-03-partc-verify-plan.md	历史协作/决策记录	3927	c4fe0d7998992d3f078ecd2cdec923d71a190cbd12d07176e88a81d1cef43643
report/llm_log/2026-10-03-pi-dev-roles.md	历史协作/决策记录	3077	27bbf0cb95afe89820bbe6cf08b933b6bf19a0507813671283f1a218cadba0f6
report/llm_log/2026-10-03-project-overview-ste.md	历史协作/决策记录	3183	c327320eb11f3bbbe2682f84f0e523aed4f69e1aa6c23e500cdcb48ebc929429
report/llm_log/2026-10-03-ross-project-research.md	历史协作/决策记录	3235	ffc123c59cafb487a75d36f608f366ada809071b73b35f9d097a3868165b1e60
report/llm_log/2026-10-03-watch-tool-merge.md	历史协作/决策记录	3090	4464063e95d1c0e50c5131f8522f93a8e89e32c3d53353223f5d7f2265e5fa5c
report/llm_log/2026-10-04-partB-v1-hazard-core.md	历史协作/决策记录	5444	66b2c5cc1d07dbad9ba8294e26fb7c125ce058ac58e419abe0b9c5e16ae62346
report/llm_log/2026-10-04-partB-v1-integration.md	历史协作/决策记录	11164	fed147bde301be5d1f70f8ac5a40a19e9ff2f83bdea9b3d6185b20c84669fb2e
report/llm_log/2026-10-05-partB-fast-multiply-options.md	历史协作/决策记录	3579	bf77ee5cd6d92c0fd6eb12622dc4d51a285cd43bf63745dead1b9582ab3c99a8
report/llm_log/2026-10-05-partB-radix4-coremark.md	历史协作/决策记录	1321	40633d8cd31a598d9b9af9be0e3ce95d8e3b77aa37e8dab3e41708955dc2a48b
report/llm_log/2026-10-05-partB-v1-arch-test-dual-mode.md	历史协作/决策记录	4005	e482b8ced3bb104a9590bd16b0ad174abfe0f8f2ad4c8580c04e54c1b7508f0d
report/llm_log/2026-10-05-partB-v1-cpi.md	历史协作/决策记录	6737	f730a092695ab6aae13f109753c19b8c3e1d48ae5af57920dd0d5d45a79ce5a1
report/llm_log/2026-10-05-partB-v1-cycle-breakdown.md	历史协作/决策记录	1342	4c2f6bcd0faff297643d82a803efcfd541cbe58a2942a0bc4aaef434e36f90a6
report/llm_log/2026-10-05-partB-v1-muldiv-dual-mode.md	历史协作/决策记录	2546	083dc48c71a5c34fcf1ba691fc15c08dffaf101f7ed9b95779e9617961be6fe2
report/llm_log/2026-10-05-partB-v1-onboard-verify.md	历史协作/决策记录	8293	197e1ed4138e519a308f14738663e1a89ca0db1c4b6ca9428c84a37d8217f8c1
report/llm_log/2026-10-05-rtl-muldiv-radix4.md	历史协作/决策记录	3215	b2f7cbc7a629afc19351778710f85ada2fe9120cc225eb93a4810a1134b22aeb
report/llm_log/2026-10-05-rtl-pynq-z2-dual-clock.md	历史协作/决策记录	3177	95fbcdedaa3d4efdb6478b6ebde5efe74ede950dd3ef6d9c19162ac03a86d8d0
report/llm_log/2026-10-05-sim-vision-python-fallback.md	历史协作/决策记录	2448	e59c5877ceade8d684e9f1370d7a9fbe9e16937e6328d16b6cedbfe0fb3d27dc
report/llm_log/2026-10-06-build-core-profile-matrix.md	历史协作/决策记录	2165	a4227b213bf12f9fcc954c79ffe11b403940905280a19a4688a7cd497bd860a4
report/llm_log/2026-10-06-partB-t2-fmax-verify.md	历史协作/决策记录	4110	5002b66d698cecbf1dccc1b35911c6dc2b9ad04c489a60ce88122a30c9dd8038
report/llm_log/2026-10-06-partB-t2-onboard-verify.md	历史协作/决策记录	3164	2dca94de0b0650f90db06fa62053349262605fa0c53831dd1ac7906622e907da
report/llm_log/2026-10-06-partC-pc-depth.md	历史协作/决策记录	8483	f33e027956c727af7e12ea9ffe17665dac6d0e56a440a2c92838299d28eccb01
report/llm_log/2026-10-06-partC-verify.md	历史协作/决策记录	4746	cc287863db8bf3b2e375d477651e1927786febb85bee20d9c11f47662945200f
report/llm_log/2026-10-06-pi-camera-service.md	历史协作/决策记录	4202	65df2653dfc9f222fbab1cce716034617896d7181ac61cb83c0870ae3dfe2117
report/llm_log/2026-10-06-rtl-branch-predict.md	历史协作/决策记录	2745	f4440a9a1e1523bcc40983b864ed829e307c4a6c53fc61cee9f560a921475722
report/llm_log/2026-10-06-rtl-core-top-bht-integration.md	历史协作/决策记录	4039	a830abf3c4b7eb007cff9e6c8aee0e3fada922a04231b6847dd75af6cbea9add
report/llm_log/2026-10-06-rtl-core-top-forwarding-wiring.md	历史协作/决策记录	3024	7e7e788a15c6cde7e7d0a1af7c29aae99b3322cd57e4ae4ba7b1a66eaf930413
report/llm_log/2026-10-06-rtl-core-top-pc-flush-depth.md	历史协作/决策记录	3841	2bdef17cf2526d02569ee02d1606968ddf4b7ef66c01bbd9d09ae8eeb5dfb506
report/llm_log/2026-10-06-rtl-id-ex-stage-branch-compare.md	历史协作/决策记录	3176	0ecdb5af0d7cc571d82d1fcdafa651abd9948d2f2f944e3c621a40e230ee5fc5
report/llm_log/2026-10-06-rtl-id-ex-stage-branch-target.md	历史协作/决策记录	2466	dcca1ff2f51238f33a917825bd21b111bf715b47d27cd5803eeac307ab59b0f4
report/llm_log/2026-10-06-rtl-id-ex-stage-branch-valid.md	历史协作/决策记录	1843	2d8bf44054adaf6774e904b71ff919892ce26a516a9cf784d3badd77ee073217
report/llm_log/2026-10-06-rtl-if-stage-valid-only-flush.md	历史协作/决策记录	2776	4f659625e59f818810f46541a69db7e37d30d293e076889ea841462e70758cca
report/llm_log/2026-10-06-rtl-pynq-z2-top-profile-params.md	历史协作/决策记录	2013	2e064b7ed8a345e30bcb75f220a5a979dcd8f842cd60646a5b3d749ddd2e814b
report/llm_log/2026-10-06-rtl-soc-top-profile-params.md	历史协作/决策记录	2187	302dbac3c981678d0a7cb0c58c5ec113d83da95ea80127d3fc0c867e9289e95e
report/llm_log/2026-10-06-vision-client-build-env.md	历史协作/决策记录	2346	25d678cff52f169c8f6367b3601f88c9ad5fdd9fe9fd73daef572f48e17a0355
report/llm_log/2026-10-06-vision-sync-protocol-decision.md	历史协作/决策记录	3446	bf2696642b81492e8241131aef5c663256f47c7f048ebd0bc4d73aefa7e2b3d7
report/llm_log/2026-10-07-module1-closure.md	历史协作/决策记录	16225	73b2b099d62e573a9c697a9366f041952f314b56a7e0551b67b407509c1ca6fb
report/llm_log/2026-10-07-partC-postopt-board.md	历史协作/决策记录	4425	183b4f439aa911a736addb81db3c8a33dc19d838735650d7fe78bd4309754fc4
report/llm_log/2026-10-08-branch-consolidation.md	历史协作/决策记录	2079	dbee2f0eb03f3c03c5e7653176010e0a2b1f28e8374d43aa0ddd010a3865398f
report/llm_log/README.md	历史协作/决策记录	2701	9019cdac3f403eaf2063aefa71f1de5f7ad5520e20fbe6ba6d8a9ecbf7760ac2
report/llm_log/template.md	历史协作/决策记录	1264	e31b0861e690fb67d063246750857fbd82331045cdb4d02a9dca8d2cc4b04def
report/module1-closure.md	文档/计划/接口说明	10037	3d6d4c4ff40a9d1574864b3bee73b8d88777dd33e664e0ef9ac332690b2dbd0b
results/cnn-augment.json	模型/实验/数据集	61319	8b3edfd37827408527a79c4b3463941d6aec14e634c8c84434cb6cf69c08fedd
results/cnn-border.json	模型/实验/数据集	61283	77db2146579b5512f740f77d31feab7ed88e5bdba3bdcbf09bc9e694b6df7b44
results/cnn-noaugment.json	模型/实验/数据集	61304	9e014bed2b46aa8f9b2fea51ddc1c7cb5a4bb7a9f21fb35f8cb39d7e2fadf089
results/cnn-previous.json	模型/实验/数据集	61275	be1a756653117f78b3d6d30080ef94ab80a6ab72821a9cc607c8dc7491c47d27
results/cnn-review-065.json	模型/实验/数据集	61250	9efa80ccdf2a26cff4172ce7d6c1fd957976893243b9766f6bd7936c951a8a46
results/controlled-cnn-augment-training.json	模型/实验/数据集	4595	ccd1f9ad3dfcbda680734ef2908d0404505cc0610e999584d822d319bcd6115b
results/controlled-cnn-border-training.json	模型/实验/数据集	4631	7e0bce847ad0f971438ef6745a59c6812ddb728bf3128177fa979ece00cfe73a
results/controlled-cnn-calibrated-training.json	模型/实验/数据集	394	7982942f7228cc879abd8625aa6f392292eb935da4397433ae8ec329ae374a62
results/controlled-cnn-noaugment-training.json	模型/实验/数据集	4596	db1c1bb940de73f8a03347324d8ddbe3122b051d5889867ecf935f35ebb5480c
results/controlled-hog-training.json	模型/实验/数据集	1553	3d92a67212184cb61602ef0ecaed16cde7a036904ccd585ef0b11bfbc456f52f
results/hog-train-only.json	模型/实验/数据集	61231	62d8a95c8698cd2252a08313b684fe8f97a70a9ea7f4cecdc24799a65b6c649f
results/images/empty_center_light-0.png	模型/实验/数据集	156178	153cb7440787f6aacd41ae1a3d0c397eed9af2086521fab42f8ec3b56a26a6bf
results/images/empty_center_light-1.png	模型/实验/数据集	154350	17afc8fd12599627ccb9873e11011fcc2966e53ce72cce7d45495d03d8e71e4b
results/images/empty_gradient-0.png	模型/实验/数据集	126689	840ae24b289857fe8db52fa338e70de5a2508facbd544856736e2ba964971594
results/images/empty_gradient-1.png	模型/实验/数据集	126652	9f5dedddaa7802dac8ad4d403292298895afa53f2f6d6b595fc0e70f7eb5a6dd
results/images/empty_uniform-0.png	模型/实验/数据集	4760	57b29051dc04ed2b0e56dad10e8f65501fc8bfa3d0172f742039c26c4eb644b7
results/images/empty_uniform-1.png	模型/实验/数据集	6975	b49865b107642d0c56952b612f507dc28d6c775f3bfdf44c31e22117c56d9fca
results/images/report.json	模型/实验/数据集	1682	5d25b34ca6733510cb2bc5f6ac18a29dd057dd7d6d632be17bde3ddd62c8d308
results/probe-cnn.json	模型/实验/数据集	15509	7f01bdda2888f793b5443296e097d2854f17ef698e1d9557dc44a647d776e409
results/probe-hog.json	模型/实验/数据集	15464	96b0672da3f8d20a3b6503e3e949b7a7f8a09fc725a70c61bac8dc5d443b764f
results/probe-yolo.json	模型/实验/数据集	15505	43d04e7d6d90970e6dfc6044fe7dcdfd23cff760d5740157271bf59360d42f24
results/yolo-reference.json	模型/实验/数据集	61203	a6e704a5d711188af863dc2f5a53cc1799acd31fc4d7671e6f3020475153e1b5
sim/README.md	文档/计划/接口说明	9045	69699aaf97fefc44d972a0548069dbb23f21a5b27c5f4c31cab3ab02021bdcce
sim/arch_test/suite/.git/HEAD	第三方架构测试源码/参考/框架	34	77f8793a0c956fd0c6074a94204cd82a2aabbdd79d29092ed509b76a6c2c2ec1
sim/arch_test/suite/.git/config	第三方架构测试源码/参考/框架	331	e156246629b94b5b72a3bf85bc23432f031d24db346c53539b7768d4e71b372a
sim/arch_test/suite/.git/description	第三方架构测试源码/参考/框架	73	85ab6c163d43a17ea9cf7788308bca1466f1b0a8d1cc92e26e9bf63da4062aee
sim/arch_test/suite/.git/hooks/applypatch-msg.sample	第三方架构测试源码/参考/框架	478	0223497a0b8b033aa58a3a521b8629869386cf7ab0e2f101963d328aa62193f7
sim/arch_test/suite/.git/hooks/commit-msg.sample	第三方架构测试源码/参考/框架	896	1f74d5e9292979b573ebd59741d46cb93ff391acdd083d340b94370753d92437
sim/arch_test/suite/.git/hooks/fsmonitor-watchman.sample	第三方架构测试源码/参考/框架	4655	f3c0228d8e827f1c5260ac59fdd92c3d425c46e54711ef713c5a54ae0a4db2b4
sim/arch_test/suite/.git/hooks/post-update.sample	第三方架构测试源码/参考/框架	189	81765af2daef323061dcbc5e61fc16481cb74b3bac9ad8a174b186523586f6c5
sim/arch_test/suite/.git/hooks/pre-applypatch.sample	第三方架构测试源码/参考/框架	424	e15c5b469ea3e0a695bea6f2c82bcf8e62821074939ddd85b77e0007ff165475
sim/arch_test/suite/.git/hooks/pre-commit.sample	第三方架构测试源码/参考/框架	1643	f9af7d95eb1231ecf2eba9770fedfa8d4797a12b02d7240e98d568201251244a
sim/arch_test/suite/.git/hooks/pre-merge-commit.sample	第三方架构测试源码/参考/框架	416	d3825a70337940ebbd0a5c072984e13245920cdf8898bd225c8d27a6dfc9cb53
sim/arch_test/suite/.git/hooks/pre-push.sample	第三方架构测试源码/参考/框架	1374	ecce9c7e04d3f5dd9d8ada81753dd1d549a9634b26770042b58dda00217d086a
sim/arch_test/suite/.git/hooks/pre-rebase.sample	第三方架构测试源码/参考/框架	4898	4febce867790052338076f4e66cc47efb14879d18097d1d61c8261859eaaa7b3
sim/arch_test/suite/.git/hooks/pre-receive.sample	第三方架构测试源码/参考/框架	544	a4c3d2b9c7bb3fd8d1441c31bd4ee71a595d66b44fcf49ddb310252320169989
sim/arch_test/suite/.git/hooks/prepare-commit-msg.sample	第三方架构测试源码/参考/框架	1492	e9ddcaa4189fddd25ed97fc8c789eca7b6ca16390b2392ae3276f0c8e1aa4619
sim/arch_test/suite/.git/hooks/push-to-checkout.sample	第三方架构测试源码/参考/框架	2783	a53d0741798b287c6dd7afa64aee473f305e65d3f49463bb9d7408ec3b12bf5f
sim/arch_test/suite/.git/hooks/update.sample	第三方架构测试源码/参考/框架	3650	8d5f2fa83e103cf08b57eaa67521df9194f45cbdbcb37da52ad586097a14d106
sim/arch_test/suite/.git/index	第三方架构测试源码/参考/框架	330034	27d04af64cdcba4192bdf96d9cb0505d4a652b371d1a95f283af84072d083887
sim/arch_test/suite/.git/info/exclude	第三方架构测试源码/参考/框架	240	6671fe83b7a07c8932ee89164d1f2793b2318058eb8b98dc5c06ee0a5a3b0ec1
sim/arch_test/suite/.git/logs/HEAD	第三方架构测试源码/参考/框架	193	c46305edab7b0a31506469c5e4ea01302f3e3f93e5492f49d37559bf1275148e
sim/arch_test/suite/.git/logs/refs/heads/old-framework-2.x	第三方架构测试源码/参考/框架	193	c46305edab7b0a31506469c5e4ea01302f3e3f93e5492f49d37559bf1275148e
sim/arch_test/suite/.git/objects/pack/pack-216a99fa591ee03747d1db6984435699c6b5c9a0.idx	第三方架构测试源码/参考/框架	77232	d60e4057cc42f46d09b577f52ca573c47ea22ed5b49fecb97eaa8021bc85d281
sim/arch_test/suite/.git/objects/pack/pack-216a99fa591ee03747d1db6984435699c6b5c9a0.pack	第三方架构测试源码/参考/框架	51006957	0e04d7eccc8103fd7806cf0b01dce97451ed93c29c827eed7103da2a92b3aed9
sim/arch_test/suite/.git/packed-refs	第三方架构测试源码/参考/框架	125	0ae213474ed63a1f5a0109bbdc6055eccac573262afc76ddb8bda08d38be4662
sim/arch_test/suite/.git/refs/heads/old-framework-2.x	第三方架构测试源码/参考/框架	41	07fec6f0596ce68c88b30f2ee8542d7de2dcc89b2eda1da1c61d251e72e943ce
sim/arch_test/suite/.git/shallow	第三方架构测试源码/参考/框架	41	07fec6f0596ce68c88b30f2ee8542d7de2dcc89b2eda1da1c61d251e72e943ce
sim/arch_test/suite/.github/workflows/main.yml	第三方架构测试源码/参考/框架	2814	aeb6bc5523ab37da6fdc1180f98db64c09af48b0bd9753c3bfb86f6d4cb4f509
sim/arch_test/suite/.github/workflows/test.yml	第三方架构测试源码/参考/框架	1067	2389b710cbf01cb60bf249c14a38d7b407ed478f9cea00acf2514e41de140026
sim/arch_test/suite/.gitignore	第三方架构测试源码/参考/框架	174	8950517971d44162bfabadb21bbb2c9cc1780abaca5ccf0d903f3cc54cdcfe95
sim/arch_test/suite/CHANGELOG.md	第三方架构测试源码/参考/框架	20863	dc56717d9c3aac7379a8b56a281f302fcb535bcbefb938fd916179a221ed7d8f
sim/arch_test/suite/CONTRIBUTION.md	第三方架构测试源码/参考/框架	3291	1afce566e14fbdbdc7c597a054ce54a600bd42aec080c1af0f955b04845b5379
sim/arch_test/suite/COPYING.APACHE	第三方架构测试源码/参考/框架	11358	cfc7749b96f63bd31c3c42b5c471bf756814053e847c10f3eb003417bc523d30
sim/arch_test/suite/COPYING.BSD	第三方架构测试源码/参考/框架	1477	c0244a5bdfac2a90eca99d7e208752b85af1b19ace65801a82358d3e6ed0d8f6
sim/arch_test/suite/COPYING.CC	第三方架构测试源码/参考/框架	18651	2a82ac9bbc3e3ee066908381e8d373896db5a6025d083fbd59692fe9ccfb9111
sim/arch_test/suite/Makefile	第三方架构测试源码/参考/框架	3932	e3f0e15498b63cf589c037fd3528f18613accc4a0f4b55bad7c40f1d839bee09
sim/arch_test/suite/Makefile.include	第三方架构测试源码/参考/框架	1498	b481098f2c41ae46b672ce3696f5e89868a30db8ce3c5c4660c24b9c80d8bb78
sim/arch_test/suite/README.md	第三方架构测试源码/参考/框架	5173	42f27ea49fd5b60383bed4ac577f655bfa7149f0a246516a7b3298c584967a95
sim/arch_test/suite/doc/.gitignore	第三方架构测试源码/参考/框架	79	1c51e9e3e5c75ae81ca488eceeb283b3e2931a5c3a661b59b00479a481067539
sim/arch_test/suite/doc/ChangeLog	第三方架构测试源码/参考/框架	4916	43010925351be3aabc65f883ce778404c39ca2f53a144b364d7c624f74310d23
sim/arch_test/suite/doc/MIGRATION.adoc	第三方架构测试源码/参考/框架	3479	118d06e26d94b52fb2806dadb4e4291d55e4daf5935f54f80084cd93569a0f69
sim/arch_test/suite/doc/Makefile	第三方架构测试源码/参考/框架	2976	a1cb75c05b526871b1c4130f1f1839b30c739e4fb09e379b5ce2e2d23ad18d78
sim/arch_test/suite/doc/README.adoc	第三方架构测试源码/参考/框架	20555	aa10e790aa9b6408402491c0b3002a16019a9d16f4fbb927321a314ac2d0fcdf
sim/arch_test/suite/doc/custom.wordlist	第三方架构测试源码/参考/框架	561	016e4ae417e4e6de15fdf22bd2d179967dcdab4ed3d44994f1c6dc5869ef1d58
sim/arch_test/suite/doc/file-struct.jpg	第三方架构测试源码/参考/框架	656873	9d29bd36f0cd77256497ee3dd33458b342037ea7ae86ee6cb8da159bf83dd0ad
sim/arch_test/suite/riscv-ovpsim/README.md	第三方架构测试源码/参考/框架	3016	530d851bbc824ad93a7a37176bf2688bca26dde129c2ed289625e11a353e2b7c
sim/arch_test/suite/riscv-ovpsim/riscvOVPsim.jpg	第三方架构测试源码/参考/框架	82365	3e6073a23d5822b06312645b4277c23f40cfad8121a563bdb54ecca3efa46d5c
sim/arch_test/suite/riscv-target/Codasip-simulator/compliance_io.h	第三方架构测试源码/参考/框架	565	a62cf8e7f8e548065c09d18055f2eb3f8d12399cb76e1c79c33b8eb210662773
sim/arch_test/suite/riscv-target/Codasip-simulator/compliance_test.h	第三方架构测试源码/参考/框架	2164	4ff7669c2997817a5fb911052fe0bc9232422127f244ea36a9ca198c55c21fde
sim/arch_test/suite/riscv-target/Codasip-simulator/device/rv32i/Makefile.include	第三方架构测试源码/参考/框架	788	3eb01f593e7b74738a126574edc8246e58eb4761e9ae5388061b72a5d4aa1dd7
sim/arch_test/suite/riscv-target/OpenHW/README.md	第三方架构测试源码/参考/框架	291	c160220e90217ed97cef503ecf1c50a60548fc286ee6c6263e103fb13fd12244
sim/arch_test/suite/riscv-target/OpenHW/compliance_io.h	第三方架构测试源码/参考/框架	9854	fa628305c87e3c61fdf80774b80abcf5fe48180942662470f21af6bcf4b0d110
sim/arch_test/suite/riscv-target/OpenHW/compliance_test.h	第三方架构测试源码/参考/框架	2574	137d44bbd62b259b421ef53e1ca8d87ff13a7de10ea9df23a509db9281d0de05
sim/arch_test/suite/riscv-target/OpenHW/device/cv32e40p/Makefile.include	第三方架构测试源码/参考/框架	1628	acb51b7f06ec24e74e5369ef421050ecc8770a31fb15281df5dceaf6a9cf121f
sim/arch_test/suite/riscv-target/OpenHW/device/cv32e40p/Makefile.include.ovp	第三方架构测试源码/参考/框架	2193	adee31bc68dcf74b89ce6c92434cc8995572493092894018216a96b92f0c3c2f
sim/arch_test/suite/riscv-target/OpenHW/device/cv32e40p/README.txt	第三方架构测试源码/参考/框架	1060	27688cd8a063e3e03d2e7d0e3898be34383624386b7f99b819ae59a66bd2cb86
sim/arch_test/suite/riscv-target/OpenHW/device/cv32e40p/handler.S	第三方架构测试源码/参考/框架	558	3a8c4baa53d8011c13132c4435f8c39e17af8c1a89fd8bc8292fe14a8c17d295
sim/arch_test/suite/riscv-target/OpenHW/device/cv32e40p/link.ld	第三方架构测试源码/参考/框架	393	b9186be44d786bb3856990f904421cd2fa6242c673cc4af667dbc3944420c6be
sim/arch_test/suite/riscv-target/OpenHW/device/cv32e40p/runtarget.sh	第三方架构测试源码/参考/框架	461	2bdf8bbafdf51b454bd2f77096cdfd8c14cc4082e502c21d6b9c46afb7b024b4
sim/arch_test/suite/riscv-target/README.md	第三方架构测试源码/参考/框架	368	19e3deb270b103509f440841a5113645a0ca91f00390184f40f431519df366b2
sim/arch_test/suite/riscv-target/example-target/README.adoc	第三方架构测试源码/参考/框架	3599	2bcfd299cafb27667264d0d722228b3cb42a48b0fc60ae9efeb840714a9bea62
sim/arch_test/suite/riscv-target/example-target/device/rv32i_m/C/Makefile.include	符号链接：../Makefile.include	-	-
sim/arch_test/suite/riscv-target/example-target/device/rv32i_m/I/Makefile.include	符号链接：../Makefile.include	-	-
sim/arch_test/suite/riscv-target/example-target/device/rv32i_m/M/Makefile.include	符号链接：../Makefile.include	-	-
sim/arch_test/suite/riscv-target/example-target/device/rv32i_m/Makefile.include	第三方架构测试源码/参考/框架	1381	de6ebd3d9ce7d2a90c59dc84f0fb1e5406e08bf7ffb97016588417d58448eca3
sim/arch_test/suite/riscv-target/example-target/device/rv32i_m/Zifencei/Makefile.include	符号链接：../Makefile.include	-	-
sim/arch_test/suite/riscv-target/example-target/device/rv32i_m/privilege/Makefile.include	符号链接：../Makefile.include	-	-
sim/arch_test/suite/riscv-target/example-target/device/rv64i_m/C/Makefile.include	符号链接：../Makefile.include	-	-
sim/arch_test/suite/riscv-target/example-target/device/rv64i_m/I/Makefile.include	符号链接：../Makefile.include	-	-
sim/arch_test/suite/riscv-target/example-target/device/rv64i_m/M/Makefile.include	符号链接：../Makefile.include	-	-
sim/arch_test/suite/riscv-target/example-target/device/rv64i_m/Makefile.include	第三方架构测试源码/参考/框架	1369	c30a0d4c5415875bed7b37184baf57cb65fd34c0a941bc93881ddf491dc09434
sim/arch_test/suite/riscv-target/example-target/device/rv64i_m/Zifencei/Makefile.include	符号链接：../Makefile.include	-	-
sim/arch_test/suite/riscv-target/example-target/device/rv64i_m/privilege/Makefile.include	符号链接：../Makefile.include	-	-
sim/arch_test/suite/riscv-target/example-target/env/linkmono.ld	第三方架构测试源码/参考/框架	309	7df3ca1543417fa5753ffc5feb85c9e83a8b36b31bff5ccee0c531bf0159a034
sim/arch_test/suite/riscv-target/example-target/env/linksplit.ld	第三方架构测试源码/参考/框架	1393	e9b92bb5a45ebf812a55943327309a9db0d9d02b83ed412e4a42b5c1726c6aae
sim/arch_test/suite/riscv-target/example-target/linker_script.adoc	第三方架构测试源码/参考/框架	3116	d25e6c6b405bc1c4f133a24230921fc51f7d8be27f081c25583ff3a2aa12b95a
sim/arch_test/suite/riscv-target/example-target/model_test.h	第三方架构测试源码/参考/框架	7264	25cae37ab0cc7a4b3ac6ecc580a285beb9fa31470e93895fd6192039b282b759
sim/arch_test/suite/riscv-target/grift/README.md	第三方架构测试源码/参考/框架	377	262a4e3f5700eb0f6d5a17eda657f7bffb2a5477253923fe28e0defa49f22c14
sim/arch_test/suite/riscv-target/grift/device/rv32i_m/C/Makefile.include	第三方架构测试源码/参考/框架	1358	e4350ae7c7ec363bc8e36fda965dca47aea1081ddb5cf3fc9a1b940dd12d2a8a
sim/arch_test/suite/riscv-target/grift/device/rv32i_m/I/Makefile.include	第三方架构测试源码/参考/框架	1354	925865c8c62597a75b1420271f3400954fb577c834e92be3735f534b6d7f9230
sim/arch_test/suite/riscv-target/grift/device/rv32i_m/M/Makefile.include	第三方架构测试源码/参考/框架	1355	ef49e2a7e4b4be80c566ecfb8f28dbe62cd19c6d5163c1dde616572da3010567
sim/arch_test/suite/riscv-target/grift/device/rv32i_m/Zifencei/Makefile.include	第三方架构测试源码/参考/框架	1354	925865c8c62597a75b1420271f3400954fb577c834e92be3735f534b6d7f9230
sim/arch_test/suite/riscv-target/grift/device/rv32i_m/privilege/Makefile.include	第三方架构测试源码/参考/框架	1355	b79c2d921c280c7cdf042ee6fe7d2645095d156bd91039b747ec00f5a8c6f4d0
sim/arch_test/suite/riscv-target/grift/link.ld	第三方架构测试源码/参考/框架	320	bf7c787efb08817ec7c2834981ceb1ecc5aeeb2f3ff1cc7828d234d79b70d226
sim/arch_test/suite/riscv-target/grift/model_test.h	第三方架构测试源码/参考/框架	2119	1770eb9d32a2d69af95778a33346212d768f745a82d5cdf23761587ed66428c8
sim/arch_test/suite/riscv-target/ibex/README.md	第三方架构测试源码/参考/框架	779	08743cb1c25dc5e41fd36def624ae9a206d8e86844fb3e9162b3bfb94debe028
sim/arch_test/suite/riscv-target/ibex/device/rv32imc/Makefile.include	第三方架构测试源码/参考/框架	1274	95087c19cbfde0816e7e4e24d4fa4a538bde8a9c9b72ca4d18aa450a63adeae4
sim/arch_test/suite/riscv-target/ibex/device/rv32imc/handler.S	第三方架构测试源码/参考/框架	558	3a8c4baa53d8011c13132c4435f8c39e17af8c1a89fd8bc8292fe14a8c17d295
sim/arch_test/suite/riscv-target/ibex/device/rv32imc/isa.yaml	第三方架构测试源码/参考/框架	1623	087da542c54bb019e92d5b624ba333d7616d19fce277c23a9d93e48a5111ded1
sim/arch_test/suite/riscv-target/ibex/device/rv32imc/link.ld	第三方架构测试源码/参考/框架	367	fe73025e68c9a3e00e84a3b512bdc5faf4b047ebc309a5914c56eda157341947
sim/arch_test/suite/riscv-target/ibex/device/rv32imc/platform.yaml	第三方架构测试源码/参考/框架	717	ac610e35bc71dccea2b9b1613987e119e7ffee8f16d24c21518dc258674d7588
sim/arch_test/suite/riscv-target/ibex/model_test.h	第三方架构测试源码/参考/框架	3539	74fd57e6a0749ce0cabca5b79c0df0744c54ecb4463c81f2ec306e27a3b0c651
sim/arch_test/suite/riscv-target/ri5cy/README.md	第三方架构测试源码/参考/框架	746	b4dc5df57a0199ed3194ae4334fd16d940240cad12b502bcfacc1edfced28740
sim/arch_test/suite/riscv-target/ri5cy/device/rv32imc/Makefile.include	第三方架构测试源码/参考/框架	1181	21b28151d829cfd0085bc97b022af2788ec8e8efaf908c6f4c9626b47073755d
sim/arch_test/suite/riscv-target/ri5cy/device/rv32imc/handler.S	第三方架构测试源码/参考/框架	558	3a8c4baa53d8011c13132c4435f8c39e17af8c1a89fd8bc8292fe14a8c17d295
sim/arch_test/suite/riscv-target/ri5cy/device/rv32imc/link.ld	第三方架构测试源码/参考/框架	393	b9186be44d786bb3856990f904421cd2fa6242c673cc4af667dbc3944420c6be
sim/arch_test/suite/riscv-target/ri5cy/model_test.h	第三方架构测试源码/参考/框架	12444	2951f372b9dc92ca8aaca381ee95c17b8b2ca362f02114809eed41fd3fdc53a1
sim/arch_test/suite/riscv-target/riscvOVPsim/README.md	第三方架构测试源码/参考/框架	2415	cf938f526204fa4c8583beb8c853c893e5071448701914a741e8d19277e99668
sim/arch_test/suite/riscv-target/riscvOVPsim/cover.sh	第三方架构测试源码/参考/框架	4023	c0e4eab2463c2b50e50eb7178f54d36872e062b6395553c8275184397e39a5cb
sim/arch_test/suite/riscv-target/riscvOVPsim/device/rv32i_m/C/Makefile.include	第三方架构测试源码/参考/框架	2055	921f89c356dbc86cc3a9723c71423739d8079b7584e72ebfd2a44c5c2234d4c3
sim/arch_test/suite/riscv-target/riscvOVPsim/device/rv32i_m/I/Makefile.include	第三方架构测试源码/参考/框架	2032	f7bb8ec1c7e841c3e653188b2057aec96346c8b150654c6e1974a402509b1782
sim/arch_test/suite/riscv-target/riscvOVPsim/device/rv32i_m/K/Makefile.include	第三方架构测试源码/参考/框架	1808	8b58bb1f8b97401ce6608e4c43153eb04ba0f99ac68bfb2f56bb99d8d14e12fa
sim/arch_test/suite/riscv-target/riscvOVPsim/device/rv32i_m/M/Makefile.include	第三方架构测试源码/参考/框架	2033	1a75b5b6250a4384ee1a3c45fd8078706a7af098404ca1b16ef5eb086ec4e8d3
sim/arch_test/suite/riscv-target/riscvOVPsim/device/rv32i_m/Zifencei/Makefile.include	第三方架构测试源码/参考/框架	1968	1a1688282b5aafa0a9bf277047746ca447985247ae9db803516242c786348f7e
sim/arch_test/suite/riscv-target/riscvOVPsim/device/rv32i_m/privilege/Makefile.include	第三方架构测试源码/参考/框架	1967	dfcdcde9e10c63797f0168bbf132917130cad646a85ec27614b595853230c6c1
sim/arch_test/suite/riscv-target/riscvOVPsim/device/rv64i_m/C/Makefile.include	第三方架构测试源码/参考/框架	2055	8df6a24181e7efe3e902004a0d549be74a332804a4771e5d28f6d0717716997c
sim/arch_test/suite/riscv-target/riscvOVPsim/device/rv64i_m/I/Makefile.include	第三方架构测试源码/参考/框架	2032	e09c9c9fb8ddd5ba9d7d00ae4789c883b6093554664345fe5551fc1adeb52f7c
sim/arch_test/suite/riscv-target/riscvOVPsim/device/rv64i_m/K/Makefile.include	第三方架构测试源码/参考/框架	1808	cc2ce87c1be6ba6a3fb94b496786fd1892ccad8a3a801fcd584836e6425664dd
sim/arch_test/suite/riscv-target/riscvOVPsim/device/rv64i_m/M/Makefile.include	第三方架构测试源码/参考/框架	2033	e159ceece7bf1782f674f72cd21d6c8466447af086bde1ace40b3a6929d6ff83
sim/arch_test/suite/riscv-target/riscvOVPsim/device/rv64i_m/Zifencei/Makefile.include	第三方架构测试源码/参考/框架	1968	bc91b14baad6577b2f4bded9e938f140550c9b8bb4d9dfc2553b9be15f09bb12
sim/arch_test/suite/riscv-target/riscvOVPsim/device/rv64i_m/privilege/Makefile.include	第三方架构测试源码/参考/框架	1967	74cad313d0cfb5ee99ebe0bb6a2b6f92537e1e1ab87c3f5a54e739b3f43ca845
sim/arch_test/suite/riscv-target/riscvOVPsim/link.ld	第三方架构测试源码/参考/框架	320	bf7c787efb08817ec7c2834981ceb1ecc5aeeb2f3ff1cc7828d234d79b70d226
sim/arch_test/suite/riscv-target/riscvOVPsim/model_test.h	第三方架构测试源码/参考/框架	14404	582e62534b22cc789e98f72248fa5a2d8c938390b689c2712e50758dda0c44a8
sim/arch_test/suite/riscv-target/riscvOVPsim/postverify.sh	第三方架构测试源码/参考/框架	63	761aa454480dbcdb5bcf8788441da9ff7ef5189206ccef9dcc7206e101ab3dd0
sim/arch_test/suite/riscv-target/riscvOVPsim_0p1/README.md	第三方架构测试源码/参考/框架	769	c8378d86ede5604429c135573cb1957210e1f16da0ac935e75d75f2e66ed1e99
sim/arch_test/suite/riscv-target/riscvOVPsim_0p1/device/rv32i_m/C/Makefile.include	第三方架构测试源码/参考/框架	1604	49ce06aaf58c016576fdf6cc2452700f84606fe91ad83c3086e871de371b676f
sim/arch_test/suite/riscv-target/riscvOVPsim_0p1/device/rv32i_m/I/Makefile.include	第三方架构测试源码/参考/框架	1603	98ea7dfcdfc6f26fd5f02845a91091f38e6468de718e60a02b273f8fbf1094e1
sim/arch_test/suite/riscv-target/riscvOVPsim_0p1/device/rv32i_m/M/Makefile.include	第三方架构测试源码/参考/框架	1603	b210588e222eaf781165e88eebfb3c6fc718879387da53eb19250922cf977460
sim/arch_test/suite/riscv-target/riscvOVPsim_0p1/device/rv32i_m/Zifencei/Makefile.include	第三方架构测试源码/参考/框架	1535	fb6a781d965f3e75d4331fdd70115f0368c7b1e51904b1d651913c115c89cdba
sim/arch_test/suite/riscv-target/riscvOVPsim_0p1/device/rv32i_m/privilege/Makefile.include	第三方架构测试源码/参考/框架	1550	57156c7c8ed89b2687a98841196e1138ef566ea34aa97e21eec64fb4b8ab5795
sim/arch_test/suite/riscv-target/riscvOVPsim_0p1/device/rv64i_m/C/Makefile.include	第三方架构测试源码/参考/框架	1604	30cca86a2a57394f91da8db9f26af6f5cd5ee87b17a20f2f56ad3d58917e9f71
sim/arch_test/suite/riscv-target/riscvOVPsim_0p1/device/rv64i_m/I/Makefile.include	第三方架构测试源码/参考/框架	1603	b74becac6ea437b98dcceb835b4d7942ba255fbf738388741401607b7a1ef2c6
sim/arch_test/suite/riscv-target/riscvOVPsim_0p1/device/rv64i_m/M/Makefile.include	第三方架构测试源码/参考/框架	1603	c8d273c3e1fd5180b7a74986aeac42569a44b66355f5cce615bb4716df75d35d
sim/arch_test/suite/riscv-target/riscvOVPsim_0p1/device/rv64i_m/Zifencei/Makefile.include	第三方架构测试源码/参考/框架	1535	441d14666dc017703b0d282742dfe329bc56d0f7a27c2900d7a412407018f88d
sim/arch_test/suite/riscv-target/riscvOVPsim_0p1/device/rv64i_m/privilege/Makefile.include	第三方架构测试源码/参考/框架	1550	acc7d308f7b252f288b70300dc835c87eed65fce7e8920acf363ed1382a788b7
sim/arch_test/suite/riscv-target/riscvOVPsim_0p1/model_test.h	第三方架构测试源码/参考/框架	11620	abc46015e6973b0be0f88073e750029b9f95009ac6ca7ba585a63a2115b03c58
sim/arch_test/suite/riscv-target/riscvOVPsim_0p1/wip/rv64i/Makefile.include	第三方架构测试源码/参考/框架	1794	e821e1f6b7d016e0f2453cb076e51cf8154824ad0782304fddb9b0f295c9cd67
sim/arch_test/suite/riscv-target/riscvOVPsim_0p1/wip/rv64im/Makefile.include	第三方架构测试源码/参考/框架	1795	a2c4f13f55da7dd32130b9115d558372c9c46cfb39e9f173d246fcc98a986625
sim/arch_test/suite/riscv-target/rocket/device/rv32i_m/C/Makefile.include	符号链接：../I/Makefile.include	-	-
sim/arch_test/suite/riscv-target/rocket/device/rv32i_m/I/Makefile.include	第三方架构测试源码/参考/框架	1211	f56ac8c0042a63a3ff29f5c614e8bb0657dc1c187a255f8aed413f4de5c47dfb
sim/arch_test/suite/riscv-target/rocket/device/rv32i_m/M/Makefile.include	符号链接：../I/Makefile.include	-	-
sim/arch_test/suite/riscv-target/rocket/device/rv32i_m/Zifencei/Makefile.include	第三方架构测试源码/参考/框架	1211	f56ac8c0042a63a3ff29f5c614e8bb0657dc1c187a255f8aed413f4de5c47dfb
sim/arch_test/suite/riscv-target/rocket/device/rv32i_m/privilege/Makefile.include	第三方架构测试源码/参考/框架	1211	f56ac8c0042a63a3ff29f5c614e8bb0657dc1c187a255f8aed413f4de5c47dfb
sim/arch_test/suite/riscv-target/rocket/model_test.h	第三方架构测试源码/参考/框架	2583	d006353cabe0492c41699e1466f90da1277e9daba4fc47fa6bd8b29e8f2a9091
sim/arch_test/suite/riscv-target/sail-riscv-c/README.md	第三方架构测试源码/参考/框架	653	d38c53cb8f1c863addbcc41a36287d5bec1fc5c477589c49aa5453a0fbbc8fa2
sim/arch_test/suite/riscv-target/sail-riscv-c/device/rv32i_m/C/Makefile.include	第三方架构测试源码/参考/框架	1296	d69749e092cac9be52e765093279a6aadd6692e3bd3403295e5267f786709bf1
sim/arch_test/suite/riscv-target/sail-riscv-c/device/rv32i_m/F/Makefile.include	第三方架构测试源码/参考/框架	1296	d69749e092cac9be52e765093279a6aadd6692e3bd3403295e5267f786709bf1
sim/arch_test/suite/riscv-target/sail-riscv-c/device/rv32i_m/I/Makefile.include	第三方架构测试源码/参考/框架	1297	e949d5829d0dae7291f36b0dcddcfdea691b4fccf75f59ceb2344bbda9fffcc0
sim/arch_test/suite/riscv-target/sail-riscv-c/device/rv32i_m/M/Makefile.include	第三方架构测试源码/参考/框架	1296	d69749e092cac9be52e765093279a6aadd6692e3bd3403295e5267f786709bf1
sim/arch_test/suite/riscv-target/sail-riscv-c/device/rv32i_m/Zifencei/Makefile.include	第三方架构测试源码/参考/框架	1296	d69749e092cac9be52e765093279a6aadd6692e3bd3403295e5267f786709bf1
sim/arch_test/suite/riscv-target/sail-riscv-c/device/rv32i_m/privilege/Makefile.include	第三方架构测试源码/参考/框架	1295	a4130a3848f330735ac5bef63bdd87bae314eb6b2124074c822963cb67803bb4
sim/arch_test/suite/riscv-target/sail-riscv-c/device/rv64i_m/C/Makefile.include	第三方架构测试源码/参考/框架	1295	9579830fc789eee7e77fb164ff6af972951f7217a564d890e5c73d07c6c51220
sim/arch_test/suite/riscv-target/sail-riscv-c/device/rv64i_m/I/Makefile.include	第三方架构测试源码/参考/框架	1297	da55b72d58015140468a10585383549a2187583018be93e60db5d0c058f14bc7
sim/arch_test/suite/riscv-target/sail-riscv-c/device/rv64i_m/M/Makefile.include	第三方架构测试源码/参考/框架	1296	473b90d833b66558afc6f9d3b60a1dd538a12a1eec8820893269fa7fb536f02e
sim/arch_test/suite/riscv-target/sail-riscv-c/device/rv64i_m/Zifencei/Makefile.include	第三方架构测试源码/参考/框架	1297	53531763669e12daac23976fea6c05c96fceea27135fd1b6e1be08f57c693d23
sim/arch_test/suite/riscv-target/sail-riscv-c/device/rv64i_m/privilege/Makefile.include	第三方架构测试源码/参考/框架	1296	473b90d833b66558afc6f9d3b60a1dd538a12a1eec8820893269fa7fb536f02e
sim/arch_test/suite/riscv-target/sail-riscv-c/link.ld	第三方架构测试源码/参考/框架	320	bf7c787efb08817ec7c2834981ceb1ecc5aeeb2f3ff1cc7828d234d79b70d226
sim/arch_test/suite/riscv-target/sail-riscv-c/model_test.h	第三方架构测试源码/参考/框架	2046	1bffda00786385fdcbe175c9fa62dc83210e9d1ebef37123de0ae0f5b663be37
sim/arch_test/suite/riscv-target/sail-riscv-ocaml/README.md	第三方架构测试源码/参考/框架	665	91674e21d71dc50d7da57c4bec4c19def2d735b0bffa573f480429ebe989de00
sim/arch_test/suite/riscv-target/sail-riscv-ocaml/device/rv32i_m/C/Makefile.include	第三方架构测试源码/参考/框架	1311	2397fc630bad5c63731404d5316f35b700fbf0de90cc744c8fdd4bf59ede7ef6
sim/arch_test/suite/riscv-target/sail-riscv-ocaml/device/rv32i_m/I/Makefile.include	第三方架构测试源码/参考/框架	1311	2397fc630bad5c63731404d5316f35b700fbf0de90cc744c8fdd4bf59ede7ef6
sim/arch_test/suite/riscv-target/sail-riscv-ocaml/device/rv32i_m/M/Makefile.include	第三方架构测试源码/参考/框架	1311	2397fc630bad5c63731404d5316f35b700fbf0de90cc744c8fdd4bf59ede7ef6
sim/arch_test/suite/riscv-target/sail-riscv-ocaml/device/rv32i_m/Zifencei/Makefile.include	第三方架构测试源码/参考/框架	1311	2397fc630bad5c63731404d5316f35b700fbf0de90cc744c8fdd4bf59ede7ef6
sim/arch_test/suite/riscv-target/sail-riscv-ocaml/device/rv32i_m/privilege/Makefile.include	第三方架构测试源码/参考/框架	1310	5726318dca0cc6b031d3dd9c3e85b45ef893c343086711c4dcf8e1b6120c2d9c
sim/arch_test/suite/riscv-target/sail-riscv-ocaml/device/rv64i_m/C/Makefile.include	第三方架构测试源码/参考/框架	1310	c6734dc953c41975360662eb0f853d03137999c73e568127288b2363fbf2aac9
sim/arch_test/suite/riscv-target/sail-riscv-ocaml/device/rv64i_m/I/Makefile.include	第三方架构测试源码/参考/框架	1311	640ccc4fc2530b25fc94b953b646e34008eca623599ac70476469d490ac6b241
sim/arch_test/suite/riscv-target/sail-riscv-ocaml/device/rv64i_m/M/Makefile.include	第三方架构测试源码/参考/框架	1311	640ccc4fc2530b25fc94b953b646e34008eca623599ac70476469d490ac6b241
sim/arch_test/suite/riscv-target/sail-riscv-ocaml/device/rv64i_m/Zifencei/Makefile.include	第三方架构测试源码/参考/框架	1312	103247cd6aedc5cef91e0d07458de953a7d309e647d735f58260dbd9d68870ad
sim/arch_test/suite/riscv-target/sail-riscv-ocaml/device/rv64i_m/privilege/Makefile.include	第三方架构测试源码/参考/框架	1311	640ccc4fc2530b25fc94b953b646e34008eca623599ac70476469d490ac6b241
sim/arch_test/suite/riscv-target/sail-riscv-ocaml/link.ld	第三方架构测试源码/参考/框架	320	bf7c787efb08817ec7c2834981ceb1ecc5aeeb2f3ff1cc7828d234d79b70d226
sim/arch_test/suite/riscv-target/sail-riscv-ocaml/model_test.h	第三方架构测试源码/参考/框架	2045	d0d92652a270c7a74a9ca1305c0fde0f6fd04cc5055c90dc99fe670012d5fd1f
sim/arch_test/suite/riscv-target/spike/README.md	第三方架构测试源码/参考/框架	256	919de5a0a7a29613668cb7d28b5b40fd619356316fe8b984de46510ed3e63dd3
sim/arch_test/suite/riscv-target/spike_0p1/README.md	第三方架构测试源码/参考/框架	277	2c6bbfb1374c1101b4ed16ed79a31602b956648726322f8843e127611c38e0ec
sim/arch_test/suite/riscv-target/spike_0p1/device/rv32i_m/C/Makefile.include	第三方架构测试源码/参考/框架	797	1a29372917b1c73ff2fd6108b9fcaf51de56f23c4d1cf5fbef5c8aa10ed88ebe
sim/arch_test/suite/riscv-target/spike_0p1/device/rv32i_m/I/Makefile.include	第三方架构测试源码/参考/框架	796	40e69386993b71f066e4bedd99a982856d1a5e867c2e4b2e056521bf77c2d7cc
sim/arch_test/suite/riscv-target/spike_0p1/device/rv32i_m/M/Makefile.include	第三方架构测试源码/参考/框架	866	d1e592f15437a48e1cf8940f0d2e89325ed31d840e8eccb8deec719e734ce081
sim/arch_test/suite/riscv-target/spike_0p1/device/rv32i_m/Zifencei/Makefile.include	第三方架构测试源码/参考/框架	796	40e69386993b71f066e4bedd99a982856d1a5e867c2e4b2e056521bf77c2d7cc
sim/arch_test/suite/riscv-target/spike_0p1/device/rv32i_m/privilege/Makefile.include	第三方架构测试源码/参考/框架	797	1a29372917b1c73ff2fd6108b9fcaf51de56f23c4d1cf5fbef5c8aa10ed88ebe
sim/arch_test/suite/riscv-target/spike_0p1/device/rv64i_m/C/Makefile.include	第三方架构测试源码/参考/框架	797	dece7bbc5e7282cb365580fbc3d757736312a4b7ed2447d763ee2628c688de35
sim/arch_test/suite/riscv-target/spike_0p1/device/rv64i_m/I/Makefile.include	第三方架构测试源码/参考/框架	796	faf9a6a10fbafcf497238aa8825365ac9fb831a58691ad6c111aa7a8535a8d40
sim/arch_test/suite/riscv-target/spike_0p1/device/rv64i_m/M/Makefile.include	第三方架构测试源码/参考/框架	866	cd49f996f7977ed36660199452a60097c5f9db691feb319744e7a1dc1f5520cd
sim/arch_test/suite/riscv-target/spike_0p1/device/rv64i_m/Zifencei/Makefile.include	第三方架构测试源码/参考/框架	796	faf9a6a10fbafcf497238aa8825365ac9fb831a58691ad6c111aa7a8535a8d40
sim/arch_test/suite/riscv-target/spike_0p1/device/rv64i_m/privilege/Makefile.include	第三方架构测试源码/参考/框架	797	dece7bbc5e7282cb365580fbc3d757736312a4b7ed2447d763ee2628c688de35
sim/arch_test/suite/riscv-target/spike_0p1/model_test.h	第三方架构测试源码/参考/框架	2587	dc6f5ba7edda746913178260f32c4708e2bc1e6f94f0d6e41c47b50646b8a9b4
sim/arch_test/suite/riscv-test-env/LICENSE	第三方架构测试源码/参考/框架	1402	43b7309213293b4323d65301a90e05472579abcd51feb260a850354bcb49ff8f
sim/arch_test/suite/riscv-test-env/arch_test.h	符号链接：../riscv-test-suite/env/arch_test.h	-	-
sim/arch_test/suite/riscv-test-env/encoding.h	符号链接：../riscv-test-suite/env/encoding.h	-	-
sim/arch_test/suite/riscv-test-env/p/link.ld	第三方架构测试源码/参考/框架	361	7d08fd3e7a85926c5ab76d9de9449d017271696b79db1306543734177ecb3497
sim/arch_test/suite/riscv-test-env/p/riscv_test.h	第三方架构测试源码/参考/框架	12737	e9720a8f518b9c1c09c1cff30810d87026f0fadb453f599ed38840c021b1222d
sim/arch_test/suite/riscv-test-env/pm/link.ld	第三方架构测试源码/参考/框架	272	2bd8d690e54985856599af6e3355ed2969dee43ca8c38bff6a481270c047d606
sim/arch_test/suite/riscv-test-env/pm/riscv_test.h	第三方架构测试源码/参考/框架	209	c8fd52069026194e2b0d6673f67651667df86b9d3d0074c6e08256aa07d41351
sim/arch_test/suite/riscv-test-env/pt/link.ld	第三方架构测试源码/参考/框架	272	2bd8d690e54985856599af6e3355ed2969dee43ca8c38bff6a481270c047d606
sim/arch_test/suite/riscv-test-env/pt/riscv_test.h	第三方架构测试源码/参考/框架	3744	ce5575186536a8791013b97ac03c84c0dddf611b01279cbbfebb86f5f9cc7f70
sim/arch_test/suite/riscv-test-env/v/entry.S	第三方架构测试源码/参考/框架	2720	76e5f7599b0b8d87994386feb5d70305d0c52dcc2492e3d648cd2856a0b402b4
sim/arch_test/suite/riscv-test-env/v/link.ld	第三方架构测试源码/参考/框架	272	2bd8d690e54985856599af6e3355ed2969dee43ca8c38bff6a481270c047d606
sim/arch_test/suite/riscv-test-env/v/riscv_test.h	第三方架构测试源码/参考/框架	2123	22935f1829f7d26c425cd3be04fe91942821d163735e554e2af93e1d1ea14311
sim/arch_test/suite/riscv-test-env/v/string.c	第三方架构测试源码/参考/框架	2072	1054522ec391785c394c771b1eb4a23ca707ba2c8a2e0f30e4f2d8224733ef51
sim/arch_test/suite/riscv-test-env/v/vm.c	第三方架构测试源码/参考/框架	7126	0fe59f598d142dd864757ed757fb3f8e98840da34f9e4cb1945f97d32c4c7138
sim/arch_test/suite/riscv-test-env/verify.sh	第三方架构测试源码/参考/框架	1874	2af6f8945ad526ef4da958825430f3349cadb588e7d828392e085a5f01e32945
sim/arch_test/suite/riscv-test-stats/coverage/README.md	第三方架构测试源码/参考/框架	10668	8992f87e48ca42590f0b77b34397744b23697fc1ed2383d9af822bfb47146305
sim/arch_test/suite/riscv-test-stats/coverage/dataset.yaml	第三方架构测试源码/参考/框架	7802	4bb389d0bbec19574527807a2cd8c96054840cea2d2a98d6b0e7a993abdac8cd
sim/arch_test/suite/riscv-test-stats/coverage/rv32e.yaml	第三方架构测试源码/参考/框架	19262	0900d2b92c7db483d1e493e0f61cb8339cd1e26d66f05d87c14466db15283fa4
sim/arch_test/suite/riscv-test-stats/coverage/rv32e_unratified/C/coverage.html	第三方架构测试源码/参考/框架	405720	d88ee2674e974307b82a4950e0decc7d87584d7f4537df4e4856ae6193e503ef
sim/arch_test/suite/riscv-test-stats/coverage/rv32e_unratified/C/style.css	第三方架构测试源码/参考/框架	3594	cf301889ea5855a1e3f5bc2a0010d04164ebf37f1ca6a9dd799b9a14785a529d
sim/arch_test/suite/riscv-test-stats/coverage/rv32e_unratified/C/suite_coverage.rpt	第三方架构测试源码/参考/框架	290726	5c433c082afdee03bc0e6daf1bb5f4d39ec227074f65605325cdd8f020b3504c
sim/arch_test/suite/riscv-test-stats/coverage/rv32e_unratified/E/coverage.html	第三方架构测试源码/参考/框架	695209	9665eadea9c01b288eb8b33247ada7537369f7d6dc12c5885f07c6e810a96d5c
sim/arch_test/suite/riscv-test-stats/coverage/rv32e_unratified/E/style.css	第三方架构测试源码/参考/框架	3594	cf301889ea5855a1e3f5bc2a0010d04164ebf37f1ca6a9dd799b9a14785a529d
sim/arch_test/suite/riscv-test-stats/coverage/rv32e_unratified/E/suite_coverage.rpt	第三方架构测试源码/参考/框架	797302	ca6a96d540dcaaccd020b104c5bd15aa1722d4f63c8b36669e5fe938351b34d8
sim/arch_test/suite/riscv-test-stats/coverage/rv32e_unratified/M/coverage.html	第三方架构测试源码/参考/框架	349934	c24028aaadb1cf5b18ef3d526707c864adce15cfdd21902842e7daca40fa5376
sim/arch_test/suite/riscv-test-stats/coverage/rv32e_unratified/M/style.css	第三方架构测试源码/参考/框架	3594	cf301889ea5855a1e3f5bc2a0010d04164ebf37f1ca6a9dd799b9a14785a529d
sim/arch_test/suite/riscv-test-stats/coverage/rv32e_unratified/M/suite_coverage.rpt	第三方架构测试源码/参考/框架	339493	9e1b5c8075e14a7e730bfc3a89e35ab67121fc09e9fe1632a65e3602b668c189
sim/arch_test/suite/riscv-test-stats/coverage/rv32ec.yaml	第三方架构测试源码/参考/框架	12280	e712df15985f4cf4221a72acd73a48e5acceca4d6f8c08e16ac1cfae65fe9687
sim/arch_test/suite/riscv-test-stats/coverage/rv32em.yaml	第三方架构测试源码/参考/框架	3635	becd2f20546134a4d37fe2344c2ba76156a2619b02d1d0691334c208f09f2ff2
sim/arch_test/suite/riscv-test-stats/coverage/rv32i.yaml	第三方架构测试源码/参考/框架	18302	601e2cc9031a8d31c01dd26afd9fcc9bffd844746508a1ed0911046d89a99297
sim/arch_test/suite/riscv-test-stats/coverage/rv32i_fencei.yaml	第三方架构测试源码/参考/框架	86	535dbe0c4d222c79118b8f98414f7fa0f48a2719cb93355f6f6879f2c42ec5cb
sim/arch_test/suite/riscv-test-stats/coverage/rv32i_m/C/coverage.html	第三方架构测试源码/参考/框架	368492	622b6945aa5d7384e77f07436124d03ac735c73ea0d7bc8c27e6612134148b88
sim/arch_test/suite/riscv-test-stats/coverage/rv32i_m/C/style.css	第三方架构测试源码/参考/框架	3362	9bb2803d147d24f5966f62c338239904a3ddf819c7eb980d106fd97605125861
sim/arch_test/suite/riscv-test-stats/coverage/rv32i_m/C/suite_coverage.rpt	第三方架构测试源码/参考/框架	209519	cacdc8d9cb4c476e3b419b8f1c53f24cb2b16782b62499fd32dc3d68ea865151
sim/arch_test/suite/riscv-test-stats/coverage/rv32i_m/F/rv32f_fadd/coverage.html	第三方架构测试源码/参考/框架	3318868	2e530ab254d74319f610cc4620b1886e854ac96d1e1a7b865eeec395e399e19e
sim/arch_test/suite/riscv-test-stats/coverage/rv32i_m/F/rv32f_fadd/style.css	第三方架构测试源码/参考/框架	3594	cf301889ea5855a1e3f5bc2a0010d04164ebf37f1ca6a9dd799b9a14785a529d
sim/arch_test/suite/riscv-test-stats/coverage/rv32i_m/F/rv32f_fadd/suite_coverage.rpt	第三方架构测试源码/参考/框架	3231796	16adb6c3504f30b3afb342e478bf29d82cd8e63a5bd21b4cfd232e1984e1ebf1
sim/arch_test/suite/riscv-test-stats/coverage/rv32i_m/F/rv32f_fclass/coverage.html	第三方架构测试源码/参考/框架	115135	1e97af22feab14cea1fbd20dba91e5fee74db7f568d1d0d827b8ed2c45a15003
sim/arch_test/suite/riscv-test-stats/coverage/rv32i_m/F/rv32f_fclass/style.css	第三方架构测试源码/参考/框架	3594	cf301889ea5855a1e3f5bc2a0010d04164ebf37f1ca6a9dd799b9a14785a529d
sim/arch_test/suite/riscv-test-stats/coverage/rv32i_m/F/rv32f_fclass/suite_coverage.rpt	第三方架构测试源码/参考/框架	11676	06fac5fb9291fac12ef573234f6694f2ce0bd2cf495dd5ef1dfadd1e340a5f6a
sim/arch_test/suite/riscv-test-stats/coverage/rv32i_m/F/rv32f_fcvt/coverage.html	第三方架构测试源码/参考/框架	265694	cc4d3aaa1c38bcd02f356db3315c40892b555c7e6f9eda095b4f465ef4a99ae0
sim/arch_test/suite/riscv-test-stats/coverage/rv32i_m/F/rv32f_fcvt/style.css	第三方架构测试源码/参考/框架	3594	cf301889ea5855a1e3f5bc2a0010d04164ebf37f1ca6a9dd799b9a14785a529d
sim/arch_test/suite/riscv-test-stats/coverage/rv32i_m/F/rv32f_fcvt/suite_coverage.rpt	第三方架构测试源码/参考/框架	151479	c90a1d234d2015f568fdf0b2f4d45c52b5e7c68e38b8a366fc56c0c1d7757045
sim/arch_test/suite/riscv-test-stats/coverage/rv32i_m/F/rv32f_fdiv/coverage.html	第三方架构测试源码/参考/框架	1649708	7c1c3e52f2735e13e2fce7835d754d0989265cbc13d7e5907dbdfc70fbb9efe5
sim/arch_test/suite/riscv-test-stats/coverage/rv32i_m/F/rv32f_fdiv/style.css	第三方架构测试源码/参考/框架	3594	cf301889ea5855a1e3f5bc2a0010d04164ebf37f1ca6a9dd799b9a14785a529d
sim/arch_test/suite/riscv-test-stats/coverage/rv32i_m/F/rv32f_fdiv/suite_coverage.rpt	第三方架构测试源码/参考/框架	1552445	082d43bb4aaf32f6c54218ae8d1ec5fea3d9ffedb7cef4737be6d5ece09da37e
sim/arch_test/suite/riscv-test-stats/coverage/rv32i_m/F/rv32f_feq/coverage.html	第三方架构测试源码/参考/框架	524404	8c70a476737ecc0776d0649f09cebeeb6a583d0aa8de238ad33da4c98cdc7e4c
sim/arch_test/suite/riscv-test-stats/coverage/rv32i_m/F/rv32f_feq/style.css	第三方架构测试源码/参考/框架	3594	cf301889ea5855a1e3f5bc2a0010d04164ebf37f1ca6a9dd799b9a14785a529d
sim/arch_test/suite/riscv-test-stats/coverage/rv32i_m/F/rv32f_feq/suite_coverage.rpt	第三方架构测试源码/参考/框架	423593	56c7ca0fa35b4bbc7cfe7ff2ed6e7d3ba2ae0f9ccfca8ef51723e354689b12d1
sim/arch_test/suite/riscv-test-stats/coverage/rv32i_m/F/rv32f_fle/coverage.html	第三方架构测试源码/参考/框架	524404	039dc52ff5071932e0e5f9580d552d98dc3da6901ad19519dfe64645a5db225c
sim/arch_test/suite/riscv-test-stats/coverage/rv32i_m/F/rv32f_fle/style.css	第三方架构测试源码/参考/框架	3594	cf301889ea5855a1e3f5bc2a0010d04164ebf37f1ca6a9dd799b9a14785a529d
sim/arch_test/suite/riscv-test-stats/coverage/rv32i_m/F/rv32f_fle/suite_coverage.rpt	第三方架构测试源码/参考/框架	423593	f1ae44bc297ac05d3aa4951565ebf1863057a252b6dd474f8cd79c250b3d8c46
sim/arch_test/suite/riscv-test-stats/coverage/rv32i_m/F/rv32f_flt/coverage.html	第三方架构测试源码/参考/框架	500780	82f247e77f911e03839ad85bc3494dec949b14b6d802bc4460c4a7a6ef9a8340
sim/arch_test/suite/riscv-test-stats/coverage/rv32i_m/F/rv32f_flt/style.css	第三方架构测试源码/参考/框架	3594	cf301889ea5855a1e3f5bc2a0010d04164ebf37f1ca6a9dd799b9a14785a529d
sim/arch_test/suite/riscv-test-stats/coverage/rv32i_m/F/rv32f_flt/suite_coverage.rpt	第三方架构测试源码/参考/框架	399799	4cbc9e5397e6b890599602a4a5cddd667d60ea21332adbbddd5218e2ac5559c4
sim/arch_test/suite/riscv-test-stats/coverage/rv32i_m/F/rv32f_flw/coverage.html	第三方架构测试源码/参考/框架	112730	71310a309914cf998e0319a8805b20d74da804a1512cb67698c26935c57bea70
sim/arch_test/suite/riscv-test-stats/coverage/rv32i_m/F/rv32f_flw/style.css	第三方架构测试源码/参考/框架	3594	cf301889ea5855a1e3f5bc2a0010d04164ebf37f1ca6a9dd799b9a14785a529d
sim/arch_test/suite/riscv-test-stats/coverage/rv32i_m/F/rv32f_flw/suite_coverage.rpt	第三方架构测试源码/参考/框架	9239	44cba63f0d1b204f27f8925aa35b31f46d5d833dc271785802234358a4e4b52f
sim/arch_test/suite/riscv-test-stats/coverage/rv32i_m/F/rv32f_fmadd/coverage.html	第三方架构测试源码/参考/框架	20683107	f2969c99100e8432aa44afd8d86384dedffd01038962de5a1c6db9a42fbc95e5
sim/arch_test/suite/riscv-test-stats/coverage/rv32i_m/F/rv32f_fmadd/style.css	第三方架构测试源码/参考/框架	3594	cf301889ea5855a1e3f5bc2a0010d04164ebf37f1ca6a9dd799b9a14785a529d
sim/arch_test/suite/riscv-test-stats/coverage/rv32i_m/F/rv32f_fmadd/suite_coverage.rpt	第三方架构测试源码/参考/框架	21024066	2669c2bdb0b935291edc669ef81a048e8dded477ccf64260e359be9808acbdad
sim/arch_test/suite/riscv-test-stats/coverage/rv32i_m/F/rv32f_fmax/coverage.html	第三方架构测试源码/参考/框架	491985	a800f74b718aab8efdbde36c8206ce1e8964f36bcdbd646fa0d884e2a139a1d2
sim/arch_test/suite/riscv-test-stats/coverage/rv32i_m/F/rv32f_fmax/style.css	第三方架构测试源码/参考/框架	3594	cf301889ea5855a1e3f5bc2a0010d04164ebf37f1ca6a9dd799b9a14785a529d
sim/arch_test/suite/riscv-test-stats/coverage/rv32i_m/F/rv32f_fmax/suite_coverage.rpt	第三方架构测试源码/参考/框架	390952	af143230a35254f43449e5e12e1dc00933e886368218460e5c559fb1e52125c4
sim/arch_test/suite/riscv-test-stats/coverage/rv32i_m/F/rv32f_fmin/coverage.html	第三方架构测试源码/参考/框架	502871	1f05822a04abbdc5ec054c952710cc8ce53735490d36344676dc138467ae93de
sim/arch_test/suite/riscv-test-stats/coverage/rv32i_m/F/rv32f_fmin/style.css	第三方架构测试源码/参考/框架	3594	cf301889ea5855a1e3f5bc2a0010d04164ebf37f1ca6a9dd799b9a14785a529d
sim/arch_test/suite/riscv-test-stats/coverage/rv32i_m/F/rv32f_fmin/suite_coverage.rpt	第三方架构测试源码/参考/框架	401912	906b84e360a5f7de4e43566ab55286e995fe9dcfd79a75864582b1b8fa37f5a8
sim/arch_test/suite/riscv-test-stats/coverage/rv32i_m/F/rv32f_fmsub/coverage.html	第三方架构测试源码/参考/框架	20684242	a8e57d82eef167c0e788d7a3e881a5dbfbe9f4f4d230af34cb8ab9e169f4b6ab
sim/arch_test/suite/riscv-test-stats/coverage/rv32i_m/F/rv32f_fmsub/style.css	第三方架构测试源码/参考/框架	3594	cf301889ea5855a1e3f5bc2a0010d04164ebf37f1ca6a9dd799b9a14785a529d
sim/arch_test/suite/riscv-test-stats/coverage/rv32i_m/F/rv32f_fmsub/suite_coverage.rpt	第三方架构测试源码/参考/框架	21025201	b151188111b8fe93765f1d3f182ea620495e8569eeb5cb61d17f64a919696988
sim/arch_test/suite/riscv-test-stats/coverage/rv32i_m/F/rv32f_fmul/coverage.html	第三方架构测试源码/参考/框架	1485410	e36fc645a570e7aca6f17775454e1254846ad971ecd66bda82408857c0491cc1
sim/arch_test/suite/riscv-test-stats/coverage/rv32i_m/F/rv32f_fmul/style.css	第三方架构测试源码/参考/框架	3594	cf301889ea5855a1e3f5bc2a0010d04164ebf37f1ca6a9dd799b9a14785a529d
sim/arch_test/suite/riscv-test-stats/coverage/rv32i_m/F/rv32f_fmul/suite_coverage.rpt	第三方架构测试源码/参考/框架	1387921	09dffd6aa780f72ab76f99bc65f73855d144be82176ce81ad7b9691f957fe1ed
sim/arch_test/suite/riscv-test-stats/coverage/rv32i_m/F/rv32f_fmv/coverage.html	第三方架构测试源码/参考/框架	143944	77f35e4b814e544b48901249fc5f9e28c46b10759dae333dccef5173e69cf849
sim/arch_test/suite/riscv-test-stats/coverage/rv32i_m/F/rv32f_fmv/style.css	第三方架构测试源码/参考/框架	3594	cf301889ea5855a1e3f5bc2a0010d04164ebf37f1ca6a9dd799b9a14785a529d
sim/arch_test/suite/riscv-test-stats/coverage/rv32i_m/F/rv32f_fmv/suite_coverage.rpt	第三方架构测试源码/参考/框架	34767	00454e2a7a1c2e75b6041ecc42696f732a7ede27ffaf2424c2b660ea1dcbdb76
sim/arch_test/suite/riscv-test-stats/coverage/rv32i_m/F/rv32f_fnmadd/coverage.html	第三方架构测试源码/参考/框架	20684843	6d413cfcfd31aad13753ecce8c13fec0e9315cd8b04d30f4932cbf29d86fd7ca
sim/arch_test/suite/riscv-test-stats/coverage/rv32i_m/F/rv32f_fnmadd/style.css	第三方架构测试源码/参考/框架	3594	cf301889ea5855a1e3f5bc2a0010d04164ebf37f1ca6a9dd799b9a14785a529d
sim/arch_test/suite/riscv-test-stats/coverage/rv32i_m/F/rv32f_fnmadd/suite_coverage.rpt	第三方架构测试源码/参考/框架	21025763	4012f45b707778e03e84bf98debc14108fcc2dcce813a920cef1e2bb1518025e
sim/arch_test/suite/riscv-test-stats/coverage/rv32i_m/F/rv32f_fnmsub/coverage.html	第三方架构测试源码/参考/框架	20683994	c22189bab9b779debdf1bf1097a155a8b04edd4f1168e2761a980d1a0d724e6c
sim/arch_test/suite/riscv-test-stats/coverage/rv32i_m/F/rv32f_fnmsub/style.css	第三方架构测试源码/参考/框架	3594	cf301889ea5855a1e3f5bc2a0010d04164ebf37f1ca6a9dd799b9a14785a529d
sim/arch_test/suite/riscv-test-stats/coverage/rv32i_m/F/rv32f_fnmsub/suite_coverage.rpt	第三方架构测试源码/参考/框架	21024914	1ef8061cb9d89afc97083c78a667ac2a8de4f2f7339d44ba46c43491fae4882f
sim/arch_test/suite/riscv-test-stats/coverage/rv32i_m/F/rv32f_fsgn/coverage.html	第三方架构测试源码/参考/框架	447282	3cfbe5beb9c29ce64235a2debc940ad05f60be9fcc3d74e1202a60f5e6eee007
sim/arch_test/suite/riscv-test-stats/coverage/rv32i_m/F/rv32f_fsgn/style.css	第三方架构测试源码/参考/框架	3594	cf301889ea5855a1e3f5bc2a0010d04164ebf37f1ca6a9dd799b9a14785a529d
sim/arch_test/suite/riscv-test-stats/coverage/rv32i_m/F/rv32f_fsgn/suite_coverage.rpt	第三方架构测试源码/参考/框架	345970	b135bb0c112df257f41e785b2cfae48ca931a6c693b8fd6565bedb62f697183c
sim/arch_test/suite/riscv-test-stats/coverage/rv32i_m/F/rv32f_fsqrt/coverage.html	第三方架构测试源码/参考/框架	183597	5d7027bc7579782837a4a909b8f63a1ab3cf47d53f7e994404c47d66770f720e
sim/arch_test/suite/riscv-test-stats/coverage/rv32i_m/F/rv32f_fsqrt/style.css	第三方架构测试源码/参考/框架	3594	cf301889ea5855a1e3f5bc2a0010d04164ebf37f1ca6a9dd799b9a14785a529d
sim/arch_test/suite/riscv-test-stats/coverage/rv32i_m/F/rv32f_fsqrt/suite_coverage.rpt	第三方架构测试源码/参考/框架	74912	57d6aece3b056beb1f0da34c7c0d8c52387f6a464df1c0c159aa17ec8ccc4f8c
sim/arch_test/suite/riscv-test-stats/coverage/rv32i_m/F/rv32f_fsub/coverage.html	第三方架构测试源码/参考/框架	3317887	1592a9ff759f0f5f5bf968cce91cca1c56de953b4c96507bdfc73ccf8d41939b
sim/arch_test/suite/riscv-test-stats/coverage/rv32i_m/F/rv32f_fsub/style.css	第三方架构测试源码/参考/框架	3594	cf301889ea5855a1e3f5bc2a0010d04164ebf37f1ca6a9dd799b9a14785a529d
sim/arch_test/suite/riscv-test-stats/coverage/rv32i_m/F/rv32f_fsub/suite_coverage.rpt	第三方架构测试源码/参考/框架	3230807	4f598e44bd31d6947faee92288622efeaef784d407eefd4ca0af6fb7ce9c198d
sim/arch_test/suite/riscv-test-stats/coverage/rv32i_m/F/rv32f_fsw/coverage.html	第三方架构测试源码/参考/框架	112731	3aaba4cbe8307eb7d4a26b07fe974ddc1e1c752e05b046e742323289142a3937
sim/arch_test/suite/riscv-test-stats/coverage/rv32i_m/F/rv32f_fsw/style.css	第三方架构测试源码/参考/框架	3594	cf301889ea5855a1e3f5bc2a0010d04164ebf37f1ca6a9dd799b9a14785a529d
sim/arch_test/suite/riscv-test-stats/coverage/rv32i_m/F/rv32f_fsw/suite_coverage.rpt	第三方架构测试源码/参考/框架	9240	4166fa17cde40a8b9796b0cd076d62e396078421cbfe8aaf1ce80f3380969970
sim/arch_test/suite/riscv-test-stats/coverage/rv32i_m/I/coverage.html	第三方架构测试源码/参考/框架	805605	f3af28cb663e7effdd553973308f4fb61d4d5d219c3c6ad03ce27449a78de963
sim/arch_test/suite/riscv-test-stats/coverage/rv32i_m/I/style.css	第三方架构测试源码/参考/框架	3594	cf301889ea5855a1e3f5bc2a0010d04164ebf37f1ca6a9dd799b9a14785a529d
sim/arch_test/suite/riscv-test-stats/coverage/rv32i_m/I/suite_coverage.rpt	第三方架构测试源码/参考/框架	615311	f1b66ae672d9541a948b957b70aa2e37e7af7fde0350e6ddf69f01ffdcd561d5
sim/arch_test/suite/riscv-test-stats/coverage/rv32i_m/K_unratified/coverage.html	第三方架构测试源码/参考/框架	884807	0da7714262d2496b0d1b3d474d073f7cb5162d98a51c2a05d99553be5bec5691
sim/arch_test/suite/riscv-test-stats/coverage/rv32i_m/K_unratified/style.css	第三方架构测试源码/参考/框架	3594	cf301889ea5855a1e3f5bc2a0010d04164ebf37f1ca6a9dd799b9a14785a529d
sim/arch_test/suite/riscv-test-stats/coverage/rv32i_m/K_unratified/suite_coverage.rpt	第三方架构测试源码/参考/框架	732166	fcba4c4ae7bbaa1073cb2e3a8d49b6d1e73243b1d2593550d19895f3ca373949
sim/arch_test/suite/riscv-test-stats/coverage/rv32i_m/M/coverage.html	第三方架构测试源码/参考/框架	400322	7fb8588f197a05c0c930dc38b6eddef74bc7229e97b7ef25308b091c371d9138
sim/arch_test/suite/riscv-test-stats/coverage/rv32i_m/M/style.css	第三方架构测试源码/参考/框架	3594	cf301889ea5855a1e3f5bc2a0010d04164ebf37f1ca6a9dd799b9a14785a529d
sim/arch_test/suite/riscv-test-stats/coverage/rv32i_m/M/suite_coverage.rpt	第三方架构测试源码/参考/框架	256902	a543da2d0ae229b9ee0d21caae0e434bebc97bb2d5d29f0a402bdab712d22041
sim/arch_test/suite/riscv-test-stats/coverage/rv32i_m/Zifencei/coverage.html	第三方架构测试源码/参考/框架	124498	ccb7113fcc621ccc339e2afe2d0ecf9e72bdad02d2b66ec57771aad263378326
sim/arch_test/suite/riscv-test-stats/coverage/rv32i_m/Zifencei/style.css	第三方架构测试源码/参考/框架	3362	9bb2803d147d24f5966f62c338239904a3ddf819c7eb980d106fd97605125861
sim/arch_test/suite/riscv-test-stats/coverage/rv32i_m/Zifencei/suite_coverage.rpt	第三方架构测试源码/参考/框架	83	71a79ece39662e66b28454aca9c0cb4b485e210c7703dcdff508c9c1e68c3847
sim/arch_test/suite/riscv-test-stats/coverage/rv32i_m/privilege/coverage.html	第三方架构测试源码/参考/框架	140922	992569295d977b4fe7fb76f625bba835a0fa93b98aecb96379c9e96473bb82e0
sim/arch_test/suite/riscv-test-stats/coverage/rv32i_m/privilege/style.css	第三方架构测试源码/参考/框架	3362	9bb2803d147d24f5966f62c338239904a3ddf819c7eb980d106fd97605125861
sim/arch_test/suite/riscv-test-stats/coverage/rv32i_m/privilege/suite_coverage.rpt	第三方架构测试源码/参考/框架	2520	bf38fb91ca022fcb2e5babb73c6a37b6b478a5bd811e5bc56dd3671392106094
sim/arch_test/suite/riscv-test-stats/coverage/rv32i_priv.yaml	第三方架构测试源码/参考/框架	4413	71b3a0c1ce5a6f1855cc6b7a8193d766d6383a753f28c94b553163d172988abc
sim/arch_test/suite/riscv-test-stats/coverage/rv32ic.yaml	第三方架构测试源码/参考/框架	11704	6af6c7ca0b2d48cdbac2d7bea1ca97c8a585ec0e61ca2edbca18c82ab2982db6
sim/arch_test/suite/riscv-test-stats/coverage/rv32ik.yaml	第三方架构测试源码/参考/框架	19939	5718eaa2cbd34ac8d7e5e09b6c8a5b1ba8f1def13b152731cb244b3424cb2ba1
sim/arch_test/suite/riscv-test-stats/coverage/rv32im.yaml	第三方架构测试源码/参考/框架	3236	c2bc5895dc9802960f7acf49baa24a888c198179c25bda53f5d17a3898faa04c
sim/arch_test/suite/riscv-test-stats/coverage/rv64i.yaml	第三方架构测试源码/参考/框架	24276	9819047c32b01263f5e39d5ef2879cd4cef559d4f43a65753e2d8d933e917166
sim/arch_test/suite/riscv-test-stats/coverage/rv64i_fencei.yaml	第三方架构测试源码/参考/框架	88	d44d3845beae1de1373259d3b775067eaa94d4494d7f9c891f324418b0351453
sim/arch_test/suite/riscv-test-stats/coverage/rv64i_m/C/coverage.html	第三方架构测试源码/参考/框架	572582	7fe08db1b40e2ecae77b3f3f785b5eff99258630cfdbaabb9011558f22ce1de8
sim/arch_test/suite/riscv-test-stats/coverage/rv64i_m/C/style.css	第三方架构测试源码/参考/框架	3362	9bb2803d147d24f5966f62c338239904a3ddf819c7eb980d106fd97605125861
sim/arch_test/suite/riscv-test-stats/coverage/rv64i_m/C/suite_coverage.rpt	第三方架构测试源码/参考/框架	403297	24782ac398e2c6388e47856b340c6e6cea634800ca61300d120f3c9a693fa03a
sim/arch_test/suite/riscv-test-stats/coverage/rv64i_m/D/rv64d_fadd/coverage.html	第三方架构测试源码/参考/框架	5521019	4870c97b2c7b4f2621813da17e6746a9e50309e644f737d09f3a4196917298a5
sim/arch_test/suite/riscv-test-stats/coverage/rv64i_m/D/rv64d_fadd/style.css	第三方架构测试源码/参考/框架	3594	cf301889ea5855a1e3f5bc2a0010d04164ebf37f1ca6a9dd799b9a14785a529d
sim/arch_test/suite/riscv-test-stats/coverage/rv64i_m/D/rv64d_fadd/suite_coverage.rpt	第三方架构测试源码/参考/框架	5509050	1d4bb5b6cc5ba89e4c5ab0f25b1bfd257540de64d105c8d7229607a2acbb2cfe
sim/arch_test/suite/riscv-test-stats/coverage/rv64i_m/D/rv64d_fclass/coverage.html	第三方架构测试源码/参考/框架	111566	9a0433505eb8ab3b1e90df8f0df4a43032cdfd62536e4b2dd3fc164c23c42c60
sim/arch_test/suite/riscv-test-stats/coverage/rv64i_m/D/rv64d_fclass/style.css	第三方架构测试源码/参考/框架	3594	cf301889ea5855a1e3f5bc2a0010d04164ebf37f1ca6a9dd799b9a14785a529d
sim/arch_test/suite/riscv-test-stats/coverage/rv64i_m/D/rv64d_fclass/suite_coverage.rpt	第三方架构测试源码/参考/框架	12062	4d25d673e3457e5770935c359f400da3ebf065827b418098d98dcb09ec139f8a
sim/arch_test/suite/riscv-test-stats/coverage/rv64i_m/D/rv64d_fcvt/coverage.html	第三方架构测试源码/参考/框架	491454	cae830a120ff9fbe3da85ed98a94bd1fb6829b51cc7a2a5bf65f29836277747e
sim/arch_test/suite/riscv-test-stats/coverage/rv64i_m/D/rv64d_fcvt/style.css	第三方架构测试源码/参考/框架	3594	cf301889ea5855a1e3f5bc2a0010d04164ebf37f1ca6a9dd799b9a14785a529d
sim/arch_test/suite/riscv-test-stats/coverage/rv64i_m/D/rv64d_fcvt/suite_coverage.rpt	第三方架构测试源码/参考/框架	359108	b80bdecdd2a287f189b1fa086dee941843499ad7aadddb9f0a04d1ffa3ce1d22
sim/arch_test/suite/riscv-test-stats/coverage/rv64i_m/D/rv64d_fdiv/coverage.html	第三方架构测试源码/参考/框架	2316570	547478cd11a73721b9366278685163775b29b21eb6fa4b2c4c2e59c7caadc76c
sim/arch_test/suite/riscv-test-stats/coverage/rv64i_m/D/rv64d_fdiv/style.css	第三方架构测试源码/参考/框架	3594	cf301889ea5855a1e3f5bc2a0010d04164ebf37f1ca6a9dd799b9a14785a529d
sim/arch_test/suite/riscv-test-stats/coverage/rv64i_m/D/rv64d_fdiv/suite_coverage.rpt	第三方架构测试源码/参考/框架	2255436	f47f7d43fcc978fb3a903f41b92db3dec3e107ab9528a68a0504124e63d364d1
sim/arch_test/suite/riscv-test-stats/coverage/rv64i_m/D/rv64d_feq/coverage.html	第三方架构测试源码/参考/框架	596365	a81b624cbbf0574909b2eb2a7ff1294f276928b0096500c84eed26ce809d045d
sim/arch_test/suite/riscv-test-stats/coverage/rv64i_m/D/rv64d_feq/style.css	第三方架构测试源码/参考/框架	3594	cf301889ea5855a1e3f5bc2a0010d04164ebf37f1ca6a9dd799b9a14785a529d
sim/arch_test/suite/riscv-test-stats/coverage/rv64i_m/D/rv64d_feq/suite_coverage.rpt	第三方架构测试源码/参考/框架	506445	857a3fd4f701b590e3ffd599950df3c3a2cfdc46bad721719aa2784f1ea0fe91
sim/arch_test/suite/riscv-test-stats/coverage/rv64i_m/D/rv64d_fld/coverage.html	第三方架构测试源码/参考/框架	108778	ff33686a25ebeb78b9c0d86206fc6ccaec383ffe5ef84cc9e95ba3b9d36f0887
sim/arch_test/suite/riscv-test-stats/coverage/rv64i_m/D/rv64d_fld/style.css	第三方架构测试源码/参考/框架	3594	cf301889ea5855a1e3f5bc2a0010d04164ebf37f1ca6a9dd799b9a14785a529d
sim/arch_test/suite/riscv-test-stats/coverage/rv64i_m/D/rv64d_fld/suite_coverage.rpt	第三方架构测试源码/参考/框架	9241	50667d4f226b084a0ea205e7503db2be0422705009479c27ab1a3f769f74c18e
sim/arch_test/suite/riscv-test-stats/coverage/rv64i_m/D/rv64d_fle/coverage.html	第三方架构测试源码/参考/框架	596365	074824ed7c8060f6c6897ca37fd71f00ba6091e3a13f4537cfc9ba373e0b4769
sim/arch_test/suite/riscv-test-stats/coverage/rv64i_m/D/rv64d_fle/style.css	第三方架构测试源码/参考/框架	3594	cf301889ea5855a1e3f5bc2a0010d04164ebf37f1ca6a9dd799b9a14785a529d
sim/arch_test/suite/riscv-test-stats/coverage/rv64i_m/D/rv64d_fle/suite_coverage.rpt	第三方架构测试源码/参考/框架	506445	00a72608d5a36d3b4c192a8526e547b57c973d489207453c4ce4097c81b62a7c
sim/arch_test/suite/riscv-test-stats/coverage/rv64i_m/D/rv64d_flt/coverage.html	第三方架构测试源码/参考/框架	612590	680f3c6140d2c68ecb06b44aa3eef57043d1758c3f29840eddf17d8b0f6fa8e1
sim/arch_test/suite/riscv-test-stats/coverage/rv64i_m/D/rv64d_flt/style.css	第三方架构测试源码/参考/框架	3594	cf301889ea5855a1e3f5bc2a0010d04164ebf37f1ca6a9dd799b9a14785a529d
sim/arch_test/suite/riscv-test-stats/coverage/rv64i_m/D/rv64d_flt/suite_coverage.rpt	第三方架构测试源码/参考/框架	522982	fcfac918791a3e90aacfcd52ddf96d3828be32e205ea65d0804eed0b132e67d8
sim/arch_test/suite/riscv-test-stats/coverage/rv64i_m/D/rv64d_fmadd/coverage.html	第三方架构测试源码/参考/框架	54710376	596507262df0ceb791233d6c1ddd2a88bc9713760b872543f4b3da1fb28fe7fd
sim/arch_test/suite/riscv-test-stats/coverage/rv64i_m/D/rv64d_fmadd/style.css	第三方架构测试源码/参考/框架	3594	cf301889ea5855a1e3f5bc2a0010d04164ebf37f1ca6a9dd799b9a14785a529d
sim/arch_test/suite/riscv-test-stats/coverage/rv64i_m/D/rv64d_fmadd/suite_coverage.rpt	第三方架构测试源码/参考/框架	55567538	6de7d4dadfd324969e37798b3d31d89ffdb97a8960040969b529d25110230258
sim/arch_test/suite/riscv-test-stats/coverage/rv64i_m/D/rv64d_fmax/coverage.html	第三方架构测试源码/参考/框架	600912	b83f4558b97f6709e2b6fccd93fa19488dbd8e9595045ebe810c7325f69c8861
sim/arch_test/suite/riscv-test-stats/coverage/rv64i_m/D/rv64d_fmax/style.css	第三方架构测试源码/参考/框架	3594	cf301889ea5855a1e3f5bc2a0010d04164ebf37f1ca6a9dd799b9a14785a529d
sim/arch_test/suite/riscv-test-stats/coverage/rv64i_m/D/rv64d_fmax/suite_coverage.rpt	第三方架构测试源码/参考/框架	511094	7b23eff2b4e8085f0f2a7c88cee541a49388dc1aba4eec9c10c0fde1ab9d8811
sim/arch_test/suite/riscv-test-stats/coverage/rv64i_m/D/rv64d_fmin/coverage.html	第三方架构测试源码/参考/框架	595314	19d2a7d263776d25dd510e94bf1b55881e76a1ffb0703a2353991686d1846f97
sim/arch_test/suite/riscv-test-stats/coverage/rv64i_m/D/rv64d_fmin/style.css	第三方架构测试源码/参考/框架	3594	cf301889ea5855a1e3f5bc2a0010d04164ebf37f1ca6a9dd799b9a14785a529d
sim/arch_test/suite/riscv-test-stats/coverage/rv64i_m/D/rv64d_fmin/suite_coverage.rpt	第三方架构测试源码/参考/框架	505394	f6fc6c98d178ae77b68ec54b2667d5a58c6020eb78c78a1edb2d34d7a923b541
sim/arch_test/suite/riscv-test-stats/coverage/rv64i_m/D/rv64d_fmsub/coverage.html	第三方架构测试源码/参考/框架	54710118	cc64debe5e89951451d5f50d3e3a64ea1e4137e737da7fd1e7dadd854c726507
sim/arch_test/suite/riscv-test-stats/coverage/rv64i_m/D/rv64d_fmsub/style.css	第三方架构测试源码/参考/框架	3594	cf301889ea5855a1e3f5bc2a0010d04164ebf37f1ca6a9dd799b9a14785a529d
sim/arch_test/suite/riscv-test-stats/coverage/rv64i_m/D/rv64d_fmsub/suite_coverage.rpt	第三方架构测试源码/参考/框架	55567280	ed9abaf3d0880e7415d0c5f5a909a5fc29bc5ac5de9621748b75a5713b07e736
sim/arch_test/suite/riscv-test-stats/coverage/rv64i_m/D/rv64d_fmul/coverage.html	第三方架构测试源码/参考/框架	2058750	614b51a0582633986008751b5bb129bcf6ca322f12baa695ef799ddfde0fafac
sim/arch_test/suite/riscv-test-stats/coverage/rv64i_m/D/rv64d_fmul/style.css	第三方架构测试源码/参考/框架	3594	cf301889ea5855a1e3f5bc2a0010d04164ebf37f1ca6a9dd799b9a14785a529d
sim/arch_test/suite/riscv-test-stats/coverage/rv64i_m/D/rv64d_fmul/suite_coverage.rpt	第三方架构测试源码/参考/框架	1993421	8fd1f7b1a42873afeae404cf714bdbf149fc97d600e4b052620ccc87a37d03f3
sim/arch_test/suite/riscv-test-stats/coverage/rv64i_m/D/rv64d_fmv/coverage.html	第三方架构测试源码/参考/框架	146014	1d0b522627d776733520633042f45951f5c52e05b6207cf8f5a690be62007d57
sim/arch_test/suite/riscv-test-stats/coverage/rv64i_m/D/rv64d_fmv/style.css	第三方架构测试源码/参考/框架	3594	cf301889ea5855a1e3f5bc2a0010d04164ebf37f1ca6a9dd799b9a14785a529d
sim/arch_test/suite/riscv-test-stats/coverage/rv64i_m/D/rv64d_fmv/suite_coverage.rpt	第三方架构测试源码/参考/框架	40874	a39fdbb5ae91a4ae97f74de7346c021cf4fd12b4aaa3cfb8e30384113b46f0ed
sim/arch_test/suite/riscv-test-stats/coverage/rv64i_m/D/rv64d_fnmadd/coverage.html	第三方架构测试源码/参考/框架	54710180	df4099c1c08ffaa1a70501fe78af9b5680bb81e08d403c7a919286bb3042e164
sim/arch_test/suite/riscv-test-stats/coverage/rv64i_m/D/rv64d_fnmadd/style.css	第三方架构测试源码/参考/框架	3594	cf301889ea5855a1e3f5bc2a0010d04164ebf37f1ca6a9dd799b9a14785a529d
sim/arch_test/suite/riscv-test-stats/coverage/rv64i_m/D/rv64d_fnmadd/suite_coverage.rpt	第三方架构测试源码/参考/框架	55567309	7a1d5da25a964913f92e31b8eb43afa154096e5c34a5c8a765316efc5780248a
sim/arch_test/suite/riscv-test-stats/coverage/rv64i_m/D/rv64d_fnmsub/coverage.html	第三方架构测试源码/参考/框架	54709923	2f1bbb8133e827434cd9be4a5ad3903227fe73713f33f4f3a8175d21705f9c6e
sim/arch_test/suite/riscv-test-stats/coverage/rv64i_m/D/rv64d_fnmsub/style.css	第三方架构测试源码/参考/框架	3594	cf301889ea5855a1e3f5bc2a0010d04164ebf37f1ca6a9dd799b9a14785a529d
sim/arch_test/suite/riscv-test-stats/coverage/rv64i_m/D/rv64d_fnmsub/suite_coverage.rpt	第三方架构测试源码/参考/框架	55567044	ed12be41034fde1988243715d04923fd9ceff0e2847851f1b5325c6cc1374a4e
sim/arch_test/suite/riscv-test-stats/coverage/rv64i_m/D/rv64d_fsd/coverage.html	第三方架构测试源码/参考/框架	108779	2a9715e87a47c4c993fce35856d8ebfa7a90a7e84c876e7949b3b93061c17609
sim/arch_test/suite/riscv-test-stats/coverage/rv64i_m/D/rv64d_fsd/style.css	第三方架构测试源码/参考/框架	3594	cf301889ea5855a1e3f5bc2a0010d04164ebf37f1ca6a9dd799b9a14785a529d
sim/arch_test/suite/riscv-test-stats/coverage/rv64i_m/D/rv64d_fsd/suite_coverage.rpt	第三方架构测试源码/参考/框架	9242	0f159f0f042152d3e57b0eeec4c9d3daa9eeefbdb753e046bf6946d52f2cfe50
sim/arch_test/suite/riscv-test-stats/coverage/rv64i_m/D/rv64d_fsgn/coverage.html	第三方架构测试源码/参考/框架	514189	3576a9b915bc888fb440348df0dce53a6f37cce1d7c0450974cde312e8e0e765
sim/arch_test/suite/riscv-test-stats/coverage/rv64i_m/D/rv64d_fsgn/style.css	第三方架构测试源码/参考/框架	3594	cf301889ea5855a1e3f5bc2a0010d04164ebf37f1ca6a9dd799b9a14785a529d
sim/arch_test/suite/riscv-test-stats/coverage/rv64i_m/D/rv64d_fsgn/suite_coverage.rpt	第三方架构测试源码/参考/框架	423736	bc0429a586973e8572a1a102007718a643d4aeb5c92227e6d28c670ac1e167d7
sim/arch_test/suite/riscv-test-stats/coverage/rv64i_m/D/rv64d_fsqrt/coverage.html	第三方架构测试源码/参考/框架	253339	a4f5b8bccc6a43957c639aec48eb348ec2828e91e31473bfa3fa2fc25f65d06c
sim/arch_test/suite/riscv-test-stats/coverage/rv64i_m/D/rv64d_fsqrt/style.css	第三方架构测试源码/参考/框架	3594	cf301889ea5855a1e3f5bc2a0010d04164ebf37f1ca6a9dd799b9a14785a529d
sim/arch_test/suite/riscv-test-stats/coverage/rv64i_m/D/rv64d_fsqrt/suite_coverage.rpt	第三方架构测试源码/参考/框架	149093	e6b163290e1a51fafdcfd386c582f927f553e2466fcc658d491f99b0310d1084
sim/arch_test/suite/riscv-test-stats/coverage/rv64i_m/D/rv64d_fsub/coverage.html	第三方架构测试源码/参考/框架	5519508	a38fabcdccb5b1c5fda248bfd410348360ec4288e10cad01fb6b6eccebf3921e
sim/arch_test/suite/riscv-test-stats/coverage/rv64i_m/D/rv64d_fsub/style.css	第三方架构测试源码/参考/框架	3594	cf301889ea5855a1e3f5bc2a0010d04164ebf37f1ca6a9dd799b9a14785a529d
sim/arch_test/suite/riscv-test-stats/coverage/rv64i_m/D/rv64d_fsub/suite_coverage.rpt	第三方架构测试源码/参考/框架	5507515	545b6ee97c26c12c826208579cc2386cca1124517cf3778c97c271dcb3251a91
sim/arch_test/suite/riscv-test-stats/coverage/rv64i_m/I/coverage.html	第三方架构测试源码/参考/框架	1193297	2c2774e80db3c5d2688b2a9c442bf925035f2c56405cad070c42c5f72da210e0
sim/arch_test/suite/riscv-test-stats/coverage/rv64i_m/I/style.css	第三方架构测试源码/参考/框架	3362	9bb2803d147d24f5966f62c338239904a3ddf819c7eb980d106fd97605125861
sim/arch_test/suite/riscv-test-stats/coverage/rv64i_m/I/suite_coverage.rpt	第三方架构测试源码/参考/框架	980840	b4f4ac8b678f9ae3ce0addcbc2225e708e8d9da5d8a38d895a033985450c548b
sim/arch_test/suite/riscv-test-stats/coverage/rv64i_m/K_unratified/coverage.html	第三方架构测试源码/参考/框架	1798441	a8468ec91810c1432ef0ea7054d650b017434df0d2b6fb5c1dcb464467a2115e
sim/arch_test/suite/riscv-test-stats/coverage/rv64i_m/K_unratified/style.css	第三方架构测试源码/参考/框架	3594	cf301889ea5855a1e3f5bc2a0010d04164ebf37f1ca6a9dd799b9a14785a529d
sim/arch_test/suite/riscv-test-stats/coverage/rv64i_m/K_unratified/suite_coverage.rpt	第三方架构测试源码/参考/框架	1631393	e35347e9cd3e40aa840df6397c3e49031958493d3276213162735cfe5536a964
sim/arch_test/suite/riscv-test-stats/coverage/rv64i_m/M/coverage.html	第三方架构测试源码/参考/框架	723467	c737cb77713bfff54815f0008f046371c11f976833bf5039f430e1cf4651991b
sim/arch_test/suite/riscv-test-stats/coverage/rv64i_m/M/style.css	第三方架构测试源码/参考/框架	3362	9bb2803d147d24f5966f62c338239904a3ddf819c7eb980d106fd97605125861
sim/arch_test/suite/riscv-test-stats/coverage/rv64i_m/M/suite_coverage.rpt	第三方架构测试源码/参考/框架	567077	cafcfcd9497bc627cdb94e64a46a44d831f7e7e623266691298c6041cd421f51
sim/arch_test/suite/riscv-test-stats/coverage/rv64i_m/Zifencei/coverage.html	第三方架构测试源码/参考/框架	121728	4259f9e533f7f7fc321130c269ad625bf99b5df66789dec3c884fab799a383ea
sim/arch_test/suite/riscv-test-stats/coverage/rv64i_m/Zifencei/style.css	第三方架构测试源码/参考/框架	3362	9bb2803d147d24f5966f62c338239904a3ddf819c7eb980d106fd97605125861
sim/arch_test/suite/riscv-test-stats/coverage/rv64i_m/Zifencei/suite_coverage.rpt	第三方架构测试源码/参考/框架	83	71a79ece39662e66b28454aca9c0cb4b485e210c7703dcdff508c9c1e68c3847
sim/arch_test/suite/riscv-test-stats/coverage/rv64i_m/privilege/coverage.html	第三方架构测试源码/参考/框架	141780	6aef269fcbf3b647993362c94f651baf3786f39383ef133c07050f01d36f4384
sim/arch_test/suite/riscv-test-stats/coverage/rv64i_m/privilege/style.css	第三方架构测试源码/参考/框架	3362	9bb2803d147d24f5966f62c338239904a3ddf819c7eb980d106fd97605125861
sim/arch_test/suite/riscv-test-stats/coverage/rv64i_m/privilege/suite_coverage.rpt	第三方架构测试源码/参考/框架	3322	e234456463b69fce5429f62a668616d36487eb2ae12d43ee7e4400cdd1a4d9e1
sim/arch_test/suite/riscv-test-stats/coverage/rv64i_priv.yaml	第三方架构测试源码/参考/框架	5725	043fba5838991c15c2458cc78c4fb0da35e030efc108eb1d4eb747e31b772e07
sim/arch_test/suite/riscv-test-stats/coverage/rv64ic.yaml	第三方架构测试源码/参考/框架	14427	0e628fa613e7d4794184dab1753255480f90f0f9812db60f71d4df677dd0bb48
sim/arch_test/suite/riscv-test-stats/coverage/rv64ik.yaml	第三方架构测试源码/参考/框架	22059	a4a75db49fe849e5eb79ed45784336b51e59d89c9f47408d08c734da9606e042
sim/arch_test/suite/riscv-test-stats/coverage/rv64im.yaml	第三方架构测试源码/参考/框架	5222	3100275645b94fb5db35b86e6f2aaff8cb0ff593dd008d7c47494a23935c9429
sim/arch_test/suite/riscv-test-stats/data-propagation/README.md	第三方架构测试源码/参考/框架	19693	329fd5bae0f39df54d847c98b05b317fca7a08bc8ca79d6330ecf3c443a5e506
sim/arch_test/suite/riscv-test-stats/data-propagation/rv32e_unratified/C/cadd-01.md	第三方架构测试源码/参考/框架	146026	53b92dac3e4b71461f742585a80bcf532dabd13907fbe8b6d67d68418bf141f6
sim/arch_test/suite/riscv-test-stats/data-propagation/rv32e_unratified/C/caddi-01.md	第三方架构测试源码/参考/框架	104558	e90bb22f953a10425f993016395ee7f4828c5128c304c6da664dd83739a1029a
sim/arch_test/suite/riscv-test-stats/data-propagation/rv32e_unratified/C/caddi16sp-01.md	第三方架构测试源码/参考/框架	20151	39c66c039cfc779a2f87faee3220148b4472d2a60ea211eba83d0205dfc4e2a6
sim/arch_test/suite/riscv-test-stats/data-propagation/rv32e_unratified/C/caddi4spn-01.md	第三方架构测试源码/参考/框架	5906	49559075dfab290a65c4406a591e11b5198005ea8ec4e77916b3f89e0900259c
sim/arch_test/suite/riscv-test-stats/data-propagation/rv32e_unratified/C/cand-01.md	第三方架构测试源码/参考/框架	161456	2c5ab3348a81d2aac3418142bd57feb3b75b312fc9f712102aff8f0042392ce2
sim/arch_test/suite/riscv-test-stats/data-propagation/rv32e_unratified/C/candi-01.md	第三方架构测试源码/参考/框架	102782	fd0900f851170c3c381f8d2b1a1c0b784f723cf08ec97ba619a23ab189c258be
sim/arch_test/suite/riscv-test-stats/data-propagation/rv32e_unratified/C/cbeqz-01.md	第三方架构测试源码/参考/框架	25489	508ad4ddf767a8ae66a8585eb405519930c602602f46acedb842e513334756e8
sim/arch_test/suite/riscv-test-stats/data-propagation/rv32e_unratified/C/cbnez-01.md	第三方架构测试源码/参考/框架	25575	95a8f4521d3fa6a486eafca754ff4883add6f6957db826c0ad360cd899530b6e
sim/arch_test/suite/riscv-test-stats/data-propagation/rv32e_unratified/C/cj-01.md	第三方架构测试源码/参考/框架	6085	5d64dd7c4cb78ad130038258ae11ccf824df0e039ff7863cc8a1276fefd34c6f
sim/arch_test/suite/riscv-test-stats/data-propagation/rv32e_unratified/C/cjal-01.md	第三方架构测试源码/参考/框架	8606	345c3cdf09bde62cfa9eabf8cf1b0959dd6ae3443ec0ddfe83fe86acafeae9b8
sim/arch_test/suite/riscv-test-stats/data-propagation/rv32e_unratified/C/cjalr-01.md	第三方架构测试源码/参考/框架	7007	a424cd809b0cc310058c154cf3624949b14d0ffe182ba01d896e38a815672346
sim/arch_test/suite/riscv-test-stats/data-propagation/rv32e_unratified/C/cjr-01.md	第三方架构测试源码/参考/框架	6933	6a8c969b2cf42a9c79c63b96e5b0928703da43ecaa59e34c6339abb0a37045c0
sim/arch_test/suite/riscv-test-stats/data-propagation/rv32e_unratified/C/cli-01.md	第三方架构测试源码/参考/框架	5581	6d98a17ae3b01d21551c0b517c37a6d05d2bd24d32333a1217787b0621d8fa94
sim/arch_test/suite/riscv-test-stats/data-propagation/rv32e_unratified/C/clui-01.md	第三方架构测试源码/参考/框架	5491	f9ee30182753ab51919250b18bc67f498b81a2ca9bd5cc4bcbfc9760b109ee9a
sim/arch_test/suite/riscv-test-stats/data-propagation/rv32e_unratified/C/clw-01.md	第三方架构测试源码/参考/框架	5483	a62773ac8adf9185cd21875476d24a96943ed4f0e57df8767e6e96f5fc13c2f0
sim/arch_test/suite/riscv-test-stats/data-propagation/rv32e_unratified/C/clwsp-01.md	第三方架构测试源码/参考/框架	5392	c1d1f3e2b0db1afc9c2e3174e6588fd94b1ba30ce5fb5abf808e0090679cffba
sim/arch_test/suite/riscv-test-stats/data-propagation/rv32e_unratified/C/cmv-01.md	第三方架构测试源码/参考/框架	22900	3bd0ebf962dc9f55a7fd3b0c972e847bf87e14f684cd0243b7ec846b9f3e8776
sim/arch_test/suite/riscv-test-stats/data-propagation/rv32e_unratified/C/cnop-01.md	第三方架构测试源码/参考/框架	4262	851175bf8122c26f6d1abefed1aa92beee00da659d4002d2945001f61b0ee3c3
sim/arch_test/suite/riscv-test-stats/data-propagation/rv32e_unratified/C/cor-01.md	第三方架构测试源码/参考/框架	146382	d80aa826bf466db905a44751c5a7dd58bca004225fd2f78128fa4fb46e7b02bb
sim/arch_test/suite/riscv-test-stats/data-propagation/rv32e_unratified/C/cslli-01.md	第三方架构测试源码/参考/框架	23747	0f43d2bceb6ad6fd54d84a0f366eb94f669186489825471aba45a69b59e76f7f
sim/arch_test/suite/riscv-test-stats/data-propagation/rv32e_unratified/C/csrai-01.md	第三方架构测试源码/参考/框架	23587	49f5cfabb08189c0dd15b302c7adf5b671a4413d81bfbb03ff95d85224a37ee5
sim/arch_test/suite/riscv-test-stats/data-propagation/rv32e_unratified/C/csrli-01.md	第三方架构测试源码/参考/框架	24083	3540c5dca9b924d56ffb65f827f2d46cf34b2e5ccdf38924f48e9c22fa0c89ea
sim/arch_test/suite/riscv-test-stats/data-propagation/rv32e_unratified/C/csub-01.md	第三方架构测试源码/参考/框架	163057	1233ec6d18000e383386fc3062fb9ae7904ca54b8a0b772131ff06e580a21bb9
sim/arch_test/suite/riscv-test-stats/data-propagation/rv32e_unratified/C/csw-01.md	第三方架构测试源码/参考/框架	14745	2350c2fc49bd14db9dcd48cbf44a2a213b0f0b67a10833f7d0a93b28414534b1
sim/arch_test/suite/riscv-test-stats/data-propagation/rv32e_unratified/C/cswsp-01.md	第三方架构测试源码/参考/框架	13764	61007a17cb5d0c5fd452d0d9f891e48780ccff5f1621cf6d4fdf7f46b478a93d
sim/arch_test/suite/riscv-test-stats/data-propagation/rv32e_unratified/C/cxor-01.md	第三方架构测试源码/参考/框架	160553	70c8ed228719671fc5b4f853773dcab2dfac7959e995b9a6d7d782014bb0858b
sim/arch_test/suite/riscv-test-stats/data-propagation/rv32e_unratified/E/add-01.md	第三方架构测试源码/参考/框架	190511	0aea7945dca141d548ebb17d768db52e8b687e6a2bb48ac1ab1d3bd18220d248
sim/arch_test/suite/riscv-test-stats/data-propagation/rv32e_unratified/E/addi-01.md	第三方架构测试源码/参考/框架	169869	11e578557b2b78f3a4292993b9142cd5c3bab8044547593456e960c609ad152e
sim/arch_test/suite/riscv-test-stats/data-propagation/rv32e_unratified/E/and-01.md	第三方架构测试源码/参考/框架	186813	8aef3d1f5378082a01536794a4f8eb736519b9bc5eeba18e91a7ea96deccec3d
sim/arch_test/suite/riscv-test-stats/data-propagation/rv32e_unratified/E/andi-01.md	第三方架构测试源码/参考/框架	170153	fd665365572638e041365b09b35651f5e68ecce910752c2eb0e70cf8643ef9d4
sim/arch_test/suite/riscv-test-stats/data-propagation/rv32e_unratified/E/auipc-01.md	第三方架构测试源码/参考/框架	18233	8037c685b898a361761b44ef100aa3690d3e8ce0e91cacbcdbc9dd45d4acb327
sim/arch_test/suite/riscv-test-stats/data-propagation/rv32e_unratified/E/beq-01.md	第三方架构测试源码/参考/框架	225784	62cceff765b957c5c9f9180947e73f1f61fa01c81927c4c10a081c9e45f7f2cd
sim/arch_test/suite/riscv-test-stats/data-propagation/rv32e_unratified/E/bge-01.md	第三方架构测试源码/参考/框架	239704	cfb0c5134f6ce0766a4f41a85c349d208b98ad5c6a5794b8954ce119e69aae83
sim/arch_test/suite/riscv-test-stats/data-propagation/rv32e_unratified/E/bgeu-01.md	第三方架构测试源码/参考/框架	292669	1c866d3db29b5f69a25772b1c545dac166835d47f49cad8b5ca8c4b85c66b65c
sim/arch_test/suite/riscv-test-stats/data-propagation/rv32e_unratified/E/blt-01.md	第三方架构测试源码/参考/框架	239560	4011dbe2dfb4d301efeeff31ec5de964b3dc6123e0d0c1b8c39e53ff45432232
sim/arch_test/suite/riscv-test-stats/data-propagation/rv32e_unratified/E/bltu-01.md	第三方架构测试源码/参考/框架	292153	0653f70b0dcdb06f34ba283fd8cfe75d5cb54a62c5069e8afd9729f1bf17e9ec
sim/arch_test/suite/riscv-test-stats/data-propagation/rv32e_unratified/E/bne-01.md	第三方架构测试源码/参考/框架	243852	3ef61a522d384a89eb90a4fc11272c5b72d9b1ecbc601be7420a89d1a9b85776
sim/arch_test/suite/riscv-test-stats/data-propagation/rv32e_unratified/E/jal-01.md	第三方架构测试源码/参考/框架	10625	151b41d0a7852205cea2b7c7fd4b0517aecdad8502a1447a3675903cb5baf8ae
sim/arch_test/suite/riscv-test-stats/data-propagation/rv32e_unratified/E/jalr-01.md	第三方架构测试源码/参考/框架	14095	1f29193e827d29f67f98f3dc7ad864528423e175e5184fa38c77ba70f3bb9833
sim/arch_test/suite/riscv-test-stats/data-propagation/rv32e_unratified/E/lb-align-01.md	第三方架构测试源码/参考/框架	8161	96fe454c80f53088e7f07e32e86ac092ce463e2649e59dfe75eb8a2ba2818db9
sim/arch_test/suite/riscv-test-stats/data-propagation/rv32e_unratified/E/lbu-align-01.md	第三方架构测试源码/参考/框架	7740	4f9933ddcbd3b9f803f9751b73bb07755e89f40cfdc75a8a337691f5fadd1803
sim/arch_test/suite/riscv-test-stats/data-propagation/rv32e_unratified/E/lh-align-01.md	第三方架构测试源码/参考/框架	7436	e5ec2a9c6cfd916d430fd57b5e501852c7eab104936fbd5e405aa84700463289
sim/arch_test/suite/riscv-test-stats/data-propagation/rv32e_unratified/E/lhu-align-01.md	第三方架构测试源码/参考/框架	7475	1b2e2e78b4dd1ffcd35de72b552ad21e495ee07f4a14f6056ea1c78d3a421359
sim/arch_test/suite/riscv-test-stats/data-propagation/rv32e_unratified/E/lui-01.md	第三方架构测试源码/参考/框架	14030	40ea8ff13a086b4366a0a774c9a78a886a267e23437eca4a8ffa263c421bc786
sim/arch_test/suite/riscv-test-stats/data-propagation/rv32e_unratified/E/lw-align-01.md	第三方架构测试源码/参考/框架	7418	816830d2168f0ff3772f6dcd88753f4a7fd4ed39226658bc729e4cbadc601b3a
sim/arch_test/suite/riscv-test-stats/data-propagation/rv32e_unratified/E/or-01.md	第三方架构测试源码/参考/框架	192657	b4fd4882ec4179aaff31ce2225e8b6e663a32537968dbbff43e351538d9d9036
sim/arch_test/suite/riscv-test-stats/data-propagation/rv32e_unratified/E/ori-01.md	第三方架构测试源码/参考/框架	174180	04c0f931ba49ff755daed30083fe8c028be9676015a6e522f77595c0bf56492f
sim/arch_test/suite/riscv-test-stats/data-propagation/rv32e_unratified/E/sb-align-01.md	第三方架构测试源码/参考/框架	19915	5f18e583e4aa573cb5e93bf650e95d25b1526e1b56a45d34952e915fe2984b62
sim/arch_test/suite/riscv-test-stats/data-propagation/rv32e_unratified/E/sh-align-01.md	第三方架构测试源码/参考/框架	17929	3c9001e8b4ce28842aa4a80fcd74d80137b8e75600576a515c6a554bbed01327
sim/arch_test/suite/riscv-test-stats/data-propagation/rv32e_unratified/E/sll-01.md	第三方架构测试源码/参考/框架	29460	06c4e7641c620082b4e0a570b9f9bcc04af6715c93e596b738b72d0123a19b38
sim/arch_test/suite/riscv-test-stats/data-propagation/rv32e_unratified/E/slli-01.md	第三方架构测试源码/参考/框架	31127	b4a907a26e44e0e0b1c108c51c806fecae8296255721ae4b5525bbe52e532347
sim/arch_test/suite/riscv-test-stats/data-propagation/rv32e_unratified/E/slt-01.md	第三方架构测试源码/参考/框架	188403	804e4ea732544cdcf004a884ba53394dafa88d3294172ce1536be2fb6d7da073
sim/arch_test/suite/riscv-test-stats/data-propagation/rv32e_unratified/E/slti-01.md	第三方架构测试源码/参考/框架	172600	b819b7ef6f9981a3fbfbb1565cae261b0ac767252cfdc5aeaa2e591fc8c09ff0
sim/arch_test/suite/riscv-test-stats/data-propagation/rv32e_unratified/E/sltiu-01.md	第三方架构测试源码/参考/框架	181796	63d2f886d7be0df4eb782985048bd7c932b37a9b20990a4b030662c9c03dc3ce
sim/arch_test/suite/riscv-test-stats/data-propagation/rv32e_unratified/E/sltu-01.md	第三方架构测试源码/参考/框架	240457	a2599b5b3485991bbfb0a43d9356099bc0a8c3e54bf1ef3cc21c1a5377728e8d
sim/arch_test/suite/riscv-test-stats/data-propagation/rv32e_unratified/E/sra-01.md	第三方架构测试源码/参考/框架	30534	f3c7f8b46e010faafa966741fba65054ee48bde5b8772033200fef4bbe638c46
sim/arch_test/suite/riscv-test-stats/data-propagation/rv32e_unratified/E/srai-01.md	第三方架构测试源码/参考/框架	28797	2ff8f9072f73346e4f84cc108de6a8fcb6192c659533c854636fc8f11c9d0e51
sim/arch_test/suite/riscv-test-stats/data-propagation/rv32e_unratified/E/srl-01.md	第三方架构测试源码/参考/框架	31553	bb93bf17158a727916528f51ab7b9f5d36795cbc77844c7832346b39f684a816
sim/arch_test/suite/riscv-test-stats/data-propagation/rv32e_unratified/E/srli-01.md	第三方架构测试源码/参考/框架	30783	73a722e422a585a1c614b72243fdbc7859843f12a3efdd92f1acbe2f2212d8c0
sim/arch_test/suite/riscv-test-stats/data-propagation/rv32e_unratified/E/sub-01.md	第三方架构测试源码/参考/框架	191575	844e8a30055e4215badd586089ab1a82fb09da7a827f675629323ef086bee005
sim/arch_test/suite/riscv-test-stats/data-propagation/rv32e_unratified/E/sw-align-01.md	第三方架构测试源码/参考/框架	17833	6a08265209429ea5cc0c461d46a0749c4978a1a5bbeb5b550c909e590cb684e8
sim/arch_test/suite/riscv-test-stats/data-propagation/rv32e_unratified/E/xor-01.md	第三方架构测试源码/参考/框架	191220	bcf0692d00311995a004b7a55d76fd884ac9d646df203a96035ba3a6db981f79
sim/arch_test/suite/riscv-test-stats/data-propagation/rv32e_unratified/E/xori-01.md	第三方架构测试源码/参考/框架	174869	5ec560149fa4e464346e9e39ff1c4b757cb668c1553680ead736e02e40ed8e2d
sim/arch_test/suite/riscv-test-stats/data-propagation/rv32e_unratified/M/div-01.md	第三方架构测试源码/参考/框架	172244	f6a4df8d4c4406e8eca7d315207c1c89d51f0dd14782e3b30d4b5927c2b8f136
sim/arch_test/suite/riscv-test-stats/data-propagation/rv32e_unratified/M/divu-01.md	第三方架构测试源码/参考/框架	248529	85725ed2c2c3490d20d423f32655e824d1c30842a856c053d1522c845fe9c502
sim/arch_test/suite/riscv-test-stats/data-propagation/rv32e_unratified/M/mul-01.md	第三方架构测试源码/参考/框架	173724	2bad9c91b43f81e3318d647ac0ce9aabf150d9035abd38324bb43930face6529
sim/arch_test/suite/riscv-test-stats/data-propagation/rv32e_unratified/M/mulh-01.md	第三方架构测试源码/参考/框架	177093	e448d808ade78d4a4e5f165434fdbcdf5596fab9d48ef1b49770372a529f4409
sim/arch_test/suite/riscv-test-stats/data-propagation/rv32e_unratified/M/mulhsu-01.md	第三方架构测试源码/参考/框架	207824	435611355f9e0ff19b43937a2b75cf78e90635d394aa07a408d458d6f6536ec2
sim/arch_test/suite/riscv-test-stats/data-propagation/rv32e_unratified/M/mulhu-01.md	第三方架构测试源码/参考/框架	241846	87177d2a39664e86ca4fc14d336afac392f36b3bef44e51717edd92e2b380873
sim/arch_test/suite/riscv-test-stats/data-propagation/rv32e_unratified/M/rem-01.md	第三方架构测试源码/参考/框架	171102	1454fa39b1aebf825c5db777be11b5d0a079f1e00448d7790f39a554524ee532
sim/arch_test/suite/riscv-test-stats/data-propagation/rv32e_unratified/M/remu-01.md	第三方架构测试源码/参考/框架	243898	6b9c707a68a62b7bab21297710ecc8c8056e982b09e6fb0dd2f32414c51ac350
sim/arch_test/suite/riscv-test-stats/data-propagation/rv32i_m/C/cadd-01.md	第三方架构测试源码/参考/框架	159457	cd646acbca9c105d0659b87aa55ede4372c6959090e35db1d686451784c9fcbb
sim/arch_test/suite/riscv-test-stats/data-propagation/rv32i_m/C/caddi-01.md	第三方架构测试源码/参考/框架	86474	5c3ed6c47ff77b40e1cf94a8033c38f6fed09c7d4b7802241b35410f77143af7
sim/arch_test/suite/riscv-test-stats/data-propagation/rv32i_m/C/caddi16sp-01.md	第三方架构测试源码/参考/框架	18931	cfaeaac2adc75d320768a7f783ec9bd15d9f91bf3b5fa9b47d12c7a03a1d62fe
sim/arch_test/suite/riscv-test-stats/data-propagation/rv32i_m/C/caddi4spn-01.md	第三方架构测试源码/参考/框架	5619	bc275dc1dffe29d82691ca2f16ed9f975888b2ed3f132ce1293e5c022ea674a6
sim/arch_test/suite/riscv-test-stats/data-propagation/rv32i_m/C/cand-01.md	第三方架构测试源码/参考/框架	158517	8b0bdfc445426d4f45aa9a57ec9b30c59a18c18972770c2a16ac9677ee78f169
sim/arch_test/suite/riscv-test-stats/data-propagation/rv32i_m/C/candi-01.md	第三方架构测试源码/参考/框架	77248	e31649d44cd453cacadd91fb2c154a2418abf9f21a340e1bfa3f2fd572f5514c
sim/arch_test/suite/riscv-test-stats/data-propagation/rv32i_m/C/cbeqz-01.md	第三方架构测试源码/参考/框架	27601	e6c1dc4f56fe85e96f89430ee4803a091e7ae465f4037db36c23120fae2d810f
sim/arch_test/suite/riscv-test-stats/data-propagation/rv32i_m/C/cbnez-01.md	第三方架构测试源码/参考/框架	27775	3bdbc4f197ae5173a1819b74a2580bf1a9e5cc10dcbeddce980f70df82c89edc
sim/arch_test/suite/riscv-test-stats/data-propagation/rv32i_m/C/cebreak-01.md	第三方架构测试源码/参考/框架	3123	a2f3eb168ffffa38236b7d737ee499ea7b5e4ff8e8126e3533d770ce34154e7d
sim/arch_test/suite/riscv-test-stats/data-propagation/rv32i_m/C/cj-01.md	第三方架构测试源码/参考/框架	6332	3c1a306cb8cea328afd8f0bd6ad95dc6ffc5e90d9def701076260ecf17bc69ca
sim/arch_test/suite/riscv-test-stats/data-propagation/rv32i_m/C/cjal-01.md	第三方架构测试源码/参考/框架	8598	0112002608d012f45fe46bc204d40c5aa7bdc1dc017bdf08757e29b8e164896a
sim/arch_test/suite/riscv-test-stats/data-propagation/rv32i_m/C/cjalr-01.md	第三方架构测试源码/参考/框架	11789	0a4e2b9e21bfd4baddc89dbcf0b4046a3718cdcbfe841615633a1f08a5010770
sim/arch_test/suite/riscv-test-stats/data-propagation/rv32i_m/C/cjr-01.md	第三方架构测试源码/参考/框架	11816	8d302865ffe4cf5b28f876fef2893e9e1571902684a58848dcc1e2d565244b64
sim/arch_test/suite/riscv-test-stats/data-propagation/rv32i_m/C/cli-01.md	第三方架构测试源码/参考/框架	8237	265fe87ce130e13874b14f2fcc7b6c4b73c7b9b292cf3a4c6928c52eb151d734
sim/arch_test/suite/riscv-test-stats/data-propagation/rv32i_m/C/clui-01.md	第三方架构测试源码/参考/框架	8288	6a3a6f315e227103f23679410873fc613547282d5040b2219d2491c21b9d774a
sim/arch_test/suite/riscv-test-stats/data-propagation/rv32i_m/C/clw-01.md	第三方架构测试源码/参考/框架	5727	de7b1c032689f9498bb8c2a7008fcdfbebc9163849c01d65f9e5703fa351ee0c
sim/arch_test/suite/riscv-test-stats/data-propagation/rv32i_m/C/clwsp-01.md	第三方架构测试源码/参考/框架	9347	6d3bedc3b97061b28e18c867a7df6da87a4870f21e220e509d0181fa20a1898c
sim/arch_test/suite/riscv-test-stats/data-propagation/rv32i_m/C/cmv-01.md	第三方架构测试源码/参考/框架	22911	aed1dd1209b7cb33fde70f0f93eda32257f4ea93c0cabc238166a21c331642c2
sim/arch_test/suite/riscv-test-stats/data-propagation/rv32i_m/C/cnop-01.md	第三方架构测试源码/参考/框架	4258	7cb944f644737244c78e12f08cb09fda296d8357b1ca55e15eff098fea5fb4d7
sim/arch_test/suite/riscv-test-stats/data-propagation/rv32i_m/C/cor-01.md	第三方架构测试源码/参考/框架	161268	8639329f7994e54edc4b0a97b0cc8a3fc662e1bc37eb7d0c0f4734138c023f0b
sim/arch_test/suite/riscv-test-stats/data-propagation/rv32i_m/C/cslli-01.md	第三方架构测试源码/参考/框架	23495	cd715a79c258f0d2809e5475357bd80587a13272425fd5e3b9763c2ea04dcac1
sim/arch_test/suite/riscv-test-stats/data-propagation/rv32i_m/C/csrai-01.md	第三方架构测试源码/参考/框架	22582	2dc1d881ae252e1e41e5c4611f88e81e4c31d5d7b7c72fc8c3d5c4ba2d6e6a4d
sim/arch_test/suite/riscv-test-stats/data-propagation/rv32i_m/C/csrli-01.md	第三方架构测试源码/参考/框架	22207	9481a3e0ee3066eac96c05cdad1ec66280de861121d36ef351cde70413ca94ae
sim/arch_test/suite/riscv-test-stats/data-propagation/rv32i_m/C/csub-01.md	第三方架构测试源码/参考/框架	159515	2c4510b7ee13b23262c12808dd19dbd61a239e3c0f569714e5bbd52d6beda892
sim/arch_test/suite/riscv-test-stats/data-propagation/rv32i_m/C/csw-01.md	第三方架构测试源码/参考/框架	19153	bd458c27b6123423cab2a038dd09ccfcfbe7c113512a8950e51b62763342bdb8
sim/arch_test/suite/riscv-test-stats/data-propagation/rv32i_m/C/cswsp-01.md	第三方架构测试源码/参考/框架	15158	4cd4376935e6d102b1b232058bc1214c4322110b53150fb8294423f8e2dd6089
sim/arch_test/suite/riscv-test-stats/data-propagation/rv32i_m/C/cxor-01.md	第三方架构测试源码/参考/框架	147307	81302b3fc694dd150137b6b5a75872c1ded7576779c4658dd258e3960b683eaa
sim/arch_test/suite/riscv-test-stats/data-propagation/rv32i_m/F/fadd_b1-01.md	第三方架构测试源码/参考/框架	426045	d0370a63991d95bdadfa884e816b1d70c9a3128c7603feefc573d3d6d5cd3d6f
sim/arch_test/suite/riscv-test-stats/data-propagation/rv32i_m/F/fadd_b10-01.md	第三方架构测试源码/参考/框架	59241	228e3eaee9e42ca2def20fcba79bf5dd0bfb713569017e201c3b0b4f9e397807
sim/arch_test/suite/riscv-test-stats/data-propagation/rv32i_m/F/fadd_b11-01.md	第三方架构测试源码/参考/框架	5117081	db63acfbad7b7da3ae6d03e8c7081d8d070c4c99790a1eec62c3bbc2f62adca4
sim/arch_test/suite/riscv-test-stats/data-propagation/rv32i_m/F/fadd_b12-01.md	第三方架构测试源码/参考/框架	41745	72acb2e4ac4d6e6fe1bd72f3112774dcfb8fb8443d664dad10b63b911edb3027
sim/arch_test/suite/riscv-test-stats/data-propagation/rv32i_m/F/fadd_b13-01.md	第三方架构测试源码/参考/框架	151251	e03a800c84d09dd0bdfa3d627076b92d95a154ca8225e9deb8e017511e07c639
sim/arch_test/suite/riscv-test-stats/data-propagation/rv32i_m/F/fadd_b2-01.md	第三方架构测试源码/参考/框架	205442	9d17ab7c23143917b21f651159b9d9aad6f1da91bc32e9371407b26eca7a9874
sim/arch_test/suite/riscv-test-stats/data-propagation/rv32i_m/F/fadd_b3-01.md	第三方架构测试源码/参考/框架	821577	79520bcad2b4fa67fbe2e872b4cc612fad9868abd07d72b5798db12cc3bdd81f
sim/arch_test/suite/riscv-test-stats/data-propagation/rv32i_m/F/fadd_b4-01.md	第三方架构测试源码/参考/框架	107533	6434c620470f17bc9b29fedf5ac4e05b072e6511e73211da2e3b438c5bf2278a
sim/arch_test/suite/riscv-test-stats/data-propagation/rv32i_m/F/fadd_b5-01.md	第三方架构测试源码/参考/框架	166093	ea60310dadf850c9fe62143ebeeff8523fc606710bd0ee1f0f174692e8b9c94b
sim/arch_test/suite/riscv-test-stats/data-propagation/rv32i_m/F/fadd_b7-01.md	第三方架构测试源码/参考/框架	122173	21723ea7697c7abbfda422825d24bfebd8aa1a2f5f46a3142a4368f5070a20cb
sim/arch_test/suite/riscv-test-stats/data-propagation/rv32i_m/F/fadd_b8-01.md	第三方架构测试源码/参考/框架	1229783	8f34495f39e40e664169ca0fb346118d41ead0e8db82d255ae2c292016503ae2
sim/arch_test/suite/riscv-test-stats/data-propagation/rv32i_m/F/fclass_b1-01.md	第三方架构测试源码/参考/框架	21719	b670f713f229d50950e78287583ff1b98ac779662c750dd0a89ee761db2311a4
sim/arch_test/suite/riscv-test-stats/data-propagation/rv32i_m/F/fcvt.s.w_b25-01.md	第三方架构测试源码/参考/框架	22384	461f280ea6a6c368b302ab6167db007d0cccec1d96ba99ce5e3900e1cd60e60e
sim/arch_test/suite/riscv-test-stats/data-propagation/rv32i_m/F/fcvt.s.w_b26-01.md	第三方架构测试源码/参考/框架	87896	d60417e49908202394c163e6c03e0528a1eb06a5927682e19c9f48a8e655d266
sim/arch_test/suite/riscv-test-stats/data-propagation/rv32i_m/F/fcvt.s.wu_b25-01.md	第三方架构测试源码/参考/框架	22211	2d50236ed67c040d7940758e69ba65014dbe2caa86431559dda82c8ddee9cae1
sim/arch_test/suite/riscv-test-stats/data-propagation/rv32i_m/F/fcvt.s.wu_b26-01.md	第三方架构测试源码/参考/框架	88156	70dbecea73fc69a20c6c3e429f6ec35b56c6115a0214ffd15dbc6765d3118e8c
sim/arch_test/suite/riscv-test-stats/data-propagation/rv32i_m/F/fcvt.w.s_b1-01.md	第三方架构测试源码/参考/框架	22097	29da512dd552d5df46ca5390f7f2f42ccfcbfc1390b834a6c05ca7268319fb46
sim/arch_test/suite/riscv-test-stats/data-propagation/rv32i_m/F/fcvt.w.s_b22-01.md	第三方架构测试源码/参考/框架	27294	1bd3f2912711cdf6c15e584bb23a741dfa86da3571e0f391e460eaa2281173c3
sim/arch_test/suite/riscv-test-stats/data-propagation/rv32i_m/F/fcvt.w.s_b23-01.md	第三方架构测试源码/参考/框架	30256	896e5bf37572eee7efd8e10e36eadd6f6883b1f247d4713ad59cbf262d72fb98
sim/arch_test/suite/riscv-test-stats/data-propagation/rv32i_m/F/fcvt.w.s_b24-01.md	第三方架构测试源码/参考/框架	65090	ad9016fc8101d95f8a9a91b5daf1cb240aa57f93d522bcca3d915b7c86f6cc34
sim/arch_test/suite/riscv-test-stats/data-propagation/rv32i_m/F/fcvt.w.s_b27-01.md	第三方架构测试源码/参考/框架	20189	87fa772df28713622852de2306eea5eb1b794eebff246a8f94bc2fcf5a522cc9
sim/arch_test/suite/riscv-test-stats/data-propagation/rv32i_m/F/fcvt.w.s_b28-01.md	第三方架构测试源码/参考/框架	22343	bf865aa961a284746f49c8cac4d6bf958dea7ee1220650cef1003c2f5ba729d3
sim/arch_test/suite/riscv-test-stats/data-propagation/rv32i_m/F/fcvt.w.s_b29-01.md	第三方架构测试源码/参考/框架	50587	fad495eb18f33e7bd72b740c9e09c55208d7f6d62def1c04ae6b2459128619bf
sim/arch_test/suite/riscv-test-stats/data-propagation/rv32i_m/F/fcvt.wu.s_b1-01.md	第三方架构测试源码/参考/框架	22238	aa745786f7255b90dd242d50b32d995e087a5c88516e2549085fd51f233cf38c
sim/arch_test/suite/riscv-test-stats/data-propagation/rv32i_m/F/fcvt.wu.s_b22-01.md	第三方架构测试源码/参考/框架	27444	40137028f8267d6a03fdc797d99f18d95ca0cd4229c1dc7d3ad56715682f9ccf
sim/arch_test/suite/riscv-test-stats/data-propagation/rv32i_m/F/fcvt.wu.s_b23-01.md	第三方架构测试源码/参考/框架	30317	197d8b376c437525b855ef35a2e3a4fa49d9eff9dc58813486bb971ade0fbee2
sim/arch_test/suite/riscv-test-stats/data-propagation/rv32i_m/F/fcvt.wu.s_b24-01.md	第三方架构测试源码/参考/框架	65633	cbed460a73f9461935f436fa184fdb901f08abf040e54a959199ccc991f80f8e
sim/arch_test/suite/riscv-test-stats/data-propagation/rv32i_m/F/fcvt.wu.s_b27-01.md	第三方架构测试源码/参考/框架	20279	50c290f5c237389fbfb055e0e88f517c5b445781c7e6f986ca65ee2f711bc953
sim/arch_test/suite/riscv-test-stats/data-propagation/rv32i_m/F/fcvt.wu.s_b28-01.md	第三方架构测试源码/参考/框架	22524	886b04b15fd7bfafc1910b850e7a5b6140532c4af1e5deb58abb86ab57753fcb
sim/arch_test/suite/riscv-test-stats/data-propagation/rv32i_m/F/fcvt.wu.s_b29-01.md	第三方架构测试源码/参考/框架	50798	b0d9def8d245602b446e8005a022103e5b01cf51a5cac5b9f2d0b6e1b0d9809a
sim/arch_test/suite/riscv-test-stats/data-propagation/rv32i_m/F/fdiv_b1-01.md	第三方架构测试源码/参考/框架	424501	f645f2a7b13bea06febfcd74808dd571e899aa86ca641142dd9ed65fe456e903
sim/arch_test/suite/riscv-test-stats/data-propagation/rv32i_m/F/fdiv_b2-01.md	第三方架构测试源码/参考/框架	206729	58b8ce367a3a663d90122b80e52efa87a10962ffc5012342591da80c25a96297
sim/arch_test/suite/riscv-test-stats/data-propagation/rv32i_m/F/fdiv_b20-01.md	第三方架构测试源码/参考/框架	79655	8c99af8db8dd01e3e69ca7377dc44daeb0b281768454981d68ef26f61f487701
sim/arch_test/suite/riscv-test-stats/data-propagation/rv32i_m/F/fdiv_b21-01.md	第三方架构测试源码/参考/框架	498653	8890be6305a64ab240ae892938fb15adc6c097a98c8d756fbf586e6a14068335
sim/arch_test/suite/riscv-test-stats/data-propagation/rv32i_m/F/fdiv_b3-01.md	第三方架构测试源码/参考/框架	822701	8ebd839f0aba3ead248ab80297c77f346a9cc0ed42cd2c69f79edf6b0d5173c0
sim/arch_test/suite/riscv-test-stats/data-propagation/rv32i_m/F/fdiv_b4-01.md	第三方架构测试源码/参考/框架	107389	9139f63ec5937c421060b6dc6c9f539bdf0331956ac09dfbccad82814602d753
sim/arch_test/suite/riscv-test-stats/data-propagation/rv32i_m/F/fdiv_b5-01.md	第三方架构测试源码/参考/框架	165869	8b8f8d5071a1ec5a127d37bb05b7842bb8e47643bdf4eeaaa529dbf9530b3ea6
sim/arch_test/suite/riscv-test-stats/data-propagation/rv32i_m/F/fdiv_b6-01.md	第三方架构测试源码/参考/框架	107245	52875d8c6d4264bdc2c43418014cf13c6862ca7f168cdff60e2565cc8dbb9248
sim/arch_test/suite/riscv-test-stats/data-propagation/rv32i_m/F/fdiv_b7-01.md	第三方架构测试源码/参考/框架	121845	35c95aace8bd03e33994013955ff17ac02df5d81015c6f500f33eb0b65cdc7b0
sim/arch_test/suite/riscv-test-stats/data-propagation/rv32i_m/F/fdiv_b8-01.md	第三方架构测试源码/参考/框架	1232462	904a0182167b104c5e78f65d40647d3873c1279fee66ef727db292ad8055f4f0
sim/arch_test/suite/riscv-test-stats/data-propagation/rv32i_m/F/fdiv_b9-01.md	第三方架构测试源码/参考/框架	969115	3e6d543ee7e7f42c4922a7a83987a31408dafb9d2eb34a95c6f20005ec3f5815
sim/arch_test/suite/riscv-test-stats/data-propagation/rv32i_m/F/feq_b1-01.md	第三方架构测试源码/参考/框架	410525	f12b23c7a2d31a15e16d883e0cf15ce7d78fe433fd6fd352e1a63e9f5d1fcfb1
sim/arch_test/suite/riscv-test-stats/data-propagation/rv32i_m/F/feq_b19-01.md	第三方架构测试源码/参考/框架	758860	43fe8612ce9890c141c76ed4b9edc449c972e063b73b9bcb804edf5ed19c2ae3
sim/arch_test/suite/riscv-test-stats/data-propagation/rv32i_m/F/fle_b1-01.md	第三方架构测试源码/参考/框架	410513	c6323e8a84d27e5ff9e5fb5a585e59d7159026aebd134aebbd911e542e59820f
sim/arch_test/suite/riscv-test-stats/data-propagation/rv32i_m/F/fle_b19-01.md	第三方架构测试源码/参考/框架	756732	6cbfa428cc19bb870fda1d440480bde74b4fd5676f9385a6b172b05037c130c8
sim/arch_test/suite/riscv-test-stats/data-propagation/rv32i_m/F/flt_b1-01.md	第三方架构测试源码/参考/框架	412618	f45f90cd599e529ac55ff90f19a5393e6c8ae9c8853066c6634090a80397b791
sim/arch_test/suite/riscv-test-stats/data-propagation/rv32i_m/F/flt_b19-01.md	第三方架构测试源码/参考/框架	700020	a1b927d014b4c5c853af84c42a3236408910422722a80ada9092b1ae012188f1
sim/arch_test/suite/riscv-test-stats/data-propagation/rv32i_m/F/flw-align-01.md	第三方架构测试源码/参考/框架	23604	bc95655bd3374a1031295b3eb1926abe63e16971bbd79599b9c4752bbd836f64
sim/arch_test/suite/riscv-test-stats/data-propagation/rv32i_m/F/fmadd_b1-01.md	第三方架构测试源码/参考/框架	12451451	a505f19e8c788d3d2d28f9a710901a89b527deba73cd5047beedd8009ab8ec19
sim/arch_test/suite/riscv-test-stats/data-propagation/rv32i_m/F/fmadd_b14-01.md	第三方架构测试源码/参考/框架	76449	c0621b5f4b044aa2f7d8a96a30e9144795f949299ce3ac327020ab69f918ccd0
sim/arch_test/suite/riscv-test-stats/data-propagation/rv32i_m/F/fmadd_b15-01.md	第三方架构测试源码/参考/框架	34237328	3cce9af4b4ac232434863f70903a778c403dda789937679f123f0eaeb9c9ec9b
sim/arch_test/suite/riscv-test-stats/data-propagation/rv32i_m/F/fmadd_b16-01.md	第三方架构测试源码/参考/框架	191166	cc2e5bf11d868e31c095caea1b0ccea40dcebe9b4ea8ec3e7413627945546d5d
sim/arch_test/suite/riscv-test-stats/data-propagation/rv32i_m/F/fmadd_b17-01.md	第三方架构测试源码/参考/框架	190956	0e783a5b1a3a213bbd117be425f0d989bb9dd40f5a210be23716e924ee4b6f68
sim/arch_test/suite/riscv-test-stats/data-propagation/rv32i_m/F/fmadd_b18-01.md	第三方架构测试源码/参考/框架	253390	02c9b3ed9bad090db23f06bcede8827bbf45deb3694d12f64ad0b2ade46ece92
sim/arch_test/suite/riscv-test-stats/data-propagation/rv32i_m/F/fmadd_b2-01.md	第三方架构测试源码/参考/框架	258484	150bb3dd7922b6d310c8fc4bd0a08f8a19d6ad1886c2556f4371a737b647befd
sim/arch_test/suite/riscv-test-stats/data-propagation/rv32i_m/F/fmadd_b3-01.md	第三方架构测试源码/参考/框架	1016534	d9a589fd4c9d82a0cdc8a517ac7eb6f927a9728558dec0e68b7c69d884d7c1ea
sim/arch_test/suite/riscv-test-stats/data-propagation/rv32i_m/F/fmadd_b4-01.md	第三方架构测试源码/参考/框架	137818	1dd3d666a6811bac21fa913c0928c735947f842db7c04605b91aab639ac71bd4
sim/arch_test/suite/riscv-test-stats/data-propagation/rv32i_m/F/fmadd_b5-01.md	第三方架构测试源码/参考/框架	208976	f36771ef44f549f007f3ab784310819954e5022087a67ad80b1378b390aecfcf
sim/arch_test/suite/riscv-test-stats/data-propagation/rv32i_m/F/fmadd_b6-01.md	第三方架构测试源码/参考/框架	136894	6cd915637f163ea5c8b00742db7c57bdd376d7bdfef31ed5945407c3011c1a06
sim/arch_test/suite/riscv-test-stats/data-propagation/rv32i_m/F/fmadd_b7-01.md	第三方架构测试源码/参考/框架	154574	c2cbee32096f7b7c912cd83d334b6c230f7d282df22141338694a53c2da78131
sim/arch_test/suite/riscv-test-stats/data-propagation/rv32i_m/F/fmadd_b8-01.md	第三方架构测试源码/参考/框架	1522772	8261689892fca74809c2b0f4e42d8c2de1b9ba5e09f3beb99f917804f6a8453e
sim/arch_test/suite/riscv-test-stats/data-propagation/rv32i_m/F/fmax_b1-01.md	第三方架构测试源码/参考/框架	420853	990692c33c9c86e3df9b0bb2b0e157052f7ade991744a176fdde2c5c5fb821a3
sim/arch_test/suite/riscv-test-stats/data-propagation/rv32i_m/F/fmax_b19-01.md	第三方架构测试源码/参考/框架	693468	e4ee52d559f237a16674d6838024f34dc0e15551910632d906169699c2eb3e51
sim/arch_test/suite/riscv-test-stats/data-propagation/rv32i_m/F/fmin_b1-01.md	第三方架构测试源码/参考/框架	419871	543c9c33efdc44bba5a090cf4c51035cc8aec39263ac3d82539035e542667331
sim/arch_test/suite/riscv-test-stats/data-propagation/rv32i_m/F/fmin_b19-01.md	第三方架构测试源码/参考/框架	721141	b0466ea6190e39e8c4eeb9333bb4f3221085b52d3c9f1399283199b50baf150a
sim/arch_test/suite/riscv-test-stats/data-propagation/rv32i_m/F/fmsub_b1-01.md	第三方架构测试源码/参考/框架	12438113	dc867ab1fdaff9b4836c2211c9c80c5d4e1456ef950ca82ee30c8629495cf96a
sim/arch_test/suite/riscv-test-stats/data-propagation/rv32i_m/F/fmsub_b14-01.md	第三方架构测试源码/参考/框架	76533	1be37819269e51dd243cfe2d94959e539e7523a4f5261fd078f9c2edd9f3b8c1
sim/arch_test/suite/riscv-test-stats/data-propagation/rv32i_m/F/fmsub_b15-01.md	第三方架构测试源码/参考/框架	34313586	a64ee2fef38cbdb97668fe0b0bd865d76d3f2eb60f993ada660785ea8d34a1da
sim/arch_test/suite/riscv-test-stats/data-propagation/rv32i_m/F/fmsub_b16-01.md	第三方架构测试源码/参考/框架	190746	7fbabbbddb59c4dbbab07b668567a18245fc5a9a7a704c0c3807166104608281
sim/arch_test/suite/riscv-test-stats/data-propagation/rv32i_m/F/fmsub_b17-01.md	第三方架构测试源码/参考/框架	190538	3970203c32b96929ebc727660ab75aab8ee94be3de2c44aaf6c9a0c66e7ecc94
sim/arch_test/suite/riscv-test-stats/data-propagation/rv32i_m/F/fmsub_b18-01.md	第三方架构测试源码/参考/框架	254611	f9b155b14ff4ac0fed57aa031cbd4780e0bd2521bd90fcb6b512a17c81b9d0f3
sim/arch_test/suite/riscv-test-stats/data-propagation/rv32i_m/F/fmsub_b2-01.md	第三方架构测试源码/参考/框架	259342	46a46a8ff60a4c6510e449e1649cf84350676d5911074bf324a956a985355476
sim/arch_test/suite/riscv-test-stats/data-propagation/rv32i_m/F/fmsub_b3-01.md	第三方架构测试源码/参考/框架	1020015	83efb5fbb07f668be84c8d44b82a428f0d697ca7947327b615fb4686286a2578
sim/arch_test/suite/riscv-test-stats/data-propagation/rv32i_m/F/fmsub_b4-01.md	第三方架构测试源码/参考/框架	136744	033b91ffdd4766532e571c04f7c5b053c9dbb18914f4466e18a67f277688296b
sim/arch_test/suite/riscv-test-stats/data-propagation/rv32i_m/F/fmsub_b5-01.md	第三方架构测试源码/参考/框架	208747	4029d5882458444e1891bac5638705dc9bffb1aea6020842ab4b5b1c529216ec
sim/arch_test/suite/riscv-test-stats/data-propagation/rv32i_m/F/fmsub_b6-01.md	第三方架构测试源码/参考/框架	136594	9282f2c9b27c28018bbcb6bc0a3cb865961a531736438179f45477b492f8d96f
sim/arch_test/suite/riscv-test-stats/data-propagation/rv32i_m/F/fmsub_b7-01.md	第三方架构测试源码/参考/框架	154574	2913ed992d97a48e9f6167e247851f20880e28c2417c8e35ee903c67dcdcbb82
sim/arch_test/suite/riscv-test-stats/data-propagation/rv32i_m/F/fmsub_b8-01.md	第三方架构测试源码/参考/框架	1521082	4dbe302926ecfdb21b4ab4714bb726face633204c365c5d36eb36b867f184b06
sim/arch_test/suite/riscv-test-stats/data-propagation/rv32i_m/F/fmul_b1-01.md	第三方架构测试源码/参考/框架	426045	c6fc034bb97d15d7728377ea988bae1a7415ee4a17713a7854fa5ec15c660d7a
sim/arch_test/suite/riscv-test-stats/data-propagation/rv32i_m/F/fmul_b2-01.md	第三方架构测试源码/参考/框架	206449	5b1fd20db29a0cfaa915f1bbbeec100ec24de9ae5dbec9d5e7251aa6ea12f299
sim/arch_test/suite/riscv-test-stats/data-propagation/rv32i_m/F/fmul_b3-01.md	第三方架构测试源码/参考/框架	822701	2e38b8d0abbb3cd8737717ca816e1caa9b020b5dccd6200a6e83cd8a78ec6517
sim/arch_test/suite/riscv-test-stats/data-propagation/rv32i_m/F/fmul_b4-01.md	第三方架构测试源码/参考/框架	107245	9ea218be066cff8c637867cc631e747cf03b92e3a7c1e9e27fa33990532651cf
sim/arch_test/suite/riscv-test-stats/data-propagation/rv32i_m/F/fmul_b5-01.md	第三方架构测试源码/参考/框架	165869	8002f40b053d7f3a8b65faaf486be70d2ccc3873e2485985ba10783266deb401
sim/arch_test/suite/riscv-test-stats/data-propagation/rv32i_m/F/fmul_b6-01.md	第三方架构测试源码/参考/框架	107245	c885234dd0fbe7e578c834f2723e9b9043952b8b17557f5141deb8808126d77b
sim/arch_test/suite/riscv-test-stats/data-propagation/rv32i_m/F/fmul_b7-01.md	第三方架构测试源码/参考/框架	122173	b293c87b677ac40e4924559ca6405291df1eceb4d393e8f1be59e6223dc9c254
sim/arch_test/suite/riscv-test-stats/data-propagation/rv32i_m/F/fmul_b8-01.md	第三方架构测试源码/参考/框架	1228099	43bc1bc353ae0382005a91c48be13de71b20b63072a35ca907f84b89b738a136
sim/arch_test/suite/riscv-test-stats/data-propagation/rv32i_m/F/fmul_b9-01.md	第三方架构测试源码/参考/框架	969499	5062188947db2fec40ea7c675558546f8df19a44a326040d67abfbd220ad983b
sim/arch_test/suite/riscv-test-stats/data-propagation/rv32i_m/F/fmv.w.x_b25-01.md	第三方架构测试源码/参考/框架	18938	58647a8dbc2a89d4b966bfa9e0bb3b4e124940b69aba601600092af3345485f1
sim/arch_test/suite/riscv-test-stats/data-propagation/rv32i_m/F/fmv.w.x_b26-01.md	第三方架构测试源码/参考/框架	20289	cf4b7f8ef6d21a30e39f30fe33a8c7e866a5e53bf7358647ecfbfed23a70bcbc
sim/arch_test/suite/riscv-test-stats/data-propagation/rv32i_m/F/fmv.x.w_b1-01.md	第三方架构测试源码/参考/框架	21686	ae91bcfd5b1b6198a4b790d585dc1655f94f11a4f6ce4271bf03eb4db0ae8952
sim/arch_test/suite/riscv-test-stats/data-propagation/rv32i_m/F/fmv.x.w_b22-01.md	第三方架构测试源码/参考/框架	19775	52efd1fa1ac40594e5f389148161d7025eabcee14a9cd6e3847cef4fee960c1f
sim/arch_test/suite/riscv-test-stats/data-propagation/rv32i_m/F/fmv.x.w_b23-01.md	第三方架构测试源码/参考/框架	19824	14282730fa4fc9bdb6d600dd084ee7429a8b091e35ce49e8153de939e83c979f
sim/arch_test/suite/riscv-test-stats/data-propagation/rv32i_m/F/fmv.x.w_b24-01.md	第三方架构测试源码/参考/框架	21460	5bb383c11b78dd8de7f96aa2cdc0675f51e25375126b6749b11d1afa9aa640a5
sim/arch_test/suite/riscv-test-stats/data-propagation/rv32i_m/F/fmv.x.w_b27-01.md	第三方架构测试源码/参考/框架	19779	7a9171587aa7ba08cbc1e20fd8658824e95fe154eb2dcaa872282a1a04e90a22
sim/arch_test/suite/riscv-test-stats/data-propagation/rv32i_m/F/fmv.x.w_b28-01.md	第三方架构测试源码/参考/框架	21237	f6cd9ca307ef6c993c5dc598429735f531d6391fc4609889853f0e952a981cd5
sim/arch_test/suite/riscv-test-stats/data-propagation/rv32i_m/F/fmv.x.w_b29-01.md	第三方架构测试源码/参考/框架	20428	8b779799c6406573a4d94d0f22b94987d34e465cd825850da086c0f23d32e695
sim/arch_test/suite/riscv-test-stats/data-propagation/rv32i_m/F/fnmadd_b1-01.md	第三方架构测试源码/参考/框架	12452193	c986d1d6172a5d7a2cea82e251adf77642e37a45d21367f48a0476dd969991db
sim/arch_test/suite/riscv-test-stats/data-propagation/rv32i_m/F/fnmadd_b14-01.md	第三方架构测试源码/参考/框架	76616	4a0ee05ecc3d81c331c6942d8a4c68c09becc3f1ed67e45b862ee40daaf06f41
sim/arch_test/suite/riscv-test-stats/data-propagation/rv32i_m/F/fnmadd_b15-01.md	第三方架构测试源码/参考/框架	34352942	de437e1afb88d8024284df9b38fe49ea27d202de8fa171804e8b0bdf64e46623
sim/arch_test/suite/riscv-test-stats/data-propagation/rv32i_m/F/fnmadd_b16-01.md	第三方架构测试源码/参考/框架	192185	b10b1f71cb984b412e7de19b4aaf565a49a97843921a4f8c94d67d86d7f46b33
sim/arch_test/suite/riscv-test-stats/data-propagation/rv32i_m/F/fnmadd_b17-01.md	第三方架构测试源码/参考/框架	191167	2be1672fa387f062422cfda516e70a5920cbd5732c22c296c78a3a1fb37bf6c2
sim/arch_test/suite/riscv-test-stats/data-propagation/rv32i_m/F/fnmadd_b18-01.md	第三方架构测试源码/参考/框架	254231	d9da7e3db6ad7b72d8f1ebbf985ffb63cfb9c1deab4a3e8ee19a53ce88c90d03
sim/arch_test/suite/riscv-test-stats/data-propagation/rv32i_m/F/fnmadd_b2-01.md	第三方架构测试源码/参考/框架	259058	85ce75ac80466d0086438f931328b74ad19731ee04ff07dad14be9357de99fb6
sim/arch_test/suite/riscv-test-stats/data-propagation/rv32i_m/F/fnmadd_b3-01.md	第三方架构测试源码/参考/框架	1021055	e3f27fdec97343f32b7de63c42c166c1095d025e3fdc538d534eadfad0963284
sim/arch_test/suite/riscv-test-stats/data-propagation/rv32i_m/F/fnmadd_b4-01.md	第三方架构测试源码/参考/框架	137045	ada2203738dd099276362223de611d68d3aac8bdc11daef7c550f463b1c03b1e
sim/arch_test/suite/riscv-test-stats/data-propagation/rv32i_m/F/fnmadd_b5-01.md	第三方架构测试源码/参考/框架	208975	8281f167c49750e16785074eeca002ee09bad0cf5b7c9654e416c2549d745c84
sim/arch_test/suite/riscv-test-stats/data-propagation/rv32i_m/F/fnmadd_b6-01.md	第三方架构测试源码/参考/框架	138278	1bc51a51715b7016b2b0bd1e525072f1c9c4b128e661a5d0dd5620c9d7df8def
sim/arch_test/suite/riscv-test-stats/data-propagation/rv32i_m/F/fnmadd_b7-01.md	第三方架构测试源码/参考/框架	156313	a0213522cd5b9819625cf5baa4469a957e0dbacd905ef046b7de667255cf230d
sim/arch_test/suite/riscv-test-stats/data-propagation/rv32i_m/F/fnmadd_b8-01.md	第三方架构测试源码/参考/框架	1522773	1d430167bfd37a023ec64dd8349f0044df5ea34bc804a42c2e749e955c991111
sim/arch_test/suite/riscv-test-stats/data-propagation/rv32i_m/F/fnmsub_b1-01.md	第三方架构测试源码/参考/框架	12466021	357345e75db538d8bfec5d57b72b0789cc907a301ab2f9cd2635743d388263e0
sim/arch_test/suite/riscv-test-stats/data-propagation/rv32i_m/F/fnmsub_b14-01.md	第三方架构测试源码/参考/框架	76782	6484b1db5a6fa6f66925fe622754abc9e009f82ec7c207c34880f02e121fb42e
sim/arch_test/suite/riscv-test-stats/data-propagation/rv32i_m/F/fnmsub_b15-01.md	第三方架构测试源码/参考/框架	34313585	9b596937a02e08900a1cc7368a5a9ac95ae15f2ed4b2e804693acc3a0b131fd4
sim/arch_test/suite/riscv-test-stats/data-propagation/rv32i_m/F/fnmsub_b16-01.md	第三方架构测试源码/参考/框架	192185	bc688513aaf6f92b695ab944d99f47cc2b5754d723f048418c7721a28f69ee17
sim/arch_test/suite/riscv-test-stats/data-propagation/rv32i_m/F/fnmsub_b17-01.md	第三方架构测试源码/参考/框架	191167	ab324b423ada7632e5d1d6ba86948d086db5732e424286e50836ccb08934fc15
sim/arch_test/suite/riscv-test-stats/data-propagation/rv32i_m/F/fnmsub_b18-01.md	第三方架构测试源码/参考/框架	254231	733d203171dcb62bcfe38589dacb7ce29cade598e007c6e772b963be34e369ba
sim/arch_test/suite/riscv-test-stats/data-propagation/rv32i_m/F/fnmsub_b2-01.md	第三方架构测试源码/参考/框架	259629	2e43d874fe2478176ca0777fffca5e3220fca340372662f5b7f55532d24829d6
sim/arch_test/suite/riscv-test-stats/data-propagation/rv32i_m/F/fnmsub_b3-01.md	第三方架构测试源码/参考/框架	1019927	84bcf5e2495c85d8a5c71329cb8c636aa7278da824e093f81772d356ad2ae606
sim/arch_test/suite/riscv-test-stats/data-propagation/rv32i_m/F/fnmsub_b4-01.md	第三方架构测试源码/参考/框架	136895	ffbc2e72a841915694ff643ed4d690a3fc3670cfdb1a75d847aa6d4786975459
sim/arch_test/suite/riscv-test-stats/data-propagation/rv32i_m/F/fnmsub_b5-01.md	第三方架构测试源码/参考/框架	209205	549954ad220051ca156fc8ed7c522f9808468b1b371034a56bc620175cc9fe65
sim/arch_test/suite/riscv-test-stats/data-propagation/rv32i_m/F/fnmsub_b6-01.md	第三方架构测试源码/参考/框架	137973	325c08956533836fc8e559083e511896b5726345ff4884680f8669c127e06aa6
sim/arch_test/suite/riscv-test-stats/data-propagation/rv32i_m/F/fnmsub_b7-01.md	第三方架构测试源码/参考/框架	156313	2a4def12cca6ebbb38e80ae1eb79bfa4244f984563f8487421822ecfd9ee22c0
sim/arch_test/suite/riscv-test-stats/data-propagation/rv32i_m/F/fnmsub_b8-01.md	第三方架构测试源码/参考/框架	1524463	bc57d1b4252cfed6ca6f20373812526671afd8cf5132cc0e7764a6accc31a451
sim/arch_test/suite/riscv-test-stats/data-propagation/rv32i_m/F/fsgnj_b1-01.md	第三方架构测试源码/参考/框架	433792	0760dd59ed9e8d6f757636441c96fafb1ee7cdf0ae91636f6796cc5686663dc2
sim/arch_test/suite/riscv-test-stats/data-propagation/rv32i_m/F/fsgnjn_b1-01.md	第三方架构测试源码/参考/框架	436113	9041dde9aef521bd03c53de99848da6c94e3f05e0d26cc19a9a16e5e781d8abc
sim/arch_test/suite/riscv-test-stats/data-propagation/rv32i_m/F/fsgnjx_b1-01.md	第三方架构测试源码/参考/框架	435533	19f95b1c0d69476580e95723358c22eb3f94b857e7b7247c80ebbc0cf8ebabc1
sim/arch_test/suite/riscv-test-stats/data-propagation/rv32i_m/F/fsqrt_b1-01.md	第三方架构测试源码/参考/框架	21973	ea4e8fc5763b23f74d371c8f8e99045f49c80b2d03996b39831e89ae6aef702c
sim/arch_test/suite/riscv-test-stats/data-propagation/rv32i_m/F/fsqrt_b2-01.md	第三方架构测试源码/参考/框架	22113	30da1b4edc19a999391019f4e12db1c9dd306388cd865b9123ed13036aa90743
sim/arch_test/suite/riscv-test-stats/data-propagation/rv32i_m/F/fsqrt_b20-01.md	第三方架构测试源码/参考/框架	42423	1ae8b449a68c2c4441f038039c6b5b6bb239519862fcaf80ffc8744dc6ff024e
sim/arch_test/suite/riscv-test-stats/data-propagation/rv32i_m/F/fsqrt_b3-01.md	第三方架构测试源码/参考/框架	21427	aae065a39005be47947e5dca5f5f7ae4be6a2a54d0ef87d7b39c787bcb74750c
sim/arch_test/suite/riscv-test-stats/data-propagation/rv32i_m/F/fsqrt_b4-01.md	第三方架构测试源码/参考/框架	20673	1a65b1bc2877aa7f15f17433dad5d780005ee9fb14263b16adf5fb30924bbef3
sim/arch_test/suite/riscv-test-stats/data-propagation/rv32i_m/F/fsqrt_b5-01.md	第三方架构测试源码/参考/框架	20673	f75506030f40af231196ede209987bc3747a3a9eb9dfdccec6e71f4476150570
sim/arch_test/suite/riscv-test-stats/data-propagation/rv32i_m/F/fsqrt_b7-01.md	第三方架构测试源码/参考/框架	20461	2ad8bdc4577fa54e9da89ac0ed4e19c3bff1e34ccaca6e2e3f4bc1f22de8bbe7
sim/arch_test/suite/riscv-test-stats/data-propagation/rv32i_m/F/fsqrt_b8-01.md	第三方架构测试源码/参考/框架	21359	8fd49d08959edb629326a6ed8c27eef6b4b37a41ab095cd616c22bb227e532a8
sim/arch_test/suite/riscv-test-stats/data-propagation/rv32i_m/F/fsqrt_b9-01.md	第三方架构测试源码/参考/框架	120157	2d7963d76a02550ca52bf8e2454121fc7332ede2b6a9cf400b4867818fa74455
sim/arch_test/suite/riscv-test-stats/data-propagation/rv32i_m/F/fsub_b1-01.md	第三方架构测试源码/参考/框架	426045	43b096ecdeb1d431aa8e137eb76b8cde8e72e21e7fc1543ad207d3825a813c8b
sim/arch_test/suite/riscv-test-stats/data-propagation/rv32i_m/F/fsub_b10-01.md	第三方架构测试源码/参考/框架	57129	42a5cb20944d2bfbba8c5716cd2f634c2a1b22f3195fe544c776c880ca1edf06
sim/arch_test/suite/riscv-test-stats/data-propagation/rv32i_m/F/fsub_b11-01.md	第三方架构测试源码/参考/框架	5138123	4086f4ae2fa37f607ce782c28cb238ef9aa9c1f0e552f6852efb5217f22a93e0
sim/arch_test/suite/riscv-test-stats/data-propagation/rv32i_m/F/fsub_b12-01.md	第三方架构测试源码/参考/框架	41799	0361a5f158b9b8c69979d97d36ee229bb4528a117b63532d5bdae4d877c6a24e
sim/arch_test/suite/riscv-test-stats/data-propagation/rv32i_m/F/fsub_b13-01.md	第三方架构测试源码/参考/框架	152021	68c6209b647b40f2863749be18e90b008272cd129ea759f1e6eaba6297fae059
sim/arch_test/suite/riscv-test-stats/data-propagation/rv32i_m/F/fsub_b2-01.md	第三方架构测试源码/参考/框架	204993	8a3638963418d9b2ff31f9ba1b04a7e25b42919eda54877c1aa6d003118f8933
sim/arch_test/suite/riscv-test-stats/data-propagation/rv32i_m/F/fsub_b3-01.md	第三方架构测试源码/参考/框架	822348	4d46270900d9043f87416c5666f7e07d1490aa5abc663342af6222b257c2f08a
sim/arch_test/suite/riscv-test-stats/data-propagation/rv32i_m/F/fsub_b4-01.md	第三方架构测试源码/参考/框架	107389	292bc34c652f6e35f9ff5903533fdb31337e80488e5b30a5e0972a1b9c27b87b
sim/arch_test/suite/riscv-test-stats/data-propagation/rv32i_m/F/fsub_b5-01.md	第三方架构测试源码/参考/框架	166639	12e6b85ada5ed5376e860dc8406e5448cdb97b58787bd3cadb696cabc9815de9
sim/arch_test/suite/riscv-test-stats/data-propagation/rv32i_m/F/fsub_b7-01.md	第三方架构测试源码/参考/框架	122617	9ae169ed37b82854637999e19047a079ed1399589c4b456edf5a05927506fb44
sim/arch_test/suite/riscv-test-stats/data-propagation/rv32i_m/F/fsub_b8-01.md	第三方架构测试源码/参考/框架	1230555	e63230e78fc18cb710bdbe1a95191c150d88d85b5c3b8bc705d5540ad3f4f8e9
sim/arch_test/suite/riscv-test-stats/data-propagation/rv32i_m/F/fsw-align-01.md	第三方架构测试源码/参考/框架	14277	558f6210a27310ebb25e8e43c1612c3c087a97c07f8891c89b1a30f22a0ef250
sim/arch_test/suite/riscv-test-stats/data-propagation/rv32i_m/I/add-01.md	第三方架构测试源码/参考/框架	197198	3d4e7b256870d497303412deaf22a18efc5f5d495a4010cead58c0e7502607ed
sim/arch_test/suite/riscv-test-stats/data-propagation/rv32i_m/I/addi-01.md	第三方架构测试源码/参考/框架	169090	9bd9edac4543490f04ed8ef5b9d89f39e41cd8274c84b2598ec641e089859963
sim/arch_test/suite/riscv-test-stats/data-propagation/rv32i_m/I/and-01.md	第三方架构测试源码/参考/框架	162924	8e0a016fc3fc9d2e5300723a675e8fab5b76598bc729399677dadfc02195d228
sim/arch_test/suite/riscv-test-stats/data-propagation/rv32i_m/I/andi-01.md	第三方架构测试源码/参考/框架	174235	71f8e6f63a02c5e054e1fcde1bf132c7732c08c485cf8378c84cd4644e2e6ced
sim/arch_test/suite/riscv-test-stats/data-propagation/rv32i_m/I/auipc-01.md	第三方架构测试源码/参考/框架	18803	adcc463558fabf1269adb09253abb929ab280d041ffc575c2ee9115359a03d31
sim/arch_test/suite/riscv-test-stats/data-propagation/rv32i_m/I/beq-01.md	第三方架构测试源码/参考/框架	273647	ee35f56adcbadbadf35042eee5a47dd4cb11b7e048948d0babc963dd64fce8cb
sim/arch_test/suite/riscv-test-stats/data-propagation/rv32i_m/I/bge-01.md	第三方架构测试源码/参考/框架	241256	09e7e78d02094e2e24eb0b464fed162071304914e81c14382fb4473ab6ad261f
sim/arch_test/suite/riscv-test-stats/data-propagation/rv32i_m/I/bgeu-01.md	第三方架构测试源码/参考/框架	278663	68087b195e3d837812436b229cac90022a33d40e77fa8dde1cf4a7c6aa117851
sim/arch_test/suite/riscv-test-stats/data-propagation/rv32i_m/I/blt-01.md	第三方架构测试源码/参考/框架	250224	8e9b32a33a44c2f9d2639cd80cbd80d8adbeea47c9f232a80fe7e16a229fce22
sim/arch_test/suite/riscv-test-stats/data-propagation/rv32i_m/I/bltu-01.md	第三方架构测试源码/参考/框架	291800	6b88039c0c99a35daef6bd340bfabf45da80d54791533f8799e6344d96db37e8
sim/arch_test/suite/riscv-test-stats/data-propagation/rv32i_m/I/bne-01.md	第三方架构测试源码/参考/框架	241251	4bd5967426925d960d9b2951fd8b792d9d476d59aa2145da6f5576ced7a93ec2
sim/arch_test/suite/riscv-test-stats/data-propagation/rv32i_m/I/fence-01.md	第三方架构测试源码/参考/框架	2661	0b5dae9d756ff47a7bfa16850dae072c2ae7bafaed4073fc08457d92ab0e362d
sim/arch_test/suite/riscv-test-stats/data-propagation/rv32i_m/I/jal-01.md	第三方架构测试源码/参考/框架	17587	820fa7a302e251b06efe9b780e5421a369afe09d158be0efc09b4deae27a3011
sim/arch_test/suite/riscv-test-stats/data-propagation/rv32i_m/I/jalr-01.md	第三方架构测试源码/参考/框架	16440	a6d10122c96b7be4a93e39058dee08153a764719ce301bf56e8454d267dbf9b9
sim/arch_test/suite/riscv-test-stats/data-propagation/rv32i_m/I/lb-align-01.md	第三方架构测试源码/参考/框架	12741	549083ee92ca6f54aef18ac09be542e05daff0040ddb7ae349ba438cccbf46ba
sim/arch_test/suite/riscv-test-stats/data-propagation/rv32i_m/I/lbu-align-01.md	第三方架构测试源码/参考/框架	12369	ff9f3049fda97ac7dd330dcc45c5a475c8ff1fad9e9885f86f4cc7b628c9c25e
sim/arch_test/suite/riscv-test-stats/data-propagation/rv32i_m/I/lh-align-01.md	第三方架构测试源码/参考/框架	12298	e6f858f9bf164f3abbb8e269a46703a9101471eb3a0ea275647e78ffcd63eba1
sim/arch_test/suite/riscv-test-stats/data-propagation/rv32i_m/I/lhu-align-01.md	第三方架构测试源码/参考/框架	12267	d4d5c366eb57dfb1db07ddfd487de50d825f6ee17b74cdbea8eaa9bce6a758ff
sim/arch_test/suite/riscv-test-stats/data-propagation/rv32i_m/I/lui-01.md	第三方架构测试源码/参考/框架	13362	da9436bc0dee3fcaeae90b6f7cc4e12c95f3656899a7d37fceeb1a5d182f0750
sim/arch_test/suite/riscv-test-stats/data-propagation/rv32i_m/I/lw-align-01.md	第三方架构测试源码/参考/框架	12264	c9e9ea1b73a4581c464292729eb53ceb5a6be3c143f7e52363fae7033b70d23a
sim/arch_test/suite/riscv-test-stats/data-propagation/rv32i_m/I/or-01.md	第三方架构测试源码/参考/框架	175085	72c2b11c17f31a8f3118c887214ce24b2ece45bd1fa14a1c5b215781c17af816
sim/arch_test/suite/riscv-test-stats/data-propagation/rv32i_m/I/ori-01.md	第三方架构测试源码/参考/框架	172986	6f73b5c8d3a0bd89501679020932b4291be8c2c436d7d8371e851a56d3196626
sim/arch_test/suite/riscv-test-stats/data-propagation/rv32i_m/I/sb-align-01.md	第三方架构测试源码/参考/框架	20608	7bc21dd901d3786048ff0db02b723dfc6a52f74f7feff004a5d07e4e6c6ae39c
sim/arch_test/suite/riscv-test-stats/data-propagation/rv32i_m/I/sh-align-01.md	第三方架构测试源码/参考/框架	21012	48eaaee19e7ea635aad70ef022aac6075a0eca18ece99273e8c09e497666d7a7
sim/arch_test/suite/riscv-test-stats/data-propagation/rv32i_m/I/sll-01.md	第三方架构测试源码/参考/框架	29873	b21c7e9d1a77b9bfcac2f3fad33f24da9d714f34f1ef7c3eb15a3ddffdb90467
sim/arch_test/suite/riscv-test-stats/data-propagation/rv32i_m/I/slli-01.md	第三方架构测试源码/参考/框架	26592	227c6ec2d73d31a7db0da4667e1fca10b3533a8a62483978626b58663421881a
sim/arch_test/suite/riscv-test-stats/data-propagation/rv32i_m/I/slt-01.md	第三方架构测试源码/参考/框架	178587	ecad8419cc2dfb31c2ffd13796d948e57d079430568ec770f5867238907c67f6
sim/arch_test/suite/riscv-test-stats/data-propagation/rv32i_m/I/slti-01.md	第三方架构测试源码/参考/框架	173995	680d6a7b8583ae03565d76d2fd8ab2b55b76e80c899b98e62d145b1294749197
sim/arch_test/suite/riscv-test-stats/data-propagation/rv32i_m/I/sltiu-01.md	第三方架构测试源码/参考/框架	184286	f69768e63e2e20a684bff4bf8471f25c88efd3ca1ecff345284b5bc752d3aca9
sim/arch_test/suite/riscv-test-stats/data-propagation/rv32i_m/I/sltu-01.md	第三方架构测试源码/参考/框架	230134	349a2c0ecd5df12a2d4acb4eb3290e8ad02712bb9e6316f06ad1c15690d96014
sim/arch_test/suite/riscv-test-stats/data-propagation/rv32i_m/I/sra-01.md	第三方架构测试源码/参考/框架	35528	b47b0bef39245142e68013cd5f5434af21d1e89f3bd775b6f49b9cd278c6ee83
sim/arch_test/suite/riscv-test-stats/data-propagation/rv32i_m/I/srai-01.md	第三方架构测试源码/参考/框架	24513	d5796dd882ed0c822837e92e8798a15f9cd93809d21d565e69bc35cb5a49117e
sim/arch_test/suite/riscv-test-stats/data-propagation/rv32i_m/I/srl-01.md	第三方架构测试源码/参考/框架	31201	043a730cdbfa89857b7dfbfc1108ad5c253b4adff7957ec43989c58a3431f24b
sim/arch_test/suite/riscv-test-stats/data-propagation/rv32i_m/I/srli-01.md	第三方架构测试源码/参考/框架	26393	df106bb29a8617d248bb3aebbf64c2cc6fbdcccdc05204edf5dc89cabc79f6cd
sim/arch_test/suite/riscv-test-stats/data-propagation/rv32i_m/I/sub-01.md	第三方架构测试源码/参考/框架	175891	3b6c61aee336d10f6f345de6f6253fb391cc1956fe402b5e7d844c5449635c6e
sim/arch_test/suite/riscv-test-stats/data-propagation/rv32i_m/I/sw-align-01.md	第三方架构测试源码/参考/框架	20232	33348e510acabc8f74615d33aafb8f736630f05559f2a0f7f6bdf41f16b8a681
sim/arch_test/suite/riscv-test-stats/data-propagation/rv32i_m/I/xor-01.md	第三方架构测试源码/参考/框架	174180	e83c6f22634204f5cedea759ff7cf5945c5facf8fc1e6c22d2d110b843bf3912
sim/arch_test/suite/riscv-test-stats/data-propagation/rv32i_m/I/xori-01.md	第三方架构测试源码/参考/框架	163335	bb6cef7e2e6dc150d3146c82854c3cb342a90d03e156a35f9f46aa1f16c32623
sim/arch_test/suite/riscv-test-stats/data-propagation/rv32i_m/K_unratified/aes32dsi-01.md	第三方架构测试源码/参考/框架	82735	8cc4afe33e77c399f726a48fc780548059d0a5d90261edbba21a0a4fa728913b
sim/arch_test/suite/riscv-test-stats/data-propagation/rv32i_m/K_unratified/aes32dsi-rwp1.md	第三方架构测试源码/参考/框架	8506	99bc9e6ef0f4793feec34e5b317a24e8869aca87d35539c55a5f47414f8c6dd2
sim/arch_test/suite/riscv-test-stats/data-propagation/rv32i_m/K_unratified/aes32dsmi-01.md	第三方架构测试源码/参考/框架	82741	42ea044f61e23d041f045ae96d9b7795eab17fb0a4d055bf06caadfb47ad461b
sim/arch_test/suite/riscv-test-stats/data-propagation/rv32i_m/K_unratified/aes32dsmi-rwp1.md	第三方架构测试源码/参考/框架	8614	18ef7194e0f34964380fc168c2eb7f65e02de34e7ace275ea9aa5bd11ec650f3
sim/arch_test/suite/riscv-test-stats/data-propagation/rv32i_m/K_unratified/aes32esi-01.md	第三方架构测试源码/参考/框架	81443	87a73a7d059491aa17f848023a1ebeea175dddd30e1bfe111efd5b3729b2f6cf
sim/arch_test/suite/riscv-test-stats/data-propagation/rv32i_m/K_unratified/aes32esi-rwp1.md	第三方架构测试源码/参考/框架	8506	cba36dd024c99507efec8c7050aa5a9477f4aeafe3872a43c34949284bf9338f
sim/arch_test/suite/riscv-test-stats/data-propagation/rv32i_m/K_unratified/aes32esmi-01.md	第三方架构测试源码/参考/框架	82138	396b77ab7ba0283cea09e3e3bec360863538e0b4c8e389dd2d333b2bf94c7bb1
sim/arch_test/suite/riscv-test-stats/data-propagation/rv32i_m/K_unratified/aes32esmi-rwp1.md	第三方架构测试源码/参考/框架	8614	f70aef25e234e028cfe15bc792fbd8ed1cd0f8f729cf4ea784a260b11e8c1c5f
sim/arch_test/suite/riscv-test-stats/data-propagation/rv32i_m/K_unratified/andn-01.md	第三方架构测试源码/参考/框架	65050	d9846f4d7504ce4523f05ae72680054ac50a504ec3a48229c8212b03f6c40acb
sim/arch_test/suite/riscv-test-stats/data-propagation/rv32i_m/K_unratified/clmul-01.md	第三方架构测试源码/参考/框架	65324	ded6d1f006bc5e22940a4097b950b8789c115417c974d04028bd2a89a5e1bcdc
sim/arch_test/suite/riscv-test-stats/data-propagation/rv32i_m/K_unratified/clmulh-01.md	第三方架构测试源码/参考/框架	65328	667ef527e1384ca96ebc6a542e91f18a01dc1fdc627a15764fc4d1771bc9088e
sim/arch_test/suite/riscv-test-stats/data-propagation/rv32i_m/K_unratified/orn-01.md	第三方架构测试源码/参考/框架	64506	921f9da3db40b51c3c23cddddc2a8e4fb47e3a75d1aeeaa3e40ba3f9db1f4131
sim/arch_test/suite/riscv-test-stats/data-propagation/rv32i_m/K_unratified/pack-01.md	第三方架构测试源码/参考/框架	64240	e8c6457d56bcbeac05615f51ce20e656f9d4406b70f1d12b890c2cd9e9edcbbb
sim/arch_test/suite/riscv-test-stats/data-propagation/rv32i_m/K_unratified/packh-01.md	第三方架构测试源码/参考/框架	64784	218bf97a2df19d4ca57ad21bf866d50c7f40eb0ff565b9d566a6ec825eeed45b
sim/arch_test/suite/riscv-test-stats/data-propagation/rv32i_m/K_unratified/packu-01.md	第三方架构测试源码/参考/框架	65324	536bbd8a1aec69751549b1e004d8524f16e9d82122a63629bb351e2c211158b7
sim/arch_test/suite/riscv-test-stats/data-propagation/rv32i_m/K_unratified/rev.b-01.md	第三方架构测试源码/参考/框架	26546	363d5444a820b317d5b77f6f0340edb5f96f6103c1e5f550f5ffa965d70ea334
sim/arch_test/suite/riscv-test-stats/data-propagation/rv32i_m/K_unratified/rev8-01.md	第三方架构测试源码/参考/框架	26411	056d73b5f75e53895896c7430003dea2c92fa09c85a9d08b5896d66d01058c61
sim/arch_test/suite/riscv-test-stats/data-propagation/rv32i_m/K_unratified/rol-01.md	第三方架构测试源码/参考/框架	63696	d1de4100aaa00ac9573d34a7ca7f097b147451c1c07e4e52097212005729301d
sim/arch_test/suite/riscv-test-stats/data-propagation/rv32i_m/K_unratified/ror-01.md	第三方架构测试源码/参考/框架	64506	5c2bc4899655f69514af62f4cb1dc1277f4e61201f58a37b450ca738ceb729f2
sim/arch_test/suite/riscv-test-stats/data-propagation/rv32i_m/K_unratified/rori-01.md	第三方架构测试源码/参考/框架	33997	0b717538efd3107a0ba7a916441bad156ff7293bcf92d6ffb641d5aa03d9ba06
sim/arch_test/suite/riscv-test-stats/data-propagation/rv32i_m/K_unratified/sha256sig0-01.md	第三方架构测试源码/参考/框架	19054	e178db7fb02c8e9b28a486e5d81d74711b56710ab0c3c1d0898caea145a417c1
sim/arch_test/suite/riscv-test-stats/data-propagation/rv32i_m/K_unratified/sha256sig0-rwp1.md	第三方架构测试源码/参考/框架	61053	763ffd56e09325eed021cadfc42f9a897f83adf5bb46abbda3745679dcdc1dab
sim/arch_test/suite/riscv-test-stats/data-propagation/rv32i_m/K_unratified/sha256sig0-rwp2.md	第三方架构测试源码/参考/框架	11851	f2277a5f19146a9b7e27b5acb3973479a88685a282708ff0058a3dff416835a4
sim/arch_test/suite/riscv-test-stats/data-propagation/rv32i_m/K_unratified/sha256sig1-01.md	第三方架构测试源码/参考/框架	18880	600f563d3790ab81271e7406a02aef0237255debedd1b5822bf9e9d18b29bdcf
sim/arch_test/suite/riscv-test-stats/data-propagation/rv32i_m/K_unratified/sha256sig1-rwp1.md	第三方架构测试源码/参考/框架	61053	e2695c572b069ac9a29f01e2e6b53082406ed39fff1fc4c4513f27d306764106
sim/arch_test/suite/riscv-test-stats/data-propagation/rv32i_m/K_unratified/sha256sig1-rwp2.md	第三方架构测试源码/参考/框架	11851	ff9610dd1516c1142c064e8835409f7fea5d33d83f3094e93cda4e71dded15ad
sim/arch_test/suite/riscv-test-stats/data-propagation/rv32i_m/K_unratified/sha256sum0-01.md	第三方架构测试源码/参考/框架	19054	3b70b07ed067677016fd56048bfde44854795fd7a79a344d25b84e20c4b1c8ea
sim/arch_test/suite/riscv-test-stats/data-propagation/rv32i_m/K_unratified/sha256sum0-rwp1.md	第三方架构测试源码/参考/框架	61053	e9765f1192c1dd6ba62d3c16ddeafc8388cbf4fbf805300db988b7a0bef56908
sim/arch_test/suite/riscv-test-stats/data-propagation/rv32i_m/K_unratified/sha256sum0-rwp2.md	第三方架构测试源码/参考/框架	11851	a5bc175aa763a0d6c9e13bd7085ca7732070a5806c54c642d98301af6e515313
sim/arch_test/suite/riscv-test-stats/data-propagation/rv32i_m/K_unratified/sha256sum1-01.md	第三方架构测试源码/参考/框架	18967	d43ba8225b7b864c246581be59b4d8310dbe319bc7414acf846b5a8fc20c95dd
sim/arch_test/suite/riscv-test-stats/data-propagation/rv32i_m/K_unratified/sha256sum1-rwp1.md	第三方架构测试源码/参考/框架	61053	71ce182c644d81940ec66ada3105550c9502bed4664ed29b1795cf9a3b57b153
sim/arch_test/suite/riscv-test-stats/data-propagation/rv32i_m/K_unratified/sha256sum1-rwp2.md	第三方架构测试源码/参考/框架	11851	9100cb4a49b1fd43fe02036f75cdca746734fc2ce87ab437335090c67ab72ee8
sim/arch_test/suite/riscv-test-stats/data-propagation/rv32i_m/K_unratified/sha512sig0h-01.md	第三方架构测试源码/参考/框架	31960	67be68f2ad0eace3c702e9c659241e4fc349efa5cd1797f02eb95a7b74c088b9
sim/arch_test/suite/riscv-test-stats/data-propagation/rv32i_m/K_unratified/sha512sig0h-rwp1.md	第三方架构测试源码/参考/框架	70732	29dfb2be6d824a59d7d8db0ca420e2bdf12edec61087155ff4d6b7c7d4b40aa3
sim/arch_test/suite/riscv-test-stats/data-propagation/rv32i_m/K_unratified/sha512sig0h-rwp2.md	第三方架构测试源码/参考/框架	13280	a917766800b245facfcea2103d296563d313cabb261d2563856c211978458255
sim/arch_test/suite/riscv-test-stats/data-propagation/rv32i_m/K_unratified/sha512sig0l-01.md	第三方架构测试源码/参考/框架	32223	a8117a0bf23bcc8f099a4e77c2b98db5461913839312c253d7741d8f518f0074
sim/arch_test/suite/riscv-test-stats/data-propagation/rv32i_m/K_unratified/sha512sig0l-rwp1.md	第三方架构测试源码/参考/框架	70732	ed0e5fb0c08e488f848116550f218b096dc2257827809ba1f8f25f1e740df117
sim/arch_test/suite/riscv-test-stats/data-propagation/rv32i_m/K_unratified/sha512sig0l-rwp2.md	第三方架构测试源码/参考/框架	13280	da51dafc3d8bc8a2a71625546a48b595be8d6f97fb2f6ccc26a7d1ce14555e19
sim/arch_test/suite/riscv-test-stats/data-propagation/rv32i_m/K_unratified/sha512sig1h-01.md	第三方架构测试源码/参考/框架	32793	6a180db34672c1f8a79648817cb1a2fe19e778cb2a1212c5c765f8ea724c7829
sim/arch_test/suite/riscv-test-stats/data-propagation/rv32i_m/K_unratified/sha512sig1h-rwp1.md	第三方架构测试源码/参考/框架	70732	540e1b7bbda0242848a5ee4cdaede4c0e8a92db7a5262dc4e134be9800a2c926
sim/arch_test/suite/riscv-test-stats/data-propagation/rv32i_m/K_unratified/sha512sig1h-rwp2.md	第三方架构测试源码/参考/框架	13280	780e05cc40b4d700e06d26d8df5447e42bf09c1f872391d6c3127d15367c8ca4
sim/arch_test/suite/riscv-test-stats/data-propagation/rv32i_m/K_unratified/sha512sig1l-01.md	第三方架构测试源码/参考/框架	32681	d392c58d857da1b55f791bd144a53cc179482c144b479841e9e2a7bce70deae0
sim/arch_test/suite/riscv-test-stats/data-propagation/rv32i_m/K_unratified/sha512sig1l-rwp1.md	第三方架构测试源码/参考/框架	70732	4ed855f9206a651ffbfc47e857d89fe14f1e6a6dac94675ede39bf7c1f5b69ef
sim/arch_test/suite/riscv-test-stats/data-propagation/rv32i_m/K_unratified/sha512sig1l-rwp2.md	第三方架构测试源码/参考/框架	13280	dd131e4bd786510c34193fa9ab0c1391dec70b36bfbefa23568ad256b36e6725
sim/arch_test/suite/riscv-test-stats/data-propagation/rv32i_m/K_unratified/sha512sum0r-01.md	第三方架构测试源码/参考/框架	32259	178d120bc1a15064677609cfb9155076fbfa03e2ac06871d84cc0ce7f2200ed6
sim/arch_test/suite/riscv-test-stats/data-propagation/rv32i_m/K_unratified/sha512sum0r-rwp1.md	第三方架构测试源码/参考/框架	70732	918a67a8a07e5d01c480e1a9461b6c7339cec262e62bf363a6e2c88a57122018
sim/arch_test/suite/riscv-test-stats/data-propagation/rv32i_m/K_unratified/sha512sum0r-rwp2.md	第三方架构测试源码/参考/框架	13280	63266dd9bf14143a54365f5ef44e5e5b3156ea5c1a2b1eca97d9c3569aa466bd
sim/arch_test/suite/riscv-test-stats/data-propagation/rv32i_m/K_unratified/sha512sum1r-01.md	第三方架构测试源码/参考/框架	32642	90bd0ed752b368884f2310bb3957e1b0f2a3ab8156b88b9bc9c6669626f0ebda
sim/arch_test/suite/riscv-test-stats/data-propagation/rv32i_m/K_unratified/sha512sum1r-rwp1.md	第三方架构测试源码/参考/框架	70732	2cbff38d2feae9cbe6a8de08ddfab293bbfc67b6fd69fffc79bdb567957b3ddb
sim/arch_test/suite/riscv-test-stats/data-propagation/rv32i_m/K_unratified/sha512sum1r-rwp2.md	第三方架构测试源码/参考/框架	13280	1d56048fcd68475cd03e26476aab5a140baee533f0b64235fc0e271fccbea0b3
sim/arch_test/suite/riscv-test-stats/data-propagation/rv32i_m/K_unratified/sm3p0-01.md	第三方架构测试源码/参考/框架	15728	aaaa4fb906759a6f749548ff4756eb630d26171680f2b0a0ae2109b8ee69ec25
sim/arch_test/suite/riscv-test-stats/data-propagation/rv32i_m/K_unratified/sm3p0-rwp1.md	第三方架构测试源码/参考/框架	58853	bf518ef6ec1d8189b9ffc3b3d7c6c767fd04e64d1f9392eb43e734d893c1daa7
sim/arch_test/suite/riscv-test-stats/data-propagation/rv32i_m/K_unratified/sm3p0-rwp2.md	第三方架构测试源码/参考/框架	11396	5f64b71bf9cadb2bf32403bf0288a4f57e1ea23b9dcf8e68bbc7b95990d97062
sim/arch_test/suite/riscv-test-stats/data-propagation/rv32i_m/K_unratified/sm3p1-01.md	第三方架构测试源码/参考/框架	18077	0a67af4d2c5ca9accb4b3629258629a5ff33bde49b4923c6cc2f8c125aa85907
sim/arch_test/suite/riscv-test-stats/data-propagation/rv32i_m/K_unratified/sm3p1-rwp1.md	第三方架构测试源码/参考/框架	58853	9ec77ad3430bdf5188ed848841f4954baabc239b07ab275fc4bf4f4beb942fc7
sim/arch_test/suite/riscv-test-stats/data-propagation/rv32i_m/K_unratified/sm3p1-rwp2.md	第三方架构测试源码/参考/框架	11396	dcf68632863baeb1ef4ed140228b812c038dd39c8e85e6047918ec623810fd2a
sim/arch_test/suite/riscv-test-stats/data-propagation/rv32i_m/K_unratified/sm4ed-01.md	第三方架构测试源码/参考/框架	81163	46c6ae7276b03e1bd2d28f731d712d3b88a25c1efdd8b00c1c02e4fbd23290f3
sim/arch_test/suite/riscv-test-stats/data-propagation/rv32i_m/K_unratified/sm4ed-rwp1.md	第三方架构测试源码/参考/框架	8182	7f8b2d94ff246b836bbcf461ccd94f59ee5f71a872b5f4097a9e02bc162a8799
sim/arch_test/suite/riscv-test-stats/data-propagation/rv32i_m/K_unratified/sm4ks-01.md	第三方架构测试源码/参考/框架	80871	202b875a317875f6c159322fe7112dafec410d1d5ecb5988dd23f21b84e3f9b5
sim/arch_test/suite/riscv-test-stats/data-propagation/rv32i_m/K_unratified/sm4ks-rwp1.md	第三方架构测试源码/参考/框架	8182	be0d7a418f8441d0ca6de6d24bd22837fc5abf99231da38648d7c6d9dc99a028
sim/arch_test/suite/riscv-test-stats/data-propagation/rv32i_m/K_unratified/unzip-01.md	第三方架构测试源码/参考/框架	26949	58c7a7ac6e8ce0cb043a8b92fd955336d355393623262658d17627a80c43a15a
sim/arch_test/suite/riscv-test-stats/data-propagation/rv32i_m/K_unratified/xnor-01.md	第三方架构测试源码/参考/框架	64780	3bd0e9ab361077d64f16566c7f72495f8cfb75f5318ce721e72c4101b4d9de3c
sim/arch_test/suite/riscv-test-stats/data-propagation/rv32i_m/K_unratified/xperm.b-01.md	第三方架构测试源码/参考/框架	70102	e001c9aad0c7f4454502c9297cebd071f8a753b7bd3dc0826d88ce6704b371e2
sim/arch_test/suite/riscv-test-stats/data-propagation/rv32i_m/K_unratified/xperm.n-01.md	第三方架构测试源码/参考/框架	70282	944bdd1cd379cdd913464b6748d6e798ae14402226db32dbf7d5d075bc8e2112
sim/arch_test/suite/riscv-test-stats/data-propagation/rv32i_m/K_unratified/zip-01.md	第三方架构测试源码/参考/框架	26542	b8ebbc7801c6ea8e97f94d8478d620f66c2d9ae2eb47bea16cbaf4c60757a352
sim/arch_test/suite/riscv-test-stats/data-propagation/rv32i_m/M/div-01.md	第三方架构测试源码/参考/框架	165949	119c2a69030c2ae0e074258b4f1a6de4699ffae47e509359b626764b831d65e6
sim/arch_test/suite/riscv-test-stats/data-propagation/rv32i_m/M/divu-01.md	第三方架构测试源码/参考/框架	230783	54086c6fa095715357af7cc34b1f63a0cd06d2a8851b07b565cc74f889da21b9
sim/arch_test/suite/riscv-test-stats/data-propagation/rv32i_m/M/mul-01.md	第三方架构测试源码/参考/框架	163629	3cf2ac45212cf3a50909baeb69650b2ceeac91996fe1afd45d364773c313a627
sim/arch_test/suite/riscv-test-stats/data-propagation/rv32i_m/M/mulh-01.md	第三方架构测试源码/参考/框架	166730	a245de86bec28357e2ea23be930e765ec362013fc335087e746332e6daa84646
sim/arch_test/suite/riscv-test-stats/data-propagation/rv32i_m/M/mulhsu-01.md	第三方架构测试源码/参考/框架	223423	b52fb47adf4ae13abf1e20e1542d9254ccbb00ecedadc6f55e27928bec305675
sim/arch_test/suite/riscv-test-stats/data-propagation/rv32i_m/M/mulhu-01.md	第三方架构测试源码/参考/框架	245284	d610353cd8e7832c41dd540d21cf9668f9c0fcd79a80754fd40c936783e9c528
sim/arch_test/suite/riscv-test-stats/data-propagation/rv32i_m/M/rem-01.md	第三方架构测试源码/参考/框架	186470	5535670e3fbd175813a71af54ba24a37c767d23ff6e9b04805ad61f2c1620dad
sim/arch_test/suite/riscv-test-stats/data-propagation/rv32i_m/M/remu-01.md	第三方架构测试源码/参考/框架	248847	de873eee230cdf6f3fe223b12140adf30e101bed8446d339a207b5d2ce7c4dff
sim/arch_test/suite/riscv-test-stats/data-propagation/rv32i_m/Zifencei/Fencei.md	第三方架构测试源码/参考/框架	3124	f7e4ef1c0f37e5b8e3e0c9738523f228474efc9a2c11188e08c96220befc9c07
sim/arch_test/suite/riscv-test-stats/data-propagation/rv32i_m/privilege/cadd-01.md	第三方架构测试源码/参考/框架	162688	abea10eb01f7d7d8a40c3695e47b7a888f5be5be12374caef850ef431749c239
sim/arch_test/suite/riscv-test-stats/data-propagation/rv32i_m/privilege/caddi-01.md	第三方架构测试源码/参考/框架	92086	6781c55dff1df19b35fa20ddf37d8bbd6afc96e93ede8690f1a1c4a3ff1c7846
sim/arch_test/suite/riscv-test-stats/data-propagation/rv32i_m/privilege/caddi16sp-01.md	第三方架构测试源码/参考/框架	19169	2b8b8818633f704e56e3488f1351babad8af7d096013b2a9aadd95702d88c023
sim/arch_test/suite/riscv-test-stats/data-propagation/rv32i_m/privilege/caddi4spn-01.md	第三方架构测试源码/参考/框架	5876	290b34d9a16c581b2c8cc8827b35d1aa6bf6006245b525ed424ff517e7da7c27
sim/arch_test/suite/riscv-test-stats/data-propagation/rv32i_m/privilege/cand-01.md	第三方架构测试源码/参考/框架	159708	8f9bb0a47d7c20f95e6259417eb6c712b729770b7d759f43667d8553327b9e3b
sim/arch_test/suite/riscv-test-stats/data-propagation/rv32i_m/privilege/candi-01.md	第三方架构测试源码/参考/框架	82628	717123e9e27f8b18f2cae86285d7c93d145f5c39d749ff5d86c03bfefe37303f
sim/arch_test/suite/riscv-test-stats/data-propagation/rv32i_m/privilege/cbeqz-01.md	第三方架构测试源码/参考/框架	27688	446b40c2e3659eede8dce0730f20ee9201ffc1632e6f1976ab10617276ff4ff9
sim/arch_test/suite/riscv-test-stats/data-propagation/rv32i_m/privilege/cbnez-01.md	第三方架构测试源码/参考/框架	27775	854409b363caf3f988e040950a9e21d72d480101a6edd0b479f88e272f25c213
sim/arch_test/suite/riscv-test-stats/data-propagation/rv32i_m/privilege/cj-01.md	第三方架构测试源码/参考/框架	6086	cbc5a3b0a1194a3af863df9380c6965746076d8651c3a7bac619390680ccfc01
sim/arch_test/suite/riscv-test-stats/data-propagation/rv32i_m/privilege/cjal-01.md	第三方架构测试源码/参考/框架	8649	d9c2b5118bccf66328f7a4efe86731336315d6501986c34af259fee7c0ec96cf
sim/arch_test/suite/riscv-test-stats/data-propagation/rv32i_m/privilege/cjalr-01.md	第三方架构测试源码/参考/框架	11789	0f904b076e845a8ee355602bc0a64f48259d67c1bee084678b838d6fb34a4785
sim/arch_test/suite/riscv-test-stats/data-propagation/rv32i_m/privilege/cjr-01.md	第三方架构测试源码/参考/框架	11816	a316789c3241276eb436d396e9743643e42d4c7fad3b09e31c45affb689077c0
sim/arch_test/suite/riscv-test-stats/data-propagation/rv32i_m/privilege/cli-01.md	第三方架构测试源码/参考/框架	8203	dbbd2c4c740018b70f2a403c6bdc774ec5e58f95dd9c074160f4421372c8c324
sim/arch_test/suite/riscv-test-stats/data-propagation/rv32i_m/privilege/clui-01.md	第三方架构测试源码/参考/框架	8627	781477514ad6b408f57b0fabd2ffa3b4355a3d55a78eb290110085dce45119f2
sim/arch_test/suite/riscv-test-stats/data-propagation/rv32i_m/privilege/clw-01.md	第三方架构测试源码/参考/框架	5810	c70268e74a45ef03fc402a704ed59444e092e30381b5ee6b6ebc6a94107a5d62
sim/arch_test/suite/riscv-test-stats/data-propagation/rv32i_m/privilege/clwsp-01.md	第三方架构测试源码/参考/框架	9347	baf69b708e8e2be3cde1c44fbed05d4e33ad38325a795621107273b73e4182cb
sim/arch_test/suite/riscv-test-stats/data-propagation/rv32i_m/privilege/cmv-01.md	第三方架构测试源码/参考/框架	22740	789e08867297d9da5e134cf57102e1df92c0320bfdd9ecbc6d61ec0bbe3cc063
sim/arch_test/suite/riscv-test-stats/data-propagation/rv32i_m/privilege/cnop-01.md	第三方架构测试源码/参考/框架	4258	7ca28ea8e522d20f88d16ba17a11385ab710f72c58e067cf600b4864ca2cb5d9
sim/arch_test/suite/riscv-test-stats/data-propagation/rv32i_m/privilege/cor-01.md	第三方架构测试源码/参考/框架	162817	2eb7223af38799aac5411e0f01073bf912d37db3475cf1097c560ea3dd768233
sim/arch_test/suite/riscv-test-stats/data-propagation/rv32i_m/privilege/cslli-01.md	第三方架构测试源码/参考/框架	21889	53efcc8eaa02bfa1bd3dd7d6141fa4a03e301aae84cb3c799cdb1f3fc5d63c85
sim/arch_test/suite/riscv-test-stats/data-propagation/rv32i_m/privilege/csrai-01.md	第三方架构测试源码/参考/框架	22439	e823be23dd9b497f99deaea84b10ca173b5872b58344b0351af581dde6996651
sim/arch_test/suite/riscv-test-stats/data-propagation/rv32i_m/privilege/csrli-01.md	第三方架构测试源码/参考/框架	22207	91b26554493daefc11cccbe5831f04ad691e63ba70e56066f697d3ef375497e8
sim/arch_test/suite/riscv-test-stats/data-propagation/rv32i_m/privilege/csub-01.md	第三方架构测试源码/参考/框架	159657	9a31748d13a2e4761fab77677fadad84614812da4cf135b2f6ff5e263c84d4d3
sim/arch_test/suite/riscv-test-stats/data-propagation/rv32i_m/privilege/csw-01.md	第三方架构测试源码/参考/框架	17713	26d8cffd209e14117b7b51efff0d5a8bbded269f3a7ac39b0dc525303af8f54b
sim/arch_test/suite/riscv-test-stats/data-propagation/rv32i_m/privilege/cswsp-01.md	第三方架构测试源码/参考/框架	15713	b38cda2ea513e8e5d11ba142211df031b6dd1314aab4b06dd2b9ce3bdacae799
sim/arch_test/suite/riscv-test-stats/data-propagation/rv32i_m/privilege/cxor-01.md	第三方架构测试源码/参考/框架	163057	15f524b6178c81ffbd80a596085b0db0eb973b3e938ef87637ad43859293c09e
sim/arch_test/suite/riscv-test-stats/data-propagation/rv32i_m/privilege/ebreak.md	第三方架构测试源码/参考/框架	3082	4c83aeeef265132cd13415df444095d458393df8607c29a1d12e26d5c8da8570
sim/arch_test/suite/riscv-test-stats/data-propagation/rv32i_m/privilege/ecall.md	第三方架构测试源码/参考/框架	3063	b89299ebd7add2f8239f5f37d88cda91b1f0a57b1b0fa6340632f9b06d4b58c0
sim/arch_test/suite/riscv-test-stats/data-propagation/rv32i_m/privilege/misalign-beq-01.md	第三方架构测试源码/参考/框架	2698	4582de2f5927af321f14e61a333b3e4749a9885ecda17a6047acebf6cade6d4f
sim/arch_test/suite/riscv-test-stats/data-propagation/rv32i_m/privilege/misalign-bge-01.md	第三方架构测试源码/参考/框架	2695	11bf548b718bd699278adf0fcdac0eb138fb99fb75c51604e234aef5163c652f
sim/arch_test/suite/riscv-test-stats/data-propagation/rv32i_m/privilege/misalign-bgeu-01.md	第三方架构测试源码/参考/框架	2719	0e7f09c3b2c0364554de6f141536f552f3c973a174255a0f415d431145dc47d9
sim/arch_test/suite/riscv-test-stats/data-propagation/rv32i_m/privilege/misalign-blt-01.md	第三方架构测试源码/参考/框架	2695	2911cbacaee52bf1a42b8c67312a2277f591e6b1988d675848ab54fded5dfdd0
sim/arch_test/suite/riscv-test-stats/data-propagation/rv32i_m/privilege/misalign-bltu-01.md	第三方架构测试源码/参考/框架	2713	adf1a17f723f4a04860b3fdfbdfd9d620aaf0d44be1fe764f45040c22f023d9d
sim/arch_test/suite/riscv-test-stats/data-propagation/rv32i_m/privilege/misalign-bne-01.md	第三方架构测试源码/参考/框架	2698	0ccf4bbb5f688a013d9f5ba5a94652a7e420bb291e96de14f3348a4789509367
sim/arch_test/suite/riscv-test-stats/data-propagation/rv32i_m/privilege/misalign-jal-01.md	第三方架构测试源码/参考/框架	3217	2b886e6371ef0d758b6bb87efd0b2c2c94cdabe6042df8faf27ef0d71d89c6f6
sim/arch_test/suite/riscv-test-stats/data-propagation/rv32i_m/privilege/misalign-lh-01.md	第三方架构测试源码/参考/框架	3101	8ba4d34563d59042b04ed4ccfd7f072cfee64de6f84852c029787ed1b52edaf2
sim/arch_test/suite/riscv-test-stats/data-propagation/rv32i_m/privilege/misalign-lhu-01.md	第三方架构测试源码/参考/框架	3118	e23f79f7e07d3a316491914d5b61a38e0f086885093f961807f72d0a4ef8fe7d
sim/arch_test/suite/riscv-test-stats/data-propagation/rv32i_m/privilege/misalign-lw-01.md	第三方架构测试源码/参考/框架	4671	f2ec87d229490052981ed859180d6d52f7151af701261e160e0c5c7d759d919f
sim/arch_test/suite/riscv-test-stats/data-propagation/rv32i_m/privilege/misalign-sh-01.md	第三方架构测试源码/参考/框架	3101	7a84da54c4ce3187eb98428c6accf924c1019cd6987a006e785d9dc2159c603c
sim/arch_test/suite/riscv-test-stats/data-propagation/rv32i_m/privilege/misalign-sw-01.md	第三方架构测试源码/参考/框架	4675	8fd1307f911d2548e1625237ab63d75e3f1575310f0709e7e11ccad94524f1af
sim/arch_test/suite/riscv-test-stats/data-propagation/rv32i_m/privilege/misalign1-jalr-01.md	第三方架构测试源码/参考/框架	3043	ec440fda4ddb1318ab98f0e224396278ecad4b1b94393cbeb9787321ef48645a
sim/arch_test/suite/riscv-test-stats/data-propagation/rv32i_m/privilege/misalign2-jalr-01.md	第三方架构测试源码/参考/框架	3043	c928e3186b80feedbdf4fbf5746dc47b9c27e1c59ceefa1eb8c95c0ed2cd14b3
sim/arch_test/suite/riscv-test-stats/data-propagation/rv64i_m/C/cadd-01.md	第三方架构测试源码/参考/框架	195350	f107099431a5af4858fccec9ff5236b58ba24ac9f99c9325ea13d8c4e3aa9869
sim/arch_test/suite/riscv-test-stats/data-propagation/rv64i_m/C/caddi-01.md	第三方架构测试源码/参考/框架	110317	95ecdb110599e045e6b69c870db916fe13d67685baa89bf49b1300d239383bf3
sim/arch_test/suite/riscv-test-stats/data-propagation/rv64i_m/C/caddi16sp-01.md	第三方架构测试源码/参考/框架	35405	c5ffd0f7dd753f44bf1462e9ff509329944c1c0a9560c62fcf94d81608af230c
sim/arch_test/suite/riscv-test-stats/data-propagation/rv64i_m/C/caddi4spn-01.md	第三方架构测试源码/参考/框架	6066	a2a9ae82e0de468d5fc489e2a0acc3883ff7d0052a942b47ff8dd7350cc0be57
sim/arch_test/suite/riscv-test-stats/data-propagation/rv64i_m/C/caddiw-01.md	第三方架构测试源码/参考/框架	109830	54ee181465edf1da6363ef77221859283e1c14fd736e8015b21b23e53c99f9b2
sim/arch_test/suite/riscv-test-stats/data-propagation/rv64i_m/C/caddw-01.md	第三方架构测试源码/参考/框架	209427	64397837619f8ec2c1a4af7fc264dc71cf0322ec24a4dafcc28510086eacd476
sim/arch_test/suite/riscv-test-stats/data-propagation/rv64i_m/C/cand-01.md	第三方架构测试源码/参考/框架	198654	40f1d94951b5d1f61861ad5422edbe18a6149bc51ef4441d774454e91d5bca0a
sim/arch_test/suite/riscv-test-stats/data-propagation/rv64i_m/C/candi-01.md	第三方架构测试源码/参考/框架	100370	beab66d6c71dc28aa7faa80b324d2918671b949e079c34fda4de7368764057cd
sim/arch_test/suite/riscv-test-stats/data-propagation/rv64i_m/C/cbeqz-01.md	第三方架构测试源码/参考/框架	49290	2494f05fd5c3db12a7f3577ec8843e31c5caf0f8e1c2e2bec35097a71f3342e1
sim/arch_test/suite/riscv-test-stats/data-propagation/rv64i_m/C/cbnez-01.md	第三方架构测试源码/参考/框架	49441	46c9dbb423519b74618abf3213a08a602b1c570121bb5239c712fe305aea3056
sim/arch_test/suite/riscv-test-stats/data-propagation/rv64i_m/C/cebreak-01.md	第三方架构测试源码/参考/框架	3189	4a0896377efdf5fb40b120fa1e89538150311f50e28d5336c1f82641257f6561
sim/arch_test/suite/riscv-test-stats/data-propagation/rv64i_m/C/cj-01.md	第三方架构测试源码/参考/框架	6133	1ef824062f89ae6f6a4c2711136e3418f9bae28fa4e98558a428d523e71f7abf
sim/arch_test/suite/riscv-test-stats/data-propagation/rv64i_m/C/cjalr-01.md	第三方架构测试源码/参考/框架	12054	32bbe41f16ae549a3443681a7e842fe3ede5dd06e6d0dc01f702ca952ad6e9dc
sim/arch_test/suite/riscv-test-stats/data-propagation/rv64i_m/C/cjr-01.md	第三方架构测试源码/参考/框架	12048	c090752b28f58460cdaf86119d0df2c6a30505cb900ac0ffa7f176c70969a05b
sim/arch_test/suite/riscv-test-stats/data-propagation/rv64i_m/C/cld-01.md	第三方架构测试源码/参考/框架	5916	ff1f489543443086526c0998ea8c8aac22ad084f8d9b8ad7ad744c73af719f14
sim/arch_test/suite/riscv-test-stats/data-propagation/rv64i_m/C/cldsp-01.md	第三方架构测试源码/参考/框架	9579	aaf9bdd580533afb19620113252e9fd746ae73bdabb47370b0c4bd6c2b8f1499
sim/arch_test/suite/riscv-test-stats/data-propagation/rv64i_m/C/cli-01.md	第三方架构测试源码/参考/框架	8544	7fff508e5dd40ec2c7e56749c4685bb600a0c253f0c01a50053d377b8091c2f9
sim/arch_test/suite/riscv-test-stats/data-propagation/rv64i_m/C/clui-01.md	第三方架构测试源码/参考/框架	8553	b1b8ce228e4521ce36840dc182a0c51aae51a4736192be99dc6c2c45e9396b75
sim/arch_test/suite/riscv-test-stats/data-propagation/rv64i_m/C/clw-01.md	第三方架构测试源码/参考/框架	5931	cd4e16953be787a97ede5bcde428b0747f8ad054c22c17426b68cbf4d48216f8
sim/arch_test/suite/riscv-test-stats/data-propagation/rv64i_m/C/clwsp-01.md	第三方架构测试源码/参考/框架	8886	a53541805ff3eb048a5155da2288d6634c1b1601559a03b97f8dec87c4eb4991
sim/arch_test/suite/riscv-test-stats/data-propagation/rv64i_m/C/cmv-01.md	第三方架构测试源码/参考/框架	40916	88c8d8dd8b6c090a28b91661f701c8868d8ff1fb76361901f8bda3abcefea589
sim/arch_test/suite/riscv-test-stats/data-propagation/rv64i_m/C/cnop-01.md	第三方架构测试源码/参考/框架	4403	826b066ca0e7fa44f652b3cacc1234a7d97246f07ec0c6f4caee005518790b2f
sim/arch_test/suite/riscv-test-stats/data-propagation/rv64i_m/C/cor-01.md	第三方架构测试源码/参考/框架	199237	f9147ac8112c4ac1aa41c976d7b81873deb4f2a7c6362516b1786bd7acc41024
sim/arch_test/suite/riscv-test-stats/data-propagation/rv64i_m/C/csd-01.md	第三方架构测试源码/参考/框架	36191	afad856bc84478e3cd471d3555e7164313f7d73e9d4992c1c077e94554aeaa8e
sim/arch_test/suite/riscv-test-stats/data-propagation/rv64i_m/C/csdsp-01.md	第三方架构测试源码/参考/框架	31686	82ebdad6e278cb46deee563f38d071ce181e6dc07c1b81eb06aacd9ee4963a80
sim/arch_test/suite/riscv-test-stats/data-propagation/rv64i_m/C/cslli-01.md	第三方架构测试源码/参考/框架	39377	6b5f45bfcdd9cb9e71c528a884ec649f3b338d8c92f50bd25bf81abe6ad0c2ba
sim/arch_test/suite/riscv-test-stats/data-propagation/rv64i_m/C/csrai-01.md	第三方架构测试源码/参考/框架	43877	14d1d607334072f421d582e3d928794a5bdc9b76052462ca395004ad9382b0d2
sim/arch_test/suite/riscv-test-stats/data-propagation/rv64i_m/C/csrli-01.md	第三方架构测试源码/参考/框架	39626	74ecfd849ad99c5b49a6fc9a37ed7482217baaa89bd30faa62cc4e801a9b201b
sim/arch_test/suite/riscv-test-stats/data-propagation/rv64i_m/C/csub-01.md	第三方架构测试源码/参考/框架	200655	f30a22d025475495f323cb8d7f1aba5bf5cb31a4daff32abfa53977d6e445203
sim/arch_test/suite/riscv-test-stats/data-propagation/rv64i_m/C/csubw-01.md	第三方架构测试源码/参考/框架	205643	07a0960ff4a8eb68274db02029b262f27922974fb45ce0113c0fb83d82bd6de6
sim/arch_test/suite/riscv-test-stats/data-propagation/rv64i_m/C/csw-01.md	第三方架构测试源码/参考/框架	35936	d2d43fda17086200ed874d59186e819c169aff6b89b5f3a7b83b3349bf553667
sim/arch_test/suite/riscv-test-stats/data-propagation/rv64i_m/C/cswsp-01.md	第三方架构测试源码/参考/框架	29162	6ac2caf28548223e1623ccf310334ac7ce6a59bf26dcd30cd3e81d26095b0c6e
sim/arch_test/suite/riscv-test-stats/data-propagation/rv64i_m/C/cxor-01.md	第三方架构测试源码/参考/框架	192970	b3f3a192f78e843ccd3579370435ade2f62340b02985b64be1af485ea25a45d9
sim/arch_test/suite/riscv-test-stats/data-propagation/rv64i_m/D/d_fadd_b1-01.md	第三方架构测试源码/参考/框架	453270	265a050b4d8c0ca45b5de3ffc3b0acbe28d9f0fc12423489d16b97a8ada1f828
sim/arch_test/suite/riscv-test-stats/data-propagation/rv64i_m/D/d_fadd_b10-01.md	第三方架构测试源码/参考/框架	483054	a5d1f3e740077cf1cd394fa9dbf50251c17630f6780a6fbc24afb4cd8dbb310c
sim/arch_test/suite/riscv-test-stats/data-propagation/rv64i_m/D/d_fadd_b11-01.md	第三方架构测试源码/参考/框架	8359288	6cc88b6de9cfb7adcaacabc59576c1f31788d6b6bc3b0cd3325ef004e5d6b601
sim/arch_test/suite/riscv-test-stats/data-propagation/rv64i_m/D/d_fadd_b12-01.md	第三方架构测试源码/参考/框架	44327	a16bbd7896cbb4bc8188bb3279bf5edb49c22acab27ef8de64a504c4d8bd9885
sim/arch_test/suite/riscv-test-stats/data-propagation/rv64i_m/D/d_fadd_b13-01.md	第三方架构测试源码/参考/框架	161168	29b74b3b59e9c9e370fe9217eeb20c56e44eec79aadace06f11f1b02cbfc9dc8
sim/arch_test/suite/riscv-test-stats/data-propagation/rv64i_m/D/d_fadd_b2-01.md	第三方架构测试源码/参考/框架	219047	4871b9517376bd7184b2e77163f9b0430aeccc0a1f55165f1534bde17e6e38a4
sim/arch_test/suite/riscv-test-stats/data-propagation/rv64i_m/D/d_fadd_b3-01.md	第三方架构测试源码/参考/框架	877711	2f4955d1552df34762ba0bca0f977785e219f350f08db22d5d785cdd30e4c7c9
sim/arch_test/suite/riscv-test-stats/data-propagation/rv64i_m/D/d_fadd_b4-01.md	第三方架构测试源码/参考/框架	114925	843c0d61f099372251260515824b626b86de242840ddcb375b48a5fc5dd5db5b
sim/arch_test/suite/riscv-test-stats/data-propagation/rv64i_m/D/d_fadd_b5-01.md	第三方架构测试源码/参考/框架	168538	da0aad343be9f086668f58dfd0a3ef032dbaa9e6da65c5f3c3e6e44239be2bcb
sim/arch_test/suite/riscv-test-stats/data-propagation/rv64i_m/D/d_fadd_b7-01.md	第三方架构测试源码/参考/框架	266766	ea7383ce82bf70e93d4947157dfce5ebffa833eec4cd98ab665a90d169a43afd
sim/arch_test/suite/riscv-test-stats/data-propagation/rv64i_m/D/d_fadd_b8-01.md	第三方架构测试源码/参考/框架	1145950	edc7c037217406f1bd6ae13c9b42d2fc9bb85c560d4e541586de4f91e5a076ee
sim/arch_test/suite/riscv-test-stats/data-propagation/rv64i_m/D/d_fclass_b1-01.md	第三方架构测试源码/参考/框架	22023	233036f9a0acd76d31725834a0c603727381c726cf8199bf3f8732ae922d3a2b
sim/arch_test/suite/riscv-test-stats/data-propagation/rv64i_m/D/d_fcvt.d.l_b25-01.md	第三方架构测试源码/参考/框架	19592	3801a64371f089d00c4f94df16c3a4cfcb982a0de341e095cf6760e833bcfa96
sim/arch_test/suite/riscv-test-stats/data-propagation/rv64i_m/D/d_fcvt.d.l_b26-01.md	第三方架构测试源码/参考/框架	38662	30fccd9c203a87cd6f923c5731944dd5d196fc62449c56a4804f591d2799cc2c
sim/arch_test/suite/riscv-test-stats/data-propagation/rv64i_m/D/d_fcvt.d.lu_b25-01.md	第三方架构测试源码/参考/框架	19627	52764db41ef73835231a3601ab1d0e4cdd5770119b6cb5393c30a2e306cfc794
sim/arch_test/suite/riscv-test-stats/data-propagation/rv64i_m/D/d_fcvt.d.lu_b26-01.md	第三方架构测试源码/参考/框架	38930	9129de8abe8cee53c17954bb17ed5220551325485628161c5ecd31e2a2e81fdb
sim/arch_test/suite/riscv-test-stats/data-propagation/rv64i_m/D/d_fcvt.d.s_b1-01.md	第三方架构测试源码/参考/框架	23122	69d5d7cef33214f5f1a738d88d7754c0bbbcc075439d53d36814fe0a20318123
sim/arch_test/suite/riscv-test-stats/data-propagation/rv64i_m/D/d_fcvt.d.s_b22-01.md	第三方架构测试源码/参考/框架	21878	43d3d5a4468ef08e374dbfc2a4e3a6f4bfe3066f864726ceadaddf396e8dbbb8
sim/arch_test/suite/riscv-test-stats/data-propagation/rv64i_m/D/d_fcvt.d.s_b23-01.md	第三方架构测试源码/参考/框架	21958	2e745c2b22e50c70a04448c3a10076fd79c4a260cb53f8090502d33f49f2d83b
sim/arch_test/suite/riscv-test-stats/data-propagation/rv64i_m/D/d_fcvt.d.s_b24-01.md	第三方架构测试源码/参考/框架	22918	418439fd104e0eef9cd175fb6dd22e2515401669963afa638c3383c634232ab9
sim/arch_test/suite/riscv-test-stats/data-propagation/rv64i_m/D/d_fcvt.d.s_b27-01.md	第三方架构测试源码/参考/框架	21878	d90ea71685610126c131230ffae5ca1bce8bc1ff79026e3a178e181ea5145c72
sim/arch_test/suite/riscv-test-stats/data-propagation/rv64i_m/D/d_fcvt.d.s_b28-01.md	第三方架构测试源码/参考/框架	23479	e85ee21b63fed0dc14f38627fa37f6e95c717c61d3e6fa227246d648bdcd90ac
sim/arch_test/suite/riscv-test-stats/data-propagation/rv64i_m/D/d_fcvt.d.s_b29-01.md	第三方架构测试源码/参考/框架	22484	96a965ae68280406785b46c26539d9c3dee775a01bb0663a1404bbeb9cadbb84
sim/arch_test/suite/riscv-test-stats/data-propagation/rv64i_m/D/d_fcvt.d.w_b25-01.md	第三方架构测试源码/参考/框架	20013	8c422f746f934fbdef24cbb7dbf6b99023f1bb71541e09990b8bcbf55f1dec07
sim/arch_test/suite/riscv-test-stats/data-propagation/rv64i_m/D/d_fcvt.d.w_b26-01.md	第三方架构测试源码/参考/框架	38739	96aae4f08b203427d16b5ec02aa085fcf674602bad1bbf7a8fb796bfe1152ef3
sim/arch_test/suite/riscv-test-stats/data-propagation/rv64i_m/D/d_fcvt.d.wu_b25-01.md	第三方架构测试源码/参考/框架	19657	6058cb7bfb7a096bd1d30bb55f785008ed8f0519ef7018ce9182a2d7d80901fb
sim/arch_test/suite/riscv-test-stats/data-propagation/rv64i_m/D/d_fcvt.d.wu_b26-01.md	第三方架构测试源码/参考/框架	38939	a99a6adcecc8486418207e377327d3b7b3136e447b1b9e423d4d42260365ac21
sim/arch_test/suite/riscv-test-stats/data-propagation/rv64i_m/D/d_fcvt.l.d_b1-01.md	第三方架构测试源码/参考/框架	23168	575fb41ba97560f5816680c861fd9089939b9901c60df8d6a3a0f1a642c54f91
sim/arch_test/suite/riscv-test-stats/data-propagation/rv64i_m/D/d_fcvt.l.d_b22-01.md	第三方架构测试源码/参考/框架	48293	1592cb6a8ee3ef3e55e74ef3c6ea07368bdd478c2ed4a8b2de2899875aae89ba
sim/arch_test/suite/riscv-test-stats/data-propagation/rv64i_m/D/d_fcvt.l.d_b23-01.md	第三方架构测试源码/参考/框架	31807	8afa108703fa0ec1b8e76872f65969677cb82e43698ba364ff104c97c09cc4e5
sim/arch_test/suite/riscv-test-stats/data-propagation/rv64i_m/D/d_fcvt.l.d_b24-01.md	第三方架构测试源码/参考/框架	68831	f3039c5ecfcc7bdea78f00f7a697e2f67a6ef06edd56a73aca8803bfedfa6df0
sim/arch_test/suite/riscv-test-stats/data-propagation/rv64i_m/D/d_fcvt.l.d_b27-01.md	第三方架构测试源码/参考/框架	21091	9acd1deb0dc8f09fef3d9f366fe226c3a655998d8db099cb004687c03b9e2b36
sim/arch_test/suite/riscv-test-stats/data-propagation/rv64i_m/D/d_fcvt.l.d_b28-01.md	第三方架构测试源码/参考/框架	23505	80d2d95da0855b7fc3a9549fb496808564babd05581cf172ac806c8f59b13bee
sim/arch_test/suite/riscv-test-stats/data-propagation/rv64i_m/D/d_fcvt.l.d_b29-01.md	第三方架构测试源码/参考/框架	53287	e6ab1b27dd475ae5232d702bc52d8ee5a669b31dd6f338a6f9174d9bfe747d76
sim/arch_test/suite/riscv-test-stats/data-propagation/rv64i_m/D/d_fcvt.lu.d_b1-01.md	第三方架构测试源码/参考/框架	23243	7eec243a3525922dfef1e0cb043d45b6247175c86c244b2156624af48ef9fd46
sim/arch_test/suite/riscv-test-stats/data-propagation/rv64i_m/D/d_fcvt.lu.d_b22-01.md	第三方架构测试源码/参考/框架	48468	30b6cd7199a72e1dd3c0d63f53891a38af7b57f4789a1ff4aa559f7b899491ac
sim/arch_test/suite/riscv-test-stats/data-propagation/rv64i_m/D/d_fcvt.lu.d_b23-01.md	第三方架构测试源码/参考/框架	32001	3f0e4ec1af8d97afaa59944ce6cf063d570fd3a3e4231d484f8fb09ba79652dd
sim/arch_test/suite/riscv-test-stats/data-propagation/rv64i_m/D/d_fcvt.lu.d_b24-01.md	第三方架构测试源码/参考/框架	68912	72ef0383cfaa77baa9b80d2fae070fb974982666482db9adae8d5ba69b2a0e5d
sim/arch_test/suite/riscv-test-stats/data-propagation/rv64i_m/D/d_fcvt.lu.d_b27-01.md	第三方架构测试源码/参考/框架	21998	72365cb0477df265a1325a0f7a30a253a6183871d0c68b1706c3b4990e46f947
sim/arch_test/suite/riscv-test-stats/data-propagation/rv64i_m/D/d_fcvt.lu.d_b28-01.md	第三方架构测试源码/参考/框架	23606	c7ac1448ba51887e27197dcbfffdcf6d17ae066b210d5158e908edc5afcb8b2c
sim/arch_test/suite/riscv-test-stats/data-propagation/rv64i_m/D/d_fcvt.lu.d_b29-01.md	第三方架构测试源码/参考/框架	53546	eec751950292230a53e4570aea393ab3450da30ab5f7e154e64558a48b646f7a
sim/arch_test/suite/riscv-test-stats/data-propagation/rv64i_m/D/d_fcvt.s.d_b1-01.md	第三方架构测试源码/参考/框架	23088	c6c47c75fbb3790259727c6295a68eee8f49b65b211ce16a14e9f9d76ddbdf2d
sim/arch_test/suite/riscv-test-stats/data-propagation/rv64i_m/D/d_fcvt.s.d_b22-01.md	第三方架构测试源码/参考/框架	21844	7f351d8689d557b2e3f38bb10bcbfddd6128bc9a3b59cc3694e613f08127cf03
sim/arch_test/suite/riscv-test-stats/data-propagation/rv64i_m/D/d_fcvt.s.d_b23-01.md	第三方架构测试源码/参考/框架	32057	f47cb4f65c35500b1b994a0b8dfd3201d9966a494e04755984bb7a945a38453c
sim/arch_test/suite/riscv-test-stats/data-propagation/rv64i_m/D/d_fcvt.s.d_b24-01.md	第三方架构测试源码/参考/框架	70244	fadffebeadd78ba1023eb7ec02da31573dee71aab8c4fe9f996dedd8885b41a1
sim/arch_test/suite/riscv-test-stats/data-propagation/rv64i_m/D/d_fcvt.s.d_b27-01.md	第三方架构测试源码/参考/框架	21844	07a01e323198ec20e461f00b89febbcac4af8a02d7bbfed71c60bb10f47bd77e
sim/arch_test/suite/riscv-test-stats/data-propagation/rv64i_m/D/d_fcvt.s.d_b28-01.md	第三方架构测试源码/参考/框架	23479	f3084b67a75a69274abc45fc791fb2f71de7f4e3601ef208689321f489c9419c
sim/arch_test/suite/riscv-test-stats/data-propagation/rv64i_m/D/d_fcvt.s.d_b29-01.md	第三方架构测试源码/参考/框架	55153	4545ce142567a835cda0bd45fbb1a0ba9fb2fb32dd13a22629c80a588b47ab68
sim/arch_test/suite/riscv-test-stats/data-propagation/rv64i_m/D/d_fcvt.w.d_b1-01.md	第三方架构测试源码/参考/框架	23107	7204ab4c67dec0c57a057fb2379acd34316b29e3b6448f01dad01bb7acaf3eff
sim/arch_test/suite/riscv-test-stats/data-propagation/rv64i_m/D/d_fcvt.w.d_b22-01.md	第三方架构测试源码/参考/框架	28693	62ff3e27a100ef3bb2cfc794fb906665ac995d4f075dab9f05e7ea3b4b220c48
sim/arch_test/suite/riscv-test-stats/data-propagation/rv64i_m/D/d_fcvt.w.d_b23-01.md	第三方架构测试源码/参考/框架	31743	ae469f83acc47f46db48e7495f8cdb7289ba06ee8a861387e59235b2bab87e47
sim/arch_test/suite/riscv-test-stats/data-propagation/rv64i_m/D/d_fcvt.w.d_b24-01.md	第三方架构测试源码/参考/框架	68693	710e2a9b3eaa9ce598a6e99cac3df2a93a7cdb7535283a58e996f5ef5dc4f931
sim/arch_test/suite/riscv-test-stats/data-propagation/rv64i_m/D/d_fcvt.w.d_b27-01.md	第三方架构测试源码/参考/框架	21889	30640570fcff9a22cb83b8ad56262660f7527c0916a2ddf90dce46f83b41594c
sim/arch_test/suite/riscv-test-stats/data-propagation/rv64i_m/D/d_fcvt.w.d_b28-01.md	第三方架构测试源码/参考/框架	23502	061962b2163072ea0679cf9a534ec387b75fc1646006c9d958100a9b5664fc82
sim/arch_test/suite/riscv-test-stats/data-propagation/rv64i_m/D/d_fcvt.w.d_b29-01.md	第三方架构测试源码/参考/框架	53297	ece4506e405999198080f9991b5ebab20c2395623f086b1cf6617dd593e63f89
sim/arch_test/suite/riscv-test-stats/data-propagation/rv64i_m/D/d_fcvt.wu.d_b1-01.md	第三方架构测试源码/参考/框架	23314	39d98df982a074bcd72a698c79d31e7077e50fd87340706f0a31fbf89682cf6a
sim/arch_test/suite/riscv-test-stats/data-propagation/rv64i_m/D/d_fcvt.wu.d_b22-01.md	第三方架构测试源码/参考/框架	28893	0b9ee9be1d44d86653c06bf4519b21b8b0d7b68c2924ab4c4ac1e1c88a497296
sim/arch_test/suite/riscv-test-stats/data-propagation/rv64i_m/D/d_fcvt.wu.d_b23-01.md	第三方架构测试源码/参考/框架	31897	fa719f84eab5bbfaa169c94cfa0736e7d336fcd7baead1545c392fe77e9c0b77
sim/arch_test/suite/riscv-test-stats/data-propagation/rv64i_m/D/d_fcvt.wu.d_b24-01.md	第三方架构测试源码/参考/框架	69023	5266544301e22be3148a8caf8f9c3268d5fd18e546e7191985d1dc6098076705
sim/arch_test/suite/riscv-test-stats/data-propagation/rv64i_m/D/d_fcvt.wu.d_b27-01.md	第三方架构测试源码/参考/框架	21998	329b08a7511538b4fa3a6a316efe353c68efa2624826ab085093e09227974eee
sim/arch_test/suite/riscv-test-stats/data-propagation/rv64i_m/D/d_fcvt.wu.d_b28-01.md	第三方架构测试源码/参考/框架	23576	3995379d98fcb4a44cf6b78dcfa0b73020dde08f55f0bbab653389a82d7465cd
sim/arch_test/suite/riscv-test-stats/data-propagation/rv64i_m/D/d_fcvt.wu.d_b29-01.md	第三方架构测试源码/参考/框架	53547	602981cc0aee763e0716e64348705d99eeb8a6d880e4a795d38fa3ec13701357
sim/arch_test/suite/riscv-test-stats/data-propagation/rv64i_m/D/d_fdiv_b1-01.md	第三方架构测试源码/参考/框架	465628	188ebfd98f581b6b24f1b69d3b888db5f683f695aee37a193840cf6932d73810
sim/arch_test/suite/riscv-test-stats/data-propagation/rv64i_m/D/d_fdiv_b2-01.md	第三方架构测试源码/参考/框架	226263	4c6b1762129dab81b5da96870e21e2e2c1ad4501ca23ca44bd9c10c61543627d
sim/arch_test/suite/riscv-test-stats/data-propagation/rv64i_m/D/d_fdiv_b20-01.md	第三方架构测试源码/参考/框架	203099	d2e1d275d63b08cd8336d672002df928201375a877d750203c7c794f3be6512d
sim/arch_test/suite/riscv-test-stats/data-propagation/rv64i_m/D/d_fdiv_b21-01.md	第三方架构测试源码/参考/框架	546209	51f9d6bcc5cd3c696f8a3f2d00be0473df71dd92110cb9a26e9cd8eb34fef507
sim/arch_test/suite/riscv-test-stats/data-propagation/rv64i_m/D/d_fdiv_b3-01.md	第三方架构测试源码/参考/框架	902520	eff6b7422d231eb2ce5b09f00eddc9bd86ccf5618b9c7ceb6dd6650764275070
sim/arch_test/suite/riscv-test-stats/data-propagation/rv64i_m/D/d_fdiv_b4-01.md	第三方架构测试源码/参考/框架	117341	1662a7875c504ef1a4043d00a04a943bd2f2e4dade2ade077bf407ad07b52978
sim/arch_test/suite/riscv-test-stats/data-propagation/rv64i_m/D/d_fdiv_b5-01.md	第三方架构测试源码/参考/框架	173674	465f33d775a3a9ff991bd73721a584e7e64a4fc194a948a3318e811876d25368
sim/arch_test/suite/riscv-test-stats/data-propagation/rv64i_m/D/d_fdiv_b6-01.md	第三方架构测试源码/参考/框架	117487	806f6203243f78798ea1762881642e1afe0a705d421b7ad813d2b52a934b4f02
sim/arch_test/suite/riscv-test-stats/data-propagation/rv64i_m/D/d_fdiv_b7-01.md	第三方架构测试源码/参考/框架	273226	8ea9b92929da5b3bfd6c696d84f70fd23936bc887a8aefdfaca26312e8802480
sim/arch_test/suite/riscv-test-stats/data-propagation/rv64i_m/D/d_fdiv_b8-01.md	第三方架构测试源码/参考/框架	1181326	52371c1e8aaa2b57a35c866a2c53bd9b3477999a0c486cd376f8cf675e6ac909
sim/arch_test/suite/riscv-test-stats/data-propagation/rv64i_m/D/d_fdiv_b9-01.md	第三方架构测试源码/参考/框架	1858053	63a938dcbd265592bb9a6cdc4e7fbbc5551bd2ce0877a1990e7eddf5f2ee0607
sim/arch_test/suite/riscv-test-stats/data-propagation/rv64i_m/D/d_feq_b1-01.md	第三方架构测试源码/参考/框架	440074	a5e04fa1345e8d050d00314827668337593992ae879b02df9513443aa5565287
sim/arch_test/suite/riscv-test-stats/data-propagation/rv64i_m/D/d_feq_b19-01.md	第三方架构测试源码/参考/框架	831749	06e739054374a644f9f0d108452a5c46fd2b7bf93475bc16aeee12ba47a89c36
sim/arch_test/suite/riscv-test-stats/data-propagation/rv64i_m/D/d_fld-align-01.md	第三方架构测试源码/参考/框架	24181	5f396eabf849a90a51bc40557bdac908851ece5bd849f764961b81a60fbc9567
sim/arch_test/suite/riscv-test-stats/data-propagation/rv64i_m/D/d_fle_b1-01.md	第三方架构测试源码/参考/框架	439502	92e42aa3442abfedd312bdaa608cfdc3ac2a3b05cdc6c66df1a99770677ad367
sim/arch_test/suite/riscv-test-stats/data-propagation/rv64i_m/D/d_fle_b19-01.md	第三方架构测试源码/参考/框架	831750	3b0dd31237731cd7e38e0ea23d717018d13243566c99f23357ce0ddc2ad00f59
sim/arch_test/suite/riscv-test-stats/data-propagation/rv64i_m/D/d_flt_b1-01.md	第三方架构测试源码/参考/框架	438918	76cb900cbd54b86f7f21fcfffb94df736e3599e994e766c77167f63d22511c5e
sim/arch_test/suite/riscv-test-stats/data-propagation/rv64i_m/D/d_flt_b19-01.md	第三方架构测试源码/参考/框架	869834	0069636ba17dcf7b0ed9bb2cfc8fad5d2ac1131d8dd270f39a09be52c9f19547
sim/arch_test/suite/riscv-test-stats/data-propagation/rv64i_m/D/d_fmadd_b14-01.md	第三方架构测试源码/参考/框架	165244	0753f8bbeb6242c990000e3c147b8f879d837c2cb47280e053d0f207a939bb34
sim/arch_test/suite/riscv-test-stats/data-propagation/rv64i_m/D/d_fmadd_b16-01.md	第三方架构测试源码/参考/框架	205009	c762a9d4f874e082c74dd3a4311f8246bf07534431f4c97afd912b947e8c2abb
sim/arch_test/suite/riscv-test-stats/data-propagation/rv64i_m/D/d_fmadd_b17-01.md	第三方架构测试源码/参考/框架	205219	8890c21cb4eba97330ecb1ff661d1668eed3bde1ba7fa50b43e0b7d7a041a042
sim/arch_test/suite/riscv-test-stats/data-propagation/rv64i_m/D/d_fmadd_b18-01.md	第三方架构测试源码/参考/框架	271628	ed6b5fe3ff4e43d9a9314ec4ac3983ee56e2a0cd230fcbb73a5e55c3f60bb02d
sim/arch_test/suite/riscv-test-stats/data-propagation/rv64i_m/D/d_fmadd_b2-01.md	第三方架构测试源码/参考/框架	277404	fcfbc371059978364e5f9e31bbb852c365a1931d04fdb36086c12ebc25ef0d8c
sim/arch_test/suite/riscv-test-stats/data-propagation/rv64i_m/D/d_fmadd_b3-01.md	第三方架构测试源码/参考/框架	1088706	1d3e798550d482fd21ae1f596d0ef4a69e18d13e4c089026a8bd827ff77c9a71
sim/arch_test/suite/riscv-test-stats/data-propagation/rv64i_m/D/d_fmadd_b4-01.md	第三方架构测试源码/参考/框架	146322	33680098126bba0bb0204ed506487a33f0f1940ee33c4750918201b10a8c002d
sim/arch_test/suite/riscv-test-stats/data-propagation/rv64i_m/D/d_fmadd_b5-01.md	第三方架构测试源码/参考/框架	213789	dfb2a912e2ae0a98ae52485363fca5cc3b74b0905e2c71237fe700fabfd90353
sim/arch_test/suite/riscv-test-stats/data-propagation/rv64i_m/D/d_fmadd_b6-01.md	第三方架构测试源码/参考/框架	146324	b608f4ea8faa8dd5bde7dfccd4e4663c83ddaf0c99ab3efc7b4e23017322ccf4
sim/arch_test/suite/riscv-test-stats/data-propagation/rv64i_m/D/d_fmadd_b7-01.md	第三方架构测试源码/参考/框架	334893	4425bb0dc9fe3d82fc1ee26ebeeb684aff0b86296058a9155cbb4160c71c19ae
sim/arch_test/suite/riscv-test-stats/data-propagation/rv64i_m/D/d_fmadd_b8-01.md	第三方架构测试源码/参考/框架	1426815	327764e52092f19507a0f42f915efc984fd13ed7099fdefede3a1a643bc9c49f
sim/arch_test/suite/riscv-test-stats/data-propagation/rv64i_m/D/d_fmax_b1-01.md	第三方架构测试源码/参考/框架	461370	aefc2bcc335f1b9e70170f06193c687df06f1afefa93c94916752bb894340fa3
sim/arch_test/suite/riscv-test-stats/data-propagation/rv64i_m/D/d_fmax_b19-01.md	第三方架构测试源码/参考/框架	883888	dbaba48440bd5e6cb8015aa0d084d2f90f508c2ab81737f03ff17c1973c5c8cf
sim/arch_test/suite/riscv-test-stats/data-propagation/rv64i_m/D/d_fmin_b1-01.md	第三方架构测试源码/参考/框架	447474	444d59244ac0f45b916c9a17eea9e1598b3dc76348466af09c09f0c69ab97eed
sim/arch_test/suite/riscv-test-stats/data-propagation/rv64i_m/D/d_fmin_b19-01.md	第三方架构测试源码/参考/框架	848478	a4de7c3c4095afd50f55f49c108e8ae37543a41ae4fb2faa271ff3d8064c0b6b
sim/arch_test/suite/riscv-test-stats/data-propagation/rv64i_m/D/d_fmsub_b14-01.md	第三方架构测试源码/参考/框架	165244	2847751601cf29c0e6f2b9f1b5d493f95a4bf68ee5a3702789a73235b83a259e
sim/arch_test/suite/riscv-test-stats/data-propagation/rv64i_m/D/d_fmsub_b16-01.md	第三方架构测试源码/参考/框架	205429	b87919a4a6b34d262f3bcbae4d5b96d9882e747fd911c3945f00e9f312dd617d
sim/arch_test/suite/riscv-test-stats/data-propagation/rv64i_m/D/d_fmsub_b17-01.md	第三方架构测试源码/参考/框架	205009	d6e076d3bb12a9901372ea3498687c27f4d6a34ca47b2083d0e2a46cc9e998ad
sim/arch_test/suite/riscv-test-stats/data-propagation/rv64i_m/D/d_fmsub_b18-01.md	第三方架构测试源码/参考/框架	271628	b81ff5f21b0572504dd816b171c6b89769446db78ce3b613dfb1557f3780b3e7
sim/arch_test/suite/riscv-test-stats/data-propagation/rv64i_m/D/d_fmsub_b2-01.md	第三方架构测试源码/参考/框架	277980	a0b8b7c9389accce4db5cbc16946d59941466a3d3f88b1b053be12ab0a23dcc3
sim/arch_test/suite/riscv-test-stats/data-propagation/rv64i_m/D/d_fmsub_b3-01.md	第三方架构测试源码/参考/框架	1089993	c160a124ba9c792b61e0d903a4604cc45cc599813d799d1874199ae89d39fa4a
sim/arch_test/suite/riscv-test-stats/data-propagation/rv64i_m/D/d_fmsub_b4-01.md	第三方架构测试源码/参考/框架	146023	3503f4eece1e87995d1889e8bb9711e243b0dff989d0d7da5669497c5316b8eb
sim/arch_test/suite/riscv-test-stats/data-propagation/rv64i_m/D/d_fmsub_b5-01.md	第三方架构测试源码/参考/框架	214009	d825f906e32415d1f250b53f497d192ada68b03bc8587c4a8ff9fbffd89aa426
sim/arch_test/suite/riscv-test-stats/data-propagation/rv64i_m/D/d_fmsub_b6-01.md	第三方架构测试源码/参考/框架	146022	9879027493889b090729a5e1ee2f032070d242ccdadec3cfc25f4e8d7cb1d1b4
sim/arch_test/suite/riscv-test-stats/data-propagation/rv64i_m/D/d_fmsub_b7-01.md	第三方架构测试源码/参考/框架	334547	e160541c1c37c50e4c2d5d1c6eabcd06b85caee29bc90ad6db839b3d2e0a7f32
sim/arch_test/suite/riscv-test-stats/data-propagation/rv64i_m/D/d_fmsub_b8-01.md	第三方架构测试源码/参考/框架	1425335	ae6f3fcde7977cca492386d94aa27b664044758991aee0484af1c332b1a94d46
sim/arch_test/suite/riscv-test-stats/data-propagation/rv64i_m/D/d_fmul_b1-01.md	第三方架构测试源码/参考/框架	465628	a139d9c38e655b68962a3abdfbf64281a5e9749f1ae4ea540bf90fe3fe2e4dc7
sim/arch_test/suite/riscv-test-stats/data-propagation/rv64i_m/D/d_fmul_b2-01.md	第三方架构测试源码/参考/框架	227583	b0e05e49ef61558d3fafe10e4dbfaa763294a2c2ada86419529c5c904eb0b250
sim/arch_test/suite/riscv-test-stats/data-propagation/rv64i_m/D/d_fmul_b3-01.md	第三方架构测试源码/参考/框架	901315	aa3a5a81a9739650b13e8efadc905b415d7de5647f8997efb7552251094ec2cf
sim/arch_test/suite/riscv-test-stats/data-propagation/rv64i_m/D/d_fmul_b4-01.md	第三方架构测试源码/参考/框架	117485	b9814d19e794528c10473d71c12f67104ed474bca289cbd65a89eb02a90e677b
sim/arch_test/suite/riscv-test-stats/data-propagation/rv64i_m/D/d_fmul_b5-01.md	第三方架构测试源码/参考/框架	173460	6efcf99bdd0abcd1e0f1cf06fa9304da088219379d7dd0b449b5331e44707998
sim/arch_test/suite/riscv-test-stats/data-propagation/rv64i_m/D/d_fmul_b6-01.md	第三方架构测试源码/参考/框架	117341	201002ea6d80956b152c5d6b9e46bb0b5d11bf2d1b8b8f0a6d4d5ffa980b77e6
sim/arch_test/suite/riscv-test-stats/data-propagation/rv64i_m/D/d_fmul_b7-01.md	第三方架构测试源码/参考/框架	274949	7f0810586eca166d224b160d55160b0beb8ac1ecd7dd7b978ea058d1bf1bffc3
sim/arch_test/suite/riscv-test-stats/data-propagation/rv64i_m/D/d_fmul_b8-01.md	第三方架构测试源码/参考/框架	1179852	17d19e9755213b22161e0380bd6fb68c9d68519f931e4fc3af0c6b61e3c327ae
sim/arch_test/suite/riscv-test-stats/data-propagation/rv64i_m/D/d_fmul_b9-01.md	第三方架构测试源码/参考/框架	1858053	74a8dd6bcf614acf9b687a87226ba5da7eead5e210b70f330a7e6b3bb4de85fe
sim/arch_test/suite/riscv-test-stats/data-propagation/rv64i_m/D/d_fmv.d.x_b25-01.md	第三方架构测试源码/参考/框架	19093	e0cd25c2d38a5400d7fbe30903902a0e455e9c2f29749da046769ed9e2219b7c
sim/arch_test/suite/riscv-test-stats/data-propagation/rv64i_m/D/d_fmv.d.x_b26-01.md	第三方架构测试源码/参考/框架	37953	55920dda1d6bf6652e61fa52867dc629307c168508ff12c96a0990efbf873609
sim/arch_test/suite/riscv-test-stats/data-propagation/rv64i_m/D/d_fmv.x.d_b1-01.md	第三方架构测试源码/参考/框架	22768	8a65d8f645c21cffddeee734912ea739c99d8dc8f729308e907c7a8706034b0a
sim/arch_test/suite/riscv-test-stats/data-propagation/rv64i_m/D/d_fmv.x.d_b22-01.md	第三方架构测试源码/参考/框架	20714	3d1840a26b8fd23b998a418f69945d66e74d60930d1aeedd93887a7b67b10b22
sim/arch_test/suite/riscv-test-stats/data-propagation/rv64i_m/D/d_fmv.x.d_b23-01.md	第三方架构测试源码/参考/框架	20753	e2ddcc5c3aedb6a93f9f6eebc563c16d54c0c88e908bdf4e6eba6908332bf854
sim/arch_test/suite/riscv-test-stats/data-propagation/rv64i_m/D/d_fmv.x.d_b24-01.md	第三方架构测试源码/参考/框架	22469	1dc549d82e525a9ff91d00825eaa1bfc3bfd66d658d809b7cbe53f240f68124a
sim/arch_test/suite/riscv-test-stats/data-propagation/rv64i_m/D/d_fmv.x.d_b27-01.md	第三方架构测试源码/参考/框架	21460	a67720a939bee496dfb0617cb8d263ff4670ceaadf7ded6f7842d91e4807cd8a
sim/arch_test/suite/riscv-test-stats/data-propagation/rv64i_m/D/d_fmv.x.d_b28-01.md	第三方架构测试源码/参考/框架	22272	05bafd5884df78e984d0c6f649b71bfd1ecdbe65a2c0d05d277ed7302d7ad796
sim/arch_test/suite/riscv-test-stats/data-propagation/rv64i_m/D/d_fmv.x.d_b29-01.md	第三方架构测试源码/参考/框架	22127	cdc8a794a63766355c41dfa382c86c8a1740e814154922e7d6bc2a0c91bae9f6
sim/arch_test/suite/riscv-test-stats/data-propagation/rv64i_m/D/d_fnmadd_b14-01.md	第三方架构测试源码/参考/框架	165415	ca494cb8515b66887339315403097f4f9c88b52b60340d3018056baf70c15783
sim/arch_test/suite/riscv-test-stats/data-propagation/rv64i_m/D/d_fnmadd_b16-01.md	第三方架构测试源码/参考/框架	204142	48f2de8ff6848572acfe106f9f9fe6b698895a9925ef9c38c2b8a62cafef92bd
sim/arch_test/suite/riscv-test-stats/data-propagation/rv64i_m/D/d_fnmadd_b17-01.md	第三方架构测试源码/参考/框架	203722	e89532e06796b40247d1adb5768ba47be88a312640344294d2b39148194fc00a
sim/arch_test/suite/riscv-test-stats/data-propagation/rv64i_m/D/d_fnmadd_b18-01.md	第三方架构测试源码/参考/框架	271909	ea4c19f849f702f6b8aecf0f9dc6181547671077ec2754391a649d53f6452e38
sim/arch_test/suite/riscv-test-stats/data-propagation/rv64i_m/D/d_fnmadd_b2-01.md	第三方架构测试源码/参考/框架	277405	e7d5d60c0cad9adb024f0768e7ca2c0079c0eb14578896b25fe77ceba2adec2a
sim/arch_test/suite/riscv-test-stats/data-propagation/rv64i_m/D/d_fnmadd_b3-01.md	第三方架构测试源码/参考/框架	1089836	1cbe710357aa71417626f96eb4e2435f856b2011296873a8489060db3e5e28fc
sim/arch_test/suite/riscv-test-stats/data-propagation/rv64i_m/D/d_fnmadd_b4-01.md	第三方架构测试源码/参考/框架	146473	733c87ecb224843cf2b88f2a873c46c21446a8dd81e5b7eae7bd7d7cfa7cda06
sim/arch_test/suite/riscv-test-stats/data-propagation/rv64i_m/D/d_fnmadd_b5-01.md	第三方架构测试源码/参考/框架	214010	de378121faa556be5c3002fddd0ae0ee144eb69faeac814810cba19afd270bc8
sim/arch_test/suite/riscv-test-stats/data-propagation/rv64i_m/D/d_fnmadd_b6-01.md	第三方架构测试源码/参考/框架	146623	a2280803c8f15bf029fa33d1bbb6656808ecec70a4bf8c36ab84563b9536270c
sim/arch_test/suite/riscv-test-stats/data-propagation/rv64i_m/D/d_fnmadd_b7-01.md	第三方架构测试源码/参考/框架	335240	304b141a651d872c754fe2309753aec7d409233bac464952faa4d0c1be2f90f3
sim/arch_test/suite/riscv-test-stats/data-propagation/rv64i_m/D/d_fnmadd_b8-01.md	第三方架构测试源码/参考/框架	1431256	988a810e2d15bd5d8559dd272c146de84226bda686c096a7382e111c00e2ce0c
sim/arch_test/suite/riscv-test-stats/data-propagation/rv64i_m/D/d_fnmsub_b14-01.md	第三方架构测试源码/参考/框架	165925	12e36d5396930662345b6d601218defe7a07135db8ad29866b558c698fbcd760
sim/arch_test/suite/riscv-test-stats/data-propagation/rv64i_m/D/d_fnmsub_b16-01.md	第三方架构测试源码/参考/框架	204562	934cf75c1775307b0978cad6b7ded80dd6239191dee11cf563c8fd1908cf828b
sim/arch_test/suite/riscv-test-stats/data-propagation/rv64i_m/D/d_fnmsub_b17-01.md	第三方架构测试源码/参考/框架	204142	dc58a6131565d0d6f0b8c56728cab98465e34dcbb0e57c52a9a15f9fbb9ce9f7
sim/arch_test/suite/riscv-test-stats/data-propagation/rv64i_m/D/d_fnmsub_b18-01.md	第三方架构测试源码/参考/框架	271909	233d2a3964c2f6b2df423e54e759664a80c64188e93f94e4a822f6e3432b4d0e
sim/arch_test/suite/riscv-test-stats/data-propagation/rv64i_m/D/d_fnmsub_b2-01.md	第三方架构测试源码/参考/框架	276727	190123b665992b4c9c64bfb0f8f5673a9d312642e4b776cdeab1c262823cdc65
sim/arch_test/suite/riscv-test-stats/data-propagation/rv64i_m/D/d_fnmsub_b3-01.md	第三方架构测试源码/参考/框架	1093226	15d3f6be48dc6a9bb81bf2886beb344df43cbd586c3a7df9e8fb0d7384fded42
sim/arch_test/suite/riscv-test-stats/data-propagation/rv64i_m/D/d_fnmsub_b4-01.md	第三方架构测试源码/参考/框架	149201	a4c691cc8530f3ae19b8a18cc3f4c5fdee3011a02edc601098511fa11dfc3a5f
sim/arch_test/suite/riscv-test-stats/data-propagation/rv64i_m/D/d_fnmsub_b5-01.md	第三方架构测试源码/参考/框架	214230	b9afd5f635efbcb961a66d7aac0d30655bb367da916d0ad2bcc955d9803ca073
sim/arch_test/suite/riscv-test-stats/data-propagation/rv64i_m/D/d_fnmsub_b6-01.md	第三方架构测试源码/参考/框架	147612	6d28e06350caa014ded2cf32c40a2b50b5c3296bf1e670ae701cd52f887c0b76
sim/arch_test/suite/riscv-test-stats/data-propagation/rv64i_m/D/d_fnmsub_b7-01.md	第三方架构测试源码/参考/框架	335240	3727ebd5bbaa6dad12501687ce2a3ce67bacfacb62c2427db1dc49165f4313fa
sim/arch_test/suite/riscv-test-stats/data-propagation/rv64i_m/D/d_fnmsub_b8-01.md	第三方架构测试源码/参考/框架	1428298	d132f1d1dcc53693cf8874b391666e1eb86c4c55a931f154021bcd73aa362ad4
sim/arch_test/suite/riscv-test-stats/data-propagation/rv64i_m/D/d_fsd-align-01.md	第三方架构测试源码/参考/框架	14849	77595dd220d7ffeb4d83835460c9cd3f7477ad396fc9dd91e3e5763de8787471
sim/arch_test/suite/riscv-test-stats/data-propagation/rv64i_m/D/d_fsgnj_b1-01.md	第三方架构测试源码/参考/框架	449222	f642e7129edc2f6f789545a458330e861a3b6b1d4482153094ccc164c2706fac
sim/arch_test/suite/riscv-test-stats/data-propagation/rv64i_m/D/d_fsgnjn_b1-01.md	第三方架构测试源码/参考/框架	450385	efd03a319268cb9cbf1868c09048417dd55b5e33a6963799c5c3708bb901917a
sim/arch_test/suite/riscv-test-stats/data-propagation/rv64i_m/D/d_fsgnjx_b1-01.md	第三方架构测试源码/参考/框架	449806	44846d59762f774d064bc1b79f657cce5bc798e44095c08ae1b2a2837600dbf8
sim/arch_test/suite/riscv-test-stats/data-propagation/rv64i_m/D/d_fsqrt_b1-01.md	第三方架构测试源码/参考/框架	23049	7633b07d162fdab5f579626566faebf35e87ec268b444c8e5cf552fb4ba20e00
sim/arch_test/suite/riscv-test-stats/data-propagation/rv64i_m/D/d_fsqrt_b2-01.md	第三方架构测试源码/参考/框架	33753	9a3230135eb6cf14bea89181a35f861f0d34a02e06056b894c5cfe41a39b8efd
sim/arch_test/suite/riscv-test-stats/data-propagation/rv64i_m/D/d_fsqrt_b20-01.md	第三方架构测试源码/参考/框架	90032	acac5554fd767155a184a1c4779bbfde7fdd0ba528954996291385847714ae2b
sim/arch_test/suite/riscv-test-stats/data-propagation/rv64i_m/D/d_fsqrt_b3-01.md	第三方架构测试源码/参考/框架	22116	d95fcb600190378026faec4d58d6479b685f914755e5522ef7625cea22b41f7d
sim/arch_test/suite/riscv-test-stats/data-propagation/rv64i_m/D/d_fsqrt_b4-01.md	第三方架构测试源码/参考/框架	21461	dbfc21aa64d92513915e8c12b2e19d1d0e91d9d1658f5d9df583b49e6bbc62d3
sim/arch_test/suite/riscv-test-stats/data-propagation/rv64i_m/D/d_fsqrt_b5-01.md	第三方架构测试源码/参考/框架	21529	972ba4e3ee17eb2b80f57ee69222366a1154bc827a75a86941f9b2ecb8d9ef18
sim/arch_test/suite/riscv-test-stats/data-propagation/rv64i_m/D/d_fsqrt_b7-01.md	第三方架构测试源码/参考/框架	21209	746406b1f6b310c40df7a500d6f16973713cd50ca3ae320e32f8f6f0817442d9
sim/arch_test/suite/riscv-test-stats/data-propagation/rv64i_m/D/d_fsqrt_b8-01.md	第三方架构测试源码/参考/框架	21529	b68a0a7c80d05444ca9cf6768e86b0fcdf477b5a548918d318b6a6fab1469d36
sim/arch_test/suite/riscv-test-stats/data-propagation/rv64i_m/D/d_fsqrt_b9-01.md	第三方架构测试源码/参考/框架	245878	00da30f867485b1bec7d976745a9e747b54b80134b00b1b0c355c13229596017
sim/arch_test/suite/riscv-test-stats/data-propagation/rv64i_m/D/d_fsub_b1-01.md	第三方架构测试源码/参考/框架	455471	2d0d34180eff9db8f4225857711488f5b410d9cf1b21add291bb745224d0a2d9
sim/arch_test/suite/riscv-test-stats/data-propagation/rv64i_m/D/d_fsub_b10-01.md	第三方架构测试源码/参考/框架	480100	90e90d618b39d6d1a5217d0d71062bc81fa2967fbbab01004a224cbe80b1d0bf
sim/arch_test/suite/riscv-test-stats/data-propagation/rv64i_m/D/d_fsub_b11-01.md	第三方架构测试源码/参考/框架	8348175	7a523606423bab48834ae53949cf44f6e16b341f57a26020374861513c44d1a9
sim/arch_test/suite/riscv-test-stats/data-propagation/rv64i_m/D/d_fsub_b12-01.md	第三方架构测试源码/参考/框架	44273	89c620345d695677fa467dc3a5c27e0f31381b4b30d8f5307d6fb95753dfd72a
sim/arch_test/suite/riscv-test-stats/data-propagation/rv64i_m/D/d_fsub_b13-01.md	第三方架构测试源码/参考/框架	161564	a9ca42cd00532b42f661fd7892494019599074943f68db6c3d62e5e7bf3b9896
sim/arch_test/suite/riscv-test-stats/data-propagation/rv64i_m/D/d_fsub_b2-01.md	第三方架构测试源码/参考/框架	219589	6703b3344004b7a070fd22f03ec6c1bd8c687f276b8769aa466c7bd4079290bc
sim/arch_test/suite/riscv-test-stats/data-propagation/rv64i_m/D/d_fsub_b3-01.md	第三方架构测试源码/参考/框架	878592	74f1e9ddf832f40cd9c7e8cbc8a05223ab07b267b465e8c88034cb32cb41b3d8
sim/arch_test/suite/riscv-test-stats/data-propagation/rv64i_m/D/d_fsub_b4-01.md	第三方架构测试源码/参考/框架	114317	3b584ef0ed066343d91ad00565132c19762bde8c0825e2487c8db2fcc11d9c12
sim/arch_test/suite/riscv-test-stats/data-propagation/rv64i_m/D/d_fsub_b5-01.md	第三方架构测试源码/参考/框架	169342	a20e856643dde6b291e9263a6f361d4a98449d73d17efb80e1c24b29308a7f9d
sim/arch_test/suite/riscv-test-stats/data-propagation/rv64i_m/D/d_fsub_b7-01.md	第三方架构测试源码/参考/框架	267568	2295724dff12b83186cdf96f79f9c688a60ef4db46bf746781c4d3244fcc4f10
sim/arch_test/suite/riscv-test-stats/data-propagation/rv64i_m/D/d_fsub_b8-01.md	第三方架构测试源码/参考/框架	1146756	c55335bbebd37b2fe262003e34b5993d6959cd06a62ca32b8a327d6b77c73e77
sim/arch_test/suite/riscv-test-stats/data-propagation/rv64i_m/I/add-01.md	第三方架构测试源码/参考/框架	202734	63aa1ea9c3b99d893f47bfdc54cdcb8d66af42dc582d40feaa09e8630d490927
sim/arch_test/suite/riscv-test-stats/data-propagation/rv64i_m/I/addi-01.md	第三方架构测试源码/参考/框架	210308	3e21fb2fd6329279c12ae76bc094e430dd3fa9cf6924f0ad84696066efed8b6d
sim/arch_test/suite/riscv-test-stats/data-propagation/rv64i_m/I/addiw-01.md	第三方架构测试源码/参考/框架	216144	104dc9904ebea50a3ac7da27c0fde42db1053616b95aa0eff1bfc812a4637878
sim/arch_test/suite/riscv-test-stats/data-propagation/rv64i_m/I/addw-01.md	第三方架构测试源码/参考/框架	217570	559923ae2f20303d731bde690532659005024295fec7b88ed0b1f5a876902f4a
sim/arch_test/suite/riscv-test-stats/data-propagation/rv64i_m/I/and-01.md	第三方架构测试源码/参考/框架	206059	73f8c26e7bc2bf44fab712cae9b50ebfd02e67fef14257d988889387369ef1d4
sim/arch_test/suite/riscv-test-stats/data-propagation/rv64i_m/I/andi-01.md	第三方架构测试源码/参考/框架	198260	edf506a4a12e181506d532f1b9c21dc7bb885706fff5788752c91916bd0dac61
sim/arch_test/suite/riscv-test-stats/data-propagation/rv64i_m/I/auipc-01.md	第三方架构测试源码/参考/框架	19093	028d876f1bd9f72e78faaf0be2b9f978bcde01cf834d23c9b57ac92a020051e8
sim/arch_test/suite/riscv-test-stats/data-propagation/rv64i_m/I/beq-01.md	第三方架构测试源码/参考/框架	335068	32611165301ecf162a52716da9af624a88e09328c7f0030faee8bf44fd5f50ce
sim/arch_test/suite/riscv-test-stats/data-propagation/rv64i_m/I/bge-01.md	第三方架构测试源码/参考/框架	265156	0fec9010132a0cda9daf0356742c38f121be430c9b179392b30f16466c30bf84
sim/arch_test/suite/riscv-test-stats/data-propagation/rv64i_m/I/bgeu-01.md	第三方架构测试源码/参考/框架	322335	458a9dedaf77c41812deb8e01ada9f6a4dce1441dabe9105dc9b45b27a8413b8
sim/arch_test/suite/riscv-test-stats/data-propagation/rv64i_m/I/blt-01.md	第三方架构测试源码/参考/框架	263912	97f4ae841e7f40be46c3ec31367da286bdf883fa469249d1b7a96d21a49d0bc1
sim/arch_test/suite/riscv-test-stats/data-propagation/rv64i_m/I/bltu-01.md	第三方架构测试源码/参考/框架	350734	b7dd1a88fd8e2f69888219646c5dadddbecc955ef8d9f6519f8e856616901849
sim/arch_test/suite/riscv-test-stats/data-propagation/rv64i_m/I/bne-01.md	第三方架构测试源码/参考/框架	297851	e24390bca4b89217fda8d697844e499deaac3c132bf5cf24e4014ed4dcf8271a
sim/arch_test/suite/riscv-test-stats/data-propagation/rv64i_m/I/fence-01.md	第三方架构测试源码/参考/框架	3101	92ac08152022557f7704a38587f2295e7b8f4871f2f1ce5fa3f1fff911612a17
sim/arch_test/suite/riscv-test-stats/data-propagation/rv64i_m/I/jal-01.md	第三方架构测试源码/参考/框架	17826	f287d9904a85c2f33bb8099588f5a1cb6dc99eee0a4684773780b6b9887b1029
sim/arch_test/suite/riscv-test-stats/data-propagation/rv64i_m/I/jalr-01.md	第三方架构测试源码/参考/框架	16149	6723d77f628390c4bcc70ed3afa24cf31a96a3422dbb06cbbd6b2d55d925119d
sim/arch_test/suite/riscv-test-stats/data-propagation/rv64i_m/I/lb-align-01.md	第三方架构测试源码/参考/框架	12503	d1fad70e17c7e4a0d81e4b908e050d952c69b5cc0fae6a9a7d2609cbfd72457a
sim/arch_test/suite/riscv-test-stats/data-propagation/rv64i_m/I/lbu-align-01.md	第三方架构测试源码/参考/框架	13163	48f89647cdf50d33fb08d0406226cab8a5dd6cf786de0d6b0511c38d04f68733
sim/arch_test/suite/riscv-test-stats/data-propagation/rv64i_m/I/ld-align-01.md	第三方架构测试源码/参考/框架	12605	c4560ac24ba0cafd93920f8933ae5f6e724494a822696fcd879b350984faeb11
sim/arch_test/suite/riscv-test-stats/data-propagation/rv64i_m/I/lh-align-01.md	第三方架构测试源码/参考/框架	12571	809a9be7cccbb257b07a168e98caf19e979b33c0ffe6d48d0634fe84b429bb5c
sim/arch_test/suite/riscv-test-stats/data-propagation/rv64i_m/I/lhu-align-01.md	第三方架构测试源码/参考/框架	12642	b795c6ec9d1427f7d9582d4332418474a531e9997815b4e0cbd234f5d2ce6190
sim/arch_test/suite/riscv-test-stats/data-propagation/rv64i_m/I/lui-01.md	第三方架构测试源码/参考/框架	13723	e4b0b3b95d615aeb98baafb5faef73d0ee5b0a7260bc2f8239a16b3d37986210
sim/arch_test/suite/riscv-test-stats/data-propagation/rv64i_m/I/lw-align-01.md	第三方架构测试源码/参考/框架	12571	a7bafc42b0f78d6df0b97f9e65bfa38c4b0033dcf46783191a4dc715e95f14cd
sim/arch_test/suite/riscv-test-stats/data-propagation/rv64i_m/I/lwu-align-01.md	第三方架构测试源码/参考/框架	12642	dacb84d64fb236c069482b4d817ea2a5ca1f9c34505e6f0cafb006343042fa9c
sim/arch_test/suite/riscv-test-stats/data-propagation/rv64i_m/I/or-01.md	第三方架构测试源码/参考/框架	204997	679e8ef6b079a177e81d59640223288ce0ce27d1805f432689c8a8aec16c6e0e
sim/arch_test/suite/riscv-test-stats/data-propagation/rv64i_m/I/ori-01.md	第三方架构测试源码/参考/框架	196304	dedfd8afbb3623a816a945274b76d4365e9666e192cc5c3f6d962957bf4d6e2d
sim/arch_test/suite/riscv-test-stats/data-propagation/rv64i_m/I/sb-align-01.md	第三方架构测试源码/参考/框架	34916	fcb049cb2f592d43a9109a5cfa4f2809a34c6647553d3bd0001d685f61e923fc
sim/arch_test/suite/riscv-test-stats/data-propagation/rv64i_m/I/sd-align-01.md	第三方架构测试源码/参考/框架	39020	17d1318ebf5143c7dd5689bd7a55a0f52aaaa9c00a8995982441d3aa5fd69d17
sim/arch_test/suite/riscv-test-stats/data-propagation/rv64i_m/I/sh-align-01.md	第三方架构测试源码/参考/框架	39431	bc9055d71bab99c824ef6c611a212a2eaff59df81d3b57119b8e9aa1f646b558
sim/arch_test/suite/riscv-test-stats/data-propagation/rv64i_m/I/sll-01.md	第三方架构测试源码/参考/框架	54162	116733bfb852766bb57e981647b194589046dff81c729e8b3719278808ef1b64
sim/arch_test/suite/riscv-test-stats/data-propagation/rv64i_m/I/slli-01.md	第三方架构测试源码/参考/框架	46784	e0b166ad3baa91ae1d6c47660ce970f64cc6ee60796688a4987904aea7b848cb
sim/arch_test/suite/riscv-test-stats/data-propagation/rv64i_m/I/slliw-01.md	第三方架构测试源码/参考/框架	42454	1684c85f32cec14ae6f00765e17ffb798ccc39bedcbb39887d85e35bb23a7e64
sim/arch_test/suite/riscv-test-stats/data-propagation/rv64i_m/I/sllw-01.md	第三方架构测试源码/参考/框架	54863	250280571e095ad042bf8f991c94d29ef409d8e567813bb1b11e34321ec60fc9
sim/arch_test/suite/riscv-test-stats/data-propagation/rv64i_m/I/slt-01.md	第三方架构测试源码/参考/框架	214013	5aaeadca31ab83c41c86f6214d5a282d7248ba92ceb1a50163a6af288834cedf
sim/arch_test/suite/riscv-test-stats/data-propagation/rv64i_m/I/slti-01.md	第三方架构测试源码/参考/框架	202580	25e0533edfb850e2fdc98ca589bcb2d27c5c4f57fe45c7a20ec40dfdf9df9d78
sim/arch_test/suite/riscv-test-stats/data-propagation/rv64i_m/I/sltiu-01.md	第三方架构测试源码/参考/框架	217390	c77c1b721e730fa3481ed03bf7ef6766ef34980c154948cd1bb2beeab8d46fa0
sim/arch_test/suite/riscv-test-stats/data-propagation/rv64i_m/I/sltu-01.md	第三方架构测试源码/参考/框架	278060	a575c86e1e3aa9b35618a0070e77f071bf4c6d167a83609bd90859182b1c7dcd
sim/arch_test/suite/riscv-test-stats/data-propagation/rv64i_m/I/sra-01.md	第三方架构测试源码/参考/框架	54931	f56066479c25eaeee1e3c1fbf311ef22c73dc7ce8c4e343eae1c351930ab921c
sim/arch_test/suite/riscv-test-stats/data-propagation/rv64i_m/I/srai-01.md	第三方架构测试源码/参考/框架	47724	7feb849bb3e83f133f968b7d7ec59b289b32853c3ef37e610c2b448af5ad28c0
sim/arch_test/suite/riscv-test-stats/data-propagation/rv64i_m/I/sraiw-01.md	第三方架构测试源码/参考/框架	44057	5c1af6926b50666d098f7ca44440278e5b24784f91fb73cf9deac9ac529c97ef
sim/arch_test/suite/riscv-test-stats/data-propagation/rv64i_m/I/sraw-01.md	第三方架构测试源码/参考/框架	51934	aa29632e3fa05bdc3ec4b8c7d16ca4499fcad89d59063b1917e23fd6710917d2
sim/arch_test/suite/riscv-test-stats/data-propagation/rv64i_m/I/srl-01.md	第三方架构测试源码/参考/框架	45913	01b3959644c6fc6a0c90484537b5bb96699140db4f8839b7e99557f083b040f3
sim/arch_test/suite/riscv-test-stats/data-propagation/rv64i_m/I/srli-01.md	第三方架构测试源码/参考/框架	40921	3a68f77a6a974009ff102100efc5b21966e743861d24850d94282c32a7fd66c6
sim/arch_test/suite/riscv-test-stats/data-propagation/rv64i_m/I/srliw-01.md	第三方架构测试源码/参考/框架	45518	e00e955c47a4aa073579ea18fe83e1287945de7ebaf34ba5500097b054eddebc
sim/arch_test/suite/riscv-test-stats/data-propagation/rv64i_m/I/srlw-01.md	第三方架构测试源码/参考/框架	54965	9e94851d8e556ea1fee54f948c09cf0bf01c9b8e5d247ebbad44b48fa54729df
sim/arch_test/suite/riscv-test-stats/data-propagation/rv64i_m/I/sub-01.md	第三方架构测试源码/参考/框架	217005	fa29bb124b668b3cd6e8d9eea68a6d0af209655ce3b0d9ff2f9b3336109a7097
sim/arch_test/suite/riscv-test-stats/data-propagation/rv64i_m/I/subw-01.md	第三方架构测试源码/参考/框架	226031	a11a68f7637f2341191a1450d2a5ceca9640921258ad5ca0c5df8c75d463c6f4
sim/arch_test/suite/riscv-test-stats/data-propagation/rv64i_m/I/sw-align-01.md	第三方架构测试源码/参考/框架	39020	3eff561a26a214dbc840e2a88f70b502e4d26563aa33f43bb51597872f4e506d
sim/arch_test/suite/riscv-test-stats/data-propagation/rv64i_m/I/xor-01.md	第三方架构测试源码/参考/框架	225635	977878b5e2c3e44d62d15b7a94a763c90db1a43f59ad9bba985542825450c935
sim/arch_test/suite/riscv-test-stats/data-propagation/rv64i_m/I/xori-01.md	第三方架构测试源码/参考/框架	195566	799b230da49e482d88644a154843c9759e61a443d0a53eb02f3d2edbf2846342
sim/arch_test/suite/riscv-test-stats/data-propagation/rv64i_m/K_unratified/aes64ds-01.md	第三方架构测试源码/参考/框架	17408	5f0238492faa77510ea536fe52e662c5152b1cc5dd883006f7e60e16022fc1b8
sim/arch_test/suite/riscv-test-stats/data-propagation/rv64i_m/K_unratified/aes64ds-rwp1.md	第三方架构测试源码/参考/框架	17720	c4edddc32278c79edd703207a771c23d5283ca3cc67b1947e2fc877f4a7d8182
sim/arch_test/suite/riscv-test-stats/data-propagation/rv64i_m/K_unratified/aes64dsm-01.md	第三方架构测试源码/参考/框架	17528	54eaea28af597893587c591bf37720f75622955cf282a45f0433e7ea8091eaec
sim/arch_test/suite/riscv-test-stats/data-propagation/rv64i_m/K_unratified/aes64dsm-rwp1.md	第三方架构测试源码/参考/框架	17828	35ba5707f073415bef92a8ef46b34279ed4fb908052bd6d63493ec0af443f007
sim/arch_test/suite/riscv-test-stats/data-propagation/rv64i_m/K_unratified/aes64es-01.md	第三方架构测试源码/参考/框架	17466	670a77c2e0ab33a74de73d3bba3c229f4f55c28acb8396f8c06f8c45b7349667
sim/arch_test/suite/riscv-test-stats/data-propagation/rv64i_m/K_unratified/aes64es-rwp1.md	第三方架构测试源码/参考/框架	17720	e2b30cd80d1377dcb09a980d15c3ec4cccb4d16a5ec2f1e48baf93c248d2c5ad
sim/arch_test/suite/riscv-test-stats/data-propagation/rv64i_m/K_unratified/aes64esm-01.md	第三方架构测试源码/参考/框架	17470	48eae278c95d89c2d8bdc9fa8154c4fc4c6e864c3ba8b06e7aed6ef60da7c3de
sim/arch_test/suite/riscv-test-stats/data-propagation/rv64i_m/K_unratified/aes64esm-rwp1.md	第三方架构测试源码/参考/框架	17828	c4bd865ced85db578a82f4ccad4babe4272c9a01dce184f7e095d3844dd399dd
sim/arch_test/suite/riscv-test-stats/data-propagation/rv64i_m/K_unratified/aes64im-01.md	第三方架构测试源码/参考/框架	32716	ad8907696d9cd4fe31256dae46aa52611838b85398044da34e711e40065dadff
sim/arch_test/suite/riscv-test-stats/data-propagation/rv64i_m/K_unratified/aes64im-rwp1.md	第三方架构测试源码/参考/框架	61694	a16bf2e355ccb8e8a7a1e8cb4564949f67f038fa50428bb0d81ae94250073c57
sim/arch_test/suite/riscv-test-stats/data-propagation/rv64i_m/K_unratified/aes64im-rwp2.md	第三方架构测试源码/参考/框架	12043	08f91154bc3ce995056a6e48a691be132eb1dc0361444922d54301eadccc7e45
sim/arch_test/suite/riscv-test-stats/data-propagation/rv64i_m/K_unratified/aes64ks1i-01.md	第三方架构测试源码/参考/框架	24098	79395efb1d8d0ac85e5baebe2efde29d51296d7bed650697e8340ceba2e7196c
sim/arch_test/suite/riscv-test-stats/data-propagation/rv64i_m/K_unratified/aes64ks2-01.md	第三方架构测试源码/参考/框架	54099	44bcfba5efb337b4bb183c4a430e759c13645386310ab2b379716601122a9d2a
sim/arch_test/suite/riscv-test-stats/data-propagation/rv64i_m/K_unratified/andn-01.md	第三方架构测试源码/参考/框架	135622	881e4e7336dfa2f93664a607647ce0e6b1a46de98f25c71c6ec7c90c1d5fad47
sim/arch_test/suite/riscv-test-stats/data-propagation/rv64i_m/K_unratified/clmul-01.md	第三方架构测试源码/参考/框架	137095	d018474d82fc1b065104d07ec0bc4ce1c0c04282d9f5f5177d1966084eb19ba6
sim/arch_test/suite/riscv-test-stats/data-propagation/rv64i_m/K_unratified/clmulh-01.md	第三方架构测试源码/参考/框架	125001	865460be2d44c5bea73ba0e23897dacd2d7dad710ab869a53b43bcd8734d062c
sim/arch_test/suite/riscv-test-stats/data-propagation/rv64i_m/K_unratified/div-01.md	第三方架构测试源码/参考/框架	186760	922ccd0273c48b1388def85ac9fa98c6edfb1f772f6e09b724ed5629dc64f1cb
sim/arch_test/suite/riscv-test-stats/data-propagation/rv64i_m/K_unratified/divu-01.md	第三方架构测试源码/参考/框架	285819	464cc17bbf7bf54f555adf776060ef1a8271ada34c7164c6c3c590460b8e8aad
sim/arch_test/suite/riscv-test-stats/data-propagation/rv64i_m/K_unratified/divuw-01.md	第三方架构测试源码/参考/框架	262260	93ad56adbbf593f94d69bc8544d49534ef78fa6bfeef0e403c2325a213455b8b
sim/arch_test/suite/riscv-test-stats/data-propagation/rv64i_m/K_unratified/divw-01.md	第三方架构测试源码/参考/框架	196501	d0ac6f2a7cea92c390d17496fe35e72f32b2204760ef35c2e198acca67a71302
sim/arch_test/suite/riscv-test-stats/data-propagation/rv64i_m/K_unratified/mul-01.md	第三方架构测试源码/参考/框架	194589	8fec09ed9352d779f5d8067b2c2509ecd4cf4d77f9a90fc251b0274d9a03e77a
sim/arch_test/suite/riscv-test-stats/data-propagation/rv64i_m/K_unratified/mulh-01.md	第三方架构测试源码/参考/框架	205666	b941d43fad6a06b5217989e4e58e14d4bb7ee71103e0a400ff75735a88b181e2
sim/arch_test/suite/riscv-test-stats/data-propagation/rv64i_m/K_unratified/mulhsu-01.md	第三方架构测试源码/参考/框架	241427	c3447b5b5fabb2116ab9975c5248ea91f5d0cabb79b95b21eb7ae6d7534d3ae2
sim/arch_test/suite/riscv-test-stats/data-propagation/rv64i_m/K_unratified/mulhu-01.md	第三方架构测试源码/参考/框架	281580	b4e9e09f69c8754ecfeb5953274d734a674c79abd5cd9dbb25727d01e339bce3
sim/arch_test/suite/riscv-test-stats/data-propagation/rv64i_m/K_unratified/mulw-01.md	第三方架构测试源码/参考/框架	187686	803a585b10d067283049fef964fb0d4c1a81042b53facd311aec8c1c5272e660
sim/arch_test/suite/riscv-test-stats/data-propagation/rv64i_m/K_unratified/orn-01.md	第三方架构测试源码/参考/框架	136561	5c9af0d5afe4bf6760c81760a37388aa18918a83214fd6609b0ce9ed29a94012
sim/arch_test/suite/riscv-test-stats/data-propagation/rv64i_m/K_unratified/pack-01.md	第三方架构测试源码/参考/框架	136148	4c8d241de7debd4f2458875c2f7bded2f2cb1c55cc1ba968a9c1473ac5cf9745
sim/arch_test/suite/riscv-test-stats/data-propagation/rv64i_m/K_unratified/packh-01.md	第三方架构测试源码/参考/框架	137095	d111cd2e61a903f44bc3b740e1424edb2db26967ab1e136adcc1d64009715eed
sim/arch_test/suite/riscv-test-stats/data-propagation/rv64i_m/K_unratified/packu-01.md	第三方架构测试源码/参考/框架	136164	0e921d070e1434c8de62ef868c3df23db3dc2b4d7da0081e4fc68e4e91baca0b
sim/arch_test/suite/riscv-test-stats/data-propagation/rv64i_m/K_unratified/packuw-01.md	第三方架构测试源码/参考/框架	138151	f8ac58d01eb1cbd142879b6ab651e74ac4267f3f988c26ca129d5c948156573b
sim/arch_test/suite/riscv-test-stats/data-propagation/rv64i_m/K_unratified/packw-01.md	第三方架构测试源码/参考/框架	136569	2378bcbd7dd8d9598a1e8b492ae7b91d54fc7689fd2c2171201b1b33f6383455
sim/arch_test/suite/riscv-test-stats/data-propagation/rv64i_m/K_unratified/ref.md	第三方架构测试源码/参考/框架	32711	b3574dd815fdc57b3aed4a0fa7f186965532dda5a82f0948f046d79be39d46b7
sim/arch_test/suite/riscv-test-stats/data-propagation/rv64i_m/K_unratified/rem-01.md	第三方架构测试源码/参考/框架	181754	fea7e2c180f9139d58ebf7323370bb1e82ca479bce736e887a9c6721fb281499
sim/arch_test/suite/riscv-test-stats/data-propagation/rv64i_m/K_unratified/remu-01.md	第三方架构测试源码/参考/框架	284286	ba6cfeaf9d40cd6b5b7d4cd3a779cd8428cd77fe1a4fe01ba9b8b7176f39cf1e
sim/arch_test/suite/riscv-test-stats/data-propagation/rv64i_m/K_unratified/remuw-01.md	第三方架构测试源码/参考/框架	297720	fded190d8af8b01434fb5083b5cc518bffff1f14ba4511233fb6d0d8af870749
sim/arch_test/suite/riscv-test-stats/data-propagation/rv64i_m/K_unratified/remw-01.md	第三方架构测试源码/参考/框架	187790	c94f88e11bb2e4a7e78a47c08cdde477ea1b9a9a4614c42efbd970a7fefdb7b0
sim/arch_test/suite/riscv-test-stats/data-propagation/rv64i_m/K_unratified/rev.b-01.md	第三方架构测试源码/参考/框架	53774	5491bb1f787da55b6372885b88d4214cc70e148b1bc6a67d74707fde21304181
sim/arch_test/suite/riscv-test-stats/data-propagation/rv64i_m/K_unratified/rev8-01.md	第三方架构测试源码/参考/框架	53772	c5a448888ba31b734002b48cdae7ffe74fd311e325f847bf3b74fea8d911d1a1
sim/arch_test/suite/riscv-test-stats/data-propagation/rv64i_m/K_unratified/rev8.w-01.md	第三方架构测试源码/参考/框架	54037	fb81dcf5330ff11ddd06856db846f76cf71e3146e03530bc05498a6411da844c
sim/arch_test/suite/riscv-test-stats/data-propagation/rv64i_m/K_unratified/rol-01.md	第三方架构测试源码/参考/框架	136035	f84cc23f1f2fc99d1cb3efe3a8baa4e69470c3aae23fb61ae32a31dd8829817b
sim/arch_test/suite/riscv-test-stats/data-propagation/rv64i_m/K_unratified/rolw-01.md	第三方架构测试源码/参考/框架	136039	a90682a8e84d05109adc9a96e564e169a3621c4aaeeae13a0e6582655c256794
sim/arch_test/suite/riscv-test-stats/data-propagation/rv64i_m/K_unratified/ror-01.md	第三方架构测试源码/参考/框架	124463	c5551b812118f7150e287dc1e3d02d3a9c5e3fea4e3c40b7bd3a358b39e51bb6
sim/arch_test/suite/riscv-test-stats/data-propagation/rv64i_m/K_unratified/rori-01.md	第三方架构测试源码/参考/框架	64874	2880ec89dd14b7a1a2d64b8fbb05de7d4f6fd88fcb90893b67fd6a976af516de
sim/arch_test/suite/riscv-test-stats/data-propagation/rv64i_m/K_unratified/roriw-01.md	第三方架构测试源码/参考/框架	64943	472e31bf9cd361f510ee9f69014003132ff72b57e29f8d898b01eab718afe2f6
sim/arch_test/suite/riscv-test-stats/data-propagation/rv64i_m/K_unratified/rorw-01.md	第三方架构测试源码/参考/框架	137091	b0c6d15931f1986a1e38eaa904692f224917b14ef66f65455da7f669a657b981
sim/arch_test/suite/riscv-test-stats/data-propagation/rv64i_m/K_unratified/sha256sig0-01.md	第三方架构测试源码/参考/框架	33629	8541315792a6e4aca57d8c8995fbdbc3e8badbd76d4baf25d0cbe1a64ef34cf8
sim/arch_test/suite/riscv-test-stats/data-propagation/rv64i_m/K_unratified/sha256sig0-rwp1.md	第三方架构测试源码/参考/框架	63014	3e9134938edec39d7cc2b06e6871027a4aba100e5b51ff7b300dd1ebd3b233ee
sim/arch_test/suite/riscv-test-stats/data-propagation/rv64i_m/K_unratified/sha256sig0-rwp2.md	第三方架构测试源码/参考/框架	12316	d6f92568d645a16675613147d3d2c44a8f3529277364b4a187c9a225d9ebe325
sim/arch_test/suite/riscv-test-stats/data-propagation/rv64i_m/K_unratified/sha256sig1-01.md	第三方架构测试源码/参考/框架	33629	e6114c624b1d7acae2c771fe42bae8f16271ccd168f445f7681d6ab3683fc79a
sim/arch_test/suite/riscv-test-stats/data-propagation/rv64i_m/K_unratified/sha256sig1-rwp1.md	第三方架构测试源码/参考/框架	63014	f1c9be24ceaa82cc6c94dcf23fb27de31393dc1f3af05b5e17ca595caaa19c72
sim/arch_test/suite/riscv-test-stats/data-propagation/rv64i_m/K_unratified/sha256sig1-rwp2.md	第三方架构测试源码/参考/框架	12316	c1828a8b0fec7e37fde83691302903e781ec8ad0c4b8bb1ea9fb7b5d153a3a03
sim/arch_test/suite/riscv-test-stats/data-propagation/rv64i_m/K_unratified/sha256sum0-01.md	第三方架构测试源码/参考/框架	33780	6a0b6768cd785d5e05552401f9d6dbfe68b3caf8d49b30fbb49464831ba89c19
sim/arch_test/suite/riscv-test-stats/data-propagation/rv64i_m/K_unratified/sha256sum0-rwp1.md	第三方架构测试源码/参考/框架	63014	09cd413d0678947c075b9b1fc2402d36b42a6ce3b14be0f6a5aa829a45cbe683
sim/arch_test/suite/riscv-test-stats/data-propagation/rv64i_m/K_unratified/sha256sum0-rwp2.md	第三方架构测试源码/参考/框架	12316	bb13f69a0f5c86a8adb64b9c853ad9541b1a774d99c56d05eb21d0508bfd38fd
sim/arch_test/suite/riscv-test-stats/data-propagation/rv64i_m/K_unratified/sha256sum1-01.md	第三方架构测试源码/参考/框架	33780	c01e45205b8cec297ed1bec68266ae6c2beb97fb85bded885860dd8d4a5c2eb6
sim/arch_test/suite/riscv-test-stats/data-propagation/rv64i_m/K_unratified/sha256sum1-rwp1.md	第三方架构测试源码/参考/框架	63014	6b9806e97ea36e593d8e26b684e0b0a0dec0407a94de19378bb76a0b075ea466
sim/arch_test/suite/riscv-test-stats/data-propagation/rv64i_m/K_unratified/sha256sum1-rwp2.md	第三方架构测试源码/参考/框架	12316	7c9e03fe48d259e8bd34bb3653b1379ed3bcdadbd809e60b795becd1fbfc1b06
sim/arch_test/suite/riscv-test-stats/data-propagation/rv64i_m/K_unratified/sha512sig0-01.md	第三方架构测试源码/参考/框架	33780	d9962b4ec461bd0ef0ac1d110fc9ab3233cfa83d7dfc62c6e6221ece64499034
sim/arch_test/suite/riscv-test-stats/data-propagation/rv64i_m/K_unratified/sha512sig0-rwp1.md	第三方架构测试源码/参考/框架	63014	b9d23b0cacb53d635b6a9ff6a0593820a731f5351e95326ff363f82bfd4aef88
sim/arch_test/suite/riscv-test-stats/data-propagation/rv64i_m/K_unratified/sha512sig0-rwp2.md	第三方架构测试源码/参考/框架	12316	34244a2140b7e22e3946de011c09e6fed63dbdd4bbed816b3f65a0f8578cee57
sim/arch_test/suite/riscv-test-stats/data-propagation/rv64i_m/K_unratified/sha512sig1-01.md	第三方架构测试源码/参考/框架	33629	c6b43c3f33b821c933313bb4a452e95552bc218dd75a6080cec7f7cf06bddd60
sim/arch_test/suite/riscv-test-stats/data-propagation/rv64i_m/K_unratified/sha512sig1-rwp1.md	第三方架构测试源码/参考/框架	63014	3dec9a31f5683c4498661d80be216d5cc575840874974619f8e0e710fc091eee
sim/arch_test/suite/riscv-test-stats/data-propagation/rv64i_m/K_unratified/sha512sig1-rwp2.md	第三方架构测试源码/参考/框架	12316	e3469d4f39f900578292b9b985edca8c852df36281f66b044e74e6bc556a1ecb
sim/arch_test/suite/riscv-test-stats/data-propagation/rv64i_m/K_unratified/sha512sum0-01.md	第三方架构测试源码/参考/框架	33780	1e830d56c4ba5124dde696426900a09dfbf6de2f30bb19a827baf60e1607fe8a
sim/arch_test/suite/riscv-test-stats/data-propagation/rv64i_m/K_unratified/sha512sum0-rwp1.md	第三方架构测试源码/参考/框架	63014	e6545b5a0c81cb8643d354c776088ec7bb38227e9b23a4151a23a2887a213d2a
sim/arch_test/suite/riscv-test-stats/data-propagation/rv64i_m/K_unratified/sha512sum0-rwp2.md	第三方架构测试源码/参考/框架	12316	73293d259685638e55729c9a3218b599bc966cfb62c8314372750558d7be72ca
sim/arch_test/suite/riscv-test-stats/data-propagation/rv64i_m/K_unratified/sha512sum1-01.md	第三方架构测试源码/参考/框架	33629	9dc29e6407a44e0f7a06ff8693cc68511f830523974905e401849ad37cae3104
sim/arch_test/suite/riscv-test-stats/data-propagation/rv64i_m/K_unratified/sha512sum1-rwp1.md	第三方架构测试源码/参考/框架	63014	c2c966f259f4182bee40a4dfd710998474a178742093698498dcfb6248dfd07a
sim/arch_test/suite/riscv-test-stats/data-propagation/rv64i_m/K_unratified/sha512sum1-rwp2.md	第三方架构测试源码/参考/框架	12316	29f5f255009110add746a1dc3b47f0445c88ef7e4f044d23f60a4e9fdd999871
sim/arch_test/suite/riscv-test-stats/data-propagation/rv64i_m/K_unratified/sm3p0-01.md	第三方架构测试源码/参考/框架	32099	873459a5005ce5b06c8a73b81ca85a5ea8f3dd99a4d6f1e8385001e902c049d0
sim/arch_test/suite/riscv-test-stats/data-propagation/rv64i_m/K_unratified/sm3p0-rwp1.md	第三方架构测试源码/参考/框架	60814	749526c406a5df1eb54aac87716b35a96f41378b0a05ec669b32355f7d20c788
sim/arch_test/suite/riscv-test-stats/data-propagation/rv64i_m/K_unratified/sm3p0-rwp2.md	第三方架构测试源码/参考/框架	11861	ff354a3e4117210be1c138238ae0f9a81c9f0e53b32191519d73020279c478ad
sim/arch_test/suite/riscv-test-stats/data-propagation/rv64i_m/K_unratified/sm3p1-01.md	第三方架构测试源码/参考/框架	32250	fd849b0d282e90bb3ae1365f799804cdeb09a4890531059fb4a2a0da38d20793
sim/arch_test/suite/riscv-test-stats/data-propagation/rv64i_m/K_unratified/sm3p1-rwp1.md	第三方架构测试源码/参考/框架	60814	f2767456250371779632bc8a5d329b410f384345dd8e553d95ddf9a629e3a154
sim/arch_test/suite/riscv-test-stats/data-propagation/rv64i_m/K_unratified/sm3p1-rwp2.md	第三方架构测试源码/参考/框架	11861	c4ab15212dd9b44f042ac2afbf548151a58997e10c165dfcb5f35a1752ba70ab
sim/arch_test/suite/riscv-test-stats/data-propagation/rv64i_m/K_unratified/sm4ed-01.md	第三方架构测试源码/参考/框架	93874	427960c222e39ca666b9fa63fc71431a7f25c22c306f6ed49556bd3889386465
sim/arch_test/suite/riscv-test-stats/data-propagation/rv64i_m/K_unratified/sm4ed-rwp1.md	第三方架构测试源码/参考/框架	8435	dcd50aafe31d5546727ba773c7801119a04f21085bf4ebb98ca49931588b29e7
sim/arch_test/suite/riscv-test-stats/data-propagation/rv64i_m/K_unratified/sm4ks-01.md	第三方架构测试源码/参考/框架	93592	afe90240ab5eb47f705ed10963ab087cd570606b8a985672a3a4b2d55b868ce4
sim/arch_test/suite/riscv-test-stats/data-propagation/rv64i_m/K_unratified/sm4ks-rwp1.md	第三方架构测试源码/参考/框架	8435	de2770ee10c3d2936e47d2ff24b4059b49097c0c8d6192388934756464467679
sim/arch_test/suite/riscv-test-stats/data-propagation/rv64i_m/K_unratified/xnor-01.md	第三方架构测试源码/参考/框架	136039	39f4b73c6bafa9b5193186229897d7f5ae1673ea5b31b6508d9bfe2cde0f6fb3
sim/arch_test/suite/riscv-test-stats/data-propagation/rv64i_m/K_unratified/xperm.b-01.md	第三方架构测试源码/参考/框架	155327	278af1a6c0082ab3fdb77f379ecadcc04b25a17750ac05ba3970f8ae7bc99058
sim/arch_test/suite/riscv-test-stats/data-propagation/rv64i_m/K_unratified/xperm.n-01.md	第三方架构测试源码/参考/框架	156419	d47d15148c9ab1aa75af3ce274c3d77095274a8bc7bd20c2916b9bc91c6911df
sim/arch_test/suite/riscv-test-stats/data-propagation/rv64i_m/M/div-01.md	第三方架构测试源码/参考/框架	204439	b7ab8c15f37d9149efedc3a72faa2701128adb7cf72108183642b4d8a7b7cfa7
sim/arch_test/suite/riscv-test-stats/data-propagation/rv64i_m/M/divu-01.md	第三方架构测试源码/参考/框架	307291	71fe8eaa2cab2371d08d88a2ea32a9b13f489efabf39d5400e3158404f2032d6
sim/arch_test/suite/riscv-test-stats/data-propagation/rv64i_m/M/divuw-01.md	第三方架构测试源码/参考/框架	284483	c6cb5c1d188cad204a0ec39d615f37db843d303006b3684a6681578973f57ad0
sim/arch_test/suite/riscv-test-stats/data-propagation/rv64i_m/M/divw-01.md	第三方架构测试源码/参考/框架	214665	756ea77cd21cc528956e88f305d96553a8f64b0881b2ae610c7d927d1e95d37f
sim/arch_test/suite/riscv-test-stats/data-propagation/rv64i_m/M/mul-01.md	第三方架构测试源码/参考/框架	213055	26562819867b3925fadb7a96fdeb5376232829e67d00b4a25ee52856187069d7
sim/arch_test/suite/riscv-test-stats/data-propagation/rv64i_m/M/mulh-01.md	第三方架构测试源码/参考/框架	223317	4596fbf1cbf8cee8fb08f5c5875279cbf6404112077009ea132cacfb3edd13c0
sim/arch_test/suite/riscv-test-stats/data-propagation/rv64i_m/M/mulhsu-01.md	第三方架构测试源码/参考/框架	260009	0453a8dc69b2e5d925139161053036022a7b74e7263006b4ea6e84b33220ce83
sim/arch_test/suite/riscv-test-stats/data-propagation/rv64i_m/M/mulhu-01.md	第三方架构测试源码/参考/框架	303606	d6e2e0e3aee957ec76b086d21f43f81271ce54682bcfc7d9903ebff59782c4de
sim/arch_test/suite/riscv-test-stats/data-propagation/rv64i_m/M/mulw-01.md	第三方架构测试源码/参考/框架	205883	26d574e7e36402a224cebab317334a69682846b60261b8a73cb279dfb79215f9
sim/arch_test/suite/riscv-test-stats/data-propagation/rv64i_m/M/rem-01.md	第三方架构测试源码/参考/框架	200446	a4922621a50c38194ff871cd5cc00f7a436d13d40d7268cf2f072ad182808b6b
sim/arch_test/suite/riscv-test-stats/data-propagation/rv64i_m/M/remu-01.md	第三方架构测试源码/参考/框架	305706	fe3690647198d865595113512c60ce151b41fb28fc6287dfa124ed7c36afb035
sim/arch_test/suite/riscv-test-stats/data-propagation/rv64i_m/M/remuw-01.md	第三方架构测试源码/参考/框架	319037	4055a0824bad4793e782fb2019813a6fc2a54ef4c945aacd535c473ac2d4a0ef
sim/arch_test/suite/riscv-test-stats/data-propagation/rv64i_m/M/remw-01.md	第三方架构测试源码/参考/框架	205416	57d66fa4401f5e4f293db6067d924627110b07433e76fd92be2bb81112666406
sim/arch_test/suite/riscv-test-stats/data-propagation/rv64i_m/Zifencei/Fencei.md	第三方架构测试源码/参考/框架	3173	943add2b3a6bd98bc45e90bf30847c40385f017a08c85f59b296a0ba3fdaa47c
sim/arch_test/suite/riscv-test-stats/data-propagation/rv64i_m/privilege/ebreak.md	第三方架构测试源码/参考/框架	3148	2cc154bb7c44cd30f3ad3b5ba2ded33e890242b43aaf9777fa67324c117d6c52
sim/arch_test/suite/riscv-test-stats/data-propagation/rv64i_m/privilege/ecall.md	第三方架构测试源码/参考/框架	3129	d667bb8a11818e94df9b687d7ef34711d7ebffe331ef980f95ee381bd476c862
sim/arch_test/suite/riscv-test-stats/data-propagation/rv64i_m/privilege/misalign-beq-01.md	第三方架构测试源码/参考/框架	2732	17eb49117fc59b92d6db2bac46be81beadb14a9bff420fc434ce7d9c907e6f42
sim/arch_test/suite/riscv-test-stats/data-propagation/rv64i_m/privilege/misalign-bge-01.md	第三方架构测试源码/参考/框架	2720	7a5630d7f4c3b8ef3b2be037b8d06067096bf56bd564ab2756b45e3f12f3ae21
sim/arch_test/suite/riscv-test-stats/data-propagation/rv64i_m/privilege/misalign-bgeu-01.md	第三方架构测试源码/参考/框架	2729	c3978a92754c0446f1159337f5206c027b9cc08a63f3470a4ee3447445feaa79
sim/arch_test/suite/riscv-test-stats/data-propagation/rv64i_m/privilege/misalign-blt-01.md	第三方架构测试源码/参考/框架	2729	7e1c90ed920a193181d215a9e98c8a72612e7ba9402e5a0a1fd201a531c0b410
sim/arch_test/suite/riscv-test-stats/data-propagation/rv64i_m/privilege/misalign-bltu-01.md	第三方架构测试源码/参考/框架	2729	e46ec9bf2dda869d2e8ad06b155f6c767bcbeca998351fa8bf05395927a7cb73
sim/arch_test/suite/riscv-test-stats/data-propagation/rv64i_m/privilege/misalign-bne-01.md	第三方架构测试源码/参考/框架	2732	7aafac772c3344974e7411381498d0332fd3c8451ff13aa882451103372d3b96
sim/arch_test/suite/riscv-test-stats/data-propagation/rv64i_m/privilege/misalign-jal-01.md	第三方架构测试源码/参考/框架	3368	91945020228d47984d98cde1757c9d54659f6fde0d2e740f6186f30940930f58
sim/arch_test/suite/riscv-test-stats/data-propagation/rv64i_m/privilege/misalign-ld-01.md	第三方架构测试源码/参考/框架	8132	08ad55b125b74f1604c36a5cf03b10b54d62cfd75b8411e772b22fb58a01e48e
sim/arch_test/suite/riscv-test-stats/data-propagation/rv64i_m/privilege/misalign-lh-01.md	第三方架构测试源码/参考/框架	3159	a75106e0af62b51859b51278d9eca1e99dd2b506052875e3840edb819b8de320
sim/arch_test/suite/riscv-test-stats/data-propagation/rv64i_m/privilege/misalign-lhu-01.md	第三方架构测试源码/参考/框架	3176	856f14ce2d2ef3358326bb21d75ac01d4824d986ed5c6e7c8d11447a75760f6b
sim/arch_test/suite/riscv-test-stats/data-propagation/rv64i_m/privilege/misalign-lw-01.md	第三方架构测试源码/参考/框架	4824	5131da976f30fd458cdc803314e12b550cd68e90beaa515ca984b5ee80ec75f8
sim/arch_test/suite/riscv-test-stats/data-propagation/rv64i_m/privilege/misalign-lwu-01.md	第三方架构测试源码/参考/框架	4845	b37af264365146bc0a30bbb276bc20d3835ec2fcf1e4575fa4140bfeafec614f
sim/arch_test/suite/riscv-test-stats/data-propagation/rv64i_m/privilege/misalign-sd-01.md	第三方架构测试源码/参考/框架	8127	380d726d2eade70651ced568aaf6fd18d6087f05a42bc28a428488d9f82cc807
sim/arch_test/suite/riscv-test-stats/data-propagation/rv64i_m/privilege/misalign-sh-01.md	第三方架构测试源码/参考/框架	3159	8f21dcb37220a11ea9dd41728bd63fd55276e54e260a906cccae71a2dbb6a4e4
sim/arch_test/suite/riscv-test-stats/data-propagation/rv64i_m/privilege/misalign-sw-01.md	第三方架构测试源码/参考/框架	4794	437917c0f186f3ff7e8bd413834ba66b1dc60dafaf3888005af55fee94e831ab
sim/arch_test/suite/riscv-test-stats/data-propagation/rv64i_m/privilege/misalign1-jalr-01.md	第三方架构测试源码/参考/框架	3068	19fe055a4f591bfbb1703d570e45bfcb9f00ab24cd6c0399dc9c7e4493be7f57
sim/arch_test/suite/riscv-test-stats/data-propagation/rv64i_m/privilege/misalign2-jalr-01.md	第三方架构测试源码/参考/框架	3068	4e57432a4e3fada41e5f729ad95c8d2de4fd5f2deabcab207db937f4cafac20d
sim/arch_test/suite/riscv-test-suite/Makefile.include	第三方架构测试源码/参考/框架	1413	7f37165361de259dbed278cb1c292cedacfa2c3dcc9b8b49a212d3efd39cee76
sim/arch_test/suite/riscv-test-suite/README.md	第三方架构测试源码/参考/框架	4715	79d89111d69745d18f94a83f9962992b4d9c3bbb0daecff1f5f7f6a03d2d50bc
sim/arch_test/suite/riscv-test-suite/env/arch_test.h	第三方架构测试源码/参考/框架	61207	413aa43b55164fc3539f9c852688e2c82c78daa0d1f4b47c972fcdf3cc9ddefb
sim/arch_test/suite/riscv-test-suite/env/encoding.h	第三方架构测试源码/参考/框架	53135	2cb899fd995382af39b60924409a93895fc26ecad93a4d482516a93a25b40713
sim/arch_test/suite/riscv-test-suite/rv32e_unratified/C/Makefile	第三方架构测试源码/参考/框架	118	7e0e551b4aecdff2f7e96451a992d7ba93eb2b2031f8ea1e6df6f1e6a706d870
sim/arch_test/suite/riscv-test-suite/rv32e_unratified/C/Makefrag	第三方架构测试源码/参考/框架	2076	a1e3a5cd808d31d034fd2d56cc5ca72ee500758e0e2e5090bf9230cb1a2d9a27
sim/arch_test/suite/riscv-test-suite/rv32e_unratified/C/references/cadd-01.reference_output	第三方架构测试源码/参考/框架	5220	c0f124d9725dcbeb3e4ff7f8de610ac5c4a929c35146c54d899a44d1125f778f
sim/arch_test/suite/riscv-test-suite/rv32e_unratified/C/references/caddi-01.reference_output	第三方架构测试源码/参考/框架	3375	9dd0fa45f3958ec278a1b9c60a6db85de3d88da7992b91bc9a5d2e39a1e3c215
sim/arch_test/suite/riscv-test-suite/rv32e_unratified/C/references/caddi16sp-01.reference_output	第三方架构测试源码/参考/框架	648	2894a530853b3a86315cc934ddfe46d3a0db52aead3dc098538af5f356d9bbb6
sim/arch_test/suite/riscv-test-suite/rv32e_unratified/C/references/caddi4spn-01.reference_output	第三方架构测试源码/参考/框架	171	7e54a960bcf3dcc3d6a4b2ce3ec4872b0fbf2d2a914b4811fcaf9191c6ecf489
sim/arch_test/suite/riscv-test-suite/rv32e_unratified/C/references/cand-01.reference_output	第三方架构测试源码/参考/框架	5274	026795423c84c1bc5a13b9c6e05443e975c79c9bc62c4ac5abb4faaf5d5b618c
sim/arch_test/suite/riscv-test-suite/rv32e_unratified/C/references/candi-01.reference_output	第三方架构测试源码/参考/框架	3366	f6f91dad8e8854383496049871b7458af055b623555aa572009ca3ec1aacc5d8
sim/arch_test/suite/riscv-test-suite/rv32e_unratified/C/references/cbeqz-01.reference_output	第三方架构测试源码/参考/框架	756	fb86d2559d14ebc6d7e66106f22d6deafb7fa5ee95908dad822687b92fc19631
sim/arch_test/suite/riscv-test-suite/rv32e_unratified/C/references/cbnez-01.reference_output	第三方架构测试源码/参考/框架	756	86b56503f5c9f46bf83ea69c055daec95bd4a39c536c86f960897a13265c41cb
sim/arch_test/suite/riscv-test-suite/rv32e_unratified/C/references/cj-01.reference_output	第三方架构测试源码/参考/框架	153	6951b3dcf64ef8692160a6caa89bc918bffada89341bafac1259a852ce3742d2
sim/arch_test/suite/riscv-test-suite/rv32e_unratified/C/references/cjal-01.reference_output	第三方架构测试源码/参考/框架	162	e5ca7e430e5bd72eb7abec97c480495c8d283cca75c3f79421b21cb012725076
sim/arch_test/suite/riscv-test-suite/rv32e_unratified/C/references/cjalr-01.reference_output	第三方架构测试源码/参考/框架	135	bd38ea91cfe031d3e6dbde24d9a2468e288cfa6fa4537984a2e4d5cb67ad9382
sim/arch_test/suite/riscv-test-suite/rv32e_unratified/C/references/cjr-01.reference_output	第三方架构测试源码/参考/框架	135	b6c646c8e0fb93d5753bd0ef8cfa6aba6995fa0230e2bc8a2f411b52669a8423
sim/arch_test/suite/riscv-test-suite/rv32e_unratified/C/references/cli-01.reference_output	第三方架构测试源码/参考/框架	153	1ff01a9097f4dbccf4198dbe9280ccb3a3f508982fe030353869c94ea412e741
sim/arch_test/suite/riscv-test-suite/rv32e_unratified/C/references/clui-01.reference_output	第三方架构测试源码/参考/框架	135	690f4d4fd3e82be5f66304dead466a973294ba925f01ded3f603e2544a5fb787
sim/arch_test/suite/riscv-test-suite/rv32e_unratified/C/references/clw-01.reference_output	第三方架构测试源码/参考/框架	117	2568a74333101949d3ca40351d5b2205853fdbde54689298ee308de6a641a022
sim/arch_test/suite/riscv-test-suite/rv32e_unratified/C/references/clwsp-01.reference_output	第三方架构测试源码/参考/框架	135	444da4218d9092d91675deac55dfa37b4f0c4c1cf6477eb2ae0799df909df06d
sim/arch_test/suite/riscv-test-suite/rv32e_unratified/C/references/cmv-01.reference_output	第三方架构测试源码/参考/框架	765	8d258b91b3a12c063167de250f1c4296c8f3d3d8a3ed2c7cb983ce1d6158e7d1
sim/arch_test/suite/riscv-test-suite/rv32e_unratified/C/references/cnop-01.reference_output	第三方架构测试源码/参考/框架	126	e4bc6d8440f9ca56f4df910cffdef38a90afdbf587d2e8080707305578c3996d
sim/arch_test/suite/riscv-test-suite/rv32e_unratified/C/references/cor-01.reference_output	第三方架构测试源码/参考/框架	5238	2c1017505d1bdcc9925b181125fd47bf64898ab3018f96af7c8c5133d47945bb
sim/arch_test/suite/riscv-test-suite/rv32e_unratified/C/references/cslli-01.reference_output	第三方架构测试源码/参考/框架	774	0dab40bbe4255c13b3e9d146c7bd116ba25330e2fd308e32ed561af3e6dc7118
sim/arch_test/suite/riscv-test-suite/rv32e_unratified/C/references/csrai-01.reference_output	第三方架构测试源码/参考/框架	765	8116c86dc6b60d41996320db25135a761ae19525d281eed80376c2fa1bf0b67b
sim/arch_test/suite/riscv-test-suite/rv32e_unratified/C/references/csrli-01.reference_output	第三方架构测试源码/参考/框架	783	03407b563925f01177f52f8d3736ac2d79d6f07f657caf21a11be3944daa58f4
sim/arch_test/suite/riscv-test-suite/rv32e_unratified/C/references/csub-01.reference_output	第三方架构测试源码/参考/框架	5229	27548aebb73e594220f04abfa6f83d87b88637223f84a71a5717903cc1d14f7d
sim/arch_test/suite/riscv-test-suite/rv32e_unratified/C/references/csw-01.reference_output	第三方架构测试源码/参考/框架	612	de4e202aa0e3dee344ab14ff34d2372b42e02840f3cb70624bb25c43ee700676
sim/arch_test/suite/riscv-test-suite/rv32e_unratified/C/references/cswsp-01.reference_output	第三方架构测试源码/参考/框架	639	de4054b18077574e6817d3bd5cb0687517f6431a85ef52461298d9e913bd9023
sim/arch_test/suite/riscv-test-suite/rv32e_unratified/C/references/cxor-01.reference_output	第三方架构测试源码/参考/框架	5220	41451dfd2c1a08b2d75455f9f7d5a0e1622275d49dcff839bc51c52d98602bbb
sim/arch_test/suite/riscv-test-suite/rv32e_unratified/C/src/cadd-01.S	第三方架构测试源码/参考/框架	112452	e908be0cdc09a123b897ac969f09cb6f6e0448beda398ecaa491d7ea629b8019
sim/arch_test/suite/riscv-test-suite/rv32e_unratified/C/src/caddi-01.S	第三方架构测试源码/参考/框架	66406	24a90b5c5df8cc9b185827af1fcc6c4362f7519b54b46cf37ae049c65fda16d6
sim/arch_test/suite/riscv-test-suite/rv32e_unratified/C/src/caddi16sp-01.S	第三方架构测试源码/参考/框架	13772	b7c6669948f6574ab20d85ee4a4c681cd516e6b573267df741754db730a5dd11
sim/arch_test/suite/riscv-test-suite/rv32e_unratified/C/src/caddi4spn-01.S	第三方架构测试源码/参考/框架	4134	9e582f1f229855edd313241867bb428b506bed50e363dd22a81e25c882436653
sim/arch_test/suite/riscv-test-suite/rv32e_unratified/C/src/cand-01.S	第三方架构测试源码/参考/框架	111309	11c7734da7bc67a70620074aafaaea7f0b85e1a9cb8823e726dfb97e81706969
sim/arch_test/suite/riscv-test-suite/rv32e_unratified/C/src/candi-01.S	第三方架构测试源码/参考/框架	55729	e2edded1a075b01e7857c4a1bdd1de335921927d07728c7b520bdc5de8bdac5c
sim/arch_test/suite/riscv-test-suite/rv32e_unratified/C/src/cbeqz-01.S	第三方架构测试源码/参考/框架	14228	ed3f7db07362f3e6640966f2ded1bff5c6c178e4a0c1b6f1bce93acb0d58cc06
sim/arch_test/suite/riscv-test-suite/rv32e_unratified/C/src/cbnez-01.S	第三方架构测试源码/参考/框架	14308	cef739f3df8ecf95bf5e03478fb1e3bca490948d8d80e18c7b09d9a7cede94e3
sim/arch_test/suite/riscv-test-suite/rv32e_unratified/C/src/cj-01.S	第三方架构测试源码/参考/框架	3117	cdd552aea51646f0514db5299705dbe9b808ca0a8b0004a7310de90383021e9a
sim/arch_test/suite/riscv-test-suite/rv32e_unratified/C/src/cjal-01.S	第三方架构测试源码/参考/框架	3318	b7dbfb3676195145c388f3c6597d6572be962e98795e670899b52f7884cb5b20
sim/arch_test/suite/riscv-test-suite/rv32e_unratified/C/src/cjalr-01.S	第三方架构测试源码/参考/框架	2769	a456e1c89836f2c50f42bc49e0713e0c61f6771809f6c14e6da752400a2b5494
sim/arch_test/suite/riscv-test-suite/rv32e_unratified/C/src/cjr-01.S	第三方架构测试源码/参考/框架	2691	d9917f106340729ecb831063467be00c2e8e1fbbf1690ca2b16607634d47b413
sim/arch_test/suite/riscv-test-suite/rv32e_unratified/C/src/cli-01.S	第三方架构测试源码/参考/框架	3654	def34c230ea88940d53678cb29047b5a7821dc3c3d540bf8fb63752a07e1580f
sim/arch_test/suite/riscv-test-suite/rv32e_unratified/C/src/clui-01.S	第三方架构测试源码/参考/框架	4090	1793c4f2136bae58b18f9e1cc507a00aed076847a8205d75074e4a544b9a730b
sim/arch_test/suite/riscv-test-suite/rv32e_unratified/C/src/clw-01.S	第三方架构测试源码/参考/框架	3175	3713a77ebb3667a9c96cbfe74ea108a27f439c459d5178b6edb1ad5b5fea6550
sim/arch_test/suite/riscv-test-suite/rv32e_unratified/C/src/clwsp-01.S	第三方架构测试源码/参考/框架	3487	008f017f79f1bc65847f17deb7ec99e20e760ec0862d786cfd9c853590c70ea1
sim/arch_test/suite/riscv-test-suite/rv32e_unratified/C/src/cmv-01.S	第三方架构测试源码/参考/框架	14181	027636bb7a4c0bc60f26f6b43441613fcd24349175f50e36c15c6e0bc757d871
sim/arch_test/suite/riscv-test-suite/rv32e_unratified/C/src/cnop-01.S	第三方架构测试源码/参考/框架	2808	367417eb5d3d1a0ac9ddda70ad861954987fd8157afd4c3b8f765fdd5bcb94be
sim/arch_test/suite/riscv-test-suite/rv32e_unratified/C/src/cor-01.S	第三方架构测试源码/参考/框架	111340	7c682709006ee5d26997596196fa341d22eab20fb828b2eb22956b3531d33068
sim/arch_test/suite/riscv-test-suite/rv32e_unratified/C/src/cslli-01.S	第三方架构测试源码/参考/框架	15737	eb6ef448e333d19adbf90b21d2b4ab11ea9cba697c522d708cf2785f93ccf5fc
sim/arch_test/suite/riscv-test-suite/rv32e_unratified/C/src/csrai-01.S	第三方架构测试源码/参考/框架	15453	1486c9d4233c23486fe58f508000f382f848952191b0244b94b4becc47a379bf
sim/arch_test/suite/riscv-test-suite/rv32e_unratified/C/src/csrli-01.S	第三方架构测试源码/参考/框架	15601	11ddf0937da4faa073e0c21fdd77cd2395a3216760bac55e496c88b13cde6153
sim/arch_test/suite/riscv-test-suite/rv32e_unratified/C/src/csub-01.S	第三方架构测试源码/参考/框架	112312	4f02c168dfd8b67b8a9d9f0e84a9e76887e5751e1fbdaad686dbe639bcd107ae
sim/arch_test/suite/riscv-test-suite/rv32e_unratified/C/src/csw-01.S	第三方架构测试源码/参考/框架	11792	b997c4100ffcc260025e7d604aeb271a0849c0d86acf4ebf06e4e86c83c22bdf
sim/arch_test/suite/riscv-test-suite/rv32e_unratified/C/src/cswsp-01.S	第三方架构测试源码/参考/框架	12446	c00687a9c8456e3adf3bd67eb31f6089f2860d0ee56556042a3c6ad4ef97387a
sim/arch_test/suite/riscv-test-suite/rv32e_unratified/C/src/cxor-01.S	第三方架构测试源码/参考/框架	112127	ce62f07d2ceca9428a82a5c8a6c96053394a5ff48bbf97e428d74fe03fb52b11
sim/arch_test/suite/riscv-test-suite/rv32e_unratified/E/Makefile	第三方架构测试源码/参考/框架	117	9d20f453ba5a3f81874f97d72ff322d8bdac5d04ddb61d2656d8d766e2e5329a
sim/arch_test/suite/riscv-test-suite/rv32e_unratified/E/Makefrag	第三方架构测试源码/参考/框架	2216	10f6a5efdc933c6a974e261f2680fc6bb98644d4861cdcad6aa7e98795f2af83
sim/arch_test/suite/riscv-test-suite/rv32e_unratified/E/references/add-01.reference_output	第三方架构测试源码/参考/框架	5247	55cbbd78d8c1f277945f3a6a1101952fb38f75de7548be0d8a319acc8d7e06e8
sim/arch_test/suite/riscv-test-suite/rv32e_unratified/E/references/addi-01.reference_output	第三方架构测试源码/参考/框架	5049	b95c7c3432596d1bec6f63c389c719eaae611090aa40635f5185797da40e5ac3
sim/arch_test/suite/riscv-test-suite/rv32e_unratified/E/references/and-01.reference_output	第三方架构测试源码/参考/框架	5292	78f361c2038586ae0727d670f19ecb48b9bf6da0be7ab3a6bbf9cdcf000e9f2a
sim/arch_test/suite/riscv-test-suite/rv32e_unratified/E/references/andi-01.reference_output	第三方架构测试源码/参考/框架	4986	2a0a02d2aa8d2676b5f26acd08bf517a7176951609fb1967394e0257ccf60cc1
sim/arch_test/suite/riscv-test-suite/rv32e_unratified/E/references/auipc-01.reference_output	第三方架构测试源码/参考/框架	567	ad37f502f4282d9190ac0d03b6c45e96e1b29ef0d5d2e21b1e0edaa721bd1333
sim/arch_test/suite/riscv-test-suite/rv32e_unratified/E/references/beq-01.reference_output	第三方架构测试源码/参考/框架	5310	00182a319b750b6123a9ddacc2f65b24c8cfb7bee8fa7b932c32151667798355
sim/arch_test/suite/riscv-test-suite/rv32e_unratified/E/references/bge-01.reference_output	第三方架构测试源码/参考/框架	5274	963e972067b1ddbccea7c9145e6d76a90507fbcfbd779df0a08719643bf2f47d
sim/arch_test/suite/riscv-test-suite/rv32e_unratified/E/references/bgeu-01.reference_output	第三方架构测试源码/参考/框架	6552	d6ea0cd93422435d00219ed150adff567bba95a4ea31d44a8f621faa0b7f69e1
sim/arch_test/suite/riscv-test-suite/rv32e_unratified/E/references/blt-01.reference_output	第三方架构测试源码/参考/框架	5274	c98870dd8e3d51810faf90e43efe9adf30283db580bfcd8456d326d3248aa46b
sim/arch_test/suite/riscv-test-suite/rv32e_unratified/E/references/bltu-01.reference_output	第三方架构测试源码/参考/框架	6543	29270ab2068c69f077d53eebd322893ce3cc011765a689e28aee9940a8a4ebd9
sim/arch_test/suite/riscv-test-suite/rv32e_unratified/E/references/bne-01.reference_output	第三方架构测试源码/参考/框架	5265	48a40951e456fca7a33d4cd513cb0c1e8b3867fc2bfc49cc77a69aa7ce687d26
sim/arch_test/suite/riscv-test-suite/rv32e_unratified/E/references/jal-01.reference_output	第三方架构测试源码/参考/框架	144	b611efa645f4389f6c15a86d0efa0222c5ef85cc91dce700f95d19455fb4b0eb
sim/arch_test/suite/riscv-test-suite/rv32e_unratified/E/references/jalr-01.reference_output	第三方架构测试源码/参考/框架	243	821610bec0f20a00d9b1133ed6321fbbaeddf140dfbe2fe3b513362fc1da2534
sim/arch_test/suite/riscv-test-suite/rv32e_unratified/E/references/lb-align-01.reference_output	第三方架构测试源码/参考/框架	162	ad61f4f3127b631fbd33c223533327a5b80d563166c18cce4bb1cc08b1028e26
sim/arch_test/suite/riscv-test-suite/rv32e_unratified/E/references/lbu-align-01.reference_output	第三方架构测试源码/参考/框架	153	54301716f8fb09dd93fd4959f75f36211c43f4eb1519f2a0ca5416412028f552
sim/arch_test/suite/riscv-test-suite/rv32e_unratified/E/references/lh-align-01.reference_output	第三方架构测试源码/参考/框架	144	eb66287d10c007c6d52fefc1a40d8543425691175437f27d5b3ad9c392dfb246
sim/arch_test/suite/riscv-test-suite/rv32e_unratified/E/references/lhu-align-01.reference_output	第三方架构测试源码/参考/框架	144	6f0f0bc4ccb0f4c0d5b22f82215dc5f48bd9fc7b68e1610170d7dcb55fb66420
sim/arch_test/suite/riscv-test-suite/rv32e_unratified/E/references/lui-01.reference_output	第三方架构测试源码/参考/框架	567	c8d297b8cd3acf583d4534c59d301dd9d64b6cdb717bb0b21296321f71dab501
sim/arch_test/suite/riscv-test-suite/rv32e_unratified/E/references/lw-align-01.reference_output	第三方架构测试源码/参考/框架	144	5c3db1c8ee237755e09b6e52ac7faef5cf2da2ede327d717c3aeb91eaf506146
sim/arch_test/suite/riscv-test-suite/rv32e_unratified/E/references/or-01.reference_output	第三方架构测试源码/参考/框架	5301	72159bca1c0c5a43b8ba4447f9e1a38a2f1086f56ecf836b5fd9507aece15af8
sim/arch_test/suite/riscv-test-suite/rv32e_unratified/E/references/ori-01.reference_output	第三方架构测试源码/参考/框架	5013	10b20c1abddbef7200d10dc7f955cb8ed8e7ab2c9bcbbfa461fb3f6e4ff8313c
sim/arch_test/suite/riscv-test-suite/rv32e_unratified/E/references/sb-align-01.reference_output	第三方架构测试源码/参考/框架	702	22c3eff91b419b4d697fa8ea6eb402829b9822463aaa5b29d682830751a91afd
sim/arch_test/suite/riscv-test-suite/rv32e_unratified/E/references/sh-align-01.reference_output	第三方架构测试源码/参考/框架	639	30a0e9bbc9380401aec95f79f8e60be150ee8a5b70b94cd8d2d19c4c7fef4b8d
sim/arch_test/suite/riscv-test-suite/rv32e_unratified/E/references/sll-01.reference_output	第三方架构测试源码/参考/框架	792	17a5d8ad30bfc518707c4bf0ccbd0caf72af64e93a4d3e43b2fd60d843b44db3
sim/arch_test/suite/riscv-test-suite/rv32e_unratified/E/references/slli-01.reference_output	第三方架构测试源码/参考/框架	801	9ca72628fb8a09e432c566de15b4cc3d125a815cadc83da7c22636f77c71be26
sim/arch_test/suite/riscv-test-suite/rv32e_unratified/E/references/slt-01.reference_output	第三方架构测试源码/参考/框架	5229	6bdc428c429ea139c0190d0bfcd68e551ef703eb214aaaa9cd1c1314d71f4901
sim/arch_test/suite/riscv-test-suite/rv32e_unratified/E/references/slti-01.reference_output	第三方架构测试源码/参考/框架	5049	f5bc1a7f302d15e0316f805c813f7bc6cbb1d028aaf938cbb1721605e0b6e2a8
sim/arch_test/suite/riscv-test-suite/rv32e_unratified/E/references/sltiu-01.reference_output	第三方架构测试源码/参考/框架	6273	a04ae36c9aad4fe7a291da0e05b633ed04c237bd060a1f129a13cd1db8d32d61
sim/arch_test/suite/riscv-test-suite/rv32e_unratified/E/references/sltu-01.reference_output	第三方架构测试源码/参考/框架	6498	84d4e62589ae345f8c850c4199851c6f5545c455435e7fd51b983a085be52e31
sim/arch_test/suite/riscv-test-suite/rv32e_unratified/E/references/sra-01.reference_output	第三方架构测试源码/参考/框架	810	0904ff3b2a44d15419393ae6891d98f75e4b07b9606431faa8694265a00c6a7d
sim/arch_test/suite/riscv-test-suite/rv32e_unratified/E/references/srai-01.reference_output	第三方架构测试源码/参考/框架	783	1dfa859bd64bf0abc629d0d2a1b1e63228c62ee4945f10ea91350ba8eae9d507
sim/arch_test/suite/riscv-test-suite/rv32e_unratified/E/references/srl-01.reference_output	第三方架构测试源码/参考/框架	801	79fc362f0f2becbd51d119c1d92608a0c0d162f3e9a6a27e326f3e47e450dce4
sim/arch_test/suite/riscv-test-suite/rv32e_unratified/E/references/srli-01.reference_output	第三方架构测试源码/参考/框架	792	b0cd42cc32968bdc5c294a91b41e3e0f3447e9746a8d84f7c2fc6cc26ccf3fdf
sim/arch_test/suite/riscv-test-suite/rv32e_unratified/E/references/sub-01.reference_output	第三方架构测试源码/参考/框架	5256	b6cb6a1127fd5b0ce1559eb79b5a6fe74314ff74978362f0c63f35b8ee267129
sim/arch_test/suite/riscv-test-suite/rv32e_unratified/E/references/sw-align-01.reference_output	第三方架构测试源码/参考/框架	612	1db176a9d22b8e5160215ad1ead7c47826152373d6b2ecb1127124a32bf5d873
sim/arch_test/suite/riscv-test-suite/rv32e_unratified/E/references/xor-01.reference_output	第三方架构测试源码/参考/框架	5247	1c29e348cfa9903bc4f42803965ecac208369743f65b0cec603bd16b4bb8930a
sim/arch_test/suite/riscv-test-suite/rv32e_unratified/E/references/xori-01.reference_output	第三方架构测试源码/参考/框架	5031	db9a0998261c77c45cb017e0de5316a48d0fe9493415235f27c227c3bf1d3f14
sim/arch_test/suite/riscv-test-suite/rv32e_unratified/E/src/add-01.S	第三方架构测试源码/参考/框架	120231	673d6a0361362552f3218c3d0b6fe33635f4fb57b51d402fc46a42f5942a9d91
sim/arch_test/suite/riscv-test-suite/rv32e_unratified/E/src/addi-01.S	第三方架构测试源码/参考/框架	104489	b6f77dbab5872651f7dcfe71fc22e67b4686a5901ceaa096fe8740f0a703a47f
sim/arch_test/suite/riscv-test-suite/rv32e_unratified/E/src/and-01.S	第三方架构测试源码/参考/框架	119390	91395f9f067bc16d4f362176bb0efb09776d7917625947c4c3b375fc47df2933
sim/arch_test/suite/riscv-test-suite/rv32e_unratified/E/src/andi-01.S	第三方架构测试源码/参考/框架	101374	136c0889881ab0961011fdb39fcdd98bd087eb2a6d501cd3dcf9a9fb3a5122f0
sim/arch_test/suite/riscv-test-suite/rv32e_unratified/E/src/auipc-01.S	第三方架构测试源码/参考/框架	9822	724bab22dd67fe99c28ab3b6fdacac913e92daab1925319c79bb92b868722e69
sim/arch_test/suite/riscv-test-suite/rv32e_unratified/E/src/beq-01.S	第三方架构测试源码/参考/框架	127166	419cf2f1cadc995d75a0ab8cffe06f957841419f9295eebe2c77cd937829b573
sim/arch_test/suite/riscv-test-suite/rv32e_unratified/E/src/bge-01.S	第三方架构测试源码/参考/框架	126552	1b0f7c801572240a715f647bb6dd2daee1d9f04a27b0bdce77d2eee276f188d1
sim/arch_test/suite/riscv-test-suite/rv32e_unratified/E/src/bgeu-01.S	第三方架构测试源码/参考/框架	157592	981f601f20403a6d6bd5d870e4c904f52663e4728f7f3c2a569fb59763af20f6
sim/arch_test/suite/riscv-test-suite/rv32e_unratified/E/src/blt-01.S	第三方架构测试源码/参考/框架	126283	986a7cd7043d9363944ff67156d8324930e582c4e07663bca65c36fbd3eee315
sim/arch_test/suite/riscv-test-suite/rv32e_unratified/E/src/bltu-01.S	第三方架构测试源码/参考/框架	157341	16929c822cb409abcf6ee7fddbc984e892a09da8ecea845079186a2ebf949ddd
sim/arch_test/suite/riscv-test-suite/rv32e_unratified/E/src/bne-01.S	第三方架构测试源码/参考/框架	126374	b1f9a899f0ecede6dd2d3484dfb4bfcd40d03d01d6166d392782b5cd82dab57d
sim/arch_test/suite/riscv-test-suite/rv32e_unratified/E/src/jal-01.S	第三方架构测试源码/参考/框架	3439	9f6e85d197120c0fb790ddd4e77a8ac80c2d1d4506666198be9eac2b548f2597
sim/arch_test/suite/riscv-test-suite/rv32e_unratified/E/src/jalr-01.S	第三方架构测试源码/参考/框架	5467	8f23cfe0fe17a5caf39cea651a917f018b00f3d4558e31fdc02201aaacbd2358
sim/arch_test/suite/riscv-test-suite/rv32e_unratified/E/src/lb-align-01.S	第三方架构测试源码/参考/框架	4409	03ee0b3bc53c7985395707e002f95fec90003eca1e7d2eab65e0d724fb78d71b
sim/arch_test/suite/riscv-test-suite/rv32e_unratified/E/src/lbu-align-01.S	第三方架构测试源码/参考/框架	4388	ce1bd1290600598aff582d3b4d7275623979d0b1f8d77381b1610cbfdd13b4ce
sim/arch_test/suite/riscv-test-suite/rv32e_unratified/E/src/lh-align-01.S	第三方架构测试源码/参考/框架	3888	4782bdb6bbdeb96a54a58ad295030ec4f61c01b84103af10c7b15ae4025d4b6a
sim/arch_test/suite/riscv-test-suite/rv32e_unratified/E/src/lhu-align-01.S	第三方架构测试源码/参考/框架	4001	798416d249b5f847baa0d5eef64dabfcb67e9a3975233f311aca265d32a880c1
sim/arch_test/suite/riscv-test-suite/rv32e_unratified/E/src/lui-01.S	第三方架构测试源码/参考/框架	9681	e969cca58442d3c78efa2e9e3cb10617636f71c8403d7e70a8581bdc028ece63
sim/arch_test/suite/riscv-test-suite/rv32e_unratified/E/src/lw-align-01.S	第三方架构测试源码/参考/框架	3838	4629fd6b1032ee0669b34bb9e065f2d8754f7cdf772e884f95ebd23f4b270df4
sim/arch_test/suite/riscv-test-suite/rv32e_unratified/E/src/or-01.S	第三方架构测试源码/参考/框架	120291	b8988aaed3d7c8d5f978aef5d82a4ed3fee5bed1489eca9f1aeacdeb2b598df3
sim/arch_test/suite/riscv-test-suite/rv32e_unratified/E/src/ori-01.S	第三方架构测试源码/参考/框架	102889	09e81ae297e2235475cc21a61b884925a6aa7388a5e2a64a870234d010ff73d1
sim/arch_test/suite/riscv-test-suite/rv32e_unratified/E/src/sb-align-01.S	第三方架构测试源码/参考/框架	14204	bb2b915a8329eccb2df2fa324c7ce6280630a5abad4a8ddb4ef69cc5cc2f5b04
sim/arch_test/suite/riscv-test-suite/rv32e_unratified/E/src/sh-align-01.S	第三方架构测试源码/参考/框架	13087	aeba29e1740348c3e513598dd6f78db5a7f3d0548dc065557f0d905d6dabc7ab
sim/arch_test/suite/riscv-test-suite/rv32e_unratified/E/src/sll-01.S	第三方架构测试源码/参考/框架	18151	0a599ca964f3dad3894e0e5790c31056064d2454a917f798e75c60a441899f4c
sim/arch_test/suite/riscv-test-suite/rv32e_unratified/E/src/slli-01.S	第三方架构测试源码/参考/框架	17167	4ca5f602a0e277548df9b1e43c02fec4e3b37cf86cbc0b4dfd2b58d9e0c3d357
sim/arch_test/suite/riscv-test-suite/rv32e_unratified/E/src/slt-01.S	第三方架构测试源码/参考/框架	116705	0ccb1091f71ba95dadbd62a32ba6bb3807a524bd63a281fae5b4debb1e1d9a4f
sim/arch_test/suite/riscv-test-suite/rv32e_unratified/E/src/slti-01.S	第三方架构测试源码/参考/框架	101561	c87dc59d8d61a28442ec68e24bc569a77503194c0c526bc8fbf706909d40b260
sim/arch_test/suite/riscv-test-suite/rv32e_unratified/E/src/sltiu-01.S	第三方架构测试源码/参考/框架	126733	172e4528b648602c89682d05c4a8b438a11a720c77251a639ae4573f50fe6717
sim/arch_test/suite/riscv-test-suite/rv32e_unratified/E/src/sltu-01.S	第三方架构测试源码/参考/框架	145452	8cf4d8e498479dcf3833efe19174a74a289d7130daba779fc5c1bbc73344d3bc
sim/arch_test/suite/riscv-test-suite/rv32e_unratified/E/src/sra-01.S	第三方架构测试源码/参考/框架	18163	f2bdc49fe450d3075d89680ba7d1dc3412cc44399774dd7fbbb71f0e052778c2
sim/arch_test/suite/riscv-test-suite/rv32e_unratified/E/src/srai-01.S	第三方架构测试源码/参考/框架	16687	cab0a612f6d53c0c6fd2389f224a62a3959b91ee8925f5d0e806532ef8530cd0
sim/arch_test/suite/riscv-test-suite/rv32e_unratified/E/src/srl-01.S	第三方架构测试源码/参考/框架	18070	f34ea2a481b79723c024383777ea05f51d170e911b81b143047de171c5d9b95a
sim/arch_test/suite/riscv-test-suite/rv32e_unratified/E/src/srli-01.S	第三方架构测试源码/参考/框架	16845	697a96a9b052e70edb1da14aa418eab9ab78c87b2d19fcb2853775b6181af624
sim/arch_test/suite/riscv-test-suite/rv32e_unratified/E/src/sub-01.S	第三方架构测试源码/参考/框架	120666	1e81de30812cf749edc493d57fb00507c514fdd8cfbddb0113d2dbce69900b63
sim/arch_test/suite/riscv-test-suite/rv32e_unratified/E/src/sw-align-01.S	第三方架构测试源码/参考/框架	12457	3408f2070a3656f35935ac658ddf9ad5aa7610b25e8380798f41e7805f7601e5
sim/arch_test/suite/riscv-test-suite/rv32e_unratified/E/src/xor-01.S	第三方架构测试源码/参考/框架	120038	78e348dab6c6ecae6db648ca17b98f02c1edf30053c61fdcd6e46845d40cbd98
sim/arch_test/suite/riscv-test-suite/rv32e_unratified/E/src/xori-01.S	第三方架构测试源码/参考/框架	104224	1d718ba5f66b9645c84ac4d60ea79d3e211b42b820fecb5816a2280348fe3ef8
sim/arch_test/suite/riscv-test-suite/rv32e_unratified/M/Makefile	第三方架构测试源码/参考/框架	118	c39051ffc3a41dd8be0048dd1feac200f7fe099f120fa3cef14dd0a717beacfc
sim/arch_test/suite/riscv-test-suite/rv32e_unratified/M/Makefrag	第三方架构测试源码/参考/框架	1931	3025f5700207a83d70e73d97c5734a91a24b5aa3f46d37e5899824125e8bac0a
sim/arch_test/suite/riscv-test-suite/rv32e_unratified/M/references/div-01.reference_output	第三方架构测试源码/参考/框架	5229	a0832aab71b92ce09a00156e1b315fb24f35ae163faa3d9e8d9c4fd66086ed96
sim/arch_test/suite/riscv-test-suite/rv32e_unratified/M/references/divu-01.reference_output	第三方架构测试源码/参考/框架	6561	ff3f4911bdc035b7daeb3a294d9c612f43e31e7ff92adb80334e9d2c306e3d57
sim/arch_test/suite/riscv-test-suite/rv32e_unratified/M/references/mul-01.reference_output	第三方架构测试源码/参考/框架	5265	6dd38a2e3814054c32b03393fd3f0380a38a4245d17d523f1764b7692c6f1449
sim/arch_test/suite/riscv-test-suite/rv32e_unratified/M/references/mulh-01.reference_output	第三方架构测试源码/参考/框架	5319	67f181e53d34c7e3518c088bf7e9f5abe70f85a0f826dc1e650f3c3b58b2b8c4
sim/arch_test/suite/riscv-test-suite/rv32e_unratified/M/references/mulhsu-01.reference_output	第三方架构测试源码/参考/框架	5886	008b752441e45378d7c28bc0a51e9cd980e8476737f1cbe95df23bf37e844216
sim/arch_test/suite/riscv-test-suite/rv32e_unratified/M/references/mulhu-01.reference_output	第三方架构测试源码/参考/框架	6516	4d11dbe677f9f6ac0b1b5b813893801e33017eada2e8816b414263da794a9052
sim/arch_test/suite/riscv-test-suite/rv32e_unratified/M/references/rem-01.reference_output	第三方架构测试源码/参考/框架	5274	011db244069ebf491480db2991f624ae6f374c81642254b7f728128098395cca
sim/arch_test/suite/riscv-test-suite/rv32e_unratified/M/references/remu-01.reference_output	第三方架构测试源码/参考/框架	6525	2ae3e5f82e4a9309ce07b0c4d8f29d3fcbae2305e7299beccc4f65c917d05bc3
sim/arch_test/suite/riscv-test-suite/rv32e_unratified/M/src/div-01.S	第三方架构测试源码/参考/框架	117521	14464bab8cd32d4f35013c4262b420e0b77d810a64c6786813ad47f820c32879
sim/arch_test/suite/riscv-test-suite/rv32e_unratified/M/src/divu-01.S	第三方架构测试源码/参考/框架	147849	1c0d17d2ee25ca46a654294228acbce0bcb553ceaf61b2fdcc9f66d26f20400e
sim/arch_test/suite/riscv-test-suite/rv32e_unratified/M/src/mul-01.S	第三方架构测试源码/参考/框架	120266	db92af06d0da302f215c5c0f93207e99cfbc43a4ff41675213129d4d497f332b
sim/arch_test/suite/riscv-test-suite/rv32e_unratified/M/src/mulh-01.S	第三方架构测试源码/参考/框架	121614	a1fd65b09120e3f5884d6ce88e3c4c3815839fbe01a31ba7ae5460cfdfb0e559
sim/arch_test/suite/riscv-test-suite/rv32e_unratified/M/src/mulhsu-01.S	第三方架构测试源码/参考/框架	136652	cbadff1c3fc29fc5d60753edc7928217018c500163ae891f80ba6ff75a1b508a
sim/arch_test/suite/riscv-test-suite/rv32e_unratified/M/src/mulhu-01.S	第三方架构测试源码/参考/框架	149040	310b6e1d8983418d962e5f732047f384fdea3aa5dd51fec8ef43ec6245c8e167
sim/arch_test/suite/riscv-test-suite/rv32e_unratified/M/src/rem-01.S	第三方架构测试源码/参考/框架	118786	78250f09f6c4d508ead1e461b29232e76f71ce2fa60d6a24d0d73616345e901d
sim/arch_test/suite/riscv-test-suite/rv32e_unratified/M/src/remu-01.S	第三方架构测试源码/参考/框架	147849	120d766c1ac694fca7380c81b8b41f4840e32117213a760af18f8567415ee528
sim/arch_test/suite/riscv-test-suite/rv32i_m/.gitgnore	第三方架构测试源码/参考/框架	63	a093336a725007cc28ce83ff5ad560e98a9c17f28facf964b35fe785e6f17bc2
sim/arch_test/suite/riscv-test-suite/rv32i_m/C/Makefile	第三方架构测试源码/参考/框架	106	374525992d33aeece057541c29160f80c15ec6ebdebda6a44506dcfdbe3f0467
sim/arch_test/suite/riscv-test-suite/rv32i_m/C/Makefrag	第三方架构测试源码/参考/框架	2091	cc30e212c987bcebdc2f1c007527c1959c7aa21db8fc2fb25d993fc6decdd56f
sim/arch_test/suite/riscv-test-suite/rv32i_m/C/references/cadd-01.reference_output	第三方架构测试源码/参考/框架	5292	f500b88cabe7040a7201248a2185139f49753b1938f5b9357185070c271e3494
sim/arch_test/suite/riscv-test-suite/rv32i_m/C/references/caddi-01.reference_output	第三方架构测试源码/参考/框架	3384	73011dc1b90a1dbe24c81396115f6e7521034224df7aae57f0655697f0c36564
sim/arch_test/suite/riscv-test-suite/rv32i_m/C/references/caddi16sp-01.reference_output	第三方架构测试源码/参考/框架	648	e5601588a71d5cc459a51e81e7057bc3304ee6c889d6f14a96576da33ee29640
sim/arch_test/suite/riscv-test-suite/rv32i_m/C/references/caddi4spn-01.reference_output	第三方架构测试源码/参考/框架	180	9158846e90ab90c9b7439e4a7af120282825e5762e530e855323d08c4310043f
sim/arch_test/suite/riscv-test-suite/rv32i_m/C/references/cand-01.reference_output	第三方架构测试源码/参考/框架	5292	a3dc6539fe25269c8cfaae6456ba5577e67a5a0fe12a27ffa54157b87e133453
sim/arch_test/suite/riscv-test-suite/rv32i_m/C/references/candi-01.reference_output	第三方架构测试源码/参考/框架	3384	185fb570119cc1d9547495c2d9312484d14269b1e79d84c7be09494892474158
sim/arch_test/suite/riscv-test-suite/rv32i_m/C/references/cbeqz-01.reference_output	第三方架构测试源码/参考/框架	792	dc914a59a2f83397e0865d971c786389d88a98db7c0b2902143bd55d67bd8841
sim/arch_test/suite/riscv-test-suite/rv32i_m/C/references/cbnez-01.reference_output	第三方架构测试源码/参考/框架	792	eb7978a9afc8f4de96ff5e7bd0b2e084084d68c37b21e67ca31757f6a96c324e
sim/arch_test/suite/riscv-test-suite/rv32i_m/C/references/cebreak-01.reference_output	第三方架构测试源码/参考/框架	72	b7c0faf6d9e6e1240005e4165a1227047cfe2d528152505d9c67006441730f9c
sim/arch_test/suite/riscv-test-suite/rv32i_m/C/references/cj-01.reference_output	第三方架构测试源码/参考/框架	180	06c891f00746b90e70680a1e3b826a6da8a01f97fff1cb61d7a22a442c85c107
sim/arch_test/suite/riscv-test-suite/rv32i_m/C/references/cjal-01.reference_output	第三方架构测试源码/参考/框架	180	dfc978bcc673a44476fc6340abb8c1dc0f9da217bb99d2694a59d2108ba7514c
sim/arch_test/suite/riscv-test-suite/rv32i_m/C/references/cjalr-01.reference_output	第三方架构测试源码/参考/框架	288	041a12ec30635fc35e2dc9bf86082074267bf87f5c51060c14fd13598093dea4
sim/arch_test/suite/riscv-test-suite/rv32i_m/C/references/cjr-01.reference_output	第三方架构测试源码/参考/框架	288	f121c7744f27f07e3e7addfbfad5479e8ec61075e9ac0ed808cd0944d84764f1
sim/arch_test/suite/riscv-test-suite/rv32i_m/C/references/cli-01.reference_output	第三方架构测试源码/参考/框架	288	09f4edc54451565a9cca8db35f0f79266914f9ab752f3c61eeff9741a728fa98
sim/arch_test/suite/riscv-test-suite/rv32i_m/C/references/clui-01.reference_output	第三方架构测试源码/参考/框架	288	1658f884820382ee67d1dc71c25fa94e13b0ec0bf8142d2bcdf938eacfe91da7
sim/arch_test/suite/riscv-test-suite/rv32i_m/C/references/clw-01.reference_output	第三方架构测试源码/参考/框架	144	440d3c269c3ef10e4ad9839ecd97e57273662fc35e7135846b9bd770369692e2
sim/arch_test/suite/riscv-test-suite/rv32i_m/C/references/clwsp-01.reference_output	第三方架构测试源码/参考/框架	288	130ac6706f9d148769d863c00f9016c67752894752aeefdcb223d9356de4dc04
sim/arch_test/suite/riscv-test-suite/rv32i_m/C/references/cmv-01.reference_output	第三方架构测试源码/参考/框架	792	508ad03115fb64d1f1034ba81ad04782271edd88b294571306148171001805c0
sim/arch_test/suite/riscv-test-suite/rv32i_m/C/references/cnop-01.reference_output	第三方架构测试源码/参考/框架	144	ce0933176c74a7f70051794bdb7ba975c92dde4183bc3cc40d092469df2c5c62
sim/arch_test/suite/riscv-test-suite/rv32i_m/C/references/cor-01.reference_output	第三方架构测试源码/参考/框架	5328	c328b097ab59819330a8365e305cb8f69ab6b02f33e66d14712c44fe608d7ba4
sim/arch_test/suite/riscv-test-suite/rv32i_m/C/references/cslli-01.reference_output	第三方架构测试源码/参考/框架	792	99e79f973cff0b0d9a3125ebf0cec035b27a16e64adb3ebc0a621fa449e2af65
sim/arch_test/suite/riscv-test-suite/rv32i_m/C/references/csrai-01.reference_output	第三方架构测试源码/参考/框架	792	01137579e6e7f11753d17a15bdea814c877d0415e5d9d86afbfdb679251e88fb
sim/arch_test/suite/riscv-test-suite/rv32i_m/C/references/csrli-01.reference_output	第三方架构测试源码/参考/框架	792	607c2b4fec0014ef2737c0fa7e46bdb6e1d54418aaa8f83dce46f786e819b282
sim/arch_test/suite/riscv-test-suite/rv32i_m/C/references/csub-01.reference_output	第三方架构测试源码/参考/框架	5256	7b2c4f2f7e58a7e4fec482b3ba3f90419b1ea6ced33965bf35b4eeb73a24c9ce
sim/arch_test/suite/riscv-test-suite/rv32i_m/C/references/csw-01.reference_output	第三方架构测试源码/参考/框架	648	3c467a49f8a48d9bfccbb5fa87b3ec04b8a7a5f663550956b445d944a87b2fdc
sim/arch_test/suite/riscv-test-suite/rv32i_m/C/references/cswsp-01.reference_output	第三方架构测试源码/参考/框架	648	311d74a51d36ac713c4b077d46be8ef9b956f5139d9015bec961ee471936a29a
sim/arch_test/suite/riscv-test-suite/rv32i_m/C/references/cxor-01.reference_output	第三方架构测试源码/参考/框架	5256	d8782dd8c90ec481d4dd5edc1cff97c268f223e77e6d93cc72b7bcf99ad60bff
sim/arch_test/suite/riscv-test-suite/rv32i_m/C/src/cadd-01.S	第三方架构测试源码/参考/框架	113299	0ad6c8376325b46784119199cefcbe71fddc30aebe80b51db36749abc850d4cc
sim/arch_test/suite/riscv-test-suite/rv32i_m/C/src/caddi-01.S	第三方架构测试源码/参考/框架	66545	70454fe42c62aa61e3a8cb2e8a7f9642f534e7f6ea123040bd867fb761d79ac8
sim/arch_test/suite/riscv-test-suite/rv32i_m/C/src/caddi16sp-01.S	第三方架构测试源码/参考/框架	13274	a6fe9068d4f74a5c186ffcf05293447c6e7eec70eb2aa934dd8c17406896cad8
sim/arch_test/suite/riscv-test-suite/rv32i_m/C/src/caddi4spn-01.S	第三方架构测试源码/参考/框架	4218	b3da71fc7bdca2f6ec273cb0282012a1f4c9594163fe57430d425d1dff22f203
sim/arch_test/suite/riscv-test-suite/rv32i_m/C/src/cand-01.S	第三方架构测试源码/参考/框架	111162	1deead90cd36c6f30c3e29743dccdd689e4b1c29d75085d84ccb6754381620a7
sim/arch_test/suite/riscv-test-suite/rv32i_m/C/src/candi-01.S	第三方架构测试源码/参考/框架	55955	af691beb05e84c585363297125046b788fa55b79a8ef74042c534af56c38e885
sim/arch_test/suite/riscv-test-suite/rv32i_m/C/src/cbeqz-01.S	第三方架构测试源码/参考/框架	14326	1c167d55a299e9f76268c355e4f96cf139d352b670c0604b3352cd2f4d948f3b
sim/arch_test/suite/riscv-test-suite/rv32i_m/C/src/cbnez-01.S	第三方架构测试源码/参考/框架	14431	fe9b06ff151b9edadffe346ea57765caf2eae0a3c324a5175b0d2e72057bd10b
sim/arch_test/suite/riscv-test-suite/rv32i_m/C/src/cebreak-01.S	第三方架构测试源码/参考/框架	1444	c0a049bd0848756087942c4ab4c073ad3e60178b2002b81e3f75621ee480f1b9
sim/arch_test/suite/riscv-test-suite/rv32i_m/C/src/cj-01.S	第三方架构测试源码/参考/框架	3160	7fe528525d9740fe6ee735fcdefc9b8bd6f92bd0bac5d9f985d725a2392bd200
sim/arch_test/suite/riscv-test-suite/rv32i_m/C/src/cjal-01.S	第三方架构测试源码/参考/框架	3280	ae931eadf9c52a0e30014d62277370cda9a64ee5be90b2bcc8336a29ee25164b
sim/arch_test/suite/riscv-test-suite/rv32i_m/C/src/cjalr-01.S	第三方架构测试源码/参考/框架	4064	60113f972f1e4e761cc33c7775d270aa51ae264a22e47834fe0bf807d75f226d
sim/arch_test/suite/riscv-test-suite/rv32i_m/C/src/cjr-01.S	第三方架构测试源码/参考/框架	3905	00cdd3bf1aa383837c849830248c796922df8e419e5bf03065d51738fe54b774
sim/arch_test/suite/riscv-test-suite/rv32i_m/C/src/cli-01.S	第三方架构测试源码/参考/框架	5265	21081ed505c9d92539a072dbcbed8272a0baf6956b479dfcdc9f5f32d6b07389
sim/arch_test/suite/riscv-test-suite/rv32i_m/C/src/clui-01.S	第三方架构测试源码/参考/框架	6483	46ab4dcee065138e2033d11ec27c6b663bf0d94b1761c653a6610d4ec5de9f88
sim/arch_test/suite/riscv-test-suite/rv32i_m/C/src/clw-01.S	第三方架构测试源码/参考/框架	3247	72d3638afa8c9d4b30aba9ab069cec8a9da3ad5044870c10ea6bf4bb11546884
sim/arch_test/suite/riscv-test-suite/rv32i_m/C/src/clwsp-01.S	第三方架构测试源码/参考/框架	5289	5eaca206324ee28b317ade379b752f27f182a2af64d09351ed3628ffbfc011b2
sim/arch_test/suite/riscv-test-suite/rv32i_m/C/src/cmv-01.S	第三方架构测试源码/参考/框架	14426	68d743149bee3191b54e8603dc701228d75463825131eaf85a986c0b0b4389be
sim/arch_test/suite/riscv-test-suite/rv32i_m/C/src/cnop-01.S	第三方架构测试源码/参考/框架	2771	249720550dcc66e59e03d6385659e444d75c4c1df88d170a52625795887c4cc4
sim/arch_test/suite/riscv-test-suite/rv32i_m/C/src/cor-01.S	第三方架构测试源码/参考/框架	112452	f5253b0c7022a077766637191125f32a562dc563c75432445a94394aa722a1a9
sim/arch_test/suite/riscv-test-suite/rv32i_m/C/src/cslli-01.S	第三方架构测试源码/参考/框架	15665	30952c6ab62bfe94048b43770691d3845b119322879d88ada5eb2ccdb2ebba7f
sim/arch_test/suite/riscv-test-suite/rv32i_m/C/src/csrai-01.S	第三方架构测试源码/参考/框架	15694	0869bf4730fdb66a3a2139b816efe3514a714916328244bbe10bffd8d387d281
sim/arch_test/suite/riscv-test-suite/rv32i_m/C/src/csrli-01.S	第三方架构测试源码/参考/框架	15302	5d2a929e4d76740e809021feddd6d4a105dad67449589738510052cfad9f500a
sim/arch_test/suite/riscv-test-suite/rv32i_m/C/src/csub-01.S	第三方架构测试源码/参考/框架	112235	06ee17ebc7477316db9a8af7d986d50c91ec8e5e973df4a1c86b6930667d68eb
sim/arch_test/suite/riscv-test-suite/rv32i_m/C/src/csw-01.S	第三方架构测试源码/参考/框架	11994	e927216023084da455e8ab7d49178f1398a27cae734195cf3dde07973c9aa447
sim/arch_test/suite/riscv-test-suite/rv32i_m/C/src/cswsp-01.S	第三方架构测试源码/参考/框架	12248	35612d39befe4f079475088667d8056a8d86198f77163ad1f06b933de721e7bf
sim/arch_test/suite/riscv-test-suite/rv32i_m/C/src/cxor-01.S	第三方架构测试源码/参考/框架	112464	c60cb5df9b6e4305d5288e0bbcf966210a6cb83ace42d50b8530254dfb44ad18
sim/arch_test/suite/riscv-test-suite/rv32i_m/F/Makefile	第三方架构测试源码/参考/框架	116	e887e73fff4f844838cd9f4c62f2d026485e26de22c6f7814f347c4449e1489a
sim/arch_test/suite/riscv-test-suite/rv32i_m/F/Makefrag	第三方架构测试源码/参考/框架	2757	407fe7c4b603cd1aab4a805f050a72ac136ee44ee40f037442789a97d13c3b4e
sim/arch_test/suite/riscv-test-suite/rv32i_m/F/references/fadd_b1-01.reference_output	第三方架构测试源码/参考/框架	10404	016f958f425ab7f645c39a17b81aadee4c35ded53906de22be5022d7ff1c1fad
sim/arch_test/suite/riscv-test-suite/rv32i_m/F/references/fadd_b10-01.reference_output	第三方架构测试源码/参考/框架	1368	275ef1bc7f033e7698eef50d76cd49dcc314c461a6ffb451cf46351717d906e4
sim/arch_test/suite/riscv-test-suite/rv32i_m/F/references/fadd_b11-01.reference_output	第三方架构测试源码/参考/框架	126252	7ebca4c505e95609db0de0bce1e5818d71c99668dd5d1ad4bb1e1cfb0b5abf64
sim/arch_test/suite/riscv-test-suite/rv32i_m/F/references/fadd_b12-01.reference_output	第三方架构测试源码/参考/框架	936	ebf3819550f90f7b65fa848b540a2c1f94d719506274fa98688c14dd184677d6
sim/arch_test/suite/riscv-test-suite/rv32i_m/F/references/fadd_b13-01.reference_output	第三方架构测试源码/参考/框架	3636	e09b8d1c4e44d9724023072c6f4800e29591416e5f2047544df18efc4cd3704e
sim/arch_test/suite/riscv-test-suite/rv32i_m/F/references/fadd_b2-01.reference_output	第三方架构测试源码/参考/框架	5004	406a8dd5b820bcf8a42b2246b9176290e832f667bb146409ecd9c4e6b9caea42
sim/arch_test/suite/riscv-test-suite/rv32i_m/F/references/fadd_b3-01.reference_output	第三方架构测试源码/参考/框架	20196	ec214c7331462de592eb6901033ce1ff4661b7c4b784dabf9b9bd11aa6272c31
sim/arch_test/suite/riscv-test-suite/rv32i_m/F/references/fadd_b4-01.reference_output	第三方架构测试源码/参考/框架	2556	c2050d7a42ea3118b9d1e87962127e95db27fb29bbe88b31c8ba14856d4466d7
sim/arch_test/suite/riscv-test-suite/rv32i_m/F/references/fadd_b5-01.reference_output	第三方架构测试源码/参考/框架	3996	b2840a571b266e1ffdfea5ad3ba102d7474d9868bababef6d2749b4d2bbea422
sim/arch_test/suite/riscv-test-suite/rv32i_m/F/references/fadd_b7-01.reference_output	第三方架构测试源码/参考/框架	2916	4e88cbf68fcfee2b3e924a067ea8f8aa1f1774dd71f1be2b1be66ad2688f2391
sim/arch_test/suite/riscv-test-suite/rv32i_m/F/references/fadd_b8-01.reference_output	第三方架构测试源码/参考/框架	30276	459df722330bc98e8fea7c770e6c08d7bad25d38335f94cebd4deb93d98091aa
sim/arch_test/suite/riscv-test-suite/rv32i_m/F/references/fclass_b1-01.reference_output	第三方架构测试源码/参考/框架	612	18ab634507fe80e9fef16658d138c7743545d48fd193caed0beb9285f64877c4
sim/arch_test/suite/riscv-test-suite/rv32i_m/F/references/fcvt.s.w_b25-01.reference_output	第三方架构测试源码/参考/框架	648	858830e9cbc576aad60874dca83e8dfde31442d6a1ff05e06d90af736e2e5d41
sim/arch_test/suite/riscv-test-suite/rv32i_m/F/references/fcvt.s.w_b26-01.reference_output	第三方架构测试源码/参考/框架	2916	c60f69c843391193244ee2be6b812ccc15541cae143bca589dbf2371fe4ab599
sim/arch_test/suite/riscv-test-suite/rv32i_m/F/references/fcvt.s.wu_b25-01.reference_output	第三方架构测试源码/参考/框架	648	faf5c7ca0404a0f9fb860bb26ddfd84b34477e4e6b95ae2653307263ed8a755e
sim/arch_test/suite/riscv-test-suite/rv32i_m/F/references/fcvt.s.wu_b26-01.reference_output	第三方架构测试源码/参考/框架	2916	43cd822d7fe77e2375c2328af11ffe3e155a279bb8d13aefda88b928f66e1958
sim/arch_test/suite/riscv-test-suite/rv32i_m/F/references/fcvt.w.s_b1-01.reference_output	第三方架构测试源码/参考/框架	612	aef7c7e115f602237409e8d166efc1968526577ee16949049a765e781951dbfe
sim/arch_test/suite/riscv-test-suite/rv32i_m/F/references/fcvt.w.s_b22-01.reference_output	第三方架构测试源码/参考/框架	756	00dfdb4716495d8399ebc7f53fd65192a9f17b3dac4b45e7ce209d3817ecdc5b
sim/arch_test/suite/riscv-test-suite/rv32i_m/F/references/fcvt.w.s_b23-01.reference_output	第三方架构测试源码/参考/框架	828	3bd22207f4a3732c3f3dcd3686055350aa59008bcf2494ef05904aa95bd5f741
sim/arch_test/suite/riscv-test-suite/rv32i_m/F/references/fcvt.w.s_b24-01.reference_output	第三方架构测试源码/参考/框架	1908	d735979d3857aa29cca69ae7d660370831108b61cbeeb666db1b139c8291fb10
sim/arch_test/suite/riscv-test-suite/rv32i_m/F/references/fcvt.w.s_b27-01.reference_output	第三方架构测试源码/参考/框架	576	dc2ff1ffd5475ead77529634d9e4dabbd1e41001d9e6642e2e39371c944f9b87
sim/arch_test/suite/riscv-test-suite/rv32i_m/F/references/fcvt.w.s_b28-01.reference_output	第三方架构测试源码/参考/框架	612	5e9de16f26ac5d1b7c28cc7c2ca8b86704441879f527c15b079f0b3e16cab551
sim/arch_test/suite/riscv-test-suite/rv32i_m/F/references/fcvt.w.s_b29-01.reference_output	第三方架构测试源码/参考/框架	1476	0c56e88f7767973582d96b69b8805e71941f77153c289eaf55ebfb7acdd61fcf
sim/arch_test/suite/riscv-test-suite/rv32i_m/F/references/fcvt.wu.s_b1-01.reference_output	第三方架构测试源码/参考/框架	612	c7cfede50a9d7729a6a7db6e896f5c4011d9575afe385aaee012c27d26c45c19
sim/arch_test/suite/riscv-test-suite/rv32i_m/F/references/fcvt.wu.s_b22-01.reference_output	第三方架构测试源码/参考/框架	756	1a8ef8f267de3b60d6ef073be7ad521c1eda0781078abcc676782c2139d9c0bd
sim/arch_test/suite/riscv-test-suite/rv32i_m/F/references/fcvt.wu.s_b23-01.reference_output	第三方架构测试源码/参考/框架	828	23aac246eaa0208c86189fe86d25167db4980027e8a9be1ce7697aa1d949b6e1
sim/arch_test/suite/riscv-test-suite/rv32i_m/F/references/fcvt.wu.s_b24-01.reference_output	第三方架构测试源码/参考/框架	1908	a60ce9e357514fba944ae02dfd56d8b1759dcae3f1204236990939f03dc75126
sim/arch_test/suite/riscv-test-suite/rv32i_m/F/references/fcvt.wu.s_b27-01.reference_output	第三方架构测试源码/参考/框架	576	e0ee2084874bd892e12996677d467e458dee14379fca64f14300b75a3ed436f8
sim/arch_test/suite/riscv-test-suite/rv32i_m/F/references/fcvt.wu.s_b28-01.reference_output	第三方架构测试源码/参考/框架	612	0e2342544e68c1c2a2694ff5aa45a2735d90c85ae1a6c5d5abfe0722a11fe8ec
sim/arch_test/suite/riscv-test-suite/rv32i_m/F/references/fcvt.wu.s_b29-01.reference_output	第三方架构测试源码/参考/框架	1476	c0525b8a7bc156a046911756d4d4a7c15f249b80d8b5c2b3010eb23917207f80
sim/arch_test/suite/riscv-test-suite/rv32i_m/F/references/fdiv_b1-01.reference_output	第三方架构测试源码/参考/框架	10404	d30f41c67c7db47b74becc346ff8a3a9b190f3497ce1293b188e504ab06f9bcc
sim/arch_test/suite/riscv-test-suite/rv32i_m/F/references/fdiv_b2-01.reference_output	第三方架构测试源码/参考/框架	5004	502f3181b786f2fe76be6a73b08fe8f546c1caedf73fce87fdb0b3da63b12335
sim/arch_test/suite/riscv-test-suite/rv32i_m/F/references/fdiv_b20-01.reference_output	第三方架构测试源码/参考/框架	1872	e2d5ecebd67135552c1b9527ec850711ab7add507bbb185042da9d5bb5671c96
sim/arch_test/suite/riscv-test-suite/rv32i_m/F/references/fdiv_b21-01.reference_output	第三方架构测试源码/参考/框架	12204	1f34e2df77e42be06563f3546c2f120aa4b3f689518e9f4ea4bd41cca1607c70
sim/arch_test/suite/riscv-test-suite/rv32i_m/F/references/fdiv_b3-01.reference_output	第三方架构测试源码/参考/框架	20196	88bde6e27b3af6096b0843d133fc8e61b32d5e45e999226cd9261868df3b740a
sim/arch_test/suite/riscv-test-suite/rv32i_m/F/references/fdiv_b4-01.reference_output	第三方架构测试源码/参考/框架	2556	2d91c40758d4aaca9d9ea2a14ceaa14d41a2cb15526ed53e287a75a1d197e62f
sim/arch_test/suite/riscv-test-suite/rv32i_m/F/references/fdiv_b5-01.reference_output	第三方架构测试源码/参考/框架	3996	41464b4bbe4cc491f1362f1511e837d0584802b7853bf95672639f4d85d2d094
sim/arch_test/suite/riscv-test-suite/rv32i_m/F/references/fdiv_b6-01.reference_output	第三方架构测试源码/参考/框架	2556	6dc3f27af75b6c5eca74a9a47a6b6a2701db5bbd2a18c354408d1a06d9df703b
sim/arch_test/suite/riscv-test-suite/rv32i_m/F/references/fdiv_b7-01.reference_output	第三方架构测试源码/参考/框架	2916	289bdcd4943df0e56b0fff26c01762b816fcc68fe8320caa9f53a921348e5413
sim/arch_test/suite/riscv-test-suite/rv32i_m/F/references/fdiv_b8-01.reference_output	第三方架构测试源码/参考/框架	30312	d428e16a22e4a5f854a44b4935da9b7f3053ae8bcc4f24b8785dbca7d0a5a77a
sim/arch_test/suite/riscv-test-suite/rv32i_m/F/references/fdiv_b9-01.reference_output	第三方架构测试源码/参考/框架	23796	924702395561fc8202697eaaa1ecd079d61d2f41ed05a9aaa591af1a674013cd
sim/arch_test/suite/riscv-test-suite/rv32i_m/F/references/feq_b1-01.reference_output	第三方架构测试源码/参考/框架	10404	10030c123cc6f0e52a7f4f6bf5e86bfad51d43968b3478e8cddf2d0b488a082a
sim/arch_test/suite/riscv-test-suite/rv32i_m/F/references/feq_b19-01.reference_output	第三方架构测试源码/参考/框架	19296	849eacb98dd84e5b982068cc7c8a321e7fb2787c8945e3bc00d4772ac14eb659
sim/arch_test/suite/riscv-test-suite/rv32i_m/F/references/fle_b1-01.reference_output	第三方架构测试源码/参考/框架	10404	abd354dd8631dc5c6009d6ffde66d2d1cdfe33880b961f5d73e7aa3470b74e9d
sim/arch_test/suite/riscv-test-suite/rv32i_m/F/references/fle_b19-01.reference_output	第三方架构测试源码/参考/框架	19296	5e1dd023dd7ad5d3b505a8124ec474edbd25d92dc7a884af374d0b9b80506427
sim/arch_test/suite/riscv-test-suite/rv32i_m/F/references/flt_b1-01.reference_output	第三方架构测试源码/参考/框架	10440	edf2457c001aa96ebfc7312d6cd55b3ce9cf7a56a6551b6bfd21b0e9848f838a
sim/arch_test/suite/riscv-test-suite/rv32i_m/F/references/flt_b19-01.reference_output	第三方架构测试源码/参考/框架	17784	7584a018c8f189882649b6a5dbc0c6c3fecfaa692e26ce86d2ec5552443b08e0
sim/arch_test/suite/riscv-test-suite/rv32i_m/F/references/flw-align-01.reference_output	第三方架构测试源码/参考/框架	576	ee13a5eff0a73b736078ef7ef60ba1e2da958e92f7913c7a583506a51f417962
sim/arch_test/suite/riscv-test-suite/rv32i_m/F/references/fmadd_b1-01.reference_output	第三方架构测试源码/参考/框架	248976	3f17dc8b7c90a5e0522e116db3ef0664787fed861a93f1e8755a0bdfcfd25eb3
sim/arch_test/suite/riscv-test-suite/rv32i_m/F/references/fmadd_b14-01.reference_output	第三方架构测试源码/参考/框架	1476	3eb283ea0802e5339e68b21c2e01dc73db45721463ee747cc03877b6715e3479
sim/arch_test/suite/riscv-test-suite/rv32i_m/F/references/fmadd_b15-01.reference_output	第三方架构测试源码/参考/框架	686268	e913a4b56ec616ffb5b6bed6219ab0b32fb71566ec970f98b452fd57c88c854e
sim/arch_test/suite/riscv-test-suite/rv32i_m/F/references/fmadd_b16-01.reference_output	第三方架构测试源码/参考/框架	3744	22626378d2a34162d8ed2375c0f962f2493a6c7c00843702d225c8a83275486b
sim/arch_test/suite/riscv-test-suite/rv32i_m/F/references/fmadd_b17-01.reference_output	第三方架构测试源码/参考/框架	3744	22626378d2a34162d8ed2375c0f962f2493a6c7c00843702d225c8a83275486b
sim/arch_test/suite/riscv-test-suite/rv32i_m/F/references/fmadd_b18-01.reference_output	第三方架构测试源码/参考/框架	5004	ea434f4224de954437c5296405491ab116e8277a306c139d2a7e480afe7257d4
sim/arch_test/suite/riscv-test-suite/rv32i_m/F/references/fmadd_b2-01.reference_output	第三方架构测试源码/参考/框架	5112	cba859f3a7e4b389d10ebbffa4dbb009d15e7a4afceddda6f5fb356a70594e90
sim/arch_test/suite/riscv-test-suite/rv32i_m/F/references/fmadd_b3-01.reference_output	第三方架构测试源码/参考/框架	20304	65f1a8940936ab3a95dfbba6142bd2f5d4a213d2a638449bb8951f244b4abb8f
sim/arch_test/suite/riscv-test-suite/rv32i_m/F/references/fmadd_b4-01.reference_output	第三方架构测试源码/参考/框架	2700	abb0535894b54135e14f2d7822da4a6badf72999c987fcd1c09482da8f8ad0b0
sim/arch_test/suite/riscv-test-suite/rv32i_m/F/references/fmadd_b5-01.reference_output	第三方架构测试源码/参考/框架	4104	280546f40e88f6d6923735cdcfe7cb95a203b583ef3eaa98db996595f306f368
sim/arch_test/suite/riscv-test-suite/rv32i_m/F/references/fmadd_b6-01.reference_output	第三方架构测试源码/参考/框架	2664	74adc9baffcf040eeb7beecb987dd89f5639a8c4bf076967a501fcbc7c803a51
sim/arch_test/suite/riscv-test-suite/rv32i_m/F/references/fmadd_b7-01.reference_output	第三方架构测试源码/参考/框架	3024	a895807fbf8a03ca9e20e92fb7ae227cf40fd1b77eb122cf314f4742159ae7ac
sim/arch_test/suite/riscv-test-suite/rv32i_m/F/references/fmadd_b8-01.reference_output	第三方架构测试源码/参考/框架	30384	1bd40ff56781d0dbe04284f23aaa095bbae5d24a7d02802c0a883fab9dcf3892
sim/arch_test/suite/riscv-test-suite/rv32i_m/F/references/fmax_b1-01.reference_output	第三方架构测试源码/参考/框架	10440	e219d48ad2bf33d5c4c5b970a1b6dfa5b42fe4e252acda36fd1d4fce68f4094f
sim/arch_test/suite/riscv-test-suite/rv32i_m/F/references/fmax_b19-01.reference_output	第三方架构测试源码/参考/框架	17244	b078dcf2debc668d06bb345b0f7fb0c5cd7f9e59c297bcd0a9231f839ba23ef7
sim/arch_test/suite/riscv-test-suite/rv32i_m/F/references/fmin_b1-01.reference_output	第三方架构测试源码/参考/框架	10404	366abcf3e72b0a3e7781a7aed33b790a45793e55fdf6ed58b1fcddb80b0e1117
sim/arch_test/suite/riscv-test-suite/rv32i_m/F/references/fmin_b19-01.reference_output	第三方架构测试源码/参考/框架	17928	46a1a43ef2761321e71a97e411ea7a8bda7a4c9ab970dc14377e1a5a4adb54fb
sim/arch_test/suite/riscv-test-suite/rv32i_m/F/references/fmsub_b1-01.reference_output	第三方架构测试源码/参考/框架	248976	021c8214c028018d2a0c98d71dfa7b9d9d0db3a4662edd7cbef51dbcc6dc6205
sim/arch_test/suite/riscv-test-suite/rv32i_m/F/references/fmsub_b14-01.reference_output	第三方架构测试源码/参考/框架	1476	3eb283ea0802e5339e68b21c2e01dc73db45721463ee747cc03877b6715e3479
sim/arch_test/suite/riscv-test-suite/rv32i_m/F/references/fmsub_b15-01.reference_output	第三方架构测试源码/参考/框架	686268	5a424343d336269d73232beed41155bef180ecee2f1153e29a5449b792ea9de4
sim/arch_test/suite/riscv-test-suite/rv32i_m/F/references/fmsub_b16-01.reference_output	第三方架构测试源码/参考/框架	3744	22626378d2a34162d8ed2375c0f962f2493a6c7c00843702d225c8a83275486b
sim/arch_test/suite/riscv-test-suite/rv32i_m/F/references/fmsub_b17-01.reference_output	第三方架构测试源码/参考/框架	3744	22626378d2a34162d8ed2375c0f962f2493a6c7c00843702d225c8a83275486b
sim/arch_test/suite/riscv-test-suite/rv32i_m/F/references/fmsub_b18-01.reference_output	第三方架构测试源码/参考/框架	5040	d7cede8b0e1c1b9e80880b235384bd8ded1a7790f0551cb88f95ced736031b09
sim/arch_test/suite/riscv-test-suite/rv32i_m/F/references/fmsub_b2-01.reference_output	第三方架构测试源码/参考/框架	5112	c74f881cc89386d29dca77e8f626f7e53a9e12ca73c3da6ac89bb28e3038ed73
sim/arch_test/suite/riscv-test-suite/rv32i_m/F/references/fmsub_b3-01.reference_output	第三方架构测试源码/参考/框架	20340	855c64ec6124c53747e533c36510e722d2a0b062006836e706316c035ae4b47e
sim/arch_test/suite/riscv-test-suite/rv32i_m/F/references/fmsub_b4-01.reference_output	第三方架构测试源码/参考/框架	2664	92abfe8d0cf0f43e79119c85bffdb124e97eb0b5d912da700a0417e08381e8c4
sim/arch_test/suite/riscv-test-suite/rv32i_m/F/references/fmsub_b5-01.reference_output	第三方架构测试源码/参考/框架	4104	ce6e80e6f7f041001c0d44b10cf598542a13cd6f0f68a2fe2f2571f342376b55
sim/arch_test/suite/riscv-test-suite/rv32i_m/F/references/fmsub_b6-01.reference_output	第三方架构测试源码/参考/框架	2664	db7e4daf34a6b655d922ba1fe3813ab3874d7f689c3e66dff9344c3ee05645c7
sim/arch_test/suite/riscv-test-suite/rv32i_m/F/references/fmsub_b7-01.reference_output	第三方架构测试源码/参考/框架	3024	f18c7ea4e6df8ebbde3c5542e2f2a4ba1d7e365f9e39d97a3293f7ba1a308dec
sim/arch_test/suite/riscv-test-suite/rv32i_m/F/references/fmsub_b8-01.reference_output	第三方架构测试源码/参考/框架	30384	6f2b4f6f9baef3c1229536eacafcd7a4e8df74421f563c0901dca2ba0a5cf10b
sim/arch_test/suite/riscv-test-suite/rv32i_m/F/references/fmul_b1-01.reference_output	第三方架构测试源码/参考/框架	10404	0ad18c7d4db4204b879d675d6def35213032aaba6e672f73b1d33dd34841b230
sim/arch_test/suite/riscv-test-suite/rv32i_m/F/references/fmul_b2-01.reference_output	第三方架构测试源码/参考/框架	5004	6f6268fe916aa2e37ac475d7e00d8529f8ef8c18a36585823c3d408f76201132
sim/arch_test/suite/riscv-test-suite/rv32i_m/F/references/fmul_b3-01.reference_output	第三方架构测试源码/参考/框架	20196	fcf7ced7451125750a8e92db83684303c183c05b8fa62dd06db761dab18c70bf
sim/arch_test/suite/riscv-test-suite/rv32i_m/F/references/fmul_b4-01.reference_output	第三方架构测试源码/参考/框架	2556	2467470baf35bb4995ff36017209585605d57fdf99b98b94bc9b18333743e768
sim/arch_test/suite/riscv-test-suite/rv32i_m/F/references/fmul_b5-01.reference_output	第三方架构测试源码/参考/框架	3996	835b24752a7eff179fc26ecab77dd3ccf247f95d4076cb41717a4a0c6c004693
sim/arch_test/suite/riscv-test-suite/rv32i_m/F/references/fmul_b6-01.reference_output	第三方架构测试源码/参考/框架	2556	a55c9a64ccfb7716673e890b2f29dfbd687043b91c6ab56cdce7de0e0e09df61
sim/arch_test/suite/riscv-test-suite/rv32i_m/F/references/fmul_b7-01.reference_output	第三方架构测试源码/参考/框架	2916	0b55fdfdc3ef463694cb3691ebb7d1a1b37763497559970824485589ee4112b3
sim/arch_test/suite/riscv-test-suite/rv32i_m/F/references/fmul_b8-01.reference_output	第三方架构测试源码/参考/框架	30276	f6e6d9d0adbe760a7f53e53a39c568316de30c2359f4cff2c22611990ec4408d
sim/arch_test/suite/riscv-test-suite/rv32i_m/F/references/fmul_b9-01.reference_output	第三方架构测试源码/参考/框架	23796	e5bccbef04bbfb2b610f480cb2f963038bf7e86b8f16607d60e4dc20eb90cb33
sim/arch_test/suite/riscv-test-suite/rv32i_m/F/references/fmv.w.x_b25-01.reference_output	第三方架构测试源码/参考/框架	612	b2943d899aad48042dbfe25f5af60f10564a60eed36573017758ba3c7f6f550a
sim/arch_test/suite/riscv-test-suite/rv32i_m/F/references/fmv.w.x_b26-01.reference_output	第三方架构测试源码/参考/框架	612	7faee37c6341c7f82c53cef1eed9ff2f1f30052ce7e78cd7ab5c25ecaa38a6bb
sim/arch_test/suite/riscv-test-suite/rv32i_m/F/references/fmv.x.w_b1-01.reference_output	第三方架构测试源码/参考/框架	612	9cb3b67143bda2390e538c541738bb79db051382ff9486add4303c9b752d51a9
sim/arch_test/suite/riscv-test-suite/rv32i_m/F/references/fmv.x.w_b22-01.reference_output	第三方架构测试源码/参考/框架	576	7029a9ab441b7c7dc4db578d4065425f238e770b12beae236b27dfb5bc548199
sim/arch_test/suite/riscv-test-suite/rv32i_m/F/references/fmv.x.w_b23-01.reference_output	第三方架构测试源码/参考/框架	576	bb8b4f3b3909861663e46dfa9b1c52cbe22808df17c992f880c4d454b109801e
sim/arch_test/suite/riscv-test-suite/rv32i_m/F/references/fmv.x.w_b24-01.reference_output	第三方架构测试源码/参考/框架	612	704adb569b40fb655628c1e90914d1d93a335ca55ff7ef2deff13e82b1870389
sim/arch_test/suite/riscv-test-suite/rv32i_m/F/references/fmv.x.w_b27-01.reference_output	第三方架构测试源码/参考/框架	576	aadb91930d5d925f60c1e529bce5d21cace53754c969b1854104746b02611454
sim/arch_test/suite/riscv-test-suite/rv32i_m/F/references/fmv.x.w_b28-01.reference_output	第三方架构测试源码/参考/框架	576	ac0788746d32e5b3722f4fb8e8113be28cb2476c2aaec8f898c33ad06cf5d546
sim/arch_test/suite/riscv-test-suite/rv32i_m/F/references/fmv.x.w_b29-01.reference_output	第三方架构测试源码/参考/框架	576	b0dd37f7db0b1b13baa63979a2c8bbdeca0873169c098cf3fe50a9d1842b13c1
sim/arch_test/suite/riscv-test-suite/rv32i_m/F/references/fnmadd_b1-01.reference_output	第三方架构测试源码/参考/框架	248976	c09e2ce7ad9be24aa3039135ec78348c67f4cb9326deb917b9f02ec45cf661ab
sim/arch_test/suite/riscv-test-suite/rv32i_m/F/references/fnmadd_b14-01.reference_output	第三方架构测试源码/参考/框架	1476	2afa2fd226da142d7c47db44e1f30c48bc0853aa52d36a0fd53593507c783099
sim/arch_test/suite/riscv-test-suite/rv32i_m/F/references/fnmadd_b15-01.reference_output	第三方架构测试源码/参考/框架	686304	712685a4028dd8e03f71ad5911367a318df757737ee252473382446dd6a3de84
sim/arch_test/suite/riscv-test-suite/rv32i_m/F/references/fnmadd_b16-01.reference_output	第三方架构测试源码/参考/框架	3780	3ab58f394efc7ec38e3937880a4b7e1fe3907e0c4592108b7d0362cc525cb980
sim/arch_test/suite/riscv-test-suite/rv32i_m/F/references/fnmadd_b17-01.reference_output	第三方架构测试源码/参考/框架	3744	ab8e2e0076320255a7a14c8681610e253910addfedc47020c0cc2de4015410f2
sim/arch_test/suite/riscv-test-suite/rv32i_m/F/references/fnmadd_b18-01.reference_output	第三方架构测试源码/参考/框架	5004	2ec98a3d5d7b3229062a38068efaa8b99320fbd25e57ad39a623e8b4f570a807
sim/arch_test/suite/riscv-test-suite/rv32i_m/F/references/fnmadd_b2-01.reference_output	第三方架构测试源码/参考/框架	5112	875f99f1a15dcd01263f235f2f83f121c51458bc17747e8c9fc42f7b778d8f76
sim/arch_test/suite/riscv-test-suite/rv32i_m/F/references/fnmadd_b3-01.reference_output	第三方架构测试源码/参考/框架	20304	8cf06c67b16d72742347949461512093c8501322d35dbb506a74b340d6360971
sim/arch_test/suite/riscv-test-suite/rv32i_m/F/references/fnmadd_b4-01.reference_output	第三方架构测试源码/参考/框架	2664	0fd65b2ae03ee72c5a7471e2bbbc838474659bda62484c5ab1da31ae3a41d443
sim/arch_test/suite/riscv-test-suite/rv32i_m/F/references/fnmadd_b5-01.reference_output	第三方架构测试源码/参考/框架	4104	252d71034c2094555bf28b1aca2e88b6ac4aebd0c0c2a925c66ace04b68ccbde
sim/arch_test/suite/riscv-test-suite/rv32i_m/F/references/fnmadd_b6-01.reference_output	第三方架构测试源码/参考/框架	2700	c6f3507b2589258cdcf7754f4114ee0c68812f8ef69dee57ceae82142925c83b
sim/arch_test/suite/riscv-test-suite/rv32i_m/F/references/fnmadd_b7-01.reference_output	第三方架构测试源码/参考/框架	3060	0a649d8e6a5b7075b8650726c01b0b219e5a79a7438bf10cf3ffc4fb311e4f49
sim/arch_test/suite/riscv-test-suite/rv32i_m/F/references/fnmadd_b8-01.reference_output	第三方架构测试源码/参考/框架	30384	825c73f88a787353b902b863acce96c59dffab265a8b6afe13a7e78789f28d6c
sim/arch_test/suite/riscv-test-suite/rv32i_m/F/references/fnmsub_b1-01.reference_output	第三方架构测试源码/参考/框架	248976	7cd44b5443e7b68a17961e1dc95f51c92fdaaf3eb16e0292f0e6858b44e9756b
sim/arch_test/suite/riscv-test-suite/rv32i_m/F/references/fnmsub_b14-01.reference_output	第三方架构测试源码/参考/框架	1476	2afa2fd226da142d7c47db44e1f30c48bc0853aa52d36a0fd53593507c783099
sim/arch_test/suite/riscv-test-suite/rv32i_m/F/references/fnmsub_b15-01.reference_output	第三方架构测试源码/参考/框架	686268	6e944daae9e455f574b8d55b2ac3739d21c20da2c48918c2d1b5f196358ddb59
sim/arch_test/suite/riscv-test-suite/rv32i_m/F/references/fnmsub_b16-01.reference_output	第三方架构测试源码/参考/框架	3780	3ab58f394efc7ec38e3937880a4b7e1fe3907e0c4592108b7d0362cc525cb980
sim/arch_test/suite/riscv-test-suite/rv32i_m/F/references/fnmsub_b17-01.reference_output	第三方架构测试源码/参考/框架	3744	ab8e2e0076320255a7a14c8681610e253910addfedc47020c0cc2de4015410f2
sim/arch_test/suite/riscv-test-suite/rv32i_m/F/references/fnmsub_b18-01.reference_output	第三方架构测试源码/参考/框架	5004	a925fbc1f56ad42adddce8f3a3ec86cce70b9cccaa04e7b88e5ab1b94a8a08ae
sim/arch_test/suite/riscv-test-suite/rv32i_m/F/references/fnmsub_b2-01.reference_output	第三方架构测试源码/参考/框架	5112	187597fbca36cbe05a9a919993e996e93b1aceaa2bf2e85990b59c206ae46f9e
sim/arch_test/suite/riscv-test-suite/rv32i_m/F/references/fnmsub_b3-01.reference_output	第三方架构测试源码/参考/框架	20304	c398fe3f1a3edb48c8b7bc7423b0566b15665f7c47d35bbccdfdec0f0396f02d
sim/arch_test/suite/riscv-test-suite/rv32i_m/F/references/fnmsub_b4-01.reference_output	第三方架构测试源码/参考/框架	2664	18f3f6614e98a67e67be6b3692b722a5734f9592a32ddc3061f335769e24e2dc
sim/arch_test/suite/riscv-test-suite/rv32i_m/F/references/fnmsub_b5-01.reference_output	第三方架构测试源码/参考/框架	4104	9f9f4f902d2150200df7ed4ff589309268ea1c4ef76eebd1ca87018c014c5cee
sim/arch_test/suite/riscv-test-suite/rv32i_m/F/references/fnmsub_b6-01.reference_output	第三方架构测试源码/参考/框架	2700	16621b66f146b20edc819bd71254fbd45bc251e67e60574eb9b47709a60abc84
sim/arch_test/suite/riscv-test-suite/rv32i_m/F/references/fnmsub_b7-01.reference_output	第三方架构测试源码/参考/框架	3060	e771c9f3a70cbbd6a68a423cca592c69a7c6bcd6cd6b72c1f878f8d5c4a260c4
sim/arch_test/suite/riscv-test-suite/rv32i_m/F/references/fnmsub_b8-01.reference_output	第三方架构测试源码/参考/框架	30384	fed3c5e09891dcdb118ea1effb2f60d87dcc85f2e1ef72a53240200846fb1940
sim/arch_test/suite/riscv-test-suite/rv32i_m/F/references/fsgnj_b1-01.reference_output	第三方架构测试源码/参考/框架	10404	a71b99b88d1a11935a37fd64025e5f2741183e41a02970a3cd02adde170c4af3
sim/arch_test/suite/riscv-test-suite/rv32i_m/F/references/fsgnjn_b1-01.reference_output	第三方架构测试源码/参考/框架	10404	a65c38409edbcfdadf5992c6f18ce84a60903fc7e78663c5b8ddb3d19fd16465
sim/arch_test/suite/riscv-test-suite/rv32i_m/F/references/fsgnjx_b1-01.reference_output	第三方架构测试源码/参考/框架	10404	71d47103ccf21a4f0a287d0fafd05648ada6bcfe723f0b562a06525e1859a677
sim/arch_test/suite/riscv-test-suite/rv32i_m/F/references/fsqrt_b1-01.reference_output	第三方架构测试源码/参考/框架	576	8df4ca6bbd39a7a33ec18b0421b74ab59a41d333caa33367bdeb7d3e995ebd5b
sim/arch_test/suite/riscv-test-suite/rv32i_m/F/references/fsqrt_b2-01.reference_output	第三方架构测试源码/参考/框架	576	d3c49118114318cbd182fd32858be68a04db6026769a890a6938367c916f4688
sim/arch_test/suite/riscv-test-suite/rv32i_m/F/references/fsqrt_b20-01.reference_output	第三方架构测试源码/参考/框架	1188	02d4d52974a9f9f1f071957fd94b9854fc47cac12b3d3de8f71a41a6d9acc56f
sim/arch_test/suite/riscv-test-suite/rv32i_m/F/references/fsqrt_b3-01.reference_output	第三方架构测试源码/参考/框架	576	c603210c4e67fcbba9656acde60be5342201d46b4e536c4550ca05a92aa6031e
sim/arch_test/suite/riscv-test-suite/rv32i_m/F/references/fsqrt_b4-01.reference_output	第三方架构测试源码/参考/框架	576	2b23e27afa3eaaaee4c7cc9fd58f798f8e62c85ec31a94e415d710e523093b02
sim/arch_test/suite/riscv-test-suite/rv32i_m/F/references/fsqrt_b5-01.reference_output	第三方架构测试源码/参考/框架	576	d6de11fe58a507be05713acc8f1da41c5782a5c461be9d58589c4d01f8ed225c
sim/arch_test/suite/riscv-test-suite/rv32i_m/F/references/fsqrt_b7-01.reference_output	第三方架构测试源码/参考/框架	576	8d91846a7aab1a78c2369f82b1cfb0b0561f129723f1445981a9f99f379cac44
sim/arch_test/suite/riscv-test-suite/rv32i_m/F/references/fsqrt_b8-01.reference_output	第三方架构测试源码/参考/框架	576	c603210c4e67fcbba9656acde60be5342201d46b4e536c4550ca05a92aa6031e
sim/arch_test/suite/riscv-test-suite/rv32i_m/F/references/fsqrt_b9-01.reference_output	第三方架构测试源码/参考/框架	3492	f8130f3a4578c3720ff0ac5cb67c5eace0e6e97b9e6ec166f6ab0a2a853015e9
sim/arch_test/suite/riscv-test-suite/rv32i_m/F/references/fsub_b1-01.reference_output	第三方架构测试源码/参考/框架	10404	1969c9a4f09c0355cf64842ede44d7e453fc622549f505bff868dd546ad9f111
sim/arch_test/suite/riscv-test-suite/rv32i_m/F/references/fsub_b10-01.reference_output	第三方架构测试源码/参考/框架	1332	e5d451634ced4c3c9d1f0b653d776fffe05b64c76bbaa228816a2b6681760ff6
sim/arch_test/suite/riscv-test-suite/rv32i_m/F/references/fsub_b11-01.reference_output	第三方架构测试源码/参考/框架	126252	19371b1271ad4208e725c56c212b394daa660fcc5999a91313365e1285894e9f
sim/arch_test/suite/riscv-test-suite/rv32i_m/F/references/fsub_b12-01.reference_output	第三方架构测试源码/参考/框架	936	baea999078bf3f7a1f37a912c0bee33d7f7e1dd41875da0ab0a5dc2fc08efb39
sim/arch_test/suite/riscv-test-suite/rv32i_m/F/references/fsub_b13-01.reference_output	第三方架构测试源码/参考/框架	3636	e8613baf13146131b6e3df40cca330439ec96360c852b5b8dae9819b888105b5
sim/arch_test/suite/riscv-test-suite/rv32i_m/F/references/fsub_b2-01.reference_output	第三方架构测试源码/参考/框架	4968	315c6e3cd997c2aa0ae0b5d016badded069027769a1eb24f1c38245e12789314
sim/arch_test/suite/riscv-test-suite/rv32i_m/F/references/fsub_b3-01.reference_output	第三方架构测试源码/参考/框架	20196	194229aa306808a038b5ef326fc1c9ea2c190678f4b9bbc2133832bb7ab0bc8d
sim/arch_test/suite/riscv-test-suite/rv32i_m/F/references/fsub_b4-01.reference_output	第三方架构测试源码/参考/框架	2556	5115d099f964d4fd9b87ad1cb76851b9414577ac962b5af5a1952cd26f924e37
sim/arch_test/suite/riscv-test-suite/rv32i_m/F/references/fsub_b5-01.reference_output	第三方架构测试源码/参考/框架	3996	015cb797d6e22db98f017690f087b339c11b86582e760dda6f516f879c2af298
sim/arch_test/suite/riscv-test-suite/rv32i_m/F/references/fsub_b7-01.reference_output	第三方架构测试源码/参考/框架	2916	d2bccbafc798ea2be5d4cf1a572ed5fd1a2b002eab7d574c7847478704ce7bc9
sim/arch_test/suite/riscv-test-suite/rv32i_m/F/references/fsub_b8-01.reference_output	第三方架构测试源码/参考/框架	30276	ddd3d593747dd9a10217dc46771a8e3985486a41eb6424515cb996e26c21b565
sim/arch_test/suite/riscv-test-suite/rv32i_m/F/references/fsw-align-01.reference_output	第三方架构测试源码/参考/框架	576	2a00189414b5ef7c6638dfc25f5c2e8c77caa3de2e367ae46edbae6de5786a6e
sim/arch_test/suite/riscv-test-suite/rv32i_m/F/src/fadd_b1-01.S	第三方架构测试源码/参考/框架	225845	7ed473443208ea27543e52ad651b1e32c44c86547de293a8f3fb9b0b2199a96f
sim/arch_test/suite/riscv-test-suite/rv32i_m/F/src/fadd_b10-01.S	第三方架构测试源码/参考/框架	31777	ec72fbca13e1dec35f53b1212568bc36566281632164b49d1f3182abbf58dea9
sim/arch_test/suite/riscv-test-suite/rv32i_m/F/src/fadd_b11-01.S	第三方架构测试源码/参考/框架	2732604	8ac07acd1f0b1fbbc0a47fc5ad41941bf59f75cb759f81e11a1adceee24512a0
sim/arch_test/suite/riscv-test-suite/rv32i_m/F/src/fadd_b12-01.S	第三方架构测试源码/参考/框架	22471	3c20468e018b2007cfc494946273b5fb21582335b6fd6d850f9d00e15e716f4c
sim/arch_test/suite/riscv-test-suite/rv32i_m/F/src/fadd_b13-01.S	第三方架构测试源码/参考/框架	81154	d2ddb6d9fab28c70f63200c77346e336362b4cb264d4b1c5aae7ffdaf27b9357
sim/arch_test/suite/riscv-test-suite/rv32i_m/F/src/fadd_b2-01.S	第三方架构测试源码/参考/框架	108212	c4a290f27235537afe915dbaeb431a4b672912287cd1d309c5a7de2a059b3cc8
sim/arch_test/suite/riscv-test-suite/rv32i_m/F/src/fadd_b3-01.S	第三方架构测试源码/参考/框架	441651	f83e29f8c54fcab01686f711bc46e81c4841649a712782088aa9a3e2cb024d50
sim/arch_test/suite/riscv-test-suite/rv32i_m/F/src/fadd_b4-01.S	第三方架构测试源码/参考/框架	57572	4711123b7c3b0e8a2e32a2175cde124adc7b0727ccc5edd43fd53f01fd9535db
sim/arch_test/suite/riscv-test-suite/rv32i_m/F/src/fadd_b5-01.S	第三方架构测试源码/参考/框架	89012	9fba61967008cc609765a431f50a8e2e166ffd5158c9d03d2734bace7946c74f
sim/arch_test/suite/riscv-test-suite/rv32i_m/F/src/fadd_b7-01.S	第三方架构测试源码/参考/框架	65432	6f521c21d25f998b96f142d188dd872c668a8946159690a9d1e6a720ec89047b
sim/arch_test/suite/riscv-test-suite/rv32i_m/F/src/fadd_b8-01.S	第三方架构测试源码/参考/框架	661614	7f9b98f9584fb9cc47d47ba078fcc932878e5d469de31f3c1f24c5fd0c34d4cc
sim/arch_test/suite/riscv-test-suite/rv32i_m/F/src/fclass_b1-01.S	第三方架构测试源码/参考/框架	11508	57e0b2fd7b11d444815b8419ba95dcaf4429e8c6f45ab57e060e03a43d162f18
sim/arch_test/suite/riscv-test-suite/rv32i_m/F/src/fcvt.s.w_b25-01.S	第三方架构测试源码/参考/框架	11900	b67dbc167778335a2524639f6c9868e2d8f30e7fe6794fa397b4310f975a2ed5
sim/arch_test/suite/riscv-test-suite/rv32i_m/F/src/fcvt.s.w_b26-01.S	第三方架构测试源码/参考/框架	43850	6b9fe5765a8d6a2f58a20428643f674dc7e952ac4e310e035927e1e557ddce0a
sim/arch_test/suite/riscv-test-suite/rv32i_m/F/src/fcvt.s.wu_b25-01.S	第三方架构测试源码/参考/框架	11988	08d2e4bb93254c12bb0faad96ce8470781a151d8e583754e2f2151c42b34a158
sim/arch_test/suite/riscv-test-suite/rv32i_m/F/src/fcvt.s.wu_b26-01.S	第三方架构测试源码/参考/框架	44170	5fdca688a0ce25b9ce8670d001a17588c31037f97b4041d5e98138d74190376b
sim/arch_test/suite/riscv-test-suite/rv32i_m/F/src/fcvt.w.s_b1-01.S	第三方架构测试源码/参考/框架	11509	32379957230ec3d827d8a67a57ad9b4276c83df19af95275b98f9a680cea9e80
sim/arch_test/suite/riscv-test-suite/rv32i_m/F/src/fcvt.w.s_b22-01.S	第三方架构测试源码/参考/框架	14525	635868388fcf4886c3e3ec37b68ed7ec2b92871650bc66f1fcfa3fb1af498e67
sim/arch_test/suite/riscv-test-suite/rv32i_m/F/src/fcvt.w.s_b23-01.S	第三方架构测试源码/参考/框架	15975	9f78ea917b1ee0c50f38149865f6ef04d38aaf9f478c5fd547c3587057b1e00a
sim/arch_test/suite/riscv-test-suite/rv32i_m/F/src/fcvt.w.s_b24-01.S	第三方架构测试源码/参考/框架	33520	acd221cf88f7efe42d0a28d4f0cfcb6812557d02b83a0f8af58613e1d50d76dd
sim/arch_test/suite/riscv-test-suite/rv32i_m/F/src/fcvt.w.s_b27-01.S	第三方架构测试源码/参考/框架	9826	ee3863350dc2bb938f70bd4672b46b68c0653e258984c57b3f4c587241b956d0
sim/arch_test/suite/riscv-test-suite/rv32i_m/F/src/fcvt.w.s_b28-01.S	第三方架构测试源码/参考/框架	11855	7037edc6d87d948c2af2f641331aa09f41b09b5f5e23d827214fb98ab416ac86
sim/arch_test/suite/riscv-test-suite/rv32i_m/F/src/fcvt.w.s_b29-01.S	第三方架构测试源码/参考/框架	26251	1320a760ba0159d029d176bab73c1393df5ee44e82fbbfb27eeacde5abb6fe56
sim/arch_test/suite/riscv-test-suite/rv32i_m/F/src/fcvt.wu.s_b1-01.S	第三方架构测试源码/参考/框架	11583	20d806ac58a0b9142c9adfa1cb3578f0fcffc9856269f5f362ee2d84ad824361
sim/arch_test/suite/riscv-test-suite/rv32i_m/F/src/fcvt.wu.s_b22-01.S	第三方架构测试源码/参考/框架	14600	817ce7fab30bcb772f557fc84c0d38b68c0edae78215dcbe9bf8f7b755daa610
sim/arch_test/suite/riscv-test-suite/rv32i_m/F/src/fcvt.wu.s_b23-01.S	第三方架构测试源码/参考/框架	16075	83490c3e22b3df5350801856e940e8cd916b4b3cb52ae1acdad2edb4da03eb2e
sim/arch_test/suite/riscv-test-suite/rv32i_m/F/src/fcvt.wu.s_b24-01.S	第三方架构测试源码/参考/框架	33500	af5758db85dc534a7259a28c3f40a3964a68b7803e16b92f56704705f8bfceaa
sim/arch_test/suite/riscv-test-suite/rv32i_m/F/src/fcvt.wu.s_b27-01.S	第三方架构测试源码/参考/框架	10124	b7d4c2c9a3edee0dfd35d1eeba6a578dad755fcc717d90be6ac1092ac08b1ec5
sim/arch_test/suite/riscv-test-suite/rv32i_m/F/src/fcvt.wu.s_b28-01.S	第三方架构测试源码/参考/框架	11926	ef8bfa12ad4fdf90dc3d6643645de65e29a47c4fd54ec1b17db0a5505e44d241
sim/arch_test/suite/riscv-test-suite/rv32i_m/F/src/fcvt.wu.s_b29-01.S	第三方架构测试源码/参考/框架	26398	a7676a9c25e19bcf1e32b223ee6094563d6bb1b02bd09e2b5fda133017f84724
sim/arch_test/suite/riscv-test-suite/rv32i_m/F/src/fdiv_b1-01.S	第三方架构测试源码/参考/框架	225873	3b24a528d6383ccbf6c8c48d6fac66843ba2b74ec015575d5117f32d60573361
sim/arch_test/suite/riscv-test-suite/rv32i_m/F/src/fdiv_b2-01.S	第三方架构测试源码/参考/框架	109140	b6ca8d1314e47872212bf627a231beba540cf612fbdd018d7260e63c2165b682
sim/arch_test/suite/riscv-test-suite/rv32i_m/F/src/fdiv_b20-01.S	第三方架构测试源码/参考/框架	42703	640bbb6c7f7897b0b9be21e5bab8e1e8679ba0e68f6e9fc80490a841ed4acf8d
sim/arch_test/suite/riscv-test-suite/rv32i_m/F/src/fdiv_b21-01.S	第三方架构测试源码/参考/框架	265106	204f5509ba70df022a605b9ea447e3252bcb68254d33036544aae8a8c727602d
sim/arch_test/suite/riscv-test-suite/rv32i_m/F/src/fdiv_b3-01.S	第三方架构测试源码/参考/框架	441651	719e8bac3359032b220a8e37cfd31075497b11a919187b8e5f83417db66d5ecc
sim/arch_test/suite/riscv-test-suite/rv32i_m/F/src/fdiv_b4-01.S	第三方架构测试源码/参考/框架	57572	dce359d8af66fa6fba68ecbf77874ae61f5db047e8002dc307cd0f8e47d7aae9
sim/arch_test/suite/riscv-test-suite/rv32i_m/F/src/fdiv_b5-01.S	第三方架构测试源码/参考/框架	89012	ab2077c2506b1df2fa7724e93f1c46619e8e32672a5827b12ac1a32f4ad41402
sim/arch_test/suite/riscv-test-suite/rv32i_m/F/src/fdiv_b6-01.S	第三方架构测试源码/参考/框架	57284	75fb4b4235f980ba29ea54a518bec4a55cfec2f58df9d64a91f09086f5151dc2
sim/arch_test/suite/riscv-test-suite/rv32i_m/F/src/fdiv_b7-01.S	第三方架构测试源码/参考/框架	65432	7992e1ad458eff949a3c4625067c76777effc61ea8cae7e8108458ac94cce0ce
sim/arch_test/suite/riscv-test-suite/rv32i_m/F/src/fdiv_b8-01.S	第三方架构测试源码/参考/框架	662008	89e2637d067e6328eed5a7947ce44e0ddc97d5f6e3286b48fa083afa285da267
sim/arch_test/suite/riscv-test-suite/rv32i_m/F/src/fdiv_b9-01.S	第三方架构测试源码/参考/框架	513899	f4b0279e2130b37fd8f6e9129b5227ef0960433b6e48d87ee28920b69570417c
sim/arch_test/suite/riscv-test-suite/rv32i_m/F/src/feq_b1-01.S	第三方架构测试源码/参考/框架	215447	8a9c5c2fb1ca9b2d48693e30efcd7381b94f560f55230068412e63690258ffa3
sim/arch_test/suite/riscv-test-suite/rv32i_m/F/src/feq_b19-01.S	第三方架构测试源码/参考/框架	398918	549bbe3ec355d329d815de8fb261f51a6f1e0cddf70e5d8b4a91caad28686524
sim/arch_test/suite/riscv-test-suite/rv32i_m/F/src/fle_b1-01.S	第三方架构测试源码/参考/框架	215441	e3c72070c95e2ddba9d407071a8a636f582804bf43cd78a7e90b388c1ca549c4
sim/arch_test/suite/riscv-test-suite/rv32i_m/F/src/fle_b19-01.S	第三方架构测试源码/参考/框架	398690	0f9074920678cc8b93b16942d53900e9adf1ab46522d2ab483d39059aa097f94
sim/arch_test/suite/riscv-test-suite/rv32i_m/F/src/flt_b1-01.S	第三方架构测试源码/参考/框架	215824	86fb2d2a05b0e2156d08165ed0ee88085fe4537044bc176b962bc52083c2d316
sim/arch_test/suite/riscv-test-suite/rv32i_m/F/src/flt_b19-01.S	第三方架构测试源码/参考/框架	367285	b88ee79f248f8e01f15acd0cf7b78170313ef5acb34fd90cf7221bd0f167c534
sim/arch_test/suite/riscv-test-suite/rv32i_m/F/src/flw-align-01.S	第三方架构测试源码/参考/框架	6812	ce380e9d91ff55c05055c89691f08b280b41c8e926230d3b155885fdaac64884
sim/arch_test/suite/riscv-test-suite/rv32i_m/F/src/fmadd_b1-01.S	第三方架构测试源码/参考/框架	6548587	aa316de4f3c5f289358585c79896ef19ab9ecd58084005d3aeb74cdb27f9283f
sim/arch_test/suite/riscv-test-suite/rv32i_m/F/src/fmadd_b14-01.S	第三方架构测试源码/参考/框架	41522	71673e371ca265cb91f507fd47721d8506dc6f7330683a7e1324fae2253c9633
sim/arch_test/suite/riscv-test-suite/rv32i_m/F/src/fmadd_b15-01.S	第三方架构测试源码/参考/框架	18153755	6fc14f6a425c57178235e598d38c336d494df89a73ed936dbeddaeba880c44e7
sim/arch_test/suite/riscv-test-suite/rv32i_m/F/src/fmadd_b16-01.S	第三方架构测试源码/参考/框架	102335	6df6bc3f0a0e0110bd3ae7325c6b8a33c24be693485172d425e9acd7653024cf
sim/arch_test/suite/riscv-test-suite/rv32i_m/F/src/fmadd_b17-01.S	第三方架构测试源码/参考/框架	102335	3858e52c1975fde6804d9784eb10a3ce262c6f29cfd9bb57c5f7e10c5bb64b58
sim/arch_test/suite/riscv-test-suite/rv32i_m/F/src/fmadd_b18-01.S	第三方架构测试源码/参考/框架	134285	41b35a51487f841d7b113aa36589027bb4106f8fbbf22f5193162bcaaafe1a6e
sim/arch_test/suite/riscv-test-suite/rv32i_m/F/src/fmadd_b2-01.S	第三方架构测试源码/参考/框架	135001	f5980c20aca712c3431d48c554ff0f3114c3e074a989f747299ffaee38c5d135
sim/arch_test/suite/riscv-test-suite/rv32i_m/F/src/fmadd_b3-01.S	第三方架构测试源码/参考/框架	542940	8f2d56db618db74eed9f16f62b1d59f516b5d7443870a4b1be8d82799c9765dd
sim/arch_test/suite/riscv-test-suite/rv32i_m/F/src/fmadd_b4-01.S	第三方架构测试源码/参考/框架	74083	2d4ec82b1916fe29d4ec173feb4db4092d71998f92ea26c22d3c03e9103c3fad
sim/arch_test/suite/riscv-test-suite/rv32i_m/F/src/fmadd_b5-01.S	第三方架构测试源码/参考/框架	111881	def6541dc2714ed76701ca4cc54c18857a068c2dc8da1323c1f5052c93df2156
sim/arch_test/suite/riscv-test-suite/rv32i_m/F/src/fmadd_b6-01.S	第三方架构测试源码/参考/框架	73015	819370160df6bf031f9339456190f764318a44e90817f0c076aa8f1705c6fc3e
sim/arch_test/suite/riscv-test-suite/rv32i_m/F/src/fmadd_b7-01.S	第三方架构测试源码/参考/框架	83211	1dfc5122641a74de5ae9da17aa07c6493d5e40ab28311029e8802bc1f570994b
sim/arch_test/suite/riscv-test-suite/rv32i_m/F/src/fmadd_b8-01.S	第三方架构测试源码/参考/框架	811681	cf3e4c1232297ae439efb8165b6ae3c3fa6330edf2204323cc5c90b97e37d110
sim/arch_test/suite/riscv-test-suite/rv32i_m/F/src/fmax_b1-01.S	第三方架构测试源码/参考/框架	226263	b8d2de7828f120741b4078e5199f6124a627ebfba95e33eef6a313f89d60c53c
sim/arch_test/suite/riscv-test-suite/rv32i_m/F/src/fmax_b19-01.S	第三方架构测试源码/参考/框架	374764	ee06aba679049b0a897cd006874976483549eace224c3ebe602f7011d3cd5172
sim/arch_test/suite/riscv-test-suite/rv32i_m/F/src/fmin_b1-01.S	第三方架构测试源码/参考/框架	225873	be567cb524078da0937c955b8be63ee3a1519970edfc57d1d130317418ccc66c
sim/arch_test/suite/riscv-test-suite/rv32i_m/F/src/fmin_b19-01.S	第三方架构测试源码/参考/框架	389161	dcc3dbbe307530625786f29a4ff461004755d902a4b17711dae70ca2fe146083
sim/arch_test/suite/riscv-test-suite/rv32i_m/F/src/fmsub_b1-01.S	第三方架构测试源码/参考/框架	6548545	10a76b9a21708a2b20160103fdf18300890554f3debb7e805c21126d4c9975f5
sim/arch_test/suite/riscv-test-suite/rv32i_m/F/src/fmsub_b14-01.S	第三方架构测试源码/参考/框架	41514	df31ae5d2e627a0cd6abbdb6bd9ecbaafc494a631fc7e1bfedf4599686f82dac
sim/arch_test/suite/riscv-test-suite/rv32i_m/F/src/fmsub_b15-01.S	第三方架构测试源码/参考/框架	18153617	772bb69f06dd400cb1741cce09bf24c7f7fdf1fd5e56da85391ab8d6de5a672e
sim/arch_test/suite/riscv-test-suite/rv32i_m/F/src/fmsub_b16-01.S	第三方架构测试源码/参考/框架	102335	b52538e046aaad6ac27964d472ed7a5b0c82e253aa1cfb4188e5a727280807cb
sim/arch_test/suite/riscv-test-suite/rv32i_m/F/src/fmsub_b17-01.S	第三方架构测试源码/参考/框架	102335	580ae51d88f03e8a1f1c3aae0c9139e155c67ed3e69c0abb646dd131ae50b7fe
sim/arch_test/suite/riscv-test-suite/rv32i_m/F/src/fmsub_b18-01.S	第三方架构测试源码/参考/框架	134778	5f9cb7f1d70a207e24014b0afadce698b9a5f544cf71fd70ee662ebcdae90728
sim/arch_test/suite/riscv-test-suite/rv32i_m/F/src/fmsub_b2-01.S	第三方架构测试源码/参考/框架	134957	d43034a6559808f7a63d347060e957eef3948ec7421d042e9ab6b47512535070
sim/arch_test/suite/riscv-test-suite/rv32i_m/F/src/fmsub_b3-01.S	第三方架构测试源码/参考/框架	543420	d3a8f6f80efb518a79434525d10d9db72aa1cb1f10e4bc65841e1d39c7dbab79
sim/arch_test/suite/riscv-test-suite/rv32i_m/F/src/fmsub_b4-01.S	第三方架构测试源码/参考/框架	73611	49b599960823cc9fe507b5dab3fdec6b7507246862029e48b2b4ebbea2603f91
sim/arch_test/suite/riscv-test-suite/rv32i_m/F/src/fmsub_b5-01.S	第三方架构测试源码/参考/框架	111889	2840086e8764516d301c071401024039914623e6b793e2a3b15609cecd03e6b9
sim/arch_test/suite/riscv-test-suite/rv32i_m/F/src/fmsub_b6-01.S	第三方架构测试源码/参考/框架	73015	fb66031972bb917dfddb6f46ef474c6a41bdcdf7c4e1268476cbe14b6d39f2af
sim/arch_test/suite/riscv-test-suite/rv32i_m/F/src/fmsub_b7-01.S	第三方架构测试源码/参考/框架	83211	57be1b3cd243b16d32a40c7667ed49c214cd93c5a2670d20999cac18c109e964
sim/arch_test/suite/riscv-test-suite/rv32i_m/F/src/fmsub_b8-01.S	第三方架构测试源码/参考/框架	811681	c2604e301ba47aa0b5e9f5aca8b64d476e20788b0bde6d2c43064a53001cc3a4
sim/arch_test/suite/riscv-test-suite/rv32i_m/F/src/fmul_b1-01.S	第三方架构测试源码/参考/框架	225845	c5129b0c17330c852a19a156776544027875f8597317dcfd6ee8a1b95b74e03b
sim/arch_test/suite/riscv-test-suite/rv32i_m/F/src/fmul_b2-01.S	第三方架构测试源码/参考/框架	109100	a836f87451e1966a77eb646f8c2ebcbdf903a3043f15c9ba8dd88d3414d33e80
sim/arch_test/suite/riscv-test-suite/rv32i_m/F/src/fmul_b3-01.S	第三方架构测试源码/参考/框架	434791	13ba4db92b4676a3772ff8307ba03d06e399dc2c263cfb131db08099a9ebef47
sim/arch_test/suite/riscv-test-suite/rv32i_m/F/src/fmul_b4-01.S	第三方架构测试源码/参考/框架	57572	18eb3d459ba5a631860dc8649dfcce7e02b1d15706c39c2475f3967c99065242
sim/arch_test/suite/riscv-test-suite/rv32i_m/F/src/fmul_b5-01.S	第三方架构测试源码/参考/框架	87472	b918cf0e6813a56b2af25c315dd152d74f4b372882a263b79eaf4d616a664596
sim/arch_test/suite/riscv-test-suite/rv32i_m/F/src/fmul_b6-01.S	第三方架构测试源码/参考/框架	57284	e250215ade5206dd95b883a32d92b0ef9af0d8b8ead169a1ee8fde908714bb9d
sim/arch_test/suite/riscv-test-suite/rv32i_m/F/src/fmul_b7-01.S	第三方架构测试源码/参考/框架	63472	98b52d15630f5bc15be014f9c9cfa70bba2e1fa810aee46761edee12f35937f0
sim/arch_test/suite/riscv-test-suite/rv32i_m/F/src/fmul_b8-01.S	第三方架构测试源码/参考/框架	655534	26c5539534c9f862fc21379d9ca059536524c071a80b52b2303a2f67a3f81256
sim/arch_test/suite/riscv-test-suite/rv32i_m/F/src/fmul_b9-01.S	第三方架构测试源码/参考/框架	513871	b0cfbc708f3b3aa0fafe68eb3dfb9a3042323e3a5db5cd074195ebf402453c19
sim/arch_test/suite/riscv-test-suite/rv32i_m/F/src/fmv.w.x_b25-01.S	第三方架构测试源码/参考/框架	9951	35f10f42f8ce53166a53f235098be69a87ba63dde4049a5752b445661d74c6c2
sim/arch_test/suite/riscv-test-suite/rv32i_m/F/src/fmv.w.x_b26-01.S	第三方架构测试源码/参考/框架	10697	d6fce2ed653983c77e9bbdd400a32aea18c742a721d5ca5e7ee1ae9129b2b098
sim/arch_test/suite/riscv-test-suite/rv32i_m/F/src/fmv.x.w_b1-01.S	第三方架构测试源码/参考/框架	11327	afc026f8b7f7e45736092595f10678f57e61395f2eb69723242faf1330f07244
sim/arch_test/suite/riscv-test-suite/rv32i_m/F/src/fmv.x.w_b22-01.S	第三方架构测试源码/参考/框架	9650	c3b8c225b49b8904c61f86d0484908ff4e3eaba89484652edef07af25c7e4a3b
sim/arch_test/suite/riscv-test-suite/rv32i_m/F/src/fmv.x.w_b23-01.S	第三方架构测试源码/参考/框架	9833	fe26f14a430424803bbe6cbd5a8a8fd6ea6723c2f7b1473bc48137a2711f8dee
sim/arch_test/suite/riscv-test-suite/rv32i_m/F/src/fmv.x.w_b24-01.S	第三方架构测试源码/参考/框架	11259	6ff0995f079193f93e4eec383f8772127c614235f02ca4f4cec91d5210d33e5d
sim/arch_test/suite/riscv-test-suite/rv32i_m/F/src/fmv.x.w_b27-01.S	第三方架构测试源码/参考/框架	9991	dad6c2295d55b0e6aed98d1991735ee1cdd704195872e3542ec6140cd926f845
sim/arch_test/suite/riscv-test-suite/rv32i_m/F/src/fmv.x.w_b28-01.S	第三方架构测试源码/参考/框架	11387	a002476057dff4c6d8c63df4ecd645c18bd850d018c88a02d3ad5679ac9e1fa3
sim/arch_test/suite/riscv-test-suite/rv32i_m/F/src/fmv.x.w_b29-01.S	第三方架构测试源码/参考/框架	10600	18cb21d35bf9453f8954c18f182b59c4cdfd8a52cf2eb5df436f54073514ae20
sim/arch_test/suite/riscv-test-suite/rv32i_m/F/src/fnmadd_b1-01.S	第三方架构测试源码/参考/框架	6576725	4eb2fc71b81cba2334bbc92049bd8c593b7b0e7dd929c7da245d00bc66d21599
sim/arch_test/suite/riscv-test-suite/rv32i_m/F/src/fnmadd_b14-01.S	第三方架构测试源码/参考/框架	41685	4fc54cd4f53d305c812f374da70b3569ed362f92e9c532e182f38a4f0d952908
sim/arch_test/suite/riscv-test-suite/rv32i_m/F/src/fnmadd_b15-01.S	第三方架构测试源码/参考/框架	18228919	7c6a50b48007afa3116d750ae33d515df4dd837fd39e8fd4b864d0c4540e1481
sim/arch_test/suite/riscv-test-suite/rv32i_m/F/src/fnmadd_b16-01.S	第三方架构测试源码/参考/框架	103234	e59050fed0ca337e4de42a56eede38148a10809ceb028965ee89adb72be49d8d
sim/arch_test/suite/riscv-test-suite/rv32i_m/F/src/fnmadd_b17-01.S	第三方架构测试源码/参考/框架	102746	5f54dd1a4261d7f9cb761cd10af2d2318e9747365f54f3df8b971afc1a4a664a
sim/arch_test/suite/riscv-test-suite/rv32i_m/F/src/fnmadd_b18-01.S	第三方架构测试源码/参考/框架	134774	ba99f98067aa10a07ddb1644715725b802f21dbc525cd2bf22c055c0f64021f7
sim/arch_test/suite/riscv-test-suite/rv32i_m/F/src/fnmadd_b2-01.S	第三方架构测试源码/参考/框架	135564	7474ad29dab2f6b13590fac55134773b3240d2f644a016ac7d6f693e6f431d59
sim/arch_test/suite/riscv-test-suite/rv32i_m/F/src/fnmadd_b3-01.S	第三方架构测试源码/参考/框架	545199	be9f592f11025da47ac6d7e315f872c8fd16c6d53b8fbcda5d7da34eab374343
sim/arch_test/suite/riscv-test-suite/rv32i_m/F/src/fnmadd_b4-01.S	第三方架构测试源码/参考/框架	73910	1041775b91ed044fbef6d6901d9be44e64ca2240a01d352baf97be05f09e948a
sim/arch_test/suite/riscv-test-suite/rv32i_m/F/src/fnmadd_b5-01.S	第三方架构测试源码/参考/框架	112352	68274c687211f98885da86032a9ef3d7a53b86cf8ac05b5dabc4373fef25efae
sim/arch_test/suite/riscv-test-suite/rv32i_m/F/src/fnmadd_b6-01.S	第三方架构测试源码/参考/框架	73788	2acf2e61a9278ce50c7d66cccbc088f9f099e2572841542f2eae2dbf1feb6c46
sim/arch_test/suite/riscv-test-suite/rv32i_m/F/src/fnmadd_b7-01.S	第三方架构测试源码/参考/框架	84032	18ffd626f8c6901868229219d9079f039596f615b848c3d24c9a76510515677f
sim/arch_test/suite/riscv-test-suite/rv32i_m/F/src/fnmadd_b8-01.S	第三方架构测试源码/参考/框架	815060	29eb3cde3c9d868acb5410066051fa359d8088adde306ddbcdbc74348a66c018
sim/arch_test/suite/riscv-test-suite/rv32i_m/F/src/fnmsub_b1-01.S	第三方架构测试源码/参考/框架	6576733	0d6c7be59564f780ff1cb801888e61cc1f360ed38c1f57d09ed174a094d8462a
sim/arch_test/suite/riscv-test-suite/rv32i_m/F/src/fnmsub_b14-01.S	第三方架构测试源码/参考/框架	41687	3cc7fef08f17bef7b384dd9fba91adbaa8cde4dfd23dd87b84d23e4869648156
sim/arch_test/suite/riscv-test-suite/rv32i_m/F/src/fnmsub_b15-01.S	第三方架构测试源码/参考/框架	18228914	9c6e1d169eaa4bcfc1b165968087ec20ae1e30004b3e7d00b8b10dc7762a6fd3
sim/arch_test/suite/riscv-test-suite/rv32i_m/F/src/fnmsub_b16-01.S	第三方架构测试源码/参考/框架	103234	6ad8be6b7821564eceaf3714a95b091037e082d5a3ef8b8b674363ebbd1962a8
sim/arch_test/suite/riscv-test-suite/rv32i_m/F/src/fnmsub_b17-01.S	第三方架构测试源码/参考/框架	102754	dc56823e67600cb55964efb9792f27e7eef408c33223f5f78d2d00dd50111ac1
sim/arch_test/suite/riscv-test-suite/rv32i_m/F/src/fnmsub_b18-01.S	第三方架构测试源码/参考/框架	134774	1067536e7beb824e064bc1bebf97af5989928647102527e96358e7dcc218b6bb
sim/arch_test/suite/riscv-test-suite/rv32i_m/F/src/fnmsub_b2-01.S	第三方架构测试源码/参考/框架	135572	716cd02519d29a084a0bd316c8412a3381e40a5d8edad66761b7b18a8787fa6e
sim/arch_test/suite/riscv-test-suite/rv32i_m/F/src/fnmsub_b3-01.S	第三方架构测试源码/参考/框架	545191	d45a850da327c1219057699af5db0a51fc5d177698e6445baf23c9993be0202e
sim/arch_test/suite/riscv-test-suite/rv32i_m/F/src/fnmsub_b4-01.S	第三方架构测试源码/参考/框架	73910	810df80ea1aa153134b2945dcd34faefc6083cc7b0cb16597e5f437a5f187df4
sim/arch_test/suite/riscv-test-suite/rv32i_m/F/src/fnmsub_b5-01.S	第三方架构测试源码/参考/框架	112352	30d6484f53fc01f1ed24c2aaca67ae7ed602019b96afcd25ae1503b795d34967
sim/arch_test/suite/riscv-test-suite/rv32i_m/F/src/fnmsub_b6-01.S	第三方架构测试源码/参考/框架	73792	e2927bd40f9462faeb380a81ca83f93f91ac32ad432655d59bfcb378a434ee98
sim/arch_test/suite/riscv-test-suite/rv32i_m/F/src/fnmsub_b7-01.S	第三方架构测试源码/参考/框架	84032	6a3d489900d5e3742d86e15f944ad90f8e73abf88e334dd376bcafaa19c4fcd1
sim/arch_test/suite/riscv-test-suite/rv32i_m/F/src/fnmsub_b8-01.S	第三方架构测试源码/参考/框架	815060	2ee393d35125a8f024c6f8a1eb2f714a3f0eb3cb54c7521c5ae6e95e60cecc21
sim/arch_test/suite/riscv-test-suite/rv32i_m/F/src/fsgnj_b1-01.S	第三方架构测试源码/参考/框架	227032	14aac44e352d5305fbafaf7cbe87d20fa3a5abbb2bf8242eb694646a5d279070
sim/arch_test/suite/riscv-test-suite/rv32i_m/F/src/fsgnjn_b1-01.S	第三方架构测试源码/参考/框架	228187	5386904e2ba24d13c9dcdb8b883f800e8687030dd66b59e3e8c0b3368acdc996
sim/arch_test/suite/riscv-test-suite/rv32i_m/F/src/fsgnjx_b1-01.S	第三方架构测试源码/参考/框架	228191	a1cb2f440235a0254c5ce0b292669c4785b12478f4b84f0d8dbaf6e2b9a6c018
sim/arch_test/suite/riscv-test-suite/rv32i_m/F/src/fsqrt_b1-01.S	第三方架构测试源码/参考/框架	10518	0d0ea94afdd4db70e0bc39eb65140de62bf5b46dc71880bac003c27bba8bdcf6
sim/arch_test/suite/riscv-test-suite/rv32i_m/F/src/fsqrt_b2-01.S	第三方架构测试源码/参考/框架	10638	fbfaebcc89343a56230f72def8d162e4f712d2a1bef9b0204b4197eb7ab08284
sim/arch_test/suite/riscv-test-suite/rv32i_m/F/src/fsqrt_b20-01.S	第三方架构测试源码/参考/框架	20767	7c1ac209de063a4a20ef6ed578d032c09b13f941d36ec62c1cb792dfbc28d48e
sim/arch_test/suite/riscv-test-suite/rv32i_m/F/src/fsqrt_b3-01.S	第三方架构测试源码/参考/框架	9818	e1a69abddc8cfe0e77f14f4d78998404e3dfb0c69810f01a560fc725a57638b6
sim/arch_test/suite/riscv-test-suite/rv32i_m/F/src/fsqrt_b4-01.S	第三方架构测试源码/参考/框架	9128	ce4637889c17460a4e804f841eddbbc106dadb6c9a07c9874ea7831ed78dec03
sim/arch_test/suite/riscv-test-suite/rv32i_m/F/src/fsqrt_b5-01.S	第三方架构测试源码/参考/框架	9058	11f96ff7686066cb15100ae2594666e8f9485f05c9e3126b4942ed86865ee4c4
sim/arch_test/suite/riscv-test-suite/rv32i_m/F/src/fsqrt_b7-01.S	第三方架构测试源码/参考/框架	8962	f00343ce0b58790c2c16f6ce3e18139926ee1cad76c38c0005e0dd49cceb06da
sim/arch_test/suite/riscv-test-suite/rv32i_m/F/src/fsqrt_b8-01.S	第三方架构测试源码/参考/框架	9818	f841b2226cb177138c0c5bebb1f9641904c1c5540897b5aaf76aefc2875f5d5a
sim/arch_test/suite/riscv-test-suite/rv32i_m/F/src/fsqrt_b9-01.S	第三方架构测试源码/参考/框架	58150	4e3f38105c09f77822aebd64501a93673a73bbe3f9e6bb8d44d9db1846228593
sim/arch_test/suite/riscv-test-suite/rv32i_m/F/src/fsub_b1-01.S	第三方架构测试源码/参考/框架	225845	7c753791f5ee81fd047235f596991313316771b8b876e4aa9f1d0265208150de
sim/arch_test/suite/riscv-test-suite/rv32i_m/F/src/fsub_b10-01.S	第三方架构测试源码/参考/框架	30624	4c73df8830f265cbc5eca935c9310e1123103b734af5cc1a017ca3759fed2c92
sim/arch_test/suite/riscv-test-suite/rv32i_m/F/src/fsub_b11-01.S	第三方架构测试源码/参考/框架	2732598	61d3335345c0365ad3073e253048862abcbae915817eee90929d96c83256c2aa
sim/arch_test/suite/riscv-test-suite/rv32i_m/F/src/fsub_b12-01.S	第三方架构测试源码/参考/框架	22471	cb1b90ad4b5161476c50f3ef521105c4727f3456e542823a665c21a4e1dd0aed
sim/arch_test/suite/riscv-test-suite/rv32i_m/F/src/fsub_b13-01.S	第三方架构测试源码/参考/框架	81154	81d3cd4c1f3fce0e8d48f4dc77f050aa0921c8969043bd957b3d54f835c43bf5
sim/arch_test/suite/riscv-test-suite/rv32i_m/F/src/fsub_b2-01.S	第三方架构测试源码/参考/框架	107580	6d484556ca2c7955b749b08fa6271c340c4147e38ecba4561e3c631e33747a2a
sim/arch_test/suite/riscv-test-suite/rv32i_m/F/src/fsub_b3-01.S	第三方架构测试源码/参考/框架	441643	7c1740f177e6c2b7a95710207a780afc5fa3996858980105ca0fcc4877869efc
sim/arch_test/suite/riscv-test-suite/rv32i_m/F/src/fsub_b4-01.S	第三方架构测试源码/参考/框架	57572	984413dbafd0e2a940b24047cec62317c3b73472014bb53e8a7d9fffd10bb37b
sim/arch_test/suite/riscv-test-suite/rv32i_m/F/src/fsub_b5-01.S	第三方架构测试源码/参考/框架	89012	5d512ef02b93f9c269b4b5a46a49b93ceaa2a47122d538ab39df3b5644b71076
sim/arch_test/suite/riscv-test-suite/rv32i_m/F/src/fsub_b7-01.S	第三方架构测试源码/参考/框架	65432	14ee6adb3c06c6884aa5a5638516c6fa743e11c5c7bcb2bbe89529ee526d90b1
sim/arch_test/suite/riscv-test-suite/rv32i_m/F/src/fsub_b8-01.S	第三方架构测试源码/参考/框架	661614	bf611fa9e99b34afa55eb28be68d4e948d36c9d4a2fe897e2062e4e56257c75d
sim/arch_test/suite/riscv-test-suite/rv32i_m/F/src/fsw-align-01.S	第三方架构测试源码/参考/框架	7906	433dfae379cc7f45477a2c0647d6550be32b3f91d58d5b5d3db472a3570db079
sim/arch_test/suite/riscv-test-suite/rv32i_m/I/.gitignore	第三方架构测试源码/参考/框架	0	e3b0c44298fc1c149afbf4c8996fb92427ae41e4649b934ca495991b7852b855
sim/arch_test/suite/riscv-test-suite/rv32i_m/I/Makefile	第三方架构测试源码/参考/框架	105	05c1a989a90bb32461181fc14df725d45c772d1be85a4c0d38443de6b9c4fdb9
sim/arch_test/suite/riscv-test-suite/rv32i_m/I/Makefrag	第三方架构测试源码/参考/框架	2229	b375184975f15b1247eaa724a6b235039d966ef7db9719dbd6b8510e5e873340
sim/arch_test/suite/riscv-test-suite/rv32i_m/I/references/add-01.reference_output	第三方架构测试源码/参考/框架	5292	f981d4a4ade880d5cfa432d727fc3e67239f26ac9ddfc37589457b11c7a836af
sim/arch_test/suite/riscv-test-suite/rv32i_m/I/references/addi-01.reference_output	第三方架构测试源码/参考/框架	5076	5d0143a44c0911132a694cfc9dc05c8d356abb12e069f23d5fff4e78f4a74af2
sim/arch_test/suite/riscv-test-suite/rv32i_m/I/references/and-01.reference_output	第三方架构测试源码/参考/框架	5256	e6250b4fe6c2573cd273ec96b5586d0aeda57324f7f83b429773b588b5329758
sim/arch_test/suite/riscv-test-suite/rv32i_m/I/references/andi-01.reference_output	第三方架构测试源码/参考/框架	5076	903134ea5097dda3bced9c5e335c485908680b65d489619f39dd1699184f855a
sim/arch_test/suite/riscv-test-suite/rv32i_m/I/references/auipc-01.reference_output	第三方架构测试源码/参考/框架	576	bdff51eff43cbba87eb6ed541dd7ddf71c33479ed00706f2f094eb9fd1b363bb
sim/arch_test/suite/riscv-test-suite/rv32i_m/I/references/beq-01.reference_output	第三方架构测试源码/参考/框架	5256	24a1c1cd7735180887cbc1875c681b57b474538cb4fb1773640b17df4478d506
sim/arch_test/suite/riscv-test-suite/rv32i_m/I/references/bge-01.reference_output	第三方架构测试源码/参考/框架	5328	f976aa883499fce694826d4a211d32e5f8c80e58ab8d6fb258827f9aeafb18f5
sim/arch_test/suite/riscv-test-suite/rv32i_m/I/references/bgeu-01.reference_output	第三方架构测试源码/参考/框架	6552	011ba1052b0009070f3a9d351bbf5ef4941f4fce34dd50ada5965ff623aee16f
sim/arch_test/suite/riscv-test-suite/rv32i_m/I/references/blt-01.reference_output	第三方架构测试源码/参考/框架	5220	24cf7f9018f80de56f1afcb4854613325a43bcd87daa9c3f278559fb4c2fe90c
sim/arch_test/suite/riscv-test-suite/rv32i_m/I/references/bltu-01.reference_output	第三方架构测试源码/参考/框架	6552	bf92be9854b7694b9d96107fe6e2d2a0d6caf9ec0a5b1a47f0f96c8922b515ab
sim/arch_test/suite/riscv-test-suite/rv32i_m/I/references/bne-01.reference_output	第三方架构测试源码/参考/框架	5256	3e4d5682915df46d1ff17d9042a5619769fe67e09fd64d70050512df691826fd
sim/arch_test/suite/riscv-test-suite/rv32i_m/I/references/fence-01.reference_output	第三方架构测试源码/参考/框架	36	063bcb285d2474b5e36920dd0f256da64c0175489366958b6af971c81bc99cef
sim/arch_test/suite/riscv-test-suite/rv32i_m/I/references/jal-01.reference_output	第三方架构测试源码/参考/框架	288	f765f27f160225ba18d765fe249bc5034822b4aa8dc2f8d468509e07717e97a0
sim/arch_test/suite/riscv-test-suite/rv32i_m/I/references/jalr-01.reference_output	第三方架构测试源码/参考/框架	324	4c68fdd35e526b0486851859109c1bc7ce9489ee836a2f324b6ba32035d2fa00
sim/arch_test/suite/riscv-test-suite/rv32i_m/I/references/lb-align-01.reference_output	第三方架构测试源码/参考/框架	324	51c52a07556c18ac8b3497e5bde1510896b4ae4b80ce1bd6bbb8d0469c3db1f5
sim/arch_test/suite/riscv-test-suite/rv32i_m/I/references/lbu-align-01.reference_output	第三方架构测试源码/参考/框架	288	51f3da6f44a65be52a7221d20f5955ff6dac4c9daa7075c727f722d44f51aa6c
sim/arch_test/suite/riscv-test-suite/rv32i_m/I/references/lh-align-01.reference_output	第三方架构测试源码/参考/框架	288	f589aadfcc271909c1f223732d50e7b2673fa080e688772e926a8a3b129999da
sim/arch_test/suite/riscv-test-suite/rv32i_m/I/references/lhu-align-01.reference_output	第三方架构测试源码/参考/框架	288	2ac3d4982a3fcd185f96c06b6617dfca24b94d9fcdafeec469c25298efeb879d
sim/arch_test/suite/riscv-test-suite/rv32i_m/I/references/lui-01.reference_output	第三方架构测试源码/参考/框架	576	07f69ab7c86d6537ece946290e65cacbd1d299c9720e80914e20b33fee1ba40e
sim/arch_test/suite/riscv-test-suite/rv32i_m/I/references/lw-align-01.reference_output	第三方架构测试源码/参考/框架	288	98ff625c02a5bd3a272951c1e7a79d116a5b9dadf1c82b2fdc9eef65c136606e
sim/arch_test/suite/riscv-test-suite/rv32i_m/I/references/or-01.reference_output	第三方架构测试源码/参考/框架	5292	59da0fbe51a1982656d8c69a82ccf26120d6d0c8233856dd3920d3a687d1199c
sim/arch_test/suite/riscv-test-suite/rv32i_m/I/references/ori-01.reference_output	第三方架构测试源码/参考/框架	5040	d2972c0f16e95a6b59af2df0c9339a8227d146ca13eccefd322902b98a851a71
sim/arch_test/suite/riscv-test-suite/rv32i_m/I/references/sb-align-01.reference_output	第三方架构测试源码/参考/框架	648	72b0a0a8d98e83a95ee9aea9791eb28cc3e3fad3ea3bb539fd3d4271a9121810
sim/arch_test/suite/riscv-test-suite/rv32i_m/I/references/sh-align-01.reference_output	第三方架构测试源码/参考/框架	648	6e655619e84729ff2d99e531a357cb76a4c7b89642d32ab7c6ed9a92aec60769
sim/arch_test/suite/riscv-test-suite/rv32i_m/I/references/sll-01.reference_output	第三方架构测试源码/参考/框架	828	ee0f8a422e126ff4064bfc627380ee426246a41b7c53f2c4f57c202f76c2b67f
sim/arch_test/suite/riscv-test-suite/rv32i_m/I/references/slli-01.reference_output	第三方架构测试源码/参考/框架	792	54ed5a1eaad97e2c9c738bd4a753f47940766fbbf7d4e5abe4bee147fb32f5b3
sim/arch_test/suite/riscv-test-suite/rv32i_m/I/references/slt-01.reference_output	第三方架构测试源码/参考/框架	5256	f00d39cea467e3bfbec5e682c0fdcd1cb50a912f5f91c7720ca1b40c570d7b5f
sim/arch_test/suite/riscv-test-suite/rv32i_m/I/references/slti-01.reference_output	第三方架构测试源码/参考/框架	5040	d1bad645b7e9eeb772056f033f695da5bb9fc7c78a4804a5e4a68375d87e3825
sim/arch_test/suite/riscv-test-suite/rv32i_m/I/references/sltiu-01.reference_output	第三方架构测试源码/参考/框架	6300	a93dc0aa7414dbf1d58159e6a58337eabfdcd5769bf8d57e1711c51bde62531b
sim/arch_test/suite/riscv-test-suite/rv32i_m/I/references/sltu-01.reference_output	第三方架构测试源码/参考/框架	6516	c7359255407a0161997a92dfd9ff793373f8963965f32950fa251668918e3a67
sim/arch_test/suite/riscv-test-suite/rv32i_m/I/references/sra-01.reference_output	第三方架构测试源码/参考/框架	828	0d8d35b51f8123d11494cb1a3cd6869eb9791bb6eee6aa654691632258128492
sim/arch_test/suite/riscv-test-suite/rv32i_m/I/references/srai-01.reference_output	第三方架构测试源码/参考/框架	792	5d077c9ffe069b2fdcd6209b3395df32946f2cc5f8acac1489b83c108e76d18e
sim/arch_test/suite/riscv-test-suite/rv32i_m/I/references/srl-01.reference_output	第三方架构测试源码/参考/框架	828	ae1a12c87c651ebca5f74b138ec1aa5b32863940776db53a1fe0d9dcfa3a38d8
sim/arch_test/suite/riscv-test-suite/rv32i_m/I/references/srli-01.reference_output	第三方架构测试源码/参考/框架	828	dc976e6e34042bd46330c274dd441ed41c87786258996310cfb5e36fef35b635
sim/arch_test/suite/riscv-test-suite/rv32i_m/I/references/sub-01.reference_output	第三方架构测试源码/参考/框架	5328	73703834e2025ff9ba9f1335d766db79ee4bd7b561e26fab41e2ee6aa486513d
sim/arch_test/suite/riscv-test-suite/rv32i_m/I/references/sw-align-01.reference_output	第三方架构测试源码/参考/框架	612	ba984f5d106fbfeaaf0b0b072bec01283796e24790d917a008a556775473038a
sim/arch_test/suite/riscv-test-suite/rv32i_m/I/references/xor-01.reference_output	第三方架构测试源码/参考/框架	5292	a5c7941a251e0f69547566cb84735637416d4b7d0c99c1b03aca2a627ecc0390
sim/arch_test/suite/riscv-test-suite/rv32i_m/I/references/xori-01.reference_output	第三方架构测试源码/参考/框架	5112	ad7777f255587ae788a3f136023b0c39a5ed68b41b3dd43e9aaf7579539c165d
sim/arch_test/suite/riscv-test-suite/rv32i_m/I/src/add-01.S	第三方架构测试源码/参考/框架	121592	249ecdf52cc58e7bf87ee7d7c4650ea8a073685d9cfacaae5495bc30883f2ac8
sim/arch_test/suite/riscv-test-suite/rv32i_m/I/src/addi-01.S	第三方架构测试源码/参考/框架	104740	8ef5ad0ba54c05361289f86d059a51e059123924ab4714d8fc8479dedf5adf1c
sim/arch_test/suite/riscv-test-suite/rv32i_m/I/src/and-01.S	第三方架构测试源码/参考/框架	118945	162896a17ed672ad6d03c19b83a25eb5e6c37442fe95700359d7f1981e088ceb
sim/arch_test/suite/riscv-test-suite/rv32i_m/I/src/andi-01.S	第三方架构测试源码/参考/框架	102852	7229a68dc53e49dae47d107054eb1fb237edb14090b62c21973800805a241ff7
sim/arch_test/suite/riscv-test-suite/rv32i_m/I/src/auipc-01.S	第三方架构测试源码/参考/框架	10078	0f1e7da3289f7c4a2e1f4b923bee605b9649dbf50dd831f4c5bba447d510a377
sim/arch_test/suite/riscv-test-suite/rv32i_m/I/src/beq-01.S	第三方架构测试源码/参考/框架	126253	0285d523eb313d2e7535fedf343a01dccbcfcabdf73193ee319ef7d3d5b139d0
sim/arch_test/suite/riscv-test-suite/rv32i_m/I/src/bge-01.S	第三方架构测试源码/参考/框架	127724	5bec35c1db13a172101822130b104ac756a6e48465f0846df80128e88c55550f
sim/arch_test/suite/riscv-test-suite/rv32i_m/I/src/bgeu-01.S	第三方架构测试源码/参考/框架	157619	04956b62fd1d5a8dfcb4a1bd70f8eb50a37bc596d3440d72a31a06d636363fae
sim/arch_test/suite/riscv-test-suite/rv32i_m/I/src/blt-01.S	第三方架构测试源码/参考/框架	125591	c4ccf901b9bad9d9f69855358cee4aeb50939c54815b1e761bd29260399035b1
sim/arch_test/suite/riscv-test-suite/rv32i_m/I/src/bltu-01.S	第三方架构测试源码/参考/框架	157700	16cf3ac7085f82b5cd2d01ae8cae59d0922e51113afc034ad5f83050ba7ba154
sim/arch_test/suite/riscv-test-suite/rv32i_m/I/src/bne-01.S	第三方架构测试源码/参考/框架	126461	b8fa388181b88c7d849e21b9722b31b9fbce827012fac0e923704e9f7040750e
sim/arch_test/suite/riscv-test-suite/rv32i_m/I/src/fence-01.S	第三方架构测试源码/参考/框架	923	e625009b422edb9f2ccad88ddf21e623184bbd1860792ed65bfb1097fb84fa5a
sim/arch_test/suite/riscv-test-suite/rv32i_m/I/src/jal-01.S	第三方架构测试源码/参考/框架	5095	f019981fa9c79faadd5b8117986356fc5eb926974b3957095688cba8f8a453dc
sim/arch_test/suite/riscv-test-suite/rv32i_m/I/src/jalr-01.S	第三方架构测试源码/参考/框架	6416	db777aeef560c2f0b2a115d4e1d8e860a14cabbbb0021b3098add7e45a642499
sim/arch_test/suite/riscv-test-suite/rv32i_m/I/src/lb-align-01.S	第三方架构测试源码/参考/框架	6408	02142eb432aa6dc19d1ce675e2dc6184e61241208728eed0d7d28dd510dccab7
sim/arch_test/suite/riscv-test-suite/rv32i_m/I/src/lbu-align-01.S	第三方架构测试源码/参考/框架	6301	05c3307f67311aa6c373fe3b20e9af46b5c5e1fe257860d8da1ac2fd11f92405
sim/arch_test/suite/riscv-test-suite/rv32i_m/I/src/lh-align-01.S	第三方架构测试源码/参考/框架	5956	11ff3ba8fbc0fe1f0fef8c251368c08741a2c36d19edd0315e410b2450712e57
sim/arch_test/suite/riscv-test-suite/rv32i_m/I/src/lhu-align-01.S	第三方架构测试源码/参考/框架	6054	61f7c4df13fb584e97ff655d14aee08b45cfc97bf8bf7e25c033af294d73338d
sim/arch_test/suite/riscv-test-suite/rv32i_m/I/src/lui-01.S	第三方架构测试源码/参考/框架	9800	25408026c1b4deebdd2e3a65c3a76ef6e298c18a7678648a5c92a004f2d6a3fa
sim/arch_test/suite/riscv-test-suite/rv32i_m/I/src/lw-align-01.S	第三方架构测试源码/参考/框架	5842	1a16ad643766297d85add0e00a7771df28b56989290e12cf44eaad8ea629c902
sim/arch_test/suite/riscv-test-suite/rv32i_m/I/src/or-01.S	第三方架构测试源码/参考/框架	120289	1aa5a2e0b78e676e692e0a6dc2bd40b66ff7ee5a4acf1937f34a5f53393ac138
sim/arch_test/suite/riscv-test-suite/rv32i_m/I/src/ori-01.S	第三方架构测试源码/参考/框架	103597	81b2bb7f26a7ab09cd06139bb1788f56a13493c163fafca1205f0d644d94c4a5
sim/arch_test/suite/riscv-test-suite/rv32i_m/I/src/sb-align-01.S	第三方架构测试源码/参考/框架	13467	e17d13abd475ca83a22548a2a520ad1566b2f0080d5a30d66d98b07abdd7efce
sim/arch_test/suite/riscv-test-suite/rv32i_m/I/src/sh-align-01.S	第三方架构测试源码/参考/框架	13302	e90e0a7c746d7ea6eead4c9df765c763901536554723f1a993522a9fdb29898b
sim/arch_test/suite/riscv-test-suite/rv32i_m/I/src/sll-01.S	第三方架构测试源码/参考/框架	18813	33b079d0350f49a3f8787faabf56b33a998fb869bea43707c8abf97cfdf81ae8
sim/arch_test/suite/riscv-test-suite/rv32i_m/I/src/slli-01.S	第三方架构测试源码/参考/框架	17185	fff3faa9c13f44f83f33d243c231f1253a3c29e200d9d6d28355b3b3bfed2a0f
sim/arch_test/suite/riscv-test-suite/rv32i_m/I/src/slt-01.S	第三方架构测试源码/参考/框架	117457	ccda5f50fe45856399a9b05c530aff4b7e8d1ddae751159b5fcd55f6be13c605
sim/arch_test/suite/riscv-test-suite/rv32i_m/I/src/slti-01.S	第三方架构测试源码/参考/框架	101737	12e20205f84b2fdf64a018cd03d06d34b09969a7d490d4735d5e33c3b4f2c705
sim/arch_test/suite/riscv-test-suite/rv32i_m/I/src/sltiu-01.S	第三方架构测试源码/参考/框架	127206	2b3147bc830f43bf1c887208aad81a9ccc047de5b9995be56e2a9803410ac579
sim/arch_test/suite/riscv-test-suite/rv32i_m/I/src/sltu-01.S	第三方架构测试源码/参考/框架	146678	875cc17d20aeec2c53ea33a8667e2a28e6a2821a06c299f81a7ed9413391592a
sim/arch_test/suite/riscv-test-suite/rv32i_m/I/src/sra-01.S	第三方架构测试源码/参考/框架	18595	0e4c2951c23c0e3bb1f3fe2b95dcc24144255487e3d1404172aa70e92dbfc660
sim/arch_test/suite/riscv-test-suite/rv32i_m/I/src/srai-01.S	第三方架构测试源码/参考/框架	16808	f89aa370e1b5b8c4815d9b206cf12a425975fe774aef979ffa242bac719c6ae8
sim/arch_test/suite/riscv-test-suite/rv32i_m/I/src/srl-01.S	第三方架构测试源码/参考/框架	19067	792269c856c99dd3680e494a5035d46bccf67f88da5d63ffa44438dcba889ba8
sim/arch_test/suite/riscv-test-suite/rv32i_m/I/src/srli-01.S	第三方架构测试源码/参考/框架	17449	4ba2f063fcfa6e2e8604492501f8166bac17bce7e455a24fb2894ab9815d86d1
sim/arch_test/suite/riscv-test-suite/rv32i_m/I/src/sub-01.S	第三方架构测试源码/参考/框架	122664	18ac6c955a53ee9e5d496bfffae82884b84bfab674765d83f533e05d4be1ba43
sim/arch_test/suite/riscv-test-suite/rv32i_m/I/src/sw-align-01.S	第三方架构测试源码/参考/框架	12843	b5e8a6eb8ca7cd48531e9d0037fda22495820b1647e7a797340d1df6800d3f59
sim/arch_test/suite/riscv-test-suite/rv32i_m/I/src/xor-01.S	第三方架构测试源码/参考/框架	121852	fe8a90ad135c2f6e9b5534f0e5722d0e514ca68bc3ae631457f882546e1822e2
sim/arch_test/suite/riscv-test-suite/rv32i_m/I/src/xori-01.S	第三方架构测试源码/参考/框架	105453	df090221111a487cc81468e7a3beca5002621cbb853b1ebb9563b5123c7dff72
sim/arch_test/suite/riscv-test-suite/rv32i_m/K/Makefile	第三方架构测试源码/参考/框架	107	7ba810b04fa201f2fceea569347fe286ca2dad115eb65572810e2c2f884e8f15
sim/arch_test/suite/riscv-test-suite/rv32i_m/K/Makefrag	第三方架构测试源码/参考/框架	1952	f09ba8f267c7314452e9ceb129093b7a4d662aabac1c361efe02ac3564e67113
sim/arch_test/suite/riscv-test-suite/rv32i_m/K/references/aes32dsi-01.reference_output	第三方架构测试源码/参考/框架	2556	88b6de521d5da73a0e9c60c52cf6c5a40b80fc3538449acc210cebbe895294db
sim/arch_test/suite/riscv-test-suite/rv32i_m/K/references/aes32dsi-rwp1.reference_output	第三方架构测试源码/参考/框架	252	81ebe3088973f7773309a97cc98e7a4af1be7a3574a682438153d9569fb1139c
sim/arch_test/suite/riscv-test-suite/rv32i_m/K/references/aes32dsmi-01.reference_output	第三方架构测试源码/参考/框架	2556	8a983d0bb33fdd47bf77ca2a24cc888ec390008e6c2a6920e9d4d00630a2d370
sim/arch_test/suite/riscv-test-suite/rv32i_m/K/references/aes32dsmi-rwp1.reference_output	第三方架构测试源码/参考/框架	252	757ace98e02a3adbd5b63d810b3d0e0d85d7c1ac03bd8d4dd9e12cfdef6bb222
sim/arch_test/suite/riscv-test-suite/rv32i_m/K/references/aes32esi-01.reference_output	第三方架构测试源码/参考/框架	2520	2e9c30fbc80b358e6aae810b0e87566b522a001ef3ceb9c995a0746f57aca88d
sim/arch_test/suite/riscv-test-suite/rv32i_m/K/references/aes32esi-rwp1.reference_output	第三方架构测试源码/参考/框架	252	863e67ae369b97ec1d4f72a3f5ec279d65fbf0a4e9e9f6d530097bb616e5cef1
sim/arch_test/suite/riscv-test-suite/rv32i_m/K/references/aes32esmi-01.reference_output	第三方架构测试源码/参考/框架	2520	2398c0dbf16ab7318d2dc30f9cc9337922ddd815d57e9ad22b55036d23ab29fc
sim/arch_test/suite/riscv-test-suite/rv32i_m/K/references/aes32esmi-rwp1.reference_output	第三方架构测试源码/参考/框架	252	9872ac81d75ff0d2b585578d59d1bdbff80a77e285802b21f4daa74ded68efdc
sim/arch_test/suite/riscv-test-suite/rv32i_m/K/references/andn-01.reference_output	第三方架构测试源码/参考/框架	2448	37418d8547a3ca55bfc800bdd21a72917c8c65ebb68330a4258d116024d9c09f
sim/arch_test/suite/riscv-test-suite/rv32i_m/K/references/clmul-01.reference_output	第三方架构测试源码/参考/框架	2448	3fb05a6d8caacfa331d119bc8102a2edadfd38c5066526e81477824fc91e1e21
sim/arch_test/suite/riscv-test-suite/rv32i_m/K/references/clmulh-01.reference_output	第三方架构测试源码/参考/框架	2448	6071b15089a493040a12ddba540b7c735ecddeb4ddb6a48ec73c18bd08459e37
sim/arch_test/suite/riscv-test-suite/rv32i_m/K/references/orn-01.reference_output	第三方架构测试源码/参考/框架	2448	392afbb7414a0cebd7e041f7cb6b1c87553be6d0d3754c343cd400a78471785c
sim/arch_test/suite/riscv-test-suite/rv32i_m/K/references/pack-01.reference_output	第三方架构测试源码/参考/框架	2448	1f6b3e627557345d3c1249eb28b1434f1d67887a7bc57e72f08e7c20b06ba099
sim/arch_test/suite/riscv-test-suite/rv32i_m/K/references/packh-01.reference_output	第三方架构测试源码/参考/框架	2448	4f931bd14c114d9913e6818f3dd2bedff9869ebea757be9128a67720f089ef9d
sim/arch_test/suite/riscv-test-suite/rv32i_m/K/references/rev.b-01.reference_output	第三方架构测试源码/参考/框架	1188	b6c614cd8ca1af75e83a70842eda826dcbdcc919be1cf2d5085e54ca4ba1c942
sim/arch_test/suite/riscv-test-suite/rv32i_m/K/references/rev8-01.reference_output	第三方架构测试源码/参考/框架	1188	16b1a1a161f77ee6ef3754d29cf9bf63cd56da9b40eb37d9f0e22ac9adec5049
sim/arch_test/suite/riscv-test-suite/rv32i_m/K/references/rol-01.reference_output	第三方架构测试源码/参考/框架	2448	07288d5e055c93b30124b7cbed8b92c26824f36f77d2b8e27b2d29215dfa9faf
sim/arch_test/suite/riscv-test-suite/rv32i_m/K/references/ror-01.reference_output	第三方架构测试源码/参考/框架	2448	a6bc69e6a2f6e272d18afec0960c5f70bbb3247cb0cbb7d28b2d8aa88ad441d9
sim/arch_test/suite/riscv-test-suite/rv32i_m/K/references/rori-01.reference_output	第三方架构测试源码/参考/框架	1440	9a54df0b565f2c1d63f8d24d871e4d35da910bf33117ad7e7d29ace5e0072e20
sim/arch_test/suite/riscv-test-suite/rv32i_m/K/references/sha256sig0-01.reference_output	第三方架构测试源码/参考/框架	792	7dd0c3823de03444e618bde722ff3982846dd850905c0b65505d2981a5398572
sim/arch_test/suite/riscv-test-suite/rv32i_m/K/references/sha256sig0-rwp1.reference_output	第三方架构测试源码/参考/框架	2196	b26fdf1776573dcb809b05154dd6a62b33e426ed132ceed5b9aba27b5805b996
sim/arch_test/suite/riscv-test-suite/rv32i_m/K/references/sha256sig0-rwp2.reference_output	第三方架构测试源码/参考/框架	504	75e573b3f91e0188efcc314a80a54e9e0afd8fa04b6645d2f84c6e1cc8e2f6b5
sim/arch_test/suite/riscv-test-suite/rv32i_m/K/references/sha256sig1-01.reference_output	第三方架构测试源码/参考/框架	792	cb241d908ef96295e25eba8241cbce796d1bdf6594867748c92269e8061cc4a2
sim/arch_test/suite/riscv-test-suite/rv32i_m/K/references/sha256sig1-rwp1.reference_output	第三方架构测试源码/参考/框架	2196	0247c37ee69b3cca436d3036836142085dbe63472ae907d3b467b96b6a9aa399
sim/arch_test/suite/riscv-test-suite/rv32i_m/K/references/sha256sig1-rwp2.reference_output	第三方架构测试源码/参考/框架	504	81be953ecacbc84eb07a3e79085d1fe1b35d32980073d610a33de2630891d899
sim/arch_test/suite/riscv-test-suite/rv32i_m/K/references/sha256sum0-01.reference_output	第三方架构测试源码/参考/框架	792	e77077ef4fc18d57d2064d67359c0899cd2d937c70f2633c0ab99712bf2211f9
sim/arch_test/suite/riscv-test-suite/rv32i_m/K/references/sha256sum0-rwp1.reference_output	第三方架构测试源码/参考/框架	2196	45ce5d716600328b0ec4f282d7b3bcc6739b2c6cd1f406c30b9cc7ceddd473ca
sim/arch_test/suite/riscv-test-suite/rv32i_m/K/references/sha256sum0-rwp2.reference_output	第三方架构测试源码/参考/框架	504	e422ce8f2fbe2e0cd352c973898e16e22bbb9b401a5ec8237c209adc483b85b5
sim/arch_test/suite/riscv-test-suite/rv32i_m/K/references/sha256sum1-01.reference_output	第三方架构测试源码/参考/框架	792	b59f12e6f8c4403dfc22c9110db1537bb754137cc15d75e8d01dde3b928e215d
sim/arch_test/suite/riscv-test-suite/rv32i_m/K/references/sha256sum1-rwp1.reference_output	第三方架构测试源码/参考/框架	2196	481d77eee4a5dddef2523da2337830cfd0760d72640fea00e09d333bccd4bfec
sim/arch_test/suite/riscv-test-suite/rv32i_m/K/references/sha256sum1-rwp2.reference_output	第三方架构测试源码/参考/框架	504	0543ac9051567d43b7afa160195bbd8221bc2abdcb9ee2eb534c8dadf827a792
sim/arch_test/suite/riscv-test-suite/rv32i_m/K/references/sha512sig0h-01.reference_output	第三方架构测试源码/参考/框架	1080	f0cab4045caea36ee64e266a66756fc42c642e5e1a2433df06db13d59ae0c993
sim/arch_test/suite/riscv-test-suite/rv32i_m/K/references/sha512sig0h-rwp1.reference_output	第三方架构测试源码/参考/框架	2196	178a48693b5cc6e5318467992528cde0038def33630a1f6c179b8bc51e6be6e6
sim/arch_test/suite/riscv-test-suite/rv32i_m/K/references/sha512sig0h-rwp2.reference_output	第三方架构测试源码/参考/框架	504	6c366b76209d03c43be8cb873120a57c07cfbbd743ffcd33370a81c62697f8fe
sim/arch_test/suite/riscv-test-suite/rv32i_m/K/references/sha512sig0l-01.reference_output	第三方架构测试源码/参考/框架	1116	97e012394a37d87c424891443b5a0c4c029bfead65f479c7a55f2486c465b3bf
sim/arch_test/suite/riscv-test-suite/rv32i_m/K/references/sha512sig0l-rwp1.reference_output	第三方架构测试源码/参考/框架	2196	79f821aa770f6e59792392c8aa9ef0a85ee6ab9370465200095803495bebc5f5
sim/arch_test/suite/riscv-test-suite/rv32i_m/K/references/sha512sig0l-rwp2.reference_output	第三方架构测试源码/参考/框架	504	8d1d0c18ee9c7a62113fa5197bdb0682353aa0f10905e9f5d5b34feb11cfb8c5
sim/arch_test/suite/riscv-test-suite/rv32i_m/K/references/sha512sig1h-01.reference_output	第三方架构测试源码/参考/框架	1080	7a5030bc189f58ed79ae4a8a164c2fec1f8ac9ccaa7892c91799eedf8ed06882
sim/arch_test/suite/riscv-test-suite/rv32i_m/K/references/sha512sig1h-rwp1.reference_output	第三方架构测试源码/参考/框架	2196	62166598316cd214dc65cd2b43f403167d18b3cab9f44628e2f4debaae912cc4
sim/arch_test/suite/riscv-test-suite/rv32i_m/K/references/sha512sig1h-rwp2.reference_output	第三方架构测试源码/参考/框架	504	f36c683cb96c11df7d74c72d80d812e0e92e47793657d2768250402ce25909e6
sim/arch_test/suite/riscv-test-suite/rv32i_m/K/references/sha512sig1l-01.reference_output	第三方架构测试源码/参考/框架	1116	43a9e0ae9a3f1885044505c3cd31d0e24a8fef87e0dde1edf1b78c9d5e4f80b9
sim/arch_test/suite/riscv-test-suite/rv32i_m/K/references/sha512sig1l-rwp1.reference_output	第三方架构测试源码/参考/框架	2196	1ba9045222e1432efd6020ae0e2bcd945d0085a81c8f2688d4d3ec4de87daa69
sim/arch_test/suite/riscv-test-suite/rv32i_m/K/references/sha512sig1l-rwp2.reference_output	第三方架构测试源码/参考/框架	504	4ccede4a8b051797938040c6e5c0a6b067c2907baf39cc4d8689b3434cb0c79f
sim/arch_test/suite/riscv-test-suite/rv32i_m/K/references/sha512sum0r-01.reference_output	第三方架构测试源码/参考/框架	1116	4e239fd0498caeacab9d0cc90092a57df4b5cd9b18f7c042253046efe823f8c9
sim/arch_test/suite/riscv-test-suite/rv32i_m/K/references/sha512sum0r-rwp1.reference_output	第三方架构测试源码/参考/框架	2196	1381a4ede8f7cc7afe1c09fc3b728d91bc0b1a103b717ef88a609dcfe471128c
sim/arch_test/suite/riscv-test-suite/rv32i_m/K/references/sha512sum0r-rwp2.reference_output	第三方架构测试源码/参考/框架	504	8ca481bff6d07a86c5354e01641e630a71f91978cb958c2ae8611ded382efc61
sim/arch_test/suite/riscv-test-suite/rv32i_m/K/references/sha512sum1r-01.reference_output	第三方架构测试源码/参考/框架	1080	65a306acd59da576f56fabc3cb7aa3add52f015419b8486b22c7cf250bd39312
sim/arch_test/suite/riscv-test-suite/rv32i_m/K/references/sha512sum1r-rwp1.reference_output	第三方架构测试源码/参考/框架	2196	45fb5538afaa3ce4aa132aaa808f3ead0ce4d1d03d55972011459119f47b5733
sim/arch_test/suite/riscv-test-suite/rv32i_m/K/references/sha512sum1r-rwp2.reference_output	第三方架构测试源码/参考/框架	504	c089176a47ca3eaa4e41be154499d1ea87ca0ab67f649126cbcaabb51f39bc2e
sim/arch_test/suite/riscv-test-suite/rv32i_m/K/references/sm3p0-01.reference_output	第三方架构测试源码/参考/框架	792	2701028a872aed2380dd0ec57b0747d8ad1ec874ed5ee28180e6ce8373b64a53
sim/arch_test/suite/riscv-test-suite/rv32i_m/K/references/sm3p0-rwp1.reference_output	第三方架构测试源码/参考/框架	2196	3d6d73a228d495370434a6952172436d61f51534c99dea192000454dfe6055f0
sim/arch_test/suite/riscv-test-suite/rv32i_m/K/references/sm3p0-rwp2.reference_output	第三方架构测试源码/参考/框架	504	1e64bf3772254c1acc87632208a09efc01f310cfddc9c7a5b3189a39d9a44785
sim/arch_test/suite/riscv-test-suite/rv32i_m/K/references/sm3p1-01.reference_output	第三方架构测试源码/参考/框架	792	752ff8d231090d5102e3205e56feb0111c74100dc70385c1dff468a92abb792e
sim/arch_test/suite/riscv-test-suite/rv32i_m/K/references/sm3p1-rwp1.reference_output	第三方架构测试源码/参考/框架	2196	380084045d10ed7940f0e2cb11de2cd68d1f1b8073a7741b0d0324f6d607c3f9
sim/arch_test/suite/riscv-test-suite/rv32i_m/K/references/sm3p1-rwp2.reference_output	第三方架构测试源码/参考/框架	504	e0e65747df7c66883cf624e01804569c46451554f8b81ceab77e612a68bd98a6
sim/arch_test/suite/riscv-test-suite/rv32i_m/K/references/sm4ed-01.reference_output	第三方架构测试源码/参考/框架	2520	5e6bc63c0b03495ef5036e6d91262389de15ef4dd34544e5032b392bafc9ad84
sim/arch_test/suite/riscv-test-suite/rv32i_m/K/references/sm4ed-rwp1.reference_output	第三方架构测试源码/参考/框架	252	f82560fa672cab18ba27a7d8260170902971afddee85d5d8dc40b8639d84d62c
sim/arch_test/suite/riscv-test-suite/rv32i_m/K/references/sm4ks-01.reference_output	第三方架构测试源码/参考/框架	2520	c09aeb7c99fb0480e8bfdf554189d1ce7c0784b2d466907838821cd37cd68d55
sim/arch_test/suite/riscv-test-suite/rv32i_m/K/references/sm4ks-rwp1.reference_output	第三方架构测试源码/参考/框架	252	5175e12d0a1f4e6d209c029329344ff51981b63a6144fbbee741c933c1cc7e11
sim/arch_test/suite/riscv-test-suite/rv32i_m/K/references/unzip-01.reference_output	第三方架构测试源码/参考/框架	1188	3b8748779fb821ff7a58fcdb970f8ad431fe5a1c77e9b4927f2de0f4cfd23def
sim/arch_test/suite/riscv-test-suite/rv32i_m/K/references/xnor-01.reference_output	第三方架构测试源码/参考/框架	2448	87b873e5a61f71187baaa437ffd9a0c28d4786fc2e882bfa840a9fbab5b4ff5b
sim/arch_test/suite/riscv-test-suite/rv32i_m/K/references/xperm4-01.reference_output	第三方架构测试源码/参考/框架	2628	226a2af38eef1469661223e78df42488a1929b46ddbe9dcdf36678c594e38a22
sim/arch_test/suite/riscv-test-suite/rv32i_m/K/references/xperm8-01.reference_output	第三方架构测试源码/参考/框架	2592	5fb16050b7adcb46d41b84f6100bff7f7efe50935b7bc812a2b3579329970648
sim/arch_test/suite/riscv-test-suite/rv32i_m/K/references/zip-01.reference_output	第三方架构测试源码/参考/框架	1188	f5065790df41daec2075854bbf80843ae89a9e8f390e5cffb828418cab858c85
sim/arch_test/suite/riscv-test-suite/rv32i_m/K/src/aes32dsi-01.S	第三方架构测试源码/参考/框架	72239	8d982f0eb718ce446777e51bb40ead405cf8e5a89de492f62d796252bf2ba7f7
sim/arch_test/suite/riscv-test-suite/rv32i_m/K/src/aes32dsi-rwp1.S	第三方架构测试源码/参考/框架	10934	ca88997387ac40efca769af3c15f5132a817ad188c3ec0ff254ef6d5cd87c632
sim/arch_test/suite/riscv-test-suite/rv32i_m/K/src/aes32dsmi-01.S	第三方架构测试源码/参考/框架	72331	3f942dc1c0ca59ab427c12a1396bba56b9736b421f6831d5ba9aa1152b60f3bc
sim/arch_test/suite/riscv-test-suite/rv32i_m/K/src/aes32dsmi-rwp1.S	第三方架构测试源码/参考/框架	11066	813e311eb8d4c200b4f5e43e3a83e31074e8e232f8c3c401f66c544d95663eca
sim/arch_test/suite/riscv-test-suite/rv32i_m/K/src/aes32esi-01.S	第三方架构测试源码/参考/框架	71242	a7accf24e4be34e7c642f3c3c9e5a884815473715f041dc74eab2db26bc925aa
sim/arch_test/suite/riscv-test-suite/rv32i_m/K/src/aes32esi-rwp1.S	第三方架构测试源码/参考/框架	10934	bd5894bb83d857d7a671941851bebd6093f53379a852420a40dc4adc9708717e
sim/arch_test/suite/riscv-test-suite/rv32i_m/K/src/aes32esmi-01.S	第三方架构测试源码/参考/框架	72246	c874838cf8b97867b259332a751c7036008c61441e6550451b9d86a4701ff60a
sim/arch_test/suite/riscv-test-suite/rv32i_m/K/src/aes32esmi-rwp1.S	第三方架构测试源码/参考/框架	11066	1d0446e178c15fd3e1c767364aea0ba52709544c18cc7b8d2afa7339225b5bbe
sim/arch_test/suite/riscv-test-suite/rv32i_m/K/src/andn-01.S	第三方架构测试源码/参考/框架	63664	d9cac2f4a80ca618fffaf4dcb0bcb352148f25462465e526ba99932a1c253916
sim/arch_test/suite/riscv-test-suite/rv32i_m/K/src/clmul-01.S	第三方架构测试源码/参考/框架	63990	9a355a1f4e90a8eaee81556824655d74c4fd29e9a48f6757e220bf9d8ce773d5
sim/arch_test/suite/riscv-test-suite/rv32i_m/K/src/clmulh-01.S	第三方架构测试源码/参考/框架	64617	78e3d0c8e964b56ddb610e8d519c76bdd7bdfaeab438fbd0e7a554eb9f6b47cf
sim/arch_test/suite/riscv-test-suite/rv32i_m/K/src/orn-01.S	第三方架构测试源码/参考/框架	63408	0a39212e12af7446d8f30b9390438fb9001e647c10ec2c10151509750a169712
sim/arch_test/suite/riscv-test-suite/rv32i_m/K/src/pack-01.S	第三方架构测试源码/参考/框架	63933	f5ffc5703b223019cd0d09c338566773614703da2938a6194141177c9cefb4e1
sim/arch_test/suite/riscv-test-suite/rv32i_m/K/src/packh-01.S	第三方架构测试源码/参考/框架	63987	11eb7fb63dee3c47e1e53db2dde41d0e5c36192165c912c061be7e6ec8212e06
sim/arch_test/suite/riscv-test-suite/rv32i_m/K/src/rev.b-01.S	第三方架构测试源码/参考/框架	27471	95ecff41901cfd23a2acd3944aaf42560592d44b61f45bc98dffafd140ad28cb
sim/arch_test/suite/riscv-test-suite/rv32i_m/K/src/rev8-01.S	第三方架构测试源码/参考/框架	27460	6a51f07c06131a60432ec2a1b2241fa3339a592bdc3e1b0e8ef341cc50e61031
sim/arch_test/suite/riscv-test-suite/rv32i_m/K/src/rol-01.S	第三方架构测试源码/参考/框架	62971	74dacb9599b7f003e7c8b31a98bc30ae00cf740067faab502c59d7daf3edd00b
sim/arch_test/suite/riscv-test-suite/rv32i_m/K/src/ror-01.S	第三方架构测试源码/参考/框架	62943	c0460d945ecd96b3b6b2404cb6c0426c841cb58eee9d4ccfdfea52fb893583c8
sim/arch_test/suite/riscv-test-suite/rv32i_m/K/src/rori-01.S	第三方架构测试源码/参考/框架	33129	318ebb9b0a724d8eeb67550003f80a97776392125547fb57a6965dd7eb83deff
sim/arch_test/suite/riscv-test-suite/rv32i_m/K/src/sha256sig0-01.S	第三方架构测试源码/参考/框架	19108	dbbbe16d4e8a98277a14f46a4ac05b89ebe3e22fd9d2b09323cfc5a1e5cb4ed5
sim/arch_test/suite/riscv-test-suite/rv32i_m/K/src/sha256sig0-rwp1.S	第三方架构测试源码/参考/框架	26668	5fbdd473632356fd0ee47590b2b2190e0da72acd00e11b2788faa8f2bea55990
sim/arch_test/suite/riscv-test-suite/rv32i_m/K/src/sha256sig0-rwp2.S	第三方架构测试源码/参考/框架	6197	0457cdfa76edccad4506e90cd8bf19812a19e0a1847a16acb1fb5aa5f55eede9
sim/arch_test/suite/riscv-test-suite/rv32i_m/K/src/sha256sig1-01.S	第三方架构测试源码/参考/框架	19111	dbe55efc8c8ca0d1db45c342aad978cd32826149aa57e638d55a925f735d8786
sim/arch_test/suite/riscv-test-suite/rv32i_m/K/src/sha256sig1-rwp1.S	第三方架构测试源码/参考/框架	26668	8d48e63cb96a817500d9859f69b0fb17c8b9098214645a201c985da2534cfa74
sim/arch_test/suite/riscv-test-suite/rv32i_m/K/src/sha256sig1-rwp2.S	第三方架构测试源码/参考/框架	6197	0523aaf74ebbd41eb940d2bf7260c211eca70888b46ffd77347bb55c0fad8c95
sim/arch_test/suite/riscv-test-suite/rv32i_m/K/src/sha256sum0-01.S	第三方架构测试源码/参考/框架	19059	e3de877fe011a1d7533dfddc47c2d4fe893e00bbd8ca20582df2b656b86e0142
sim/arch_test/suite/riscv-test-suite/rv32i_m/K/src/sha256sum0-rwp1.S	第三方架构测试源码/参考/框架	26668	3482ae1f4346a8e2de524bfbed319fdc96ee7071ef04ea3bd7d3947b4279715c
sim/arch_test/suite/riscv-test-suite/rv32i_m/K/src/sha256sum0-rwp2.S	第三方架构测试源码/参考/框架	6197	0fb5db34d33d213779ff1850055167eb312144f71f9492c7a2ffe7fd0f9e41fa
sim/arch_test/suite/riscv-test-suite/rv32i_m/K/src/sha256sum1-01.S	第三方架构测试源码/参考/框架	19083	1baff565a767808064d02cbb000e909d92308d73828eb0add2a787bf386f7cfe
sim/arch_test/suite/riscv-test-suite/rv32i_m/K/src/sha256sum1-rwp1.S	第三方架构测试源码/参考/框架	26668	ef17408c010030999da62ca42a41ec1cdf01108ea909aecd1266b0d8083b473c
sim/arch_test/suite/riscv-test-suite/rv32i_m/K/src/sha256sum1-rwp2.S	第三方架构测试源码/参考/框架	6197	32db877655f16c9ada8f75fd7b85c8d7353bc8fca6eb339f605fa0ab3d4c3aa0
sim/arch_test/suite/riscv-test-suite/rv32i_m/K/src/sha512sig0h-01.S	第三方架构测试源码/参考/框架	28601	45c82c747521feffab373547c3803e0751a9a19a2c6979ab7a9c5a45b4bfbb5b
sim/arch_test/suite/riscv-test-suite/rv32i_m/K/src/sha512sig0h-rwp1.S	第三方架构测试源码/参考/框架	27999	5e90dcd562dbbe30d2b70898b4df3b9ccfef09d5d6b6cb1c539424b0d3216144
sim/arch_test/suite/riscv-test-suite/rv32i_m/K/src/sha512sig0h-rwp2.S	第三方架构测试源码/参考/框架	6867	04292f3ce91653d36916ad5c7687c19b4f97584635885598ada747a94e443f9f
sim/arch_test/suite/riscv-test-suite/rv32i_m/K/src/sha512sig0l-01.S	第三方架构测试源码/参考/框架	29404	a9f4014aa06916a114795b834493be321545553c15f0c271636accaec6e3b04f
sim/arch_test/suite/riscv-test-suite/rv32i_m/K/src/sha512sig0l-rwp1.S	第三方架构测试源码/参考/框架	27999	6422c5df7c28618fddf11da61e35084bdb82c18570fd643a8066178e917bc3fb
sim/arch_test/suite/riscv-test-suite/rv32i_m/K/src/sha512sig0l-rwp2.S	第三方架构测试源码/参考/框架	6867	bf9ba5029b2ffd7717b46929f62746671f370e1f550d687a37fc734fa1886e0d
sim/arch_test/suite/riscv-test-suite/rv32i_m/K/src/sha512sig1h-01.S	第三方架构测试源码/参考/框架	29152	bfa3f481deedbeb3b88b6c894e5ab88632ec42a09ae56e00bedd746ccb2e4c96
sim/arch_test/suite/riscv-test-suite/rv32i_m/K/src/sha512sig1h-rwp1.S	第三方架构测试源码/参考/框架	27999	f502a848f36ab211aed86406a4ff0205b043a486f7b2e0c055e380ff59f0b631
sim/arch_test/suite/riscv-test-suite/rv32i_m/K/src/sha512sig1h-rwp2.S	第三方架构测试源码/参考/框架	6867	f8c5e5061823468e44f1a4ddfe123e2043a4a470f121694254059fc9d2de594e
sim/arch_test/suite/riscv-test-suite/rv32i_m/K/src/sha512sig1l-01.S	第三方架构测试源码/参考/框架	28735	835e767c06381313b744344352b47bd94cef3a28217b0b2d88a7ece3c03c5134
sim/arch_test/suite/riscv-test-suite/rv32i_m/K/src/sha512sig1l-rwp1.S	第三方架构测试源码/参考/框架	27999	14d6b28a3fa2ec1a91b2c12912df456150162f45088d1875c5ae146c0c71aa18
sim/arch_test/suite/riscv-test-suite/rv32i_m/K/src/sha512sig1l-rwp2.S	第三方架构测试源码/参考/框架	6867	1ddec3583315b9d1795468444e0c831ce8bf06ab4da03769e9443c21d6cd963b
sim/arch_test/suite/riscv-test-suite/rv32i_m/K/src/sha512sum0r-01.S	第三方架构测试源码/参考/框架	28791	767fee3fbca9905ea541c1bfa994a1e6f5aae82b9cdd03c8e7790118a0da290e
sim/arch_test/suite/riscv-test-suite/rv32i_m/K/src/sha512sum0r-rwp1.S	第三方架构测试源码/参考/框架	27999	24a85b7a8307ba9921b46fa0350f86c55ca2672e0c921c5c5bef33f876f4f8ff
sim/arch_test/suite/riscv-test-suite/rv32i_m/K/src/sha512sum0r-rwp2.S	第三方架构测试源码/参考/框架	6867	23e7f0912357f5d3fc1b0306eaf8ab76909be82f30c6764cb4007e211780fc5e
sim/arch_test/suite/riscv-test-suite/rv32i_m/K/src/sha512sum1r-01.S	第三方架构测试源码/参考/框架	28571	badd3d2b8fbf5d21be782f3e7c174bdf5119ba15b9634a08e868ca1de8b2ad3f
sim/arch_test/suite/riscv-test-suite/rv32i_m/K/src/sha512sum1r-rwp1.S	第三方架构测试源码/参考/框架	27999	b6e07c7a5d1d05a2e2f1e8877844b985af2ba2ff7efb43aebac93870cd6301f4
sim/arch_test/suite/riscv-test-suite/rv32i_m/K/src/sha512sum1r-rwp2.S	第三方架构测试源码/参考/框架	6867	5aac2f84e29b319352ad788106e21d44f01b7925aadbd1e11b32e0449c7b6752
sim/arch_test/suite/riscv-test-suite/rv32i_m/K/src/sm3p0-01.S	第三方架构测试源码/参考/框架	18226	69b69dde29bc72628194502e5f2c880d09f0cdeff22522b499d1adaf906d6295
sim/arch_test/suite/riscv-test-suite/rv32i_m/K/src/sm3p0-rwp1.S	第三方架构测试源码/参考/框架	25443	3d67d8878213ad127c82683f177b2b2fd0f9ad4317dbd90b7e8dfda25483afe3
sim/arch_test/suite/riscv-test-suite/rv32i_m/K/src/sm3p0-rwp2.S	第三方架构测试源码/参考/框架	5907	5af02131eee8a4b3c85d3e78e8fefe6d2a5363030c9af1d41c076e415b6c786e
sim/arch_test/suite/riscv-test-suite/rv32i_m/K/src/sm3p1-01.S	第三方架构测试源码/参考/框架	18179	c413ca6e6db4a3d3588ab790c9e6b971544604012a765c13d1188cbc2b4564e2
sim/arch_test/suite/riscv-test-suite/rv32i_m/K/src/sm3p1-rwp1.S	第三方架构测试源码/参考/框架	25443	6b072d4f0406a828bed3353e1829de633ae3c8f4392e75331a58a28095b7edda
sim/arch_test/suite/riscv-test-suite/rv32i_m/K/src/sm3p1-rwp2.S	第三方架构测试源码/参考/框架	5907	3f4c8fec875dc37d1069a54a9a0916a9fc2f52179b2a9bac3760247520bc2beb
sim/arch_test/suite/riscv-test-suite/rv32i_m/K/src/sm4ed-01.S	第三方架构测试源码/参考/框架	69786	1395d80465fc8c53e142747b86f37ed0a1691a8021fe5639b58304781b731a91
sim/arch_test/suite/riscv-test-suite/rv32i_m/K/src/sm4ed-rwp1.S	第三方架构测试源码/参考/框架	10538	b0296842cf3a06b6def54e76ad4b8c1c13c00b3a245b84ac97fe0f0a26e54d1c
sim/arch_test/suite/riscv-test-suite/rv32i_m/K/src/sm4ks-01.S	第三方架构测试源码/参考/框架	69539	ee0d5e6f795efee7213fb665a523f88943bd92ee4d25715a26cb1e5d146395af
sim/arch_test/suite/riscv-test-suite/rv32i_m/K/src/sm4ks-rwp1.S	第三方架构测试源码/参考/框架	10538	7d6ae5998ea18d44185b11783b9885f9e185f47263b91085b956a777a9e3ecf6
sim/arch_test/suite/riscv-test-suite/rv32i_m/K/src/unzip-01.S	第三方架构测试源码/参考/框架	28176	0019d69c5925ec30caa5395135fd26225f4288f43db3f1e44c17aa015026c992
sim/arch_test/suite/riscv-test-suite/rv32i_m/K/src/xnor-01.S	第三方架构测试源码/参考/框架	63509	8e624608c04a9ec68039927a2b0a6123a020c1448386344c48481cfaa0c31d8b
sim/arch_test/suite/riscv-test-suite/rv32i_m/K/src/xperm4-01.S	第三方架构测试源码/参考/框架	69219	8612c60e1d06590355249e21ec0e79806793b5d122f7a848af4291540f1afe2f
sim/arch_test/suite/riscv-test-suite/rv32i_m/K/src/xperm8-01.S	第三方架构测试源码/参考/框架	68949	6096a5e9e187bd4a88d160627fd1e36ff969f699668d273c9abc292fd989afe0
sim/arch_test/suite/riscv-test-suite/rv32i_m/K/src/zip-01.S	第三方架构测试源码/参考/框架	27707	8fded6616a69fd5a6cfb686355761ce6306b06f4c96eb265c0e92ad640d11046
sim/arch_test/suite/riscv-test-suite/rv32i_m/M/Makefile	第三方架构测试源码/参考/框架	106	8f926d9985913ebb0632b68c46afc44eaee4c1e2c580cf876b021621ece43e3c
sim/arch_test/suite/riscv-test-suite/rv32i_m/M/Makefrag	第三方架构测试源码/参考/框架	1931	3d1b567a232d145fd86b18a3983e3e82cc46f036d2d00cc6ad10c64061483625
sim/arch_test/suite/riscv-test-suite/rv32i_m/M/references/div-01.reference_output	第三方架构测试源码/参考/框架	5328	a82ab8e291f0b30e4d83de97320ace20f6ea2a9b87195c5defebf4fe63bc582d
sim/arch_test/suite/riscv-test-suite/rv32i_m/M/references/divu-01.reference_output	第三方架构测试源码/参考/框架	6552	08efe150db865a09097fbcec71800851c0f52b465d18ced156a53f639c635c52
sim/arch_test/suite/riscv-test-suite/rv32i_m/M/references/mul-01.reference_output	第三方架构测试源码/参考/框架	5292	2fc4e30ecd5b12f2bb1320de17028d6f6c26fa47630a9332d9ffa625b3b1401b
sim/arch_test/suite/riscv-test-suite/rv32i_m/M/references/mulh-01.reference_output	第三方架构测试源码/参考/框架	5292	3fa8ba7d0037bdf591690705b8fde6ab3c590fa3dcbe053f133d5b67986814dc
sim/arch_test/suite/riscv-test-suite/rv32i_m/M/references/mulhsu-01.reference_output	第三方架构测试源码/参考/框架	5832	70a2ad47658957e6ca522854123d60feddde6603ba80c45d541729d6594d5343
sim/arch_test/suite/riscv-test-suite/rv32i_m/M/references/mulhu-01.reference_output	第三方架构测试源码/参考/框架	6516	9e9eac6a9573cc724a4e11c40bbe9c0c6b7f3459fede77ba1d88169d03e605bb
sim/arch_test/suite/riscv-test-suite/rv32i_m/M/references/rem-01.reference_output	第三方架构测试源码/参考/框架	5292	4527c0320fbabba160d44f235d3fba705b1457fb97caa580caebbd310e782dd9
sim/arch_test/suite/riscv-test-suite/rv32i_m/M/references/remu-01.reference_output	第三方架构测试源码/参考/框架	6516	ea2f3a3ed08a424088cc582e96ff1fe8f4cea708c5cfee1d52b849d8177599da
sim/arch_test/suite/riscv-test-suite/rv32i_m/M/src/div-01.S	第三方架构测试源码/参考/框架	119807	29765b4a5d4d0d75d63f0afb91e12cd982dd9cb7ef53604342d10286d445e8af
sim/arch_test/suite/riscv-test-suite/rv32i_m/M/src/divu-01.S	第三方架构测试源码/参考/框架	148186	5bdbc4d9909bd4da455d3e1f20e95a2f514e06de1f855f616eb6f4c28b28de89
sim/arch_test/suite/riscv-test-suite/rv32i_m/M/src/mul-01.S	第三方架构测试源码/参考/框架	121306	e30479b0f7eb2c8ae384321987bed35997236a1c1fd896f9710b87e946028f1e
sim/arch_test/suite/riscv-test-suite/rv32i_m/M/src/mulh-01.S	第三方架构测试源码/参考/框架	120881	f1275a1c72fe2aae8c8866b35b38413b536b26ca13f8c7923bb4bdeff1ab1c25
sim/arch_test/suite/riscv-test-suite/rv32i_m/M/src/mulhsu-01.S	第三方架构测试源码/参考/框架	136617	2f310adfe205505497fd50881896ee49dd7120cab9bb6768586b28be1c058cf8
sim/arch_test/suite/riscv-test-suite/rv32i_m/M/src/mulhu-01.S	第三方架构测试源码/参考/框架	149395	86c2ffea1faf122f8792c7f9c7fc4e49699971a6cde91ab51011b55030107d9e
sim/arch_test/suite/riscv-test-suite/rv32i_m/M/src/rem-01.S	第三方架构测试源码/参考/框架	119188	e3fabc00490075a82250d4ebef84b08ee533fdfc93903f07f0c5dbc67044c6c3
sim/arch_test/suite/riscv-test-suite/rv32i_m/M/src/remu-01.S	第三方架构测试源码/参考/框架	147979	bcc081b3ac405ed319c6cb6d00ba67ec67d2dcdc76e6220df03e4bf9ea4ec2db
sim/arch_test/suite/riscv-test-suite/rv32i_m/Zifencei/Makefile	第三方架构测试源码/参考/框架	105	05c1a989a90bb32461181fc14df725d45c772d1be85a4c0d38443de6b9c4fdb9
sim/arch_test/suite/riscv-test-suite/rv32i_m/Zifencei/Makefrag	第三方架构测试源码/参考/框架	1762	dcde3650f820f0f50838dfc5840934129b9178bf946ba8d9430bb69333eb2188
sim/arch_test/suite/riscv-test-suite/rv32i_m/Zifencei/references/Fencei.reference_output	第三方架构测试源码/参考/框架	36	08a601afc8a24328d67b23fbecdb78f62c250918d21cd3a4892ea2aaf45915b9
sim/arch_test/suite/riscv-test-suite/rv32i_m/Zifencei/src/Fencei.S	第三方架构测试源码/参考/框架	2147	34e5bb0e6052dd97e4374407d676e8cdb44e6fb5df93e41891f75fc504868f6c
sim/arch_test/suite/riscv-test-suite/rv32i_m/privilege/Makefile	第三方架构测试源码/参考/框架	133	64cd97cf14f9c672607d26aca6654a810c82b4bad3f3f006f63300db38d959d2
sim/arch_test/suite/riscv-test-suite/rv32i_m/privilege/Makefrag	第三方架构测试源码/参考/框架	2054	d585c3790f4c7684f95fe5c2e5adea329f3ba83b303f6fd40797c3553c9dc3ea
sim/arch_test/suite/riscv-test-suite/rv32i_m/privilege/references/ebreak.reference_output	第三方架构测试源码/参考/框架	72	b7c0faf6d9e6e1240005e4165a1227047cfe2d528152505d9c67006441730f9c
sim/arch_test/suite/riscv-test-suite/rv32i_m/privilege/references/ecall.reference_output	第三方架构测试源码/参考/框架	72	86dfcc73748cd8ace61fdc9d289f1c2d4c0ebf9c40f90607a620379672f4515c
sim/arch_test/suite/riscv-test-suite/rv32i_m/privilege/references/misalign-beq-01.reference_output	第三方架构测试源码/参考/框架	612	7c2c87b0b6e8979437fea8d9074c553e4e31f02fdf1d11c093a1f0a5b17cab8b
sim/arch_test/suite/riscv-test-suite/rv32i_m/privilege/references/misalign-bge-01.reference_output	第三方架构测试源码/参考/框架	612	7c2c87b0b6e8979437fea8d9074c553e4e31f02fdf1d11c093a1f0a5b17cab8b
sim/arch_test/suite/riscv-test-suite/rv32i_m/privilege/references/misalign-bgeu-01.reference_output	第三方架构测试源码/参考/框架	612	f36af26aa1319487a6819274fdcc1cbfaf72485a0887e527f5afed33b36e2ee9
sim/arch_test/suite/riscv-test-suite/rv32i_m/privilege/references/misalign-blt-01.reference_output	第三方架构测试源码/参考/框架	612	7c2c87b0b6e8979437fea8d9074c553e4e31f02fdf1d11c093a1f0a5b17cab8b
sim/arch_test/suite/riscv-test-suite/rv32i_m/privilege/references/misalign-bltu-01.reference_output	第三方架构测试源码/参考/框架	612	f36af26aa1319487a6819274fdcc1cbfaf72485a0887e527f5afed33b36e2ee9
sim/arch_test/suite/riscv-test-suite/rv32i_m/privilege/references/misalign-bne-01.reference_output	第三方架构测试源码/参考/框架	612	7c2c87b0b6e8979437fea8d9074c553e4e31f02fdf1d11c093a1f0a5b17cab8b
sim/arch_test/suite/riscv-test-suite/rv32i_m/privilege/references/misalign-jal-01.reference_output	第三方架构测试源码/参考/框架	612	14dc95411e99c24b026a9d402114cf76becc9772cca7343d0269e489babeaad8
sim/arch_test/suite/riscv-test-suite/rv32i_m/privilege/references/misalign-lh-01.reference_output	第三方架构测试源码/参考/框架	612	3f3e1cec99062902253782cf6d342ea0fc464e796f2a4a07d202321414e5f07c
sim/arch_test/suite/riscv-test-suite/rv32i_m/privilege/references/misalign-lhu-01.reference_output	第三方架构测试源码/参考/框架	612	3f3e1cec99062902253782cf6d342ea0fc464e796f2a4a07d202321414e5f07c
sim/arch_test/suite/riscv-test-suite/rv32i_m/privilege/references/misalign-lw-01.reference_output	第三方架构测试源码/参考/框架	612	40e5a284395d3b4759bf8ab5ab71a1fda686ccfd22042e3b7561a7f071257da2
sim/arch_test/suite/riscv-test-suite/rv32i_m/privilege/references/misalign-sh-01.reference_output	第三方架构测试源码/参考/框架	612	2fa3e99684d5cac6a45563b9321faa89989525d098bb7b53b8add27fce8405c1
sim/arch_test/suite/riscv-test-suite/rv32i_m/privilege/references/misalign-sw-01.reference_output	第三方架构测试源码/参考/框架	612	79a82aa47c18b0d83bf9ce5e492a709f36bf86b5e8ba44b32db89ae6d5069371
sim/arch_test/suite/riscv-test-suite/rv32i_m/privilege/references/misalign1-jalr-01.reference_output	第三方架构测试源码/参考/框架	612	6a6c4aa1197b1e4946b8c2ca1a65de9da41bb7f3499adb4382554fe0ecb0cef6
sim/arch_test/suite/riscv-test-suite/rv32i_m/privilege/references/misalign2-jalr-01.reference_output	第三方架构测试源码/参考/框架	612	6a6c4aa1197b1e4946b8c2ca1a65de9da41bb7f3499adb4382554fe0ecb0cef6
sim/arch_test/suite/riscv-test-suite/rv32i_m/privilege/src/ebreak.S	第三方架构测试源码/参考/框架	1346	bea3a586cb725959ba9c074550be173a1082be8517e60d317ca3c7c507216284
sim/arch_test/suite/riscv-test-suite/rv32i_m/privilege/src/ecall.S	第三方架构测试源码/参考/框架	1356	b53151775cf5976f4b4447bd8fa6bf983fcfdbe371705c9d4e2ae9ad2004307e
sim/arch_test/suite/riscv-test-suite/rv32i_m/privilege/src/misalign-beq-01.S	第三方架构测试源码/参考/框架	1849	fe350dd66a56eac1c892db92cdeb206c65eb81a0ec3f1057b6c2ac1b415e71ca
sim/arch_test/suite/riscv-test-suite/rv32i_m/privilege/src/misalign-bge-01.S	第三方架构测试源码/参考/框架	1868	5a37647a476f29bf5fd39c989f889a72e8900ac1c92846bf9334f877a7171774
sim/arch_test/suite/riscv-test-suite/rv32i_m/privilege/src/misalign-bgeu-01.S	第三方架构测试源码/参考/框架	1886	84737e1ba2b48b8ac6d1199229b527d7fdfb6456d1caec3910b350018f23bd02
sim/arch_test/suite/riscv-test-suite/rv32i_m/privilege/src/misalign-blt-01.S	第三方架构测试源码/参考/框架	1860	49469bb0cbc489e4a5c6c57385484be56f4d5a1156b54b5964ab22f6df55a557
sim/arch_test/suite/riscv-test-suite/rv32i_m/privilege/src/misalign-bltu-01.S	第三方架构测试源码/参考/框架	1868	2b092d7d389d2fe09bb4bc9f68d8b134a2d9ab9f025e0a9b1feb2bf751d5043b
sim/arch_test/suite/riscv-test-suite/rv32i_m/privilege/src/misalign-bne-01.S	第三方架构测试源码/参考/框架	1853	1715444bc633c0f3e3d3a52e8f67426ae2ddf3bd59f1413ea0696d2ad77aeac0
sim/arch_test/suite/riscv-test-suite/rv32i_m/privilege/src/misalign-jal-01.S	第三方架构测试源码/参考/框架	1776	5e780a4467507822c745189e2326e17c4fb97abd8a1585bf607ab2f6cd7b043c
sim/arch_test/suite/riscv-test-suite/rv32i_m/privilege/src/misalign-lh-01.S	第三方架构测试源码/参考/框架	1828	f54cb97edfdc849fdec7fd88fcd3f793f3469b04e8da7d2876fdf1496541fa9f
sim/arch_test/suite/riscv-test-suite/rv32i_m/privilege/src/misalign-lhu-01.S	第三方架构测试源码/参考/框架	1836	fb43ee068ab7d6d2b220b85c58261a6923874419f22317d5c7bb78f57bd30271
sim/arch_test/suite/riscv-test-suite/rv32i_m/privilege/src/misalign-lw-01.S	第三方架构测试源码/参考/框架	2070	9a26d9f6ff8d22320834f291b23180c8bd8c0196dfbe5041846b77f106c9d1cd
sim/arch_test/suite/riscv-test-suite/rv32i_m/privilege/src/misalign-sh-01.S	第三方架构测试源码/参考/框架	1858	f713977b42027b6c499554e55ff6c82ca584524248949e96488e6bf053ec5760
sim/arch_test/suite/riscv-test-suite/rv32i_m/privilege/src/misalign-sw-01.S	第三方架构测试源码/参考/框架	2148	5812cf5ae037eeed92cc2698b1938acd91368e8d1e273e0366bc188a61cb5b49
sim/arch_test/suite/riscv-test-suite/rv32i_m/privilege/src/misalign1-jalr-01.S	第三方架构测试源码/参考/框架	1622	7efbe6c980634e994867a7196f762cf8016101fb0b700858d945f76050337e85
sim/arch_test/suite/riscv-test-suite/rv32i_m/privilege/src/misalign2-jalr-01.S	第三方架构测试源码/参考/框架	1798	3e05d1dd9a8c03a460cf3de70775c730ce54659db682bf41ed2f7f7b52b88a79
sim/arch_test/suite/riscv-test-suite/rv64i_m/.gitgnore	第三方架构测试源码/参考/框架	63	a093336a725007cc28ce83ff5ad560e98a9c17f28facf964b35fe785e6f17bc2
sim/arch_test/suite/riscv-test-suite/rv64i_m/C/Makefile	第三方架构测试源码/参考/框架	105	bb1a851f50643c4d356a6c5b2f20adfe52050e32702adbfa3fe2cb768cb8f35d
sim/arch_test/suite/riscv-test-suite/rv64i_m/C/Makefrag	第三方架构测试源码/参考/框架	2167	fb32458bedd46384d458ff90a5f6a3c5cce9ca34135cd7962b24797ba25e94d5
sim/arch_test/suite/riscv-test-suite/rv64i_m/C/references/cadd-01.reference_output	第三方架构测试源码/参考/框架	12060	b01ed328b040f25c172fd590e03420e3d9100747220ace9e9981d8f1d9625f5b
sim/arch_test/suite/riscv-test-suite/rv64i_m/C/references/caddi-01.reference_output	第三方架构测试源码/参考/框架	7920	8fcd784f1f1ca0ce246a5554f8c974018df741cdaa8a4a82195678f7b564dcca
sim/arch_test/suite/riscv-test-suite/rv64i_m/C/references/caddi16sp-01.reference_output	第三方架构测试源码/参考/框架	2376	02261dbb4ee488b0ff9c6263a986add24090495d96f97dc01fda51890f6ce4b1
sim/arch_test/suite/riscv-test-suite/rv64i_m/C/references/caddi4spn-01.reference_output	第三方架构测试源码/参考/框架	360	66b9217bc1ebcb00dccd4bcdc017bb2897099144d543d7044f6a3c600f744c34
sim/arch_test/suite/riscv-test-suite/rv64i_m/C/references/caddiw-01.reference_output	第三方架构测试源码/参考/框架	7884	9573a59213f28e07549cd6fcb212bb75cd03e070b638728bd2f6062084aaf827
sim/arch_test/suite/riscv-test-suite/rv64i_m/C/references/caddw-01.reference_output	第三方架构测试源码/参考/框架	12204	b9aab641b0d36c33c80496680af243aab1324585459e25cee522d6cd8e240039
sim/arch_test/suite/riscv-test-suite/rv64i_m/C/references/cand-01.reference_output	第三方架构测试源码/参考/框架	12096	dc55eefe34e3ce336dbd267a72e122fc97657d72ae09cc7a863e9859db0816d6
sim/arch_test/suite/riscv-test-suite/rv64i_m/C/references/candi-01.reference_output	第三方架构测试源码/参考/框架	7920	440113ed6629b4d6f7e753b1df053ce95332b78a42c09bb16080b5abc1cc340d
sim/arch_test/suite/riscv-test-suite/rv64i_m/C/references/cbeqz-01.reference_output	第三方架构测试源码/参考/框架	2700	b0c08d5c2e73c5a6005c572c78de967e0cd86860f60748061817f58515e2ab63
sim/arch_test/suite/riscv-test-suite/rv64i_m/C/references/cbnez-01.reference_output	第三方架构测试源码/参考/框架	2700	130303cb774025b1ee8b3ef986d5e6fa5b37f02ca2fa78349faaa757074189a1
sim/arch_test/suite/riscv-test-suite/rv64i_m/C/references/cebreak-01.reference_output	第三方架构测试源码/参考/框架	72	987488553812db81f865cd3b12fe85f5b7b4fd04fcbd24d4b94f502f1eed77ea
sim/arch_test/suite/riscv-test-suite/rv64i_m/C/references/cj-01.reference_output	第三方架构测试源码/参考/框架	324	c0f77b3ab56d6f584a50d98ebb62ffb9da1bccbe182170a042c6456c1fdf47fa
sim/arch_test/suite/riscv-test-suite/rv64i_m/C/references/cjalr-01.reference_output	第三方架构测试源码/参考/框架	576	598454715529578d2e095ef2d3ca33a39c3e474289bb928eaf1978b8cb773f42
sim/arch_test/suite/riscv-test-suite/rv64i_m/C/references/cjr-01.reference_output	第三方架构测试源码/参考/框架	576	de6962f2a7a41e4d04412fd8c0ae16d18511a423192b7812279c04fb4281ae05
sim/arch_test/suite/riscv-test-suite/rv64i_m/C/references/cld-01.reference_output	第三方架构测试源码/参考/框架	252	6b0b401aa72f1d0adad6c238df3f6197cc837b25126228daf7c154ed0ac58a8e
sim/arch_test/suite/riscv-test-suite/rv64i_m/C/references/cldsp-01.reference_output	第三方架构测试源码/参考/框架	576	b485a791fe4e688a3a1ed32bc659ce30c8702cd820058937f0f3e14df480358c
sim/arch_test/suite/riscv-test-suite/rv64i_m/C/references/cli-01.reference_output	第三方架构测试源码/参考/框架	576	c01e5c26db04c8512815f49f915191b94cf183c1a8e9aee0210856fe9953baf0
sim/arch_test/suite/riscv-test-suite/rv64i_m/C/references/clui-01.reference_output	第三方架构测试源码/参考/框架	576	fac4bf64d183bcc70a05569f996b559304109dd591b82cf15d6e9e2cdb3ac9e3
sim/arch_test/suite/riscv-test-suite/rv64i_m/C/references/clw-01.reference_output	第三方架构测试源码/参考/框架	252	df6edb41f41f76df211ec1bc4c0c647a9af0daf8b235657e035d2aaeea123d70
sim/arch_test/suite/riscv-test-suite/rv64i_m/C/references/clwsp-01.reference_output	第三方架构测试源码/参考/框架	576	3f1f27e9e52dcbd408e395d4279019f7eb41ec0fe81e29a76886be690800705d
sim/arch_test/suite/riscv-test-suite/rv64i_m/C/references/cmv-01.reference_output	第三方架构测试源码/参考/框架	2700	6544e6cf0501ddfd3c2bdae7b808f26dc958c96df0843c0e2c2985f9823024ac
sim/arch_test/suite/riscv-test-suite/rv64i_m/C/references/cnop-01.reference_output	第三方架构测试源码/参考/框架	252	e04274abf57f4cef6623094e08ffe3e5f9b1f3ad95dc61d995bbddebf441cb47
sim/arch_test/suite/riscv-test-suite/rv64i_m/C/references/cor-01.reference_output	第三方架构测试源码/参考/框架	12240	6624e735d09778109805d49d6e96ddae7a449cf46114c1fb4dee13998a285240
sim/arch_test/suite/riscv-test-suite/rv64i_m/C/references/csd-01.reference_output	第三方架构测试源码/参考/框架	2376	8466e525a0087f9b0b901ee8ca2feda321fe32ab58df840c6264270af70e500d
sim/arch_test/suite/riscv-test-suite/rv64i_m/C/references/csdsp-01.reference_output	第三方架构测试源码/参考/框架	2376	730b620e1cb52136a99fc45e6fd98e8d26285113623cb66492df6d728a191dc0
sim/arch_test/suite/riscv-test-suite/rv64i_m/C/references/cslli-01.reference_output	第三方架构测试源码/参考/框架	2664	e6eadcf286e47d2fb470f54010354e1240d5696c1d9bc1bec0653cb8816c5bbf
sim/arch_test/suite/riscv-test-suite/rv64i_m/C/references/csrai-01.reference_output	第三方架构测试源码/参考/框架	2664	f095a83c7ea82ff3db9bcc94eae487e91c0e1f74b5735e4d0592a687da603838
sim/arch_test/suite/riscv-test-suite/rv64i_m/C/references/csrli-01.reference_output	第三方架构测试源码/参考/框架	2700	0a802ff32a4b94ac23e399eab6bdd692c283d2e18573a62741db4702b05fe2e9
sim/arch_test/suite/riscv-test-suite/rv64i_m/C/references/csub-01.reference_output	第三方架构测试源码/参考/框架	12096	425be7d6196648ddee42adfc45d6f6e6af6fbbdfcbc5445490f6c6b7360d58ad
sim/arch_test/suite/riscv-test-suite/rv64i_m/C/references/csubw-01.reference_output	第三方架构测试源码/参考/框架	12060	f12bd018e6b88084367cd395f8bba3910f13b3d6fbca37d569181a97fae49c5c
sim/arch_test/suite/riscv-test-suite/rv64i_m/C/references/csw-01.reference_output	第三方架构测试源码/参考/框架	2376	fee9b427cbec5d4656eb0b9b3f674e7115299e692385876b2c9b6cf75f90ae77
sim/arch_test/suite/riscv-test-suite/rv64i_m/C/references/cswsp-01.reference_output	第三方架构测试源码/参考/框架	2412	84bae92c808002e8b029834872f0f3369951e9f75ac55086cdf943c1a635630d
sim/arch_test/suite/riscv-test-suite/rv64i_m/C/references/cxor-01.reference_output	第三方架构测试源码/参考/框架	11952	5ef6fe5290e87d20c388557a43e6b4dfd3c2e118a0b975a45a1dc2b2a59ee697
sim/arch_test/suite/riscv-test-suite/rv64i_m/C/src/cadd-01.S	第三方架构测试源码/参考/框架	152483	370c038c1d695f5e74e368033e193f16241411e6b2ec442706782b90026c4482
sim/arch_test/suite/riscv-test-suite/rv64i_m/C/src/caddi-01.S	第三方架构测试源码/参考/框架	86032	777ce547760bc81163faddc3738fa22ff5e9cdad61ff30ec741ee15e322b5ec4
sim/arch_test/suite/riscv-test-suite/rv64i_m/C/src/caddi16sp-01.S	第三方架构测试源码/参考/框架	26286	d1eda17cc45253d9493ef899552513ff06fbd9830c3e2d26a181d8428547ff35
sim/arch_test/suite/riscv-test-suite/rv64i_m/C/src/caddi4spn-01.S	第三方架构测试源码/参考/框架	4105	c9571c428008aa353230f9f2a6d13c93b95c7f12e4dd7e7b54ab735820669cd6
sim/arch_test/suite/riscv-test-suite/rv64i_m/C/src/caddiw-01.S	第三方架构测试源码/参考/框架	83823	8cc88158a57575be580da69923c57e5334c70ef42a4415b02b9529e4946cc0fd
sim/arch_test/suite/riscv-test-suite/rv64i_m/C/src/caddw-01.S	第三方架构测试源码/参考/框架	150212	0f0f3d5befb9a00fc73c4780739a3e3721b3e10918d7180987e97b6f90aac63e
sim/arch_test/suite/riscv-test-suite/rv64i_m/C/src/cand-01.S	第三方架构测试源码/参考/框架	148096	7b930f490b92bb44fcf037a17b58aded045017af799972a0a5a26f4015ce2e79
sim/arch_test/suite/riscv-test-suite/rv64i_m/C/src/candi-01.S	第三方架构测试源码/参考/框架	69691	c056b6035ee0d9c7be7fef19cafc468e6c87d410a47df6d2b5b7a7b05fc1d9da
sim/arch_test/suite/riscv-test-suite/rv64i_m/C/src/cbeqz-01.S	第三方架构测试源码/参考/框架	25878	d23f72170aed08c68ceb6a4e78ff4c47bbb6634dbb39f77c1a8b84263339ff8d
sim/arch_test/suite/riscv-test-suite/rv64i_m/C/src/cbnez-01.S	第三方架构测试源码/参考/框架	26037	f72d059fcd929934235b1d00973fae3d1426b310b1f71c859f29b7eb43c23af8
sim/arch_test/suite/riscv-test-suite/rv64i_m/C/src/cebreak-01.S	第三方架构测试源码/参考/框架	1443	86d74d6cacb2d3da2e16c74c8a9c3a6329261c8a17b6a4c576b960734db537db
sim/arch_test/suite/riscv-test-suite/rv64i_m/C/src/cj-01.S	第三方架构测试源码/参考/框架	3166	0f2d6cb762841d3903075880c409edb4ed02c789b42fde6eb10e493bf2180b5e
sim/arch_test/suite/riscv-test-suite/rv64i_m/C/src/cjalr-01.S	第三方架构测试源码/参考/框架	4078	6c10d70033b5f4c8505bcc303ddd8bcbd4530fe984a36a0349ff0992edd429f4
sim/arch_test/suite/riscv-test-suite/rv64i_m/C/src/cjr-01.S	第三方架构测试源码/参考/框架	3976	0db24d7de33daecd49c18c9e83b8eb112f29c52cc92d47da85eb1619739865f9
sim/arch_test/suite/riscv-test-suite/rv64i_m/C/src/cld-01.S	第三方架构测试源码/参考/框架	3337	87ebc23985e1d112a13a1aa3eeb4a60df85e93505d73ecc1991f6f5a993865ab
sim/arch_test/suite/riscv-test-suite/rv64i_m/C/src/cldsp-01.S	第三方架构测试源码/参考/框架	5360	ecf4af392b10e0d10e31949f78942f485b044dd9fb551c4660d0afa22c672844
sim/arch_test/suite/riscv-test-suite/rv64i_m/C/src/cli-01.S	第三方架构测试源码/参考/框架	5282	1c9b3e5e536dc8d99d4023ff74446632fb01c6529217c043d3394615cbb18253
sim/arch_test/suite/riscv-test-suite/rv64i_m/C/src/clui-01.S	第三方架构测试源码/参考/框架	6375	e6cf81a0cc7c7ee0ae7b9ce77fd5f4e509b95aae85b347a9daf3f0f799d6e3b6
sim/arch_test/suite/riscv-test-suite/rv64i_m/C/src/clw-01.S	第三方架构测试源码/参考/框架	3142	bab53296e3685d029c928c4f82f77ff7b07223e32528480f60624b27147744ad
sim/arch_test/suite/riscv-test-suite/rv64i_m/C/src/clwsp-01.S	第三方架构测试源码/参考/框架	5307	41f524da82495b65e8e6ff17e0920a9aaaff0ff9b1eb80059cfb2d26fa32f68a
sim/arch_test/suite/riscv-test-suite/rv64i_m/C/src/cmv-01.S	第三方架构测试源码/参考/框架	26352	27ee3d2527a7226d19e393fd724a86c3881473569b48c6e68cf171867d36e196
sim/arch_test/suite/riscv-test-suite/rv64i_m/C/src/cnop-01.S	第三方架构测试源码/参考/框架	2773	aded2ccea72cf81eb35eb678ad23d23b35f076c45ab597f6a97f63ce64d06886
sim/arch_test/suite/riscv-test-suite/rv64i_m/C/src/cor-01.S	第三方架构测试源码/参考/框架	152759	be3c2077ae3d344844a67e2c127fa083bc1955f1104a5cb90db2d16c2e2fd1fd
sim/arch_test/suite/riscv-test-suite/rv64i_m/C/src/csd-01.S	第三方架构测试源码/参考/框架	22884	0c69b6d9d1b209c92d0f2d9aedaa2c4feb5e8269c048e33fcd65be0f2e4fc98b
sim/arch_test/suite/riscv-test-suite/rv64i_m/C/src/csdsp-01.S	第三方架构测试源码/参考/框架	23339	0a0b7f18646ca51ba5e875c48541659e38c31272da01dc7e3d76d7c4eeebf3f6
sim/arch_test/suite/riscv-test-suite/rv64i_m/C/src/cslli-01.S	第三方架构测试源码/参考/框架	28428	7d930cacb97a8aeffba92acd02c4f450f9b564b63fc2168d4349061b5a84719d
sim/arch_test/suite/riscv-test-suite/rv64i_m/C/src/csrai-01.S	第三方架构测试源码/参考/框架	28239	491b50d5982e242589ba2c11b06890b6c1c0996ebc1abfe3cd059a591900c99c
sim/arch_test/suite/riscv-test-suite/rv64i_m/C/src/csrli-01.S	第三方架构测试源码/参考/框架	28076	a43380b890214bcbe935ef83720c7a74cbf98e3389d46ad7eb94c677cae7b54d
sim/arch_test/suite/riscv-test-suite/rv64i_m/C/src/csub-01.S	第三方架构测试源码/参考/框架	152235	b1b7767d846ab0c4f04143382d9650c0663d599d067640ca64df4fac4001fa31
sim/arch_test/suite/riscv-test-suite/rv64i_m/C/src/csubw-01.S	第三方架构测试源码/参考/框架	148587	ba7692997b2f5b81817ecfc38554a94ad3914b6d65990ceb7972856ad1f4bf1e
sim/arch_test/suite/riscv-test-suite/rv64i_m/C/src/csw-01.S	第三方架构测试源码/参考/框架	22725	bb8d0cda230479ad37939321c0438e76a3c71e3f1d0c23318fb79a80e1b70812
sim/arch_test/suite/riscv-test-suite/rv64i_m/C/src/cswsp-01.S	第三方架构测试源码/参考/框架	23484	16fab1f15cb103b6f4150f51ed6738388c9aeb43ad8ed1b646878c99efa9352f
sim/arch_test/suite/riscv-test-suite/rv64i_m/C/src/cxor-01.S	第三方架构测试源码/参考/框架	150537	9a442b978dd1ce49aa7d07b7aba45fdaa9c95828666baf148bac1ff80c20f2fa
sim/arch_test/suite/riscv-test-suite/rv64i_m/D/Makefile	第三方架构测试源码/参考/框架	116	d979744a6cab9818dc6b378cf53575239b79d6a3516a2c2232fb82a59e90b8d5
sim/arch_test/suite/riscv-test-suite/rv64i_m/D/Makefrag	第三方架构测试源码/参考/框架	3613	2e286a1c24e5be68ee239e3e9a3904e469b868faa5e8eefcb6c6c35f8c9ef713
sim/arch_test/suite/riscv-test-suite/rv64i_m/D/references/d_fadd_b1-01.reference_output	第三方架构测试源码/参考/框架	20808	30f9fdaf89c4fcd91e0a5778a31e5e97874170d1863f5b7323e69f4daa17ba4e
sim/arch_test/suite/riscv-test-suite/rv64i_m/D/references/d_fadd_b10-01.reference_output	第三方架构测试源码/参考/框架	22176	c9cfe9103128e2f5e58d0756235c204546248a46fce39c1c7382822cd89e40b1
sim/arch_test/suite/riscv-test-suite/rv64i_m/D/references/d_fadd_b11-01.reference_output	第三方架构测试源码/参考/框架	385668	a8c16cfae090eb5c4c078a4e69bbece57c2b14329d6e0267571c1a0e964a6778
sim/arch_test/suite/riscv-test-suite/rv64i_m/D/references/d_fadd_b12-01.reference_output	第三方架构测试源码/参考/框架	1872	b0638ebb491fc0ffc30200e7dd7010ca10641866e2a5bdb40ceb75fdceeac1de
sim/arch_test/suite/riscv-test-suite/rv64i_m/D/references/d_fadd_b13-01.reference_output	第三方架构测试源码/参考/框架	7272	8042c114fc9276178de4bd679def72072458e2034d4df6bd60a5a8644dd53f9e
sim/arch_test/suite/riscv-test-suite/rv64i_m/D/references/d_fadd_b2-01.reference_output	第三方架构测试源码/参考/框架	9972	87a91d42d18dc4aba1c8955786d4789223772253ee674ce7bde70af549fbb60c
sim/arch_test/suite/riscv-test-suite/rv64i_m/D/references/d_fadd_b3-01.reference_output	第三方架构测试源码/参考/框架	40428	d9a54003c00902ea7f88c169f5f5c5de4b17aa0c63abbc78a3b42e58067f5e79
sim/arch_test/suite/riscv-test-suite/rv64i_m/D/references/d_fadd_b4-01.reference_output	第三方架构测试源码/参考/框架	5148	8334da68ce4bfcd2feaa9fbd2a647a1b9cb0d529cc64bddaf30fe1c582b08f56
sim/arch_test/suite/riscv-test-suite/rv64i_m/D/references/d_fadd_b5-01.reference_output	第三方架构测试源码/参考/框架	7632	980104a5d5d482b14a9def2f67c85ed177a399c90467335a7fd060013070f7ff
sim/arch_test/suite/riscv-test-suite/rv64i_m/D/references/d_fadd_b7-01.reference_output	第三方架构测试源码/参考/框架	12168	743fb1eb7d0f68599143a0e402b2cc5b01af8697a5aee790cfa641ad452359b4
sim/arch_test/suite/riscv-test-suite/rv64i_m/D/references/d_fadd_b8-01.reference_output	第三方架构测试源码/参考/框架	52992	2ff6dd82c05fa51f205be18edc7a27f3875d916635f387ff038bd87cac6ff7f3
sim/arch_test/suite/riscv-test-suite/rv64i_m/D/references/d_fclass_b1-01.reference_output	第三方架构测试源码/参考/框架	1152	8d9d168a5ef2dc2e2195f0bd83ff60ae98b022b4ad389f9784b2ba6cd27afd7f
sim/arch_test/suite/riscv-test-suite/rv64i_m/D/references/d_fcvt.d.l_b25-01.reference_output	第三方架构测试源码/参考/框架	1152	7a9fa7c07e857f5ae9a71b3ac12c7c8899640d6146829d0d45697adeabf609f1
sim/arch_test/suite/riscv-test-suite/rv64i_m/D/references/d_fcvt.d.l_b26-01.reference_output	第三方架构测试源码/参考/框架	2340	53bb3050eb8642485d129f818ba36fd043212ce46e338f9868ff9bf37a407822
sim/arch_test/suite/riscv-test-suite/rv64i_m/D/references/d_fcvt.d.lu_b25-01.reference_output	第三方架构测试源码/参考/框架	1152	7b0e718823562d5972cb45943360288495e3f5d6fadbccd27a61a2a2921b3055
sim/arch_test/suite/riscv-test-suite/rv64i_m/D/references/d_fcvt.d.lu_b26-01.reference_output	第三方架构测试源码/参考/框架	2340	0a35936ec54807c7fbe8a2a704544c47022d1fbda0fd30785ff6bb3f80280fb8
sim/arch_test/suite/riscv-test-suite/rv64i_m/D/references/d_fcvt.d.s_b1-01.reference_output	第三方架构测试源码/参考/框架	1152	f6b30dd1dea6fab8cef67363499d6afb2a592c4ebe3e3850a818659000440321
sim/arch_test/suite/riscv-test-suite/rv64i_m/D/references/d_fcvt.d.s_b22-01.reference_output	第三方架构测试源码/参考/框架	1152	f6b30dd1dea6fab8cef67363499d6afb2a592c4ebe3e3850a818659000440321
sim/arch_test/suite/riscv-test-suite/rv64i_m/D/references/d_fcvt.d.s_b23-01.reference_output	第三方架构测试源码/参考/框架	1152	f6b30dd1dea6fab8cef67363499d6afb2a592c4ebe3e3850a818659000440321
sim/arch_test/suite/riscv-test-suite/rv64i_m/D/references/d_fcvt.d.s_b24-01.reference_output	第三方架构测试源码/参考/框架	1152	f6b30dd1dea6fab8cef67363499d6afb2a592c4ebe3e3850a818659000440321
sim/arch_test/suite/riscv-test-suite/rv64i_m/D/references/d_fcvt.d.s_b27-01.reference_output	第三方架构测试源码/参考/框架	1152	f6b30dd1dea6fab8cef67363499d6afb2a592c4ebe3e3850a818659000440321
sim/arch_test/suite/riscv-test-suite/rv64i_m/D/references/d_fcvt.d.s_b28-01.reference_output	第三方架构测试源码/参考/框架	1152	f6b30dd1dea6fab8cef67363499d6afb2a592c4ebe3e3850a818659000440321
sim/arch_test/suite/riscv-test-suite/rv64i_m/D/references/d_fcvt.d.s_b29-01.reference_output	第三方架构测试源码/参考/框架	1152	f6b30dd1dea6fab8cef67363499d6afb2a592c4ebe3e3850a818659000440321
sim/arch_test/suite/riscv-test-suite/rv64i_m/D/references/d_fcvt.d.w_b25-01.reference_output	第三方架构测试源码/参考/框架	1188	77ae11d85629324f12b66e081609cd789ad055b3af79d72b5474d976b316dc3f
sim/arch_test/suite/riscv-test-suite/rv64i_m/D/references/d_fcvt.d.w_b26-01.reference_output	第三方架构测试源码/参考/框架	2340	a53eb4adf66024e3be67498221bd48d89913e50c51f5179a1be03cddb6c963fa
sim/arch_test/suite/riscv-test-suite/rv64i_m/D/references/d_fcvt.d.wu_b25-01.reference_output	第三方架构测试源码/参考/框架	1152	0b9a226f41d3398626a7754357c97787450da285e6f009ee2aa2a80d2073c15f
sim/arch_test/suite/riscv-test-suite/rv64i_m/D/references/d_fcvt.d.wu_b26-01.reference_output	第三方架构测试源码/参考/框架	2340	44b31112172f6a42cfc0f4dba55afc284a5957a4e9267d6fbd366ac169e386e4
sim/arch_test/suite/riscv-test-suite/rv64i_m/D/references/d_fcvt.l.d_b1-01.reference_output	第三方架构测试源码/参考/框架	1188	3087657335251d11df4bf2794a64242600e98170ba8136a3c5359456cfc4aaca
sim/arch_test/suite/riscv-test-suite/rv64i_m/D/references/d_fcvt.l.d_b22-01.reference_output	第三方架构测试源码/参考/框架	2628	ca3e68f078317ffafe53a252265ebf96dc8e0dd3e22b140a321337f087d794c6
sim/arch_test/suite/riscv-test-suite/rv64i_m/D/references/d_fcvt.l.d_b23-01.reference_output	第三方架构测试源码/参考/框架	1656	3fd5293c2ab5fa64f61dce5a472240a36e2c8729199e2f3c2842911aae6cc55c
sim/arch_test/suite/riscv-test-suite/rv64i_m/D/references/d_fcvt.l.d_b24-01.reference_output	第三方架构测试源码/参考/框架	3816	b95c39e996cbe71b1ec33a4eda6a101318b68d7a22dee5676c1bf8792b0cb80a
sim/arch_test/suite/riscv-test-suite/rv64i_m/D/references/d_fcvt.l.d_b27-01.reference_output	第三方架构测试源码/参考/框架	1152	f979e9b2eda8b8b5ff2285f90eafd0d7c8d13b87de684baf21662354caf2340c
sim/arch_test/suite/riscv-test-suite/rv64i_m/D/references/d_fcvt.l.d_b28-01.reference_output	第三方架构测试源码/参考/框架	1188	23087db3e6cbe6e67da93e090bd84ceb237f7772133c0af3dea526a605036146
sim/arch_test/suite/riscv-test-suite/rv64i_m/D/references/d_fcvt.l.d_b29-01.reference_output	第三方架构测试源码/参考/框架	2916	3ff469a72468c27d983ef19eb250ae6050ec0859f6bae87761b4d588e4614c12
sim/arch_test/suite/riscv-test-suite/rv64i_m/D/references/d_fcvt.lu.d_b1-01.reference_output	第三方架构测试源码/参考/框架	1188	c7ba7283440e18cab90e6e1c7cd3eed481395d3933750ef035273c5a59fb5ec2
sim/arch_test/suite/riscv-test-suite/rv64i_m/D/references/d_fcvt.lu.d_b22-01.reference_output	第三方架构测试源码/参考/框架	2628	0f46ade66753281403b8fc1caf311d0e7c533447914a61dcd98c9e1f4b9ffda0
sim/arch_test/suite/riscv-test-suite/rv64i_m/D/references/d_fcvt.lu.d_b23-01.reference_output	第三方架构测试源码/参考/框架	1656	df83c34e65611e7194eaab5524214929a431373e50abd282eff6a4a0341b1d7c
sim/arch_test/suite/riscv-test-suite/rv64i_m/D/references/d_fcvt.lu.d_b24-01.reference_output	第三方架构测试源码/参考/框架	3816	a624167767f0f265680a6e2e5704fc8e2bf211d46b86678add8f977f84edd544
sim/arch_test/suite/riscv-test-suite/rv64i_m/D/references/d_fcvt.lu.d_b27-01.reference_output	第三方架构测试源码/参考/框架	1188	3048ce921238736d67e7064e97f712d7e30c8363586c350c840e5293107d9b51
sim/arch_test/suite/riscv-test-suite/rv64i_m/D/references/d_fcvt.lu.d_b28-01.reference_output	第三方架构测试源码/参考/框架	1188	3757bc582f1cea3e73be6344097bfd488a2833ab1709db88b872dc7c4d3e4d0c
sim/arch_test/suite/riscv-test-suite/rv64i_m/D/references/d_fcvt.lu.d_b29-01.reference_output	第三方架构测试源码/参考/框架	2916	0265d2dba64077e97eea26209302ba2bdf611ee23bf9c989a559149150098dab
sim/arch_test/suite/riscv-test-suite/rv64i_m/D/references/d_fcvt.s.d_b1-01.reference_output	第三方架构测试源码/参考/框架	1152	eefaed4e11429f9ce148beba5abaa2ead7aacd915ec03851289054aff191a2b6
sim/arch_test/suite/riscv-test-suite/rv64i_m/D/references/d_fcvt.s.d_b22-01.reference_output	第三方架构测试源码/参考/框架	1152	f6b5939b0eca09d646cbb752fef3916ffacf026da660540a170539b076594301
sim/arch_test/suite/riscv-test-suite/rv64i_m/D/references/d_fcvt.s.d_b23-01.reference_output	第三方架构测试源码/参考/框架	1620	8c4fa6d4b1508a08c5f9c87eb07fe40520e1c1988aba61c79de70d65c1abc0e1
sim/arch_test/suite/riscv-test-suite/rv64i_m/D/references/d_fcvt.s.d_b24-01.reference_output	第三方架构测试源码/参考/框架	3780	d63fd899bf29fe9c6ac835e5175005b7cffe54da78fed053869ba2f0943ed51c
sim/arch_test/suite/riscv-test-suite/rv64i_m/D/references/d_fcvt.s.d_b27-01.reference_output	第三方架构测试源码/参考/框架	1152	a6329f0e7f56266e01672b39f7071c74654c3e4df986efd1c289437d7eebd2bb
sim/arch_test/suite/riscv-test-suite/rv64i_m/D/references/d_fcvt.s.d_b28-01.reference_output	第三方架构测试源码/参考/框架	1152	1df7a35d986b81185da29939846e30c9baa3458bdcf43e184122c740e3eb5fc3
sim/arch_test/suite/riscv-test-suite/rv64i_m/D/references/d_fcvt.s.d_b29-01.reference_output	第三方架构测试源码/参考/框架	2916	de601d2ccab21ca00a0507d057a03e7c19dc687572edf837f80f71558c0f6020
sim/arch_test/suite/riscv-test-suite/rv64i_m/D/references/d_fcvt.w.d_b1-01.reference_output	第三方架构测试源码/参考/框架	1188	fa60f479a7f5fa08cb999245ce5792c6814a263482a6def8e60008bcede1be13
sim/arch_test/suite/riscv-test-suite/rv64i_m/D/references/d_fcvt.w.d_b22-01.reference_output	第三方架构测试源码/参考/框架	1476	698e7d53a441e51ba79fa9af36374d54237573172973bda46a2e80263236aee9
sim/arch_test/suite/riscv-test-suite/rv64i_m/D/references/d_fcvt.w.d_b23-01.reference_output	第三方架构测试源码/参考/框架	1656	d4da91eeecc153613e22e3505b1437e63a2ab088f312785b8df805d0ae21c587
sim/arch_test/suite/riscv-test-suite/rv64i_m/D/references/d_fcvt.w.d_b24-01.reference_output	第三方架构测试源码/参考/框架	3816	bd923fbb524b2e61bba5e2c00be39dfb2977ee6c46df2b88765dc021542427b4
sim/arch_test/suite/riscv-test-suite/rv64i_m/D/references/d_fcvt.w.d_b27-01.reference_output	第三方架构测试源码/参考/框架	1188	92b0e768cc0a68b358e3c638555ba21680c7252ae64d85d4afc1c5a8e72d9db3
sim/arch_test/suite/riscv-test-suite/rv64i_m/D/references/d_fcvt.w.d_b28-01.reference_output	第三方架构测试源码/参考/框架	1188	49bab03b1187f151383461453c340a037c340cf763d76986c15f28ea09db2c27
sim/arch_test/suite/riscv-test-suite/rv64i_m/D/references/d_fcvt.w.d_b29-01.reference_output	第三方架构测试源码/参考/框架	2916	3ff469a72468c27d983ef19eb250ae6050ec0859f6bae87761b4d588e4614c12
sim/arch_test/suite/riscv-test-suite/rv64i_m/D/references/d_fcvt.wu.d_b1-01.reference_output	第三方架构测试源码/参考/框架	1188	aa5cf57c6c2012c9f91a1cf1a1b4146a0ba24421e4587cd2bf9d03bc8c1cce76
sim/arch_test/suite/riscv-test-suite/rv64i_m/D/references/d_fcvt.wu.d_b22-01.reference_output	第三方架构测试源码/参考/框架	1476	77ec697058089bd457cbfb21797cf29cb25e7c5190474c1945f93af1ba23bdaa
sim/arch_test/suite/riscv-test-suite/rv64i_m/D/references/d_fcvt.wu.d_b23-01.reference_output	第三方架构测试源码/参考/框架	1656	b43788bf14de5ccd9df1576735219a051041621885e1802b8f2ce35b1d478b23
sim/arch_test/suite/riscv-test-suite/rv64i_m/D/references/d_fcvt.wu.d_b24-01.reference_output	第三方架构测试源码/参考/框架	3816	a624167767f0f265680a6e2e5704fc8e2bf211d46b86678add8f977f84edd544
sim/arch_test/suite/riscv-test-suite/rv64i_m/D/references/d_fcvt.wu.d_b27-01.reference_output	第三方架构测试源码/参考/框架	1188	c86ce43e861a66362d57c10ccd85170f8a08ca1dbd0eca0ece851d6547381daa
sim/arch_test/suite/riscv-test-suite/rv64i_m/D/references/d_fcvt.wu.d_b28-01.reference_output	第三方架构测试源码/参考/框架	1188	f98de7547bae7102e850438836e7c3fe281a8b722f3b90b24f6f0f59e00b6d3c
sim/arch_test/suite/riscv-test-suite/rv64i_m/D/references/d_fcvt.wu.d_b29-01.reference_output	第三方架构测试源码/参考/框架	2916	0265d2dba64077e97eea26209302ba2bdf611ee23bf9c989a559149150098dab
sim/arch_test/suite/riscv-test-suite/rv64i_m/D/references/d_fdiv_b1-01.reference_output	第三方架构测试源码/参考/框架	20808	3aaec42886d0946bd7a6b1678eaf392efd6a27c0f4b0fd92c18e319be7e0b261
sim/arch_test/suite/riscv-test-suite/rv64i_m/D/references/d_fdiv_b2-01.reference_output	第三方架构测试源码/参考/框架	10008	22ee84c463f0ed5ca9e60cf2a2d572d5d249b39cb05f9ebcc659df373be3ae9e
sim/arch_test/suite/riscv-test-suite/rv64i_m/D/references/d_fdiv_b20-01.reference_output	第三方架构测试源码/参考/框架	8964	96d773a4dd9d109fd1615ccf05cb0e8e9168bffcbbd61d17e89b1ea468acff69
sim/arch_test/suite/riscv-test-suite/rv64i_m/D/references/d_fdiv_b21-01.reference_output	第三方架构测试源码/参考/框架	24408	a46fe867f48a92a1de05c0495168b97bf9547d13df49318fa384513c07689e54
sim/arch_test/suite/riscv-test-suite/rv64i_m/D/references/d_fdiv_b3-01.reference_output	第三方架构测试源码/参考/框架	40392	30cf45f6c3da54beb8b6f1c0e332c52be969eeef8f9200ee223c4a4f5a976a28
sim/arch_test/suite/riscv-test-suite/rv64i_m/D/references/d_fdiv_b4-01.reference_output	第三方架构测试源码/参考/框架	5112	47ce8513339df549ba118f35e949e5e54c5e6dcb1bd634f764d94e56918858a5
sim/arch_test/suite/riscv-test-suite/rv64i_m/D/references/d_fdiv_b5-01.reference_output	第三方架构测试源码/参考/框架	7632	4100bffa9591456b94fc3171255c7fbe6c1bea608b4b814e28a9501b76814825
sim/arch_test/suite/riscv-test-suite/rv64i_m/D/references/d_fdiv_b6-01.reference_output	第三方架构测试源码/参考/框架	5112	03e656d95b4a438f4594fa81714a6fe65607c254c65dc0db74e57aa7a8020b43
sim/arch_test/suite/riscv-test-suite/rv64i_m/D/references/d_fdiv_b7-01.reference_output	第三方架构测试源码/参考/框架	12168	3799fe4fcc4f2c65226d6d5dad9cae8665d9abc1448be6263131673757f20d8e
sim/arch_test/suite/riscv-test-suite/rv64i_m/D/references/d_fdiv_b8-01.reference_output	第三方架构测试源码/参考/框架	52992	28e373a5e0de97f5be20aff01f91a880711b61b434a57fc2087294e9eff7e04f
sim/arch_test/suite/riscv-test-suite/rv64i_m/D/references/d_fdiv_b9-01.reference_output	第三方架构测试源码/参考/框架	83448	82a218499fb03932c9675088160d4a8cb27ae3e862c3157e318331efba9ecd45
sim/arch_test/suite/riscv-test-suite/rv64i_m/D/references/d_feq_b1-01.reference_output	第三方架构测试源码/参考/框架	20808	f8aae45e6ca2d25f9af0e50f36c035cbb52238f604802c539cf2af15f63ab675
sim/arch_test/suite/riscv-test-suite/rv64i_m/D/references/d_feq_b19-01.reference_output	第三方架构测试源码/参考/框架	39564	a4f143553320c6622b780993b51bc4dcc1b4a6470921d1bbbe2273c40a39b696
sim/arch_test/suite/riscv-test-suite/rv64i_m/D/references/d_fld-align-01.reference_output	第三方架构测试源码/参考/框架	1152	215308825a42556604af435f7c21354e8cd299186bebd37ac7e05b74e0721068
sim/arch_test/suite/riscv-test-suite/rv64i_m/D/references/d_fle_b1-01.reference_output	第三方架构测试源码/参考/框架	20808	c77bb62f0d5bd859de722798e01e299390243a5d7fb850c4a6093a095fe45d4f
sim/arch_test/suite/riscv-test-suite/rv64i_m/D/references/d_fle_b19-01.reference_output	第三方架构测试源码/参考/框架	39564	ed3b44444ad818cbffc4abd87edd2676a82de62ba237142d383f92925520ee61
sim/arch_test/suite/riscv-test-suite/rv64i_m/D/references/d_flt_b1-01.reference_output	第三方架构测试源码/参考/框架	20808	8cf9e16eee045f2f4405e4825bd31106f0adc12fa4da08a0af047c26bde1c4b8
sim/arch_test/suite/riscv-test-suite/rv64i_m/D/references/d_flt_b19-01.reference_output	第三方架构测试源码/参考/框架	41436	353be655ae724a01bfcafc0600ddaa6e8be93b4f30381215d7d81e905b4a4757
sim/arch_test/suite/riscv-test-suite/rv64i_m/D/references/d_fmadd_b14-01.reference_output	第三方架构测试源码/参考/框架	6048	4c106b8cebe35877bd63d6369a4e642ce3816380af0f112322744991c367777c
sim/arch_test/suite/riscv-test-suite/rv64i_m/D/references/d_fmadd_b16-01.reference_output	第三方架构测试源码/参考/框架	7524	7b76b051dbcfedfb170abea97c2faf504d4f85a3c61b4d8a4e32fa4752a02ce3
sim/arch_test/suite/riscv-test-suite/rv64i_m/D/references/d_fmadd_b17-01.reference_output	第三方架构测试源码/参考/框架	7524	9c8cecb813b4b2869c2eafb4f685bcf5605c6bfa0e131bcef66de3e6ea052c12
sim/arch_test/suite/riscv-test-suite/rv64i_m/D/references/d_fmadd_b18-01.reference_output	第三方架构测试源码/参考/框架	10008	6f2b1eefc6d1eea68c87310dbad45e1cad81d31fd3d7a6304934b8c6222eb2b5
sim/arch_test/suite/riscv-test-suite/rv64i_m/D/references/d_fmadd_b2-01.reference_output	第三方架构测试源码/参考/框架	10224	1597b021661f09c31a007ebc6e09e4eaaf9ac283a2480540979d3370a58db832
sim/arch_test/suite/riscv-test-suite/rv64i_m/D/references/d_fmadd_b3-01.reference_output	第三方架构测试源码/参考/框架	40608	18d3c285e80b41dca3412e9ba202c01852fbccb8db1d55937f36dbab58175da7
sim/arch_test/suite/riscv-test-suite/rv64i_m/D/references/d_fmadd_b4-01.reference_output	第三方架构测试源码/参考/框架	5328	a1b4c227f38cc6ffafae5f8c7b9610c98e11a255e778a7902c7059854c0ba34a
sim/arch_test/suite/riscv-test-suite/rv64i_m/D/references/d_fmadd_b5-01.reference_output	第三方架构测试源码/参考/框架	7848	14c8c11f05149550919a97487f2722c7cf3dfd9405d3994d3e99bdc69a32283c
sim/arch_test/suite/riscv-test-suite/rv64i_m/D/references/d_fmadd_b6-01.reference_output	第三方架构测试源码/参考/框架	5328	4dc24e48b3b6461f1a3d7f9b860476c6d42c0bdcedcc608acdd5cf3b4970c0bd
sim/arch_test/suite/riscv-test-suite/rv64i_m/D/references/d_fmadd_b7-01.reference_output	第三方架构测试源码/参考/框架	12384	dc80632b6a3c51e3b94a5e84563ec66c7f52ba0a623c9f90828370d5fa83096a
sim/arch_test/suite/riscv-test-suite/rv64i_m/D/references/d_fmadd_b8-01.reference_output	第三方架构测试源码/参考/框架	53208	bb508e71cf9f9075e630e2873ce24703e0205315a874a4649f2050186bc0804f
sim/arch_test/suite/riscv-test-suite/rv64i_m/D/references/d_fmax_b1-01.reference_output	第三方架构测试源码/参考/框架	20808	34653fc7d5d437fd72e5447908d9db79314f78348fdfd5c5a90b0319d5c616db
sim/arch_test/suite/riscv-test-suite/rv64i_m/D/references/d_fmax_b19-01.reference_output	第三方架构测试源码/参考/框架	40140	519dcf7e2454d4adbf2320213fd56393187afe4fa2ffe89fee2446d438811e1e
sim/arch_test/suite/riscv-test-suite/rv64i_m/D/references/d_fmin_b1-01.reference_output	第三方架构测试源码/参考/框架	20808	5e4995e4671fd4b4523133c32885c39087c620176d6c9695f11148fb5623a96b
sim/arch_test/suite/riscv-test-suite/rv64i_m/D/references/d_fmin_b19-01.reference_output	第三方架构测试源码/参考/框架	39528	321e320b184cf5ea3d99f741b5729fbe05c245a8f8a300b3c88f3bc5c52431d6
sim/arch_test/suite/riscv-test-suite/rv64i_m/D/references/d_fmsub_b14-01.reference_output	第三方架构测试源码/参考/框架	6048	ff619d62edd629f9d00cb03d0dc11e63ba572b7e90ceb27fd80c9ea7d79d17d0
sim/arch_test/suite/riscv-test-suite/rv64i_m/D/references/d_fmsub_b16-01.reference_output	第三方架构测试源码/参考/框架	7524	7d1c8d86cddca86268e5f510fbf00a5ae9c680c2373c1ef4e5426501ec938cc3
sim/arch_test/suite/riscv-test-suite/rv64i_m/D/references/d_fmsub_b17-01.reference_output	第三方架构测试源码/参考/框架	7524	b519a94bfd1861621daccc8e09817afe488da850996d41931c796624308cac7c
sim/arch_test/suite/riscv-test-suite/rv64i_m/D/references/d_fmsub_b18-01.reference_output	第三方架构测试源码/参考/框架	10008	45c3b3172360c3f5b4762eadb7deb50dedd049b6800d03f9f5539b8a38c17a39
sim/arch_test/suite/riscv-test-suite/rv64i_m/D/references/d_fmsub_b2-01.reference_output	第三方架构测试源码/参考/框架	10224	e28c63b58a081aadb72c02be3b51fc76d08a2fb0dd2d47f13b04b4e896dc214a
sim/arch_test/suite/riscv-test-suite/rv64i_m/D/references/d_fmsub_b3-01.reference_output	第三方架构测试源码/参考/框架	40644	b9d6ade8a8f8fd86cc475e8fbde1eb97db746777eff0e4ac7c68bcb9911cddfc
sim/arch_test/suite/riscv-test-suite/rv64i_m/D/references/d_fmsub_b4-01.reference_output	第三方架构测试源码/参考/框架	5328	22a0447039c3c51578ddad065b12a36426ed27095b73daec3d07c2130cc5f71b
sim/arch_test/suite/riscv-test-suite/rv64i_m/D/references/d_fmsub_b5-01.reference_output	第三方架构测试源码/参考/框架	7848	6e9cd3a70d55b5b4c67d42284437c658083654365c9993a330fe07961ad42072
sim/arch_test/suite/riscv-test-suite/rv64i_m/D/references/d_fmsub_b6-01.reference_output	第三方架构测试源码/参考/框架	5328	3380507b1502387c85cc57598888caeb97f6ad88b5520ef2f72337ba82516f3f
sim/arch_test/suite/riscv-test-suite/rv64i_m/D/references/d_fmsub_b7-01.reference_output	第三方架构测试源码/参考/框架	12384	981489ee9fca5e294757f6e9ef30ea76c0d490e260ee2c9facc82315983b4a2e
sim/arch_test/suite/riscv-test-suite/rv64i_m/D/references/d_fmsub_b8-01.reference_output	第三方架构测试源码/参考/框架	53208	37b2d2bc7cb9abf59c0479c3eb1138f48c5b6873e76a3d2322b94d446661255a
sim/arch_test/suite/riscv-test-suite/rv64i_m/D/references/d_fmul_b1-01.reference_output	第三方架构测试源码/参考/框架	20808	d3860a9b8031e90fd055d4d1a5bb30f8cfd7d5c40f6edb16e0ca4b852a2b989e
sim/arch_test/suite/riscv-test-suite/rv64i_m/D/references/d_fmul_b2-01.reference_output	第三方架构测试源码/参考/框架	10044	c53db71156231d159c9d1267007b75afdeb3beffeadff2f9f57a861c3f405f71
sim/arch_test/suite/riscv-test-suite/rv64i_m/D/references/d_fmul_b3-01.reference_output	第三方架构测试源码/参考/框架	40428	8808437c01496b055a9720e7406ef22fc52a2ef52f608eb84fe5b3ab02a8712c
sim/arch_test/suite/riscv-test-suite/rv64i_m/D/references/d_fmul_b4-01.reference_output	第三方架构测试源码/参考/框架	5112	04376eebd4d9fe5052ecc8887ae4009405c1969a4c664e9a8bf01b04e6cdb91d
sim/arch_test/suite/riscv-test-suite/rv64i_m/D/references/d_fmul_b5-01.reference_output	第三方架构测试源码/参考/框架	7632	997078486ed97435495ac80aff70c0750ca8cce7fe60cdbd3e91ab718ccafdee
sim/arch_test/suite/riscv-test-suite/rv64i_m/D/references/d_fmul_b6-01.reference_output	第三方架构测试源码/参考/框架	5112	04856644271c0b85df77ef639e678899a0214cb9123d56bec09924066596b2a6
sim/arch_test/suite/riscv-test-suite/rv64i_m/D/references/d_fmul_b7-01.reference_output	第三方架构测试源码/参考/框架	12204	3ee91ca473b8b34d803f1c2b85fd7718052e331e250f4bcabf314119dd883a27
sim/arch_test/suite/riscv-test-suite/rv64i_m/D/references/d_fmul_b8-01.reference_output	第三方架构测试源码/参考/框架	52992	2f5048fc12fdb2e7ec214165a3ee0742ddcc93c126750d1a6a1c3e37496687f2
sim/arch_test/suite/riscv-test-suite/rv64i_m/D/references/d_fmul_b9-01.reference_output	第三方架构测试源码/参考/框架	83448	fb38be39d33be4bca2b0a24ce5c784046386626303fab014363bb09fad99ae36
sim/arch_test/suite/riscv-test-suite/rv64i_m/D/references/d_fmv.d.x_b25-01.reference_output	第三方架构测试源码/参考/框架	1152	d300ca836b56ef4f5bf41907965ed3fef0c1572fa379d58fcd0f80c9fa8c99a0
sim/arch_test/suite/riscv-test-suite/rv64i_m/D/references/d_fmv.d.x_b26-01.reference_output	第三方架构测试源码/参考/框架	2340	569c3f2faaa0ebe8933516c93be483573d55d28da24b6e75a1ca2667d218e882
sim/arch_test/suite/riscv-test-suite/rv64i_m/D/references/d_fmv.x.d_b1-01.reference_output	第三方架构测试源码/参考/框架	1188	ea54d0799cf8ebb16f588017c8d34f5f8bf25dacb8240e6df5690e538858f7af
sim/arch_test/suite/riscv-test-suite/rv64i_m/D/references/d_fmv.x.d_b22-01.reference_output	第三方架构测试源码/参考/框架	1152	6944c74e41a03727aa8d2351f768ee37582b82c68404ff4dec801119c821919e
sim/arch_test/suite/riscv-test-suite/rv64i_m/D/references/d_fmv.x.d_b23-01.reference_output	第三方架构测试源码/参考/框架	1152	e75598545eace07f3410e8bbee738c19c28ba7dba37b95db512da4efeb246c9f
sim/arch_test/suite/riscv-test-suite/rv64i_m/D/references/d_fmv.x.d_b24-01.reference_output	第三方架构测试源码/参考/框架	1188	25bc9e7c7a5f772b36679f2768e3a5598279f013294625119955c8910d0be39e
sim/arch_test/suite/riscv-test-suite/rv64i_m/D/references/d_fmv.x.d_b27-01.reference_output	第三方架构测试源码/参考/框架	1188	ec4506046be801de15932dc68f183761097fb5a962ea03911c4f786797c61d36
sim/arch_test/suite/riscv-test-suite/rv64i_m/D/references/d_fmv.x.d_b28-01.reference_output	第三方架构测试源码/参考/框架	1152	4c194a430ebc03e55a7ced8c5d8e7fd544abe5fd3576cb41498a3fcd73410773
sim/arch_test/suite/riscv-test-suite/rv64i_m/D/references/d_fmv.x.d_b29-01.reference_output	第三方架构测试源码/参考/框架	1188	3da8a4903a78040c0a51647b3487d1fb2b69e55135d831a48c73ff00fa95737b
sim/arch_test/suite/riscv-test-suite/rv64i_m/D/references/d_fnmadd_b14-01.reference_output	第三方架构测试源码/参考/框架	6048	b44967461da8aac63dc23723847914c5d8ac0deadda1e2cab00c410fce7cf7b0
sim/arch_test/suite/riscv-test-suite/rv64i_m/D/references/d_fnmadd_b16-01.reference_output	第三方架构测试源码/参考/框架	7488	fb8ae3a6a79ee745c9dde298c4924892adebe476203a552c74d6b636e65a902e
sim/arch_test/suite/riscv-test-suite/rv64i_m/D/references/d_fnmadd_b17-01.reference_output	第三方架构测试源码/参考/框架	7488	f68d70dcd10cc9e238b8268ef8b66d816c82acd97a11d876065f9021efd5d566
sim/arch_test/suite/riscv-test-suite/rv64i_m/D/references/d_fnmadd_b18-01.reference_output	第三方架构测试源码/参考/框架	10008	c63ac06f66e65a91849ace245ad793bf58e896dbc4e3893c0c31abeba7b381de
sim/arch_test/suite/riscv-test-suite/rv64i_m/D/references/d_fnmadd_b2-01.reference_output	第三方架构测试源码/参考/框架	10224	f8c388fe7abc8c34f2064669c226b5cddbe7fef01c120b5117a3004ab7b1b60f
sim/arch_test/suite/riscv-test-suite/rv64i_m/D/references/d_fnmadd_b3-01.reference_output	第三方架构测试源码/参考/框架	40608	727fa6714c61bcc3cdc22f97368c82f18d9aef0952ab334de0b038236fcedb35
sim/arch_test/suite/riscv-test-suite/rv64i_m/D/references/d_fnmadd_b4-01.reference_output	第三方架构测试源码/参考/框架	5328	3e32083c8c247d68f15f990a9e2116dd79179f9491439fdabbe5512eaf180acd
sim/arch_test/suite/riscv-test-suite/rv64i_m/D/references/d_fnmadd_b5-01.reference_output	第三方架构测试源码/参考/框架	7848	934a57f4babae6c65e594127c33939d343274a65e98ca61d87dc7938cc1d2a87
sim/arch_test/suite/riscv-test-suite/rv64i_m/D/references/d_fnmadd_b6-01.reference_output	第三方架构测试源码/参考/框架	5328	158d4427862b8d9e900d0e8f6c2db5edcad0340642924b6a5161535899705356
sim/arch_test/suite/riscv-test-suite/rv64i_m/D/references/d_fnmadd_b7-01.reference_output	第三方架构测试源码/参考/框架	12384	d6100877daa1b641d1e0b2723afaab7a00233016707927e394b1647cd4ac476d
sim/arch_test/suite/riscv-test-suite/rv64i_m/D/references/d_fnmadd_b8-01.reference_output	第三方架构测试源码/参考/框架	53208	8219d174f555d6234ba18e936c4719b6fe1100a04aceb32b53844e0bd9ff5ea6
sim/arch_test/suite/riscv-test-suite/rv64i_m/D/references/d_fnmsub_b14-01.reference_output	第三方架构测试源码/参考/框架	6048	2d9fef163f6ff10bea4a26162d482bad7cda565e35c6352b28ba658fef54c579
sim/arch_test/suite/riscv-test-suite/rv64i_m/D/references/d_fnmsub_b16-01.reference_output	第三方架构测试源码/参考/框架	7488	2b2772fbcb4695e9bbeb72b218a6e77de533237d5699362229b31681ed65844f
sim/arch_test/suite/riscv-test-suite/rv64i_m/D/references/d_fnmsub_b17-01.reference_output	第三方架构测试源码/参考/框架	7488	a0a724203f98008f4249815442b68cfc74d307369ca8793ff479d8972bf39a8e
sim/arch_test/suite/riscv-test-suite/rv64i_m/D/references/d_fnmsub_b18-01.reference_output	第三方架构测试源码/参考/框架	10008	3a1e347f767875d65ca8eb8aa110ff01d9d525abd7dfcd1b49316ac7d11db88f
sim/arch_test/suite/riscv-test-suite/rv64i_m/D/references/d_fnmsub_b2-01.reference_output	第三方架构测试源码/参考/框架	10188	4a9d21423cd71f94dde038d2e718f5bae2ab3281c879c65e01f686b51df96175
sim/arch_test/suite/riscv-test-suite/rv64i_m/D/references/d_fnmsub_b3-01.reference_output	第三方架构测试源码/参考/框架	40608	7753e5efb6a43e275db5c0e62917a2c4a19c4dffe85bebe0a1e17131541bb2ab
sim/arch_test/suite/riscv-test-suite/rv64i_m/D/references/d_fnmsub_b4-01.reference_output	第三方架构测试源码/参考/框架	5400	264853f3de66dcc86eb929b0286fb35a0fea2b2256598664ae0d7b5c31a797e5
sim/arch_test/suite/riscv-test-suite/rv64i_m/D/references/d_fnmsub_b5-01.reference_output	第三方架构测试源码/参考/框架	7848	8604e1ba682a69186b0ed191aee13a65c4cc4e3ccd44833fa5984b9dd7d10d96
sim/arch_test/suite/riscv-test-suite/rv64i_m/D/references/d_fnmsub_b6-01.reference_output	第三方架构测试源码/参考/框架	5364	0ef4d980bb6300144c3d16a9421048933a9658ca09d7cde7bf7bfdc1d0fdbed4
sim/arch_test/suite/riscv-test-suite/rv64i_m/D/references/d_fnmsub_b7-01.reference_output	第三方架构测试源码/参考/框架	12384	97878792a79a3faa8839b3e16771d0c12e6b6cc418f24d45e374a6ba20441ef9
sim/arch_test/suite/riscv-test-suite/rv64i_m/D/references/d_fnmsub_b8-01.reference_output	第三方架构测试源码/参考/框架	53208	4417c070f9a76af813da963c4675edeaea0b8cb5447502c0e8a7233d320d5e71
sim/arch_test/suite/riscv-test-suite/rv64i_m/D/references/d_fsd-align-01.reference_output	第三方架构测试源码/参考/框架	1152	76085225a59d2840bb08b68e0360dbcdc822c566bd3dcba935ac51567da6123b
sim/arch_test/suite/riscv-test-suite/rv64i_m/D/references/d_fsgnj_b1-01.reference_output	第三方架构测试源码/参考/框架	20808	69910c0e08eb98cbd0fb9a962942f49b30fbab8d5fc7331df8f4333d63683172
sim/arch_test/suite/riscv-test-suite/rv64i_m/D/references/d_fsgnjn_b1-01.reference_output	第三方架构测试源码/参考/框架	20808	2e8eb4eec05b7f5a830cac2abd6b91ac0842b03801d623ab2f7f398c8e0da6c6
sim/arch_test/suite/riscv-test-suite/rv64i_m/D/references/d_fsgnjx_b1-01.reference_output	第三方架构测试源码/参考/框架	20808	c81711c320b18f4166a11d950a4d3af348585a5408873a541a2121deb32018d8
sim/arch_test/suite/riscv-test-suite/rv64i_m/D/references/d_fsqrt_b1-01.reference_output	第三方架构测试源码/参考/框架	1152	6c9dd9158e1d383623e10854f496ea2e9c660ac01baf0e642d4fd3120971ebc4
sim/arch_test/suite/riscv-test-suite/rv64i_m/D/references/d_fsqrt_b2-01.reference_output	第三方架构测试源码/参考/框架	1728	6a35af2221ec9e36738104a6de936096e989874e69b6a4ae70233d1f94da7cf9
sim/arch_test/suite/riscv-test-suite/rv64i_m/D/references/d_fsqrt_b20-01.reference_output	第三方架构测试源码/参考/框架	4932	7cd851ae584e6697e96473d9a9844809ef114a90cc5e98fc7fd09ffaf56a6bcb
sim/arch_test/suite/riscv-test-suite/rv64i_m/D/references/d_fsqrt_b3-01.reference_output	第三方架构测试源码/参考/框架	1188	40dab4ddbc88b7d5bbdb5138a3c32d7ffb44f51fed2ae5b39e17dc56c9416a7b
sim/arch_test/suite/riscv-test-suite/rv64i_m/D/references/d_fsqrt_b4-01.reference_output	第三方架构测试源码/参考/框架	1152	11d689adf6172c8e275150a5a75ad1d5a2f107ad352873de2356f678e1be5210
sim/arch_test/suite/riscv-test-suite/rv64i_m/D/references/d_fsqrt_b5-01.reference_output	第三方架构测试源码/参考/框架	1152	f01263677c351344e28615e73f27588ec648ea2ac3e4829886456e5b09eb7777
sim/arch_test/suite/riscv-test-suite/rv64i_m/D/references/d_fsqrt_b7-01.reference_output	第三方架构测试源码/参考/框架	1152	f01263677c351344e28615e73f27588ec648ea2ac3e4829886456e5b09eb7777
sim/arch_test/suite/riscv-test-suite/rv64i_m/D/references/d_fsqrt_b8-01.reference_output	第三方架构测试源码/参考/框架	1152	f01263677c351344e28615e73f27588ec648ea2ac3e4829886456e5b09eb7777
sim/arch_test/suite/riscv-test-suite/rv64i_m/D/references/d_fsqrt_b9-01.reference_output	第三方架构测试源码/参考/框架	13788	83dd7d9c1d395527807eba6185f09fc7f9cbd0a8d1a0889b0f9d28a29e98808a
sim/arch_test/suite/riscv-test-suite/rv64i_m/D/references/d_fsub_b1-01.reference_output	第三方架构测试源码/参考/框架	20844	003a96eb50bd77e7fdd124edbd7715f1ede7bca6057106cbf0f408a21e6d9e3e
sim/arch_test/suite/riscv-test-suite/rv64i_m/D/references/d_fsub_b10-01.reference_output	第三方架构测试源码/参考/框架	22068	0b5de116b89aa393d435e739163fd5a5cebc4a7440df1408281eded49d10c0b3
sim/arch_test/suite/riscv-test-suite/rv64i_m/D/references/d_fsub_b11-01.reference_output	第三方架构测试源码/参考/框架	385668	61760ff99a2a2e98714e290b4b289e9bd722a4afbf759c26496ae48091aa0564
sim/arch_test/suite/riscv-test-suite/rv64i_m/D/references/d_fsub_b12-01.reference_output	第三方架构测试源码/参考/框架	1872	3e4222ceb98a5d664e1399a508405d7babeb65a76ba5c7d8a682cde03648afc7
sim/arch_test/suite/riscv-test-suite/rv64i_m/D/references/d_fsub_b13-01.reference_output	第三方架构测试源码/参考/框架	7272	7f28233bb3d96c8c11f54104ec5b28740a180fc9dfca302a73568e8ff5509ce7
sim/arch_test/suite/riscv-test-suite/rv64i_m/D/references/d_fsub_b2-01.reference_output	第三方架构测试源码/参考/框架	9972	49f2220dfc2194032fcae5901c306a4b634f144d81f314d26df31cbedb86abd2
sim/arch_test/suite/riscv-test-suite/rv64i_m/D/references/d_fsub_b3-01.reference_output	第三方架构测试源码/参考/框架	40392	5a5db69395dd0293a496b19733e51e403673be1019a5e479defa75b106fe08fd
sim/arch_test/suite/riscv-test-suite/rv64i_m/D/references/d_fsub_b4-01.reference_output	第三方架构测试源码/参考/框架	5112	19bba11e023402c5d1ea02e179375a2c3c29efd468af7d4da49888159db785ee
sim/arch_test/suite/riscv-test-suite/rv64i_m/D/references/d_fsub_b5-01.reference_output	第三方架构测试源码/参考/框架	7632	058b9ddcbd0dfc9b35b5aec453944f26ea7ccafb6252fc0e085a7e00862e3d50
sim/arch_test/suite/riscv-test-suite/rv64i_m/D/references/d_fsub_b7-01.reference_output	第三方架构测试源码/参考/框架	12168	19e74d775c0d648eb2b0ae2b5012721ce94b7b70d42671d65c1823ef203d4163
sim/arch_test/suite/riscv-test-suite/rv64i_m/D/references/d_fsub_b8-01.reference_output	第三方架构测试源码/参考/框架	52992	e6c1db01fae8cfdfa31b138ccc19efb68af9685b24030e4bff193d276198fa0a
sim/arch_test/suite/riscv-test-suite/rv64i_m/D/src/d_fadd_b1-01.S	第三方架构测试源码/参考/框架	252833	dda4756ad47558db9ef86ea905ef78c1bc0e1ad604203c815588d5a8ce1a2cc3
sim/arch_test/suite/riscv-test-suite/rv64i_m/D/src/d_fadd_b10-01.S	第三方架构测试源码/参考/框架	274559	348d7862b868dce7e693a051dc57bd1d8c04dea659018e928a114e22d3190356
sim/arch_test/suite/riscv-test-suite/rv64i_m/D/src/d_fadd_b11-01.S	第三方架构测试源码/参考/框架	4651431	aa8a5f815ab8e123b4ec7dd6e37ffa4224a32189d8f9a2e3e5494119ff03a03f
sim/arch_test/suite/riscv-test-suite/rv64i_m/D/src/d_fadd_b12-01.S	第三方架构测试源码/参考/框架	25362	936d3be2a73d8e1c1f888b072443bc0a70232211f6f887e43634af65ef6d1591
sim/arch_test/suite/riscv-test-suite/rv64i_m/D/src/d_fadd_b13-01.S	第三方架构测试源码/参考/框架	91628	5051f271db8773ff0259e67d27b66e57bb68594e8bbd4e6067624279165d0856
sim/arch_test/suite/riscv-test-suite/rv64i_m/D/src/d_fadd_b2-01.S	第三方架构测试源码/参考/框架	119371	8d834993f7e4f7e2742800993eb409721b94fc3b8b0acdcfffb2a462c376dc57
sim/arch_test/suite/riscv-test-suite/rv64i_m/D/src/d_fadd_b3-01.S	第三方架构测试源码/参考/框架	499031	6078160ea9f4c7a9a61fa2cffdb8cad555ff2b6a20ddffd49cc765b057dd8cc1
sim/arch_test/suite/riscv-test-suite/rv64i_m/D/src/d_fadd_b4-01.S	第三方架构测试源码/参考/框架	65629	3aeba26f2e19b99b4c41da3492859b8228a18bac9e3a82c21e7b3402c6b6fd14
sim/arch_test/suite/riscv-test-suite/rv64i_m/D/src/d_fadd_b5-01.S	第三方架构测试源码/参考/框架	96056	f3cc4a1340e946beda000777d51e65b26a78cf0d99b562cfcda285aee14fa0be
sim/arch_test/suite/riscv-test-suite/rv64i_m/D/src/d_fadd_b7-01.S	第三方架构测试源码/参考/框架	151771	1216efd1075c148c8f125f53b1c17a2c5215b0a509c3333dcc72d32706444fc1
sim/arch_test/suite/riscv-test-suite/rv64i_m/D/src/d_fadd_b8-01.S	第三方架构测试源码/参考/框架	653684	44cb8947c981558b4716c685b3b43768989e21a0bcaaaf5cd27017647bc63b42
sim/arch_test/suite/riscv-test-suite/rv64i_m/D/src/d_fclass_b1-01.S	第三方架构测试源码/参考/框架	11851	25ee4a628f20cf8e262433d0b8f8050888362402a1ec72148fe06fef567e597a
sim/arch_test/suite/riscv-test-suite/rv64i_m/D/src/d_fcvt.d.l_b25-01.S	第三方架构测试源码/参考/框架	11128	c07ea3990de709a77dc2857029c08394c783943fa972fbdf5e7d05e5e4d49477
sim/arch_test/suite/riscv-test-suite/rv64i_m/D/src/d_fcvt.d.l_b26-01.S	第三方架构测试源码/参考/框架	21487	6d19ea9e262f670ed20f73db4944b4a9907c709e7664fb4ae587e432c67f73b3
sim/arch_test/suite/riscv-test-suite/rv64i_m/D/src/d_fcvt.d.lu_b25-01.S	第三方架构测试源码/参考/框架	11195	b7132649dfb6cac0832b72e7d48f7d7433b48abba55a21ae619cfeb953ede082
sim/arch_test/suite/riscv-test-suite/rv64i_m/D/src/d_fcvt.d.lu_b26-01.S	第三方架构测试源码/参考/框架	21617	97cf66f2289474e7a9f4d2ad77209dcdda6b92e0733607d16e868b692878b339
sim/arch_test/suite/riscv-test-suite/rv64i_m/D/src/d_fcvt.d.s_b1-01.S	第三方架构测试源码/参考/框架	12557	05624b47d3d77da9f19d445e575754b076f74a11963569468018cd8972ad7c24
sim/arch_test/suite/riscv-test-suite/rv64i_m/D/src/d_fcvt.d.s_b22-01.S	第三方架构测试源码/参考/框架	11063	44266a8c4413f2a0ad61b9ae55be6c41c65b7c7e7775d9e0bb0dcff102417885
sim/arch_test/suite/riscv-test-suite/rv64i_m/D/src/d_fcvt.d.s_b23-01.S	第三方架构测试源码/参考/框架	11163	20593a063d314fb8ca1cfa98a288e97ea8ddb8749f2bcd5d5b90dbd040a9bb46
sim/arch_test/suite/riscv-test-suite/rv64i_m/D/src/d_fcvt.d.s_b24-01.S	第三方架构测试源码/参考/框架	12333	e1211ea2948b7d38566236a9a4f48da9ecbba87c6f6d61fb76199ee9d7afa395
sim/arch_test/suite/riscv-test-suite/rv64i_m/D/src/d_fcvt.d.s_b27-01.S	第三方架构测试源码/参考/框架	11063	1bcc2b373780ae30f870326ed3f95c1602bfa23cc75c5db6750f0757cb9b29e0
sim/arch_test/suite/riscv-test-suite/rv64i_m/D/src/d_fcvt.d.s_b28-01.S	第三方架构测试源码/参考/框架	13033	2df59fa55398ac07e49aecc6c6b3523cdb0f4423f159262e659cfbf330062529
sim/arch_test/suite/riscv-test-suite/rv64i_m/D/src/d_fcvt.d.s_b29-01.S	第三方架构测试源码/参考/框架	11863	3bdd6360460d6fd5f7da5e69239d1e170885c68bce46671e0fe0d43f8ea2b1ae
sim/arch_test/suite/riscv-test-suite/rv64i_m/D/src/d_fcvt.d.w_b25-01.S	第三方架构测试源码/参考/框架	11508	30ec5395d58721906bb520a4c056dff880a2a90099783a9a1e534c2c702c8ed2
sim/arch_test/suite/riscv-test-suite/rv64i_m/D/src/d_fcvt.d.w_b26-01.S	第三方架构测试源码/参考/框架	21259	97031895983a73adb8aabbf89a473fff714e74cfd29171d4cca2a0f02ede8ce7
sim/arch_test/suite/riscv-test-suite/rv64i_m/D/src/d_fcvt.d.wu_b25-01.S	第三方架构测试源码/参考/框架	11311	ba7d55d1933ccfadcc8e259711596ed4fe7912ab0ee3afc1debf8048352649dd
sim/arch_test/suite/riscv-test-suite/rv64i_m/D/src/d_fcvt.d.wu_b26-01.S	第三方架构测试源码/参考/框架	21625	9deac3b27b2f9ee8def02e1b409464f918d00f2b989d157a479347309259a218
sim/arch_test/suite/riscv-test-suite/rv64i_m/D/src/d_fcvt.l.d_b1-01.S	第三方架构测试源码/参考/框架	13442	1e55195883f8850e634db7185baae3e3632e555a5cc3a21b105b57fce96beede
sim/arch_test/suite/riscv-test-suite/rv64i_m/D/src/d_fcvt.l.d_b22-01.S	第三方架构测试源码/参考/框架	27064	828038e9ee35c95fd6162f41efc4cd8cee80f0d08db1f2e214d39ca5b78e9fb4
sim/arch_test/suite/riscv-test-suite/rv64i_m/D/src/d_fcvt.l.d_b23-01.S	第三方架构测试源码/参考/框架	18487	8e0e929fdc205edb5c7ea3f55a21688cbe6ea389ea74ef5c1d8117e473b890f6
sim/arch_test/suite/riscv-test-suite/rv64i_m/D/src/d_fcvt.l.d_b24-01.S	第三方架构测试源码/参考/框架	37224	40acf820c8d21bc371c6dfdd2317cab1e6ef715996252394b9a863164d915056
sim/arch_test/suite/riscv-test-suite/rv64i_m/D/src/d_fcvt.l.d_b27-01.S	第三方架构测试源码/参考/框架	11629	45c3e2f776b2926d6061f2b5085c27739cc60ec6e391c40f0f1291c4e1ffa04f
sim/arch_test/suite/riscv-test-suite/rv64i_m/D/src/d_fcvt.l.d_b28-01.S	第三方架构测试源码/参考/框架	13688	9d532a5a11500fd87f9bcc4736e1cb8a504d0ae9bba3f9467157a59151e0e3fd
sim/arch_test/suite/riscv-test-suite/rv64i_m/D/src/d_fcvt.l.d_b29-01.S	第三方架构测试源码/参考/框架	29613	c6b92f3b72ec3f223c31396d3e4cc4171c33ce978ab1b21d7820c4ded5ff5c9b
sim/arch_test/suite/riscv-test-suite/rv64i_m/D/src/d_fcvt.lu.d_b1-01.S	第三方架构测试源码/参考/框架	13507	3adb0d580e28df385586efaaaa53659efbff560810ec1c8f49904975b58fe5aa
sim/arch_test/suite/riscv-test-suite/rv64i_m/D/src/d_fcvt.lu.d_b22-01.S	第三方架构测试源码/参考/框架	27106	d80f08ff577f4d66bcf8631cc23925e892e2a552c694241f26d715bd5b27a265
sim/arch_test/suite/riscv-test-suite/rv64i_m/D/src/d_fcvt.lu.d_b23-01.S	第三方架构测试源码/参考/框架	18582	1f2573c2a5f5455b7fe773544129ec288fc35b2218230b920093a8f843c57b0b
sim/arch_test/suite/riscv-test-suite/rv64i_m/D/src/d_fcvt.lu.d_b24-01.S	第三方架构测试源码/参考/框架	37659	8c28d1cdea72ff39d056ccd156af99c4afe125c77db9b38154720ee3c883bb71
sim/arch_test/suite/riscv-test-suite/rv64i_m/D/src/d_fcvt.lu.d_b27-01.S	第三方架构测试源码/参考/框架	12017	9a4d155d901049f0770c0fc48808eaba9dc41a975beaba3a094b598277fddc96
sim/arch_test/suite/riscv-test-suite/rv64i_m/D/src/d_fcvt.lu.d_b28-01.S	第三方架构测试源码/参考/框架	13755	ce88e38cf33ecb7bf23d89620b0e9abeacaf9e779cce67eb5ebdcd5bd799bc7c
sim/arch_test/suite/riscv-test-suite/rv64i_m/D/src/d_fcvt.lu.d_b29-01.S	第三方架构测试源码/参考/框架	29781	63a3630206805f25e200888c7c26ef4e5d04710778caf385b2426a6796b8bd92
sim/arch_test/suite/riscv-test-suite/rv64i_m/D/src/d_fcvt.s.d_b1-01.S	第三方架构测试源码/参考/框架	12493	c50412acfd6a5731d4871bb701197f23f78f11fb1b1952d37b79510ba9186085
sim/arch_test/suite/riscv-test-suite/rv64i_m/D/src/d_fcvt.s.d_b22-01.S	第三方架构测试源码/参考/框架	10999	9c1c24c08fda961d22c94c57f659418b7b61c147fbd14b33f15f86809e9a6903
sim/arch_test/suite/riscv-test-suite/rv64i_m/D/src/d_fcvt.s.d_b23-01.S	第三方架构测试源码/参考/框架	17546	ec08f656445eed91074060df4fee5d740039449473bdbbeae4c11c92716fa12f
sim/arch_test/suite/riscv-test-suite/rv64i_m/D/src/d_fcvt.s.d_b24-01.S	第三方架构测试源码/参考/框架	36584	868ad6143f10e7763ff69c511dda0c5d3c60d026dcc221612b27066a308e3603
sim/arch_test/suite/riscv-test-suite/rv64i_m/D/src/d_fcvt.s.d_b27-01.S	第三方架构测试源码/参考/框架	10999	383b6baa01ecfbe2414dcb9a4db8045c26165e0a2e613500e4c15e10a1044111
sim/arch_test/suite/riscv-test-suite/rv64i_m/D/src/d_fcvt.s.d_b28-01.S	第三方架构测试源码/参考/框架	12969	e6c247c46464e08fc63d9be1cc3223bf78be6a7ab20e382601529db5581eab4c
sim/arch_test/suite/riscv-test-suite/rv64i_m/D/src/d_fcvt.s.d_b29-01.S	第三方架构测试源码/参考/框架	29049	78439abe6625c6bcba6025e7cac2ed65fad899ed7aad59839cb3ea7d6dd4c50e
sim/arch_test/suite/riscv-test-suite/rv64i_m/D/src/d_fcvt.w.d_b1-01.S	第三方架构测试源码/参考/框架	13446	970f68df34a79e1f8c5c5cf3e2f3b0b2c5febee1e97d64e0f7ea09c84f9f6fc8
sim/arch_test/suite/riscv-test-suite/rv64i_m/D/src/d_fcvt.w.d_b22-01.S	第三方架构测试源码/参考/框架	16896	a4e37721bd529575f803769c6b82e52490383e0b5ba444aff3473c0a2a6f91bd
sim/arch_test/suite/riscv-test-suite/rv64i_m/D/src/d_fcvt.w.d_b23-01.S	第三方架构测试源码/参考/框架	18480	fd02805d57a34af1b0728d128b8fbe314be7ddce36b7debe52fab33e2291af3d
sim/arch_test/suite/riscv-test-suite/rv64i_m/D/src/d_fcvt.w.d_b24-01.S	第三方架构测试源码/参考/框架	37209	52ab3528d84325a8e0c05b794fbef04e8d86c94b6d33377a8fc492dbc98a7be6
sim/arch_test/suite/riscv-test-suite/rv64i_m/D/src/d_fcvt.w.d_b27-01.S	第三方架构测试源码/参考/框架	11948	a3b9a500526d340a354de32fbabf2594e2d462626402b581755f5dbb0c8b9d20
sim/arch_test/suite/riscv-test-suite/rv64i_m/D/src/d_fcvt.w.d_b28-01.S	第三方架构测试源码/参考/框架	13923	c72a359b70371a70f22c943b2760da3e8d2c7f1e71b2879f6cc41b4109a775ea
sim/arch_test/suite/riscv-test-suite/rv64i_m/D/src/d_fcvt.w.d_b29-01.S	第三方架构测试源码/参考/框架	29382	9a0f8cf4d40aa91029cb14949f445404cfb34b2663056ac556f6b0d54a6f9053
sim/arch_test/suite/riscv-test-suite/rv64i_m/D/src/d_fcvt.wu.d_b1-01.S	第三方架构测试源码/参考/框架	13512	7478b4f710922abbafda39654fff797257eed15ff4fd22c09ade4fa4951d89c6
sim/arch_test/suite/riscv-test-suite/rv64i_m/D/src/d_fcvt.wu.d_b22-01.S	第三方架构测试源码/参考/框架	16975	437531b512fa000b90a12dbb81d44c420e680ce2c1065f55be79dd174c847e55
sim/arch_test/suite/riscv-test-suite/rv64i_m/D/src/d_fcvt.wu.d_b23-01.S	第三方架构测试源码/参考/框架	18578	67ff672c1080b59a58b613afc143b562a82f1adb321deb76a310ae79cabf7ddf
sim/arch_test/suite/riscv-test-suite/rv64i_m/D/src/d_fcvt.wu.d_b24-01.S	第三方架构测试源码/参考/框架	37661	ab6d3bc9aca6adb66050135b34e5478afdc1ddad0643527ff7561041fd4a83b4
sim/arch_test/suite/riscv-test-suite/rv64i_m/D/src/d_fcvt.wu.d_b27-01.S	第三方架构测试源码/参考/框架	12017	461d0ffabe175da1c8253869e556fc23694daa3ed7f5809c5299ed3853de06d0
sim/arch_test/suite/riscv-test-suite/rv64i_m/D/src/d_fcvt.wu.d_b28-01.S	第三方架构测试源码/参考/框架	13992	5ae7280a2f5d1b2e0f48d37a24834dab39e6644345c8833aceb9bfcd4510a354
sim/arch_test/suite/riscv-test-suite/rv64i_m/D/src/d_fcvt.wu.d_b29-01.S	第三方架构测试源码/参考/框架	29664	0f3cc3359df29a6eefd7fdf832baa0e42eddfb12b95c6ffa610268b91e56b2fa
sim/arch_test/suite/riscv-test-suite/rv64i_m/D/src/d_fdiv_b1-01.S	第三方架构测试源码/参考/框架	252893	89e8ba1b760f05e943d106e68c21f446816dbbc5c20bbc3d5c0b963df7c55f16
sim/arch_test/suite/riscv-test-suite/rv64i_m/D/src/d_fdiv_b2-01.S	第三方架构测试源码/参考/框架	121227	8a57b049c56db32dc72a09fdfbe32ad76ff85589bc8cd96e6e92995c536c4006
sim/arch_test/suite/riscv-test-suite/rv64i_m/D/src/d_fdiv_b20-01.S	第三方架构测试源码/参考/框架	112449	5a42f29b06cf0195ce208f18ca374bb8187f968e05867f5d2a4e01a09dfeef4c
sim/arch_test/suite/riscv-test-suite/rv64i_m/D/src/d_fdiv_b21-01.S	第三方架构测试源码/参考/框架	297463	5c7962806056624b88c53603f6a1c312a1e348f16f7c75fe4905129a5fc1798a
sim/arch_test/suite/riscv-test-suite/rv64i_m/D/src/d_fdiv_b3-01.S	第三方架构测试源码/参考/框架	498587	4df1f3c74215e1cb77c9d5b59de924f929d01564ec428484b0be17d52011afa0
sim/arch_test/suite/riscv-test-suite/rv64i_m/D/src/d_fdiv_b4-01.S	第三方架构测试源码/参考/框架	65189	3780c8ede941b2adf28ccebad227e1d1e3dfb961599820db7ce6449ef20250ac
sim/arch_test/suite/riscv-test-suite/rv64i_m/D/src/d_fdiv_b5-01.S	第三方架构测试源码/参考/框架	96056	853394b2746ba327150989aadae1978d291003689061c2b53a0b36143b0a240e
sim/arch_test/suite/riscv-test-suite/rv64i_m/D/src/d_fdiv_b6-01.S	第三方架构测试源码/参考/框架	65180	736c47db7777e2aa9839316f7ce85b383412b44034913ed98e0fdf37b568abf8
sim/arch_test/suite/riscv-test-suite/rv64i_m/D/src/d_fdiv_b7-01.S	第三方架构测试源码/参考/框架	151771	f2e159646d209c8b77636a3266ee2b4919543fbdee53716ccc006e1a22097995
sim/arch_test/suite/riscv-test-suite/rv64i_m/D/src/d_fdiv_b8-01.S	第三方架构测试源码/参考/框架	653684	9fda8038d91b7e7a8e589f5a9d3ba0b74b443a4bfeaf6c8a2f0ae1c7930367aa
sim/arch_test/suite/riscv-test-suite/rv64i_m/D/src/d_fdiv_b9-01.S	第三方架构测试源码/参考/框架	1016825	e4165388e8d32fcd9d6b8441268b3c261c80836a079ef556be891bd3a943d8c8
sim/arch_test/suite/riscv-test-suite/rv64i_m/D/src/d_feq_b1-01.S	第三方架构测试源码/参考/框架	242438	c761443e54ca39c48a48ba6337784865ebc5ff1226fb3b14d1c89b202e6aba8b
sim/arch_test/suite/riscv-test-suite/rv64i_m/D/src/d_feq_b19-01.S	第三方架构测试源码/参考/框架	462039	c6f221e91db800e994fff91ad90fe6bbaf14b12698363e0c4459e63c98036e09
sim/arch_test/suite/riscv-test-suite/rv64i_m/D/src/d_fld-align-01.S	第三方架构测试源码/参考/框架	8074	86cc05ba141d2f9e182b46514af0dcac5ce5faa2c8bc624b3f0a9b6fed1d9689
sim/arch_test/suite/riscv-test-suite/rv64i_m/D/src/d_fle_b1-01.S	第三方架构测试源码/参考/框架	242409	d6824aade90a9af38a3459761ffc98709bc49d42838ae1c1fb7af662ce1df4a0
sim/arch_test/suite/riscv-test-suite/rv64i_m/D/src/d_fle_b19-01.S	第三方架构测试源码/参考/框架	462039	a0012fd491fddf2aec3daa451a78c4a1dc7d81c368761ec735a62c89d41efb23
sim/arch_test/suite/riscv-test-suite/rv64i_m/D/src/d_flt_b1-01.S	第三方架构测试源码/参考/框架	242496	dbcfc6ff08311f3206428bcfb9e0dc36549d226e3613aea2bd061b789623e0c4
sim/arch_test/suite/riscv-test-suite/rv64i_m/D/src/d_flt_b19-01.S	第三方架构测试源码/参考/框架	483891	e667a0defd33b6e8346cceca5e69f7dff23b1f6e7e3f72891c2eff899895240e
sim/arch_test/suite/riscv-test-suite/rv64i_m/D/src/d_fmadd_b14-01.S	第三方架构测试源码/参考/框架	96210	8102f480b6d58429e909be3a19dca7664d3a8b23ce3667639ff511e630e8534d
sim/arch_test/suite/riscv-test-suite/rv64i_m/D/src/d_fmadd_b16-01.S	第三方架构测试源码/参考/框架	118872	8d0293e6a5088110315255ee5df3e4dd180564ef0b57f907daf79d64fa14e016
sim/arch_test/suite/riscv-test-suite/rv64i_m/D/src/d_fmadd_b17-01.S	第三方架构测试源码/参考/框架	118872	06219043d63c867414d3093c8249132e586d867aa3d2da621ab84a948b80db3d
sim/arch_test/suite/riscv-test-suite/rv64i_m/D/src/d_fmadd_b18-01.S	第三方架构测试源码/参考/框架	150112	3fb5ab5202b044127aa8ab3ff61963efca6afa98a3cf44b168fe9ab15a1af461
sim/arch_test/suite/riscv-test-suite/rv64i_m/D/src/d_fmadd_b2-01.S	第三方架构测试源码/参考/框架	152304	b463493e2b60f4873ea444dc2ad76db7d929bcc21b466a724a24777ab9df872c
sim/arch_test/suite/riscv-test-suite/rv64i_m/D/src/d_fmadd_b3-01.S	第三方架构测试源码/参考/框架	628349	372dcb31416fd777a6c0afa679df208b1ae1ca6dedb73cf7fecc0544dc0d0315
sim/arch_test/suite/riscv-test-suite/rv64i_m/D/src/d_fmadd_b4-01.S	第三方架构测试源码/参考/框架	85128	bc6b0226878903945bacf566f002e38d2d24e9c124a055eab9fb2c2061ff6953
sim/arch_test/suite/riscv-test-suite/rv64i_m/D/src/d_fmadd_b5-01.S	第三方架构测试源码/参考/框架	123859	652f6a160eb83c0a50e93967692c75f6213ad15f16f48fadfc17a788714d7b3d
sim/arch_test/suite/riscv-test-suite/rv64i_m/D/src/d_fmadd_b6-01.S	第三方架构测试源码/参考/框架	85120	c30ccde047ba0d2427ce0732abe8b4a6efcc383d8d5fe01b099e1e6a7ecbeb90
sim/arch_test/suite/riscv-test-suite/rv64i_m/D/src/d_fmadd_b7-01.S	第三方架构测试源码/参考/框架	193732	e34919e9f6f5870c27083f1308712f4b80f545ec9059e985cb424bff94f33bf3
sim/arch_test/suite/riscv-test-suite/rv64i_m/D/src/d_fmadd_b8-01.S	第三方架构测试源码/参考/框架	822701	a3f2daa49a1b6db8c05334cf35335dd8e0677cdc9735b04d45efb3b689483f4d
sim/arch_test/suite/riscv-test-suite/rv64i_m/D/src/d_fmax_b1-01.S	第三方架构测试源码/参考/框架	252893	d7798e3e78fbf3ce08d9ace46ca06a40cb2c6a5f4ff824aab37c0b29353070aa
sim/arch_test/suite/riscv-test-suite/rv64i_m/D/src/d_fmax_b19-01.S	第三方架构测试源码/参考/框架	489929	0e8e1f24fafd43f8c7e47e47d4ce9bb1e6b2faeceea2579e8c6f73b587802456
sim/arch_test/suite/riscv-test-suite/rv64i_m/D/src/d_fmin_b1-01.S	第三方架构测试源码/参考/框架	252893	2e3c7aae3583e695790715b0c88378344fbec40dedc34da52ae349d6a6fd91a7
sim/arch_test/suite/riscv-test-suite/rv64i_m/D/src/d_fmin_b19-01.S	第三方架构测试源码/参考/框架	482479	a580500f48f157446d74c6cc58cc9facfa10b6652cccca72bf94698d9c42f9e6
sim/arch_test/suite/riscv-test-suite/rv64i_m/D/src/d_fmsub_b14-01.S	第三方架构测试源码/参考/框架	96210	cbaf550f9df8f8ff569fd08cf9d7e4d3afa7d96ff792ab237bc3f8ef6f330cea
sim/arch_test/suite/riscv-test-suite/rv64i_m/D/src/d_fmsub_b16-01.S	第三方架构测试源码/参考/框架	118872	a223fca21370125796678358e8df7b5370642e557c771aa20090e61258fc6957
sim/arch_test/suite/riscv-test-suite/rv64i_m/D/src/d_fmsub_b17-01.S	第三方架构测试源码/参考/框架	118872	c3b42d74725eaa1e6feb58b9875e5b758fe33a5b452b73be5a1481f6ebd7c1ee
sim/arch_test/suite/riscv-test-suite/rv64i_m/D/src/d_fmsub_b18-01.S	第三方架构测试源码/参考/框架	150124	3c2c0b57d6113ff00126f6b13d7dc86386c9f5d16fb9f98df13581823bc8d035
sim/arch_test/suite/riscv-test-suite/rv64i_m/D/src/d_fmsub_b2-01.S	第三方架构测试源码/参考/框架	152294	cec6db6dc2e0c29b0f81a7d6f7eefb41f010d5db3d19691e7d3cf2cf2ed47e0c
sim/arch_test/suite/riscv-test-suite/rv64i_m/D/src/d_fmsub_b3-01.S	第三方架构测试源码/参考/框架	628918	4732a20a65ebf808596af9b9a7622960c494bbb3114461f8e3b70ed6ce51ec33
sim/arch_test/suite/riscv-test-suite/rv64i_m/D/src/d_fmsub_b4-01.S	第三方架构测试源码/参考/框架	85124	e48b8cdb6512fc69134f698ca33786a8d2c42b5cd0e94967a118d2ff0498f574
sim/arch_test/suite/riscv-test-suite/rv64i_m/D/src/d_fmsub_b5-01.S	第三方架构测试源码/参考/框架	123851	01e6f0ec52779515ac0ea0e3f529eda98024b6b2a23c092380b647d864c269f6
sim/arch_test/suite/riscv-test-suite/rv64i_m/D/src/d_fmsub_b6-01.S	第三方架构测试源码/参考/框架	85128	c8604dc2b54d9ec818738278f121b0dffa7eecdf6bf7dddcb46cf2608158e918
sim/arch_test/suite/riscv-test-suite/rv64i_m/D/src/d_fmsub_b7-01.S	第三方架构测试源码/参考/框架	193732	caf8685709878afd3bd532ea6d1d3025e6c5c999641d8b1c1a0df92275bed0e5
sim/arch_test/suite/riscv-test-suite/rv64i_m/D/src/d_fmsub_b8-01.S	第三方架构测试源码/参考/框架	822701	180142f63518fe93b69942fc8e45dbb8f41ae70823c4f3a0efcbf5fd2790e52d
sim/arch_test/suite/riscv-test-suite/rv64i_m/D/src/d_fmul_b1-01.S	第三方架构测试源码/参考/框架	252893	724aeae0f0bd3adce8529188534dac19abfb9bc3105626f6923ddc84611f8017
sim/arch_test/suite/riscv-test-suite/rv64i_m/D/src/d_fmul_b2-01.S	第三方架构测试源码/参考/框架	121601	67fe8240e2f47936e28f46b066ada540c800fc2751d5abc2adaabbb57842fc76
sim/arch_test/suite/riscv-test-suite/rv64i_m/D/src/d_fmul_b3-01.S	第三方架构测试源码/参考/框架	468761	ee3dff329afa85bc9ba6cc6cd58c91d0f2588716ff4fbdee113436bf4f29c98d
sim/arch_test/suite/riscv-test-suite/rv64i_m/D/src/d_fmul_b4-01.S	第三方架构测试源码/参考/框架	65189	ac5450ced9858c37a7d774b615102f224b910a873132537a12a266104164e77a
sim/arch_test/suite/riscv-test-suite/rv64i_m/D/src/d_fmul_b5-01.S	第三方架构测试源码/参考/框架	90386	484d78ac65279c878def6db7bc1f7be8d0b91335ae26632655ef04008211445c
sim/arch_test/suite/riscv-test-suite/rv64i_m/D/src/d_fmul_b6-01.S	第三方架构测试源码/参考/框架	65189	4eab16a38202dc346ae99a36ba71c207db2a1d05aab5caffebc37b6a259d583f
sim/arch_test/suite/riscv-test-suite/rv64i_m/D/src/d_fmul_b7-01.S	第三方架构测试源码/参考/框架	142104	0b22a756198ecd74b0c436f5b2e2b7fa1a34ff9832bd7230a442bb916ce7db6b
sim/arch_test/suite/riscv-test-suite/rv64i_m/D/src/d_fmul_b8-01.S	第三方架构测试源码/参考/框架	641584	27057f1f31e86face4e6e4842301afeb50ab43e89135cb68698bf8528681754d
sim/arch_test/suite/riscv-test-suite/rv64i_m/D/src/d_fmul_b9-01.S	第三方架构测试源码/参考/框架	1016825	9ba8d4aa67b5375aca0e8b19c6f0c435a2cc092ac1a37614eac80fee677c27e7
sim/arch_test/suite/riscv-test-suite/rv64i_m/D/src/d_fmv.d.x_b25-01.S	第三方架构测试源码/参考/框架	10253	c1d9d8487294bfdec505fdf955c3e0716bc6cb3309c0d417bb13f0adb783222f
sim/arch_test/suite/riscv-test-suite/rv64i_m/D/src/d_fmv.d.x_b26-01.S	第三方架构测试源码/参考/框架	20413	9fa73262a57eece5fece0b882b589e5c71e35cbd80b3373bb76fc952afa072b2
sim/arch_test/suite/riscv-test-suite/rv64i_m/D/src/d_fmv.x.d_b1-01.S	第三方架构测试源码/参考/框架	12217	1977e985c3984d085e1ab9a4e26df23738adf42c656459f037175998bc7a44bc
sim/arch_test/suite/riscv-test-suite/rv64i_m/D/src/d_fmv.x.d_b22-01.S	第三方架构测试源码/参考/框架	10409	bbe505ba7853afeafa87da17c9657d6b0284ffc1ee407f879471579ddea5ff6b
sim/arch_test/suite/riscv-test-suite/rv64i_m/D/src/d_fmv.x.d_b23-01.S	第三方架构测试源码/参考/框架	10742	8f1ee8b7cc762bd03bad7a450573be71d3a12e1b6c835b818f88f0c06e88b0e3
sim/arch_test/suite/riscv-test-suite/rv64i_m/D/src/d_fmv.x.d_b24-01.S	第三方架构测试源码/参考/框架	12231	c71031bb44abf97175975b98002e81ab27367cb29a1835276c5c532ffad7c6e4
sim/arch_test/suite/riscv-test-suite/rv64i_m/D/src/d_fmv.x.d_b27-01.S	第三方架构测试源码/参考/框架	10842	35210e788aaee9911c4aaa54301cf090c72b0e7e5176114b2105a65811fdf8ea
sim/arch_test/suite/riscv-test-suite/rv64i_m/D/src/d_fmv.x.d_b28-01.S	第三方架构测试源码/参考/框架	12611	5bb3b80a8498939f5c2f3cdbdb71f1cdeaeb69ea70557c3ade24ba3df046c6da
sim/arch_test/suite/riscv-test-suite/rv64i_m/D/src/d_fmv.x.d_b29-01.S	第三方架构测试源码/参考/框架	11521	23decc3ac674efb93c4d69b46e0facf2c06d7dc8fd3b4c2b6e0306a26bb07bdf
sim/arch_test/suite/riscv-test-suite/rv64i_m/D/src/d_fnmadd_b14-01.S	第三方架构测试源码/参考/框架	96548	97a8284800ddec231832a66399ade3cad498d5d3272828074e4508637d3ad0c8
sim/arch_test/suite/riscv-test-suite/rv64i_m/D/src/d_fnmadd_b16-01.S	第三方架构测试源码/参考/框架	118739	56e7825128e04fbea92d8b0666226bf285fb39337fe65487667a48787829eef5
sim/arch_test/suite/riscv-test-suite/rv64i_m/D/src/d_fnmadd_b17-01.S	第三方架构测试源码/参考/框架	118739	c1b63cd9055a6a1346fc2fccae479028d48e30756b03217dbbd17dd106b0f806
sim/arch_test/suite/riscv-test-suite/rv64i_m/D/src/d_fnmadd_b18-01.S	第三方架构测试源码/参考/框架	150648	3eccce6dfbaaefe06009b354785b12988e62649138d25c2f4aa44e45a1ee243f
sim/arch_test/suite/riscv-test-suite/rv64i_m/D/src/d_fnmadd_b2-01.S	第三方架构测试源码/参考/框架	152878	2ee38f22158b158bab47101ade9d37c45feb650842b18bc264a8e53b8920a0c5
sim/arch_test/suite/riscv-test-suite/rv64i_m/D/src/d_fnmadd_b3-01.S	第三方架构测试源码/参考/框架	630624	d23484ab25e662dee37b69bafbe3a27aa8d94957d25189c0716cfc265ab48366
sim/arch_test/suite/riscv-test-suite/rv64i_m/D/src/d_fnmadd_b4-01.S	第三方架构测试源码/参考/框架	85428	1b9aaffb929d87baeb8b6423542a65aa9966779ceee255523fae37293319fbf8
sim/arch_test/suite/riscv-test-suite/rv64i_m/D/src/d_fnmadd_b5-01.S	第三方架构测试源码/参考/框架	124299	8b7ff7411052b7880947e9ceb5f6ed2ab90324759fea852666cca0238350a38b
sim/arch_test/suite/riscv-test-suite/rv64i_m/D/src/d_fnmadd_b6-01.S	第三方架构测试源码/参考/框架	85428	501865a4b85cfdef27cac16ca67ed076880e6990665eb468e9557ff1489c5aac
sim/arch_test/suite/riscv-test-suite/rv64i_m/D/src/d_fnmadd_b7-01.S	第三方架构测试源码/参考/框架	194424	fc926669510c88a2a0c2b62af0d6c9457927f6453ededc0f0e59eded324c49f6
sim/arch_test/suite/riscv-test-suite/rv64i_m/D/src/d_fnmadd_b8-01.S	第三方架构测试源码/参考/框架	825661	3362cdb5c4859d891601dce57f1beb77035fd6d666f4ca685e02b7f51696a5cc
sim/arch_test/suite/riscv-test-suite/rv64i_m/D/src/d_fnmsub_b14-01.S	第三方架构测试源码/参考/框架	96550	4cf79ed7938972282516f4d9f252acec2e323885d9e2c76fae84bf07324dc01b
sim/arch_test/suite/riscv-test-suite/rv64i_m/D/src/d_fnmsub_b16-01.S	第三方架构测试源码/参考/框架	118739	70004aa4cc0db09d0d7bf3d6b30b12be0ce9ec163756257c9bbe7effd09ad661
sim/arch_test/suite/riscv-test-suite/rv64i_m/D/src/d_fnmsub_b17-01.S	第三方架构测试源码/参考/框架	118739	44b48a62e0c21ceb8da3cda65b67679ba4a2c3630b23f2034d25801d176efcbe
sim/arch_test/suite/riscv-test-suite/rv64i_m/D/src/d_fnmsub_b18-01.S	第三方架构测试源码/参考/框架	150654	b973827a1ba09fbeb9ace0c728c99e0c3522d6930ff3f2ea8af808089a537a75
sim/arch_test/suite/riscv-test-suite/rv64i_m/D/src/d_fnmsub_b2-01.S	第三方架构测试源码/参考/框架	152270	8403cc1beee2ff0d7684a547960f48dd8f95dc57449565ba4f69a73b1f8ae5f7
sim/arch_test/suite/riscv-test-suite/rv64i_m/D/src/d_fnmsub_b3-01.S	第三方架构测试源码/参考/框架	630624	f369710a6f3b4971b5b61fe5c638b6157cb52fb116d65f950943acbb41657726
sim/arch_test/suite/riscv-test-suite/rv64i_m/D/src/d_fnmsub_b4-01.S	第三方架构测试源码/参考/框架	86529	56b22144ce813df3d029792e2fe58432cfe3dc0379bc5d743d925df680f2faf2
sim/arch_test/suite/riscv-test-suite/rv64i_m/D/src/d_fnmsub_b5-01.S	第三方架构测试源码/参考/框架	124299	8c9403de2b1f9f835ac0c93e8533a5b132df6f1525f5aff1de0cf5e39e09fdfb
sim/arch_test/suite/riscv-test-suite/rv64i_m/D/src/d_fnmsub_b6-01.S	第三方架构测试源码/参考/框架	85984	65e0b412b8024e0333cbd615e67336416f1f7f1faa437d6a04a6f21bd94567c3
sim/arch_test/suite/riscv-test-suite/rv64i_m/D/src/d_fnmsub_b7-01.S	第三方架构测试源码/参考/框架	194424	5661b1a443436328e633a5ca417e096a60f634d4068d36fcddb9a2dcfffbd783
sim/arch_test/suite/riscv-test-suite/rv64i_m/D/src/d_fnmsub_b8-01.S	第三方架构测试源码/参考/框架	825657	96a7565916c1246ccab93863f49bde33373f53d07e90f74bc778d34a6519655b
sim/arch_test/suite/riscv-test-suite/rv64i_m/D/src/d_fsd-align-01.S	第三方架构测试源码/参考/框架	8735	48873472255a7c7607abec39566ad967159a00948be53ebfe429fd2d308bab1f
sim/arch_test/suite/riscv-test-suite/rv64i_m/D/src/d_fsgnj_b1-01.S	第三方架构测试源码/参考/框架	254279	5835a979caa418b488050d785b323953a7babe031481955651efd740b7ed47d9
sim/arch_test/suite/riscv-test-suite/rv64i_m/D/src/d_fsgnjn_b1-01.S	第三方架构测试源码/参考/框架	255438	250b69271e03b84b186a6f2f8e873f3c5a9b56ca3c10c0e07918b28f4f0249c1
sim/arch_test/suite/riscv-test-suite/rv64i_m/D/src/d_fsgnjx_b1-01.S	第三方架构测试源码/参考/框架	255438	336144fe6354a0f40ef921e648cc3810aa878e2d5d5b29aceda72c48cab25329
sim/arch_test/suite/riscv-test-suite/rv64i_m/D/src/d_fsqrt_b1-01.S	第三方架构测试源码/参考/框架	11380	123c5e08b3937c0b4675b224240094368c769695ceb8c82cd303aa249cd0aacc
sim/arch_test/suite/riscv-test-suite/rv64i_m/D/src/d_fsqrt_b2-01.S	第三方架构测试源码/参考/框架	17326	509a6067a511476a8c74910a1fff856b91a36aa6349642f4a1e8d5e4cd8c068c
sim/arch_test/suite/riscv-test-suite/rv64i_m/D/src/d_fsqrt_b20-01.S	第三方架构测试源码/参考/框架	45690	60c756faa54d3484594d43dd5fbd35793d568d628b3f98f9ebcbe842f7946072
sim/arch_test/suite/riscv-test-suite/rv64i_m/D/src/d_fsqrt_b3-01.S	第三方架构测试源码/参考/框架	9647	8916661cad4dd5248ee9818b8b543731c0e445c666025a8cb397c532ed3a405c
sim/arch_test/suite/riscv-test-suite/rv64i_m/D/src/d_fsqrt_b4-01.S	第三方架构测试源码/参考/框架	9584	9513defe2db7befb382513f923cec2b501b36ec06bed04e0fb50bd150dc274a9
sim/arch_test/suite/riscv-test-suite/rv64i_m/D/src/d_fsqrt_b5-01.S	第三方架构测试源码/参考/框架	9434	634bf238bb937c086565b55518b5595337b57f9d45ecded3872680958bd2a5f8
sim/arch_test/suite/riscv-test-suite/rv64i_m/D/src/d_fsqrt_b7-01.S	第三方架构测试源码/参考/框架	9154	efe8573ecfb54cac227f6663aee1202e6ce3b78010b11a43af556a83a9dcf284
sim/arch_test/suite/riscv-test-suite/rv64i_m/D/src/d_fsqrt_b8-01.S	第三方架构测试源码/参考/框架	9434	c295c3c1f2e3a77a4a0491512926986c037f343871915285aa0c721859d46a8e
sim/arch_test/suite/riscv-test-suite/rv64i_m/D/src/d_fsqrt_b9-01.S	第三方架构测试源码/参考/框架	124536	f22d7c5f1e0ac264eded021dd57542ffdf444ff685407d1d0a2cac1f1afa4be7
sim/arch_test/suite/riscv-test-suite/rv64i_m/D/src/d_fsub_b1-01.S	第三方架构测试源码/参考/框架	253336	5504ab1e5681269853422fba5f92b6116ae89f54d556d0b2f89c077c9142f6d5
sim/arch_test/suite/riscv-test-suite/rv64i_m/D/src/d_fsub_b10-01.S	第三方架构测试源码/参考/框架	273240	9eda51df423bde869eb53ed53c61ee2352871b562c228c95d8e333121792f2cc
sim/arch_test/suite/riscv-test-suite/rv64i_m/D/src/d_fsub_b11-01.S	第三方架构测试源码/参考/框架	4651491	ae91b7c98abbd79e4984c32694b5c3ef0f96687d81b85eb44dacb169cd16c329
sim/arch_test/suite/riscv-test-suite/rv64i_m/D/src/d_fsub_b12-01.S	第三方架构测试源码/参考/框架	25362	9ccfb5f618e21adef1ee939f34ed3766989b5096ca7437f773776e4e7395d180
sim/arch_test/suite/riscv-test-suite/rv64i_m/D/src/d_fsub_b13-01.S	第三方架构测试源码/参考/框架	91628	5e57015d5951bc55decb7bf05fe561df53a1999633377a3f6435ae0a4c5976ec
sim/arch_test/suite/riscv-test-suite/rv64i_m/D/src/d_fsub_b2-01.S	第三方架构测试源码/参考/框架	118941	39e96fbb4ad9d660f3b7f63c69c945a85feb64b6d73b645b5723b292dc221129
sim/arch_test/suite/riscv-test-suite/rv64i_m/D/src/d_fsub_b3-01.S	第三方架构测试源码/参考/框架	498587	ababa64a7eaa05c761d73f373a1fb775044504e7cd6ea766d57fe288d219e0a6
sim/arch_test/suite/riscv-test-suite/rv64i_m/D/src/d_fsub_b4-01.S	第三方架构测试源码/参考/框架	65189	ee2d116cff3db33d5e263a98f460009a50d1838d146ff4523caaf77ad956b641
sim/arch_test/suite/riscv-test-suite/rv64i_m/D/src/d_fsub_b5-01.S	第三方架构测试源码/参考/框架	96056	01581df669dbb1fd01e3190f139b8215adac299c8031d2b96ba424cc8f14617e
sim/arch_test/suite/riscv-test-suite/rv64i_m/D/src/d_fsub_b7-01.S	第三方架构测试源码/参考/框架	151771	96ea5793c03d8456772d2f778e4ae3e384496d09a38ca5f4e8084c114df84ad5
sim/arch_test/suite/riscv-test-suite/rv64i_m/D/src/d_fsub_b8-01.S	第三方架构测试源码/参考/框架	653684	af6c7622c9975635ee0b3dcf9d3437e4673098c3a810889d9e74942ce7197674
sim/arch_test/suite/riscv-test-suite/rv64i_m/I/.gitignore	第三方架构测试源码/参考/框架	0	e3b0c44298fc1c149afbf4c8996fb92427ae41e4649b934ca495991b7852b855
sim/arch_test/suite/riscv-test-suite/rv64i_m/I/Makefile	第三方架构测试源码/参考/框架	104	895986fda7be6992bf102d286935a42b3c8c8a5a57b53bdaaa3787018b7f7222
sim/arch_test/suite/riscv-test-suite/rv64i_m/I/Makefrag	第三方架构测试源码/参考/框架	2390	c044aa78ce653fd159ed5ab62c207317f18ae60cc27da2ef429c9a04c5b29021
sim/arch_test/suite/riscv-test-suite/rv64i_m/I/references/add-01.reference_output	第三方架构测试源码/参考/框架	12240	eb636d35f03d6676e96b46831c7203c0f507b627fef1b9d934c0367443cfdf71
sim/arch_test/suite/riscv-test-suite/rv64i_m/I/references/addi-01.reference_output	第三方架构测试源码/参考/框架	11160	6eb33fc882c65828855ce243c2b4ff6c01d74bf00d5b022cd6238742e8322f29
sim/arch_test/suite/riscv-test-suite/rv64i_m/I/references/addiw-01.reference_output	第三方架构测试源码/参考/框架	11268	9eac836f61ed8597f4db7b81dc2f5fb16a0a194c08f2bdaffdedb46e687d7d90
sim/arch_test/suite/riscv-test-suite/rv64i_m/I/references/addw-01.reference_output	第三方架构测试源码/参考/框架	12204	1832fdb1693ecf82dad3d4ca86913e9a20efb429de3bb9b71ee3756eafdcf5e1
sim/arch_test/suite/riscv-test-suite/rv64i_m/I/references/and-01.reference_output	第三方架构测试源码/参考/框架	12204	89fa77c046a59390d1a93c1c22e18ea7aecd12b0a28131d52a0b737c47aae232
sim/arch_test/suite/riscv-test-suite/rv64i_m/I/references/andi-01.reference_output	第三方架构测试源码/参考/框架	11160	beab9827ec06412f3f948b340da4995c47f51aaa799a315633a93c0a85d88eb3
sim/arch_test/suite/riscv-test-suite/rv64i_m/I/references/auipc-01.reference_output	第三方架构测试源码/参考/框架	1152	25ab36dc9825828f23b83fdde275bf1279c2fdec3967f9af487bfad2e7f35db0
sim/arch_test/suite/riscv-test-suite/rv64i_m/I/references/beq-01.reference_output	第三方架构测试源码/参考/框架	12240	e2e429503135f7a39e4bfb5481fe30d31c33cff0bfa3a0e3d52c1410525c501f
sim/arch_test/suite/riscv-test-suite/rv64i_m/I/references/bge-01.reference_output	第三方架构测试源码/参考/框架	12132	8212624a8da29c295b7ebbd87334e658615a1f666c314021b89f607f0aebd472
sim/arch_test/suite/riscv-test-suite/rv64i_m/I/references/bgeu-01.reference_output	第三方架构测试源码/参考/框架	14796	d1faa5317729840e7cb7ce39fa5cfc284689b4a8b4f259d36ff199cd66884197
sim/arch_test/suite/riscv-test-suite/rv64i_m/I/references/blt-01.reference_output	第三方架构测试源码/参考/框架	12132	2120847345a2a737c33d5459ffc2b8824740b24ff330f58f3099561a3a1edde4
sim/arch_test/suite/riscv-test-suite/rv64i_m/I/references/bltu-01.reference_output	第三方架构测试源码/参考/框架	14652	ac267882977b23f02eb732c694dc20cad657d0516070390ff580baaeba0e90ab
sim/arch_test/suite/riscv-test-suite/rv64i_m/I/references/bne-01.reference_output	第三方架构测试源码/参考/框架	12204	a7d3d48eb07fedc40acd63fd11f3ab1aca11038e538a62b8dbd9a634bf8ab6e1
sim/arch_test/suite/riscv-test-suite/rv64i_m/I/references/fence-01.reference_output	第三方架构测试源码/参考/框架	36	9a3f4414d8206e9d29bd2b25f9fbc1ac7b7c6946a0cab8234f06212fdc5eba87
sim/arch_test/suite/riscv-test-suite/rv64i_m/I/references/jal-01.reference_output	第三方架构测试源码/参考/框架	576	432d6fcd7aca493c178b2b005f3e697978f50f15ffcada946dff61169f500653
sim/arch_test/suite/riscv-test-suite/rv64i_m/I/references/jalr-01.reference_output	第三方架构测试源码/参考/框架	612	80cdc70df753c152f2e505ca2dede13ff1efe289329f1c7e8884604fcc365bcb
sim/arch_test/suite/riscv-test-suite/rv64i_m/I/references/lb-align-01.reference_output	第三方架构测试源码/参考/框架	576	a041fbdaaa2c5191d4063c257030f2fb119abc3d158ba0782d95d0172d9e94b7
sim/arch_test/suite/riscv-test-suite/rv64i_m/I/references/lbu-align-01.reference_output	第三方架构测试源码/参考/框架	612	d3c6688bf0b2f76178d41177eb350af91b486bbed8c5a4157160bc3eb9b6e47c
sim/arch_test/suite/riscv-test-suite/rv64i_m/I/references/ld-align-01.reference_output	第三方架构测试源码/参考/框架	576	0f28b8ba03aea14ece14d036aecc1e9d94917f1576b8a00fcbbb963ad5095129
sim/arch_test/suite/riscv-test-suite/rv64i_m/I/references/lh-align-01.reference_output	第三方架构测试源码/参考/框架	576	53b62d8d7d02ccea297d1fc034592f91f24df41d18e3c32f50463075fed98d10
sim/arch_test/suite/riscv-test-suite/rv64i_m/I/references/lhu-align-01.reference_output	第三方架构测试源码/参考/框架	576	bffc6ca2632c8e6f76b5ae7c821872f0f67c12fcfe29d01ec99258b3f8f9847a
sim/arch_test/suite/riscv-test-suite/rv64i_m/I/references/lui-01.reference_output	第三方架构测试源码/参考/框架	1152	3165b7596451d7de12c1389e65123d3d71c1a86fdc3511c94389234bedf811f6
sim/arch_test/suite/riscv-test-suite/rv64i_m/I/references/lw-align-01.reference_output	第三方架构测试源码/参考/框架	576	4e23518faa3b1fe54e1982e06db63265ae82c2665d9d59f6427ff1dabdf666b2
sim/arch_test/suite/riscv-test-suite/rv64i_m/I/references/lwu-align-01.reference_output	第三方架构测试源码/参考/框架	576	c4f3d848d0e828090350e9b77c0fa747be51dcbd0f03193b26c13bf965cf7752
sim/arch_test/suite/riscv-test-suite/rv64i_m/I/references/or-01.reference_output	第三方架构测试源码/参考/框架	12204	89bf247aee470ce213b65525f76ac3153579ab37fe7aee7fa377b4461381e39c
sim/arch_test/suite/riscv-test-suite/rv64i_m/I/references/ori-01.reference_output	第三方架构测试源码/参考/框架	11196	bcf91e8cef21b2d70b0537606c8a8707af3c022b883ba1a330afa8e7b8b47554
sim/arch_test/suite/riscv-test-suite/rv64i_m/I/references/sb-align-01.reference_output	第三方架构测试源码/参考/框架	2448	2cf15c5beadb5214ae79deb968c3625784f8491a807785f4a40dd7bcbf6b14a8
sim/arch_test/suite/riscv-test-suite/rv64i_m/I/references/sd-align-01.reference_output	第三方架构测试源码/参考/框架	2376	4b30da5847bb256b3b5ea6fbcbfee1e4412b95bd2ccbaffe68355a1e622434be
sim/arch_test/suite/riscv-test-suite/rv64i_m/I/references/sh-align-01.reference_output	第三方架构测试源码/参考/框架	2412	d51ad8d9e467bf2d51f36fb20678e7273230fa5d7d3100b1c9a83d27095d07de
sim/arch_test/suite/riscv-test-suite/rv64i_m/I/references/sll-01.reference_output	第三方架构测试源码/参考/框架	2772	0b7ca93b73a2ca2d99f1bebd0d9b65d98b0ab84ca1fbe8b6016e83affa4422e0
sim/arch_test/suite/riscv-test-suite/rv64i_m/I/references/slli-01.reference_output	第三方架构测试源码/参考/框架	2736	fe43515c38f2738f5cebc980c81adacf0b496479811bc7f0079b30320b94a858
sim/arch_test/suite/riscv-test-suite/rv64i_m/I/references/slliw-01.reference_output	第三方架构测试源码/参考/框架	2700	b3e26b7280c53047038d403260d4ffc0421420fc4dc2df96b984711bbf2b0791
sim/arch_test/suite/riscv-test-suite/rv64i_m/I/references/sllw-01.reference_output	第三方架构测试源码/参考/框架	2772	24e866fdc56e079c573b1b336facd00bb9717ccc4ce4be72271433619e3ace53
sim/arch_test/suite/riscv-test-suite/rv64i_m/I/references/slt-01.reference_output	第三方架构测试源码/参考/框架	12168	b377d03232143119ee8eaa365ff56d56185dd9492905aa2e2588bf54e21add00
sim/arch_test/suite/riscv-test-suite/rv64i_m/I/references/slti-01.reference_output	第三方架构测试源码/参考/框架	11124	64827d713ffeeccac097035f64f3d1376ca3c59fc1fedced819e8901cbf14ca4
sim/arch_test/suite/riscv-test-suite/rv64i_m/I/references/sltiu-01.reference_output	第三方架构测试源码/参考/框架	13680	0cd5259808909da7346816ac7ea72a0c4cecdadf5d58caa15f37c76392cab951
sim/arch_test/suite/riscv-test-suite/rv64i_m/I/references/sltu-01.reference_output	第三方架构测试源码/参考/框架	14760	ae4dd9a090e44765bb5161376be28c2d84384ae81b2916ca32822f36ee7de072
sim/arch_test/suite/riscv-test-suite/rv64i_m/I/references/sra-01.reference_output	第三方架构测试源码/参考/框架	2772	59b92942614888b501fb798240cabeb27483ea3840a973e5f9b1f1611c88f023
sim/arch_test/suite/riscv-test-suite/rv64i_m/I/references/srai-01.reference_output	第三方架构测试源码/参考/框架	2736	22657e57c8c1cfff10a2c4c698fc338c3643733061b9d2297c65e6c21634fdb2
sim/arch_test/suite/riscv-test-suite/rv64i_m/I/references/sraiw-01.reference_output	第三方架构测试源码/参考/框架	2736	0b0f4c8e87b14a1b2114ae97c69f7ebb4de32373b79c44277a5e67f99aadc423
sim/arch_test/suite/riscv-test-suite/rv64i_m/I/references/sraw-01.reference_output	第三方架构测试源码/参考/框架	2772	6deb4aad05ff67c3481bed236dabf2711fa1d1aa6f34573ccd3f3b75db79a305
sim/arch_test/suite/riscv-test-suite/rv64i_m/I/references/srl-01.reference_output	第三方架构测试源码/参考/框架	2772	8553968f95e5a86daff522eb552af522eca1d77787b9273d789504a51c8db273
sim/arch_test/suite/riscv-test-suite/rv64i_m/I/references/srli-01.reference_output	第三方架构测试源码/参考/框架	2772	7965ddfd29f5fc895a3d2094e4c968f4bf94d89c6d56b83b218ec1886c1465d4
sim/arch_test/suite/riscv-test-suite/rv64i_m/I/references/srliw-01.reference_output	第三方架构测试源码/参考/框架	2736	f562dbe0376ece7ca641f18b1b283d27854535f6f82e1c36477b477407a36a16
sim/arch_test/suite/riscv-test-suite/rv64i_m/I/references/srlw-01.reference_output	第三方架构测试源码/参考/框架	2772	0246f8949ca71e70a99da47c7775bf2e4747981e6efb5ec0d106687694490033
sim/arch_test/suite/riscv-test-suite/rv64i_m/I/references/sub-01.reference_output	第三方架构测试源码/参考/框架	12060	0c6864efdacf4634761a1d167f5f26cbc3ff9eaf15b55bd507cc4733c672de2e
sim/arch_test/suite/riscv-test-suite/rv64i_m/I/references/subw-01.reference_output	第三方架构测试源码/参考/框架	12204	dae1014f87ef7879f894e41e033f7cebe0a072c6ea29902e2d7c87d85baaa794
sim/arch_test/suite/riscv-test-suite/rv64i_m/I/references/sw-align-01.reference_output	第三方架构测试源码/参考/框架	2376	2208aec35a8fe9515cda778ace4a4979445cb90e1c78215a9da2436ce199b1e4
sim/arch_test/suite/riscv-test-suite/rv64i_m/I/references/xor-01.reference_output	第三方架构测试源码/参考/框架	12168	b763fa0ad5931e9e77d3474181eea2911ff7e51e8b9011a9897fcd6079fe9a45
sim/arch_test/suite/riscv-test-suite/rv64i_m/I/references/xori-01.reference_output	第三方架构测试源码/参考/框架	11232	158b54ad4d787b56b3d7c41ac1b707823f1a81c9c638bf5461ab6cbdb5a27361
sim/arch_test/suite/riscv-test-suite/rv64i_m/I/src/add-01.S	第三方架构测试源码/参考/框架	162752	41d48eda706581b4fad281f6a33dd82b8e34b067549842eeb27635f649e942e4
sim/arch_test/suite/riscv-test-suite/rv64i_m/I/src/addi-01.S	第三方架构测试源码/参考/框架	127530	65a314824919246130cf49ddb29bce711f857a0431e4da5a74b1575c8a2baffa
sim/arch_test/suite/riscv-test-suite/rv64i_m/I/src/addiw-01.S	第三方架构测试源码/参考/框架	126011	c77a61f8f71640ddfbc2e114fcfb1184cfe23d796d752c6f9ea769b2e5dce0c5
sim/arch_test/suite/riscv-test-suite/rv64i_m/I/src/addw-01.S	第三方架构测试源码/参考/框架	159301	eb9e307ff0100b91de1974b93567c023d27df0c093536137b5db5054a753d4a5
sim/arch_test/suite/riscv-test-suite/rv64i_m/I/src/and-01.S	第三方架构测试源码/参考/框架	158356	faf9c80bdc67d0fb6121a66df153ae58981e8a91b3157d7182d5265c531a6ea3
sim/arch_test/suite/riscv-test-suite/rv64i_m/I/src/andi-01.S	第三方架构测试源码/参考/框架	122489	11d0234273404d65c1e4361ae86b50e624cfd91da5ba338e375f2af25ea1e4c8
sim/arch_test/suite/riscv-test-suite/rv64i_m/I/src/auipc-01.S	第三方架构测试源码/参考/框架	9950	eb52f8cd1b582061ba1727de160c367a4394d2ee372eab8fc6f73dba089d16f9
sim/arch_test/suite/riscv-test-suite/rv64i_m/I/src/beq-01.S	第三方架构测试源码/参考/框架	164730	f9d9d97fc293c7f27bf76f2ef9aa7327103dbacc5b0cdcf887bd15f4afbae735
sim/arch_test/suite/riscv-test-suite/rv64i_m/I/src/bge-01.S	第三方架构测试源码/参考/框架	163829	25bc508a54b6d1e5b458c195adbee80c7805d3b220664efde8037d0c6cfdc5a8
sim/arch_test/suite/riscv-test-suite/rv64i_m/I/src/bgeu-01.S	第三方架构测试源码/参考/框架	203306	8bc96de417f90baf321596bfe6720cc37c0e828327d8ccf6d857742990450dcc
sim/arch_test/suite/riscv-test-suite/rv64i_m/I/src/blt-01.S	第三方架构测试源码/参考/框架	163950	9e86b4f2c2b54c9cb043ad5abc55a594d9f3c0bc115f705c10d94f886f5bc4cf
sim/arch_test/suite/riscv-test-suite/rv64i_m/I/src/bltu-01.S	第三方架构测试源码/参考/框架	201989	d1f41975ececdfb83173865c987eae3a1983dcc63c77f628c81bb8af7930e240
sim/arch_test/suite/riscv-test-suite/rv64i_m/I/src/bne-01.S	第三方架构测试源码/参考/框架	164488	ff8f0dde04cb70a2b7c435966deda47cd556373cead77f451bcec9053c111977
sim/arch_test/suite/riscv-test-suite/rv64i_m/I/src/fence-01.S	第三方架构测试源码/参考/框架	980	029954a2ba729ef0673eb566a53cbb70c1bd3a14d77cb9e60519075c0d1efc3a
sim/arch_test/suite/riscv-test-suite/rv64i_m/I/src/jal-01.S	第三方架构测试源码/参考/框架	5109	03037c9562615c70a83914a32c5e67f656738bdaa24ab5d3ecff8b3327a9bdd9
sim/arch_test/suite/riscv-test-suite/rv64i_m/I/src/jalr-01.S	第三方架构测试源码/参考/框架	6382	ed16cdd68f32ac82e61da7ea19a0c720db30c1c4d58914a889754b0c440bf638
sim/arch_test/suite/riscv-test-suite/rv64i_m/I/src/lb-align-01.S	第三方架构测试源码/参考/框架	6273	80942d511ce035ea934ce96985fa6d354404883b12cdf03c8597aaa9e4bb4523
sim/arch_test/suite/riscv-test-suite/rv64i_m/I/src/lbu-align-01.S	第三方架构测试源码/参考/框架	6429	ea295ba6ed0a3e0c527265e3f16b746a4d899f849993085a420ed4c8b19cddc6
sim/arch_test/suite/riscv-test-suite/rv64i_m/I/src/ld-align-01.S	第三方架构测试源码/参考/框架	5965	0077d33de0de65bba4ee55f711a5ec6d8ea3552d5909cb9bf514d015ab40fd76
sim/arch_test/suite/riscv-test-suite/rv64i_m/I/src/lh-align-01.S	第三方架构测试源码/参考/框架	5964	e16dc76f797ee5d627b31b8ec3b100c1bd76ac79a04f5cc67568df0cf9515a9b
sim/arch_test/suite/riscv-test-suite/rv64i_m/I/src/lhu-align-01.S	第三方架构测试源码/参考/框架	6032	663854a4805c7bbc2abe9bfb822fde813edfe133022f7ca121f21b4e28df5f81
sim/arch_test/suite/riscv-test-suite/rv64i_m/I/src/lui-01.S	第三方架构测试源码/参考/框架	9860	813304077c0213ab4edc3fa1603c42b3a302f851171dca3672353eaaa6053dda
sim/arch_test/suite/riscv-test-suite/rv64i_m/I/src/lw-align-01.S	第三方架构测试源码/参考/框架	5829	f87a3ebaf8642f0a1847d20377dfb2bca3bff35ddaada5bafaf5d0790f67c31f
sim/arch_test/suite/riscv-test-suite/rv64i_m/I/src/lwu-align-01.S	第三方架构测试源码/参考/框架	5930	4a130d476ad56d5d251a2e67a02476f0bfcc0cc00d7b1cb0fdd75833f8fb2e63
sim/arch_test/suite/riscv-test-suite/rv64i_m/I/src/or-01.S	第三方架构测试源码/参考/框架	161523	1db3652bf503abd5ced415e5dfb7156d5079a4f6a3f0b84bf8eac33e221a8c0d
sim/arch_test/suite/riscv-test-suite/rv64i_m/I/src/ori-01.S	第三方架构测试源码/参考/框架	127097	a8b8ed2a62efbad9f60e9930b674005b4d277f6527a36040742c88e119ff4346
sim/arch_test/suite/riscv-test-suite/rv64i_m/I/src/sb-align-01.S	第三方架构测试源码/参考/框架	25282	c8dd2e4e281c26ec8aee1377139fa340b80775c8cbde0930ec5397c88245c09e
sim/arch_test/suite/riscv-test-suite/rv64i_m/I/src/sd-align-01.S	第三方架构测试源码/参考/框架	24451	b0701ad5f1e1fe16c772256dddcfa8fd3b2b772f5ae1c34b43e0d71521849066
sim/arch_test/suite/riscv-test-suite/rv64i_m/I/src/sh-align-01.S	第三方架构测试源码/参考/框架	24600	a9674461c239af305f3073f1e84f2ce25122187d4f8a9edde11fead56b3db93b
sim/arch_test/suite/riscv-test-suite/rv64i_m/I/src/sll-01.S	第三方架构测试源码/参考/框架	32796	6659306d0fe0adf2831fcf3b6954a4f0e27d47e226163d05fb6958c6d53d167f
sim/arch_test/suite/riscv-test-suite/rv64i_m/I/src/slli-01.S	第三方架构测试源码/参考/框架	30593	127e02e5282b4abf19d16f0923ba98a25f8f6a5c11eed753670e7f6b34cec709
sim/arch_test/suite/riscv-test-suite/rv64i_m/I/src/slliw-01.S	第三方架构测试源码/参考/框架	29577	9c16ba2d9c0f8621dce81f566bf386a4435f64356b31147a647bd220871b7f3b
sim/arch_test/suite/riscv-test-suite/rv64i_m/I/src/sllw-01.S	第三方架构测试源码/参考/框架	32137	930978cdf7ec05df5bc247d0e6838188b9b2287405d5e4989836d3819044f305
sim/arch_test/suite/riscv-test-suite/rv64i_m/I/src/slt-01.S	第三方架构测试源码/参考/框架	154658	0f690e0028ceb022e876e7924ab88947d0313e20a255a2add4590faef6566a66
sim/arch_test/suite/riscv-test-suite/rv64i_m/I/src/slti-01.S	第三方架构测试源码/参考/框架	120397	33203e66f32e1cb973710349562e3ec7c008b9865cc2d69d8f211c6c08fc911c
sim/arch_test/suite/riscv-test-suite/rv64i_m/I/src/sltiu-01.S	第三方架构测试源码/参考/框架	149912	649527ebd0749a300985a04845a73482330d1c47313180f98b0da7771e2c66fd
sim/arch_test/suite/riscv-test-suite/rv64i_m/I/src/sltu-01.S	第三方架构测试源码/参考/框架	190506	438c291b8f13b2464e78616575c36162e9308ca2ae3ecba12e16f490a4a11384
sim/arch_test/suite/riscv-test-suite/rv64i_m/I/src/sra-01.S	第三方架构测试源码/参考/框架	32267	a51280306240aaa09bfd841352f14f5a4d874fd8746f89e7a398bc2ac2ef1850
sim/arch_test/suite/riscv-test-suite/rv64i_m/I/src/srai-01.S	第三方架构测试源码/参考/框架	29792	72d9a6bf85b0312ac96adea9dbb6572e9c8ad1acbad883743c9d836061dc6c14
sim/arch_test/suite/riscv-test-suite/rv64i_m/I/src/sraiw-01.S	第三方架构测试源码/参考/框架	29633	775fa58814f57b471705e33f2959fdcdde15f4c7fe079d8b84c71a7c2bcab0be
sim/arch_test/suite/riscv-test-suite/rv64i_m/I/src/sraw-01.S	第三方架构测试源码/参考/框架	31997	0c8acd57f1a08305070e309046796d0ea6c17f3839cd7df4aad0a87a85bbc444
sim/arch_test/suite/riscv-test-suite/rv64i_m/I/src/srl-01.S	第三方架构测试源码/参考/框架	32488	e4f097028cf0fe6ad384b6fb57ec9e7182dc29cfb2c22168b027c45f2a2e53c2
sim/arch_test/suite/riscv-test-suite/rv64i_m/I/src/srli-01.S	第三方架构测试源码/参考/框架	30391	de33b951976b94e8cbf776cd930fdd47cf13bf337af2ad8986884433cd77d194
sim/arch_test/suite/riscv-test-suite/rv64i_m/I/src/srliw-01.S	第三方架构测试源码/参考/框架	29873	14684e6c74a7a6a927dc17a3928d06964f62d2fbce4df0da6b4eaaab8b298d36
sim/arch_test/suite/riscv-test-suite/rv64i_m/I/src/srlw-01.S	第三方架构测试源码/参考/框架	32218	f3ec417fc5b094d4be4d035fd19f19bd4547e7cb1cbbd584c302fdcd26c5506a
sim/arch_test/suite/riscv-test-suite/rv64i_m/I/src/sub-01.S	第三方架构测试源码/参考/框架	160867	4c4b9bc42604cda22717a35c885cac14f0bd8ddcfcdd4dfcfa25d6da1eb53971
sim/arch_test/suite/riscv-test-suite/rv64i_m/I/src/subw-01.S	第三方架构测试源码/参考/框架	159651	d73a8dd1711ba803aca755463dee245aee4e68230e7d65f82e92b100a64e2cac
sim/arch_test/suite/riscv-test-suite/rv64i_m/I/src/sw-align-01.S	第三方架构测试源码/参考/框架	24290	6e49cb0dd3ea1f686a39cfbdd036ac9ab0fd8a3826ef2b11e33a2750526acb3a
sim/arch_test/suite/riscv-test-suite/rv64i_m/I/src/xor-01.S	第三方架构测试源码/参考/框架	161925	585723f6b77150928e3a94b8366af216da3a6ec9a2eecfc5b0c1bbf5f4390ce4
sim/arch_test/suite/riscv-test-suite/rv64i_m/I/src/xori-01.S	第三方架构测试源码/参考/框架	128301	869e6a4a6691e5e12329badb2c3d0f75b1a926201556a47eef7e2e45e4aa510c
sim/arch_test/suite/riscv-test-suite/rv64i_m/K/Makefile	第三方架构测试源码/参考/框架	106	7b197406986e4e92a117409d3c62f0b7903e27975901e33b3be08967f279c56a
sim/arch_test/suite/riscv-test-suite/rv64i_m/K/Makefrag	第三方架构测试源码/参考/框架	1932	c742e5d82c8f0d420db0ff394cafb72a7089c9b570ce26c87567426fa300b9eb
sim/arch_test/suite/riscv-test-suite/rv64i_m/K/references/aes64ds-01.reference_output	第三方架构测试源码/参考/框架	1044	80fdbb2bf981704bb2937ead2ffd2cbac69a8f79009de6677c5e6b15656e310f
sim/arch_test/suite/riscv-test-suite/rv64i_m/K/references/aes64ds-rwp1.reference_output	第三方架构测试源码/参考/框架	1404	b2ef6214c4046eb81ea8c74f7e1e47bd67b57713b54f2d7e3ec7cb8c4c0a4953
sim/arch_test/suite/riscv-test-suite/rv64i_m/K/references/aes64dsm-01.reference_output	第三方架构测试源码/参考/框架	1044	6ccc2a5149a3bec0729f03eacf3d1a1b986c02886ce3d252a77ea23c584d658d
sim/arch_test/suite/riscv-test-suite/rv64i_m/K/references/aes64dsm-rwp1.reference_output	第三方架构测试源码/参考/框架	1404	b733cc18ea410a94f0a1b1b0df69f5329817f2aae34e7a1e6297d60b9cc89d1c
sim/arch_test/suite/riscv-test-suite/rv64i_m/K/references/aes64es-01.reference_output	第三方架构测试源码/参考/框架	1044	019b88f77637c511b90284f335c9bcd1aa21cce4367c7f545881c5dfac7c5227
sim/arch_test/suite/riscv-test-suite/rv64i_m/K/references/aes64es-rwp1.reference_output	第三方架构测试源码/参考/框架	1404	656e89f3b78a253a423a74f02351d48b9a97a995c4622e8cb5d090d82a3bf564
sim/arch_test/suite/riscv-test-suite/rv64i_m/K/references/aes64esm-01.reference_output	第三方架构测试源码/参考/框架	1044	25725f501045ccb2c034f9880c97b2a8dfbc1c9c3cfba0ea32e39449ad78b484
sim/arch_test/suite/riscv-test-suite/rv64i_m/K/references/aes64esm-rwp1.reference_output	第三方架构测试源码/参考/框架	1404	25fa56baae3ea38d4beeb1501c824b02df74bf1535cab0271e3e0b1558a6c75c
sim/arch_test/suite/riscv-test-suite/rv64i_m/K/references/aes64im-01.reference_output	第三方架构测试源码/参考/框架	2700	12ca2464d5a4426f5d439bd768316b7d32e57296ea5411087f10a457928dbe2d
sim/arch_test/suite/riscv-test-suite/rv64i_m/K/references/aes64im-rwp1.reference_output	第三方架构测试源码/参考/框架	4392	5baceda81a87073d3e0a45474c1e544c6e5446f04bdb4c9753a16f8828a723fa
sim/arch_test/suite/riscv-test-suite/rv64i_m/K/references/aes64im-rwp2.reference_output	第三方架构测试源码/参考/框架	1008	a8fbf31fe46aa8da9ecb15f10c12fbeafbd2dea2250195987507aeff00222acb
sim/arch_test/suite/riscv-test-suite/rv64i_m/K/references/aes64ks1i-01.reference_output	第三方架构测试源码/参考/框架	1548	89560fa27be5e9a829b80917b3b21e3bb33a49a0cfeba3b9fc166baf37a5f117
sim/arch_test/suite/riscv-test-suite/rv64i_m/K/references/aes64ks2-01.reference_output	第三方架构测试源码/参考/框架	3960	fbe3a3000a3cf5fc5ef792d4d60bb3ccf9e20ff6d5c29451708d91634f3d893d
sim/arch_test/suite/riscv-test-suite/rv64i_m/K/references/andn-01.reference_output	第三方架构测试源码/参考/框架	9432	d94c359d651e6869f7c2a05bc7debdf8663ef8a8d44a221acbca89f0cd56b63d
sim/arch_test/suite/riscv-test-suite/rv64i_m/K/references/clmul-01.reference_output	第三方架构测试源码/参考/框架	9468	04ebd80cef718cc1855cf9767704d22f779df9e1092bf2316df8d08af2be2e33
sim/arch_test/suite/riscv-test-suite/rv64i_m/K/references/clmulh-01.reference_output	第三方架构测试源码/参考/框架	9468	23420eb5aab6501323489e7bd2f04cc692f87d3bb3278dd6269e270bde8b227d
sim/arch_test/suite/riscv-test-suite/rv64i_m/K/references/orn-01.reference_output	第三方架构测试源码/参考/框架	9468	caa17d0fc25b6705008634782a6ab5e5e4253cfef9a856960beb9ffe1b8ba1a2
sim/arch_test/suite/riscv-test-suite/rv64i_m/K/references/pack-01.reference_output	第三方架构测试源码/参考/框架	9432	7b92296159263d65f24e4bd5414431cbf31517eeba12bd0d534a2e66ade98702
sim/arch_test/suite/riscv-test-suite/rv64i_m/K/references/packh-01.reference_output	第三方架构测试源码/参考/框架	9468	899057c0480f06b264e407784154984e5af068d2e91a743bedfe6d015eeea475
sim/arch_test/suite/riscv-test-suite/rv64i_m/K/references/packw-01.reference_output	第三方架构测试源码/参考/框架	9468	dc2305e6327bd46fddf540a1d976748d9a3e3f380c633a8876b80ea569d32fc3
sim/arch_test/suite/riscv-test-suite/rv64i_m/K/references/rev.b-01.reference_output	第三方架构测试源码/参考/框架	4680	613462bf434b7c67f46bda1f149349342e73a3e21404a430b47b24dc0db06f1e
sim/arch_test/suite/riscv-test-suite/rv64i_m/K/references/rev8-01.reference_output	第三方架构测试源码/参考/框架	4680	613462bf434b7c67f46bda1f149349342e73a3e21404a430b47b24dc0db06f1e
sim/arch_test/suite/riscv-test-suite/rv64i_m/K/references/rev8.w-01.reference_output	第三方架构测试源码/参考/框架	4680	613462bf434b7c67f46bda1f149349342e73a3e21404a430b47b24dc0db06f1e
sim/arch_test/suite/riscv-test-suite/rv64i_m/K/references/rol-01.reference_output	第三方架构测试源码/参考/框架	9468	691fb67f7c0df9360eefa7d58bda4fc231986c488b080f4ca1d7953ae5360c91
sim/arch_test/suite/riscv-test-suite/rv64i_m/K/references/rolw-01.reference_output	第三方架构测试源码/参考/框架	9468	01f46ef1e5540d7d79728f097f3c257d7cc5a28e6845bfa2f98765a7b65b721c
sim/arch_test/suite/riscv-test-suite/rv64i_m/K/references/ror-01.reference_output	第三方架构测试源码/参考/框架	9468	a9442586fd3e342a1b3efdae630eee986f4cdb6ce24672deeb8e98e467e013cd
sim/arch_test/suite/riscv-test-suite/rv64i_m/K/references/rori-01.reference_output	第三方架构测试源码/参考/框架	5220	0e3b4b93f4b932c6c16e20b96473c629349152e4111083a3de7711d2da69d50f
sim/arch_test/suite/riscv-test-suite/rv64i_m/K/references/roriw-01.reference_output	第三方架构测试源码/参考/框架	5148	15c481e472531ead980fc96835b8a37f38d521c2a37c232724469ce88d351a7e
sim/arch_test/suite/riscv-test-suite/rv64i_m/K/references/rorw-01.reference_output	第三方架构测试源码/参考/框架	9468	8377d444fbcc09b58986c7a3604fb8516f55e3bc48d559c07d2ea7ea33f72204
sim/arch_test/suite/riscv-test-suite/rv64i_m/K/references/sha256sig0-01.reference_output	第三方架构测试源码/参考/框架	2700	e860d0b93d924e93a066dead72fc2dbcf75421abdcbb15dc7e7f626722d7391a
sim/arch_test/suite/riscv-test-suite/rv64i_m/K/references/sha256sig0-rwp1.reference_output	第三方架构测试源码/参考/框架	4392	3c340a2cfc8e3fbdd63d9609d1dcd66d68a65c6e6c8ec455683b47a01cb1cbbc
sim/arch_test/suite/riscv-test-suite/rv64i_m/K/references/sha256sig0-rwp2.reference_output	第三方架构测试源码/参考/框架	1008	240136aefa4454deecccde7e64a32a6804cc175bd6a28d4e66589dead57d47fa
sim/arch_test/suite/riscv-test-suite/rv64i_m/K/references/sha256sig1-01.reference_output	第三方架构测试源码/参考/框架	2700	3853746d1b0ee345708c38d9811f66735773a4d102716aed58749fe3ed5fb951
sim/arch_test/suite/riscv-test-suite/rv64i_m/K/references/sha256sig1-rwp1.reference_output	第三方架构测试源码/参考/框架	4392	1b3cc32cf0a97258c49e8c3a7284dd1d1fd3b9fa8805cfd4c8a8df5805726a84
sim/arch_test/suite/riscv-test-suite/rv64i_m/K/references/sha256sig1-rwp2.reference_output	第三方架构测试源码/参考/框架	1008	8c33af3f1d5d1a850ba24c375a78ab3e531598ead929e206531ce105c565fad4
sim/arch_test/suite/riscv-test-suite/rv64i_m/K/references/sha256sum0-01.reference_output	第三方架构测试源码/参考/框架	2700	bf9ee09f061063157e65e193a421e9f276fd8c200a3d95747e4412b165423f50
sim/arch_test/suite/riscv-test-suite/rv64i_m/K/references/sha256sum0-rwp1.reference_output	第三方架构测试源码/参考/框架	4392	c5bec8a2f2f866899e12ad409e9f1751ff386055eb412182dced7131299937a5
sim/arch_test/suite/riscv-test-suite/rv64i_m/K/references/sha256sum0-rwp2.reference_output	第三方架构测试源码/参考/框架	1008	53c3e406f50bf85e91988630bf9afe60e60977e2bacb288f3482e00af58ae4fe
sim/arch_test/suite/riscv-test-suite/rv64i_m/K/references/sha256sum1-01.reference_output	第三方架构测试源码/参考/框架	2700	78cfe7b158646ba31e4ed22ee7f3fb142b0fe9ceb03c6f8650878bbe952f6dba
sim/arch_test/suite/riscv-test-suite/rv64i_m/K/references/sha256sum1-rwp1.reference_output	第三方架构测试源码/参考/框架	4392	bf1ffedaa9a99dc3e2c0f0b8c76f9bb40981c13af8ad03d8500f78c081212d1a
sim/arch_test/suite/riscv-test-suite/rv64i_m/K/references/sha256sum1-rwp2.reference_output	第三方架构测试源码/参考/框架	1008	0f151e09fe73960a7671b608a1c1cb9eef44356f84b3297338f92add35007daf
sim/arch_test/suite/riscv-test-suite/rv64i_m/K/references/sha512sig0-01.reference_output	第三方架构测试源码/参考/框架	2700	ae2fe454efb85c7c6a420e75bce30701c715497f763c8e0bef668a97f60aae5a
sim/arch_test/suite/riscv-test-suite/rv64i_m/K/references/sha512sig0-rwp1.reference_output	第三方架构测试源码/参考/框架	4392	d8bb2bb48298e420542c2f5b04fcabcb2ea5c8667515c42026df8a14f6d44d7b
sim/arch_test/suite/riscv-test-suite/rv64i_m/K/references/sha512sig0-rwp2.reference_output	第三方架构测试源码/参考/框架	1008	031df9f0fc0c79e835c96a4ea3717e338199dded1c9fc875c1bfa2cb15826af3
sim/arch_test/suite/riscv-test-suite/rv64i_m/K/references/sha512sig1-01.reference_output	第三方架构测试源码/参考/框架	2700	996a8a2c9886f21b7efd409dd945ebd66cf54759a7e6b2c192288eeb8afe73e2
sim/arch_test/suite/riscv-test-suite/rv64i_m/K/references/sha512sig1-rwp1.reference_output	第三方架构测试源码/参考/框架	4392	03b1782b22f0bb6fe1ea8697da0dac8ad51c84ec412a0182e23d52c004252f6b
sim/arch_test/suite/riscv-test-suite/rv64i_m/K/references/sha512sig1-rwp2.reference_output	第三方架构测试源码/参考/框架	1008	daea68856c3fea6e39dee557c267773e65ed1a7ba18eaf2fdbc841bc434f40c8
sim/arch_test/suite/riscv-test-suite/rv64i_m/K/references/sha512sum0-01.reference_output	第三方架构测试源码/参考/框架	2700	8aee1fe4fcc745dd51a50fbba64b4ead9c8cc2444224281a4bb091cd91ca83f7
sim/arch_test/suite/riscv-test-suite/rv64i_m/K/references/sha512sum0-rwp1.reference_output	第三方架构测试源码/参考/框架	4392	9a815c15d5b10324f2b9514c6e0b53f306191dd4740c45876cd804021b007afa
sim/arch_test/suite/riscv-test-suite/rv64i_m/K/references/sha512sum0-rwp2.reference_output	第三方架构测试源码/参考/框架	1008	24ed3f2fa011d6872a26ec9f25a822fa6cada669167e2695215288d777f2816f
sim/arch_test/suite/riscv-test-suite/rv64i_m/K/references/sha512sum1-01.reference_output	第三方架构测试源码/参考/框架	2700	2685830202a0bb0cd60d3d40b89af4fe645069b5d9e0fdc0f58726a587b39fe8
sim/arch_test/suite/riscv-test-suite/rv64i_m/K/references/sha512sum1-rwp1.reference_output	第三方架构测试源码/参考/框架	4392	04be1c3fd05ec60cbdcb48e4722e222e6f5b43d26e766c90dbd8c20f09321602
sim/arch_test/suite/riscv-test-suite/rv64i_m/K/references/sha512sum1-rwp2.reference_output	第三方架构测试源码/参考/框架	1008	75468c0d697500a6c8fd7bd966c8c3365ed7e8802880e657ebbf34d4f693034d
sim/arch_test/suite/riscv-test-suite/rv64i_m/K/references/sm3p0-01.reference_output	第三方架构测试源码/参考/框架	2700	4f264d6fe793c000d5aa4d4829102be248fa8240a13e1262158054ebb987ff0d
sim/arch_test/suite/riscv-test-suite/rv64i_m/K/references/sm3p0-rwp1.reference_output	第三方架构测试源码/参考/框架	4392	5424f0f5d205edabb825a0cdfb62540911bc4ac8443a1025b8a62e949f837e67
sim/arch_test/suite/riscv-test-suite/rv64i_m/K/references/sm3p0-rwp2.reference_output	第三方架构测试源码/参考/框架	1008	99631d82840d422166d6d79f92f9f765311d8705c0d42168f019b3d78f9fdad0
sim/arch_test/suite/riscv-test-suite/rv64i_m/K/references/sm3p1-01.reference_output	第三方架构测试源码/参考/框架	2700	f460ff77c46f2b326874e7a2f48c8adb322c34646b8f93a2f329112c03351e01
sim/arch_test/suite/riscv-test-suite/rv64i_m/K/references/sm3p1-rwp1.reference_output	第三方架构测试源码/参考/框架	4392	a422aab4cbd2c749fdfd640389a77cefe04eb570c37ab65078f0f518f283cf21
sim/arch_test/suite/riscv-test-suite/rv64i_m/K/references/sm3p1-rwp2.reference_output	第三方架构测试源码/参考/框架	1008	2826f2fa4b0d2908a6356890ab601729a29bacfde642340b3bfcf2e0e270729a
sim/arch_test/suite/riscv-test-suite/rv64i_m/K/references/sm4ed-01.reference_output	第三方架构测试源码/参考/框架	5076	f80bf293d6f549d9cf8acb865bbfa611be3d14e2c6097c74c2351b199d83b933
sim/arch_test/suite/riscv-test-suite/rv64i_m/K/references/sm4ed-rwp1.reference_output	第三方架构测试源码/参考/框架	468	bcfe64f94655735e88c90dcf3fa2905e04b5792175e9f747a92c3110d1859b13
sim/arch_test/suite/riscv-test-suite/rv64i_m/K/references/sm4ks-01.reference_output	第三方架构测试源码/参考/框架	5076	9e43e11ce944ebb1d78ba2fde2406b520638e012ad777fd0c4e9464dfebd5544
sim/arch_test/suite/riscv-test-suite/rv64i_m/K/references/sm4ks-rwp1.reference_output	第三方架构测试源码/参考/框架	468	5f1eb3d0124e499457f3c3cb2ffe5477e367ff7d3306f49f7c5ab9ef9dce829c
sim/arch_test/suite/riscv-test-suite/rv64i_m/K/references/xnor-01.reference_output	第三方架构测试源码/参考/框架	9468	29856d779a017690f8d1b9fb38adaf376ab2d802d67c0fd8f762e8916985b3f6
sim/arch_test/suite/riscv-test-suite/rv64i_m/K/references/xperm4-01.reference_output	第三方架构测试源码/参考/框架	9828	ac6c6fc7b17191b4186adc5fc033c32a926c1c286a54bc1716a4625d3d594fa0
sim/arch_test/suite/riscv-test-suite/rv64i_m/K/references/xperm8-01.reference_output	第三方架构测试源码/参考/框架	9828	cd1372feec027f5061afb81387f7fcb8b733802e788edc42cd79f3dd0e44a34e
sim/arch_test/suite/riscv-test-suite/rv64i_m/K/src/aes64ds-01.S	第三方架构测试源码/参考/框架	19111	e309c5601296890cf441ac59f7b44e6405168031a1050c11459292df6338d2cb
sim/arch_test/suite/riscv-test-suite/rv64i_m/K/src/aes64ds-rwp1.S	第三方架构测试源码/参考/框架	13338	689b3f04b5f9cea75e95386d33a12813047e6e59b698377c967fb16b95e0a41e
sim/arch_test/suite/riscv-test-suite/rv64i_m/K/src/aes64dsm-01.S	第三方架构测试源码/参考/框架	19230	50f56acce444a1a1596b06f58e17eb6a48c1ccd91528284ebd809e9c72aa9940
sim/arch_test/suite/riscv-test-suite/rv64i_m/K/src/aes64dsm-rwp1.S	第三方架构测试源码/参考/框架	13444	c9f198ebdbfa69c36d313111393d49aa66e79baab54cde344673c161c0387293
sim/arch_test/suite/riscv-test-suite/rv64i_m/K/src/aes64es-01.S	第三方架构测试源码/参考/框架	19111	9f0571098814451513f541781039ac6e117ab457abf59883f083f5369364ca7f
sim/arch_test/suite/riscv-test-suite/rv64i_m/K/src/aes64es-rwp1.S	第三方架构测试源码/参考/框架	13338	115fa4c2001bd779ad06fc3390348b7e0d8899ee2b6c69c7fd867c12f1aacac5
sim/arch_test/suite/riscv-test-suite/rv64i_m/K/src/aes64esm-01.S	第三方架构测试源码/参考/框架	19251	c6dc2c8eff6b6d8eba2eda3d97d339e5dbb002a6b188d7deb8b2da5b994f332a
sim/arch_test/suite/riscv-test-suite/rv64i_m/K/src/aes64esm-rwp1.S	第三方架构测试源码/参考/框架	13444	fb0332ff1d44ac6f6c62d6a117d03860a1b4248f579d88cc35a479f1a7e4f00b
sim/arch_test/suite/riscv-test-suite/rv64i_m/K/src/aes64im-01.S	第三方架构测试源码/参考/框架	34858	fffcb00abd10be111501c4db20fa55913ffdd7f1da4710f306b3d6f1d879c52f
sim/arch_test/suite/riscv-test-suite/rv64i_m/K/src/aes64im-rwp1.S	第三方架构测试源码/参考/框架	28656	39e929936a6ba6ad821c072c09962e82aba6d0ab8e3f0b538d1631017f1b2ab9
sim/arch_test/suite/riscv-test-suite/rv64i_m/K/src/aes64im-rwp2.S	第三方架构测试源码/参考/框架	6357	e0292492834e4c634603a57e72e35319477fbfa81daef0ee4e27fa7ec968f287
sim/arch_test/suite/riscv-test-suite/rv64i_m/K/src/aes64ks1i-01.S	第三方架构测试源码/参考/框架	22623	a849a63f1718cfee2820d687010a495dcbcc5f254c7de113039e6b71a4fff1af
sim/arch_test/suite/riscv-test-suite/rv64i_m/K/src/aes64ks2-01.S	第三方架构测试源码/参考/框架	57520	00d4d2ed681c9627ecbf2358a607216b2279ba17bd737a8b4065473ad8ab7de4
sim/arch_test/suite/riscv-test-suite/rv64i_m/K/src/andn-01.S	第三方架构测试源码/参考/框架	149707	72e5fb0715c49445d3b0565100de85b55c96df9bc815dddbd416e1dcdba23196
sim/arch_test/suite/riscv-test-suite/rv64i_m/K/src/clmul-01.S	第三方架构测试源码/参考/框架	151473	c3cd37ec8e5e07ff08331978f0fcd44e8461972320ed71184a8a4f7b855c34a6
sim/arch_test/suite/riscv-test-suite/rv64i_m/K/src/clmulh-01.S	第三方架构测试源码/参考/框架	152115	a54ed7f04c1d90a42a5c3a1ee0f31eab11f723fff6606fe05ae099f0f3b80aed
sim/arch_test/suite/riscv-test-suite/rv64i_m/K/src/orn-01.S	第三方架构测试源码/参考/框架	148947	04ee07d8558413e23fc481236622aa03f58308270fb9e20da4022a61156bef56
sim/arch_test/suite/riscv-test-suite/rv64i_m/K/src/pack-01.S	第三方架构测试源码/参考/框架	149621	9cecf2857fb62be735fbfc64cc92217a349304ecf97303c0cedd833f5d94235f
sim/arch_test/suite/riscv-test-suite/rv64i_m/K/src/packh-01.S	第三方架构测试源码/参考/框架	150989	3cf0d0047ea1fa7e52f64b84e350521e0af33f40adf65ed2d21a231edc6a6dfd
sim/arch_test/suite/riscv-test-suite/rv64i_m/K/src/packw-01.S	第三方架构测试源码/参考/框架	150984	236a4e3e6210ade23c5d501bc33866df974acc504213059cd43e06ea85473393
sim/arch_test/suite/riscv-test-suite/rv64i_m/K/src/rev.b-01.S	第三方架构测试源码/参考/框架	59860	1bb3306a13d48638cdb87f7ac36ae60019628277c06e7c263e18679d7ba85945
sim/arch_test/suite/riscv-test-suite/rv64i_m/K/src/rev8-01.S	第三方架构测试源码/参考/框架	59860	ddd269ea4be106d7180070ddb18e29f7caa70cb9d2a7674f8143beef0650e854
sim/arch_test/suite/riscv-test-suite/rv64i_m/K/src/rev8.w-01.S	第三方架构测试源码/参考/框架	59915	b4a89405849d2a53a6cfe1ac9426ec4b0d6d90c3d36395d74d86cce6198d5cbc
sim/arch_test/suite/riscv-test-suite/rv64i_m/K/src/rol-01.S	第三方架构测试源码/参考/框架	148930	55b7efab7df1f6e85dfe13c2f9f34108450a065d97c0f0edc288a444b54dbfc9
sim/arch_test/suite/riscv-test-suite/rv64i_m/K/src/rolw-01.S	第三方架构测试源码/参考/框架	149911	d89e8b1fe6c3525b0370486c6c88d3702b4148daee8e5021f9b4dcd6ec70db83
sim/arch_test/suite/riscv-test-suite/rv64i_m/K/src/ror-01.S	第三方架构测试源码/参考/框架	149359	e098394f316062d9ed11632da49ca043641b6f66bdd566ec5094c193f1101b3c
sim/arch_test/suite/riscv-test-suite/rv64i_m/K/src/rori-01.S	第三方架构测试源码/参考/框架	67792	515d77e66a55a4e492c1dc00161d14f8a6fb37e1bac649764b86b2dc8261f3e7
sim/arch_test/suite/riscv-test-suite/rv64i_m/K/src/roriw-01.S	第三方架构测试源码/参考/框架	67551	b7d6289f715c0503c5d783bc3fed2f7da731f726af7e9dab4f21c982879bce46
sim/arch_test/suite/riscv-test-suite/rv64i_m/K/src/rorw-01.S	第三方架构测试源码/参考/框架	149924	8d346bc4101542bce8c9b3e7ba742db11c6553db6ab85d9702e1238572f401ae
sim/arch_test/suite/riscv-test-suite/rv64i_m/K/src/sha256sig0-01.S	第三方架构测试源码/参考/框架	35761	83980e650cc91d3954a6eee2b67af9ec78144385e014279ac3bee0881760ce45
sim/arch_test/suite/riscv-test-suite/rv64i_m/K/src/sha256sig0-rwp1.S	第三方架构测试源码/参考/框架	29391	79bf5749c5b52ed1b1a44edb0dd924482a089ecbc1ef9fb1792a8d79f6502c7f
sim/arch_test/suite/riscv-test-suite/rv64i_m/K/src/sha256sig0-rwp2.S	第三方架构测试源码/参考/框架	6531	f48a22c319cf2b30e245c3c28667fea053b81a95165584b2e69f1913b7dbd954
sim/arch_test/suite/riscv-test-suite/rv64i_m/K/src/sha256sig1-01.S	第三方架构测试源码/参考/框架	35805	a4f78d8546cc706c68fd265da02daef8dc201730bfdfc7bbc9832ae83bd62cc6
sim/arch_test/suite/riscv-test-suite/rv64i_m/K/src/sha256sig1-rwp1.S	第三方架构测试源码/参考/框架	29391	c745a840627a23abf435a110fb9601b9dd5f38bec1063a14ad9bb4abfa6d02b5
sim/arch_test/suite/riscv-test-suite/rv64i_m/K/src/sha256sig1-rwp2.S	第三方架构测试源码/参考/框架	6531	169d5c218ea406190127582fc4de6ee03728ec677ed07748bc95856fa696c630
sim/arch_test/suite/riscv-test-suite/rv64i_m/K/src/sha256sum0-01.S	第三方架构测试源码/参考/框架	35780	ef79a637e3f583d3abd600a0c631b29254d0835237dcc237f0ca9ebacbaeaca0
sim/arch_test/suite/riscv-test-suite/rv64i_m/K/src/sha256sum0-rwp1.S	第三方架构测试源码/参考/框架	29391	a2e08f802dfbe8013c742188ac77f83598eee8ea3727c402ee3d26826e103bbf
sim/arch_test/suite/riscv-test-suite/rv64i_m/K/src/sha256sum0-rwp2.S	第三方架构测试源码/参考/框架	6531	8a02542589ff187ceb5cb254e63cbd1f9e0a831eab4e761b6e394c6ca25f9e9a
sim/arch_test/suite/riscv-test-suite/rv64i_m/K/src/sha256sum1-01.S	第三方架构测试源码/参考/框架	35778	42442399ce71a9f8f02f07a500553d33547e503977936cf046b8cc969509d01a
sim/arch_test/suite/riscv-test-suite/rv64i_m/K/src/sha256sum1-rwp1.S	第三方架构测试源码/参考/框架	29391	41dd2b2cd6d1171f30571bdf232ae84ced03a8592b1cdd5785fd451c338d276b
sim/arch_test/suite/riscv-test-suite/rv64i_m/K/src/sha256sum1-rwp2.S	第三方架构测试源码/参考/框架	6531	5b2e4dc0986f3abc69aaa9c47f55a52ba26a851b9f2b854f4c846151be4d3880
sim/arch_test/suite/riscv-test-suite/rv64i_m/K/src/sha512sig0-01.S	第三方架构测试源码/参考/框架	35792	0260817514e71c1aa1cef0666aabd7d47543558911474c41c87f4d820c81c0d0
sim/arch_test/suite/riscv-test-suite/rv64i_m/K/src/sha512sig0-rwp1.S	第三方架构测试源码/参考/框架	29391	746edfd63c4cd6caf2eddb3862dbb94e10e1f8f23904e6cb572877446c0b58d4
sim/arch_test/suite/riscv-test-suite/rv64i_m/K/src/sha512sig0-rwp2.S	第三方架构测试源码/参考/框架	6531	ef31201097d438bc2214340856c60f2d3923e981be6d91f57babf26fb9254e75
sim/arch_test/suite/riscv-test-suite/rv64i_m/K/src/sha512sig1-01.S	第三方架构测试源码/参考/框架	35771	238ff6c1c7b689d29c110524dc4f32f87e50b9431007a32a14b9474b6c0cb12a
sim/arch_test/suite/riscv-test-suite/rv64i_m/K/src/sha512sig1-rwp1.S	第三方架构测试源码/参考/框架	29391	83bd04b39efc057d106677f61055d10ed679c5d208ac3a6d725b4aa45fb8751a
sim/arch_test/suite/riscv-test-suite/rv64i_m/K/src/sha512sig1-rwp2.S	第三方架构测试源码/参考/框架	6531	c405b5d2d6d5f1fd3b900d9c593130119d819d873e9d644033f7334c2f81ad96
sim/arch_test/suite/riscv-test-suite/rv64i_m/K/src/sha512sum0-01.S	第三方架构测试源码/参考/框架	36058	0c6cda2345230a0ef439d40ff7bd340debcfde5b251d9a3e89fafb2c09f170e4
sim/arch_test/suite/riscv-test-suite/rv64i_m/K/src/sha512sum0-rwp1.S	第三方架构测试源码/参考/框架	29391	834fedd3ff24d4c0ca899d26d900885bf52a49bd6aa2b0136b689a5a79d85aca
sim/arch_test/suite/riscv-test-suite/rv64i_m/K/src/sha512sum0-rwp2.S	第三方架构测试源码/参考/框架	6531	ee4628c5fb1ff295124ba592727ade224808b29aba60ce0a075d2c37923c9dd8
sim/arch_test/suite/riscv-test-suite/rv64i_m/K/src/sha512sum1-01.S	第三方架构测试源码/参考/框架	35772	d874ed1b2e9d2f128f62d4602ea682da2dba6b68aaa70d7bd658dd22235ff23c
sim/arch_test/suite/riscv-test-suite/rv64i_m/K/src/sha512sum1-rwp1.S	第三方架构测试源码/参考/框架	29391	a6d2a8fffe1a43a92104f17bf27ef15f4097b66eca6793aefd4caa700717852c
sim/arch_test/suite/riscv-test-suite/rv64i_m/K/src/sha512sum1-rwp2.S	第三方架构测试源码/参考/框架	6531	d3c1b1c58af0da1809ee826f41e2caf9bc12ae607cd04e6a8ff32458695ba5f5
sim/arch_test/suite/riscv-test-suite/rv64i_m/K/src/sm3p0-01.S	第三方架构测试源码/参考/框架	34413	6e4d94c583cd03b3b06543d442d41a44ba4373a7e6253926b09636f8db93386d
sim/arch_test/suite/riscv-test-suite/rv64i_m/K/src/sm3p0-rwp1.S	第三方架构测试源码/参考/框架	28166	41fb27bbfe87dacaa50e61174bc3cd4d35ef00902a23e89588e6a54c1a90707a
sim/arch_test/suite/riscv-test-suite/rv64i_m/K/src/sm3p0-rwp2.S	第三方架构测试源码/参考/框架	6241	4156571bd2084553fd72dee24ae72fc9ac08af7f7cbc20facd97fb2dc941cd7d
sim/arch_test/suite/riscv-test-suite/rv64i_m/K/src/sm3p1-01.S	第三方架构测试源码/参考/框架	34257	7c6fd7d833e18b9dcdc93f2eb95975bf5e16830a756e6ddeaaf9c932ff802bb1
sim/arch_test/suite/riscv-test-suite/rv64i_m/K/src/sm3p1-rwp1.S	第三方架构测试源码/参考/框架	28166	597c014dfadeb9230caeaabfab90b6bd4c1fafc3e87d49ae2fb2015674fc0403
sim/arch_test/suite/riscv-test-suite/rv64i_m/K/src/sm3p1-rwp2.S	第三方架构测试源码/参考/框架	6241	2c3778b3914e466e26013659ae314cde9e3a8573ff10e1f65d2cc109eab30146
sim/arch_test/suite/riscv-test-suite/rv64i_m/K/src/sm4ed-01.S	第三方架构测试源码/参考/框架	91825	0c0cd47520dd69948d9f33bd97b2bb3806d280bd946d3c009b70aef133b44648
sim/arch_test/suite/riscv-test-suite/rv64i_m/K/src/sm4ed-rwp1.S	第三方架构测试源码/参考/框架	11591	e274a0c2990054c71bb1280b32e2ff752707cd49020c6b29aac7769fee48d3a5
sim/arch_test/suite/riscv-test-suite/rv64i_m/K/src/sm4ks-01.S	第三方架构测试源码/参考/框架	91780	4ae1910fdae2452239fdb6750dd256350ad247bec503e672c616d032067b6196
sim/arch_test/suite/riscv-test-suite/rv64i_m/K/src/sm4ks-rwp1.S	第三方架构测试源码/参考/框架	11591	9c52829d4280629c517c5f1dc5712984523800306d774732ea25281525993f47
sim/arch_test/suite/riscv-test-suite/rv64i_m/K/src/xnor-01.S	第三方架构测试源码/参考/框架	149927	7508f60b00f60fa9d3a497254552b7a9734dcac68d035b860e646d5e1c413ef5
sim/arch_test/suite/riscv-test-suite/rv64i_m/K/src/xperm4-01.S	第三方架构测试源码/参考/框架	157893	37bdbf4af775250901760a60e8ca520f7418bea5c55fe29e128b6bd21240e15d
sim/arch_test/suite/riscv-test-suite/rv64i_m/K/src/xperm8-01.S	第三方架构测试源码/参考/框架	157861	06a5b07647d35553c5e6c727548ebe565f32a5e14de9059ad80319f006926bb3
sim/arch_test/suite/riscv-test-suite/rv64i_m/M/Makefile	第三方架构测试源码/参考/框架	105	de35769737d82e018235074a4673e82b05c7d7cbff6f949f96ea14dab66be967
sim/arch_test/suite/riscv-test-suite/rv64i_m/M/Makefrag	第三方架构测试源码/参考/框架	1994	d719a122f632b2cf6dbf63abb14086762fc585120f1bfa92471d588413d1d9d0
sim/arch_test/suite/riscv-test-suite/rv64i_m/M/references/div-01.reference_output	第三方架构测试源码/参考/框架	12204	0444203189c2bb76a6086cba43a17c253fcc1293847620e2686e60e21c1038da
sim/arch_test/suite/riscv-test-suite/rv64i_m/M/references/divu-01.reference_output	第三方架构测试源码/参考/框架	14832	cdd5d2909f15f68a208dfd28bf9a8b4fe36e41edc0004a3cbf60b775b56f5f74
sim/arch_test/suite/riscv-test-suite/rv64i_m/M/references/divuw-01.reference_output	第三方架构测试源码/参考/框架	14796	80e99f9aff3a693c9eb6117889608536a16672fff3e47160ca92a3c37623b155
sim/arch_test/suite/riscv-test-suite/rv64i_m/M/references/divw-01.reference_output	第三方架构测试源码/参考/框架	12096	d3c56c0be94fc33db080432c4564ea217b03b4bf6f843d906d19eadb17f31685
sim/arch_test/suite/riscv-test-suite/rv64i_m/M/references/mul-01.reference_output	第三方架构测试源码/参考/框架	12276	c8d2e960c609d661393f5fbf385079624e14ae7ee22c692967511f638ac5173e
sim/arch_test/suite/riscv-test-suite/rv64i_m/M/references/mulh-01.reference_output	第三方架构测试源码/参考/框架	12204	0b1dc1ef5906c8745c698f440ded51179866791147bdc2146e9f3caaa04d42c7
sim/arch_test/suite/riscv-test-suite/rv64i_m/M/references/mulhsu-01.reference_output	第三方架构测试源码/参考/框架	13356	f27368be761c7897e213dc69c20c5839d21afee59e759fbf7581a645ede10242
sim/arch_test/suite/riscv-test-suite/rv64i_m/M/references/mulhu-01.reference_output	第三方架构测试源码/参考/框架	14652	57fa2a5fb3fc449193ef5751ae501ee17f0f7763c1be93a6994424cc60a97519
sim/arch_test/suite/riscv-test-suite/rv64i_m/M/references/mulw-01.reference_output	第三方架构测试源码/参考/框架	12096	b781d9d58570787e261debffeb61ca135ad34fa450051ce9b2383fe59e3951c1
sim/arch_test/suite/riscv-test-suite/rv64i_m/M/references/rem-01.reference_output	第三方架构测试源码/参考/框架	11988	155ce509a48e11d81ce90b82d3eb2f6fc2acc793c082f75380655db0a4f7ae46
sim/arch_test/suite/riscv-test-suite/rv64i_m/M/references/remu-01.reference_output	第三方架构测试源码/参考/框架	14796	0ba6949d4f6b5fd70a908cf567b1dac6e841d1639799fcc68a8af99ba9e81c1e
sim/arch_test/suite/riscv-test-suite/rv64i_m/M/references/remuw-01.reference_output	第三方架构测试源码/参考/框架	14724	ccf90b1c349ea64116d88e678e42aa3a5f8daf68460a19108a3ab4f63de867b3
sim/arch_test/suite/riscv-test-suite/rv64i_m/M/references/remw-01.reference_output	第三方架构测试源码/参考/框架	12168	358a2728c4cea3e4eb1094994b6851740cdafc992f362f1a8a1176a128f98e58
sim/arch_test/suite/riscv-test-suite/rv64i_m/M/src/div-01.S	第三方架构测试源码/参考/框架	156429	c0de09b508d7e277307be57ff70505cc431c61eaab3346b27df894c509026cf9
sim/arch_test/suite/riscv-test-suite/rv64i_m/M/src/divu-01.S	第三方架构测试源码/参考/框架	194079	17bc3a3cceddcc7bf9908f5f32b5212e6261854c306a84c4cb0ae40968cde007
sim/arch_test/suite/riscv-test-suite/rv64i_m/M/src/divuw-01.S	第三方架构测试源码/参考/框架	194782	e6ece6340670354e882258a423029efeeb5eb275d862f0a525b9b6902fde0c6d
sim/arch_test/suite/riscv-test-suite/rv64i_m/M/src/divw-01.S	第三方架构测试源码/参考/框架	156061	56e89b64bed869030f765317844dc67f2ccc1df6029c8044d7957a3f6ec858f5
sim/arch_test/suite/riscv-test-suite/rv64i_m/M/src/mul-01.S	第三方架构测试源码/参考/框架	163063	98ff8a4b7119af276d73ee2cf5107d802f0d1e89b6124ec37c4f3efb42f8f6f8
sim/arch_test/suite/riscv-test-suite/rv64i_m/M/src/mulh-01.S	第三方架构测试源码/参考/框架	160749	c767bafa6d1db4509ebf8329dc912171de12a693da21a0009ebbce9734c7277b
sim/arch_test/suite/riscv-test-suite/rv64i_m/M/src/mulhsu-01.S	第三方架构测试源码/参考/框架	180628	b89cc7799ff826780fda670cbc9875d42ea5c6d6b270a32b7a9b644197774f8e
sim/arch_test/suite/riscv-test-suite/rv64i_m/M/src/mulhu-01.S	第三方架构测试源码/参考/框架	196043	0820e2cfd0aa408c0d5c167b8b7a1f4d6757e452970a26c84b1202f89e444e03
sim/arch_test/suite/riscv-test-suite/rv64i_m/M/src/mulw-01.S	第三方架构测试源码/参考/框架	157915	44397633a054552d42dd01030b8604c107eca4160e0f94d9a1fb8d30286359b8
sim/arch_test/suite/riscv-test-suite/rv64i_m/M/src/rem-01.S	第三方架构测试源码/参考/框架	155605	384c79cef4a09c09bf795a915e6b71e106606678de69848233aa202eff5a1e9a
sim/arch_test/suite/riscv-test-suite/rv64i_m/M/src/remu-01.S	第三方架构测试源码/参考/框架	195463	a04503d89cbbaaabad7c85436244dc9058213716a8d4c6ef0ea8d6ebd80b9d22
sim/arch_test/suite/riscv-test-suite/rv64i_m/M/src/remuw-01.S	第三方架构测试源码/参考/框架	194173	e5b306727d9261fac218a6e426c42fea7fa4878b207f5dc2bd0329800c20bd9a
sim/arch_test/suite/riscv-test-suite/rv64i_m/M/src/remw-01.S	第三方架构测试源码/参考/框架	156892	e1a7fe90c09e3c89943bde297571e4b0cd16d25028613b72adb6dd558089cffc
sim/arch_test/suite/riscv-test-suite/rv64i_m/Zifencei/Makefile	第三方架构测试源码/参考/框架	104	895986fda7be6992bf102d286935a42b3c8c8a5a57b53bdaaa3787018b7f7222
sim/arch_test/suite/riscv-test-suite/rv64i_m/Zifencei/Makefrag	第三方架构测试源码/参考/框架	1762	1b13e108b2e5546ab44b193a6990ee53a13678771ca60584dbe0827684251d26
sim/arch_test/suite/riscv-test-suite/rv64i_m/Zifencei/references/Fencei.reference_output	第三方架构测试源码/参考/框架	36	08a601afc8a24328d67b23fbecdb78f62c250918d21cd3a4892ea2aaf45915b9
sim/arch_test/suite/riscv-test-suite/rv64i_m/Zifencei/src/Fencei.S	第三方架构测试源码/参考/框架	2099	d593b04bbc2e852e21775c19814dbaee0824970da5a199b724782feea4a6f115
sim/arch_test/suite/riscv-test-suite/rv64i_m/privilege/Makefile	第三方架构测试源码/参考/框架	132	aca681cb4ff0b5d3fab3169b8cb3b7062c3610b0284594d2b9e7b4485ab3fe29
sim/arch_test/suite/riscv-test-suite/rv64i_m/privilege/Makefrag	第三方架构测试源码/参考/框架	2114	e5a37c7bd9fce267211fd72f2ff6fa9d507ba9177a2d04b3389495d54210689c
sim/arch_test/suite/riscv-test-suite/rv64i_m/privilege/references/ebreak.reference_output	第三方架构测试源码/参考/框架	72	987488553812db81f865cd3b12fe85f5b7b4fd04fcbd24d4b94f502f1eed77ea
sim/arch_test/suite/riscv-test-suite/rv64i_m/privilege/references/ecall.reference_output	第三方架构测试源码/参考/框架	72	84e9f8917cec764d3e685b3f3d991c2cf5a2b485055c782056c738886e6549ee
sim/arch_test/suite/riscv-test-suite/rv64i_m/privilege/references/misalign-beq-01.reference_output	第三方架构测试源码/参考/框架	1188	0fafb55185efa560d1ba1619e922038d5a9917e3c6aa7718b6fe3a786676b279
sim/arch_test/suite/riscv-test-suite/rv64i_m/privilege/references/misalign-bge-01.reference_output	第三方架构测试源码/参考/框架	1188	de600fb808bcd2450e66e341691dbc8fa4326cef987f1c5a98da6d13fe70c054
sim/arch_test/suite/riscv-test-suite/rv64i_m/privilege/references/misalign-bgeu-01.reference_output	第三方架构测试源码/参考/框架	1188	de600fb808bcd2450e66e341691dbc8fa4326cef987f1c5a98da6d13fe70c054
sim/arch_test/suite/riscv-test-suite/rv64i_m/privilege/references/misalign-blt-01.reference_output	第三方架构测试源码/参考/框架	1188	0fafb55185efa560d1ba1619e922038d5a9917e3c6aa7718b6fe3a786676b279
sim/arch_test/suite/riscv-test-suite/rv64i_m/privilege/references/misalign-bltu-01.reference_output	第三方架构测试源码/参考/框架	1188	de600fb808bcd2450e66e341691dbc8fa4326cef987f1c5a98da6d13fe70c054
sim/arch_test/suite/riscv-test-suite/rv64i_m/privilege/references/misalign-bne-01.reference_output	第三方架构测试源码/参考/框架	1188	0fafb55185efa560d1ba1619e922038d5a9917e3c6aa7718b6fe3a786676b279
sim/arch_test/suite/riscv-test-suite/rv64i_m/privilege/references/misalign-jal-01.reference_output	第三方架构测试源码/参考/框架	1188	da4873374b29890f90c85ddcbac3d843c453227c69eebbf7f0bbf3c62dbd97c7
sim/arch_test/suite/riscv-test-suite/rv64i_m/privilege/references/misalign-ld-01.reference_output	第三方架构测试源码/参考/框架	1296	15b97af7545322bf0c737b9733de103fe9fd332d789318c1c725460d535f62f5
sim/arch_test/suite/riscv-test-suite/rv64i_m/privilege/references/misalign-lh-01.reference_output	第三方架构测试源码/参考/框架	1188	895906d9c2b3f2091feaf11c49e9b2a84d239e4263fae61ad5591783d6f37b6f
sim/arch_test/suite/riscv-test-suite/rv64i_m/privilege/references/misalign-lhu-01.reference_output	第三方架构测试源码/参考/框架	1188	895906d9c2b3f2091feaf11c49e9b2a84d239e4263fae61ad5591783d6f37b6f
sim/arch_test/suite/riscv-test-suite/rv64i_m/privilege/references/misalign-lw-01.reference_output	第三方架构测试源码/参考/框架	1224	da1881b594f3f29c2dd549c8e78ec9ec2b2ec85cdbdd980a02444a788f98731a
sim/arch_test/suite/riscv-test-suite/rv64i_m/privilege/references/misalign-lwu-01.reference_output	第三方架构测试源码/参考/框架	1224	da1881b594f3f29c2dd549c8e78ec9ec2b2ec85cdbdd980a02444a788f98731a
sim/arch_test/suite/riscv-test-suite/rv64i_m/privilege/references/misalign-sd-01.reference_output	第三方架构测试源码/参考/框架	1296	cfcbad9dd41c9b9ce3c2f8943b2bd77fc71efb11f23027f684701dca5b513add
sim/arch_test/suite/riscv-test-suite/rv64i_m/privilege/references/misalign-sh-01.reference_output	第三方架构测试源码/参考/框架	1188	68a7e0ef1e2edbfd236a7c7f10b03eb421d415ff02e80d786eb5676feea7a4dd
sim/arch_test/suite/riscv-test-suite/rv64i_m/privilege/references/misalign-sw-01.reference_output	第三方架构测试源码/参考/框架	1224	9061dbafa819da5d8f9f0575b6f84bc9f8d38dc5f070b8481386a4afbf6ef13f
sim/arch_test/suite/riscv-test-suite/rv64i_m/privilege/references/misalign1-jalr-01.reference_output	第三方架构测试源码/参考/框架	1188	57e4c80d4c90c230b145ddadd600efc491e3db8da1124272eece74d49b14ba2d
sim/arch_test/suite/riscv-test-suite/rv64i_m/privilege/references/misalign2-jalr-01.reference_output	第三方架构测试源码/参考/框架	1188	57e4c80d4c90c230b145ddadd600efc491e3db8da1124272eece74d49b14ba2d
sim/arch_test/suite/riscv-test-suite/rv64i_m/privilege/src/ebreak.S	第三方架构测试源码/参考/框架	1347	eec1cea664e4beb0b48ae957c6df4b5112bcee0cf2caf047c54589af76d916e0
sim/arch_test/suite/riscv-test-suite/rv64i_m/privilege/src/ecall.S	第三方架构测试源码/参考/框架	1355	313247bb9d804631ac8ee82d8889a3a8834d4890285b2856478d4ad8b9d1ffbc
sim/arch_test/suite/riscv-test-suite/rv64i_m/privilege/src/misalign-beq-01.S	第三方架构测试源码/参考/框架	1909	d45d5ab6dbb6f3894b68a1e438b3a925aa446adc08b57e1ce26c589a2dffb400
sim/arch_test/suite/riscv-test-suite/rv64i_m/privilege/src/misalign-bge-01.S	第三方架构测试源码/参考/框架	1890	5db03622baa097a7464f59d91497a42e886d679a86ac6c60b2cc3f350c70a54a
sim/arch_test/suite/riscv-test-suite/rv64i_m/privilege/src/misalign-bgeu-01.S	第三方架构测试源码/参考/框架	1900	1b0594f94ef1ca86491a07d84b56b0897bc4f32ef8154b3f18b23662bf59f4c6
sim/arch_test/suite/riscv-test-suite/rv64i_m/privilege/src/misalign-blt-01.S	第三方架构测试源码/参考/框架	1852	5ee34daf9faeaeaa0cb679abb8b745bf48cd0c0cfe6e0076da632fc7a6a2392a
sim/arch_test/suite/riscv-test-suite/rv64i_m/privilege/src/misalign-bltu-01.S	第三方架构测试源码/参考/框架	1890	99ac61631f1cce7d2522e2a6db007f252c4ed95f170f13ce2afec431ef97ff0b
sim/arch_test/suite/riscv-test-suite/rv64i_m/privilege/src/misalign-bne-01.S	第三方架构测试源码/参考/框架	1877	a66293acfae97a3d2c5fc512c2ab298c3bf0ad148507b50d74b0959e39b3e59e
sim/arch_test/suite/riscv-test-suite/rv64i_m/privilege/src/misalign-jal-01.S	第三方架构测试源码/参考/框架	1772	1973becfb11962b2bfd473b529c66b12d28849ad2931dfd4557d8e03661d55e0
sim/arch_test/suite/riscv-test-suite/rv64i_m/privilege/src/misalign-ld-01.S	第三方架构测试源码/参考/框架	2559	4d6502de862e3b59e47d6b0b6f8691d12a37bc7b50d7f96e6e1952d58edd1e07
sim/arch_test/suite/riscv-test-suite/rv64i_m/privilege/src/misalign-lh-01.S	第三方架构测试源码/参考/框架	1826	fc3bc28c036b965576fed99ae5817467af63a73fd4ba44d8421609d4bf159f89
sim/arch_test/suite/riscv-test-suite/rv64i_m/privilege/src/misalign-lhu-01.S	第三方架构测试源码/参考/框架	1834	f962e532cddebdbdff8efb48818dd104397130850590233aec1a69baaf283735
sim/arch_test/suite/riscv-test-suite/rv64i_m/privilege/src/misalign-lw-01.S	第三方架构测试源码/参考/框架	2071	8eb184199d235c4599ca6da1b726a39d84df2ac69feba90e1ed76f3fe936e72e
sim/arch_test/suite/riscv-test-suite/rv64i_m/privilege/src/misalign-lwu-01.S	第三方架构测试源码/参考/框架	2075	cb07d51373069a7edc714c082ef67ec15bece014e61e922a45647c0e1570c05e
sim/arch_test/suite/riscv-test-suite/rv64i_m/privilege/src/misalign-sd-01.S	第三方架构测试源码/参考/框架	2775	05a4cde8b3184428af2709f38c3f0b57a1ac7985118b989b5759649a94d8e2cb
sim/arch_test/suite/riscv-test-suite/rv64i_m/privilege/src/misalign-sh-01.S	第三方架构测试源码/参考/框架	1846	648ce8e90d9d57dc663c7e037d6c1616263bdcd793c5696fa8acc8028664cb4c
sim/arch_test/suite/riscv-test-suite/rv64i_m/privilege/src/misalign-sw-01.S	第三方架构测试源码/参考/框架	2155	69f41c718f26c57fe533705727bd33c49565135bd6679d7fd735ebe291981c11
sim/arch_test/suite/riscv-test-suite/rv64i_m/privilege/src/misalign1-jalr-01.S	第三方架构测试源码/参考/框架	1624	40466c4335abe5f06a5edf3f4d080f42f0b21a5dd9d78b4eaa2d4da64d1ab778
sim/arch_test/suite/riscv-test-suite/rv64i_m/privilege/src/misalign2-jalr-01.S	第三方架构测试源码/参考/框架	1798	588240d8bc4036e3d1b453ea9a4745f27ac7bd06a0a8cb49b25e0a55b6c87943
sim/arch_test/suite/spec/TestFormatSpec.adoc	第三方架构测试源码/参考/框架	35255	2236d9cc2aaa3b771aaff198fbada12222183743bb6854cef232f8c7eaeeb4f4
sim/arch_test/suite/spec/testpool.jpg	第三方架构测试源码/参考/框架	75124	a3a32833e6352347de87d6d9dc34d7c1dff6f66b6f5129faad75f6dd048ea54e
sim/arch_test/target/pynq_z2_v0/device/rv32i_m/I/Makefile.include	配置/资源/数据文件	173	0b36a8ddf59dee551f0a4ed2f2438d95b8132e764b9e240d950a342bb1c61295
sim/arch_test/target/pynq_z2_v0/device/rv32i_m/M/Makefile.include	配置/资源/数据文件	146	e00465f2847a8ae6b935d54c20dc4b1e43512615b00edea8bec1d0c0e18fb40e
sim/arch_test/target/pynq_z2_v0/device/rv32i_m/Makefile.include	配置/资源/数据文件	1174	e1f36f159472d1054cc20c3137d4ccd995a4a9894092776e191c2edde2e11f1d
sim/arch_test/target/pynq_z2_v0/env/link.ld	软件/固件/数据工具	820	89d0859af881b5d976216ea19121c667702125866633deea89cfdd9f1eca5b6f
sim/arch_test/target/pynq_z2_v0/model_test.h	软件/固件/数据工具	1502	ce1b74f3d7d145884d97bf77cb3b0b84167a15f06fd708ab1257995f4f2f2978
sim/build/arch_test/add-01.bin	生成的仿真/构建/打包产物	15244	23bbd2681e333feb90b19c79d861dce6b272eaa4ea59e4edab4b5c7dd2d5eeb8
sim/build/arch_test/add-01.hex	生成的仿真/构建/打包产物	34299	c8c53d8a49520c61468b4bbeea517aac7fab9fa98d50fdd0582f56f9d3a7e86f
sim/build/arch_test/addi-01.bin	生成的仿真/构建/打包产物	10860	022bf2475f1fd0b996b4fa1537f1af3eb3efe24238836ea164b4a11c39431bd6
sim/build/arch_test/addi-01.hex	生成的仿真/构建/打包产物	24435	2a02d77172ea2b634565d8a2c5e3442a5bee5d3c90a2c7953cb15a1fddac75c4
sim/build/arch_test/and-01.bin	生成的仿真/构建/打包产物	15116	29b4d3cfa082f73e7b604609d5b1585b7d281d80d358fd1b5005efce37c461cb
sim/build/arch_test/and-01.hex	生成的仿真/构建/打包产物	34011	55098e9041366fec377221ebe86f9e45a05e83bff28374d5e120e8b4d9d43205
sim/build/arch_test/ref_clean.txt	生成的仿真/构建/打包产物	5256	e6250b4fe6c2573cd273ec96b5586d0aeda57324f7f83b429773b588b5329758
sim/build/arch_test/rv32_probe.o	生成的仿真/构建/打包产物	648	1179ffb12b8f9eb9f63595e122a6aea3b010e0411530aa4b9707215832277faa
sim/build/arch_test/rv32i_m/I/add-01.elf	生成的仿真/构建/打包产物	34996	132cf65e9a54acfd618841cfce279f008e18d748a0260bae8f309186fde0f39f
sim/build/arch_test/rv32i_m/I/add-01.elf.bin	生成的仿真/构建/打包产物	15244	23bbd2681e333feb90b19c79d861dce6b272eaa4ea59e4edab4b5c7dd2d5eeb8
sim/build/arch_test/rv32i_m/I/add-01.elf.objdump	生成的仿真/构建/打包产物	214540	be45f1c1436cf0160526b1a042da89d4c8a7303c98732e8b2e9c5fc008f4593e
sim/build/arch_test/rv32i_m/I/add-01.elf.readelf	生成的仿真/构建/打包产物	39268	7c699660141e1450fe93c32f2ec30426c107e000566a5e5a3a816317efa6d2d9
sim/build/arch_test/rv32i_m/I/add-01.fwd.signature.output	生成的仿真/构建/打包产物	5292	f981d4a4ade880d5cfa432d727fc3e67239f26ac9ddfc37589457b11c7a836af
sim/build/arch_test/rv32i_m/I/add-01.nofwd.signature.output	生成的仿真/构建/打包产物	5292	f981d4a4ade880d5cfa432d727fc3e67239f26ac9ddfc37589457b11c7a836af
sim/build/arch_test/rv32i_m/I/addi-01.elf	生成的仿真/构建/打包产物	29908	e48d31b9998f57735847a5c7f55f633d447b6c9e6373f90f17df27dae2436314
sim/build/arch_test/rv32i_m/I/addi-01.elf.bin	生成的仿真/构建/打包产物	10860	022bf2475f1fd0b996b4fa1537f1af3eb3efe24238836ea164b4a11c39431bd6
sim/build/arch_test/rv32i_m/I/addi-01.elf.objdump	生成的仿真/构建/打包产物	155479	b9b0d6933b981e500d900b8c023f2f7deebc3f85484e639edbc1c1ad0bb31091
sim/build/arch_test/rv32i_m/I/addi-01.elf.readelf	生成的仿真/构建/打包产物	37584	2baec12234bafeb22edeaf7f0fa04494b5eec429d6ea8203f3fe1d3e3c1a8cf5
sim/build/arch_test/rv32i_m/I/addi-01.fwd.signature.output	生成的仿真/构建/打包产物	5076	5d0143a44c0911132a694cfc9dc05c8d356abb12e069f23d5fff4e78f4a74af2
sim/build/arch_test/rv32i_m/I/addi-01.nofwd.signature.output	生成的仿真/构建/打包产物	5076	5d0143a44c0911132a694cfc9dc05c8d356abb12e069f23d5fff4e78f4a74af2
sim/build/arch_test/rv32i_m/I/and-01.elf	生成的仿真/构建/打包产物	34736	27b1bb2fc3bd8e4554af6008e4a56913837f572c29150797fe1a7a19e0ff605e
sim/build/arch_test/rv32i_m/I/and-01.elf.bin	生成的仿真/构建/打包产物	15116	29b4d3cfa082f73e7b604609d5b1585b7d281d80d358fd1b5005efce37c461cb
sim/build/arch_test/rv32i_m/I/and-01.elf.objdump	生成的仿真/构建/打包产物	212786	15e15b09a98e8defe4753bfb5d9fdc8bbbaad3af38c99eb78c9cc2f092bfdee1
sim/build/arch_test/rv32i_m/I/and-01.elf.readelf	生成的仿真/构建/打包产物	38962	4ac8060bce55c200f26a27c5562a8c606e0e53381cc3762b7f3fd4d9ab49eb61
sim/build/arch_test/rv32i_m/I/and-01.fwd.signature.output	生成的仿真/构建/打包产物	5256	e6250b4fe6c2573cd273ec96b5586d0aeda57324f7f83b429773b588b5329758
sim/build/arch_test/rv32i_m/I/and-01.nofwd.signature.output	生成的仿真/构建/打包产物	5256	e6250b4fe6c2573cd273ec96b5586d0aeda57324f7f83b429773b588b5329758
sim/build/arch_test/tb_arch_fwd.vvp	生成的仿真/构建/打包产物	110413	2f4ba503c3ba9438cb5c6988bea34529e531460358808f32abb14f8c9bde3ba8
sim/build/arch_test/tb_arch_nofwd.vvp	生成的仿真/构建/打包产物	110413	583ca6db7e00156d832c4c5e0f16f7c6bc1b5dba1a4f60683ff58f37e85fa55a
sim/build/arch_test/tb_arch_test.vvp	生成的仿真/构建/打包产物	113696	b671de25d9c92b1c7282ea5d8da387a6d173f671a3d0c31b93e29e137fdf2a30
sim/build/arm-localize-package-1ulqkv4j/README.md	生成的仿真/构建/打包产物	2635	c32b79f13db44204f2e2cbc4a2d096b1f01497d4ab589247348003a600cd2d29
sim/build/arm-localize-package-1ulqkv4j/arm_localize.py	生成的仿真/构建/打包产物	4692	d31abca31b25bdcaffc51e4ce2efe7e000b6e62a09afc39acd69d5460e340061
sim/build/arm-localize-package-1ulqkv4j/arm_localize_bench.py	生成的仿真/构建/打包产物	4642	4c34139cd7a056a13c39796c21a4b32571be953fcd603b1815d90e5c7c8388ed
sim/build/arm-localize-package-1ulqkv4j/arm_localize_selftest.py	生成的仿真/构建/打包产物	1919	a071d8183c5c4514b67b1002a08639db1f0e82e64a7a6c37622d6f071130d834
sim/build/arm-localize-package-1ulqkv4j/benchmark-test/run-_xiuef2y/tiny/input.json	生成的仿真/构建/打包产物	390	a18213218cbed18c012392eb09679c58ee77f02182c7347a2ac871ff7aa8f6df
sim/build/arm-localize-package-1ulqkv4j/benchmark-test/run-_xiuef2y/tiny/sample-00-crops-1p4ndy_g/target_000.hex	生成的仿真/构建/打包产物	12288	22d37839cb28715731400ea782e57d23e85facfad52553524b32f7c091222b63
sim/build/arm-localize-package-1ulqkv4j/benchmark-test/run-_xiuef2y/tiny/sample-00-crops-1p4ndy_g/target_000.pgm	生成的仿真/构建/打包产物	4109	20338307550c5d824a81161c204d3077a072d8fe29948aaa0e24b92b59416041
sim/build/arm-localize-package-1ulqkv4j/benchmark-test/run-_xiuef2y/tiny/sample-00-crops-1p4ndy_g/target_001.hex	生成的仿真/构建/打包产物	12288	f2b1505a8a564217b39e1ebb6de63fc377243309879135fd69c0eb967448d1aa
sim/build/arm-localize-package-1ulqkv4j/benchmark-test/run-_xiuef2y/tiny/sample-00-crops-1p4ndy_g/target_001.pgm	生成的仿真/构建/打包产物	4109	cd3c18d37e4edabdf84e67fb5a3ac3f679f7c681d82ffbfc486665c965de444e
sim/build/arm-localize-package-1ulqkv4j/benchmark-test/run-_xiuef2y/tiny/sample-00.json	生成的仿真/构建/打包产物	120079	d1be5ae50e0285ac214f3ae9058d98110942bc61d7b1a7e8899bba4e61325808
sim/build/arm-localize-package-1ulqkv4j/benchmark-test/run-_xiuef2y/tiny/sample-01-crops-jw187gxx/target_000.hex	生成的仿真/构建/打包产物	12288	22d37839cb28715731400ea782e57d23e85facfad52553524b32f7c091222b63
sim/build/arm-localize-package-1ulqkv4j/benchmark-test/run-_xiuef2y/tiny/sample-01-crops-jw187gxx/target_000.pgm	生成的仿真/构建/打包产物	4109	20338307550c5d824a81161c204d3077a072d8fe29948aaa0e24b92b59416041
sim/build/arm-localize-package-1ulqkv4j/benchmark-test/run-_xiuef2y/tiny/sample-01-crops-jw187gxx/target_001.hex	生成的仿真/构建/打包产物	12288	f2b1505a8a564217b39e1ebb6de63fc377243309879135fd69c0eb967448d1aa
sim/build/arm-localize-package-1ulqkv4j/benchmark-test/run-_xiuef2y/tiny/sample-01-crops-jw187gxx/target_001.pgm	生成的仿真/构建/打包产物	4109	cd3c18d37e4edabdf84e67fb5a3ac3f679f7c681d82ffbfc486665c965de444e
sim/build/arm-localize-package-1ulqkv4j/benchmark-test/run-_xiuef2y/tiny/sample-01.json	生成的仿真/构建/打包产物	120080	046d42c1be17fe64ea782eb8f7eba9e77fc6b8baa1087b953d3a11d5896fc70f
sim/build/arm-localize-package-1ulqkv4j/benchmark-test/run-_xiuef2y/tiny/warmup-00-crops-e8_bziny/target_000.hex	生成的仿真/构建/打包产物	12288	22d37839cb28715731400ea782e57d23e85facfad52553524b32f7c091222b63
sim/build/arm-localize-package-1ulqkv4j/benchmark-test/run-_xiuef2y/tiny/warmup-00-crops-e8_bziny/target_000.pgm	生成的仿真/构建/打包产物	4109	20338307550c5d824a81161c204d3077a072d8fe29948aaa0e24b92b59416041
sim/build/arm-localize-package-1ulqkv4j/benchmark-test/run-_xiuef2y/tiny/warmup-00-crops-e8_bziny/target_001.hex	生成的仿真/构建/打包产物	12288	f2b1505a8a564217b39e1ebb6de63fc377243309879135fd69c0eb967448d1aa
sim/build/arm-localize-package-1ulqkv4j/benchmark-test/run-_xiuef2y/tiny/warmup-00-crops-e8_bziny/target_001.pgm	生成的仿真/构建/打包产物	4109	cd3c18d37e4edabdf84e67fb5a3ac3f679f7c681d82ffbfc486665c965de444e
sim/build/arm-localize-package-1ulqkv4j/benchmark-test/run-_xiuef2y/tiny/warmup-00.json	生成的仿真/构建/打包产物	120080	d1e3f615819d84e173e7e2cd2279895ab7e86339d07247992df0d071e83397f1
sim/build/arm-localize-package-1ulqkv4j/benchmark-test/summary.json	生成的仿真/构建/打包产物	1363	85b3ca39383e88a460274585bb88b015d49b2d8edae850529127b672f8c1d847
sim/build/arm-localize-package-1ulqkv4j/cli-crops-89moeteu/target_000.hex	生成的仿真/构建/打包产物	12288	22d37839cb28715731400ea782e57d23e85facfad52553524b32f7c091222b63
sim/build/arm-localize-package-1ulqkv4j/cli-crops-89moeteu/target_000.pgm	生成的仿真/构建/打包产物	4109	20338307550c5d824a81161c204d3077a072d8fe29948aaa0e24b92b59416041
sim/build/arm-localize-package-1ulqkv4j/cli-crops-89moeteu/target_001.hex	生成的仿真/构建/打包产物	12288	f2b1505a8a564217b39e1ebb6de63fc377243309879135fd69c0eb967448d1aa
sim/build/arm-localize-package-1ulqkv4j/cli-crops-89moeteu/target_001.pgm	生成的仿真/构建/打包产物	4109	cd3c18d37e4edabdf84e67fb5a3ac3f679f7c681d82ffbfc486665c965de444e
sim/build/arm-localize-package-1ulqkv4j/cli.json	生成的仿真/构建/打包产物	120048	14f9b8a7d24066c8eff789c5e75576b5560099e9dd7b16635459de227f3a279e
sim/build/arm-localize-package-1ulqkv4j/manifest.json	生成的仿真/构建/打包产物	657	e1740de2e7af0ae43814c529462aaa2c7650ffdeee454ea6c918481dc958ef91
sim/build/arm-localize-package-1ulqkv4j/reference.py	生成的仿真/构建/打包产物	3600	2b9c2b2af41b3d560359aafa1d06ec708a492c36328f3173b5e606f00fd6a073
sim/build/arm-localize-package-1ulqkv4j/selftest-evidence/result-crops-srjj416w/target_000.hex	生成的仿真/构建/打包产物	36	49177673c0579eadc9408c5a54a7d893694f1a66d3899be9f912eeff16fab50c
sim/build/arm-localize-package-1ulqkv4j/selftest-evidence/result-crops-srjj416w/target_000.pgm	生成的仿真/构建/打包产物	23	54c75411bd7638b2c5d4f2a329e5bf2ae1c5191b3c799c205fe0aad52f12a348
sim/build/arm-localize-package-1ulqkv4j/selftest-evidence/result-crops-srjj416w/target_001.hex	生成的仿真/构建/打包产物	36	d9958ae5248655fd5774b377577f82db068c27322ca3a51c5577effb50ccc1b8
sim/build/arm-localize-package-1ulqkv4j/selftest-evidence/result-crops-srjj416w/target_001.pgm	生成的仿真/构建/打包产物	23	54e6a25edd3b88909b1ad86cf168d6b00ee012cf5e724e0f9e6992d6d04adc10
sim/build/arm-localize-package-1ulqkv4j/selftest-evidence/result.json	生成的仿真/构建/打包产物	3258	84ea9acae6408865e84a723135ad6a47438ad725b5c3468eebc9610339d3051d
sim/build/arm-localize-package-1ulqkv4j/two_targets.json	生成的仿真/构建/打包产物	439	6a28cfa975586bf71a2b8e979896cccbc2d108801d46063d860421f874be96cd
sim/build/arm-localize-package-2_jwyaw7/README.md	生成的仿真/构建/打包产物	2635	c32b79f13db44204f2e2cbc4a2d096b1f01497d4ab589247348003a600cd2d29
sim/build/arm-localize-package-2_jwyaw7/arm_localize.py	生成的仿真/构建/打包产物	4692	d31abca31b25bdcaffc51e4ce2efe7e000b6e62a09afc39acd69d5460e340061
sim/build/arm-localize-package-2_jwyaw7/arm_localize_bench.py	生成的仿真/构建/打包产物	4642	4c34139cd7a056a13c39796c21a4b32571be953fcd603b1815d90e5c7c8388ed
sim/build/arm-localize-package-2_jwyaw7/arm_localize_selftest.py	生成的仿真/构建/打包产物	1919	a071d8183c5c4514b67b1002a08639db1f0e82e64a7a6c37622d6f071130d834
sim/build/arm-localize-package-2_jwyaw7/benchmark-test/run-rzfxp6nz/tiny/input.json	生成的仿真/构建/打包产物	390	a18213218cbed18c012392eb09679c58ee77f02182c7347a2ac871ff7aa8f6df
sim/build/arm-localize-package-2_jwyaw7/benchmark-test/run-rzfxp6nz/tiny/sample-00-crops-l8t0foos/target_000.hex	生成的仿真/构建/打包产物	12288	22d37839cb28715731400ea782e57d23e85facfad52553524b32f7c091222b63
sim/build/arm-localize-package-2_jwyaw7/benchmark-test/run-rzfxp6nz/tiny/sample-00-crops-l8t0foos/target_000.pgm	生成的仿真/构建/打包产物	4109	20338307550c5d824a81161c204d3077a072d8fe29948aaa0e24b92b59416041
sim/build/arm-localize-package-2_jwyaw7/benchmark-test/run-rzfxp6nz/tiny/sample-00-crops-l8t0foos/target_001.hex	生成的仿真/构建/打包产物	12288	f2b1505a8a564217b39e1ebb6de63fc377243309879135fd69c0eb967448d1aa
sim/build/arm-localize-package-2_jwyaw7/benchmark-test/run-rzfxp6nz/tiny/sample-00-crops-l8t0foos/target_001.pgm	生成的仿真/构建/打包产物	4109	cd3c18d37e4edabdf84e67fb5a3ac3f679f7c681d82ffbfc486665c965de444e
sim/build/arm-localize-package-2_jwyaw7/benchmark-test/run-rzfxp6nz/tiny/sample-00.json	生成的仿真/构建/打包产物	120078	161da5d835f0a31da466b0e34a0cf18898dbe307253a55eeb7bf9156a4f56e54
sim/build/arm-localize-package-2_jwyaw7/benchmark-test/run-rzfxp6nz/tiny/sample-01-crops-46weopu8/target_000.hex	生成的仿真/构建/打包产物	12288	22d37839cb28715731400ea782e57d23e85facfad52553524b32f7c091222b63
sim/build/arm-localize-package-2_jwyaw7/benchmark-test/run-rzfxp6nz/tiny/sample-01-crops-46weopu8/target_000.pgm	生成的仿真/构建/打包产物	4109	20338307550c5d824a81161c204d3077a072d8fe29948aaa0e24b92b59416041
sim/build/arm-localize-package-2_jwyaw7/benchmark-test/run-rzfxp6nz/tiny/sample-01-crops-46weopu8/target_001.hex	生成的仿真/构建/打包产物	12288	f2b1505a8a564217b39e1ebb6de63fc377243309879135fd69c0eb967448d1aa
sim/build/arm-localize-package-2_jwyaw7/benchmark-test/run-rzfxp6nz/tiny/sample-01-crops-46weopu8/target_001.pgm	生成的仿真/构建/打包产物	4109	cd3c18d37e4edabdf84e67fb5a3ac3f679f7c681d82ffbfc486665c965de444e
sim/build/arm-localize-package-2_jwyaw7/benchmark-test/run-rzfxp6nz/tiny/sample-01.json	生成的仿真/构建/打包产物	120080	a60b200fb92bc67337359d93414644d15b08f8179df71075f440d30f6bec0b3f
sim/build/arm-localize-package-2_jwyaw7/benchmark-test/run-rzfxp6nz/tiny/warmup-00-crops-z5w2if9n/target_000.hex	生成的仿真/构建/打包产物	12288	22d37839cb28715731400ea782e57d23e85facfad52553524b32f7c091222b63
sim/build/arm-localize-package-2_jwyaw7/benchmark-test/run-rzfxp6nz/tiny/warmup-00-crops-z5w2if9n/target_000.pgm	生成的仿真/构建/打包产物	4109	20338307550c5d824a81161c204d3077a072d8fe29948aaa0e24b92b59416041
sim/build/arm-localize-package-2_jwyaw7/benchmark-test/run-rzfxp6nz/tiny/warmup-00-crops-z5w2if9n/target_001.hex	生成的仿真/构建/打包产物	12288	f2b1505a8a564217b39e1ebb6de63fc377243309879135fd69c0eb967448d1aa
sim/build/arm-localize-package-2_jwyaw7/benchmark-test/run-rzfxp6nz/tiny/warmup-00-crops-z5w2if9n/target_001.pgm	生成的仿真/构建/打包产物	4109	cd3c18d37e4edabdf84e67fb5a3ac3f679f7c681d82ffbfc486665c965de444e
sim/build/arm-localize-package-2_jwyaw7/benchmark-test/run-rzfxp6nz/tiny/warmup-00.json	生成的仿真/构建/打包产物	120080	d86a627c787c0a2fb0a691407312a5432b726320226ae81bb937a68398e0c309
sim/build/arm-localize-package-2_jwyaw7/benchmark-test/summary.json	生成的仿真/构建/打包产物	1350	d4cd48914d4d88032df8ae54ed273a18e34780a560dc0548b17f6ef65e23b4b2
sim/build/arm-localize-package-2_jwyaw7/cli-crops-qztezzge/target_000.hex	生成的仿真/构建/打包产物	12288	22d37839cb28715731400ea782e57d23e85facfad52553524b32f7c091222b63
sim/build/arm-localize-package-2_jwyaw7/cli-crops-qztezzge/target_000.pgm	生成的仿真/构建/打包产物	4109	20338307550c5d824a81161c204d3077a072d8fe29948aaa0e24b92b59416041
sim/build/arm-localize-package-2_jwyaw7/cli-crops-qztezzge/target_001.hex	生成的仿真/构建/打包产物	12288	f2b1505a8a564217b39e1ebb6de63fc377243309879135fd69c0eb967448d1aa
sim/build/arm-localize-package-2_jwyaw7/cli-crops-qztezzge/target_001.pgm	生成的仿真/构建/打包产物	4109	cd3c18d37e4edabdf84e67fb5a3ac3f679f7c681d82ffbfc486665c965de444e
sim/build/arm-localize-package-2_jwyaw7/cli.json	生成的仿真/构建/打包产物	120047	3f2dd95f85fcae4f9f35770605c8f3983c90c19de8ec73a8e9afce883d299bb3
sim/build/arm-localize-package-2_jwyaw7/manifest.json	生成的仿真/构建/打包产物	657	1efa574c79ae5dab5a9cc5b9bcc4cd7c0b8715b7bb8053a93145878cadde53fe
sim/build/arm-localize-package-2_jwyaw7/reference.py	生成的仿真/构建/打包产物	3600	2b9c2b2af41b3d560359aafa1d06ec708a492c36328f3173b5e606f00fd6a073
sim/build/arm-localize-package-2_jwyaw7/selftest-evidence/result-crops-hg5zodzz/target_000.hex	生成的仿真/构建/打包产物	36	49177673c0579eadc9408c5a54a7d893694f1a66d3899be9f912eeff16fab50c
sim/build/arm-localize-package-2_jwyaw7/selftest-evidence/result-crops-hg5zodzz/target_000.pgm	生成的仿真/构建/打包产物	23	54c75411bd7638b2c5d4f2a329e5bf2ae1c5191b3c799c205fe0aad52f12a348
sim/build/arm-localize-package-2_jwyaw7/selftest-evidence/result-crops-hg5zodzz/target_001.hex	生成的仿真/构建/打包产物	36	d9958ae5248655fd5774b377577f82db068c27322ca3a51c5577effb50ccc1b8
sim/build/arm-localize-package-2_jwyaw7/selftest-evidence/result-crops-hg5zodzz/target_001.pgm	生成的仿真/构建/打包产物	23	54e6a25edd3b88909b1ad86cf168d6b00ee012cf5e724e0f9e6992d6d04adc10
sim/build/arm-localize-package-2_jwyaw7/selftest-evidence/result.json	生成的仿真/构建/打包产物	3257	07e070b05587f7e47c96d5f04159171f1fbed935c36173c1cc563741eabb7499
sim/build/arm-localize-package-2_jwyaw7/two_targets.json	生成的仿真/构建/打包产物	439	6a28cfa975586bf71a2b8e979896cccbc2d108801d46063d860421f874be96cd
sim/build/arm-localize-package-2swu3bae/README.md	生成的仿真/构建/打包产物	2635	c32b79f13db44204f2e2cbc4a2d096b1f01497d4ab589247348003a600cd2d29
sim/build/arm-localize-package-2swu3bae/arm_localize.py	生成的仿真/构建/打包产物	4692	d31abca31b25bdcaffc51e4ce2efe7e000b6e62a09afc39acd69d5460e340061
sim/build/arm-localize-package-2swu3bae/arm_localize_bench.py	生成的仿真/构建/打包产物	4642	4c34139cd7a056a13c39796c21a4b32571be953fcd603b1815d90e5c7c8388ed
sim/build/arm-localize-package-2swu3bae/arm_localize_selftest.py	生成的仿真/构建/打包产物	1919	a071d8183c5c4514b67b1002a08639db1f0e82e64a7a6c37622d6f071130d834
sim/build/arm-localize-package-2swu3bae/benchmark-test/run-ix00sj51/tiny/input.json	生成的仿真/构建/打包产物	390	a18213218cbed18c012392eb09679c58ee77f02182c7347a2ac871ff7aa8f6df
sim/build/arm-localize-package-2swu3bae/benchmark-test/run-ix00sj51/tiny/sample-00-crops-j53l5afh/target_000.hex	生成的仿真/构建/打包产物	12288	22d37839cb28715731400ea782e57d23e85facfad52553524b32f7c091222b63
sim/build/arm-localize-package-2swu3bae/benchmark-test/run-ix00sj51/tiny/sample-00-crops-j53l5afh/target_000.pgm	生成的仿真/构建/打包产物	4109	20338307550c5d824a81161c204d3077a072d8fe29948aaa0e24b92b59416041
sim/build/arm-localize-package-2swu3bae/benchmark-test/run-ix00sj51/tiny/sample-00-crops-j53l5afh/target_001.hex	生成的仿真/构建/打包产物	12288	f2b1505a8a564217b39e1ebb6de63fc377243309879135fd69c0eb967448d1aa
sim/build/arm-localize-package-2swu3bae/benchmark-test/run-ix00sj51/tiny/sample-00-crops-j53l5afh/target_001.pgm	生成的仿真/构建/打包产物	4109	cd3c18d37e4edabdf84e67fb5a3ac3f679f7c681d82ffbfc486665c965de444e
sim/build/arm-localize-package-2swu3bae/benchmark-test/run-ix00sj51/tiny/sample-00.json	生成的仿真/构建/打包产物	120080	6ca18868a730c72efb5c19b665970cd6a29af9d39a3fe81218219b966b3a23a0
sim/build/arm-localize-package-2swu3bae/benchmark-test/run-ix00sj51/tiny/sample-01-crops-qq_f0u6e/target_000.hex	生成的仿真/构建/打包产物	12288	22d37839cb28715731400ea782e57d23e85facfad52553524b32f7c091222b63
sim/build/arm-localize-package-2swu3bae/benchmark-test/run-ix00sj51/tiny/sample-01-crops-qq_f0u6e/target_000.pgm	生成的仿真/构建/打包产物	4109	20338307550c5d824a81161c204d3077a072d8fe29948aaa0e24b92b59416041
sim/build/arm-localize-package-2swu3bae/benchmark-test/run-ix00sj51/tiny/sample-01-crops-qq_f0u6e/target_001.hex	生成的仿真/构建/打包产物	12288	f2b1505a8a564217b39e1ebb6de63fc377243309879135fd69c0eb967448d1aa
sim/build/arm-localize-package-2swu3bae/benchmark-test/run-ix00sj51/tiny/sample-01-crops-qq_f0u6e/target_001.pgm	生成的仿真/构建/打包产物	4109	cd3c18d37e4edabdf84e67fb5a3ac3f679f7c681d82ffbfc486665c965de444e
sim/build/arm-localize-package-2swu3bae/benchmark-test/run-ix00sj51/tiny/sample-01.json	生成的仿真/构建/打包产物	120079	982f4175ffd8d3cda041093b3274ee2869abf28c3d9fe97313857efd58680ffd
sim/build/arm-localize-package-2swu3bae/benchmark-test/run-ix00sj51/tiny/warmup-00-crops-z2dbefqc/target_000.hex	生成的仿真/构建/打包产物	12288	22d37839cb28715731400ea782e57d23e85facfad52553524b32f7c091222b63
sim/build/arm-localize-package-2swu3bae/benchmark-test/run-ix00sj51/tiny/warmup-00-crops-z2dbefqc/target_000.pgm	生成的仿真/构建/打包产物	4109	20338307550c5d824a81161c204d3077a072d8fe29948aaa0e24b92b59416041
sim/build/arm-localize-package-2swu3bae/benchmark-test/run-ix00sj51/tiny/warmup-00-crops-z2dbefqc/target_001.hex	生成的仿真/构建/打包产物	12288	f2b1505a8a564217b39e1ebb6de63fc377243309879135fd69c0eb967448d1aa
sim/build/arm-localize-package-2swu3bae/benchmark-test/run-ix00sj51/tiny/warmup-00-crops-z2dbefqc/target_001.pgm	生成的仿真/构建/打包产物	4109	cd3c18d37e4edabdf84e67fb5a3ac3f679f7c681d82ffbfc486665c965de444e
sim/build/arm-localize-package-2swu3bae/benchmark-test/run-ix00sj51/tiny/warmup-00.json	生成的仿真/构建/打包产物	120080	80b44350dac8ff9643d6c1d58588ac4c87a64077a2b30262cc13c9a3755ce29c
sim/build/arm-localize-package-2swu3bae/benchmark-test/summary.json	生成的仿真/构建/打包产物	1355	45edf23cf33780f4e8c9051a5bbf887566a8c4f84420be6168e48f6b269e9634
sim/build/arm-localize-package-2swu3bae/cli-crops-0dyymf23/target_000.hex	生成的仿真/构建/打包产物	12288	22d37839cb28715731400ea782e57d23e85facfad52553524b32f7c091222b63
sim/build/arm-localize-package-2swu3bae/cli-crops-0dyymf23/target_000.pgm	生成的仿真/构建/打包产物	4109	20338307550c5d824a81161c204d3077a072d8fe29948aaa0e24b92b59416041
sim/build/arm-localize-package-2swu3bae/cli-crops-0dyymf23/target_001.hex	生成的仿真/构建/打包产物	12288	f2b1505a8a564217b39e1ebb6de63fc377243309879135fd69c0eb967448d1aa
sim/build/arm-localize-package-2swu3bae/cli-crops-0dyymf23/target_001.pgm	生成的仿真/构建/打包产物	4109	cd3c18d37e4edabdf84e67fb5a3ac3f679f7c681d82ffbfc486665c965de444e
sim/build/arm-localize-package-2swu3bae/cli.json	生成的仿真/构建/打包产物	120048	f85b5dad685aceb061b4bdca53700b3f8eb9782f920280020ecd20be467d6547
sim/build/arm-localize-package-2swu3bae/manifest.json	生成的仿真/构建/打包产物	657	9c372da861b876a5eaf16924ee1a1c1bfb92badda01caa8f3fa78cfc5c7f19c3
sim/build/arm-localize-package-2swu3bae/reference.py	生成的仿真/构建/打包产物	3600	2b9c2b2af41b3d560359aafa1d06ec708a492c36328f3173b5e606f00fd6a073
sim/build/arm-localize-package-2swu3bae/selftest-evidence/result-crops-64p252x7/target_000.hex	生成的仿真/构建/打包产物	36	49177673c0579eadc9408c5a54a7d893694f1a66d3899be9f912eeff16fab50c
sim/build/arm-localize-package-2swu3bae/selftest-evidence/result-crops-64p252x7/target_000.pgm	生成的仿真/构建/打包产物	23	54c75411bd7638b2c5d4f2a329e5bf2ae1c5191b3c799c205fe0aad52f12a348
sim/build/arm-localize-package-2swu3bae/selftest-evidence/result-crops-64p252x7/target_001.hex	生成的仿真/构建/打包产物	36	d9958ae5248655fd5774b377577f82db068c27322ca3a51c5577effb50ccc1b8
sim/build/arm-localize-package-2swu3bae/selftest-evidence/result-crops-64p252x7/target_001.pgm	生成的仿真/构建/打包产物	23	54e6a25edd3b88909b1ad86cf168d6b00ee012cf5e724e0f9e6992d6d04adc10
sim/build/arm-localize-package-2swu3bae/selftest-evidence/result.json	生成的仿真/构建/打包产物	3256	101981360e76d88b781d94b4a782c8e6da2f6327493ca0876c5fca48ce3ee1e2
sim/build/arm-localize-package-2swu3bae/two_targets.json	生成的仿真/构建/打包产物	439	6a28cfa975586bf71a2b8e979896cccbc2d108801d46063d860421f874be96cd
sim/build/arm-localize-package-38ha_xup/README.md	生成的仿真/构建/打包产物	2635	c32b79f13db44204f2e2cbc4a2d096b1f01497d4ab589247348003a600cd2d29
sim/build/arm-localize-package-38ha_xup/arm_localize.py	生成的仿真/构建/打包产物	4692	d31abca31b25bdcaffc51e4ce2efe7e000b6e62a09afc39acd69d5460e340061
sim/build/arm-localize-package-38ha_xup/arm_localize_bench.py	生成的仿真/构建/打包产物	4642	4c34139cd7a056a13c39796c21a4b32571be953fcd603b1815d90e5c7c8388ed
sim/build/arm-localize-package-38ha_xup/arm_localize_selftest.py	生成的仿真/构建/打包产物	1919	a071d8183c5c4514b67b1002a08639db1f0e82e64a7a6c37622d6f071130d834
sim/build/arm-localize-package-38ha_xup/benchmark-test/run-amret3db/tiny/input.json	生成的仿真/构建/打包产物	390	a18213218cbed18c012392eb09679c58ee77f02182c7347a2ac871ff7aa8f6df
sim/build/arm-localize-package-38ha_xup/benchmark-test/run-amret3db/tiny/sample-00-crops-qxb1oyld/target_000.hex	生成的仿真/构建/打包产物	12288	22d37839cb28715731400ea782e57d23e85facfad52553524b32f7c091222b63
sim/build/arm-localize-package-38ha_xup/benchmark-test/run-amret3db/tiny/sample-00-crops-qxb1oyld/target_000.pgm	生成的仿真/构建/打包产物	4109	20338307550c5d824a81161c204d3077a072d8fe29948aaa0e24b92b59416041
sim/build/arm-localize-package-38ha_xup/benchmark-test/run-amret3db/tiny/sample-00-crops-qxb1oyld/target_001.hex	生成的仿真/构建/打包产物	12288	f2b1505a8a564217b39e1ebb6de63fc377243309879135fd69c0eb967448d1aa
sim/build/arm-localize-package-38ha_xup/benchmark-test/run-amret3db/tiny/sample-00-crops-qxb1oyld/target_001.pgm	生成的仿真/构建/打包产物	4109	cd3c18d37e4edabdf84e67fb5a3ac3f679f7c681d82ffbfc486665c965de444e
sim/build/arm-localize-package-38ha_xup/benchmark-test/run-amret3db/tiny/sample-00.json	生成的仿真/构建/打包产物	120080	11903916077569e3830719d5d7b89e98067b89c6999ec928bbe48276b37bc9d9
sim/build/arm-localize-package-38ha_xup/benchmark-test/run-amret3db/tiny/sample-01-crops-fvfr2w2j/target_000.hex	生成的仿真/构建/打包产物	12288	22d37839cb28715731400ea782e57d23e85facfad52553524b32f7c091222b63
sim/build/arm-localize-package-38ha_xup/benchmark-test/run-amret3db/tiny/sample-01-crops-fvfr2w2j/target_000.pgm	生成的仿真/构建/打包产物	4109	20338307550c5d824a81161c204d3077a072d8fe29948aaa0e24b92b59416041
sim/build/arm-localize-package-38ha_xup/benchmark-test/run-amret3db/tiny/sample-01-crops-fvfr2w2j/target_001.hex	生成的仿真/构建/打包产物	12288	f2b1505a8a564217b39e1ebb6de63fc377243309879135fd69c0eb967448d1aa
sim/build/arm-localize-package-38ha_xup/benchmark-test/run-amret3db/tiny/sample-01-crops-fvfr2w2j/target_001.pgm	生成的仿真/构建/打包产物	4109	cd3c18d37e4edabdf84e67fb5a3ac3f679f7c681d82ffbfc486665c965de444e
sim/build/arm-localize-package-38ha_xup/benchmark-test/run-amret3db/tiny/sample-01.json	生成的仿真/构建/打包产物	120080	344c18e2bbd1374228b3ac7a8acf19fa5c8f4d61964a585308ef0f367e520e3d
sim/build/arm-localize-package-38ha_xup/benchmark-test/run-amret3db/tiny/warmup-00-crops-ctbxqosa/target_000.hex	生成的仿真/构建/打包产物	12288	22d37839cb28715731400ea782e57d23e85facfad52553524b32f7c091222b63
sim/build/arm-localize-package-38ha_xup/benchmark-test/run-amret3db/tiny/warmup-00-crops-ctbxqosa/target_000.pgm	生成的仿真/构建/打包产物	4109	20338307550c5d824a81161c204d3077a072d8fe29948aaa0e24b92b59416041
sim/build/arm-localize-package-38ha_xup/benchmark-test/run-amret3db/tiny/warmup-00-crops-ctbxqosa/target_001.hex	生成的仿真/构建/打包产物	12288	f2b1505a8a564217b39e1ebb6de63fc377243309879135fd69c0eb967448d1aa
sim/build/arm-localize-package-38ha_xup/benchmark-test/run-amret3db/tiny/warmup-00-crops-ctbxqosa/target_001.pgm	生成的仿真/构建/打包产物	4109	cd3c18d37e4edabdf84e67fb5a3ac3f679f7c681d82ffbfc486665c965de444e
sim/build/arm-localize-package-38ha_xup/benchmark-test/run-amret3db/tiny/warmup-00.json	生成的仿真/构建/打包产物	120080	f7dc6a12be92a837d39dad193cc83fc7f8ff36fae26daa3058f3088f15f12540
sim/build/arm-localize-package-38ha_xup/benchmark-test/summary.json	生成的仿真/构建/打包产物	1350	f88b379ee5495a05cdc4660fa12f8aeca4bd33e446e2d16b600e0376c591743e
sim/build/arm-localize-package-38ha_xup/cli-crops-eg7r10qz/target_000.hex	生成的仿真/构建/打包产物	12288	22d37839cb28715731400ea782e57d23e85facfad52553524b32f7c091222b63
sim/build/arm-localize-package-38ha_xup/cli-crops-eg7r10qz/target_000.pgm	生成的仿真/构建/打包产物	4109	20338307550c5d824a81161c204d3077a072d8fe29948aaa0e24b92b59416041
sim/build/arm-localize-package-38ha_xup/cli-crops-eg7r10qz/target_001.hex	生成的仿真/构建/打包产物	12288	f2b1505a8a564217b39e1ebb6de63fc377243309879135fd69c0eb967448d1aa
sim/build/arm-localize-package-38ha_xup/cli-crops-eg7r10qz/target_001.pgm	生成的仿真/构建/打包产物	4109	cd3c18d37e4edabdf84e67fb5a3ac3f679f7c681d82ffbfc486665c965de444e
sim/build/arm-localize-package-38ha_xup/cli.json	生成的仿真/构建/打包产物	120046	95e4c86d7e34d2c8ccbd01e208400afd830645db3d4253a3272c97034d72df35
sim/build/arm-localize-package-38ha_xup/manifest.json	生成的仿真/构建/打包产物	657	9c372da861b876a5eaf16924ee1a1c1bfb92badda01caa8f3fa78cfc5c7f19c3
sim/build/arm-localize-package-38ha_xup/reference.py	生成的仿真/构建/打包产物	3600	2b9c2b2af41b3d560359aafa1d06ec708a492c36328f3173b5e606f00fd6a073
sim/build/arm-localize-package-38ha_xup/selftest-evidence/result-crops-s3d9plx_/target_000.hex	生成的仿真/构建/打包产物	36	49177673c0579eadc9408c5a54a7d893694f1a66d3899be9f912eeff16fab50c
sim/build/arm-localize-package-38ha_xup/selftest-evidence/result-crops-s3d9plx_/target_000.pgm	生成的仿真/构建/打包产物	23	54c75411bd7638b2c5d4f2a329e5bf2ae1c5191b3c799c205fe0aad52f12a348
sim/build/arm-localize-package-38ha_xup/selftest-evidence/result-crops-s3d9plx_/target_001.hex	生成的仿真/构建/打包产物	36	d9958ae5248655fd5774b377577f82db068c27322ca3a51c5577effb50ccc1b8
sim/build/arm-localize-package-38ha_xup/selftest-evidence/result-crops-s3d9plx_/target_001.pgm	生成的仿真/构建/打包产物	23	54e6a25edd3b88909b1ad86cf168d6b00ee012cf5e724e0f9e6992d6d04adc10
sim/build/arm-localize-package-38ha_xup/selftest-evidence/result.json	生成的仿真/构建/打包产物	3258	655e9370e10f8ebf9c2a0006c63d9506b2917992f28f0c55a77d091edc823460
sim/build/arm-localize-package-38ha_xup/two_targets.json	生成的仿真/构建/打包产物	439	6a28cfa975586bf71a2b8e979896cccbc2d108801d46063d860421f874be96cd
sim/build/arm-localize-package-4g5ugaxh/README.md	生成的仿真/构建/打包产物	2635	c32b79f13db44204f2e2cbc4a2d096b1f01497d4ab589247348003a600cd2d29
sim/build/arm-localize-package-4g5ugaxh/arm_localize.py	生成的仿真/构建/打包产物	4692	d31abca31b25bdcaffc51e4ce2efe7e000b6e62a09afc39acd69d5460e340061
sim/build/arm-localize-package-4g5ugaxh/arm_localize_bench.py	生成的仿真/构建/打包产物	4642	4c34139cd7a056a13c39796c21a4b32571be953fcd603b1815d90e5c7c8388ed
sim/build/arm-localize-package-4g5ugaxh/arm_localize_selftest.py	生成的仿真/构建/打包产物	1919	a071d8183c5c4514b67b1002a08639db1f0e82e64a7a6c37622d6f071130d834
sim/build/arm-localize-package-4g5ugaxh/benchmark-test/run-h8wd5m7n/tiny/input.json	生成的仿真/构建/打包产物	390	a18213218cbed18c012392eb09679c58ee77f02182c7347a2ac871ff7aa8f6df
sim/build/arm-localize-package-4g5ugaxh/benchmark-test/run-h8wd5m7n/tiny/sample-00-crops-vocsorem/target_000.hex	生成的仿真/构建/打包产物	12288	22d37839cb28715731400ea782e57d23e85facfad52553524b32f7c091222b63
sim/build/arm-localize-package-4g5ugaxh/benchmark-test/run-h8wd5m7n/tiny/sample-00-crops-vocsorem/target_000.pgm	生成的仿真/构建/打包产物	4109	20338307550c5d824a81161c204d3077a072d8fe29948aaa0e24b92b59416041
sim/build/arm-localize-package-4g5ugaxh/benchmark-test/run-h8wd5m7n/tiny/sample-00-crops-vocsorem/target_001.hex	生成的仿真/构建/打包产物	12288	f2b1505a8a564217b39e1ebb6de63fc377243309879135fd69c0eb967448d1aa
sim/build/arm-localize-package-4g5ugaxh/benchmark-test/run-h8wd5m7n/tiny/sample-00-crops-vocsorem/target_001.pgm	生成的仿真/构建/打包产物	4109	cd3c18d37e4edabdf84e67fb5a3ac3f679f7c681d82ffbfc486665c965de444e
sim/build/arm-localize-package-4g5ugaxh/benchmark-test/run-h8wd5m7n/tiny/sample-00.json	生成的仿真/构建/打包产物	120080	3dc1ca781f3aad4de099a22327d2bb75a069cec73c0108f98e6d9d4fcf813fee
sim/build/arm-localize-package-4g5ugaxh/benchmark-test/run-h8wd5m7n/tiny/sample-01-crops-9_zxz6da/target_000.hex	生成的仿真/构建/打包产物	12288	22d37839cb28715731400ea782e57d23e85facfad52553524b32f7c091222b63
sim/build/arm-localize-package-4g5ugaxh/benchmark-test/run-h8wd5m7n/tiny/sample-01-crops-9_zxz6da/target_000.pgm	生成的仿真/构建/打包产物	4109	20338307550c5d824a81161c204d3077a072d8fe29948aaa0e24b92b59416041
sim/build/arm-localize-package-4g5ugaxh/benchmark-test/run-h8wd5m7n/tiny/sample-01-crops-9_zxz6da/target_001.hex	生成的仿真/构建/打包产物	12288	f2b1505a8a564217b39e1ebb6de63fc377243309879135fd69c0eb967448d1aa
sim/build/arm-localize-package-4g5ugaxh/benchmark-test/run-h8wd5m7n/tiny/sample-01-crops-9_zxz6da/target_001.pgm	生成的仿真/构建/打包产物	4109	cd3c18d37e4edabdf84e67fb5a3ac3f679f7c681d82ffbfc486665c965de444e
sim/build/arm-localize-package-4g5ugaxh/benchmark-test/run-h8wd5m7n/tiny/sample-01.json	生成的仿真/构建/打包产物	120079	eb1824fb60f379dbb88c71f3d9ffb212d985e1b9b059d78f8c17e6941268b94a
sim/build/arm-localize-package-4g5ugaxh/benchmark-test/run-h8wd5m7n/tiny/warmup-00-crops-qma3bf_i/target_000.hex	生成的仿真/构建/打包产物	12288	22d37839cb28715731400ea782e57d23e85facfad52553524b32f7c091222b63
sim/build/arm-localize-package-4g5ugaxh/benchmark-test/run-h8wd5m7n/tiny/warmup-00-crops-qma3bf_i/target_000.pgm	生成的仿真/构建/打包产物	4109	20338307550c5d824a81161c204d3077a072d8fe29948aaa0e24b92b59416041
sim/build/arm-localize-package-4g5ugaxh/benchmark-test/run-h8wd5m7n/tiny/warmup-00-crops-qma3bf_i/target_001.hex	生成的仿真/构建/打包产物	12288	f2b1505a8a564217b39e1ebb6de63fc377243309879135fd69c0eb967448d1aa
sim/build/arm-localize-package-4g5ugaxh/benchmark-test/run-h8wd5m7n/tiny/warmup-00-crops-qma3bf_i/target_001.pgm	生成的仿真/构建/打包产物	4109	cd3c18d37e4edabdf84e67fb5a3ac3f679f7c681d82ffbfc486665c965de444e
sim/build/arm-localize-package-4g5ugaxh/benchmark-test/run-h8wd5m7n/tiny/warmup-00.json	生成的仿真/构建/打包产物	120080	94372ce7feca3ff4b6b8fad4d62656f0536f816ad054b0517037275f8011cfef
sim/build/arm-localize-package-4g5ugaxh/benchmark-test/summary.json	生成的仿真/构建/打包产物	1344	747667212181efc16e3d489645433c739d72987750f1f27e74183b821810ba0b
sim/build/arm-localize-package-4g5ugaxh/cli-crops-trnlhi5c/target_000.hex	生成的仿真/构建/打包产物	12288	22d37839cb28715731400ea782e57d23e85facfad52553524b32f7c091222b63
sim/build/arm-localize-package-4g5ugaxh/cli-crops-trnlhi5c/target_000.pgm	生成的仿真/构建/打包产物	4109	20338307550c5d824a81161c204d3077a072d8fe29948aaa0e24b92b59416041
sim/build/arm-localize-package-4g5ugaxh/cli-crops-trnlhi5c/target_001.hex	生成的仿真/构建/打包产物	12288	f2b1505a8a564217b39e1ebb6de63fc377243309879135fd69c0eb967448d1aa
sim/build/arm-localize-package-4g5ugaxh/cli-crops-trnlhi5c/target_001.pgm	生成的仿真/构建/打包产物	4109	cd3c18d37e4edabdf84e67fb5a3ac3f679f7c681d82ffbfc486665c965de444e
sim/build/arm-localize-package-4g5ugaxh/cli.json	生成的仿真/构建/打包产物	120048	0a7d22bbd7b76ccdcdc43a6f2623f463832d015bee9ec22ac1ae3f1151ba9efe
sim/build/arm-localize-package-4g5ugaxh/manifest.json	生成的仿真/构建/打包产物	657	e1740de2e7af0ae43814c529462aaa2c7650ffdeee454ea6c918481dc958ef91
sim/build/arm-localize-package-4g5ugaxh/reference.py	生成的仿真/构建/打包产物	3600	2b9c2b2af41b3d560359aafa1d06ec708a492c36328f3173b5e606f00fd6a073
sim/build/arm-localize-package-4g5ugaxh/selftest-evidence/result-crops-q5fx176j/target_000.hex	生成的仿真/构建/打包产物	36	49177673c0579eadc9408c5a54a7d893694f1a66d3899be9f912eeff16fab50c
sim/build/arm-localize-package-4g5ugaxh/selftest-evidence/result-crops-q5fx176j/target_000.pgm	生成的仿真/构建/打包产物	23	54c75411bd7638b2c5d4f2a329e5bf2ae1c5191b3c799c205fe0aad52f12a348
sim/build/arm-localize-package-4g5ugaxh/selftest-evidence/result-crops-q5fx176j/target_001.hex	生成的仿真/构建/打包产物	36	d9958ae5248655fd5774b377577f82db068c27322ca3a51c5577effb50ccc1b8
sim/build/arm-localize-package-4g5ugaxh/selftest-evidence/result-crops-q5fx176j/target_001.pgm	生成的仿真/构建/打包产物	23	54e6a25edd3b88909b1ad86cf168d6b00ee012cf5e724e0f9e6992d6d04adc10
sim/build/arm-localize-package-4g5ugaxh/selftest-evidence/result.json	生成的仿真/构建/打包产物	3258	78c51561b9f8a572cefb582c4763757e74dcfefe0ffc96ce01fd54ee7b648724
sim/build/arm-localize-package-4g5ugaxh/two_targets.json	生成的仿真/构建/打包产物	439	6a28cfa975586bf71a2b8e979896cccbc2d108801d46063d860421f874be96cd
sim/build/arm-localize-package-502scone/README.md	生成的仿真/构建/打包产物	2635	c32b79f13db44204f2e2cbc4a2d096b1f01497d4ab589247348003a600cd2d29
sim/build/arm-localize-package-502scone/arm_localize.py	生成的仿真/构建/打包产物	4692	d31abca31b25bdcaffc51e4ce2efe7e000b6e62a09afc39acd69d5460e340061
sim/build/arm-localize-package-502scone/arm_localize_bench.py	生成的仿真/构建/打包产物	4642	4c34139cd7a056a13c39796c21a4b32571be953fcd603b1815d90e5c7c8388ed
sim/build/arm-localize-package-502scone/arm_localize_selftest.py	生成的仿真/构建/打包产物	1919	a071d8183c5c4514b67b1002a08639db1f0e82e64a7a6c37622d6f071130d834
sim/build/arm-localize-package-502scone/benchmark-test/run-w9d2o6kp/tiny/input.json	生成的仿真/构建/打包产物	390	a18213218cbed18c012392eb09679c58ee77f02182c7347a2ac871ff7aa8f6df
sim/build/arm-localize-package-502scone/benchmark-test/run-w9d2o6kp/tiny/sample-00-crops-57ommb28/target_000.hex	生成的仿真/构建/打包产物	12288	22d37839cb28715731400ea782e57d23e85facfad52553524b32f7c091222b63
sim/build/arm-localize-package-502scone/benchmark-test/run-w9d2o6kp/tiny/sample-00-crops-57ommb28/target_000.pgm	生成的仿真/构建/打包产物	4109	20338307550c5d824a81161c204d3077a072d8fe29948aaa0e24b92b59416041
sim/build/arm-localize-package-502scone/benchmark-test/run-w9d2o6kp/tiny/sample-00-crops-57ommb28/target_001.hex	生成的仿真/构建/打包产物	12288	f2b1505a8a564217b39e1ebb6de63fc377243309879135fd69c0eb967448d1aa
sim/build/arm-localize-package-502scone/benchmark-test/run-w9d2o6kp/tiny/sample-00-crops-57ommb28/target_001.pgm	生成的仿真/构建/打包产物	4109	cd3c18d37e4edabdf84e67fb5a3ac3f679f7c681d82ffbfc486665c965de444e
sim/build/arm-localize-package-502scone/benchmark-test/run-w9d2o6kp/tiny/sample-00.json	生成的仿真/构建/打包产物	120080	2f7503aced1b2fb583f12918afce4310b4425f7afaa9f33ca1acfc2ff915a52c
sim/build/arm-localize-package-502scone/benchmark-test/run-w9d2o6kp/tiny/sample-01-crops-1cj8wa9o/target_000.hex	生成的仿真/构建/打包产物	12288	22d37839cb28715731400ea782e57d23e85facfad52553524b32f7c091222b63
sim/build/arm-localize-package-502scone/benchmark-test/run-w9d2o6kp/tiny/sample-01-crops-1cj8wa9o/target_000.pgm	生成的仿真/构建/打包产物	4109	20338307550c5d824a81161c204d3077a072d8fe29948aaa0e24b92b59416041
sim/build/arm-localize-package-502scone/benchmark-test/run-w9d2o6kp/tiny/sample-01-crops-1cj8wa9o/target_001.hex	生成的仿真/构建/打包产物	12288	f2b1505a8a564217b39e1ebb6de63fc377243309879135fd69c0eb967448d1aa
sim/build/arm-localize-package-502scone/benchmark-test/run-w9d2o6kp/tiny/sample-01-crops-1cj8wa9o/target_001.pgm	生成的仿真/构建/打包产物	4109	cd3c18d37e4edabdf84e67fb5a3ac3f679f7c681d82ffbfc486665c965de444e
sim/build/arm-localize-package-502scone/benchmark-test/run-w9d2o6kp/tiny/sample-01.json	生成的仿真/构建/打包产物	120079	1cbffa4e7948da1543708639378468dc5d651da1c2f9f35e8c16805cda957fc5
sim/build/arm-localize-package-502scone/benchmark-test/run-w9d2o6kp/tiny/warmup-00-crops-z94hknj1/target_000.hex	生成的仿真/构建/打包产物	12288	22d37839cb28715731400ea782e57d23e85facfad52553524b32f7c091222b63
sim/build/arm-localize-package-502scone/benchmark-test/run-w9d2o6kp/tiny/warmup-00-crops-z94hknj1/target_000.pgm	生成的仿真/构建/打包产物	4109	20338307550c5d824a81161c204d3077a072d8fe29948aaa0e24b92b59416041
sim/build/arm-localize-package-502scone/benchmark-test/run-w9d2o6kp/tiny/warmup-00-crops-z94hknj1/target_001.hex	生成的仿真/构建/打包产物	12288	f2b1505a8a564217b39e1ebb6de63fc377243309879135fd69c0eb967448d1aa
sim/build/arm-localize-package-502scone/benchmark-test/run-w9d2o6kp/tiny/warmup-00-crops-z94hknj1/target_001.pgm	生成的仿真/构建/打包产物	4109	cd3c18d37e4edabdf84e67fb5a3ac3f679f7c681d82ffbfc486665c965de444e
sim/build/arm-localize-package-502scone/benchmark-test/run-w9d2o6kp/tiny/warmup-00.json	生成的仿真/构建/打包产物	120080	4adba6248dc7a7bd4ffde5fc4a15af4211f3db00cd8f43af8475b5165d7fbb4d
sim/build/arm-localize-package-502scone/benchmark-test/summary.json	生成的仿真/构建/打包产物	1342	4072d55137122f851414b4a245a7edb923ccfde7192d3e33ca2d6c8f884767b9
sim/build/arm-localize-package-502scone/cli-crops-doaqxl8k/target_000.hex	生成的仿真/构建/打包产物	12288	22d37839cb28715731400ea782e57d23e85facfad52553524b32f7c091222b63
sim/build/arm-localize-package-502scone/cli-crops-doaqxl8k/target_000.pgm	生成的仿真/构建/打包产物	4109	20338307550c5d824a81161c204d3077a072d8fe29948aaa0e24b92b59416041
sim/build/arm-localize-package-502scone/cli-crops-doaqxl8k/target_001.hex	生成的仿真/构建/打包产物	12288	f2b1505a8a564217b39e1ebb6de63fc377243309879135fd69c0eb967448d1aa
sim/build/arm-localize-package-502scone/cli-crops-doaqxl8k/target_001.pgm	生成的仿真/构建/打包产物	4109	cd3c18d37e4edabdf84e67fb5a3ac3f679f7c681d82ffbfc486665c965de444e
sim/build/arm-localize-package-502scone/cli.json	生成的仿真/构建/打包产物	120048	846960cdddaa54bfb52680cbb1c332baf03b2e912f262801ef78d7dd9656fad6
sim/build/arm-localize-package-502scone/manifest.json	生成的仿真/构建/打包产物	657	7fae4968ae0f2dcc21ffba2d530484d49367ffb74dde7f369e6a0dad1f628186
sim/build/arm-localize-package-502scone/reference.py	生成的仿真/构建/打包产物	3600	2b9c2b2af41b3d560359aafa1d06ec708a492c36328f3173b5e606f00fd6a073
sim/build/arm-localize-package-502scone/selftest-evidence/result-crops-udifk8aj/target_000.hex	生成的仿真/构建/打包产物	36	49177673c0579eadc9408c5a54a7d893694f1a66d3899be9f912eeff16fab50c
sim/build/arm-localize-package-502scone/selftest-evidence/result-crops-udifk8aj/target_000.pgm	生成的仿真/构建/打包产物	23	54c75411bd7638b2c5d4f2a329e5bf2ae1c5191b3c799c205fe0aad52f12a348
sim/build/arm-localize-package-502scone/selftest-evidence/result-crops-udifk8aj/target_001.hex	生成的仿真/构建/打包产物	36	d9958ae5248655fd5774b377577f82db068c27322ca3a51c5577effb50ccc1b8
sim/build/arm-localize-package-502scone/selftest-evidence/result-crops-udifk8aj/target_001.pgm	生成的仿真/构建/打包产物	23	54e6a25edd3b88909b1ad86cf168d6b00ee012cf5e724e0f9e6992d6d04adc10
sim/build/arm-localize-package-502scone/selftest-evidence/result.json	生成的仿真/构建/打包产物	3257	19ae85c1c43b686224b20f3db36d799d05a83ba0213c20d8d90338b4d8b902db
sim/build/arm-localize-package-502scone/two_targets.json	生成的仿真/构建/打包产物	439	6a28cfa975586bf71a2b8e979896cccbc2d108801d46063d860421f874be96cd
sim/build/arm-localize-package-e3wu_ar1/README.md	生成的仿真/构建/打包产物	2635	c32b79f13db44204f2e2cbc4a2d096b1f01497d4ab589247348003a600cd2d29
sim/build/arm-localize-package-e3wu_ar1/arm_localize.py	生成的仿真/构建/打包产物	4692	d31abca31b25bdcaffc51e4ce2efe7e000b6e62a09afc39acd69d5460e340061
sim/build/arm-localize-package-e3wu_ar1/arm_localize_bench.py	生成的仿真/构建/打包产物	4642	4c34139cd7a056a13c39796c21a4b32571be953fcd603b1815d90e5c7c8388ed
sim/build/arm-localize-package-e3wu_ar1/arm_localize_selftest.py	生成的仿真/构建/打包产物	1919	a071d8183c5c4514b67b1002a08639db1f0e82e64a7a6c37622d6f071130d834
sim/build/arm-localize-package-e3wu_ar1/benchmark-test/run-2vrwm1tm/tiny/input.json	生成的仿真/构建/打包产物	390	a18213218cbed18c012392eb09679c58ee77f02182c7347a2ac871ff7aa8f6df
sim/build/arm-localize-package-e3wu_ar1/benchmark-test/run-2vrwm1tm/tiny/sample-00-crops-o2gx8l1e/target_000.hex	生成的仿真/构建/打包产物	12288	22d37839cb28715731400ea782e57d23e85facfad52553524b32f7c091222b63
sim/build/arm-localize-package-e3wu_ar1/benchmark-test/run-2vrwm1tm/tiny/sample-00-crops-o2gx8l1e/target_000.pgm	生成的仿真/构建/打包产物	4109	20338307550c5d824a81161c204d3077a072d8fe29948aaa0e24b92b59416041
sim/build/arm-localize-package-e3wu_ar1/benchmark-test/run-2vrwm1tm/tiny/sample-00-crops-o2gx8l1e/target_001.hex	生成的仿真/构建/打包产物	12288	f2b1505a8a564217b39e1ebb6de63fc377243309879135fd69c0eb967448d1aa
sim/build/arm-localize-package-e3wu_ar1/benchmark-test/run-2vrwm1tm/tiny/sample-00-crops-o2gx8l1e/target_001.pgm	生成的仿真/构建/打包产物	4109	cd3c18d37e4edabdf84e67fb5a3ac3f679f7c681d82ffbfc486665c965de444e
sim/build/arm-localize-package-e3wu_ar1/benchmark-test/run-2vrwm1tm/tiny/sample-00.json	生成的仿真/构建/打包产物	120080	d348ac7442395f4746b04bf8e43694a69f93ef78a0493de985e540f5718d4b08
sim/build/arm-localize-package-e3wu_ar1/benchmark-test/run-2vrwm1tm/tiny/sample-01-crops-ypi5tbzu/target_000.hex	生成的仿真/构建/打包产物	12288	22d37839cb28715731400ea782e57d23e85facfad52553524b32f7c091222b63
sim/build/arm-localize-package-e3wu_ar1/benchmark-test/run-2vrwm1tm/tiny/sample-01-crops-ypi5tbzu/target_000.pgm	生成的仿真/构建/打包产物	4109	20338307550c5d824a81161c204d3077a072d8fe29948aaa0e24b92b59416041
sim/build/arm-localize-package-e3wu_ar1/benchmark-test/run-2vrwm1tm/tiny/sample-01-crops-ypi5tbzu/target_001.hex	生成的仿真/构建/打包产物	12288	f2b1505a8a564217b39e1ebb6de63fc377243309879135fd69c0eb967448d1aa
sim/build/arm-localize-package-e3wu_ar1/benchmark-test/run-2vrwm1tm/tiny/sample-01-crops-ypi5tbzu/target_001.pgm	生成的仿真/构建/打包产物	4109	cd3c18d37e4edabdf84e67fb5a3ac3f679f7c681d82ffbfc486665c965de444e
sim/build/arm-localize-package-e3wu_ar1/benchmark-test/run-2vrwm1tm/tiny/sample-01.json	生成的仿真/构建/打包产物	120080	69cde1c3ee0522319476e5ffb750c13b5efd063dd83f4eaac0ba76f4749189f1
sim/build/arm-localize-package-e3wu_ar1/benchmark-test/run-2vrwm1tm/tiny/warmup-00-crops-jsqa4nl5/target_000.hex	生成的仿真/构建/打包产物	12288	22d37839cb28715731400ea782e57d23e85facfad52553524b32f7c091222b63
sim/build/arm-localize-package-e3wu_ar1/benchmark-test/run-2vrwm1tm/tiny/warmup-00-crops-jsqa4nl5/target_000.pgm	生成的仿真/构建/打包产物	4109	20338307550c5d824a81161c204d3077a072d8fe29948aaa0e24b92b59416041
sim/build/arm-localize-package-e3wu_ar1/benchmark-test/run-2vrwm1tm/tiny/warmup-00-crops-jsqa4nl5/target_001.hex	生成的仿真/构建/打包产物	12288	f2b1505a8a564217b39e1ebb6de63fc377243309879135fd69c0eb967448d1aa
sim/build/arm-localize-package-e3wu_ar1/benchmark-test/run-2vrwm1tm/tiny/warmup-00-crops-jsqa4nl5/target_001.pgm	生成的仿真/构建/打包产物	4109	cd3c18d37e4edabdf84e67fb5a3ac3f679f7c681d82ffbfc486665c965de444e
sim/build/arm-localize-package-e3wu_ar1/benchmark-test/run-2vrwm1tm/tiny/warmup-00.json	生成的仿真/构建/打包产物	120080	a2eb6ba3298403ece1be63bd745ad82e20eda76eb1d01c002d195f663659b55a
sim/build/arm-localize-package-e3wu_ar1/benchmark-test/summary.json	生成的仿真/构建/打包产物	1363	0e96b9bb8f41d810323f10961bfc52717dd938350fdc801ca81b96c567b845ac
sim/build/arm-localize-package-e3wu_ar1/cli-crops-3z2os3zs/target_000.hex	生成的仿真/构建/打包产物	12288	22d37839cb28715731400ea782e57d23e85facfad52553524b32f7c091222b63
sim/build/arm-localize-package-e3wu_ar1/cli-crops-3z2os3zs/target_000.pgm	生成的仿真/构建/打包产物	4109	20338307550c5d824a81161c204d3077a072d8fe29948aaa0e24b92b59416041
sim/build/arm-localize-package-e3wu_ar1/cli-crops-3z2os3zs/target_001.hex	生成的仿真/构建/打包产物	12288	f2b1505a8a564217b39e1ebb6de63fc377243309879135fd69c0eb967448d1aa
sim/build/arm-localize-package-e3wu_ar1/cli-crops-3z2os3zs/target_001.pgm	生成的仿真/构建/打包产物	4109	cd3c18d37e4edabdf84e67fb5a3ac3f679f7c681d82ffbfc486665c965de444e
sim/build/arm-localize-package-e3wu_ar1/cli.json	生成的仿真/构建/打包产物	120048	27210de6786a9138f4788418cb142967fc450a84090e96890ac3723402b0a8cf
sim/build/arm-localize-package-e3wu_ar1/manifest.json	生成的仿真/构建/打包产物	657	063e5f54b5198facb844bc4c17bd44ee145f937a96159b7b7adc3c791db0fe2f
sim/build/arm-localize-package-e3wu_ar1/reference.py	生成的仿真/构建/打包产物	3600	2b9c2b2af41b3d560359aafa1d06ec708a492c36328f3173b5e606f00fd6a073
sim/build/arm-localize-package-e3wu_ar1/selftest-evidence/result-crops-s5dlt07m/target_000.hex	生成的仿真/构建/打包产物	36	49177673c0579eadc9408c5a54a7d893694f1a66d3899be9f912eeff16fab50c
sim/build/arm-localize-package-e3wu_ar1/selftest-evidence/result-crops-s5dlt07m/target_000.pgm	生成的仿真/构建/打包产物	23	54c75411bd7638b2c5d4f2a329e5bf2ae1c5191b3c799c205fe0aad52f12a348
sim/build/arm-localize-package-e3wu_ar1/selftest-evidence/result-crops-s5dlt07m/target_001.hex	生成的仿真/构建/打包产物	36	d9958ae5248655fd5774b377577f82db068c27322ca3a51c5577effb50ccc1b8
sim/build/arm-localize-package-e3wu_ar1/selftest-evidence/result-crops-s5dlt07m/target_001.pgm	生成的仿真/构建/打包产物	23	54e6a25edd3b88909b1ad86cf168d6b00ee012cf5e724e0f9e6992d6d04adc10
sim/build/arm-localize-package-e3wu_ar1/selftest-evidence/result.json	生成的仿真/构建/打包产物	3257	9c343a69b6321215b857331c1591d5bffc69da843c5ab9cb63a76df2732b47ae
sim/build/arm-localize-package-e3wu_ar1/two_targets.json	生成的仿真/构建/打包产物	439	6a28cfa975586bf71a2b8e979896cccbc2d108801d46063d860421f874be96cd
sim/build/arm-localize-package-gsy8iy_x/README.md	生成的仿真/构建/打包产物	2635	c32b79f13db44204f2e2cbc4a2d096b1f01497d4ab589247348003a600cd2d29
sim/build/arm-localize-package-gsy8iy_x/arm_localize.py	生成的仿真/构建/打包产物	4692	d31abca31b25bdcaffc51e4ce2efe7e000b6e62a09afc39acd69d5460e340061
sim/build/arm-localize-package-gsy8iy_x/arm_localize_bench.py	生成的仿真/构建/打包产物	4642	4c34139cd7a056a13c39796c21a4b32571be953fcd603b1815d90e5c7c8388ed
sim/build/arm-localize-package-gsy8iy_x/arm_localize_selftest.py	生成的仿真/构建/打包产物	1919	a071d8183c5c4514b67b1002a08639db1f0e82e64a7a6c37622d6f071130d834
sim/build/arm-localize-package-gsy8iy_x/benchmark-test/run-5kd6lspn/tiny/input.json	生成的仿真/构建/打包产物	390	a18213218cbed18c012392eb09679c58ee77f02182c7347a2ac871ff7aa8f6df
sim/build/arm-localize-package-gsy8iy_x/benchmark-test/run-5kd6lspn/tiny/sample-00-crops-1c_mp361/target_000.hex	生成的仿真/构建/打包产物	12288	22d37839cb28715731400ea782e57d23e85facfad52553524b32f7c091222b63
sim/build/arm-localize-package-gsy8iy_x/benchmark-test/run-5kd6lspn/tiny/sample-00-crops-1c_mp361/target_000.pgm	生成的仿真/构建/打包产物	4109	20338307550c5d824a81161c204d3077a072d8fe29948aaa0e24b92b59416041
sim/build/arm-localize-package-gsy8iy_x/benchmark-test/run-5kd6lspn/tiny/sample-00-crops-1c_mp361/target_001.hex	生成的仿真/构建/打包产物	12288	f2b1505a8a564217b39e1ebb6de63fc377243309879135fd69c0eb967448d1aa
sim/build/arm-localize-package-gsy8iy_x/benchmark-test/run-5kd6lspn/tiny/sample-00-crops-1c_mp361/target_001.pgm	生成的仿真/构建/打包产物	4109	cd3c18d37e4edabdf84e67fb5a3ac3f679f7c681d82ffbfc486665c965de444e
sim/build/arm-localize-package-gsy8iy_x/benchmark-test/run-5kd6lspn/tiny/sample-00.json	生成的仿真/构建/打包产物	120079	15ad98e4788d24493722a5289e6eb71bcde1d3848932da8164f482b9463b5ef5
sim/build/arm-localize-package-gsy8iy_x/benchmark-test/run-5kd6lspn/tiny/sample-01-crops-jtrxn_6n/target_000.hex	生成的仿真/构建/打包产物	12288	22d37839cb28715731400ea782e57d23e85facfad52553524b32f7c091222b63
sim/build/arm-localize-package-gsy8iy_x/benchmark-test/run-5kd6lspn/tiny/sample-01-crops-jtrxn_6n/target_000.pgm	生成的仿真/构建/打包产物	4109	20338307550c5d824a81161c204d3077a072d8fe29948aaa0e24b92b59416041
sim/build/arm-localize-package-gsy8iy_x/benchmark-test/run-5kd6lspn/tiny/sample-01-crops-jtrxn_6n/target_001.hex	生成的仿真/构建/打包产物	12288	f2b1505a8a564217b39e1ebb6de63fc377243309879135fd69c0eb967448d1aa
sim/build/arm-localize-package-gsy8iy_x/benchmark-test/run-5kd6lspn/tiny/sample-01-crops-jtrxn_6n/target_001.pgm	生成的仿真/构建/打包产物	4109	cd3c18d37e4edabdf84e67fb5a3ac3f679f7c681d82ffbfc486665c965de444e
sim/build/arm-localize-package-gsy8iy_x/benchmark-test/run-5kd6lspn/tiny/sample-01.json	生成的仿真/构建/打包产物	120080	8c35a428f66d8f428f2e5b922efe5a52b8f1bafadd25ff36b1b6ac5e96d8a837
sim/build/arm-localize-package-gsy8iy_x/benchmark-test/run-5kd6lspn/tiny/warmup-00-crops-392pw6hl/target_000.hex	生成的仿真/构建/打包产物	12288	22d37839cb28715731400ea782e57d23e85facfad52553524b32f7c091222b63
sim/build/arm-localize-package-gsy8iy_x/benchmark-test/run-5kd6lspn/tiny/warmup-00-crops-392pw6hl/target_000.pgm	生成的仿真/构建/打包产物	4109	20338307550c5d824a81161c204d3077a072d8fe29948aaa0e24b92b59416041
sim/build/arm-localize-package-gsy8iy_x/benchmark-test/run-5kd6lspn/tiny/warmup-00-crops-392pw6hl/target_001.hex	生成的仿真/构建/打包产物	12288	f2b1505a8a564217b39e1ebb6de63fc377243309879135fd69c0eb967448d1aa
sim/build/arm-localize-package-gsy8iy_x/benchmark-test/run-5kd6lspn/tiny/warmup-00-crops-392pw6hl/target_001.pgm	生成的仿真/构建/打包产物	4109	cd3c18d37e4edabdf84e67fb5a3ac3f679f7c681d82ffbfc486665c965de444e
sim/build/arm-localize-package-gsy8iy_x/benchmark-test/run-5kd6lspn/tiny/warmup-00.json	生成的仿真/构建/打包产物	120080	92f55bb59d08addef9e99cd777940282ac4a0769e9ac22efc81be2826863b328
sim/build/arm-localize-package-gsy8iy_x/benchmark-test/summary.json	生成的仿真/构建/打包产物	1352	d93962fccdd8883b6771c4e94dfe7d3dbabaffc4f9a86dda0237540279ea6f46
sim/build/arm-localize-package-gsy8iy_x/cli-crops-i6_wb4bv/target_000.hex	生成的仿真/构建/打包产物	12288	22d37839cb28715731400ea782e57d23e85facfad52553524b32f7c091222b63
sim/build/arm-localize-package-gsy8iy_x/cli-crops-i6_wb4bv/target_000.pgm	生成的仿真/构建/打包产物	4109	20338307550c5d824a81161c204d3077a072d8fe29948aaa0e24b92b59416041
sim/build/arm-localize-package-gsy8iy_x/cli-crops-i6_wb4bv/target_001.hex	生成的仿真/构建/打包产物	12288	f2b1505a8a564217b39e1ebb6de63fc377243309879135fd69c0eb967448d1aa
sim/build/arm-localize-package-gsy8iy_x/cli-crops-i6_wb4bv/target_001.pgm	生成的仿真/构建/打包产物	4109	cd3c18d37e4edabdf84e67fb5a3ac3f679f7c681d82ffbfc486665c965de444e
sim/build/arm-localize-package-gsy8iy_x/cli.json	生成的仿真/构建/打包产物	120047	28d783a59d99b466a4f8b1ed6284eeb67e04e4c7446cbf1d74e57782ab37d6e9
sim/build/arm-localize-package-gsy8iy_x/manifest.json	生成的仿真/构建/打包产物	657	e3f598d951875c3a9bb2411f9fb41365b8635c1f9c24e71b5715780619f1274d
sim/build/arm-localize-package-gsy8iy_x/reference.py	生成的仿真/构建/打包产物	3600	2b9c2b2af41b3d560359aafa1d06ec708a492c36328f3173b5e606f00fd6a073
sim/build/arm-localize-package-gsy8iy_x/selftest-evidence/result-crops-133pn0o6/target_000.hex	生成的仿真/构建/打包产物	36	49177673c0579eadc9408c5a54a7d893694f1a66d3899be9f912eeff16fab50c
sim/build/arm-localize-package-gsy8iy_x/selftest-evidence/result-crops-133pn0o6/target_000.pgm	生成的仿真/构建/打包产物	23	54c75411bd7638b2c5d4f2a329e5bf2ae1c5191b3c799c205fe0aad52f12a348
sim/build/arm-localize-package-gsy8iy_x/selftest-evidence/result-crops-133pn0o6/target_001.hex	生成的仿真/构建/打包产物	36	d9958ae5248655fd5774b377577f82db068c27322ca3a51c5577effb50ccc1b8
sim/build/arm-localize-package-gsy8iy_x/selftest-evidence/result-crops-133pn0o6/target_001.pgm	生成的仿真/构建/打包产物	23	54e6a25edd3b88909b1ad86cf168d6b00ee012cf5e724e0f9e6992d6d04adc10
sim/build/arm-localize-package-gsy8iy_x/selftest-evidence/result.json	生成的仿真/构建/打包产物	3258	ec6755ba8f7735d87329f2f3755056f3ff14ed36cf2c7cd0be43cb2a2c4abf2f
sim/build/arm-localize-package-gsy8iy_x/two_targets.json	生成的仿真/构建/打包产物	439	6a28cfa975586bf71a2b8e979896cccbc2d108801d46063d860421f874be96cd
sim/build/arm-localize-package-h359mh9d/README.md	生成的仿真/构建/打包产物	2635	c32b79f13db44204f2e2cbc4a2d096b1f01497d4ab589247348003a600cd2d29
sim/build/arm-localize-package-h359mh9d/arm_localize.py	生成的仿真/构建/打包产物	4692	d31abca31b25bdcaffc51e4ce2efe7e000b6e62a09afc39acd69d5460e340061
sim/build/arm-localize-package-h359mh9d/arm_localize_bench.py	生成的仿真/构建/打包产物	4642	4c34139cd7a056a13c39796c21a4b32571be953fcd603b1815d90e5c7c8388ed
sim/build/arm-localize-package-h359mh9d/arm_localize_selftest.py	生成的仿真/构建/打包产物	1919	a071d8183c5c4514b67b1002a08639db1f0e82e64a7a6c37622d6f071130d834
sim/build/arm-localize-package-h359mh9d/benchmark-test/run-dfgxm2c3/tiny/input.json	生成的仿真/构建/打包产物	390	a18213218cbed18c012392eb09679c58ee77f02182c7347a2ac871ff7aa8f6df
sim/build/arm-localize-package-h359mh9d/benchmark-test/run-dfgxm2c3/tiny/sample-00-crops-zgk6het9/target_000.hex	生成的仿真/构建/打包产物	12288	22d37839cb28715731400ea782e57d23e85facfad52553524b32f7c091222b63
sim/build/arm-localize-package-h359mh9d/benchmark-test/run-dfgxm2c3/tiny/sample-00-crops-zgk6het9/target_000.pgm	生成的仿真/构建/打包产物	4109	20338307550c5d824a81161c204d3077a072d8fe29948aaa0e24b92b59416041
sim/build/arm-localize-package-h359mh9d/benchmark-test/run-dfgxm2c3/tiny/sample-00-crops-zgk6het9/target_001.hex	生成的仿真/构建/打包产物	12288	f2b1505a8a564217b39e1ebb6de63fc377243309879135fd69c0eb967448d1aa
sim/build/arm-localize-package-h359mh9d/benchmark-test/run-dfgxm2c3/tiny/sample-00-crops-zgk6het9/target_001.pgm	生成的仿真/构建/打包产物	4109	cd3c18d37e4edabdf84e67fb5a3ac3f679f7c681d82ffbfc486665c965de444e
sim/build/arm-localize-package-h359mh9d/benchmark-test/run-dfgxm2c3/tiny/sample-00.json	生成的仿真/构建/打包产物	120080	aa12b5152be2d7c226c0a2e69645d28047011384845c28ce0b57b748af4e2620
sim/build/arm-localize-package-h359mh9d/benchmark-test/run-dfgxm2c3/tiny/sample-01-crops-6rfk2_g9/target_000.hex	生成的仿真/构建/打包产物	12288	22d37839cb28715731400ea782e57d23e85facfad52553524b32f7c091222b63
sim/build/arm-localize-package-h359mh9d/benchmark-test/run-dfgxm2c3/tiny/sample-01-crops-6rfk2_g9/target_000.pgm	生成的仿真/构建/打包产物	4109	20338307550c5d824a81161c204d3077a072d8fe29948aaa0e24b92b59416041
sim/build/arm-localize-package-h359mh9d/benchmark-test/run-dfgxm2c3/tiny/sample-01-crops-6rfk2_g9/target_001.hex	生成的仿真/构建/打包产物	12288	f2b1505a8a564217b39e1ebb6de63fc377243309879135fd69c0eb967448d1aa
sim/build/arm-localize-package-h359mh9d/benchmark-test/run-dfgxm2c3/tiny/sample-01-crops-6rfk2_g9/target_001.pgm	生成的仿真/构建/打包产物	4109	cd3c18d37e4edabdf84e67fb5a3ac3f679f7c681d82ffbfc486665c965de444e
sim/build/arm-localize-package-h359mh9d/benchmark-test/run-dfgxm2c3/tiny/sample-01.json	生成的仿真/构建/打包产物	120080	f397ad5f650b32ba386caa223d059fbca88d20b765981f2af4f032e7a35bd37b
sim/build/arm-localize-package-h359mh9d/benchmark-test/run-dfgxm2c3/tiny/warmup-00-crops-d97sz87k/target_000.hex	生成的仿真/构建/打包产物	12288	22d37839cb28715731400ea782e57d23e85facfad52553524b32f7c091222b63
sim/build/arm-localize-package-h359mh9d/benchmark-test/run-dfgxm2c3/tiny/warmup-00-crops-d97sz87k/target_000.pgm	生成的仿真/构建/打包产物	4109	20338307550c5d824a81161c204d3077a072d8fe29948aaa0e24b92b59416041
sim/build/arm-localize-package-h359mh9d/benchmark-test/run-dfgxm2c3/tiny/warmup-00-crops-d97sz87k/target_001.hex	生成的仿真/构建/打包产物	12288	f2b1505a8a564217b39e1ebb6de63fc377243309879135fd69c0eb967448d1aa
sim/build/arm-localize-package-h359mh9d/benchmark-test/run-dfgxm2c3/tiny/warmup-00-crops-d97sz87k/target_001.pgm	生成的仿真/构建/打包产物	4109	cd3c18d37e4edabdf84e67fb5a3ac3f679f7c681d82ffbfc486665c965de444e
sim/build/arm-localize-package-h359mh9d/benchmark-test/run-dfgxm2c3/tiny/warmup-00.json	生成的仿真/构建/打包产物	120080	670210bd75185de8d81b264d9af5efd0efb8b4ca82c40133d74e59df806c77f3
sim/build/arm-localize-package-h359mh9d/benchmark-test/summary.json	生成的仿真/构建/打包产物	1346	a44eaa7f15e623b359a71c492401dd83ee2fc4f9e62348ca025358e572b27e51
sim/build/arm-localize-package-h359mh9d/cli-crops-7wc3dozu/target_000.hex	生成的仿真/构建/打包产物	12288	22d37839cb28715731400ea782e57d23e85facfad52553524b32f7c091222b63
sim/build/arm-localize-package-h359mh9d/cli-crops-7wc3dozu/target_000.pgm	生成的仿真/构建/打包产物	4109	20338307550c5d824a81161c204d3077a072d8fe29948aaa0e24b92b59416041
sim/build/arm-localize-package-h359mh9d/cli-crops-7wc3dozu/target_001.hex	生成的仿真/构建/打包产物	12288	f2b1505a8a564217b39e1ebb6de63fc377243309879135fd69c0eb967448d1aa
sim/build/arm-localize-package-h359mh9d/cli-crops-7wc3dozu/target_001.pgm	生成的仿真/构建/打包产物	4109	cd3c18d37e4edabdf84e67fb5a3ac3f679f7c681d82ffbfc486665c965de444e
sim/build/arm-localize-package-h359mh9d/cli.json	生成的仿真/构建/打包产物	120046	254a5185357d3014d0ffbdf45e79cc2395751fa3d20e5557fff2602fdf95b7b5
sim/build/arm-localize-package-h359mh9d/manifest.json	生成的仿真/构建/打包产物	657	baa6735cfbb45b8b027f8c7d0d0331c13849e26ce33c95d79f99ddc658d147fd
sim/build/arm-localize-package-h359mh9d/reference.py	生成的仿真/构建/打包产物	3600	2b9c2b2af41b3d560359aafa1d06ec708a492c36328f3173b5e606f00fd6a073
sim/build/arm-localize-package-h359mh9d/selftest-evidence/result-crops-7hs25g6s/target_000.hex	生成的仿真/构建/打包产物	36	49177673c0579eadc9408c5a54a7d893694f1a66d3899be9f912eeff16fab50c
sim/build/arm-localize-package-h359mh9d/selftest-evidence/result-crops-7hs25g6s/target_000.pgm	生成的仿真/构建/打包产物	23	54c75411bd7638b2c5d4f2a329e5bf2ae1c5191b3c799c205fe0aad52f12a348
sim/build/arm-localize-package-h359mh9d/selftest-evidence/result-crops-7hs25g6s/target_001.hex	生成的仿真/构建/打包产物	36	d9958ae5248655fd5774b377577f82db068c27322ca3a51c5577effb50ccc1b8
sim/build/arm-localize-package-h359mh9d/selftest-evidence/result-crops-7hs25g6s/target_001.pgm	生成的仿真/构建/打包产物	23	54e6a25edd3b88909b1ad86cf168d6b00ee012cf5e724e0f9e6992d6d04adc10
sim/build/arm-localize-package-h359mh9d/selftest-evidence/result.json	生成的仿真/构建/打包产物	3258	b23649ce3e23b6e72b0f30f1291647585e319ff880ec493e12df926be8af286e
sim/build/arm-localize-package-h359mh9d/two_targets.json	生成的仿真/构建/打包产物	439	6a28cfa975586bf71a2b8e979896cccbc2d108801d46063d860421f874be96cd
sim/build/arm-localize-package-hjrmf13x/README.md	生成的仿真/构建/打包产物	2635	c32b79f13db44204f2e2cbc4a2d096b1f01497d4ab589247348003a600cd2d29
sim/build/arm-localize-package-hjrmf13x/arm_localize.py	生成的仿真/构建/打包产物	4692	d31abca31b25bdcaffc51e4ce2efe7e000b6e62a09afc39acd69d5460e340061
sim/build/arm-localize-package-hjrmf13x/arm_localize_bench.py	生成的仿真/构建/打包产物	4642	4c34139cd7a056a13c39796c21a4b32571be953fcd603b1815d90e5c7c8388ed
sim/build/arm-localize-package-hjrmf13x/arm_localize_selftest.py	生成的仿真/构建/打包产物	1919	a071d8183c5c4514b67b1002a08639db1f0e82e64a7a6c37622d6f071130d834
sim/build/arm-localize-package-hjrmf13x/benchmark-test/run-6p4gih2s/tiny/input.json	生成的仿真/构建/打包产物	390	a18213218cbed18c012392eb09679c58ee77f02182c7347a2ac871ff7aa8f6df
sim/build/arm-localize-package-hjrmf13x/benchmark-test/run-6p4gih2s/tiny/sample-00-crops-r_sk8j3w/target_000.hex	生成的仿真/构建/打包产物	12288	22d37839cb28715731400ea782e57d23e85facfad52553524b32f7c091222b63
sim/build/arm-localize-package-hjrmf13x/benchmark-test/run-6p4gih2s/tiny/sample-00-crops-r_sk8j3w/target_000.pgm	生成的仿真/构建/打包产物	4109	20338307550c5d824a81161c204d3077a072d8fe29948aaa0e24b92b59416041
sim/build/arm-localize-package-hjrmf13x/benchmark-test/run-6p4gih2s/tiny/sample-00-crops-r_sk8j3w/target_001.hex	生成的仿真/构建/打包产物	12288	f2b1505a8a564217b39e1ebb6de63fc377243309879135fd69c0eb967448d1aa
sim/build/arm-localize-package-hjrmf13x/benchmark-test/run-6p4gih2s/tiny/sample-00-crops-r_sk8j3w/target_001.pgm	生成的仿真/构建/打包产物	4109	cd3c18d37e4edabdf84e67fb5a3ac3f679f7c681d82ffbfc486665c965de444e
sim/build/arm-localize-package-hjrmf13x/benchmark-test/run-6p4gih2s/tiny/sample-00.json	生成的仿真/构建/打包产物	120080	1b2c6e6f32f344495bd2e864b95c95a350435b17732ecd309929cf6b955aaa3d
sim/build/arm-localize-package-hjrmf13x/benchmark-test/run-6p4gih2s/tiny/sample-01-crops-oea6qngp/target_000.hex	生成的仿真/构建/打包产物	12288	22d37839cb28715731400ea782e57d23e85facfad52553524b32f7c091222b63
sim/build/arm-localize-package-hjrmf13x/benchmark-test/run-6p4gih2s/tiny/sample-01-crops-oea6qngp/target_000.pgm	生成的仿真/构建/打包产物	4109	20338307550c5d824a81161c204d3077a072d8fe29948aaa0e24b92b59416041
sim/build/arm-localize-package-hjrmf13x/benchmark-test/run-6p4gih2s/tiny/sample-01-crops-oea6qngp/target_001.hex	生成的仿真/构建/打包产物	12288	f2b1505a8a564217b39e1ebb6de63fc377243309879135fd69c0eb967448d1aa
sim/build/arm-localize-package-hjrmf13x/benchmark-test/run-6p4gih2s/tiny/sample-01-crops-oea6qngp/target_001.pgm	生成的仿真/构建/打包产物	4109	cd3c18d37e4edabdf84e67fb5a3ac3f679f7c681d82ffbfc486665c965de444e
sim/build/arm-localize-package-hjrmf13x/benchmark-test/run-6p4gih2s/tiny/sample-01.json	生成的仿真/构建/打包产物	120079	68d44f94a99e0be07bdfba525b93d287a311f11a73f852036cc3af54baed04cd
sim/build/arm-localize-package-hjrmf13x/benchmark-test/run-6p4gih2s/tiny/warmup-00-crops-vh23jgjp/target_000.hex	生成的仿真/构建/打包产物	12288	22d37839cb28715731400ea782e57d23e85facfad52553524b32f7c091222b63
sim/build/arm-localize-package-hjrmf13x/benchmark-test/run-6p4gih2s/tiny/warmup-00-crops-vh23jgjp/target_000.pgm	生成的仿真/构建/打包产物	4109	20338307550c5d824a81161c204d3077a072d8fe29948aaa0e24b92b59416041
sim/build/arm-localize-package-hjrmf13x/benchmark-test/run-6p4gih2s/tiny/warmup-00-crops-vh23jgjp/target_001.hex	生成的仿真/构建/打包产物	12288	f2b1505a8a564217b39e1ebb6de63fc377243309879135fd69c0eb967448d1aa
sim/build/arm-localize-package-hjrmf13x/benchmark-test/run-6p4gih2s/tiny/warmup-00-crops-vh23jgjp/target_001.pgm	生成的仿真/构建/打包产物	4109	cd3c18d37e4edabdf84e67fb5a3ac3f679f7c681d82ffbfc486665c965de444e
sim/build/arm-localize-package-hjrmf13x/benchmark-test/run-6p4gih2s/tiny/warmup-00.json	生成的仿真/构建/打包产物	120080	4900dc2e16ce29102163e75d8942b5da39910115cea2829624e72930cec1ed14
sim/build/arm-localize-package-hjrmf13x/benchmark-test/summary.json	生成的仿真/构建/打包产物	1358	3f46132357e077825649518675db294da960244165a87212a2c2829b0617d689
sim/build/arm-localize-package-hjrmf13x/cli-crops-viujx2ue/target_000.hex	生成的仿真/构建/打包产物	12288	22d37839cb28715731400ea782e57d23e85facfad52553524b32f7c091222b63
sim/build/arm-localize-package-hjrmf13x/cli-crops-viujx2ue/target_000.pgm	生成的仿真/构建/打包产物	4109	20338307550c5d824a81161c204d3077a072d8fe29948aaa0e24b92b59416041
sim/build/arm-localize-package-hjrmf13x/cli-crops-viujx2ue/target_001.hex	生成的仿真/构建/打包产物	12288	f2b1505a8a564217b39e1ebb6de63fc377243309879135fd69c0eb967448d1aa
sim/build/arm-localize-package-hjrmf13x/cli-crops-viujx2ue/target_001.pgm	生成的仿真/构建/打包产物	4109	cd3c18d37e4edabdf84e67fb5a3ac3f679f7c681d82ffbfc486665c965de444e
sim/build/arm-localize-package-hjrmf13x/cli.json	生成的仿真/构建/打包产物	120048	9afffdf8b41bae49cfafd57c1ecd89766b3db19e1e07ec6d7937adaf8ebe3fa8
sim/build/arm-localize-package-hjrmf13x/manifest.json	生成的仿真/构建/打包产物	657	e3f598d951875c3a9bb2411f9fb41365b8635c1f9c24e71b5715780619f1274d
sim/build/arm-localize-package-hjrmf13x/reference.py	生成的仿真/构建/打包产物	3600	2b9c2b2af41b3d560359aafa1d06ec708a492c36328f3173b5e606f00fd6a073
sim/build/arm-localize-package-hjrmf13x/selftest-evidence/result-crops-v8u24bj0/target_000.hex	生成的仿真/构建/打包产物	36	49177673c0579eadc9408c5a54a7d893694f1a66d3899be9f912eeff16fab50c
sim/build/arm-localize-package-hjrmf13x/selftest-evidence/result-crops-v8u24bj0/target_000.pgm	生成的仿真/构建/打包产物	23	54c75411bd7638b2c5d4f2a329e5bf2ae1c5191b3c799c205fe0aad52f12a348
sim/build/arm-localize-package-hjrmf13x/selftest-evidence/result-crops-v8u24bj0/target_001.hex	生成的仿真/构建/打包产物	36	d9958ae5248655fd5774b377577f82db068c27322ca3a51c5577effb50ccc1b8
sim/build/arm-localize-package-hjrmf13x/selftest-evidence/result-crops-v8u24bj0/target_001.pgm	生成的仿真/构建/打包产物	23	54e6a25edd3b88909b1ad86cf168d6b00ee012cf5e724e0f9e6992d6d04adc10
sim/build/arm-localize-package-hjrmf13x/selftest-evidence/result.json	生成的仿真/构建/打包产物	3258	9007f06f3d6968b2157056025b4f7646ef60163094cbfe08580af779cbb0fdb4
sim/build/arm-localize-package-hjrmf13x/two_targets.json	生成的仿真/构建/打包产物	439	6a28cfa975586bf71a2b8e979896cccbc2d108801d46063d860421f874be96cd
sim/build/arm-localize-package-jugnjngz/README.md	生成的仿真/构建/打包产物	2635	c32b79f13db44204f2e2cbc4a2d096b1f01497d4ab589247348003a600cd2d29
sim/build/arm-localize-package-jugnjngz/arm_localize.py	生成的仿真/构建/打包产物	4692	d31abca31b25bdcaffc51e4ce2efe7e000b6e62a09afc39acd69d5460e340061
sim/build/arm-localize-package-jugnjngz/arm_localize_bench.py	生成的仿真/构建/打包产物	4642	4c34139cd7a056a13c39796c21a4b32571be953fcd603b1815d90e5c7c8388ed
sim/build/arm-localize-package-jugnjngz/arm_localize_selftest.py	生成的仿真/构建/打包产物	1919	a071d8183c5c4514b67b1002a08639db1f0e82e64a7a6c37622d6f071130d834
sim/build/arm-localize-package-jugnjngz/benchmark-test/run-dn3mocar/tiny/input.json	生成的仿真/构建/打包产物	390	a18213218cbed18c012392eb09679c58ee77f02182c7347a2ac871ff7aa8f6df
sim/build/arm-localize-package-jugnjngz/benchmark-test/run-dn3mocar/tiny/sample-00-crops-ya1kte_2/target_000.hex	生成的仿真/构建/打包产物	12288	22d37839cb28715731400ea782e57d23e85facfad52553524b32f7c091222b63
sim/build/arm-localize-package-jugnjngz/benchmark-test/run-dn3mocar/tiny/sample-00-crops-ya1kte_2/target_000.pgm	生成的仿真/构建/打包产物	4109	20338307550c5d824a81161c204d3077a072d8fe29948aaa0e24b92b59416041
sim/build/arm-localize-package-jugnjngz/benchmark-test/run-dn3mocar/tiny/sample-00-crops-ya1kte_2/target_001.hex	生成的仿真/构建/打包产物	12288	f2b1505a8a564217b39e1ebb6de63fc377243309879135fd69c0eb967448d1aa
sim/build/arm-localize-package-jugnjngz/benchmark-test/run-dn3mocar/tiny/sample-00-crops-ya1kte_2/target_001.pgm	生成的仿真/构建/打包产物	4109	cd3c18d37e4edabdf84e67fb5a3ac3f679f7c681d82ffbfc486665c965de444e
sim/build/arm-localize-package-jugnjngz/benchmark-test/run-dn3mocar/tiny/sample-00.json	生成的仿真/构建/打包产物	120080	e704f71c3a23fe9f86113b1273b4383eedc94782281afb105f063e284a64d9d1
sim/build/arm-localize-package-jugnjngz/benchmark-test/run-dn3mocar/tiny/sample-01-crops-0xeko0pw/target_000.hex	生成的仿真/构建/打包产物	12288	22d37839cb28715731400ea782e57d23e85facfad52553524b32f7c091222b63
sim/build/arm-localize-package-jugnjngz/benchmark-test/run-dn3mocar/tiny/sample-01-crops-0xeko0pw/target_000.pgm	生成的仿真/构建/打包产物	4109	20338307550c5d824a81161c204d3077a072d8fe29948aaa0e24b92b59416041
sim/build/arm-localize-package-jugnjngz/benchmark-test/run-dn3mocar/tiny/sample-01-crops-0xeko0pw/target_001.hex	生成的仿真/构建/打包产物	12288	f2b1505a8a564217b39e1ebb6de63fc377243309879135fd69c0eb967448d1aa
sim/build/arm-localize-package-jugnjngz/benchmark-test/run-dn3mocar/tiny/sample-01-crops-0xeko0pw/target_001.pgm	生成的仿真/构建/打包产物	4109	cd3c18d37e4edabdf84e67fb5a3ac3f679f7c681d82ffbfc486665c965de444e
sim/build/arm-localize-package-jugnjngz/benchmark-test/run-dn3mocar/tiny/sample-01.json	生成的仿真/构建/打包产物	120079	00c35afee8772a10874e49d09cef88e48ff806a11e7480275a88696254cc926f
sim/build/arm-localize-package-jugnjngz/benchmark-test/run-dn3mocar/tiny/warmup-00-crops-c6j8l5ub/target_000.hex	生成的仿真/构建/打包产物	12288	22d37839cb28715731400ea782e57d23e85facfad52553524b32f7c091222b63
sim/build/arm-localize-package-jugnjngz/benchmark-test/run-dn3mocar/tiny/warmup-00-crops-c6j8l5ub/target_000.pgm	生成的仿真/构建/打包产物	4109	20338307550c5d824a81161c204d3077a072d8fe29948aaa0e24b92b59416041
sim/build/arm-localize-package-jugnjngz/benchmark-test/run-dn3mocar/tiny/warmup-00-crops-c6j8l5ub/target_001.hex	生成的仿真/构建/打包产物	12288	f2b1505a8a564217b39e1ebb6de63fc377243309879135fd69c0eb967448d1aa
sim/build/arm-localize-package-jugnjngz/benchmark-test/run-dn3mocar/tiny/warmup-00-crops-c6j8l5ub/target_001.pgm	生成的仿真/构建/打包产物	4109	cd3c18d37e4edabdf84e67fb5a3ac3f679f7c681d82ffbfc486665c965de444e
sim/build/arm-localize-package-jugnjngz/benchmark-test/run-dn3mocar/tiny/warmup-00.json	生成的仿真/构建/打包产物	120080	9ceae14290aa2f300029eca57e51b4b3f9fd9d3477c3ae0f78e8f673b60752a8
sim/build/arm-localize-package-jugnjngz/benchmark-test/summary.json	生成的仿真/构建/打包产物	1340	3a53f4f03022a4e6d7c6f69db5e593aa4134fcde92c9e0d6a97720207f0e74b3
sim/build/arm-localize-package-jugnjngz/cli-crops-q3glzugm/target_000.hex	生成的仿真/构建/打包产物	12288	22d37839cb28715731400ea782e57d23e85facfad52553524b32f7c091222b63
sim/build/arm-localize-package-jugnjngz/cli-crops-q3glzugm/target_000.pgm	生成的仿真/构建/打包产物	4109	20338307550c5d824a81161c204d3077a072d8fe29948aaa0e24b92b59416041
sim/build/arm-localize-package-jugnjngz/cli-crops-q3glzugm/target_001.hex	生成的仿真/构建/打包产物	12288	f2b1505a8a564217b39e1ebb6de63fc377243309879135fd69c0eb967448d1aa
sim/build/arm-localize-package-jugnjngz/cli-crops-q3glzugm/target_001.pgm	生成的仿真/构建/打包产物	4109	cd3c18d37e4edabdf84e67fb5a3ac3f679f7c681d82ffbfc486665c965de444e
sim/build/arm-localize-package-jugnjngz/cli.json	生成的仿真/构建/打包产物	120047	347a2e4e07b6566d0c29cc34b4995f4a6cc6bdac1b4ebd608106f1230aec735c
sim/build/arm-localize-package-jugnjngz/manifest.json	生成的仿真/构建/打包产物	657	2ad732bd7ec93989b99694e2ea2eec6549499e0b8adeae040b5cc11a0d759e2a
sim/build/arm-localize-package-jugnjngz/reference.py	生成的仿真/构建/打包产物	3600	2b9c2b2af41b3d560359aafa1d06ec708a492c36328f3173b5e606f00fd6a073
sim/build/arm-localize-package-jugnjngz/selftest-evidence/result-crops-16eaehtk/target_000.hex	生成的仿真/构建/打包产物	36	49177673c0579eadc9408c5a54a7d893694f1a66d3899be9f912eeff16fab50c
sim/build/arm-localize-package-jugnjngz/selftest-evidence/result-crops-16eaehtk/target_000.pgm	生成的仿真/构建/打包产物	23	54c75411bd7638b2c5d4f2a329e5bf2ae1c5191b3c799c205fe0aad52f12a348
sim/build/arm-localize-package-jugnjngz/selftest-evidence/result-crops-16eaehtk/target_001.hex	生成的仿真/构建/打包产物	36	d9958ae5248655fd5774b377577f82db068c27322ca3a51c5577effb50ccc1b8
sim/build/arm-localize-package-jugnjngz/selftest-evidence/result-crops-16eaehtk/target_001.pgm	生成的仿真/构建/打包产物	23	54e6a25edd3b88909b1ad86cf168d6b00ee012cf5e724e0f9e6992d6d04adc10
sim/build/arm-localize-package-jugnjngz/selftest-evidence/result.json	生成的仿真/构建/打包产物	3258	b97654c882ca93663c2f2310b3711069d9a8872915222d07cae8a2c3fbb904c0
sim/build/arm-localize-package-jugnjngz/two_targets.json	生成的仿真/构建/打包产物	439	6a28cfa975586bf71a2b8e979896cccbc2d108801d46063d860421f874be96cd
sim/build/arm-localize-package-kokx511f/README.md	生成的仿真/构建/打包产物	2635	c32b79f13db44204f2e2cbc4a2d096b1f01497d4ab589247348003a600cd2d29
sim/build/arm-localize-package-kokx511f/arm_localize.py	生成的仿真/构建/打包产物	4692	d31abca31b25bdcaffc51e4ce2efe7e000b6e62a09afc39acd69d5460e340061
sim/build/arm-localize-package-kokx511f/arm_localize_bench.py	生成的仿真/构建/打包产物	4642	4c34139cd7a056a13c39796c21a4b32571be953fcd603b1815d90e5c7c8388ed
sim/build/arm-localize-package-kokx511f/arm_localize_selftest.py	生成的仿真/构建/打包产物	1919	a071d8183c5c4514b67b1002a08639db1f0e82e64a7a6c37622d6f071130d834
sim/build/arm-localize-package-kokx511f/benchmark-test/run-wo_aaoa2/tiny/input.json	生成的仿真/构建/打包产物	390	a18213218cbed18c012392eb09679c58ee77f02182c7347a2ac871ff7aa8f6df
sim/build/arm-localize-package-kokx511f/benchmark-test/run-wo_aaoa2/tiny/sample-00-crops-k4fybp9q/target_000.hex	生成的仿真/构建/打包产物	12288	22d37839cb28715731400ea782e57d23e85facfad52553524b32f7c091222b63
sim/build/arm-localize-package-kokx511f/benchmark-test/run-wo_aaoa2/tiny/sample-00-crops-k4fybp9q/target_000.pgm	生成的仿真/构建/打包产物	4109	20338307550c5d824a81161c204d3077a072d8fe29948aaa0e24b92b59416041
sim/build/arm-localize-package-kokx511f/benchmark-test/run-wo_aaoa2/tiny/sample-00-crops-k4fybp9q/target_001.hex	生成的仿真/构建/打包产物	12288	f2b1505a8a564217b39e1ebb6de63fc377243309879135fd69c0eb967448d1aa
sim/build/arm-localize-package-kokx511f/benchmark-test/run-wo_aaoa2/tiny/sample-00-crops-k4fybp9q/target_001.pgm	生成的仿真/构建/打包产物	4109	cd3c18d37e4edabdf84e67fb5a3ac3f679f7c681d82ffbfc486665c965de444e
sim/build/arm-localize-package-kokx511f/benchmark-test/run-wo_aaoa2/tiny/sample-00.json	生成的仿真/构建/打包产物	120080	c7bcf9184207d01c0b7dd866318fd805581f90b2672f3a7bdd679b8529ffd519
sim/build/arm-localize-package-kokx511f/benchmark-test/run-wo_aaoa2/tiny/sample-01-crops-k_2lq3q_/target_000.hex	生成的仿真/构建/打包产物	12288	22d37839cb28715731400ea782e57d23e85facfad52553524b32f7c091222b63
sim/build/arm-localize-package-kokx511f/benchmark-test/run-wo_aaoa2/tiny/sample-01-crops-k_2lq3q_/target_000.pgm	生成的仿真/构建/打包产物	4109	20338307550c5d824a81161c204d3077a072d8fe29948aaa0e24b92b59416041
sim/build/arm-localize-package-kokx511f/benchmark-test/run-wo_aaoa2/tiny/sample-01-crops-k_2lq3q_/target_001.hex	生成的仿真/构建/打包产物	12288	f2b1505a8a564217b39e1ebb6de63fc377243309879135fd69c0eb967448d1aa
sim/build/arm-localize-package-kokx511f/benchmark-test/run-wo_aaoa2/tiny/sample-01-crops-k_2lq3q_/target_001.pgm	生成的仿真/构建/打包产物	4109	cd3c18d37e4edabdf84e67fb5a3ac3f679f7c681d82ffbfc486665c965de444e
sim/build/arm-localize-package-kokx511f/benchmark-test/run-wo_aaoa2/tiny/sample-01.json	生成的仿真/构建/打包产物	120079	c155b8c051408fa00861254fd2eb86b6e53969e42c054e356bfe79f6b3753265
sim/build/arm-localize-package-kokx511f/benchmark-test/run-wo_aaoa2/tiny/warmup-00-crops-pvvbndae/target_000.hex	生成的仿真/构建/打包产物	12288	22d37839cb28715731400ea782e57d23e85facfad52553524b32f7c091222b63
sim/build/arm-localize-package-kokx511f/benchmark-test/run-wo_aaoa2/tiny/warmup-00-crops-pvvbndae/target_000.pgm	生成的仿真/构建/打包产物	4109	20338307550c5d824a81161c204d3077a072d8fe29948aaa0e24b92b59416041
sim/build/arm-localize-package-kokx511f/benchmark-test/run-wo_aaoa2/tiny/warmup-00-crops-pvvbndae/target_001.hex	生成的仿真/构建/打包产物	12288	f2b1505a8a564217b39e1ebb6de63fc377243309879135fd69c0eb967448d1aa
sim/build/arm-localize-package-kokx511f/benchmark-test/run-wo_aaoa2/tiny/warmup-00-crops-pvvbndae/target_001.pgm	生成的仿真/构建/打包产物	4109	cd3c18d37e4edabdf84e67fb5a3ac3f679f7c681d82ffbfc486665c965de444e
sim/build/arm-localize-package-kokx511f/benchmark-test/run-wo_aaoa2/tiny/warmup-00.json	生成的仿真/构建/打包产物	120079	fae75328311d72fb8a8e81e5fb582ee5fc47ddd71329bb994de4300f267e8108
sim/build/arm-localize-package-kokx511f/benchmark-test/summary.json	生成的仿真/构建/打包产物	1356	627afeaa1ac41140ae4c5d1a4c5e9b43ab56ddb3c551f80a2f331cdab4eeb9e0
sim/build/arm-localize-package-kokx511f/cli-crops-71yoi816/target_000.hex	生成的仿真/构建/打包产物	12288	22d37839cb28715731400ea782e57d23e85facfad52553524b32f7c091222b63
sim/build/arm-localize-package-kokx511f/cli-crops-71yoi816/target_000.pgm	生成的仿真/构建/打包产物	4109	20338307550c5d824a81161c204d3077a072d8fe29948aaa0e24b92b59416041
sim/build/arm-localize-package-kokx511f/cli-crops-71yoi816/target_001.hex	生成的仿真/构建/打包产物	12288	f2b1505a8a564217b39e1ebb6de63fc377243309879135fd69c0eb967448d1aa
sim/build/arm-localize-package-kokx511f/cli-crops-71yoi816/target_001.pgm	生成的仿真/构建/打包产物	4109	cd3c18d37e4edabdf84e67fb5a3ac3f679f7c681d82ffbfc486665c965de444e
sim/build/arm-localize-package-kokx511f/cli.json	生成的仿真/构建/打包产物	120048	bfdbbcd5f1a04af1926dfc49744abb6ad46133b85f64c99a81e6547910522166
sim/build/arm-localize-package-kokx511f/manifest.json	生成的仿真/构建/打包产物	657	e3f598d951875c3a9bb2411f9fb41365b8635c1f9c24e71b5715780619f1274d
sim/build/arm-localize-package-kokx511f/reference.py	生成的仿真/构建/打包产物	3600	2b9c2b2af41b3d560359aafa1d06ec708a492c36328f3173b5e606f00fd6a073
sim/build/arm-localize-package-kokx511f/selftest-evidence/result-crops-t6ltxm_t/target_000.hex	生成的仿真/构建/打包产物	36	49177673c0579eadc9408c5a54a7d893694f1a66d3899be9f912eeff16fab50c
sim/build/arm-localize-package-kokx511f/selftest-evidence/result-crops-t6ltxm_t/target_000.pgm	生成的仿真/构建/打包产物	23	54c75411bd7638b2c5d4f2a329e5bf2ae1c5191b3c799c205fe0aad52f12a348
sim/build/arm-localize-package-kokx511f/selftest-evidence/result-crops-t6ltxm_t/target_001.hex	生成的仿真/构建/打包产物	36	d9958ae5248655fd5774b377577f82db068c27322ca3a51c5577effb50ccc1b8
sim/build/arm-localize-package-kokx511f/selftest-evidence/result-crops-t6ltxm_t/target_001.pgm	生成的仿真/构建/打包产物	23	54e6a25edd3b88909b1ad86cf168d6b00ee012cf5e724e0f9e6992d6d04adc10
sim/build/arm-localize-package-kokx511f/selftest-evidence/result.json	生成的仿真/构建/打包产物	3258	deecb8d3ed3e39ec1f9e8140f839e8a4b3290ee807fa4c2c9615cd2d6e50fdcd
sim/build/arm-localize-package-kokx511f/two_targets.json	生成的仿真/构建/打包产物	439	6a28cfa975586bf71a2b8e979896cccbc2d108801d46063d860421f874be96cd
sim/build/arm-localize-package-numk4viy/README.md	生成的仿真/构建/打包产物	2635	c32b79f13db44204f2e2cbc4a2d096b1f01497d4ab589247348003a600cd2d29
sim/build/arm-localize-package-numk4viy/arm_localize.py	生成的仿真/构建/打包产物	4692	d31abca31b25bdcaffc51e4ce2efe7e000b6e62a09afc39acd69d5460e340061
sim/build/arm-localize-package-numk4viy/arm_localize_bench.py	生成的仿真/构建/打包产物	4642	4c34139cd7a056a13c39796c21a4b32571be953fcd603b1815d90e5c7c8388ed
sim/build/arm-localize-package-numk4viy/arm_localize_selftest.py	生成的仿真/构建/打包产物	1919	a071d8183c5c4514b67b1002a08639db1f0e82e64a7a6c37622d6f071130d834
sim/build/arm-localize-package-numk4viy/benchmark-test/run-dnml0yhy/tiny/input.json	生成的仿真/构建/打包产物	390	a18213218cbed18c012392eb09679c58ee77f02182c7347a2ac871ff7aa8f6df
sim/build/arm-localize-package-numk4viy/benchmark-test/run-dnml0yhy/tiny/sample-00-crops-0szaaq1n/target_000.hex	生成的仿真/构建/打包产物	12288	22d37839cb28715731400ea782e57d23e85facfad52553524b32f7c091222b63
sim/build/arm-localize-package-numk4viy/benchmark-test/run-dnml0yhy/tiny/sample-00-crops-0szaaq1n/target_000.pgm	生成的仿真/构建/打包产物	4109	20338307550c5d824a81161c204d3077a072d8fe29948aaa0e24b92b59416041
sim/build/arm-localize-package-numk4viy/benchmark-test/run-dnml0yhy/tiny/sample-00-crops-0szaaq1n/target_001.hex	生成的仿真/构建/打包产物	12288	f2b1505a8a564217b39e1ebb6de63fc377243309879135fd69c0eb967448d1aa
sim/build/arm-localize-package-numk4viy/benchmark-test/run-dnml0yhy/tiny/sample-00-crops-0szaaq1n/target_001.pgm	生成的仿真/构建/打包产物	4109	cd3c18d37e4edabdf84e67fb5a3ac3f679f7c681d82ffbfc486665c965de444e
sim/build/arm-localize-package-numk4viy/benchmark-test/run-dnml0yhy/tiny/sample-00.json	生成的仿真/构建/打包产物	120080	1e68956a9c57af5092ac8abe802890b91e69ae26e2ded4c9ae056e25ce2bbf34
sim/build/arm-localize-package-numk4viy/benchmark-test/run-dnml0yhy/tiny/sample-01-crops-p_zmv7y3/target_000.hex	生成的仿真/构建/打包产物	12288	22d37839cb28715731400ea782e57d23e85facfad52553524b32f7c091222b63
sim/build/arm-localize-package-numk4viy/benchmark-test/run-dnml0yhy/tiny/sample-01-crops-p_zmv7y3/target_000.pgm	生成的仿真/构建/打包产物	4109	20338307550c5d824a81161c204d3077a072d8fe29948aaa0e24b92b59416041
sim/build/arm-localize-package-numk4viy/benchmark-test/run-dnml0yhy/tiny/sample-01-crops-p_zmv7y3/target_001.hex	生成的仿真/构建/打包产物	12288	f2b1505a8a564217b39e1ebb6de63fc377243309879135fd69c0eb967448d1aa
sim/build/arm-localize-package-numk4viy/benchmark-test/run-dnml0yhy/tiny/sample-01-crops-p_zmv7y3/target_001.pgm	生成的仿真/构建/打包产物	4109	cd3c18d37e4edabdf84e67fb5a3ac3f679f7c681d82ffbfc486665c965de444e
sim/build/arm-localize-package-numk4viy/benchmark-test/run-dnml0yhy/tiny/sample-01.json	生成的仿真/构建/打包产物	120079	ab0530773fb325c3dc10e35490ee2e94a2c9df15cb54a86b133439d820bf54ec
sim/build/arm-localize-package-numk4viy/benchmark-test/run-dnml0yhy/tiny/warmup-00-crops-866n70jv/target_000.hex	生成的仿真/构建/打包产物	12288	22d37839cb28715731400ea782e57d23e85facfad52553524b32f7c091222b63
sim/build/arm-localize-package-numk4viy/benchmark-test/run-dnml0yhy/tiny/warmup-00-crops-866n70jv/target_000.pgm	生成的仿真/构建/打包产物	4109	20338307550c5d824a81161c204d3077a072d8fe29948aaa0e24b92b59416041
sim/build/arm-localize-package-numk4viy/benchmark-test/run-dnml0yhy/tiny/warmup-00-crops-866n70jv/target_001.hex	生成的仿真/构建/打包产物	12288	f2b1505a8a564217b39e1ebb6de63fc377243309879135fd69c0eb967448d1aa
sim/build/arm-localize-package-numk4viy/benchmark-test/run-dnml0yhy/tiny/warmup-00-crops-866n70jv/target_001.pgm	生成的仿真/构建/打包产物	4109	cd3c18d37e4edabdf84e67fb5a3ac3f679f7c681d82ffbfc486665c965de444e
sim/build/arm-localize-package-numk4viy/benchmark-test/run-dnml0yhy/tiny/warmup-00.json	生成的仿真/构建/打包产物	120080	790829878df79d143cf8fd9e14475228c29b90cfb11e2f6acdeff4c5b6405454
sim/build/arm-localize-package-numk4viy/benchmark-test/summary.json	生成的仿真/构建/打包产物	1365	341568af6e5db2bbcdf149a53583769f7d25f4bee5b427176b4094ba1d92cb13
sim/build/arm-localize-package-numk4viy/cli-crops-4nz2hca7/target_000.hex	生成的仿真/构建/打包产物	12288	22d37839cb28715731400ea782e57d23e85facfad52553524b32f7c091222b63
sim/build/arm-localize-package-numk4viy/cli-crops-4nz2hca7/target_000.pgm	生成的仿真/构建/打包产物	4109	20338307550c5d824a81161c204d3077a072d8fe29948aaa0e24b92b59416041
sim/build/arm-localize-package-numk4viy/cli-crops-4nz2hca7/target_001.hex	生成的仿真/构建/打包产物	12288	f2b1505a8a564217b39e1ebb6de63fc377243309879135fd69c0eb967448d1aa
sim/build/arm-localize-package-numk4viy/cli-crops-4nz2hca7/target_001.pgm	生成的仿真/构建/打包产物	4109	cd3c18d37e4edabdf84e67fb5a3ac3f679f7c681d82ffbfc486665c965de444e
sim/build/arm-localize-package-numk4viy/cli.json	生成的仿真/构建/打包产物	120048	78e2057b1fd05a92a364e8b4511eddca07efc10ba944dcefedb7356a60f3ef4c
sim/build/arm-localize-package-numk4viy/manifest.json	生成的仿真/构建/打包产物	657	e3f598d951875c3a9bb2411f9fb41365b8635c1f9c24e71b5715780619f1274d
sim/build/arm-localize-package-numk4viy/reference.py	生成的仿真/构建/打包产物	3600	2b9c2b2af41b3d560359aafa1d06ec708a492c36328f3173b5e606f00fd6a073
sim/build/arm-localize-package-numk4viy/selftest-evidence/result-crops-1f9247kg/target_000.hex	生成的仿真/构建/打包产物	36	49177673c0579eadc9408c5a54a7d893694f1a66d3899be9f912eeff16fab50c
sim/build/arm-localize-package-numk4viy/selftest-evidence/result-crops-1f9247kg/target_000.pgm	生成的仿真/构建/打包产物	23	54c75411bd7638b2c5d4f2a329e5bf2ae1c5191b3c799c205fe0aad52f12a348
sim/build/arm-localize-package-numk4viy/selftest-evidence/result-crops-1f9247kg/target_001.hex	生成的仿真/构建/打包产物	36	d9958ae5248655fd5774b377577f82db068c27322ca3a51c5577effb50ccc1b8
sim/build/arm-localize-package-numk4viy/selftest-evidence/result-crops-1f9247kg/target_001.pgm	生成的仿真/构建/打包产物	23	54e6a25edd3b88909b1ad86cf168d6b00ee012cf5e724e0f9e6992d6d04adc10
sim/build/arm-localize-package-numk4viy/selftest-evidence/result.json	生成的仿真/构建/打包产物	3258	d09eda8830a12833a5341248cb531e4a1431f1309178224f35dc31b27b08672a
sim/build/arm-localize-package-numk4viy/two_targets.json	生成的仿真/构建/打包产物	439	6a28cfa975586bf71a2b8e979896cccbc2d108801d46063d860421f874be96cd
sim/build/arm-localize-package-pcft9os4/README.md	生成的仿真/构建/打包产物	2635	c32b79f13db44204f2e2cbc4a2d096b1f01497d4ab589247348003a600cd2d29
sim/build/arm-localize-package-pcft9os4/arm_localize.py	生成的仿真/构建/打包产物	4692	d31abca31b25bdcaffc51e4ce2efe7e000b6e62a09afc39acd69d5460e340061
sim/build/arm-localize-package-pcft9os4/arm_localize_bench.py	生成的仿真/构建/打包产物	4642	4c34139cd7a056a13c39796c21a4b32571be953fcd603b1815d90e5c7c8388ed
sim/build/arm-localize-package-pcft9os4/arm_localize_selftest.py	生成的仿真/构建/打包产物	1919	a071d8183c5c4514b67b1002a08639db1f0e82e64a7a6c37622d6f071130d834
sim/build/arm-localize-package-pcft9os4/benchmark-test/run-qs7bkjz0/tiny/input.json	生成的仿真/构建/打包产物	390	a18213218cbed18c012392eb09679c58ee77f02182c7347a2ac871ff7aa8f6df
sim/build/arm-localize-package-pcft9os4/benchmark-test/run-qs7bkjz0/tiny/sample-00-crops-pnk9bory/target_000.hex	生成的仿真/构建/打包产物	12288	22d37839cb28715731400ea782e57d23e85facfad52553524b32f7c091222b63
sim/build/arm-localize-package-pcft9os4/benchmark-test/run-qs7bkjz0/tiny/sample-00-crops-pnk9bory/target_000.pgm	生成的仿真/构建/打包产物	4109	20338307550c5d824a81161c204d3077a072d8fe29948aaa0e24b92b59416041
sim/build/arm-localize-package-pcft9os4/benchmark-test/run-qs7bkjz0/tiny/sample-00-crops-pnk9bory/target_001.hex	生成的仿真/构建/打包产物	12288	f2b1505a8a564217b39e1ebb6de63fc377243309879135fd69c0eb967448d1aa
sim/build/arm-localize-package-pcft9os4/benchmark-test/run-qs7bkjz0/tiny/sample-00-crops-pnk9bory/target_001.pgm	生成的仿真/构建/打包产物	4109	cd3c18d37e4edabdf84e67fb5a3ac3f679f7c681d82ffbfc486665c965de444e
sim/build/arm-localize-package-pcft9os4/benchmark-test/run-qs7bkjz0/tiny/sample-00.json	生成的仿真/构建/打包产物	120079	885dd9786d7ed01297116fac8fe835d102df45b1c8a6c52c4a4e25564319b798
sim/build/arm-localize-package-pcft9os4/benchmark-test/run-qs7bkjz0/tiny/sample-01-crops-owc5zhuo/target_000.hex	生成的仿真/构建/打包产物	12288	22d37839cb28715731400ea782e57d23e85facfad52553524b32f7c091222b63
sim/build/arm-localize-package-pcft9os4/benchmark-test/run-qs7bkjz0/tiny/sample-01-crops-owc5zhuo/target_000.pgm	生成的仿真/构建/打包产物	4109	20338307550c5d824a81161c204d3077a072d8fe29948aaa0e24b92b59416041
sim/build/arm-localize-package-pcft9os4/benchmark-test/run-qs7bkjz0/tiny/sample-01-crops-owc5zhuo/target_001.hex	生成的仿真/构建/打包产物	12288	f2b1505a8a564217b39e1ebb6de63fc377243309879135fd69c0eb967448d1aa
sim/build/arm-localize-package-pcft9os4/benchmark-test/run-qs7bkjz0/tiny/sample-01-crops-owc5zhuo/target_001.pgm	生成的仿真/构建/打包产物	4109	cd3c18d37e4edabdf84e67fb5a3ac3f679f7c681d82ffbfc486665c965de444e
sim/build/arm-localize-package-pcft9os4/benchmark-test/run-qs7bkjz0/tiny/sample-01.json	生成的仿真/构建/打包产物	120080	d408c51e1955d90700f850a4978ef39a084f17539da3e92b95eaaf057b26b93c
sim/build/arm-localize-package-pcft9os4/benchmark-test/run-qs7bkjz0/tiny/warmup-00-crops-e9jem0mc/target_000.hex	生成的仿真/构建/打包产物	12288	22d37839cb28715731400ea782e57d23e85facfad52553524b32f7c091222b63
sim/build/arm-localize-package-pcft9os4/benchmark-test/run-qs7bkjz0/tiny/warmup-00-crops-e9jem0mc/target_000.pgm	生成的仿真/构建/打包产物	4109	20338307550c5d824a81161c204d3077a072d8fe29948aaa0e24b92b59416041
sim/build/arm-localize-package-pcft9os4/benchmark-test/run-qs7bkjz0/tiny/warmup-00-crops-e9jem0mc/target_001.hex	生成的仿真/构建/打包产物	12288	f2b1505a8a564217b39e1ebb6de63fc377243309879135fd69c0eb967448d1aa
sim/build/arm-localize-package-pcft9os4/benchmark-test/run-qs7bkjz0/tiny/warmup-00-crops-e9jem0mc/target_001.pgm	生成的仿真/构建/打包产物	4109	cd3c18d37e4edabdf84e67fb5a3ac3f679f7c681d82ffbfc486665c965de444e
sim/build/arm-localize-package-pcft9os4/benchmark-test/run-qs7bkjz0/tiny/warmup-00.json	生成的仿真/构建/打包产物	120080	b140d8d7bb73408a9f53609742890e4215687c345b0f4fff09e1d11a594d4ed5
sim/build/arm-localize-package-pcft9os4/benchmark-test/summary.json	生成的仿真/构建/打包产物	1355	ceab1fe7a92733f745ae9ab7e5516e87ad10cc4dbf3e354ea860ee5073d83aa0
sim/build/arm-localize-package-pcft9os4/cli-crops-v3lcn0k_/target_000.hex	生成的仿真/构建/打包产物	12288	22d37839cb28715731400ea782e57d23e85facfad52553524b32f7c091222b63
sim/build/arm-localize-package-pcft9os4/cli-crops-v3lcn0k_/target_000.pgm	生成的仿真/构建/打包产物	4109	20338307550c5d824a81161c204d3077a072d8fe29948aaa0e24b92b59416041
sim/build/arm-localize-package-pcft9os4/cli-crops-v3lcn0k_/target_001.hex	生成的仿真/构建/打包产物	12288	f2b1505a8a564217b39e1ebb6de63fc377243309879135fd69c0eb967448d1aa
sim/build/arm-localize-package-pcft9os4/cli-crops-v3lcn0k_/target_001.pgm	生成的仿真/构建/打包产物	4109	cd3c18d37e4edabdf84e67fb5a3ac3f679f7c681d82ffbfc486665c965de444e
sim/build/arm-localize-package-pcft9os4/cli.json	生成的仿真/构建/打包产物	120048	107ef8d8cdef513560f6d5f8422d8b596596ae2fbf1849ea715dd24d89085618
sim/build/arm-localize-package-pcft9os4/manifest.json	生成的仿真/构建/打包产物	657	e3f598d951875c3a9bb2411f9fb41365b8635c1f9c24e71b5715780619f1274d
sim/build/arm-localize-package-pcft9os4/reference.py	生成的仿真/构建/打包产物	3600	2b9c2b2af41b3d560359aafa1d06ec708a492c36328f3173b5e606f00fd6a073
sim/build/arm-localize-package-pcft9os4/selftest-evidence/result-crops-9559ghaj/target_000.hex	生成的仿真/构建/打包产物	36	49177673c0579eadc9408c5a54a7d893694f1a66d3899be9f912eeff16fab50c
sim/build/arm-localize-package-pcft9os4/selftest-evidence/result-crops-9559ghaj/target_000.pgm	生成的仿真/构建/打包产物	23	54c75411bd7638b2c5d4f2a329e5bf2ae1c5191b3c799c205fe0aad52f12a348
sim/build/arm-localize-package-pcft9os4/selftest-evidence/result-crops-9559ghaj/target_001.hex	生成的仿真/构建/打包产物	36	d9958ae5248655fd5774b377577f82db068c27322ca3a51c5577effb50ccc1b8
sim/build/arm-localize-package-pcft9os4/selftest-evidence/result-crops-9559ghaj/target_001.pgm	生成的仿真/构建/打包产物	23	54e6a25edd3b88909b1ad86cf168d6b00ee012cf5e724e0f9e6992d6d04adc10
sim/build/arm-localize-package-pcft9os4/selftest-evidence/result.json	生成的仿真/构建/打包产物	3258	0510e87530609f5606c0d76785954765472a72cb0b5243ff531f85be9d56fa75
sim/build/arm-localize-package-pcft9os4/two_targets.json	生成的仿真/构建/打包产物	439	6a28cfa975586bf71a2b8e979896cccbc2d108801d46063d860421f874be96cd
sim/build/arm-localize-package-r1ri076j/README.md	生成的仿真/构建/打包产物	2635	c32b79f13db44204f2e2cbc4a2d096b1f01497d4ab589247348003a600cd2d29
sim/build/arm-localize-package-r1ri076j/arm_localize.py	生成的仿真/构建/打包产物	4692	d31abca31b25bdcaffc51e4ce2efe7e000b6e62a09afc39acd69d5460e340061
sim/build/arm-localize-package-r1ri076j/arm_localize_bench.py	生成的仿真/构建/打包产物	4642	4c34139cd7a056a13c39796c21a4b32571be953fcd603b1815d90e5c7c8388ed
sim/build/arm-localize-package-r1ri076j/arm_localize_selftest.py	生成的仿真/构建/打包产物	1919	a071d8183c5c4514b67b1002a08639db1f0e82e64a7a6c37622d6f071130d834
sim/build/arm-localize-package-r1ri076j/benchmark-test/run-5q8x78x8/tiny/input.json	生成的仿真/构建/打包产物	390	a18213218cbed18c012392eb09679c58ee77f02182c7347a2ac871ff7aa8f6df
sim/build/arm-localize-package-r1ri076j/benchmark-test/run-5q8x78x8/tiny/sample-00-crops-v9opd3ey/target_000.hex	生成的仿真/构建/打包产物	12288	22d37839cb28715731400ea782e57d23e85facfad52553524b32f7c091222b63
sim/build/arm-localize-package-r1ri076j/benchmark-test/run-5q8x78x8/tiny/sample-00-crops-v9opd3ey/target_000.pgm	生成的仿真/构建/打包产物	4109	20338307550c5d824a81161c204d3077a072d8fe29948aaa0e24b92b59416041
sim/build/arm-localize-package-r1ri076j/benchmark-test/run-5q8x78x8/tiny/sample-00-crops-v9opd3ey/target_001.hex	生成的仿真/构建/打包产物	12288	f2b1505a8a564217b39e1ebb6de63fc377243309879135fd69c0eb967448d1aa
sim/build/arm-localize-package-r1ri076j/benchmark-test/run-5q8x78x8/tiny/sample-00-crops-v9opd3ey/target_001.pgm	生成的仿真/构建/打包产物	4109	cd3c18d37e4edabdf84e67fb5a3ac3f679f7c681d82ffbfc486665c965de444e
sim/build/arm-localize-package-r1ri076j/benchmark-test/run-5q8x78x8/tiny/sample-00.json	生成的仿真/构建/打包产物	120080	ca9e7cabc1d3ce4a415e0453d0037e386192ccbc99445509d8b2389c920245ab
sim/build/arm-localize-package-r1ri076j/benchmark-test/run-5q8x78x8/tiny/sample-01-crops-gb6gaivg/target_000.hex	生成的仿真/构建/打包产物	12288	22d37839cb28715731400ea782e57d23e85facfad52553524b32f7c091222b63
sim/build/arm-localize-package-r1ri076j/benchmark-test/run-5q8x78x8/tiny/sample-01-crops-gb6gaivg/target_000.pgm	生成的仿真/构建/打包产物	4109	20338307550c5d824a81161c204d3077a072d8fe29948aaa0e24b92b59416041
sim/build/arm-localize-package-r1ri076j/benchmark-test/run-5q8x78x8/tiny/sample-01-crops-gb6gaivg/target_001.hex	生成的仿真/构建/打包产物	12288	f2b1505a8a564217b39e1ebb6de63fc377243309879135fd69c0eb967448d1aa
sim/build/arm-localize-package-r1ri076j/benchmark-test/run-5q8x78x8/tiny/sample-01-crops-gb6gaivg/target_001.pgm	生成的仿真/构建/打包产物	4109	cd3c18d37e4edabdf84e67fb5a3ac3f679f7c681d82ffbfc486665c965de444e
sim/build/arm-localize-package-r1ri076j/benchmark-test/run-5q8x78x8/tiny/sample-01.json	生成的仿真/构建/打包产物	120080	8da4c209f5430fce5fefcc23f2f929ca9d8b5b582ac9db82b1e648c102a87f3c
sim/build/arm-localize-package-r1ri076j/benchmark-test/run-5q8x78x8/tiny/warmup-00-crops-57e6teey/target_000.hex	生成的仿真/构建/打包产物	12288	22d37839cb28715731400ea782e57d23e85facfad52553524b32f7c091222b63
sim/build/arm-localize-package-r1ri076j/benchmark-test/run-5q8x78x8/tiny/warmup-00-crops-57e6teey/target_000.pgm	生成的仿真/构建/打包产物	4109	20338307550c5d824a81161c204d3077a072d8fe29948aaa0e24b92b59416041
sim/build/arm-localize-package-r1ri076j/benchmark-test/run-5q8x78x8/tiny/warmup-00-crops-57e6teey/target_001.hex	生成的仿真/构建/打包产物	12288	f2b1505a8a564217b39e1ebb6de63fc377243309879135fd69c0eb967448d1aa
sim/build/arm-localize-package-r1ri076j/benchmark-test/run-5q8x78x8/tiny/warmup-00-crops-57e6teey/target_001.pgm	生成的仿真/构建/打包产物	4109	cd3c18d37e4edabdf84e67fb5a3ac3f679f7c681d82ffbfc486665c965de444e
sim/build/arm-localize-package-r1ri076j/benchmark-test/run-5q8x78x8/tiny/warmup-00.json	生成的仿真/构建/打包产物	120080	89547742770d73942948c5cd16a4d6b819b7d9f862fe471b11c5c3a6936f0678
sim/build/arm-localize-package-r1ri076j/benchmark-test/summary.json	生成的仿真/构建/打包产物	1355	7407ddf7676e532c6b538ffdbe69fb10842d057d89855d2952fce2620e732e42
sim/build/arm-localize-package-r1ri076j/cli-crops-iq9jfyv1/target_000.hex	生成的仿真/构建/打包产物	12288	22d37839cb28715731400ea782e57d23e85facfad52553524b32f7c091222b63
sim/build/arm-localize-package-r1ri076j/cli-crops-iq9jfyv1/target_000.pgm	生成的仿真/构建/打包产物	4109	20338307550c5d824a81161c204d3077a072d8fe29948aaa0e24b92b59416041
sim/build/arm-localize-package-r1ri076j/cli-crops-iq9jfyv1/target_001.hex	生成的仿真/构建/打包产物	12288	f2b1505a8a564217b39e1ebb6de63fc377243309879135fd69c0eb967448d1aa
sim/build/arm-localize-package-r1ri076j/cli-crops-iq9jfyv1/target_001.pgm	生成的仿真/构建/打包产物	4109	cd3c18d37e4edabdf84e67fb5a3ac3f679f7c681d82ffbfc486665c965de444e
sim/build/arm-localize-package-r1ri076j/cli.json	生成的仿真/构建/打包产物	120048	0a8e02ade7461043b76901741222ba0157d2c3751baaa0f4577da13fe44a94f6
sim/build/arm-localize-package-r1ri076j/manifest.json	生成的仿真/构建/打包产物	657	e1740de2e7af0ae43814c529462aaa2c7650ffdeee454ea6c918481dc958ef91
sim/build/arm-localize-package-r1ri076j/reference.py	生成的仿真/构建/打包产物	3600	2b9c2b2af41b3d560359aafa1d06ec708a492c36328f3173b5e606f00fd6a073
sim/build/arm-localize-package-r1ri076j/selftest-evidence/result-crops-f9xi_rqz/target_000.hex	生成的仿真/构建/打包产物	36	49177673c0579eadc9408c5a54a7d893694f1a66d3899be9f912eeff16fab50c
sim/build/arm-localize-package-r1ri076j/selftest-evidence/result-crops-f9xi_rqz/target_000.pgm	生成的仿真/构建/打包产物	23	54c75411bd7638b2c5d4f2a329e5bf2ae1c5191b3c799c205fe0aad52f12a348
sim/build/arm-localize-package-r1ri076j/selftest-evidence/result-crops-f9xi_rqz/target_001.hex	生成的仿真/构建/打包产物	36	d9958ae5248655fd5774b377577f82db068c27322ca3a51c5577effb50ccc1b8
sim/build/arm-localize-package-r1ri076j/selftest-evidence/result-crops-f9xi_rqz/target_001.pgm	生成的仿真/构建/打包产物	23	54e6a25edd3b88909b1ad86cf168d6b00ee012cf5e724e0f9e6992d6d04adc10
sim/build/arm-localize-package-r1ri076j/selftest-evidence/result.json	生成的仿真/构建/打包产物	3258	698dbf99978319150878139f928f70aade7298da926dbd891f953f3de98ca26b
sim/build/arm-localize-package-r1ri076j/two_targets.json	生成的仿真/构建/打包产物	439	6a28cfa975586bf71a2b8e979896cccbc2d108801d46063d860421f874be96cd
sim/build/arm-localize-package-s97ldik0/README.md	生成的仿真/构建/打包产物	2635	c32b79f13db44204f2e2cbc4a2d096b1f01497d4ab589247348003a600cd2d29
sim/build/arm-localize-package-s97ldik0/arm_localize.py	生成的仿真/构建/打包产物	4692	d31abca31b25bdcaffc51e4ce2efe7e000b6e62a09afc39acd69d5460e340061
sim/build/arm-localize-package-s97ldik0/arm_localize_bench.py	生成的仿真/构建/打包产物	4642	4c34139cd7a056a13c39796c21a4b32571be953fcd603b1815d90e5c7c8388ed
sim/build/arm-localize-package-s97ldik0/arm_localize_selftest.py	生成的仿真/构建/打包产物	1919	a071d8183c5c4514b67b1002a08639db1f0e82e64a7a6c37622d6f071130d834
sim/build/arm-localize-package-s97ldik0/benchmark-test/run-dn955jbd/tiny/input.json	生成的仿真/构建/打包产物	390	a18213218cbed18c012392eb09679c58ee77f02182c7347a2ac871ff7aa8f6df
sim/build/arm-localize-package-s97ldik0/benchmark-test/run-dn955jbd/tiny/sample-00-crops-zbnfs3mr/target_000.hex	生成的仿真/构建/打包产物	12288	22d37839cb28715731400ea782e57d23e85facfad52553524b32f7c091222b63
sim/build/arm-localize-package-s97ldik0/benchmark-test/run-dn955jbd/tiny/sample-00-crops-zbnfs3mr/target_000.pgm	生成的仿真/构建/打包产物	4109	20338307550c5d824a81161c204d3077a072d8fe29948aaa0e24b92b59416041
sim/build/arm-localize-package-s97ldik0/benchmark-test/run-dn955jbd/tiny/sample-00-crops-zbnfs3mr/target_001.hex	生成的仿真/构建/打包产物	12288	f2b1505a8a564217b39e1ebb6de63fc377243309879135fd69c0eb967448d1aa
sim/build/arm-localize-package-s97ldik0/benchmark-test/run-dn955jbd/tiny/sample-00-crops-zbnfs3mr/target_001.pgm	生成的仿真/构建/打包产物	4109	cd3c18d37e4edabdf84e67fb5a3ac3f679f7c681d82ffbfc486665c965de444e
sim/build/arm-localize-package-s97ldik0/benchmark-test/run-dn955jbd/tiny/sample-00.json	生成的仿真/构建/打包产物	120080	26a57baf702802fdb54940a3f925b01565787255af4dd37c91e184e01af4850e
sim/build/arm-localize-package-s97ldik0/benchmark-test/run-dn955jbd/tiny/sample-01-crops-qk5i9gl0/target_000.hex	生成的仿真/构建/打包产物	12288	22d37839cb28715731400ea782e57d23e85facfad52553524b32f7c091222b63
sim/build/arm-localize-package-s97ldik0/benchmark-test/run-dn955jbd/tiny/sample-01-crops-qk5i9gl0/target_000.pgm	生成的仿真/构建/打包产物	4109	20338307550c5d824a81161c204d3077a072d8fe29948aaa0e24b92b59416041
sim/build/arm-localize-package-s97ldik0/benchmark-test/run-dn955jbd/tiny/sample-01-crops-qk5i9gl0/target_001.hex	生成的仿真/构建/打包产物	12288	f2b1505a8a564217b39e1ebb6de63fc377243309879135fd69c0eb967448d1aa
sim/build/arm-localize-package-s97ldik0/benchmark-test/run-dn955jbd/tiny/sample-01-crops-qk5i9gl0/target_001.pgm	生成的仿真/构建/打包产物	4109	cd3c18d37e4edabdf84e67fb5a3ac3f679f7c681d82ffbfc486665c965de444e
sim/build/arm-localize-package-s97ldik0/benchmark-test/run-dn955jbd/tiny/sample-01.json	生成的仿真/构建/打包产物	120080	74e626c58d9827299050739bd4c9ef1f6a4dc937d902c12a509109b82a07e534
sim/build/arm-localize-package-s97ldik0/benchmark-test/run-dn955jbd/tiny/warmup-00-crops-lvfkfmaq/target_000.hex	生成的仿真/构建/打包产物	12288	22d37839cb28715731400ea782e57d23e85facfad52553524b32f7c091222b63
sim/build/arm-localize-package-s97ldik0/benchmark-test/run-dn955jbd/tiny/warmup-00-crops-lvfkfmaq/target_000.pgm	生成的仿真/构建/打包产物	4109	20338307550c5d824a81161c204d3077a072d8fe29948aaa0e24b92b59416041
sim/build/arm-localize-package-s97ldik0/benchmark-test/run-dn955jbd/tiny/warmup-00-crops-lvfkfmaq/target_001.hex	生成的仿真/构建/打包产物	12288	f2b1505a8a564217b39e1ebb6de63fc377243309879135fd69c0eb967448d1aa
sim/build/arm-localize-package-s97ldik0/benchmark-test/run-dn955jbd/tiny/warmup-00-crops-lvfkfmaq/target_001.pgm	生成的仿真/构建/打包产物	4109	cd3c18d37e4edabdf84e67fb5a3ac3f679f7c681d82ffbfc486665c965de444e
sim/build/arm-localize-package-s97ldik0/benchmark-test/run-dn955jbd/tiny/warmup-00.json	生成的仿真/构建/打包产物	120080	b144f5d85bb25f2f31789d74d585668c8c67c081b140eba3e1a665acb54a3bbf
sim/build/arm-localize-package-s97ldik0/benchmark-test/summary.json	生成的仿真/构建/打包产物	1358	3c143701e7e03ab89abdf4148b1b674fdd18e73f9e0653900bcf4be099b5a5e9
sim/build/arm-localize-package-s97ldik0/cli-crops-hegdzhsx/target_000.hex	生成的仿真/构建/打包产物	12288	22d37839cb28715731400ea782e57d23e85facfad52553524b32f7c091222b63
sim/build/arm-localize-package-s97ldik0/cli-crops-hegdzhsx/target_000.pgm	生成的仿真/构建/打包产物	4109	20338307550c5d824a81161c204d3077a072d8fe29948aaa0e24b92b59416041
sim/build/arm-localize-package-s97ldik0/cli-crops-hegdzhsx/target_001.hex	生成的仿真/构建/打包产物	12288	f2b1505a8a564217b39e1ebb6de63fc377243309879135fd69c0eb967448d1aa
sim/build/arm-localize-package-s97ldik0/cli-crops-hegdzhsx/target_001.pgm	生成的仿真/构建/打包产物	4109	cd3c18d37e4edabdf84e67fb5a3ac3f679f7c681d82ffbfc486665c965de444e
sim/build/arm-localize-package-s97ldik0/cli.json	生成的仿真/构建/打包产物	120048	27ad77d50cce175bec47fbefbf5ebfb6212027fb508846eb41f8138fcfcecb95
sim/build/arm-localize-package-s97ldik0/manifest.json	生成的仿真/构建/打包产物	657	e1740de2e7af0ae43814c529462aaa2c7650ffdeee454ea6c918481dc958ef91
sim/build/arm-localize-package-s97ldik0/reference.py	生成的仿真/构建/打包产物	3600	2b9c2b2af41b3d560359aafa1d06ec708a492c36328f3173b5e606f00fd6a073
sim/build/arm-localize-package-s97ldik0/selftest-evidence/result-crops-i657ajzx/target_000.hex	生成的仿真/构建/打包产物	36	49177673c0579eadc9408c5a54a7d893694f1a66d3899be9f912eeff16fab50c
sim/build/arm-localize-package-s97ldik0/selftest-evidence/result-crops-i657ajzx/target_000.pgm	生成的仿真/构建/打包产物	23	54c75411bd7638b2c5d4f2a329e5bf2ae1c5191b3c799c205fe0aad52f12a348
sim/build/arm-localize-package-s97ldik0/selftest-evidence/result-crops-i657ajzx/target_001.hex	生成的仿真/构建/打包产物	36	d9958ae5248655fd5774b377577f82db068c27322ca3a51c5577effb50ccc1b8
sim/build/arm-localize-package-s97ldik0/selftest-evidence/result-crops-i657ajzx/target_001.pgm	生成的仿真/构建/打包产物	23	54e6a25edd3b88909b1ad86cf168d6b00ee012cf5e724e0f9e6992d6d04adc10
sim/build/arm-localize-package-s97ldik0/selftest-evidence/result.json	生成的仿真/构建/打包产物	3257	43278627ac8aea7583d9848b406e918515439cdd7b5bf8827df915e3261054da
sim/build/arm-localize-package-s97ldik0/two_targets.json	生成的仿真/构建/打包产物	439	6a28cfa975586bf71a2b8e979896cccbc2d108801d46063d860421f874be96cd
sim/build/arm-localize-package-sflwfqaq/README.md	生成的仿真/构建/打包产物	2635	c32b79f13db44204f2e2cbc4a2d096b1f01497d4ab589247348003a600cd2d29
sim/build/arm-localize-package-sflwfqaq/arm_localize.py	生成的仿真/构建/打包产物	4692	d31abca31b25bdcaffc51e4ce2efe7e000b6e62a09afc39acd69d5460e340061
sim/build/arm-localize-package-sflwfqaq/arm_localize_bench.py	生成的仿真/构建/打包产物	4642	4c34139cd7a056a13c39796c21a4b32571be953fcd603b1815d90e5c7c8388ed
sim/build/arm-localize-package-sflwfqaq/arm_localize_selftest.py	生成的仿真/构建/打包产物	1919	a071d8183c5c4514b67b1002a08639db1f0e82e64a7a6c37622d6f071130d834
sim/build/arm-localize-package-sflwfqaq/benchmark-test/run-92ovmfmy/tiny/input.json	生成的仿真/构建/打包产物	390	a18213218cbed18c012392eb09679c58ee77f02182c7347a2ac871ff7aa8f6df
sim/build/arm-localize-package-sflwfqaq/benchmark-test/run-92ovmfmy/tiny/sample-00-crops-p9uxmgmx/target_000.hex	生成的仿真/构建/打包产物	12288	22d37839cb28715731400ea782e57d23e85facfad52553524b32f7c091222b63
sim/build/arm-localize-package-sflwfqaq/benchmark-test/run-92ovmfmy/tiny/sample-00-crops-p9uxmgmx/target_000.pgm	生成的仿真/构建/打包产物	4109	20338307550c5d824a81161c204d3077a072d8fe29948aaa0e24b92b59416041
sim/build/arm-localize-package-sflwfqaq/benchmark-test/run-92ovmfmy/tiny/sample-00-crops-p9uxmgmx/target_001.hex	生成的仿真/构建/打包产物	12288	f2b1505a8a564217b39e1ebb6de63fc377243309879135fd69c0eb967448d1aa
sim/build/arm-localize-package-sflwfqaq/benchmark-test/run-92ovmfmy/tiny/sample-00-crops-p9uxmgmx/target_001.pgm	生成的仿真/构建/打包产物	4109	cd3c18d37e4edabdf84e67fb5a3ac3f679f7c681d82ffbfc486665c965de444e
sim/build/arm-localize-package-sflwfqaq/benchmark-test/run-92ovmfmy/tiny/sample-00.json	生成的仿真/构建/打包产物	120079	eb793eeb5fc5576bb4ba1e7116f17af954e29a12faea05ba4c1f78cdf1a89bdc
sim/build/arm-localize-package-sflwfqaq/benchmark-test/run-92ovmfmy/tiny/sample-01-crops-8j3gtaes/target_000.hex	生成的仿真/构建/打包产物	12288	22d37839cb28715731400ea782e57d23e85facfad52553524b32f7c091222b63
sim/build/arm-localize-package-sflwfqaq/benchmark-test/run-92ovmfmy/tiny/sample-01-crops-8j3gtaes/target_000.pgm	生成的仿真/构建/打包产物	4109	20338307550c5d824a81161c204d3077a072d8fe29948aaa0e24b92b59416041
sim/build/arm-localize-package-sflwfqaq/benchmark-test/run-92ovmfmy/tiny/sample-01-crops-8j3gtaes/target_001.hex	生成的仿真/构建/打包产物	12288	f2b1505a8a564217b39e1ebb6de63fc377243309879135fd69c0eb967448d1aa
sim/build/arm-localize-package-sflwfqaq/benchmark-test/run-92ovmfmy/tiny/sample-01-crops-8j3gtaes/target_001.pgm	生成的仿真/构建/打包产物	4109	cd3c18d37e4edabdf84e67fb5a3ac3f679f7c681d82ffbfc486665c965de444e
sim/build/arm-localize-package-sflwfqaq/benchmark-test/run-92ovmfmy/tiny/sample-01.json	生成的仿真/构建/打包产物	120080	c848ea619f509bcf76f02f536ea9254be2a0913ac256dfc25db7ebe13f2a6117
sim/build/arm-localize-package-sflwfqaq/benchmark-test/run-92ovmfmy/tiny/warmup-00-crops-7j3k8eqq/target_000.hex	生成的仿真/构建/打包产物	12288	22d37839cb28715731400ea782e57d23e85facfad52553524b32f7c091222b63
sim/build/arm-localize-package-sflwfqaq/benchmark-test/run-92ovmfmy/tiny/warmup-00-crops-7j3k8eqq/target_000.pgm	生成的仿真/构建/打包产物	4109	20338307550c5d824a81161c204d3077a072d8fe29948aaa0e24b92b59416041
sim/build/arm-localize-package-sflwfqaq/benchmark-test/run-92ovmfmy/tiny/warmup-00-crops-7j3k8eqq/target_001.hex	生成的仿真/构建/打包产物	12288	f2b1505a8a564217b39e1ebb6de63fc377243309879135fd69c0eb967448d1aa
sim/build/arm-localize-package-sflwfqaq/benchmark-test/run-92ovmfmy/tiny/warmup-00-crops-7j3k8eqq/target_001.pgm	生成的仿真/构建/打包产物	4109	cd3c18d37e4edabdf84e67fb5a3ac3f679f7c681d82ffbfc486665c965de444e
sim/build/arm-localize-package-sflwfqaq/benchmark-test/run-92ovmfmy/tiny/warmup-00.json	生成的仿真/构建/打包产物	120080	9a2e6de8e98296b22b53195385654b1c8e94fdd08480bef2885e939b6d5ca601
sim/build/arm-localize-package-sflwfqaq/benchmark-test/summary.json	生成的仿真/构建/打包产物	1345	93145f01824bc9671545d76098f1292a78655a4c57051d6fc65594a73b208cd0
sim/build/arm-localize-package-sflwfqaq/cli-crops-7pf2he6h/target_000.hex	生成的仿真/构建/打包产物	12288	22d37839cb28715731400ea782e57d23e85facfad52553524b32f7c091222b63
sim/build/arm-localize-package-sflwfqaq/cli-crops-7pf2he6h/target_000.pgm	生成的仿真/构建/打包产物	4109	20338307550c5d824a81161c204d3077a072d8fe29948aaa0e24b92b59416041
sim/build/arm-localize-package-sflwfqaq/cli-crops-7pf2he6h/target_001.hex	生成的仿真/构建/打包产物	12288	f2b1505a8a564217b39e1ebb6de63fc377243309879135fd69c0eb967448d1aa
sim/build/arm-localize-package-sflwfqaq/cli-crops-7pf2he6h/target_001.pgm	生成的仿真/构建/打包产物	4109	cd3c18d37e4edabdf84e67fb5a3ac3f679f7c681d82ffbfc486665c965de444e
sim/build/arm-localize-package-sflwfqaq/cli.json	生成的仿真/构建/打包产物	120048	f82a91e9989a672bfd891554837da4e15d47c2c5f43dac8259d01e58f54c15c8
sim/build/arm-localize-package-sflwfqaq/manifest.json	生成的仿真/构建/打包产物	657	e3f598d951875c3a9bb2411f9fb41365b8635c1f9c24e71b5715780619f1274d
sim/build/arm-localize-package-sflwfqaq/reference.py	生成的仿真/构建/打包产物	3600	2b9c2b2af41b3d560359aafa1d06ec708a492c36328f3173b5e606f00fd6a073
sim/build/arm-localize-package-sflwfqaq/selftest-evidence/result-crops-5id3b1pz/target_000.hex	生成的仿真/构建/打包产物	36	49177673c0579eadc9408c5a54a7d893694f1a66d3899be9f912eeff16fab50c
sim/build/arm-localize-package-sflwfqaq/selftest-evidence/result-crops-5id3b1pz/target_000.pgm	生成的仿真/构建/打包产物	23	54c75411bd7638b2c5d4f2a329e5bf2ae1c5191b3c799c205fe0aad52f12a348
sim/build/arm-localize-package-sflwfqaq/selftest-evidence/result-crops-5id3b1pz/target_001.hex	生成的仿真/构建/打包产物	36	d9958ae5248655fd5774b377577f82db068c27322ca3a51c5577effb50ccc1b8
sim/build/arm-localize-package-sflwfqaq/selftest-evidence/result-crops-5id3b1pz/target_001.pgm	生成的仿真/构建/打包产物	23	54e6a25edd3b88909b1ad86cf168d6b00ee012cf5e724e0f9e6992d6d04adc10
sim/build/arm-localize-package-sflwfqaq/selftest-evidence/result.json	生成的仿真/构建/打包产物	3258	580016050a0e9b260a85b12df7b075f5b4988a9ddba93b584a12dfdfa3d734af
sim/build/arm-localize-package-sflwfqaq/two_targets.json	生成的仿真/构建/打包产物	439	6a28cfa975586bf71a2b8e979896cccbc2d108801d46063d860421f874be96cd
sim/build/arm-localize-package-sw8fek3o/README.md	生成的仿真/构建/打包产物	2635	c32b79f13db44204f2e2cbc4a2d096b1f01497d4ab589247348003a600cd2d29
sim/build/arm-localize-package-sw8fek3o/arm_localize.py	生成的仿真/构建/打包产物	4692	d31abca31b25bdcaffc51e4ce2efe7e000b6e62a09afc39acd69d5460e340061
sim/build/arm-localize-package-sw8fek3o/arm_localize_bench.py	生成的仿真/构建/打包产物	4642	4c34139cd7a056a13c39796c21a4b32571be953fcd603b1815d90e5c7c8388ed
sim/build/arm-localize-package-sw8fek3o/arm_localize_selftest.py	生成的仿真/构建/打包产物	1919	a071d8183c5c4514b67b1002a08639db1f0e82e64a7a6c37622d6f071130d834
sim/build/arm-localize-package-sw8fek3o/benchmark-test/run-x804vx5e/tiny/input.json	生成的仿真/构建/打包产物	390	a18213218cbed18c012392eb09679c58ee77f02182c7347a2ac871ff7aa8f6df
sim/build/arm-localize-package-sw8fek3o/benchmark-test/run-x804vx5e/tiny/sample-00-crops-d88a64es/target_000.hex	生成的仿真/构建/打包产物	12288	22d37839cb28715731400ea782e57d23e85facfad52553524b32f7c091222b63
sim/build/arm-localize-package-sw8fek3o/benchmark-test/run-x804vx5e/tiny/sample-00-crops-d88a64es/target_000.pgm	生成的仿真/构建/打包产物	4109	20338307550c5d824a81161c204d3077a072d8fe29948aaa0e24b92b59416041
sim/build/arm-localize-package-sw8fek3o/benchmark-test/run-x804vx5e/tiny/sample-00-crops-d88a64es/target_001.hex	生成的仿真/构建/打包产物	12288	f2b1505a8a564217b39e1ebb6de63fc377243309879135fd69c0eb967448d1aa
sim/build/arm-localize-package-sw8fek3o/benchmark-test/run-x804vx5e/tiny/sample-00-crops-d88a64es/target_001.pgm	生成的仿真/构建/打包产物	4109	cd3c18d37e4edabdf84e67fb5a3ac3f679f7c681d82ffbfc486665c965de444e
sim/build/arm-localize-package-sw8fek3o/benchmark-test/run-x804vx5e/tiny/sample-00.json	生成的仿真/构建/打包产物	120080	9ef357ddac26814e5ee4360a03ac38c9fb6aa7b02e0bf444e7ff7d6aba283bc4
sim/build/arm-localize-package-sw8fek3o/benchmark-test/run-x804vx5e/tiny/sample-01-crops-6q54kj4n/target_000.hex	生成的仿真/构建/打包产物	12288	22d37839cb28715731400ea782e57d23e85facfad52553524b32f7c091222b63
sim/build/arm-localize-package-sw8fek3o/benchmark-test/run-x804vx5e/tiny/sample-01-crops-6q54kj4n/target_000.pgm	生成的仿真/构建/打包产物	4109	20338307550c5d824a81161c204d3077a072d8fe29948aaa0e24b92b59416041
sim/build/arm-localize-package-sw8fek3o/benchmark-test/run-x804vx5e/tiny/sample-01-crops-6q54kj4n/target_001.hex	生成的仿真/构建/打包产物	12288	f2b1505a8a564217b39e1ebb6de63fc377243309879135fd69c0eb967448d1aa
sim/build/arm-localize-package-sw8fek3o/benchmark-test/run-x804vx5e/tiny/sample-01-crops-6q54kj4n/target_001.pgm	生成的仿真/构建/打包产物	4109	cd3c18d37e4edabdf84e67fb5a3ac3f679f7c681d82ffbfc486665c965de444e
sim/build/arm-localize-package-sw8fek3o/benchmark-test/run-x804vx5e/tiny/sample-01.json	生成的仿真/构建/打包产物	120080	748f78c1be2bd060cd47d47c22167d523c17c3495c295efdd21dc639fb46d78a
sim/build/arm-localize-package-sw8fek3o/benchmark-test/run-x804vx5e/tiny/warmup-00-crops-rnescclb/target_000.hex	生成的仿真/构建/打包产物	12288	22d37839cb28715731400ea782e57d23e85facfad52553524b32f7c091222b63
sim/build/arm-localize-package-sw8fek3o/benchmark-test/run-x804vx5e/tiny/warmup-00-crops-rnescclb/target_000.pgm	生成的仿真/构建/打包产物	4109	20338307550c5d824a81161c204d3077a072d8fe29948aaa0e24b92b59416041
sim/build/arm-localize-package-sw8fek3o/benchmark-test/run-x804vx5e/tiny/warmup-00-crops-rnescclb/target_001.hex	生成的仿真/构建/打包产物	12288	f2b1505a8a564217b39e1ebb6de63fc377243309879135fd69c0eb967448d1aa
sim/build/arm-localize-package-sw8fek3o/benchmark-test/run-x804vx5e/tiny/warmup-00-crops-rnescclb/target_001.pgm	生成的仿真/构建/打包产物	4109	cd3c18d37e4edabdf84e67fb5a3ac3f679f7c681d82ffbfc486665c965de444e
sim/build/arm-localize-package-sw8fek3o/benchmark-test/run-x804vx5e/tiny/warmup-00.json	生成的仿真/构建/打包产物	120080	2c07b0e617346a23751bfa5642a4f21d2f3608a17b40cfe551da0d587a853d38
sim/build/arm-localize-package-sw8fek3o/benchmark-test/summary.json	生成的仿真/构建/打包产物	1345	6fac94a39d0ee619f0e7e8b7548d85967491ccd55db7a4e0eb21ebb2ad415241
sim/build/arm-localize-package-sw8fek3o/cli-crops-nv425dl6/target_000.hex	生成的仿真/构建/打包产物	12288	22d37839cb28715731400ea782e57d23e85facfad52553524b32f7c091222b63
sim/build/arm-localize-package-sw8fek3o/cli-crops-nv425dl6/target_000.pgm	生成的仿真/构建/打包产物	4109	20338307550c5d824a81161c204d3077a072d8fe29948aaa0e24b92b59416041
sim/build/arm-localize-package-sw8fek3o/cli-crops-nv425dl6/target_001.hex	生成的仿真/构建/打包产物	12288	f2b1505a8a564217b39e1ebb6de63fc377243309879135fd69c0eb967448d1aa
sim/build/arm-localize-package-sw8fek3o/cli-crops-nv425dl6/target_001.pgm	生成的仿真/构建/打包产物	4109	cd3c18d37e4edabdf84e67fb5a3ac3f679f7c681d82ffbfc486665c965de444e
sim/build/arm-localize-package-sw8fek3o/cli.json	生成的仿真/构建/打包产物	120047	1a907315dad92fd2865b2aaff673bbdda1b0af44365c4eac829a2dffb9a8f082
sim/build/arm-localize-package-sw8fek3o/manifest.json	生成的仿真/构建/打包产物	657	17250bebe0932ead10901d43447e3589a9cfa558c0a996593d04b724583b0e67
sim/build/arm-localize-package-sw8fek3o/reference.py	生成的仿真/构建/打包产物	3600	2b9c2b2af41b3d560359aafa1d06ec708a492c36328f3173b5e606f00fd6a073
sim/build/arm-localize-package-sw8fek3o/selftest-evidence/result-crops-_1aodw7r/target_000.hex	生成的仿真/构建/打包产物	36	49177673c0579eadc9408c5a54a7d893694f1a66d3899be9f912eeff16fab50c
sim/build/arm-localize-package-sw8fek3o/selftest-evidence/result-crops-_1aodw7r/target_000.pgm	生成的仿真/构建/打包产物	23	54c75411bd7638b2c5d4f2a329e5bf2ae1c5191b3c799c205fe0aad52f12a348
sim/build/arm-localize-package-sw8fek3o/selftest-evidence/result-crops-_1aodw7r/target_001.hex	生成的仿真/构建/打包产物	36	d9958ae5248655fd5774b377577f82db068c27322ca3a51c5577effb50ccc1b8
sim/build/arm-localize-package-sw8fek3o/selftest-evidence/result-crops-_1aodw7r/target_001.pgm	生成的仿真/构建/打包产物	23	54e6a25edd3b88909b1ad86cf168d6b00ee012cf5e724e0f9e6992d6d04adc10
sim/build/arm-localize-package-sw8fek3o/selftest-evidence/result.json	生成的仿真/构建/打包产物	3258	0d786e6db43c51f75cb9c04b8632d42b4cb88d71ed3221ccc62628e9f40a5567
sim/build/arm-localize-package-sw8fek3o/two_targets.json	生成的仿真/构建/打包产物	439	6a28cfa975586bf71a2b8e979896cccbc2d108801d46063d860421f874be96cd
sim/build/arm-localize-package-test.tar.gz	生成的仿真/构建/打包产物	7555	700feae41f3dcf9c1148e52fad3ce477923f15d6efaf42c58d3ed78540e97729
sim/build/arm-localize-package-uh1f2_xs/README.md	生成的仿真/构建/打包产物	2635	c32b79f13db44204f2e2cbc4a2d096b1f01497d4ab589247348003a600cd2d29
sim/build/arm-localize-package-uh1f2_xs/arm_localize.py	生成的仿真/构建/打包产物	4692	d31abca31b25bdcaffc51e4ce2efe7e000b6e62a09afc39acd69d5460e340061
sim/build/arm-localize-package-uh1f2_xs/arm_localize_bench.py	生成的仿真/构建/打包产物	4642	4c34139cd7a056a13c39796c21a4b32571be953fcd603b1815d90e5c7c8388ed
sim/build/arm-localize-package-uh1f2_xs/arm_localize_selftest.py	生成的仿真/构建/打包产物	1919	a071d8183c5c4514b67b1002a08639db1f0e82e64a7a6c37622d6f071130d834
sim/build/arm-localize-package-uh1f2_xs/benchmark-test/run-8vkc5ay0/tiny/input.json	生成的仿真/构建/打包产物	390	a18213218cbed18c012392eb09679c58ee77f02182c7347a2ac871ff7aa8f6df
sim/build/arm-localize-package-uh1f2_xs/benchmark-test/run-8vkc5ay0/tiny/sample-00-crops-d9lyhy1z/target_000.hex	生成的仿真/构建/打包产物	12288	22d37839cb28715731400ea782e57d23e85facfad52553524b32f7c091222b63
sim/build/arm-localize-package-uh1f2_xs/benchmark-test/run-8vkc5ay0/tiny/sample-00-crops-d9lyhy1z/target_000.pgm	生成的仿真/构建/打包产物	4109	20338307550c5d824a81161c204d3077a072d8fe29948aaa0e24b92b59416041
sim/build/arm-localize-package-uh1f2_xs/benchmark-test/run-8vkc5ay0/tiny/sample-00-crops-d9lyhy1z/target_001.hex	生成的仿真/构建/打包产物	12288	f2b1505a8a564217b39e1ebb6de63fc377243309879135fd69c0eb967448d1aa
sim/build/arm-localize-package-uh1f2_xs/benchmark-test/run-8vkc5ay0/tiny/sample-00-crops-d9lyhy1z/target_001.pgm	生成的仿真/构建/打包产物	4109	cd3c18d37e4edabdf84e67fb5a3ac3f679f7c681d82ffbfc486665c965de444e
sim/build/arm-localize-package-uh1f2_xs/benchmark-test/run-8vkc5ay0/tiny/sample-00.json	生成的仿真/构建/打包产物	120080	399a40bceb35564d639fc1de3ce9add29b43a8572b68abda07fdd4e840db9363
sim/build/arm-localize-package-uh1f2_xs/benchmark-test/run-8vkc5ay0/tiny/sample-01-crops-c48fxgwt/target_000.hex	生成的仿真/构建/打包产物	12288	22d37839cb28715731400ea782e57d23e85facfad52553524b32f7c091222b63
sim/build/arm-localize-package-uh1f2_xs/benchmark-test/run-8vkc5ay0/tiny/sample-01-crops-c48fxgwt/target_000.pgm	生成的仿真/构建/打包产物	4109	20338307550c5d824a81161c204d3077a072d8fe29948aaa0e24b92b59416041
sim/build/arm-localize-package-uh1f2_xs/benchmark-test/run-8vkc5ay0/tiny/sample-01-crops-c48fxgwt/target_001.hex	生成的仿真/构建/打包产物	12288	f2b1505a8a564217b39e1ebb6de63fc377243309879135fd69c0eb967448d1aa
sim/build/arm-localize-package-uh1f2_xs/benchmark-test/run-8vkc5ay0/tiny/sample-01-crops-c48fxgwt/target_001.pgm	生成的仿真/构建/打包产物	4109	cd3c18d37e4edabdf84e67fb5a3ac3f679f7c681d82ffbfc486665c965de444e
sim/build/arm-localize-package-uh1f2_xs/benchmark-test/run-8vkc5ay0/tiny/sample-01.json	生成的仿真/构建/打包产物	120080	9d576df5772185d1ef6fb46f0114c2fef4d80f35f6a7a179a6a19e8811941878
sim/build/arm-localize-package-uh1f2_xs/benchmark-test/run-8vkc5ay0/tiny/warmup-00-crops-szqsqirj/target_000.hex	生成的仿真/构建/打包产物	12288	22d37839cb28715731400ea782e57d23e85facfad52553524b32f7c091222b63
sim/build/arm-localize-package-uh1f2_xs/benchmark-test/run-8vkc5ay0/tiny/warmup-00-crops-szqsqirj/target_000.pgm	生成的仿真/构建/打包产物	4109	20338307550c5d824a81161c204d3077a072d8fe29948aaa0e24b92b59416041
sim/build/arm-localize-package-uh1f2_xs/benchmark-test/run-8vkc5ay0/tiny/warmup-00-crops-szqsqirj/target_001.hex	生成的仿真/构建/打包产物	12288	f2b1505a8a564217b39e1ebb6de63fc377243309879135fd69c0eb967448d1aa
sim/build/arm-localize-package-uh1f2_xs/benchmark-test/run-8vkc5ay0/tiny/warmup-00-crops-szqsqirj/target_001.pgm	生成的仿真/构建/打包产物	4109	cd3c18d37e4edabdf84e67fb5a3ac3f679f7c681d82ffbfc486665c965de444e
sim/build/arm-localize-package-uh1f2_xs/benchmark-test/run-8vkc5ay0/tiny/warmup-00.json	生成的仿真/构建/打包产物	120080	57d9beedf1a5d94f00060bae0a919f3cdf4c2cca394ed44d5c51126077e18914
sim/build/arm-localize-package-uh1f2_xs/benchmark-test/summary.json	生成的仿真/构建/打包产物	1344	a9a33d291eda4a5381bd09ab97c40bd5f6a5d5ee80637a624a954ff177b8e7e2
sim/build/arm-localize-package-uh1f2_xs/cli-crops-pwljdy4p/target_000.hex	生成的仿真/构建/打包产物	12288	22d37839cb28715731400ea782e57d23e85facfad52553524b32f7c091222b63
sim/build/arm-localize-package-uh1f2_xs/cli-crops-pwljdy4p/target_000.pgm	生成的仿真/构建/打包产物	4109	20338307550c5d824a81161c204d3077a072d8fe29948aaa0e24b92b59416041
sim/build/arm-localize-package-uh1f2_xs/cli-crops-pwljdy4p/target_001.hex	生成的仿真/构建/打包产物	12288	f2b1505a8a564217b39e1ebb6de63fc377243309879135fd69c0eb967448d1aa
sim/build/arm-localize-package-uh1f2_xs/cli-crops-pwljdy4p/target_001.pgm	生成的仿真/构建/打包产物	4109	cd3c18d37e4edabdf84e67fb5a3ac3f679f7c681d82ffbfc486665c965de444e
sim/build/arm-localize-package-uh1f2_xs/cli.json	生成的仿真/构建/打包产物	120048	51420602a5652925e52e3eb3da4f983edee50bc4f9bf0af122b97f026c68241a
sim/build/arm-localize-package-uh1f2_xs/manifest.json	生成的仿真/构建/打包产物	657	9c372da861b876a5eaf16924ee1a1c1bfb92badda01caa8f3fa78cfc5c7f19c3
sim/build/arm-localize-package-uh1f2_xs/reference.py	生成的仿真/构建/打包产物	3600	2b9c2b2af41b3d560359aafa1d06ec708a492c36328f3173b5e606f00fd6a073
sim/build/arm-localize-package-uh1f2_xs/selftest-evidence/result-crops-a3e8nv4f/target_000.hex	生成的仿真/构建/打包产物	36	49177673c0579eadc9408c5a54a7d893694f1a66d3899be9f912eeff16fab50c
sim/build/arm-localize-package-uh1f2_xs/selftest-evidence/result-crops-a3e8nv4f/target_000.pgm	生成的仿真/构建/打包产物	23	54c75411bd7638b2c5d4f2a329e5bf2ae1c5191b3c799c205fe0aad52f12a348
sim/build/arm-localize-package-uh1f2_xs/selftest-evidence/result-crops-a3e8nv4f/target_001.hex	生成的仿真/构建/打包产物	36	d9958ae5248655fd5774b377577f82db068c27322ca3a51c5577effb50ccc1b8
sim/build/arm-localize-package-uh1f2_xs/selftest-evidence/result-crops-a3e8nv4f/target_001.pgm	生成的仿真/构建/打包产物	23	54e6a25edd3b88909b1ad86cf168d6b00ee012cf5e724e0f9e6992d6d04adc10
sim/build/arm-localize-package-uh1f2_xs/selftest-evidence/result.json	生成的仿真/构建/打包产物	3254	cd56ceb76752c2e0bc8e7940d7425441a04f780cbee8ec2b1ed7c5df5af51af4
sim/build/arm-localize-package-uh1f2_xs/two_targets.json	生成的仿真/构建/打包产物	439	6a28cfa975586bf71a2b8e979896cccbc2d108801d46063d860421f874be96cd
sim/build/arm-localize-package-v5i1sor6/README.md	生成的仿真/构建/打包产物	2635	c32b79f13db44204f2e2cbc4a2d096b1f01497d4ab589247348003a600cd2d29
sim/build/arm-localize-package-v5i1sor6/arm_localize.py	生成的仿真/构建/打包产物	4692	d31abca31b25bdcaffc51e4ce2efe7e000b6e62a09afc39acd69d5460e340061
sim/build/arm-localize-package-v5i1sor6/arm_localize_bench.py	生成的仿真/构建/打包产物	4642	4c34139cd7a056a13c39796c21a4b32571be953fcd603b1815d90e5c7c8388ed
sim/build/arm-localize-package-v5i1sor6/arm_localize_selftest.py	生成的仿真/构建/打包产物	1919	a071d8183c5c4514b67b1002a08639db1f0e82e64a7a6c37622d6f071130d834
sim/build/arm-localize-package-v5i1sor6/benchmark-test/run-vm03iery/tiny/input.json	生成的仿真/构建/打包产物	390	a18213218cbed18c012392eb09679c58ee77f02182c7347a2ac871ff7aa8f6df
sim/build/arm-localize-package-v5i1sor6/benchmark-test/run-vm03iery/tiny/sample-00-crops-2zjg5ljx/target_000.hex	生成的仿真/构建/打包产物	12288	22d37839cb28715731400ea782e57d23e85facfad52553524b32f7c091222b63
sim/build/arm-localize-package-v5i1sor6/benchmark-test/run-vm03iery/tiny/sample-00-crops-2zjg5ljx/target_000.pgm	生成的仿真/构建/打包产物	4109	20338307550c5d824a81161c204d3077a072d8fe29948aaa0e24b92b59416041
sim/build/arm-localize-package-v5i1sor6/benchmark-test/run-vm03iery/tiny/sample-00-crops-2zjg5ljx/target_001.hex	生成的仿真/构建/打包产物	12288	f2b1505a8a564217b39e1ebb6de63fc377243309879135fd69c0eb967448d1aa
sim/build/arm-localize-package-v5i1sor6/benchmark-test/run-vm03iery/tiny/sample-00-crops-2zjg5ljx/target_001.pgm	生成的仿真/构建/打包产物	4109	cd3c18d37e4edabdf84e67fb5a3ac3f679f7c681d82ffbfc486665c965de444e
sim/build/arm-localize-package-v5i1sor6/benchmark-test/run-vm03iery/tiny/sample-00.json	生成的仿真/构建/打包产物	120080	4a5490b760995aa628864aea78b210714d90d20e6f9fa1145551f0031a09ae8b
sim/build/arm-localize-package-v5i1sor6/benchmark-test/run-vm03iery/tiny/sample-01-crops-h191s0ef/target_000.hex	生成的仿真/构建/打包产物	12288	22d37839cb28715731400ea782e57d23e85facfad52553524b32f7c091222b63
sim/build/arm-localize-package-v5i1sor6/benchmark-test/run-vm03iery/tiny/sample-01-crops-h191s0ef/target_000.pgm	生成的仿真/构建/打包产物	4109	20338307550c5d824a81161c204d3077a072d8fe29948aaa0e24b92b59416041
sim/build/arm-localize-package-v5i1sor6/benchmark-test/run-vm03iery/tiny/sample-01-crops-h191s0ef/target_001.hex	生成的仿真/构建/打包产物	12288	f2b1505a8a564217b39e1ebb6de63fc377243309879135fd69c0eb967448d1aa
sim/build/arm-localize-package-v5i1sor6/benchmark-test/run-vm03iery/tiny/sample-01-crops-h191s0ef/target_001.pgm	生成的仿真/构建/打包产物	4109	cd3c18d37e4edabdf84e67fb5a3ac3f679f7c681d82ffbfc486665c965de444e
sim/build/arm-localize-package-v5i1sor6/benchmark-test/run-vm03iery/tiny/sample-01.json	生成的仿真/构建/打包产物	120079	c8fdabc56773b0846c6e5b5d70f23c8d57810a17608c12558d991675ac16d126
sim/build/arm-localize-package-v5i1sor6/benchmark-test/run-vm03iery/tiny/warmup-00-crops-9x2bb9cw/target_000.hex	生成的仿真/构建/打包产物	12288	22d37839cb28715731400ea782e57d23e85facfad52553524b32f7c091222b63
sim/build/arm-localize-package-v5i1sor6/benchmark-test/run-vm03iery/tiny/warmup-00-crops-9x2bb9cw/target_000.pgm	生成的仿真/构建/打包产物	4109	20338307550c5d824a81161c204d3077a072d8fe29948aaa0e24b92b59416041
sim/build/arm-localize-package-v5i1sor6/benchmark-test/run-vm03iery/tiny/warmup-00-crops-9x2bb9cw/target_001.hex	生成的仿真/构建/打包产物	12288	f2b1505a8a564217b39e1ebb6de63fc377243309879135fd69c0eb967448d1aa
sim/build/arm-localize-package-v5i1sor6/benchmark-test/run-vm03iery/tiny/warmup-00-crops-9x2bb9cw/target_001.pgm	生成的仿真/构建/打包产物	4109	cd3c18d37e4edabdf84e67fb5a3ac3f679f7c681d82ffbfc486665c965de444e
sim/build/arm-localize-package-v5i1sor6/benchmark-test/run-vm03iery/tiny/warmup-00.json	生成的仿真/构建/打包产物	120080	527c51a49e40ce539572335ad80504a35ce2e04750fc33cd85b4f1582a488a94
sim/build/arm-localize-package-v5i1sor6/benchmark-test/summary.json	生成的仿真/构建/打包产物	1351	f2b453bd5aa52adb6eb2a6300fbcb0c6988a460331c78889b85eee6927c3d2e9
sim/build/arm-localize-package-v5i1sor6/cli-crops-xpf03t1v/target_000.hex	生成的仿真/构建/打包产物	12288	22d37839cb28715731400ea782e57d23e85facfad52553524b32f7c091222b63
sim/build/arm-localize-package-v5i1sor6/cli-crops-xpf03t1v/target_000.pgm	生成的仿真/构建/打包产物	4109	20338307550c5d824a81161c204d3077a072d8fe29948aaa0e24b92b59416041
sim/build/arm-localize-package-v5i1sor6/cli-crops-xpf03t1v/target_001.hex	生成的仿真/构建/打包产物	12288	f2b1505a8a564217b39e1ebb6de63fc377243309879135fd69c0eb967448d1aa
sim/build/arm-localize-package-v5i1sor6/cli-crops-xpf03t1v/target_001.pgm	生成的仿真/构建/打包产物	4109	cd3c18d37e4edabdf84e67fb5a3ac3f679f7c681d82ffbfc486665c965de444e
sim/build/arm-localize-package-v5i1sor6/cli.json	生成的仿真/构建/打包产物	120048	58661b8ad9621b1d47e39d52b715789da63736176e1aedc83d5119a76363aed2
sim/build/arm-localize-package-v5i1sor6/manifest.json	生成的仿真/构建/打包产物	657	e1740de2e7af0ae43814c529462aaa2c7650ffdeee454ea6c918481dc958ef91
sim/build/arm-localize-package-v5i1sor6/reference.py	生成的仿真/构建/打包产物	3600	2b9c2b2af41b3d560359aafa1d06ec708a492c36328f3173b5e606f00fd6a073
sim/build/arm-localize-package-v5i1sor6/selftest-evidence/result-crops-5jjivdwo/target_000.hex	生成的仿真/构建/打包产物	36	49177673c0579eadc9408c5a54a7d893694f1a66d3899be9f912eeff16fab50c
sim/build/arm-localize-package-v5i1sor6/selftest-evidence/result-crops-5jjivdwo/target_000.pgm	生成的仿真/构建/打包产物	23	54c75411bd7638b2c5d4f2a329e5bf2ae1c5191b3c799c205fe0aad52f12a348
sim/build/arm-localize-package-v5i1sor6/selftest-evidence/result-crops-5jjivdwo/target_001.hex	生成的仿真/构建/打包产物	36	d9958ae5248655fd5774b377577f82db068c27322ca3a51c5577effb50ccc1b8
sim/build/arm-localize-package-v5i1sor6/selftest-evidence/result-crops-5jjivdwo/target_001.pgm	生成的仿真/构建/打包产物	23	54e6a25edd3b88909b1ad86cf168d6b00ee012cf5e724e0f9e6992d6d04adc10
sim/build/arm-localize-package-v5i1sor6/selftest-evidence/result.json	生成的仿真/构建/打包产物	3258	742593c89aee34e2fc4dde4d23f3d82e69b49deb3434c2a5b90b0d72e961a2b2
sim/build/arm-localize-package-v5i1sor6/two_targets.json	生成的仿真/构建/打包产物	439	6a28cfa975586bf71a2b8e979896cccbc2d108801d46063d860421f874be96cd
sim/build/arm-localize-package-v5v75uof/README.md	生成的仿真/构建/打包产物	2635	c32b79f13db44204f2e2cbc4a2d096b1f01497d4ab589247348003a600cd2d29
sim/build/arm-localize-package-v5v75uof/arm_localize.py	生成的仿真/构建/打包产物	4692	d31abca31b25bdcaffc51e4ce2efe7e000b6e62a09afc39acd69d5460e340061
sim/build/arm-localize-package-v5v75uof/arm_localize_bench.py	生成的仿真/构建/打包产物	4642	4c34139cd7a056a13c39796c21a4b32571be953fcd603b1815d90e5c7c8388ed
sim/build/arm-localize-package-v5v75uof/arm_localize_selftest.py	生成的仿真/构建/打包产物	1919	a071d8183c5c4514b67b1002a08639db1f0e82e64a7a6c37622d6f071130d834
sim/build/arm-localize-package-v5v75uof/benchmark-test/run-wmqk5jtd/tiny/input.json	生成的仿真/构建/打包产物	390	a18213218cbed18c012392eb09679c58ee77f02182c7347a2ac871ff7aa8f6df
sim/build/arm-localize-package-v5v75uof/benchmark-test/run-wmqk5jtd/tiny/sample-00-crops-75iwvmd8/target_000.hex	生成的仿真/构建/打包产物	12288	22d37839cb28715731400ea782e57d23e85facfad52553524b32f7c091222b63
sim/build/arm-localize-package-v5v75uof/benchmark-test/run-wmqk5jtd/tiny/sample-00-crops-75iwvmd8/target_000.pgm	生成的仿真/构建/打包产物	4109	20338307550c5d824a81161c204d3077a072d8fe29948aaa0e24b92b59416041
sim/build/arm-localize-package-v5v75uof/benchmark-test/run-wmqk5jtd/tiny/sample-00-crops-75iwvmd8/target_001.hex	生成的仿真/构建/打包产物	12288	f2b1505a8a564217b39e1ebb6de63fc377243309879135fd69c0eb967448d1aa
sim/build/arm-localize-package-v5v75uof/benchmark-test/run-wmqk5jtd/tiny/sample-00-crops-75iwvmd8/target_001.pgm	生成的仿真/构建/打包产物	4109	cd3c18d37e4edabdf84e67fb5a3ac3f679f7c681d82ffbfc486665c965de444e
sim/build/arm-localize-package-v5v75uof/benchmark-test/run-wmqk5jtd/tiny/sample-00.json	生成的仿真/构建/打包产物	120079	600f29c5468a2207cbc632f303f4e479c82467addebc835ed5a9abdc6bad23a9
sim/build/arm-localize-package-v5v75uof/benchmark-test/run-wmqk5jtd/tiny/sample-01-crops-jp7_0vjh/target_000.hex	生成的仿真/构建/打包产物	12288	22d37839cb28715731400ea782e57d23e85facfad52553524b32f7c091222b63
sim/build/arm-localize-package-v5v75uof/benchmark-test/run-wmqk5jtd/tiny/sample-01-crops-jp7_0vjh/target_000.pgm	生成的仿真/构建/打包产物	4109	20338307550c5d824a81161c204d3077a072d8fe29948aaa0e24b92b59416041
sim/build/arm-localize-package-v5v75uof/benchmark-test/run-wmqk5jtd/tiny/sample-01-crops-jp7_0vjh/target_001.hex	生成的仿真/构建/打包产物	12288	f2b1505a8a564217b39e1ebb6de63fc377243309879135fd69c0eb967448d1aa
sim/build/arm-localize-package-v5v75uof/benchmark-test/run-wmqk5jtd/tiny/sample-01-crops-jp7_0vjh/target_001.pgm	生成的仿真/构建/打包产物	4109	cd3c18d37e4edabdf84e67fb5a3ac3f679f7c681d82ffbfc486665c965de444e
sim/build/arm-localize-package-v5v75uof/benchmark-test/run-wmqk5jtd/tiny/sample-01.json	生成的仿真/构建/打包产物	120079	b1accb76983a84b879ddb1339119a5cd831dd2989ad42d8db8d034e02c0f4b9b
sim/build/arm-localize-package-v5v75uof/benchmark-test/run-wmqk5jtd/tiny/warmup-00-crops-t49qt2as/target_000.hex	生成的仿真/构建/打包产物	12288	22d37839cb28715731400ea782e57d23e85facfad52553524b32f7c091222b63
sim/build/arm-localize-package-v5v75uof/benchmark-test/run-wmqk5jtd/tiny/warmup-00-crops-t49qt2as/target_000.pgm	生成的仿真/构建/打包产物	4109	20338307550c5d824a81161c204d3077a072d8fe29948aaa0e24b92b59416041
sim/build/arm-localize-package-v5v75uof/benchmark-test/run-wmqk5jtd/tiny/warmup-00-crops-t49qt2as/target_001.hex	生成的仿真/构建/打包产物	12288	f2b1505a8a564217b39e1ebb6de63fc377243309879135fd69c0eb967448d1aa
sim/build/arm-localize-package-v5v75uof/benchmark-test/run-wmqk5jtd/tiny/warmup-00-crops-t49qt2as/target_001.pgm	生成的仿真/构建/打包产物	4109	cd3c18d37e4edabdf84e67fb5a3ac3f679f7c681d82ffbfc486665c965de444e
sim/build/arm-localize-package-v5v75uof/benchmark-test/run-wmqk5jtd/tiny/warmup-00.json	生成的仿真/构建/打包产物	120080	3cfa7c2e7bc928e271f31bb031810bd41a04e1769c4b4bd57a6fb16ea293a376
sim/build/arm-localize-package-v5v75uof/benchmark-test/summary.json	生成的仿真/构建/打包产物	1351	b762d5cbc2c18c018b0641faa28f46ad87da66c34018fdf1068932330ef328f6
sim/build/arm-localize-package-v5v75uof/cli-crops-u7g5b0m6/target_000.hex	生成的仿真/构建/打包产物	12288	22d37839cb28715731400ea782e57d23e85facfad52553524b32f7c091222b63
sim/build/arm-localize-package-v5v75uof/cli-crops-u7g5b0m6/target_000.pgm	生成的仿真/构建/打包产物	4109	20338307550c5d824a81161c204d3077a072d8fe29948aaa0e24b92b59416041
sim/build/arm-localize-package-v5v75uof/cli-crops-u7g5b0m6/target_001.hex	生成的仿真/构建/打包产物	12288	f2b1505a8a564217b39e1ebb6de63fc377243309879135fd69c0eb967448d1aa
sim/build/arm-localize-package-v5v75uof/cli-crops-u7g5b0m6/target_001.pgm	生成的仿真/构建/打包产物	4109	cd3c18d37e4edabdf84e67fb5a3ac3f679f7c681d82ffbfc486665c965de444e
sim/build/arm-localize-package-v5v75uof/cli.json	生成的仿真/构建/打包产物	120048	623c55306230667f31a97f1e852e782884097ac0e927a235f4ae461cf5847865
sim/build/arm-localize-package-v5v75uof/manifest.json	生成的仿真/构建/打包产物	657	063e5f54b5198facb844bc4c17bd44ee145f937a96159b7b7adc3c791db0fe2f
sim/build/arm-localize-package-v5v75uof/reference.py	生成的仿真/构建/打包产物	3600	2b9c2b2af41b3d560359aafa1d06ec708a492c36328f3173b5e606f00fd6a073
sim/build/arm-localize-package-v5v75uof/selftest-evidence/result-crops-jl65i2ye/target_000.hex	生成的仿真/构建/打包产物	36	49177673c0579eadc9408c5a54a7d893694f1a66d3899be9f912eeff16fab50c
sim/build/arm-localize-package-v5v75uof/selftest-evidence/result-crops-jl65i2ye/target_000.pgm	生成的仿真/构建/打包产物	23	54c75411bd7638b2c5d4f2a329e5bf2ae1c5191b3c799c205fe0aad52f12a348
sim/build/arm-localize-package-v5v75uof/selftest-evidence/result-crops-jl65i2ye/target_001.hex	生成的仿真/构建/打包产物	36	d9958ae5248655fd5774b377577f82db068c27322ca3a51c5577effb50ccc1b8
sim/build/arm-localize-package-v5v75uof/selftest-evidence/result-crops-jl65i2ye/target_001.pgm	生成的仿真/构建/打包产物	23	54e6a25edd3b88909b1ad86cf168d6b00ee012cf5e724e0f9e6992d6d04adc10
sim/build/arm-localize-package-v5v75uof/selftest-evidence/result.json	生成的仿真/构建/打包产物	3258	3f08308af24b67dfadd7db48ebc71409b50e03accc6614055d53d468989a9a5d
sim/build/arm-localize-package-v5v75uof/two_targets.json	生成的仿真/构建/打包产物	439	6a28cfa975586bf71a2b8e979896cccbc2d108801d46063d860421f874be96cd
sim/build/arm-localize-package-w8rye2o9/README.md	生成的仿真/构建/打包产物	2635	c32b79f13db44204f2e2cbc4a2d096b1f01497d4ab589247348003a600cd2d29
sim/build/arm-localize-package-w8rye2o9/arm_localize.py	生成的仿真/构建/打包产物	4692	d31abca31b25bdcaffc51e4ce2efe7e000b6e62a09afc39acd69d5460e340061
sim/build/arm-localize-package-w8rye2o9/arm_localize_bench.py	生成的仿真/构建/打包产物	4642	4c34139cd7a056a13c39796c21a4b32571be953fcd603b1815d90e5c7c8388ed
sim/build/arm-localize-package-w8rye2o9/arm_localize_selftest.py	生成的仿真/构建/打包产物	1919	a071d8183c5c4514b67b1002a08639db1f0e82e64a7a6c37622d6f071130d834
sim/build/arm-localize-package-w8rye2o9/benchmark-test/run-uhpiln_1/tiny/input.json	生成的仿真/构建/打包产物	390	a18213218cbed18c012392eb09679c58ee77f02182c7347a2ac871ff7aa8f6df
sim/build/arm-localize-package-w8rye2o9/benchmark-test/run-uhpiln_1/tiny/sample-00-crops-yq5kqkf3/target_000.hex	生成的仿真/构建/打包产物	12288	22d37839cb28715731400ea782e57d23e85facfad52553524b32f7c091222b63
sim/build/arm-localize-package-w8rye2o9/benchmark-test/run-uhpiln_1/tiny/sample-00-crops-yq5kqkf3/target_000.pgm	生成的仿真/构建/打包产物	4109	20338307550c5d824a81161c204d3077a072d8fe29948aaa0e24b92b59416041
sim/build/arm-localize-package-w8rye2o9/benchmark-test/run-uhpiln_1/tiny/sample-00-crops-yq5kqkf3/target_001.hex	生成的仿真/构建/打包产物	12288	f2b1505a8a564217b39e1ebb6de63fc377243309879135fd69c0eb967448d1aa
sim/build/arm-localize-package-w8rye2o9/benchmark-test/run-uhpiln_1/tiny/sample-00-crops-yq5kqkf3/target_001.pgm	生成的仿真/构建/打包产物	4109	cd3c18d37e4edabdf84e67fb5a3ac3f679f7c681d82ffbfc486665c965de444e
sim/build/arm-localize-package-w8rye2o9/benchmark-test/run-uhpiln_1/tiny/sample-00.json	生成的仿真/构建/打包产物	120080	da3a26326cc22acdaa97cd38420aa9b65fee2223a34d5e58a971b1ae319a0d69
sim/build/arm-localize-package-w8rye2o9/benchmark-test/run-uhpiln_1/tiny/sample-01-crops-1v8wqijr/target_000.hex	生成的仿真/构建/打包产物	12288	22d37839cb28715731400ea782e57d23e85facfad52553524b32f7c091222b63
sim/build/arm-localize-package-w8rye2o9/benchmark-test/run-uhpiln_1/tiny/sample-01-crops-1v8wqijr/target_000.pgm	生成的仿真/构建/打包产物	4109	20338307550c5d824a81161c204d3077a072d8fe29948aaa0e24b92b59416041
sim/build/arm-localize-package-w8rye2o9/benchmark-test/run-uhpiln_1/tiny/sample-01-crops-1v8wqijr/target_001.hex	生成的仿真/构建/打包产物	12288	f2b1505a8a564217b39e1ebb6de63fc377243309879135fd69c0eb967448d1aa
sim/build/arm-localize-package-w8rye2o9/benchmark-test/run-uhpiln_1/tiny/sample-01-crops-1v8wqijr/target_001.pgm	生成的仿真/构建/打包产物	4109	cd3c18d37e4edabdf84e67fb5a3ac3f679f7c681d82ffbfc486665c965de444e
sim/build/arm-localize-package-w8rye2o9/benchmark-test/run-uhpiln_1/tiny/sample-01.json	生成的仿真/构建/打包产物	120080	343ef28236d722b8ade8613fa4cf33ee40ec82c2c5418aca6c3eb9fa7ebf0718
sim/build/arm-localize-package-w8rye2o9/benchmark-test/run-uhpiln_1/tiny/warmup-00-crops-30xpip_4/target_000.hex	生成的仿真/构建/打包产物	12288	22d37839cb28715731400ea782e57d23e85facfad52553524b32f7c091222b63
sim/build/arm-localize-package-w8rye2o9/benchmark-test/run-uhpiln_1/tiny/warmup-00-crops-30xpip_4/target_000.pgm	生成的仿真/构建/打包产物	4109	20338307550c5d824a81161c204d3077a072d8fe29948aaa0e24b92b59416041
sim/build/arm-localize-package-w8rye2o9/benchmark-test/run-uhpiln_1/tiny/warmup-00-crops-30xpip_4/target_001.hex	生成的仿真/构建/打包产物	12288	f2b1505a8a564217b39e1ebb6de63fc377243309879135fd69c0eb967448d1aa
sim/build/arm-localize-package-w8rye2o9/benchmark-test/run-uhpiln_1/tiny/warmup-00-crops-30xpip_4/target_001.pgm	生成的仿真/构建/打包产物	4109	cd3c18d37e4edabdf84e67fb5a3ac3f679f7c681d82ffbfc486665c965de444e
sim/build/arm-localize-package-w8rye2o9/benchmark-test/run-uhpiln_1/tiny/warmup-00.json	生成的仿真/构建/打包产物	120080	f5d7628b8e8671682067ed2f0bdef50c897189e41244d1dfbdb32df9349379a9
sim/build/arm-localize-package-w8rye2o9/benchmark-test/summary.json	生成的仿真/构建/打包产物	1347	7ed276b4aba61198efcd5399a3fdc15d0f7eeeff1a19de3ecd187c03eaedde8e
sim/build/arm-localize-package-w8rye2o9/cli-crops-6hnlh8ka/target_000.hex	生成的仿真/构建/打包产物	12288	22d37839cb28715731400ea782e57d23e85facfad52553524b32f7c091222b63
sim/build/arm-localize-package-w8rye2o9/cli-crops-6hnlh8ka/target_000.pgm	生成的仿真/构建/打包产物	4109	20338307550c5d824a81161c204d3077a072d8fe29948aaa0e24b92b59416041
sim/build/arm-localize-package-w8rye2o9/cli-crops-6hnlh8ka/target_001.hex	生成的仿真/构建/打包产物	12288	f2b1505a8a564217b39e1ebb6de63fc377243309879135fd69c0eb967448d1aa
sim/build/arm-localize-package-w8rye2o9/cli-crops-6hnlh8ka/target_001.pgm	生成的仿真/构建/打包产物	4109	cd3c18d37e4edabdf84e67fb5a3ac3f679f7c681d82ffbfc486665c965de444e
sim/build/arm-localize-package-w8rye2o9/cli.json	生成的仿真/构建/打包产物	120048	3a2ad9bf9218282551f338b7b3c0c2987322361177d58015d930c303e9f6cfc0
sim/build/arm-localize-package-w8rye2o9/manifest.json	生成的仿真/构建/打包产物	657	e1740de2e7af0ae43814c529462aaa2c7650ffdeee454ea6c918481dc958ef91
sim/build/arm-localize-package-w8rye2o9/reference.py	生成的仿真/构建/打包产物	3600	2b9c2b2af41b3d560359aafa1d06ec708a492c36328f3173b5e606f00fd6a073
sim/build/arm-localize-package-w8rye2o9/selftest-evidence/result-crops-a58ozp0v/target_000.hex	生成的仿真/构建/打包产物	36	49177673c0579eadc9408c5a54a7d893694f1a66d3899be9f912eeff16fab50c
sim/build/arm-localize-package-w8rye2o9/selftest-evidence/result-crops-a58ozp0v/target_000.pgm	生成的仿真/构建/打包产物	23	54c75411bd7638b2c5d4f2a329e5bf2ae1c5191b3c799c205fe0aad52f12a348
sim/build/arm-localize-package-w8rye2o9/selftest-evidence/result-crops-a58ozp0v/target_001.hex	生成的仿真/构建/打包产物	36	d9958ae5248655fd5774b377577f82db068c27322ca3a51c5577effb50ccc1b8
sim/build/arm-localize-package-w8rye2o9/selftest-evidence/result-crops-a58ozp0v/target_001.pgm	生成的仿真/构建/打包产物	23	54e6a25edd3b88909b1ad86cf168d6b00ee012cf5e724e0f9e6992d6d04adc10
sim/build/arm-localize-package-w8rye2o9/selftest-evidence/result.json	生成的仿真/构建/打包产物	3258	ad24ff895824ee723aecad516918a36b6e13d7a2afdedec1456ee93c4458d046
sim/build/arm-localize-package-w8rye2o9/two_targets.json	生成的仿真/构建/打包产物	439	6a28cfa975586bf71a2b8e979896cccbc2d108801d46063d860421f874be96cd
sim/build/arm-localize-package-x4rkmstt/README.md	生成的仿真/构建/打包产物	2635	c32b79f13db44204f2e2cbc4a2d096b1f01497d4ab589247348003a600cd2d29
sim/build/arm-localize-package-x4rkmstt/arm_localize.py	生成的仿真/构建/打包产物	4692	d31abca31b25bdcaffc51e4ce2efe7e000b6e62a09afc39acd69d5460e340061
sim/build/arm-localize-package-x4rkmstt/arm_localize_bench.py	生成的仿真/构建/打包产物	4642	4c34139cd7a056a13c39796c21a4b32571be953fcd603b1815d90e5c7c8388ed
sim/build/arm-localize-package-x4rkmstt/arm_localize_selftest.py	生成的仿真/构建/打包产物	1919	a071d8183c5c4514b67b1002a08639db1f0e82e64a7a6c37622d6f071130d834
sim/build/arm-localize-package-x4rkmstt/benchmark-test/run-9fvdvl3v/tiny/input.json	生成的仿真/构建/打包产物	390	a18213218cbed18c012392eb09679c58ee77f02182c7347a2ac871ff7aa8f6df
sim/build/arm-localize-package-x4rkmstt/benchmark-test/run-9fvdvl3v/tiny/sample-00-crops-tgwn7a5v/target_000.hex	生成的仿真/构建/打包产物	12288	22d37839cb28715731400ea782e57d23e85facfad52553524b32f7c091222b63
sim/build/arm-localize-package-x4rkmstt/benchmark-test/run-9fvdvl3v/tiny/sample-00-crops-tgwn7a5v/target_000.pgm	生成的仿真/构建/打包产物	4109	20338307550c5d824a81161c204d3077a072d8fe29948aaa0e24b92b59416041
sim/build/arm-localize-package-x4rkmstt/benchmark-test/run-9fvdvl3v/tiny/sample-00-crops-tgwn7a5v/target_001.hex	生成的仿真/构建/打包产物	12288	f2b1505a8a564217b39e1ebb6de63fc377243309879135fd69c0eb967448d1aa
sim/build/arm-localize-package-x4rkmstt/benchmark-test/run-9fvdvl3v/tiny/sample-00-crops-tgwn7a5v/target_001.pgm	生成的仿真/构建/打包产物	4109	cd3c18d37e4edabdf84e67fb5a3ac3f679f7c681d82ffbfc486665c965de444e
sim/build/arm-localize-package-x4rkmstt/benchmark-test/run-9fvdvl3v/tiny/sample-00.json	生成的仿真/构建/打包产物	120078	d5dcb64f229386f604892a84c2a859e98dff5182c14c037ca8fdd8b2fe4ee033
sim/build/arm-localize-package-x4rkmstt/benchmark-test/run-9fvdvl3v/tiny/sample-01-crops-s_83orkc/target_000.hex	生成的仿真/构建/打包产物	12288	22d37839cb28715731400ea782e57d23e85facfad52553524b32f7c091222b63
sim/build/arm-localize-package-x4rkmstt/benchmark-test/run-9fvdvl3v/tiny/sample-01-crops-s_83orkc/target_000.pgm	生成的仿真/构建/打包产物	4109	20338307550c5d824a81161c204d3077a072d8fe29948aaa0e24b92b59416041
sim/build/arm-localize-package-x4rkmstt/benchmark-test/run-9fvdvl3v/tiny/sample-01-crops-s_83orkc/target_001.hex	生成的仿真/构建/打包产物	12288	f2b1505a8a564217b39e1ebb6de63fc377243309879135fd69c0eb967448d1aa
sim/build/arm-localize-package-x4rkmstt/benchmark-test/run-9fvdvl3v/tiny/sample-01-crops-s_83orkc/target_001.pgm	生成的仿真/构建/打包产物	4109	cd3c18d37e4edabdf84e67fb5a3ac3f679f7c681d82ffbfc486665c965de444e
sim/build/arm-localize-package-x4rkmstt/benchmark-test/run-9fvdvl3v/tiny/sample-01.json	生成的仿真/构建/打包产物	120080	b85e3fd8bc9fcf18bced32692108b081b25c25a2818ab13aa593b644e6f34214
sim/build/arm-localize-package-x4rkmstt/benchmark-test/run-9fvdvl3v/tiny/warmup-00-crops-jdzbwf5_/target_000.hex	生成的仿真/构建/打包产物	12288	22d37839cb28715731400ea782e57d23e85facfad52553524b32f7c091222b63
sim/build/arm-localize-package-x4rkmstt/benchmark-test/run-9fvdvl3v/tiny/warmup-00-crops-jdzbwf5_/target_000.pgm	生成的仿真/构建/打包产物	4109	20338307550c5d824a81161c204d3077a072d8fe29948aaa0e24b92b59416041
sim/build/arm-localize-package-x4rkmstt/benchmark-test/run-9fvdvl3v/tiny/warmup-00-crops-jdzbwf5_/target_001.hex	生成的仿真/构建/打包产物	12288	f2b1505a8a564217b39e1ebb6de63fc377243309879135fd69c0eb967448d1aa
sim/build/arm-localize-package-x4rkmstt/benchmark-test/run-9fvdvl3v/tiny/warmup-00-crops-jdzbwf5_/target_001.pgm	生成的仿真/构建/打包产物	4109	cd3c18d37e4edabdf84e67fb5a3ac3f679f7c681d82ffbfc486665c965de444e
sim/build/arm-localize-package-x4rkmstt/benchmark-test/run-9fvdvl3v/tiny/warmup-00.json	生成的仿真/构建/打包产物	120079	f3cd3168196c1d8b5227cdf9c217c570216c7ddd4be93393c1ed820009c29e6c
sim/build/arm-localize-package-x4rkmstt/benchmark-test/summary.json	生成的仿真/构建/打包产物	1347	1fb45d83e61f800d8a1fd0a67525c50fde8bf468a52c8112228cbd943dc3c4fd
sim/build/arm-localize-package-x4rkmstt/cli-crops-irheqvxb/target_000.hex	生成的仿真/构建/打包产物	12288	22d37839cb28715731400ea782e57d23e85facfad52553524b32f7c091222b63
sim/build/arm-localize-package-x4rkmstt/cli-crops-irheqvxb/target_000.pgm	生成的仿真/构建/打包产物	4109	20338307550c5d824a81161c204d3077a072d8fe29948aaa0e24b92b59416041
sim/build/arm-localize-package-x4rkmstt/cli-crops-irheqvxb/target_001.hex	生成的仿真/构建/打包产物	12288	f2b1505a8a564217b39e1ebb6de63fc377243309879135fd69c0eb967448d1aa
sim/build/arm-localize-package-x4rkmstt/cli-crops-irheqvxb/target_001.pgm	生成的仿真/构建/打包产物	4109	cd3c18d37e4edabdf84e67fb5a3ac3f679f7c681d82ffbfc486665c965de444e
sim/build/arm-localize-package-x4rkmstt/cli.json	生成的仿真/构建/打包产物	120048	623cbbfcc03e9d072cbd761dcae242808372fd58030c6070f69cbe582fe3e09d
sim/build/arm-localize-package-x4rkmstt/manifest.json	生成的仿真/构建/打包产物	657	1cdf7898d556877eacbdab810f36cce8608a2956e0a555642cb152b6cd0f10a7
sim/build/arm-localize-package-x4rkmstt/reference.py	生成的仿真/构建/打包产物	3600	2b9c2b2af41b3d560359aafa1d06ec708a492c36328f3173b5e606f00fd6a073
sim/build/arm-localize-package-x4rkmstt/selftest-evidence/result-crops-o1ybbrte/target_000.hex	生成的仿真/构建/打包产物	36	49177673c0579eadc9408c5a54a7d893694f1a66d3899be9f912eeff16fab50c
sim/build/arm-localize-package-x4rkmstt/selftest-evidence/result-crops-o1ybbrte/target_000.pgm	生成的仿真/构建/打包产物	23	54c75411bd7638b2c5d4f2a329e5bf2ae1c5191b3c799c205fe0aad52f12a348
sim/build/arm-localize-package-x4rkmstt/selftest-evidence/result-crops-o1ybbrte/target_001.hex	生成的仿真/构建/打包产物	36	d9958ae5248655fd5774b377577f82db068c27322ca3a51c5577effb50ccc1b8
sim/build/arm-localize-package-x4rkmstt/selftest-evidence/result-crops-o1ybbrte/target_001.pgm	生成的仿真/构建/打包产物	23	54e6a25edd3b88909b1ad86cf168d6b00ee012cf5e724e0f9e6992d6d04adc10
sim/build/arm-localize-package-x4rkmstt/selftest-evidence/result.json	生成的仿真/构建/打包产物	3258	009af095f057bea18630bc661a4af7c248df93dd481941ae14fd0dfa9a5f0e23
sim/build/arm-localize-package-x4rkmstt/two_targets.json	生成的仿真/构建/打包产物	439	6a28cfa975586bf71a2b8e979896cccbc2d108801d46063d860421f874be96cd
sim/build/arm-localize-package-xondpxji/README.md	生成的仿真/构建/打包产物	2635	c32b79f13db44204f2e2cbc4a2d096b1f01497d4ab589247348003a600cd2d29
sim/build/arm-localize-package-xondpxji/arm_localize.py	生成的仿真/构建/打包产物	4692	d31abca31b25bdcaffc51e4ce2efe7e000b6e62a09afc39acd69d5460e340061
sim/build/arm-localize-package-xondpxji/arm_localize_bench.py	生成的仿真/构建/打包产物	4642	4c34139cd7a056a13c39796c21a4b32571be953fcd603b1815d90e5c7c8388ed
sim/build/arm-localize-package-xondpxji/arm_localize_selftest.py	生成的仿真/构建/打包产物	1919	a071d8183c5c4514b67b1002a08639db1f0e82e64a7a6c37622d6f071130d834
sim/build/arm-localize-package-xondpxji/benchmark-test/run-ji8yubqk/tiny/input.json	生成的仿真/构建/打包产物	390	a18213218cbed18c012392eb09679c58ee77f02182c7347a2ac871ff7aa8f6df
sim/build/arm-localize-package-xondpxji/benchmark-test/run-ji8yubqk/tiny/sample-00-crops-6kc44y2c/target_000.hex	生成的仿真/构建/打包产物	12288	22d37839cb28715731400ea782e57d23e85facfad52553524b32f7c091222b63
sim/build/arm-localize-package-xondpxji/benchmark-test/run-ji8yubqk/tiny/sample-00-crops-6kc44y2c/target_000.pgm	生成的仿真/构建/打包产物	4109	20338307550c5d824a81161c204d3077a072d8fe29948aaa0e24b92b59416041
sim/build/arm-localize-package-xondpxji/benchmark-test/run-ji8yubqk/tiny/sample-00-crops-6kc44y2c/target_001.hex	生成的仿真/构建/打包产物	12288	f2b1505a8a564217b39e1ebb6de63fc377243309879135fd69c0eb967448d1aa
sim/build/arm-localize-package-xondpxji/benchmark-test/run-ji8yubqk/tiny/sample-00-crops-6kc44y2c/target_001.pgm	生成的仿真/构建/打包产物	4109	cd3c18d37e4edabdf84e67fb5a3ac3f679f7c681d82ffbfc486665c965de444e
sim/build/arm-localize-package-xondpxji/benchmark-test/run-ji8yubqk/tiny/sample-00.json	生成的仿真/构建/打包产物	120080	17887f4a39178c53a5df281f12bd8a10b90dbece719759fa85f188c530c57033
sim/build/arm-localize-package-xondpxji/benchmark-test/run-ji8yubqk/tiny/sample-01-crops-75f9xkvt/target_000.hex	生成的仿真/构建/打包产物	12288	22d37839cb28715731400ea782e57d23e85facfad52553524b32f7c091222b63
sim/build/arm-localize-package-xondpxji/benchmark-test/run-ji8yubqk/tiny/sample-01-crops-75f9xkvt/target_000.pgm	生成的仿真/构建/打包产物	4109	20338307550c5d824a81161c204d3077a072d8fe29948aaa0e24b92b59416041
sim/build/arm-localize-package-xondpxji/benchmark-test/run-ji8yubqk/tiny/sample-01-crops-75f9xkvt/target_001.hex	生成的仿真/构建/打包产物	12288	f2b1505a8a564217b39e1ebb6de63fc377243309879135fd69c0eb967448d1aa
sim/build/arm-localize-package-xondpxji/benchmark-test/run-ji8yubqk/tiny/sample-01-crops-75f9xkvt/target_001.pgm	生成的仿真/构建/打包产物	4109	cd3c18d37e4edabdf84e67fb5a3ac3f679f7c681d82ffbfc486665c965de444e
sim/build/arm-localize-package-xondpxji/benchmark-test/run-ji8yubqk/tiny/sample-01.json	生成的仿真/构建/打包产物	120080	1dc8eae962d3de21695ba97a3bc0201a4107690540717c27e037faa7b406af4b
sim/build/arm-localize-package-xondpxji/benchmark-test/run-ji8yubqk/tiny/warmup-00-crops-8nbusioo/target_000.hex	生成的仿真/构建/打包产物	12288	22d37839cb28715731400ea782e57d23e85facfad52553524b32f7c091222b63
sim/build/arm-localize-package-xondpxji/benchmark-test/run-ji8yubqk/tiny/warmup-00-crops-8nbusioo/target_000.pgm	生成的仿真/构建/打包产物	4109	20338307550c5d824a81161c204d3077a072d8fe29948aaa0e24b92b59416041
sim/build/arm-localize-package-xondpxji/benchmark-test/run-ji8yubqk/tiny/warmup-00-crops-8nbusioo/target_001.hex	生成的仿真/构建/打包产物	12288	f2b1505a8a564217b39e1ebb6de63fc377243309879135fd69c0eb967448d1aa
sim/build/arm-localize-package-xondpxji/benchmark-test/run-ji8yubqk/tiny/warmup-00-crops-8nbusioo/target_001.pgm	生成的仿真/构建/打包产物	4109	cd3c18d37e4edabdf84e67fb5a3ac3f679f7c681d82ffbfc486665c965de444e
sim/build/arm-localize-package-xondpxji/benchmark-test/run-ji8yubqk/tiny/warmup-00.json	生成的仿真/构建/打包产物	120079	26b3f88829c0b46ff5387e264556ed0643e2fb6693a2330907bd1ce078a5c1d3
sim/build/arm-localize-package-xondpxji/benchmark-test/summary.json	生成的仿真/构建/打包产物	1355	43ed96ef8fe91d4a26a27e07a5bd11ab277fa82e51853fcad012f092df6f24fa
sim/build/arm-localize-package-xondpxji/cli-crops-a32o3rbr/target_000.hex	生成的仿真/构建/打包产物	12288	22d37839cb28715731400ea782e57d23e85facfad52553524b32f7c091222b63
sim/build/arm-localize-package-xondpxji/cli-crops-a32o3rbr/target_000.pgm	生成的仿真/构建/打包产物	4109	20338307550c5d824a81161c204d3077a072d8fe29948aaa0e24b92b59416041
sim/build/arm-localize-package-xondpxji/cli-crops-a32o3rbr/target_001.hex	生成的仿真/构建/打包产物	12288	f2b1505a8a564217b39e1ebb6de63fc377243309879135fd69c0eb967448d1aa
sim/build/arm-localize-package-xondpxji/cli-crops-a32o3rbr/target_001.pgm	生成的仿真/构建/打包产物	4109	cd3c18d37e4edabdf84e67fb5a3ac3f679f7c681d82ffbfc486665c965de444e
sim/build/arm-localize-package-xondpxji/cli.json	生成的仿真/构建/打包产物	120048	b4ad5d91905685ec5a941b3c02f74005c801043c8c03ce6ab28ba0019c478aa4
sim/build/arm-localize-package-xondpxji/manifest.json	生成的仿真/构建/打包产物	657	55edf53ca5ab70e0e39c8a809cac7ed376612757a8c131d5192960bd96a3f9ec
sim/build/arm-localize-package-xondpxji/reference.py	生成的仿真/构建/打包产物	3600	2b9c2b2af41b3d560359aafa1d06ec708a492c36328f3173b5e606f00fd6a073
sim/build/arm-localize-package-xondpxji/selftest-evidence/result-crops-h3rw51fh/target_000.hex	生成的仿真/构建/打包产物	36	49177673c0579eadc9408c5a54a7d893694f1a66d3899be9f912eeff16fab50c
sim/build/arm-localize-package-xondpxji/selftest-evidence/result-crops-h3rw51fh/target_000.pgm	生成的仿真/构建/打包产物	23	54c75411bd7638b2c5d4f2a329e5bf2ae1c5191b3c799c205fe0aad52f12a348
sim/build/arm-localize-package-xondpxji/selftest-evidence/result-crops-h3rw51fh/target_001.hex	生成的仿真/构建/打包产物	36	d9958ae5248655fd5774b377577f82db068c27322ca3a51c5577effb50ccc1b8
sim/build/arm-localize-package-xondpxji/selftest-evidence/result-crops-h3rw51fh/target_001.pgm	生成的仿真/构建/打包产物	23	54e6a25edd3b88909b1ad86cf168d6b00ee012cf5e724e0f9e6992d6d04adc10
sim/build/arm-localize-package-xondpxji/selftest-evidence/result.json	生成的仿真/构建/打包产物	3255	e678445016290dad3fed7e6e7788fe38019b6851312fab08222869f42ac1b91e
sim/build/arm-localize-package-xondpxji/two_targets.json	生成的仿真/构建/打包产物	439	6a28cfa975586bf71a2b8e979896cccbc2d108801d46063d860421f874be96cd
sim/build/arm-localize-test/bad.json	生成的仿真/构建/打包产物	20	470f07de290030c98a2be819cdc0e8c6289256e4bed0dcc95a85ae16b8d33509
sim/build/arm-localize-test/border-result.json	生成的仿真/构建/打包产物	892	8f60e2ded09f0f29d7f28b00eb6895316534b5bb7d57adc01286ef367fd22882
sim/build/arm-localize-test/border.json	生成的仿真/构建/打包产物	84	e3a12a45d8cba7c7219d296e5af577a47cc8c333a6594caa26157d0f07dc02b8
sim/build/arm-localize-test/cli-crops-0i8m__a9/target_000.hex	生成的仿真/构建/打包产物	36	49177673c0579eadc9408c5a54a7d893694f1a66d3899be9f912eeff16fab50c
sim/build/arm-localize-test/cli-crops-0i8m__a9/target_000.pgm	生成的仿真/构建/打包产物	23	54c75411bd7638b2c5d4f2a329e5bf2ae1c5191b3c799c205fe0aad52f12a348
sim/build/arm-localize-test/cli-crops-0i8m__a9/target_001.hex	生成的仿真/构建/打包产物	36	d9958ae5248655fd5774b377577f82db068c27322ca3a51c5577effb50ccc1b8
sim/build/arm-localize-test/cli-crops-0i8m__a9/target_001.pgm	生成的仿真/构建/打包产物	23	54e6a25edd3b88909b1ad86cf168d6b00ee012cf5e724e0f9e6992d6d04adc10
sim/build/arm-localize-test/cli-crops-0ib42adg/target_000.hex	生成的仿真/构建/打包产物	36	49177673c0579eadc9408c5a54a7d893694f1a66d3899be9f912eeff16fab50c
sim/build/arm-localize-test/cli-crops-0ib42adg/target_000.pgm	生成的仿真/构建/打包产物	23	54c75411bd7638b2c5d4f2a329e5bf2ae1c5191b3c799c205fe0aad52f12a348
sim/build/arm-localize-test/cli-crops-0ib42adg/target_001.hex	生成的仿真/构建/打包产物	36	d9958ae5248655fd5774b377577f82db068c27322ca3a51c5577effb50ccc1b8
sim/build/arm-localize-test/cli-crops-0ib42adg/target_001.pgm	生成的仿真/构建/打包产物	23	54e6a25edd3b88909b1ad86cf168d6b00ee012cf5e724e0f9e6992d6d04adc10
sim/build/arm-localize-test/cli-crops-0rmif8vj/target_000.hex	生成的仿真/构建/打包产物	36	49177673c0579eadc9408c5a54a7d893694f1a66d3899be9f912eeff16fab50c
sim/build/arm-localize-test/cli-crops-0rmif8vj/target_000.pgm	生成的仿真/构建/打包产物	23	54c75411bd7638b2c5d4f2a329e5bf2ae1c5191b3c799c205fe0aad52f12a348
sim/build/arm-localize-test/cli-crops-0rmif8vj/target_001.hex	生成的仿真/构建/打包产物	36	d9958ae5248655fd5774b377577f82db068c27322ca3a51c5577effb50ccc1b8
sim/build/arm-localize-test/cli-crops-0rmif8vj/target_001.pgm	生成的仿真/构建/打包产物	23	54e6a25edd3b88909b1ad86cf168d6b00ee012cf5e724e0f9e6992d6d04adc10
sim/build/arm-localize-test/cli-crops-1cjge075/target_000.hex	生成的仿真/构建/打包产物	36	49177673c0579eadc9408c5a54a7d893694f1a66d3899be9f912eeff16fab50c
sim/build/arm-localize-test/cli-crops-1cjge075/target_000.pgm	生成的仿真/构建/打包产物	23	54c75411bd7638b2c5d4f2a329e5bf2ae1c5191b3c799c205fe0aad52f12a348
sim/build/arm-localize-test/cli-crops-1cjge075/target_001.hex	生成的仿真/构建/打包产物	36	d9958ae5248655fd5774b377577f82db068c27322ca3a51c5577effb50ccc1b8
sim/build/arm-localize-test/cli-crops-1cjge075/target_001.pgm	生成的仿真/构建/打包产物	23	54e6a25edd3b88909b1ad86cf168d6b00ee012cf5e724e0f9e6992d6d04adc10
sim/build/arm-localize-test/cli-crops-1jxxxfr6/target_000.hex	生成的仿真/构建/打包产物	36	49177673c0579eadc9408c5a54a7d893694f1a66d3899be9f912eeff16fab50c
sim/build/arm-localize-test/cli-crops-1jxxxfr6/target_000.pgm	生成的仿真/构建/打包产物	23	54c75411bd7638b2c5d4f2a329e5bf2ae1c5191b3c799c205fe0aad52f12a348
sim/build/arm-localize-test/cli-crops-1jxxxfr6/target_001.hex	生成的仿真/构建/打包产物	36	d9958ae5248655fd5774b377577f82db068c27322ca3a51c5577effb50ccc1b8
sim/build/arm-localize-test/cli-crops-1jxxxfr6/target_001.pgm	生成的仿真/构建/打包产物	23	54e6a25edd3b88909b1ad86cf168d6b00ee012cf5e724e0f9e6992d6d04adc10
sim/build/arm-localize-test/cli-crops-3ze_qtik/target_000.hex	生成的仿真/构建/打包产物	36	49177673c0579eadc9408c5a54a7d893694f1a66d3899be9f912eeff16fab50c
sim/build/arm-localize-test/cli-crops-3ze_qtik/target_000.pgm	生成的仿真/构建/打包产物	23	54c75411bd7638b2c5d4f2a329e5bf2ae1c5191b3c799c205fe0aad52f12a348
sim/build/arm-localize-test/cli-crops-3ze_qtik/target_001.hex	生成的仿真/构建/打包产物	36	d9958ae5248655fd5774b377577f82db068c27322ca3a51c5577effb50ccc1b8
sim/build/arm-localize-test/cli-crops-3ze_qtik/target_001.pgm	生成的仿真/构建/打包产物	23	54e6a25edd3b88909b1ad86cf168d6b00ee012cf5e724e0f9e6992d6d04adc10
sim/build/arm-localize-test/cli-crops-8p0xs3rk/target_000.hex	生成的仿真/构建/打包产物	36	49177673c0579eadc9408c5a54a7d893694f1a66d3899be9f912eeff16fab50c
sim/build/arm-localize-test/cli-crops-8p0xs3rk/target_000.pgm	生成的仿真/构建/打包产物	23	54c75411bd7638b2c5d4f2a329e5bf2ae1c5191b3c799c205fe0aad52f12a348
sim/build/arm-localize-test/cli-crops-8p0xs3rk/target_001.hex	生成的仿真/构建/打包产物	36	d9958ae5248655fd5774b377577f82db068c27322ca3a51c5577effb50ccc1b8
sim/build/arm-localize-test/cli-crops-8p0xs3rk/target_001.pgm	生成的仿真/构建/打包产物	23	54e6a25edd3b88909b1ad86cf168d6b00ee012cf5e724e0f9e6992d6d04adc10
sim/build/arm-localize-test/cli-crops-99li2fwb/target_000.hex	生成的仿真/构建/打包产物	36	49177673c0579eadc9408c5a54a7d893694f1a66d3899be9f912eeff16fab50c
sim/build/arm-localize-test/cli-crops-99li2fwb/target_000.pgm	生成的仿真/构建/打包产物	23	54c75411bd7638b2c5d4f2a329e5bf2ae1c5191b3c799c205fe0aad52f12a348
sim/build/arm-localize-test/cli-crops-99li2fwb/target_001.hex	生成的仿真/构建/打包产物	36	d9958ae5248655fd5774b377577f82db068c27322ca3a51c5577effb50ccc1b8
sim/build/arm-localize-test/cli-crops-99li2fwb/target_001.pgm	生成的仿真/构建/打包产物	23	54e6a25edd3b88909b1ad86cf168d6b00ee012cf5e724e0f9e6992d6d04adc10
sim/build/arm-localize-test/cli-crops-9i2no9qk/target_000.hex	生成的仿真/构建/打包产物	36	49177673c0579eadc9408c5a54a7d893694f1a66d3899be9f912eeff16fab50c
sim/build/arm-localize-test/cli-crops-9i2no9qk/target_000.pgm	生成的仿真/构建/打包产物	23	54c75411bd7638b2c5d4f2a329e5bf2ae1c5191b3c799c205fe0aad52f12a348
sim/build/arm-localize-test/cli-crops-9i2no9qk/target_001.hex	生成的仿真/构建/打包产物	36	d9958ae5248655fd5774b377577f82db068c27322ca3a51c5577effb50ccc1b8
sim/build/arm-localize-test/cli-crops-9i2no9qk/target_001.pgm	生成的仿真/构建/打包产物	23	54e6a25edd3b88909b1ad86cf168d6b00ee012cf5e724e0f9e6992d6d04adc10
sim/build/arm-localize-test/cli-crops-bsa5ipej/target_000.hex	生成的仿真/构建/打包产物	36	49177673c0579eadc9408c5a54a7d893694f1a66d3899be9f912eeff16fab50c
sim/build/arm-localize-test/cli-crops-bsa5ipej/target_000.pgm	生成的仿真/构建/打包产物	23	54c75411bd7638b2c5d4f2a329e5bf2ae1c5191b3c799c205fe0aad52f12a348
sim/build/arm-localize-test/cli-crops-bsa5ipej/target_001.hex	生成的仿真/构建/打包产物	36	d9958ae5248655fd5774b377577f82db068c27322ca3a51c5577effb50ccc1b8
sim/build/arm-localize-test/cli-crops-bsa5ipej/target_001.pgm	生成的仿真/构建/打包产物	23	54e6a25edd3b88909b1ad86cf168d6b00ee012cf5e724e0f9e6992d6d04adc10
sim/build/arm-localize-test/cli-crops-gloesss7/target_000.hex	生成的仿真/构建/打包产物	36	49177673c0579eadc9408c5a54a7d893694f1a66d3899be9f912eeff16fab50c
sim/build/arm-localize-test/cli-crops-gloesss7/target_000.pgm	生成的仿真/构建/打包产物	23	54c75411bd7638b2c5d4f2a329e5bf2ae1c5191b3c799c205fe0aad52f12a348
sim/build/arm-localize-test/cli-crops-gloesss7/target_001.hex	生成的仿真/构建/打包产物	36	d9958ae5248655fd5774b377577f82db068c27322ca3a51c5577effb50ccc1b8
sim/build/arm-localize-test/cli-crops-gloesss7/target_001.pgm	生成的仿真/构建/打包产物	23	54e6a25edd3b88909b1ad86cf168d6b00ee012cf5e724e0f9e6992d6d04adc10
sim/build/arm-localize-test/cli-crops-hwve1sgu/target_000.hex	生成的仿真/构建/打包产物	36	49177673c0579eadc9408c5a54a7d893694f1a66d3899be9f912eeff16fab50c
sim/build/arm-localize-test/cli-crops-hwve1sgu/target_000.pgm	生成的仿真/构建/打包产物	23	54c75411bd7638b2c5d4f2a329e5bf2ae1c5191b3c799c205fe0aad52f12a348
sim/build/arm-localize-test/cli-crops-hwve1sgu/target_001.hex	生成的仿真/构建/打包产物	36	d9958ae5248655fd5774b377577f82db068c27322ca3a51c5577effb50ccc1b8
sim/build/arm-localize-test/cli-crops-hwve1sgu/target_001.pgm	生成的仿真/构建/打包产物	23	54e6a25edd3b88909b1ad86cf168d6b00ee012cf5e724e0f9e6992d6d04adc10
sim/build/arm-localize-test/cli-crops-i_el0aa_/target_000.hex	生成的仿真/构建/打包产物	36	49177673c0579eadc9408c5a54a7d893694f1a66d3899be9f912eeff16fab50c
sim/build/arm-localize-test/cli-crops-i_el0aa_/target_000.pgm	生成的仿真/构建/打包产物	23	54c75411bd7638b2c5d4f2a329e5bf2ae1c5191b3c799c205fe0aad52f12a348
sim/build/arm-localize-test/cli-crops-i_el0aa_/target_001.hex	生成的仿真/构建/打包产物	36	d9958ae5248655fd5774b377577f82db068c27322ca3a51c5577effb50ccc1b8
sim/build/arm-localize-test/cli-crops-i_el0aa_/target_001.pgm	生成的仿真/构建/打包产物	23	54e6a25edd3b88909b1ad86cf168d6b00ee012cf5e724e0f9e6992d6d04adc10
sim/build/arm-localize-test/cli-crops-iqrnkivz/target_000.hex	生成的仿真/构建/打包产物	36	49177673c0579eadc9408c5a54a7d893694f1a66d3899be9f912eeff16fab50c
sim/build/arm-localize-test/cli-crops-iqrnkivz/target_000.pgm	生成的仿真/构建/打包产物	23	54c75411bd7638b2c5d4f2a329e5bf2ae1c5191b3c799c205fe0aad52f12a348
sim/build/arm-localize-test/cli-crops-iqrnkivz/target_001.hex	生成的仿真/构建/打包产物	36	d9958ae5248655fd5774b377577f82db068c27322ca3a51c5577effb50ccc1b8
sim/build/arm-localize-test/cli-crops-iqrnkivz/target_001.pgm	生成的仿真/构建/打包产物	23	54e6a25edd3b88909b1ad86cf168d6b00ee012cf5e724e0f9e6992d6d04adc10
sim/build/arm-localize-test/cli-crops-jo60aql1/target_000.hex	生成的仿真/构建/打包产物	36	49177673c0579eadc9408c5a54a7d893694f1a66d3899be9f912eeff16fab50c
sim/build/arm-localize-test/cli-crops-jo60aql1/target_000.pgm	生成的仿真/构建/打包产物	23	54c75411bd7638b2c5d4f2a329e5bf2ae1c5191b3c799c205fe0aad52f12a348
sim/build/arm-localize-test/cli-crops-jo60aql1/target_001.hex	生成的仿真/构建/打包产物	36	d9958ae5248655fd5774b377577f82db068c27322ca3a51c5577effb50ccc1b8
sim/build/arm-localize-test/cli-crops-jo60aql1/target_001.pgm	生成的仿真/构建/打包产物	23	54e6a25edd3b88909b1ad86cf168d6b00ee012cf5e724e0f9e6992d6d04adc10
sim/build/arm-localize-test/cli-crops-jzth37_3/target_000.hex	生成的仿真/构建/打包产物	36	49177673c0579eadc9408c5a54a7d893694f1a66d3899be9f912eeff16fab50c
sim/build/arm-localize-test/cli-crops-jzth37_3/target_000.pgm	生成的仿真/构建/打包产物	23	54c75411bd7638b2c5d4f2a329e5bf2ae1c5191b3c799c205fe0aad52f12a348
sim/build/arm-localize-test/cli-crops-jzth37_3/target_001.hex	生成的仿真/构建/打包产物	36	d9958ae5248655fd5774b377577f82db068c27322ca3a51c5577effb50ccc1b8
sim/build/arm-localize-test/cli-crops-jzth37_3/target_001.pgm	生成的仿真/构建/打包产物	23	54e6a25edd3b88909b1ad86cf168d6b00ee012cf5e724e0f9e6992d6d04adc10
sim/build/arm-localize-test/cli-crops-kin2rd83/target_000.hex	生成的仿真/构建/打包产物	36	49177673c0579eadc9408c5a54a7d893694f1a66d3899be9f912eeff16fab50c
sim/build/arm-localize-test/cli-crops-kin2rd83/target_000.pgm	生成的仿真/构建/打包产物	23	54c75411bd7638b2c5d4f2a329e5bf2ae1c5191b3c799c205fe0aad52f12a348
sim/build/arm-localize-test/cli-crops-kin2rd83/target_001.hex	生成的仿真/构建/打包产物	36	d9958ae5248655fd5774b377577f82db068c27322ca3a51c5577effb50ccc1b8
sim/build/arm-localize-test/cli-crops-kin2rd83/target_001.pgm	生成的仿真/构建/打包产物	23	54e6a25edd3b88909b1ad86cf168d6b00ee012cf5e724e0f9e6992d6d04adc10
sim/build/arm-localize-test/cli-crops-kl4_invi/target_000.hex	生成的仿真/构建/打包产物	36	49177673c0579eadc9408c5a54a7d893694f1a66d3899be9f912eeff16fab50c
sim/build/arm-localize-test/cli-crops-kl4_invi/target_000.pgm	生成的仿真/构建/打包产物	23	54c75411bd7638b2c5d4f2a329e5bf2ae1c5191b3c799c205fe0aad52f12a348
sim/build/arm-localize-test/cli-crops-kl4_invi/target_001.hex	生成的仿真/构建/打包产物	36	d9958ae5248655fd5774b377577f82db068c27322ca3a51c5577effb50ccc1b8
sim/build/arm-localize-test/cli-crops-kl4_invi/target_001.pgm	生成的仿真/构建/打包产物	23	54e6a25edd3b88909b1ad86cf168d6b00ee012cf5e724e0f9e6992d6d04adc10
sim/build/arm-localize-test/cli-crops-kr4l31n4/target_000.hex	生成的仿真/构建/打包产物	36	49177673c0579eadc9408c5a54a7d893694f1a66d3899be9f912eeff16fab50c
sim/build/arm-localize-test/cli-crops-kr4l31n4/target_000.pgm	生成的仿真/构建/打包产物	23	54c75411bd7638b2c5d4f2a329e5bf2ae1c5191b3c799c205fe0aad52f12a348
sim/build/arm-localize-test/cli-crops-kr4l31n4/target_001.hex	生成的仿真/构建/打包产物	36	d9958ae5248655fd5774b377577f82db068c27322ca3a51c5577effb50ccc1b8
sim/build/arm-localize-test/cli-crops-kr4l31n4/target_001.pgm	生成的仿真/构建/打包产物	23	54e6a25edd3b88909b1ad86cf168d6b00ee012cf5e724e0f9e6992d6d04adc10
sim/build/arm-localize-test/cli-crops-mef97tqi/target_000.hex	生成的仿真/构建/打包产物	36	49177673c0579eadc9408c5a54a7d893694f1a66d3899be9f912eeff16fab50c
sim/build/arm-localize-test/cli-crops-mef97tqi/target_000.pgm	生成的仿真/构建/打包产物	23	54c75411bd7638b2c5d4f2a329e5bf2ae1c5191b3c799c205fe0aad52f12a348
sim/build/arm-localize-test/cli-crops-mef97tqi/target_001.hex	生成的仿真/构建/打包产物	36	d9958ae5248655fd5774b377577f82db068c27322ca3a51c5577effb50ccc1b8
sim/build/arm-localize-test/cli-crops-mef97tqi/target_001.pgm	生成的仿真/构建/打包产物	23	54e6a25edd3b88909b1ad86cf168d6b00ee012cf5e724e0f9e6992d6d04adc10
sim/build/arm-localize-test/cli-crops-ns2s2bs5/target_000.hex	生成的仿真/构建/打包产物	36	49177673c0579eadc9408c5a54a7d893694f1a66d3899be9f912eeff16fab50c
sim/build/arm-localize-test/cli-crops-ns2s2bs5/target_000.pgm	生成的仿真/构建/打包产物	23	54c75411bd7638b2c5d4f2a329e5bf2ae1c5191b3c799c205fe0aad52f12a348
sim/build/arm-localize-test/cli-crops-ns2s2bs5/target_001.hex	生成的仿真/构建/打包产物	36	d9958ae5248655fd5774b377577f82db068c27322ca3a51c5577effb50ccc1b8
sim/build/arm-localize-test/cli-crops-ns2s2bs5/target_001.pgm	生成的仿真/构建/打包产物	23	54e6a25edd3b88909b1ad86cf168d6b00ee012cf5e724e0f9e6992d6d04adc10
sim/build/arm-localize-test/cli-crops-vjcrq057/target_000.hex	生成的仿真/构建/打包产物	36	49177673c0579eadc9408c5a54a7d893694f1a66d3899be9f912eeff16fab50c
sim/build/arm-localize-test/cli-crops-vjcrq057/target_000.pgm	生成的仿真/构建/打包产物	23	54c75411bd7638b2c5d4f2a329e5bf2ae1c5191b3c799c205fe0aad52f12a348
sim/build/arm-localize-test/cli-crops-vjcrq057/target_001.hex	生成的仿真/构建/打包产物	36	d9958ae5248655fd5774b377577f82db068c27322ca3a51c5577effb50ccc1b8
sim/build/arm-localize-test/cli-crops-vjcrq057/target_001.pgm	生成的仿真/构建/打包产物	23	54e6a25edd3b88909b1ad86cf168d6b00ee012cf5e724e0f9e6992d6d04adc10
sim/build/arm-localize-test/cli-crops-wf9ag0m8/target_000.hex	生成的仿真/构建/打包产物	36	49177673c0579eadc9408c5a54a7d893694f1a66d3899be9f912eeff16fab50c
sim/build/arm-localize-test/cli-crops-wf9ag0m8/target_000.pgm	生成的仿真/构建/打包产物	23	54c75411bd7638b2c5d4f2a329e5bf2ae1c5191b3c799c205fe0aad52f12a348
sim/build/arm-localize-test/cli-crops-wf9ag0m8/target_001.hex	生成的仿真/构建/打包产物	36	d9958ae5248655fd5774b377577f82db068c27322ca3a51c5577effb50ccc1b8
sim/build/arm-localize-test/cli-crops-wf9ag0m8/target_001.pgm	生成的仿真/构建/打包产物	23	54e6a25edd3b88909b1ad86cf168d6b00ee012cf5e724e0f9e6992d6d04adc10
sim/build/arm-localize-test/cli-crops-zb2amp5y/target_000.hex	生成的仿真/构建/打包产物	36	49177673c0579eadc9408c5a54a7d893694f1a66d3899be9f912eeff16fab50c
sim/build/arm-localize-test/cli-crops-zb2amp5y/target_000.pgm	生成的仿真/构建/打包产物	23	54c75411bd7638b2c5d4f2a329e5bf2ae1c5191b3c799c205fe0aad52f12a348
sim/build/arm-localize-test/cli-crops-zb2amp5y/target_001.hex	生成的仿真/构建/打包产物	36	d9958ae5248655fd5774b377577f82db068c27322ca3a51c5577effb50ccc1b8
sim/build/arm-localize-test/cli-crops-zb2amp5y/target_001.pgm	生成的仿真/构建/打包产物	23	54e6a25edd3b88909b1ad86cf168d6b00ee012cf5e724e0f9e6992d6d04adc10
sim/build/arm-localize-test/cli.json	生成的仿真/构建/打包产物	3245	81cfd54a0539ca4e4d8b30dacfde2ba109f6107f5bf954913ecd6d3b9b26f505
sim/build/arm-localize-test/empty-result.json	生成的仿真/构建/打包产物	695	688313b1ae894fa84bc7a35b44010cf4864d3dcd7f34287a80d729d00f0cba69
sim/build/arm-localize-test/empty.json	生成的仿真/构建/打包产物	508	ad613a262c442299612b10af0e4cda7790f4dff2adf2289dbf689d14f63dc384
sim/build/arm-localize-test/limit.json	生成的仿真/构建/打包产物	1097	4d87b5f06f17bf059a989663850e381e662d0607a91f3abe9011090ddf7a1582
sim/build/arm-localize-test/order-crops-1n9fcb79/target_000.hex	生成的仿真/构建/打包产物	12	c2733e4ad02d1b907c22dc45bb8c3aaab89123c94d21680a87fd9a9feb1e77df
sim/build/arm-localize-test/order-crops-1n9fcb79/target_000.pgm	生成的仿真/构建/打包产物	15	72da4da49413259d1c478e37535cf866b981511b8142d25ce5482f4104e45a6f
sim/build/arm-localize-test/order-crops-1thcly7r/target_000.hex	生成的仿真/构建/打包产物	12	c2733e4ad02d1b907c22dc45bb8c3aaab89123c94d21680a87fd9a9feb1e77df
sim/build/arm-localize-test/order-crops-1thcly7r/target_000.pgm	生成的仿真/构建/打包产物	15	72da4da49413259d1c478e37535cf866b981511b8142d25ce5482f4104e45a6f
sim/build/arm-localize-test/order-crops-1xvk721s/target_000.hex	生成的仿真/构建/打包产物	12	c2733e4ad02d1b907c22dc45bb8c3aaab89123c94d21680a87fd9a9feb1e77df
sim/build/arm-localize-test/order-crops-1xvk721s/target_000.pgm	生成的仿真/构建/打包产物	15	72da4da49413259d1c478e37535cf866b981511b8142d25ce5482f4104e45a6f
sim/build/arm-localize-test/order-crops-40ylrxf4/target_000.hex	生成的仿真/构建/打包产物	12	c2733e4ad02d1b907c22dc45bb8c3aaab89123c94d21680a87fd9a9feb1e77df
sim/build/arm-localize-test/order-crops-40ylrxf4/target_000.pgm	生成的仿真/构建/打包产物	15	72da4da49413259d1c478e37535cf866b981511b8142d25ce5482f4104e45a6f
sim/build/arm-localize-test/order-crops-5k18gflv/target_000.hex	生成的仿真/构建/打包产物	12	c2733e4ad02d1b907c22dc45bb8c3aaab89123c94d21680a87fd9a9feb1e77df
sim/build/arm-localize-test/order-crops-5k18gflv/target_000.pgm	生成的仿真/构建/打包产物	15	72da4da49413259d1c478e37535cf866b981511b8142d25ce5482f4104e45a6f
sim/build/arm-localize-test/order-crops-8bzhands/target_000.hex	生成的仿真/构建/打包产物	12	c2733e4ad02d1b907c22dc45bb8c3aaab89123c94d21680a87fd9a9feb1e77df
sim/build/arm-localize-test/order-crops-8bzhands/target_000.pgm	生成的仿真/构建/打包产物	15	72da4da49413259d1c478e37535cf866b981511b8142d25ce5482f4104e45a6f
sim/build/arm-localize-test/order-crops-94xbjws6/target_000.hex	生成的仿真/构建/打包产物	12	c2733e4ad02d1b907c22dc45bb8c3aaab89123c94d21680a87fd9a9feb1e77df
sim/build/arm-localize-test/order-crops-94xbjws6/target_000.pgm	生成的仿真/构建/打包产物	15	72da4da49413259d1c478e37535cf866b981511b8142d25ce5482f4104e45a6f
sim/build/arm-localize-test/order-crops-djap19q6/target_000.hex	生成的仿真/构建/打包产物	12	c2733e4ad02d1b907c22dc45bb8c3aaab89123c94d21680a87fd9a9feb1e77df
sim/build/arm-localize-test/order-crops-djap19q6/target_000.pgm	生成的仿真/构建/打包产物	15	72da4da49413259d1c478e37535cf866b981511b8142d25ce5482f4104e45a6f
sim/build/arm-localize-test/order-crops-ei_znrc8/target_000.hex	生成的仿真/构建/打包产物	12	c2733e4ad02d1b907c22dc45bb8c3aaab89123c94d21680a87fd9a9feb1e77df
sim/build/arm-localize-test/order-crops-ei_znrc8/target_000.pgm	生成的仿真/构建/打包产物	15	72da4da49413259d1c478e37535cf866b981511b8142d25ce5482f4104e45a6f
sim/build/arm-localize-test/order-crops-g5n78ws6/target_000.hex	生成的仿真/构建/打包产物	12	c2733e4ad02d1b907c22dc45bb8c3aaab89123c94d21680a87fd9a9feb1e77df
sim/build/arm-localize-test/order-crops-g5n78ws6/target_000.pgm	生成的仿真/构建/打包产物	15	72da4da49413259d1c478e37535cf866b981511b8142d25ce5482f4104e45a6f
sim/build/arm-localize-test/order-crops-h2t37vm3/target_000.hex	生成的仿真/构建/打包产物	12	c2733e4ad02d1b907c22dc45bb8c3aaab89123c94d21680a87fd9a9feb1e77df
sim/build/arm-localize-test/order-crops-h2t37vm3/target_000.pgm	生成的仿真/构建/打包产物	15	72da4da49413259d1c478e37535cf866b981511b8142d25ce5482f4104e45a6f
sim/build/arm-localize-test/order-crops-i0_t8w8i/target_000.hex	生成的仿真/构建/打包产物	12	c2733e4ad02d1b907c22dc45bb8c3aaab89123c94d21680a87fd9a9feb1e77df
sim/build/arm-localize-test/order-crops-i0_t8w8i/target_000.pgm	生成的仿真/构建/打包产物	15	72da4da49413259d1c478e37535cf866b981511b8142d25ce5482f4104e45a6f
sim/build/arm-localize-test/order-crops-mnn7yhe9/target_000.hex	生成的仿真/构建/打包产物	12	c2733e4ad02d1b907c22dc45bb8c3aaab89123c94d21680a87fd9a9feb1e77df
sim/build/arm-localize-test/order-crops-mnn7yhe9/target_000.pgm	生成的仿真/构建/打包产物	15	72da4da49413259d1c478e37535cf866b981511b8142d25ce5482f4104e45a6f
sim/build/arm-localize-test/order-crops-pae4lild/target_000.hex	生成的仿真/构建/打包产物	12	c2733e4ad02d1b907c22dc45bb8c3aaab89123c94d21680a87fd9a9feb1e77df
sim/build/arm-localize-test/order-crops-pae4lild/target_000.pgm	生成的仿真/构建/打包产物	15	72da4da49413259d1c478e37535cf866b981511b8142d25ce5482f4104e45a6f
sim/build/arm-localize-test/order-crops-pyo365dv/target_000.hex	生成的仿真/构建/打包产物	12	c2733e4ad02d1b907c22dc45bb8c3aaab89123c94d21680a87fd9a9feb1e77df
sim/build/arm-localize-test/order-crops-pyo365dv/target_000.pgm	生成的仿真/构建/打包产物	15	72da4da49413259d1c478e37535cf866b981511b8142d25ce5482f4104e45a6f
sim/build/arm-localize-test/order-crops-reu67_2w/target_000.hex	生成的仿真/构建/打包产物	12	c2733e4ad02d1b907c22dc45bb8c3aaab89123c94d21680a87fd9a9feb1e77df
sim/build/arm-localize-test/order-crops-reu67_2w/target_000.pgm	生成的仿真/构建/打包产物	15	72da4da49413259d1c478e37535cf866b981511b8142d25ce5482f4104e45a6f
sim/build/arm-localize-test/order-crops-sgd22xih/target_000.hex	生成的仿真/构建/打包产物	12	c2733e4ad02d1b907c22dc45bb8c3aaab89123c94d21680a87fd9a9feb1e77df
sim/build/arm-localize-test/order-crops-sgd22xih/target_000.pgm	生成的仿真/构建/打包产物	15	72da4da49413259d1c478e37535cf866b981511b8142d25ce5482f4104e45a6f
sim/build/arm-localize-test/order-crops-slqmw460/target_000.hex	生成的仿真/构建/打包产物	12	c2733e4ad02d1b907c22dc45bb8c3aaab89123c94d21680a87fd9a9feb1e77df
sim/build/arm-localize-test/order-crops-slqmw460/target_000.pgm	生成的仿真/构建/打包产物	15	72da4da49413259d1c478e37535cf866b981511b8142d25ce5482f4104e45a6f
sim/build/arm-localize-test/order-crops-sryzovbp/target_000.hex	生成的仿真/构建/打包产物	12	c2733e4ad02d1b907c22dc45bb8c3aaab89123c94d21680a87fd9a9feb1e77df
sim/build/arm-localize-test/order-crops-sryzovbp/target_000.pgm	生成的仿真/构建/打包产物	15	72da4da49413259d1c478e37535cf866b981511b8142d25ce5482f4104e45a6f
sim/build/arm-localize-test/order-crops-t_iaum14/target_000.hex	生成的仿真/构建/打包产物	12	c2733e4ad02d1b907c22dc45bb8c3aaab89123c94d21680a87fd9a9feb1e77df
sim/build/arm-localize-test/order-crops-t_iaum14/target_000.pgm	生成的仿真/构建/打包产物	15	72da4da49413259d1c478e37535cf866b981511b8142d25ce5482f4104e45a6f
sim/build/arm-localize-test/order-crops-vekuicp8/target_000.hex	生成的仿真/构建/打包产物	12	c2733e4ad02d1b907c22dc45bb8c3aaab89123c94d21680a87fd9a9feb1e77df
sim/build/arm-localize-test/order-crops-vekuicp8/target_000.pgm	生成的仿真/构建/打包产物	15	72da4da49413259d1c478e37535cf866b981511b8142d25ce5482f4104e45a6f
sim/build/arm-localize-test/order-crops-x98qzu_y/target_000.hex	生成的仿真/构建/打包产物	12	c2733e4ad02d1b907c22dc45bb8c3aaab89123c94d21680a87fd9a9feb1e77df
sim/build/arm-localize-test/order-crops-x98qzu_y/target_000.pgm	生成的仿真/构建/打包产物	15	72da4da49413259d1c478e37535cf866b981511b8142d25ce5482f4104e45a6f
sim/build/arm-localize-test/order-crops-xpqffyfi/target_000.hex	生成的仿真/构建/打包产物	12	c2733e4ad02d1b907c22dc45bb8c3aaab89123c94d21680a87fd9a9feb1e77df
sim/build/arm-localize-test/order-crops-xpqffyfi/target_000.pgm	生成的仿真/构建/打包产物	15	72da4da49413259d1c478e37535cf866b981511b8142d25ce5482f4104e45a6f
sim/build/arm-localize-test/order-crops-yipmbxcb/target_000.hex	生成的仿真/构建/打包产物	12	c2733e4ad02d1b907c22dc45bb8c3aaab89123c94d21680a87fd9a9feb1e77df
sim/build/arm-localize-test/order-crops-yipmbxcb/target_000.pgm	生成的仿真/构建/打包产物	15	72da4da49413259d1c478e37535cf866b981511b8142d25ce5482f4104e45a6f
sim/build/arm-localize-test/result-crops-05kjaf5i/target_000.hex	生成的仿真/构建/打包产物	36	49177673c0579eadc9408c5a54a7d893694f1a66d3899be9f912eeff16fab50c
sim/build/arm-localize-test/result-crops-05kjaf5i/target_000.pgm	生成的仿真/构建/打包产物	23	54c75411bd7638b2c5d4f2a329e5bf2ae1c5191b3c799c205fe0aad52f12a348
sim/build/arm-localize-test/result-crops-05kjaf5i/target_001.hex	生成的仿真/构建/打包产物	36	d9958ae5248655fd5774b377577f82db068c27322ca3a51c5577effb50ccc1b8
sim/build/arm-localize-test/result-crops-05kjaf5i/target_001.pgm	生成的仿真/构建/打包产物	23	54e6a25edd3b88909b1ad86cf168d6b00ee012cf5e724e0f9e6992d6d04adc10
sim/build/arm-localize-test/result-crops-17gzv8_j/target_000.hex	生成的仿真/构建/打包产物	36	49177673c0579eadc9408c5a54a7d893694f1a66d3899be9f912eeff16fab50c
sim/build/arm-localize-test/result-crops-17gzv8_j/target_000.pgm	生成的仿真/构建/打包产物	23	54c75411bd7638b2c5d4f2a329e5bf2ae1c5191b3c799c205fe0aad52f12a348
sim/build/arm-localize-test/result-crops-17gzv8_j/target_001.hex	生成的仿真/构建/打包产物	36	d9958ae5248655fd5774b377577f82db068c27322ca3a51c5577effb50ccc1b8
sim/build/arm-localize-test/result-crops-17gzv8_j/target_001.pgm	生成的仿真/构建/打包产物	23	54e6a25edd3b88909b1ad86cf168d6b00ee012cf5e724e0f9e6992d6d04adc10
sim/build/arm-localize-test/result-crops-2mu595tp/target_000.hex	生成的仿真/构建/打包产物	36	49177673c0579eadc9408c5a54a7d893694f1a66d3899be9f912eeff16fab50c
sim/build/arm-localize-test/result-crops-2mu595tp/target_000.pgm	生成的仿真/构建/打包产物	23	54c75411bd7638b2c5d4f2a329e5bf2ae1c5191b3c799c205fe0aad52f12a348
sim/build/arm-localize-test/result-crops-2mu595tp/target_001.hex	生成的仿真/构建/打包产物	36	d9958ae5248655fd5774b377577f82db068c27322ca3a51c5577effb50ccc1b8
sim/build/arm-localize-test/result-crops-2mu595tp/target_001.pgm	生成的仿真/构建/打包产物	23	54e6a25edd3b88909b1ad86cf168d6b00ee012cf5e724e0f9e6992d6d04adc10
sim/build/arm-localize-test/result-crops-3ig52yul/target_000.hex	生成的仿真/构建/打包产物	36	49177673c0579eadc9408c5a54a7d893694f1a66d3899be9f912eeff16fab50c
sim/build/arm-localize-test/result-crops-3ig52yul/target_000.pgm	生成的仿真/构建/打包产物	23	54c75411bd7638b2c5d4f2a329e5bf2ae1c5191b3c799c205fe0aad52f12a348
sim/build/arm-localize-test/result-crops-3ig52yul/target_001.hex	生成的仿真/构建/打包产物	36	d9958ae5248655fd5774b377577f82db068c27322ca3a51c5577effb50ccc1b8
sim/build/arm-localize-test/result-crops-3ig52yul/target_001.pgm	生成的仿真/构建/打包产物	23	54e6a25edd3b88909b1ad86cf168d6b00ee012cf5e724e0f9e6992d6d04adc10
sim/build/arm-localize-test/result-crops-5ainpbup/target_000.hex	生成的仿真/构建/打包产物	36	49177673c0579eadc9408c5a54a7d893694f1a66d3899be9f912eeff16fab50c
sim/build/arm-localize-test/result-crops-5ainpbup/target_000.pgm	生成的仿真/构建/打包产物	23	54c75411bd7638b2c5d4f2a329e5bf2ae1c5191b3c799c205fe0aad52f12a348
sim/build/arm-localize-test/result-crops-5ainpbup/target_001.hex	生成的仿真/构建/打包产物	36	d9958ae5248655fd5774b377577f82db068c27322ca3a51c5577effb50ccc1b8
sim/build/arm-localize-test/result-crops-5ainpbup/target_001.pgm	生成的仿真/构建/打包产物	23	54e6a25edd3b88909b1ad86cf168d6b00ee012cf5e724e0f9e6992d6d04adc10
sim/build/arm-localize-test/result-crops-7ccb2ltq/target_000.hex	生成的仿真/构建/打包产物	36	49177673c0579eadc9408c5a54a7d893694f1a66d3899be9f912eeff16fab50c
sim/build/arm-localize-test/result-crops-7ccb2ltq/target_000.pgm	生成的仿真/构建/打包产物	23	54c75411bd7638b2c5d4f2a329e5bf2ae1c5191b3c799c205fe0aad52f12a348
sim/build/arm-localize-test/result-crops-7ccb2ltq/target_001.hex	生成的仿真/构建/打包产物	36	d9958ae5248655fd5774b377577f82db068c27322ca3a51c5577effb50ccc1b8
sim/build/arm-localize-test/result-crops-7ccb2ltq/target_001.pgm	生成的仿真/构建/打包产物	23	54e6a25edd3b88909b1ad86cf168d6b00ee012cf5e724e0f9e6992d6d04adc10
sim/build/arm-localize-test/result-crops-7cgjnsk7/target_000.hex	生成的仿真/构建/打包产物	36	49177673c0579eadc9408c5a54a7d893694f1a66d3899be9f912eeff16fab50c
sim/build/arm-localize-test/result-crops-7cgjnsk7/target_000.pgm	生成的仿真/构建/打包产物	23	54c75411bd7638b2c5d4f2a329e5bf2ae1c5191b3c799c205fe0aad52f12a348
sim/build/arm-localize-test/result-crops-7cgjnsk7/target_001.hex	生成的仿真/构建/打包产物	36	d9958ae5248655fd5774b377577f82db068c27322ca3a51c5577effb50ccc1b8
sim/build/arm-localize-test/result-crops-7cgjnsk7/target_001.pgm	生成的仿真/构建/打包产物	23	54e6a25edd3b88909b1ad86cf168d6b00ee012cf5e724e0f9e6992d6d04adc10
sim/build/arm-localize-test/result-crops-_86wcegn/target_000.hex	生成的仿真/构建/打包产物	36	49177673c0579eadc9408c5a54a7d893694f1a66d3899be9f912eeff16fab50c
sim/build/arm-localize-test/result-crops-_86wcegn/target_000.pgm	生成的仿真/构建/打包产物	23	54c75411bd7638b2c5d4f2a329e5bf2ae1c5191b3c799c205fe0aad52f12a348
sim/build/arm-localize-test/result-crops-_86wcegn/target_001.hex	生成的仿真/构建/打包产物	36	d9958ae5248655fd5774b377577f82db068c27322ca3a51c5577effb50ccc1b8
sim/build/arm-localize-test/result-crops-_86wcegn/target_001.pgm	生成的仿真/构建/打包产物	23	54e6a25edd3b88909b1ad86cf168d6b00ee012cf5e724e0f9e6992d6d04adc10
sim/build/arm-localize-test/result-crops-bv75hw97/target_000.hex	生成的仿真/构建/打包产物	36	49177673c0579eadc9408c5a54a7d893694f1a66d3899be9f912eeff16fab50c
sim/build/arm-localize-test/result-crops-bv75hw97/target_000.pgm	生成的仿真/构建/打包产物	23	54c75411bd7638b2c5d4f2a329e5bf2ae1c5191b3c799c205fe0aad52f12a348
sim/build/arm-localize-test/result-crops-bv75hw97/target_001.hex	生成的仿真/构建/打包产物	36	d9958ae5248655fd5774b377577f82db068c27322ca3a51c5577effb50ccc1b8
sim/build/arm-localize-test/result-crops-bv75hw97/target_001.pgm	生成的仿真/构建/打包产物	23	54e6a25edd3b88909b1ad86cf168d6b00ee012cf5e724e0f9e6992d6d04adc10
sim/build/arm-localize-test/result-crops-cy8qkwm9/target_000.hex	生成的仿真/构建/打包产物	36	49177673c0579eadc9408c5a54a7d893694f1a66d3899be9f912eeff16fab50c
sim/build/arm-localize-test/result-crops-cy8qkwm9/target_000.pgm	生成的仿真/构建/打包产物	23	54c75411bd7638b2c5d4f2a329e5bf2ae1c5191b3c799c205fe0aad52f12a348
sim/build/arm-localize-test/result-crops-cy8qkwm9/target_001.hex	生成的仿真/构建/打包产物	36	d9958ae5248655fd5774b377577f82db068c27322ca3a51c5577effb50ccc1b8
sim/build/arm-localize-test/result-crops-cy8qkwm9/target_001.pgm	生成的仿真/构建/打包产物	23	54e6a25edd3b88909b1ad86cf168d6b00ee012cf5e724e0f9e6992d6d04adc10
sim/build/arm-localize-test/result-crops-d424bqj4/target_000.hex	生成的仿真/构建/打包产物	36	49177673c0579eadc9408c5a54a7d893694f1a66d3899be9f912eeff16fab50c
sim/build/arm-localize-test/result-crops-d424bqj4/target_000.pgm	生成的仿真/构建/打包产物	23	54c75411bd7638b2c5d4f2a329e5bf2ae1c5191b3c799c205fe0aad52f12a348
sim/build/arm-localize-test/result-crops-d424bqj4/target_001.hex	生成的仿真/构建/打包产物	36	d9958ae5248655fd5774b377577f82db068c27322ca3a51c5577effb50ccc1b8
sim/build/arm-localize-test/result-crops-d424bqj4/target_001.pgm	生成的仿真/构建/打包产物	23	54e6a25edd3b88909b1ad86cf168d6b00ee012cf5e724e0f9e6992d6d04adc10
sim/build/arm-localize-test/result-crops-in5v2mqk/target_000.hex	生成的仿真/构建/打包产物	36	49177673c0579eadc9408c5a54a7d893694f1a66d3899be9f912eeff16fab50c
sim/build/arm-localize-test/result-crops-in5v2mqk/target_000.pgm	生成的仿真/构建/打包产物	23	54c75411bd7638b2c5d4f2a329e5bf2ae1c5191b3c799c205fe0aad52f12a348
sim/build/arm-localize-test/result-crops-in5v2mqk/target_001.hex	生成的仿真/构建/打包产物	36	d9958ae5248655fd5774b377577f82db068c27322ca3a51c5577effb50ccc1b8
sim/build/arm-localize-test/result-crops-in5v2mqk/target_001.pgm	生成的仿真/构建/打包产物	23	54e6a25edd3b88909b1ad86cf168d6b00ee012cf5e724e0f9e6992d6d04adc10
sim/build/arm-localize-test/result-crops-ky9w31em/target_000.hex	生成的仿真/构建/打包产物	36	49177673c0579eadc9408c5a54a7d893694f1a66d3899be9f912eeff16fab50c
sim/build/arm-localize-test/result-crops-ky9w31em/target_000.pgm	生成的仿真/构建/打包产物	23	54c75411bd7638b2c5d4f2a329e5bf2ae1c5191b3c799c205fe0aad52f12a348
sim/build/arm-localize-test/result-crops-ky9w31em/target_001.hex	生成的仿真/构建/打包产物	36	d9958ae5248655fd5774b377577f82db068c27322ca3a51c5577effb50ccc1b8
sim/build/arm-localize-test/result-crops-ky9w31em/target_001.pgm	生成的仿真/构建/打包产物	23	54e6a25edd3b88909b1ad86cf168d6b00ee012cf5e724e0f9e6992d6d04adc10
sim/build/arm-localize-test/result-crops-lbztoha2/target_000.hex	生成的仿真/构建/打包产物	36	49177673c0579eadc9408c5a54a7d893694f1a66d3899be9f912eeff16fab50c
sim/build/arm-localize-test/result-crops-lbztoha2/target_000.pgm	生成的仿真/构建/打包产物	23	54c75411bd7638b2c5d4f2a329e5bf2ae1c5191b3c799c205fe0aad52f12a348
sim/build/arm-localize-test/result-crops-lbztoha2/target_001.hex	生成的仿真/构建/打包产物	36	d9958ae5248655fd5774b377577f82db068c27322ca3a51c5577effb50ccc1b8
sim/build/arm-localize-test/result-crops-lbztoha2/target_001.pgm	生成的仿真/构建/打包产物	23	54e6a25edd3b88909b1ad86cf168d6b00ee012cf5e724e0f9e6992d6d04adc10
sim/build/arm-localize-test/result-crops-lm3y1lxj/target_000.hex	生成的仿真/构建/打包产物	36	49177673c0579eadc9408c5a54a7d893694f1a66d3899be9f912eeff16fab50c
sim/build/arm-localize-test/result-crops-lm3y1lxj/target_000.pgm	生成的仿真/构建/打包产物	23	54c75411bd7638b2c5d4f2a329e5bf2ae1c5191b3c799c205fe0aad52f12a348
sim/build/arm-localize-test/result-crops-lm3y1lxj/target_001.hex	生成的仿真/构建/打包产物	36	d9958ae5248655fd5774b377577f82db068c27322ca3a51c5577effb50ccc1b8
sim/build/arm-localize-test/result-crops-lm3y1lxj/target_001.pgm	生成的仿真/构建/打包产物	23	54e6a25edd3b88909b1ad86cf168d6b00ee012cf5e724e0f9e6992d6d04adc10
sim/build/arm-localize-test/result-crops-lwg0i0l0/target_000.hex	生成的仿真/构建/打包产物	36	49177673c0579eadc9408c5a54a7d893694f1a66d3899be9f912eeff16fab50c
sim/build/arm-localize-test/result-crops-lwg0i0l0/target_000.pgm	生成的仿真/构建/打包产物	23	54c75411bd7638b2c5d4f2a329e5bf2ae1c5191b3c799c205fe0aad52f12a348
sim/build/arm-localize-test/result-crops-lwg0i0l0/target_001.hex	生成的仿真/构建/打包产物	36	d9958ae5248655fd5774b377577f82db068c27322ca3a51c5577effb50ccc1b8
sim/build/arm-localize-test/result-crops-lwg0i0l0/target_001.pgm	生成的仿真/构建/打包产物	23	54e6a25edd3b88909b1ad86cf168d6b00ee012cf5e724e0f9e6992d6d04adc10
sim/build/arm-localize-test/result-crops-n3djgogo/target_000.hex	生成的仿真/构建/打包产物	36	49177673c0579eadc9408c5a54a7d893694f1a66d3899be9f912eeff16fab50c
sim/build/arm-localize-test/result-crops-n3djgogo/target_000.pgm	生成的仿真/构建/打包产物	23	54c75411bd7638b2c5d4f2a329e5bf2ae1c5191b3c799c205fe0aad52f12a348
sim/build/arm-localize-test/result-crops-n3djgogo/target_001.hex	生成的仿真/构建/打包产物	36	d9958ae5248655fd5774b377577f82db068c27322ca3a51c5577effb50ccc1b8
sim/build/arm-localize-test/result-crops-n3djgogo/target_001.pgm	生成的仿真/构建/打包产物	23	54e6a25edd3b88909b1ad86cf168d6b00ee012cf5e724e0f9e6992d6d04adc10
sim/build/arm-localize-test/result-crops-n7r_gkg1/target_000.hex	生成的仿真/构建/打包产物	36	49177673c0579eadc9408c5a54a7d893694f1a66d3899be9f912eeff16fab50c
sim/build/arm-localize-test/result-crops-n7r_gkg1/target_000.pgm	生成的仿真/构建/打包产物	23	54c75411bd7638b2c5d4f2a329e5bf2ae1c5191b3c799c205fe0aad52f12a348
sim/build/arm-localize-test/result-crops-n7r_gkg1/target_001.hex	生成的仿真/构建/打包产物	36	d9958ae5248655fd5774b377577f82db068c27322ca3a51c5577effb50ccc1b8
sim/build/arm-localize-test/result-crops-n7r_gkg1/target_001.pgm	生成的仿真/构建/打包产物	23	54e6a25edd3b88909b1ad86cf168d6b00ee012cf5e724e0f9e6992d6d04adc10
sim/build/arm-localize-test/result-crops-nmdc_ieq/target_000.hex	生成的仿真/构建/打包产物	36	49177673c0579eadc9408c5a54a7d893694f1a66d3899be9f912eeff16fab50c
sim/build/arm-localize-test/result-crops-nmdc_ieq/target_000.pgm	生成的仿真/构建/打包产物	23	54c75411bd7638b2c5d4f2a329e5bf2ae1c5191b3c799c205fe0aad52f12a348
sim/build/arm-localize-test/result-crops-nmdc_ieq/target_001.hex	生成的仿真/构建/打包产物	36	d9958ae5248655fd5774b377577f82db068c27322ca3a51c5577effb50ccc1b8
sim/build/arm-localize-test/result-crops-nmdc_ieq/target_001.pgm	生成的仿真/构建/打包产物	23	54e6a25edd3b88909b1ad86cf168d6b00ee012cf5e724e0f9e6992d6d04adc10
sim/build/arm-localize-test/result-crops-obb4_x2o/target_000.hex	生成的仿真/构建/打包产物	36	49177673c0579eadc9408c5a54a7d893694f1a66d3899be9f912eeff16fab50c
sim/build/arm-localize-test/result-crops-obb4_x2o/target_000.pgm	生成的仿真/构建/打包产物	23	54c75411bd7638b2c5d4f2a329e5bf2ae1c5191b3c799c205fe0aad52f12a348
sim/build/arm-localize-test/result-crops-obb4_x2o/target_001.hex	生成的仿真/构建/打包产物	36	d9958ae5248655fd5774b377577f82db068c27322ca3a51c5577effb50ccc1b8
sim/build/arm-localize-test/result-crops-obb4_x2o/target_001.pgm	生成的仿真/构建/打包产物	23	54e6a25edd3b88909b1ad86cf168d6b00ee012cf5e724e0f9e6992d6d04adc10
sim/build/arm-localize-test/result-crops-qvnrx4d5/target_000.hex	生成的仿真/构建/打包产物	36	49177673c0579eadc9408c5a54a7d893694f1a66d3899be9f912eeff16fab50c
sim/build/arm-localize-test/result-crops-qvnrx4d5/target_000.pgm	生成的仿真/构建/打包产物	23	54c75411bd7638b2c5d4f2a329e5bf2ae1c5191b3c799c205fe0aad52f12a348
sim/build/arm-localize-test/result-crops-qvnrx4d5/target_001.hex	生成的仿真/构建/打包产物	36	d9958ae5248655fd5774b377577f82db068c27322ca3a51c5577effb50ccc1b8
sim/build/arm-localize-test/result-crops-qvnrx4d5/target_001.pgm	生成的仿真/构建/打包产物	23	54e6a25edd3b88909b1ad86cf168d6b00ee012cf5e724e0f9e6992d6d04adc10
sim/build/arm-localize-test/result-crops-to1osdvi/target_000.hex	生成的仿真/构建/打包产物	36	49177673c0579eadc9408c5a54a7d893694f1a66d3899be9f912eeff16fab50c
sim/build/arm-localize-test/result-crops-to1osdvi/target_000.pgm	生成的仿真/构建/打包产物	23	54c75411bd7638b2c5d4f2a329e5bf2ae1c5191b3c799c205fe0aad52f12a348
sim/build/arm-localize-test/result-crops-to1osdvi/target_001.hex	生成的仿真/构建/打包产物	36	d9958ae5248655fd5774b377577f82db068c27322ca3a51c5577effb50ccc1b8
sim/build/arm-localize-test/result-crops-to1osdvi/target_001.pgm	生成的仿真/构建/打包产物	23	54e6a25edd3b88909b1ad86cf168d6b00ee012cf5e724e0f9e6992d6d04adc10
sim/build/arm-localize-test/result-crops-yp80mmmd/target_000.hex	生成的仿真/构建/打包产物	36	49177673c0579eadc9408c5a54a7d893694f1a66d3899be9f912eeff16fab50c
sim/build/arm-localize-test/result-crops-yp80mmmd/target_000.pgm	生成的仿真/构建/打包产物	23	54c75411bd7638b2c5d4f2a329e5bf2ae1c5191b3c799c205fe0aad52f12a348
sim/build/arm-localize-test/result-crops-yp80mmmd/target_001.hex	生成的仿真/构建/打包产物	36	d9958ae5248655fd5774b377577f82db068c27322ca3a51c5577effb50ccc1b8
sim/build/arm-localize-test/result-crops-yp80mmmd/target_001.pgm	生成的仿真/构建/打包产物	23	54e6a25edd3b88909b1ad86cf168d6b00ee012cf5e724e0f9e6992d6d04adc10
sim/build/arm-localize-test/result-crops-z82h5o4v/target_000.hex	生成的仿真/构建/打包产物	36	49177673c0579eadc9408c5a54a7d893694f1a66d3899be9f912eeff16fab50c
sim/build/arm-localize-test/result-crops-z82h5o4v/target_000.pgm	生成的仿真/构建/打包产物	23	54c75411bd7638b2c5d4f2a329e5bf2ae1c5191b3c799c205fe0aad52f12a348
sim/build/arm-localize-test/result-crops-z82h5o4v/target_001.hex	生成的仿真/构建/打包产物	36	d9958ae5248655fd5774b377577f82db068c27322ca3a51c5577effb50ccc1b8
sim/build/arm-localize-test/result-crops-z82h5o4v/target_001.pgm	生成的仿真/构建/打包产物	23	54e6a25edd3b88909b1ad86cf168d6b00ee012cf5e724e0f9e6992d6d04adc10
sim/build/arm-localize-test/result.json	生成的仿真/构建/打包产物	3257	d2ac4ff3ace9ba893447b086d1d8a3cee5e8b0db55bd9007bac70a0d890f853b
sim/build/arm-localize-test/reuse-crops-15affl1j/target_000.hex	生成的仿真/构建/打包产物	12288	22d37839cb28715731400ea782e57d23e85facfad52553524b32f7c091222b63
sim/build/arm-localize-test/reuse-crops-15affl1j/target_000.pgm	生成的仿真/构建/打包产物	4109	20338307550c5d824a81161c204d3077a072d8fe29948aaa0e24b92b59416041
sim/build/arm-localize-test/reuse-crops-15affl1j/target_001.hex	生成的仿真/构建/打包产物	12288	f2b1505a8a564217b39e1ebb6de63fc377243309879135fd69c0eb967448d1aa
sim/build/arm-localize-test/reuse-crops-15affl1j/target_001.pgm	生成的仿真/构建/打包产物	4109	cd3c18d37e4edabdf84e67fb5a3ac3f679f7c681d82ffbfc486665c965de444e
sim/build/arm-localize-test/reuse-crops-1sb4qw4l/target_000.hex	生成的仿真/构建/打包产物	12288	22d37839cb28715731400ea782e57d23e85facfad52553524b32f7c091222b63
sim/build/arm-localize-test/reuse-crops-1sb4qw4l/target_000.pgm	生成的仿真/构建/打包产物	4109	20338307550c5d824a81161c204d3077a072d8fe29948aaa0e24b92b59416041
sim/build/arm-localize-test/reuse-crops-1sb4qw4l/target_001.hex	生成的仿真/构建/打包产物	12288	f2b1505a8a564217b39e1ebb6de63fc377243309879135fd69c0eb967448d1aa
sim/build/arm-localize-test/reuse-crops-1sb4qw4l/target_001.pgm	生成的仿真/构建/打包产物	4109	cd3c18d37e4edabdf84e67fb5a3ac3f679f7c681d82ffbfc486665c965de444e
sim/build/arm-localize-test/reuse-crops-4pgtsu_2/target_000.hex	生成的仿真/构建/打包产物	12288	22d37839cb28715731400ea782e57d23e85facfad52553524b32f7c091222b63
sim/build/arm-localize-test/reuse-crops-4pgtsu_2/target_000.pgm	生成的仿真/构建/打包产物	4109	20338307550c5d824a81161c204d3077a072d8fe29948aaa0e24b92b59416041
sim/build/arm-localize-test/reuse-crops-4pgtsu_2/target_001.hex	生成的仿真/构建/打包产物	12288	f2b1505a8a564217b39e1ebb6de63fc377243309879135fd69c0eb967448d1aa
sim/build/arm-localize-test/reuse-crops-4pgtsu_2/target_001.pgm	生成的仿真/构建/打包产物	4109	cd3c18d37e4edabdf84e67fb5a3ac3f679f7c681d82ffbfc486665c965de444e
sim/build/arm-localize-test/reuse-crops-855ed5pz/target_000.hex	生成的仿真/构建/打包产物	12288	22d37839cb28715731400ea782e57d23e85facfad52553524b32f7c091222b63
sim/build/arm-localize-test/reuse-crops-855ed5pz/target_000.pgm	生成的仿真/构建/打包产物	4109	20338307550c5d824a81161c204d3077a072d8fe29948aaa0e24b92b59416041
sim/build/arm-localize-test/reuse-crops-855ed5pz/target_001.hex	生成的仿真/构建/打包产物	12288	f2b1505a8a564217b39e1ebb6de63fc377243309879135fd69c0eb967448d1aa
sim/build/arm-localize-test/reuse-crops-855ed5pz/target_001.pgm	生成的仿真/构建/打包产物	4109	cd3c18d37e4edabdf84e67fb5a3ac3f679f7c681d82ffbfc486665c965de444e
sim/build/arm-localize-test/reuse-crops-8dgrme8x/target_000.hex	生成的仿真/构建/打包产物	12288	22d37839cb28715731400ea782e57d23e85facfad52553524b32f7c091222b63
sim/build/arm-localize-test/reuse-crops-8dgrme8x/target_000.pgm	生成的仿真/构建/打包产物	4109	20338307550c5d824a81161c204d3077a072d8fe29948aaa0e24b92b59416041
sim/build/arm-localize-test/reuse-crops-8dgrme8x/target_001.hex	生成的仿真/构建/打包产物	12288	f2b1505a8a564217b39e1ebb6de63fc377243309879135fd69c0eb967448d1aa
sim/build/arm-localize-test/reuse-crops-8dgrme8x/target_001.pgm	生成的仿真/构建/打包产物	4109	cd3c18d37e4edabdf84e67fb5a3ac3f679f7c681d82ffbfc486665c965de444e
sim/build/arm-localize-test/reuse-crops-8s7158bu/target_000.hex	生成的仿真/构建/打包产物	12288	22d37839cb28715731400ea782e57d23e85facfad52553524b32f7c091222b63
sim/build/arm-localize-test/reuse-crops-8s7158bu/target_000.pgm	生成的仿真/构建/打包产物	4109	20338307550c5d824a81161c204d3077a072d8fe29948aaa0e24b92b59416041
sim/build/arm-localize-test/reuse-crops-8s7158bu/target_001.hex	生成的仿真/构建/打包产物	12288	f2b1505a8a564217b39e1ebb6de63fc377243309879135fd69c0eb967448d1aa
sim/build/arm-localize-test/reuse-crops-8s7158bu/target_001.pgm	生成的仿真/构建/打包产物	4109	cd3c18d37e4edabdf84e67fb5a3ac3f679f7c681d82ffbfc486665c965de444e
sim/build/arm-localize-test/reuse-crops-8xqylleg/target_000.hex	生成的仿真/构建/打包产物	12288	22d37839cb28715731400ea782e57d23e85facfad52553524b32f7c091222b63
sim/build/arm-localize-test/reuse-crops-8xqylleg/target_000.pgm	生成的仿真/构建/打包产物	4109	20338307550c5d824a81161c204d3077a072d8fe29948aaa0e24b92b59416041
sim/build/arm-localize-test/reuse-crops-8xqylleg/target_001.hex	生成的仿真/构建/打包产物	12288	f2b1505a8a564217b39e1ebb6de63fc377243309879135fd69c0eb967448d1aa
sim/build/arm-localize-test/reuse-crops-8xqylleg/target_001.pgm	生成的仿真/构建/打包产物	4109	cd3c18d37e4edabdf84e67fb5a3ac3f679f7c681d82ffbfc486665c965de444e
sim/build/arm-localize-test/reuse-crops-99sxtqza/target_000.hex	生成的仿真/构建/打包产物	12288	22d37839cb28715731400ea782e57d23e85facfad52553524b32f7c091222b63
sim/build/arm-localize-test/reuse-crops-99sxtqza/target_000.pgm	生成的仿真/构建/打包产物	4109	20338307550c5d824a81161c204d3077a072d8fe29948aaa0e24b92b59416041
sim/build/arm-localize-test/reuse-crops-99sxtqza/target_001.hex	生成的仿真/构建/打包产物	12288	f2b1505a8a564217b39e1ebb6de63fc377243309879135fd69c0eb967448d1aa
sim/build/arm-localize-test/reuse-crops-99sxtqza/target_001.pgm	生成的仿真/构建/打包产物	4109	cd3c18d37e4edabdf84e67fb5a3ac3f679f7c681d82ffbfc486665c965de444e
sim/build/arm-localize-test/reuse-crops-9d7rjc40/target_000.hex	生成的仿真/构建/打包产物	12288	22d37839cb28715731400ea782e57d23e85facfad52553524b32f7c091222b63
sim/build/arm-localize-test/reuse-crops-9d7rjc40/target_000.pgm	生成的仿真/构建/打包产物	4109	20338307550c5d824a81161c204d3077a072d8fe29948aaa0e24b92b59416041
sim/build/arm-localize-test/reuse-crops-9d7rjc40/target_001.hex	生成的仿真/构建/打包产物	12288	f2b1505a8a564217b39e1ebb6de63fc377243309879135fd69c0eb967448d1aa
sim/build/arm-localize-test/reuse-crops-9d7rjc40/target_001.pgm	生成的仿真/构建/打包产物	4109	cd3c18d37e4edabdf84e67fb5a3ac3f679f7c681d82ffbfc486665c965de444e
sim/build/arm-localize-test/reuse-crops-ap1rg0_1/target_000.hex	生成的仿真/构建/打包产物	12288	22d37839cb28715731400ea782e57d23e85facfad52553524b32f7c091222b63
sim/build/arm-localize-test/reuse-crops-ap1rg0_1/target_000.pgm	生成的仿真/构建/打包产物	4109	20338307550c5d824a81161c204d3077a072d8fe29948aaa0e24b92b59416041
sim/build/arm-localize-test/reuse-crops-ap1rg0_1/target_001.hex	生成的仿真/构建/打包产物	12288	f2b1505a8a564217b39e1ebb6de63fc377243309879135fd69c0eb967448d1aa
sim/build/arm-localize-test/reuse-crops-ap1rg0_1/target_001.pgm	生成的仿真/构建/打包产物	4109	cd3c18d37e4edabdf84e67fb5a3ac3f679f7c681d82ffbfc486665c965de444e
sim/build/arm-localize-test/reuse-crops-d638z7af/target_000.hex	生成的仿真/构建/打包产物	12288	22d37839cb28715731400ea782e57d23e85facfad52553524b32f7c091222b63
sim/build/arm-localize-test/reuse-crops-d638z7af/target_000.pgm	生成的仿真/构建/打包产物	4109	20338307550c5d824a81161c204d3077a072d8fe29948aaa0e24b92b59416041
sim/build/arm-localize-test/reuse-crops-d638z7af/target_001.hex	生成的仿真/构建/打包产物	12288	f2b1505a8a564217b39e1ebb6de63fc377243309879135fd69c0eb967448d1aa
sim/build/arm-localize-test/reuse-crops-d638z7af/target_001.pgm	生成的仿真/构建/打包产物	4109	cd3c18d37e4edabdf84e67fb5a3ac3f679f7c681d82ffbfc486665c965de444e
sim/build/arm-localize-test/reuse-crops-ewnisa2e/target_000.hex	生成的仿真/构建/打包产物	12288	22d37839cb28715731400ea782e57d23e85facfad52553524b32f7c091222b63
sim/build/arm-localize-test/reuse-crops-ewnisa2e/target_000.pgm	生成的仿真/构建/打包产物	4109	20338307550c5d824a81161c204d3077a072d8fe29948aaa0e24b92b59416041
sim/build/arm-localize-test/reuse-crops-ewnisa2e/target_001.hex	生成的仿真/构建/打包产物	12288	f2b1505a8a564217b39e1ebb6de63fc377243309879135fd69c0eb967448d1aa
sim/build/arm-localize-test/reuse-crops-ewnisa2e/target_001.pgm	生成的仿真/构建/打包产物	4109	cd3c18d37e4edabdf84e67fb5a3ac3f679f7c681d82ffbfc486665c965de444e
sim/build/arm-localize-test/reuse-crops-f6i4aibx/target_000.hex	生成的仿真/构建/打包产物	12288	22d37839cb28715731400ea782e57d23e85facfad52553524b32f7c091222b63
sim/build/arm-localize-test/reuse-crops-f6i4aibx/target_000.pgm	生成的仿真/构建/打包产物	4109	20338307550c5d824a81161c204d3077a072d8fe29948aaa0e24b92b59416041
sim/build/arm-localize-test/reuse-crops-f6i4aibx/target_001.hex	生成的仿真/构建/打包产物	12288	f2b1505a8a564217b39e1ebb6de63fc377243309879135fd69c0eb967448d1aa
sim/build/arm-localize-test/reuse-crops-f6i4aibx/target_001.pgm	生成的仿真/构建/打包产物	4109	cd3c18d37e4edabdf84e67fb5a3ac3f679f7c681d82ffbfc486665c965de444e
sim/build/arm-localize-test/reuse-crops-lrcqvcxq/target_000.hex	生成的仿真/构建/打包产物	12288	22d37839cb28715731400ea782e57d23e85facfad52553524b32f7c091222b63
sim/build/arm-localize-test/reuse-crops-lrcqvcxq/target_000.pgm	生成的仿真/构建/打包产物	4109	20338307550c5d824a81161c204d3077a072d8fe29948aaa0e24b92b59416041
sim/build/arm-localize-test/reuse-crops-lrcqvcxq/target_001.hex	生成的仿真/构建/打包产物	12288	f2b1505a8a564217b39e1ebb6de63fc377243309879135fd69c0eb967448d1aa
sim/build/arm-localize-test/reuse-crops-lrcqvcxq/target_001.pgm	生成的仿真/构建/打包产物	4109	cd3c18d37e4edabdf84e67fb5a3ac3f679f7c681d82ffbfc486665c965de444e
sim/build/arm-localize-test/reuse-crops-mjoo6vfj/target_000.hex	生成的仿真/构建/打包产物	12288	22d37839cb28715731400ea782e57d23e85facfad52553524b32f7c091222b63
sim/build/arm-localize-test/reuse-crops-mjoo6vfj/target_000.pgm	生成的仿真/构建/打包产物	4109	20338307550c5d824a81161c204d3077a072d8fe29948aaa0e24b92b59416041
sim/build/arm-localize-test/reuse-crops-mjoo6vfj/target_001.hex	生成的仿真/构建/打包产物	12288	f2b1505a8a564217b39e1ebb6de63fc377243309879135fd69c0eb967448d1aa
sim/build/arm-localize-test/reuse-crops-mjoo6vfj/target_001.pgm	生成的仿真/构建/打包产物	4109	cd3c18d37e4edabdf84e67fb5a3ac3f679f7c681d82ffbfc486665c965de444e
sim/build/arm-localize-test/reuse-crops-o05_nz_z/target_000.hex	生成的仿真/构建/打包产物	12288	22d37839cb28715731400ea782e57d23e85facfad52553524b32f7c091222b63
sim/build/arm-localize-test/reuse-crops-o05_nz_z/target_000.pgm	生成的仿真/构建/打包产物	4109	20338307550c5d824a81161c204d3077a072d8fe29948aaa0e24b92b59416041
sim/build/arm-localize-test/reuse-crops-o05_nz_z/target_001.hex	生成的仿真/构建/打包产物	12288	f2b1505a8a564217b39e1ebb6de63fc377243309879135fd69c0eb967448d1aa
sim/build/arm-localize-test/reuse-crops-o05_nz_z/target_001.pgm	生成的仿真/构建/打包产物	4109	cd3c18d37e4edabdf84e67fb5a3ac3f679f7c681d82ffbfc486665c965de444e
sim/build/arm-localize-test/reuse-crops-qqwt1iw5/target_000.hex	生成的仿真/构建/打包产物	12288	22d37839cb28715731400ea782e57d23e85facfad52553524b32f7c091222b63
sim/build/arm-localize-test/reuse-crops-qqwt1iw5/target_000.pgm	生成的仿真/构建/打包产物	4109	20338307550c5d824a81161c204d3077a072d8fe29948aaa0e24b92b59416041
sim/build/arm-localize-test/reuse-crops-qqwt1iw5/target_001.hex	生成的仿真/构建/打包产物	12288	f2b1505a8a564217b39e1ebb6de63fc377243309879135fd69c0eb967448d1aa
sim/build/arm-localize-test/reuse-crops-qqwt1iw5/target_001.pgm	生成的仿真/构建/打包产物	4109	cd3c18d37e4edabdf84e67fb5a3ac3f679f7c681d82ffbfc486665c965de444e
sim/build/arm-localize-test/reuse-crops-r7vcjb_a/target_000.hex	生成的仿真/构建/打包产物	12288	22d37839cb28715731400ea782e57d23e85facfad52553524b32f7c091222b63
sim/build/arm-localize-test/reuse-crops-r7vcjb_a/target_000.pgm	生成的仿真/构建/打包产物	4109	20338307550c5d824a81161c204d3077a072d8fe29948aaa0e24b92b59416041
sim/build/arm-localize-test/reuse-crops-r7vcjb_a/target_001.hex	生成的仿真/构建/打包产物	12288	f2b1505a8a564217b39e1ebb6de63fc377243309879135fd69c0eb967448d1aa
sim/build/arm-localize-test/reuse-crops-r7vcjb_a/target_001.pgm	生成的仿真/构建/打包产物	4109	cd3c18d37e4edabdf84e67fb5a3ac3f679f7c681d82ffbfc486665c965de444e
sim/build/arm-localize-test/reuse-crops-rhct0p06/target_000.hex	生成的仿真/构建/打包产物	12288	22d37839cb28715731400ea782e57d23e85facfad52553524b32f7c091222b63
sim/build/arm-localize-test/reuse-crops-rhct0p06/target_000.pgm	生成的仿真/构建/打包产物	4109	20338307550c5d824a81161c204d3077a072d8fe29948aaa0e24b92b59416041
sim/build/arm-localize-test/reuse-crops-rhct0p06/target_001.hex	生成的仿真/构建/打包产物	12288	f2b1505a8a564217b39e1ebb6de63fc377243309879135fd69c0eb967448d1aa
sim/build/arm-localize-test/reuse-crops-rhct0p06/target_001.pgm	生成的仿真/构建/打包产物	4109	cd3c18d37e4edabdf84e67fb5a3ac3f679f7c681d82ffbfc486665c965de444e
sim/build/arm-localize-test/reuse-crops-u0s_26wo/target_000.hex	生成的仿真/构建/打包产物	12288	22d37839cb28715731400ea782e57d23e85facfad52553524b32f7c091222b63
sim/build/arm-localize-test/reuse-crops-u0s_26wo/target_000.pgm	生成的仿真/构建/打包产物	4109	20338307550c5d824a81161c204d3077a072d8fe29948aaa0e24b92b59416041
sim/build/arm-localize-test/reuse-crops-u0s_26wo/target_001.hex	生成的仿真/构建/打包产物	12288	f2b1505a8a564217b39e1ebb6de63fc377243309879135fd69c0eb967448d1aa
sim/build/arm-localize-test/reuse-crops-u0s_26wo/target_001.pgm	生成的仿真/构建/打包产物	4109	cd3c18d37e4edabdf84e67fb5a3ac3f679f7c681d82ffbfc486665c965de444e
sim/build/arm-localize-test/reuse-crops-vctfhtf8/target_000.hex	生成的仿真/构建/打包产物	12288	22d37839cb28715731400ea782e57d23e85facfad52553524b32f7c091222b63
sim/build/arm-localize-test/reuse-crops-vctfhtf8/target_000.pgm	生成的仿真/构建/打包产物	4109	20338307550c5d824a81161c204d3077a072d8fe29948aaa0e24b92b59416041
sim/build/arm-localize-test/reuse-crops-vctfhtf8/target_001.hex	生成的仿真/构建/打包产物	12288	f2b1505a8a564217b39e1ebb6de63fc377243309879135fd69c0eb967448d1aa
sim/build/arm-localize-test/reuse-crops-vctfhtf8/target_001.pgm	生成的仿真/构建/打包产物	4109	cd3c18d37e4edabdf84e67fb5a3ac3f679f7c681d82ffbfc486665c965de444e
sim/build/arm-localize-test/reuse-crops-vvzf72zl/target_000.hex	生成的仿真/构建/打包产物	12288	22d37839cb28715731400ea782e57d23e85facfad52553524b32f7c091222b63
sim/build/arm-localize-test/reuse-crops-vvzf72zl/target_000.pgm	生成的仿真/构建/打包产物	4109	20338307550c5d824a81161c204d3077a072d8fe29948aaa0e24b92b59416041
sim/build/arm-localize-test/reuse-crops-vvzf72zl/target_001.hex	生成的仿真/构建/打包产物	12288	f2b1505a8a564217b39e1ebb6de63fc377243309879135fd69c0eb967448d1aa
sim/build/arm-localize-test/reuse-crops-vvzf72zl/target_001.pgm	生成的仿真/构建/打包产物	4109	cd3c18d37e4edabdf84e67fb5a3ac3f679f7c681d82ffbfc486665c965de444e
sim/build/arm-localize-test/reuse-crops-x4s7rmhp/target_000.hex	生成的仿真/构建/打包产物	12288	22d37839cb28715731400ea782e57d23e85facfad52553524b32f7c091222b63
sim/build/arm-localize-test/reuse-crops-x4s7rmhp/target_000.pgm	生成的仿真/构建/打包产物	4109	20338307550c5d824a81161c204d3077a072d8fe29948aaa0e24b92b59416041
sim/build/arm-localize-test/reuse-crops-x4s7rmhp/target_001.hex	生成的仿真/构建/打包产物	12288	f2b1505a8a564217b39e1ebb6de63fc377243309879135fd69c0eb967448d1aa
sim/build/arm-localize-test/reuse-crops-x4s7rmhp/target_001.pgm	生成的仿真/构建/打包产物	4109	cd3c18d37e4edabdf84e67fb5a3ac3f679f7c681d82ffbfc486665c965de444e
sim/build/arm-localize-test/reuse-crops-zqdbklv8/target_000.hex	生成的仿真/构建/打包产物	12288	22d37839cb28715731400ea782e57d23e85facfad52553524b32f7c091222b63
sim/build/arm-localize-test/reuse-crops-zqdbklv8/target_000.pgm	生成的仿真/构建/打包产物	4109	20338307550c5d824a81161c204d3077a072d8fe29948aaa0e24b92b59416041
sim/build/arm-localize-test/reuse-crops-zqdbklv8/target_001.hex	生成的仿真/构建/打包产物	12288	f2b1505a8a564217b39e1ebb6de63fc377243309879135fd69c0eb967448d1aa
sim/build/arm-localize-test/reuse-crops-zqdbklv8/target_001.pgm	生成的仿真/构建/打包产物	4109	cd3c18d37e4edabdf84e67fb5a3ac3f679f7c681d82ffbfc486665c965de444e
sim/build/arm-localize-test/reuse.json	生成的仿真/构建/打包产物	1097	7996945d6b0bc01d097109a6fc2585531d80f526f222f1267446e414a55b6de7
sim/build/soc_top_compile.vvp	生成的仿真/构建/打包产物	79755	5ca0d1e63b4181b5cb52a34a5d47a09cc8c67323cfa0567f1808070d089e867e
sim/build/tb_arch_test_compile.vvp	生成的仿真/构建/打包产物	83280	2cd3d97fd930286ebb2dc9c8a06285c6eae34a5f588fb6dc172abc40d3361539
sim/build/tb_branch_predict.vvp	生成的仿真/构建/打包产物	29061	0ae717a9d1d83fba8efbab3e13108af42bdb0b82cc967028dcd2197739cb16a1
sim/build/tb_core_bht_flow.vvp	生成的仿真/构建/打包产物	149415	e6648b47670135e0b2c1a98ebc0244b16c26553945c98e76e6062195d20ad491
sim/build/tb_core_coremark.vvp	生成的仿真/构建/打包产物	166234	5da7e7d31398fdc280e06dbf6fd7661b43c57c7be28cddcfb822e69b2e6cb20f
sim/build/tb_core_fwd.vvp	生成的仿真/构建/打包产物	152108	d8a11f4471d81ed7150338c2633d7e866dd5c7650ed9563b235161ce5214b4ac
sim/build/tb_core_fwd_nofwd.vvp	生成的仿真/构建/打包产物	121391	0546bfa94248b5df4a54f5ba56c0b5f1d6016cdca82096843171275249c3ce00
sim/build/tb_core_muldiv.vvp	生成的仿真/构建/打包产物	136995	af54c46059dcaac028130679487afc7c80a80a227ee99b1b4fcdc216a26a5d05
sim/build/tb_core_pc_control.vvp	生成的仿真/构建/打包产物	141208	6ea4c70c6c0c7f7826ec67429ac2b3339784d573aef0212e415525c3b80a3802
sim/build/tb_core_smoke.vvp	生成的仿真/构建/打包产物	138253	06e2456a42f2c6ede939623aa18d524e60386ae4d8b7ae0a27ca1b4bd23cf71a
sim/build/tb_core_test.vvp	生成的仿真/构建/打包产物	137633	dfd500ea6cf7682d8a16c04b6e57b8718fa311f2c76c1036153dd7458743a706
sim/build/tb_core_v1_flow.vvp	生成的仿真/构建/打包产物	113327	47f256374301b0b24867a6476dd00391fecda84b27e64abb23bf7b06d3f40f06
sim/build/tb_core_v1_hazard.p_joined.vvp	生成的仿真/构建/打包产物	118029	24e553d5439f6943f04f9ac2e215ded748b7c155d97070642cb22520dbdae021
sim/build/tb_core_v1_hazard.p_split.vvp	生成的仿真/构建/打包产物	118029	bee1198934057ec08f4d081bedda01be60befba116dbb9c0f4bcc601260e998a
sim/build/tb_core_v1_hazard.vvp	生成的仿真/构建/打包产物	146282	fad70c7eb07aeb087c84630a88897cc602258f7c3a295b72c95a30ebb1496034
sim/build/tb_core_v1_mem.vvp	生成的仿真/构建/打包产物	142832	73977b9cd2ff1d0e59f571f5d95e2e111e537ca0c425bde0b766c1c26322853c
sim/build/tb_core_v1_muldiv_flow.vvp	生成的仿真/构建/打包产物	144386	0b1235765e9383e1d9cc3958cbe782656da1cd7a0606cf9e9c0d6f994f548053
sim/build/tb_decode.vvp	生成的仿真/构建/打包产物	22929	5205ea3f6c3378154eacd0b6ec46b221f54f9bc07e3b91e11e9b12d06d4c211f
sim/build/tb_dmem.vvp	生成的仿真/构建/打包产物	8039	0b8ed005554edef544540ede4ecf808ca1a03a90e0ba97b4f9086e2ff86b5448
sim/build/tb_forwarding.vvp	生成的仿真/构建/打包产物	26209	3eaadcbb9c51909fa7223b4a1368f918677cb07656829f778ba7e7a930e98c11
sim/build/tb_hazard.vvp	生成的仿真/构建/打包产物	22048	17294aaddb81d3507dbeeffb788aed33bd67a70700cd939c589d14a6e92722cc
sim/build/tb_id_ex_g2001.vvp	生成的仿真/构建/打包产物	42876	6b9a9b0ba68b0865d098a53323fb84a09ebbf36e77be515e8e601728dcf36170
sim/build/tb_id_ex_stage.vvp	生成的仿真/构建/打包产物	53050	7e1e88805a50fc28df3b53e38a82478449605e5a9f32623197963efd06f39939
sim/build/tb_if_stage.vvp	生成的仿真/构建/打包产物	10971	97de7cc3d42c2166364eaa9178bcddf9adcbf65180eb683701b545edcd7d203c
sim/build/tb_imem.vvp	生成的仿真/构建/打包产物	4569	9cb31ee7a307340b06f07898df51eeb13b3c71d85dd46b37b85349e4eda84182
sim/build/tb_mem_wb_stage.vvp	生成的仿真/构建/打包产物	12709	7abe759e3c5cd3203e4a5f1f9ff0c0b2f6043de005f7c23545d8b74ad29dd06b
sim/build/tb_muldiv.vvp	生成的仿真/构建/打包产物	36360	fabf4bac34dbd1374ffd8a5fccfdea048aa658e14179c9462ad911c13d4e0ad1
sim/build/tb_muldiv_g2001.vvp	生成的仿真/构建/打包产物	36199	d4d4a397a6bec2427923afc8ad98015316f6b6d054408820c28122869acadd88
sim/build/tb_pynq_z2_clock_config.vvp	生成的仿真/构建/打包产物	291195	c50a529ea1c8084fcc5f17de3542d92baf1716da687ffca24e679df5a1a5a6a3
sim/build/tb_soc_check.vvp	生成的仿真/构建/打包产物	143036	cae7f6f177a76c15001d21fcbf0f9ed6cb24eb56b4f6211db4fe9bbddf0d4907
sim/build/tb_soc_top.vvp	生成的仿真/构建/打包产物	145808	55b96a7790541007f0c0e87c6e963d5b3789eaa4bfdd62be761255db52a414dc
sim/build/vision/gate/fail_zero.log	生成的仿真/构建/打包产物	15	569de5cf263cf0e5f7e33c408c1dd4764e8cf32ffeb934a6fab8370a31206920
sim/build/vision/gate/fatal.log	生成的仿真/构建/打包产物	16	882749db1670b668d59bc801622f15c386ea03884110b08bd2b0bde7a673085d
sim/build/vision/gate/mixed.log	生成的仿真/构建/打包产物	30	ba208bbb1625f9d3ad3ad5b5e348713d2c7da1034b8f67e97e241c33e2e007a9
sim/build/vision/gate/no_pass.log	生成的仿真/构建/打包产物	17	26cd3c4510933a7555d1f97974adf4d5daa91b63ea66a69249a2e15483d53f4b
sim/build/vision/gate/pass.log	生成的仿真/构建/打包产物	15	dd4f08aa2170698f8de432d9b9492709473eff063e975090774a4d1995c78b7f
sim/build/vision/gate/process_failed.log	生成的仿真/构建/打包产物	15	dd4f08aa2170698f8de432d9b9492709473eff063e975090774a4d1995c78b7f
sim/build/vision/gate/tcl_echo.log	生成的仿真/构建/打包产物	42	dd40c21302831d2b63753bd76ed44398db6ba6530a2b941782c593131ded5ced
sim/build/vision/python/arm_localize.log	生成的仿真/构建/打包产物	172	4383f60c1cfd93f577c2b23d73b4a0bb33e8895baf7ee6bd6f72616b85deaa9e
sim/build/vision/python/arm_localize_package.log	生成的仿真/构建/打包产物	197	689ecef03207a78a94da5715e3da0c6cf21f0a5d18f5740c1f023ab31f0c704d
sim/build/vision/python/localize.log	生成的仿真/构建/打包产物	102	12614d18e93fecf5fe9d07515138e8b8e022417752e1de8218990b7122f8b7e3
sim/build/vision/python/vision_protocol.log	生成的仿真/构建/打包产物	86	65de489fb53bbe06ed6a7d9f7ae73f1fdb59a4fb46d04fa243bb885b649fab34
sim/build/vision/python/vision_regs.log	生成的仿真/构建/打包产物	80	c13e7ed05cd7e7fa9b2c13e10b52c0964b74899981289ee0c3bdff8d4f909f68
sim/build/vision/tb_axi_lock_reset.log	生成的仿真/构建/打包产物	192	26d0c24609aa99d33ec25d810e2e48dfb0f26ed6cf74b999ebd2a24f40c98a5e
sim/build/vision/tb_axi_lock_reset.vvp	生成的仿真/构建/打包产物	239949	1d429b358ffc755b76b048c8e4e3776f8e35be24395aba8482a28aac9f9fbc4e
sim/build/vision/tb_axi_regs.log	生成的仿真/构建/打包产物	51	1c3f0fb726f0e8fbc712f8602766d94fcfb17e3929363e854bc777e52dc9371f
sim/build/vision/tb_axi_regs.vvp	生成的仿真/构建/打包产物	33679	045737a720d56e332c6ce6263651f1da8ed08d4beb923c5434054ca47557c33e
sim/build/vision/tb_axi_split.log	生成的仿真/构建/打包产物	75	2414f1ff04ea8d8b06393d6c19e57adb8817a6c8d4792277d1aa9a41688660cd
sim/build/vision/tb_axi_split.vvp	生成的仿真/构建/打包产物	30982	502fcd872926f4e9db07d078925fc82bd562717ca62b83c5fcc7dad6d67c5521
sim/build/vision/tb_chain.log	生成的仿真/构建/打包产物	69	52de09d9782c91e896c7f14bc068a8ff93d5ea30f5210bbaecda645bd7acef61
sim/build/vision/tb_chain.vvp	生成的仿真/构建/打包产物	42380	a0c500c3aec36baa175dc0898fd0bfbdd1c2a46f50bc65ca099edb7557aea2d2
sim/build/vision/tb_config_bridge.log	生成的仿真/构建/打包产物	83	636bc544e914e92dff862373e1212e77824bf8b055b7c1df78f56849d41f6327
sim/build/vision/tb_config_bridge.vvp	生成的仿真/构建/打包产物	16086	a7dbc219654c3895a051d02361d47bee43f268895e47d9798b6292781a40369a
sim/build/vision/tb_cop_buf.log	生成的仿真/构建/打包产物	96	47bdf260aa92fb7fd8b755b588e666af914eda64bccaf6400eb14211592f70f8
sim/build/vision/tb_cop_buf.vvp	生成的仿真/构建/打包产物	26004	221effc35fa183abed6b695febce77c985fe31ca3319f16b48833af84190d75f
sim/build/vision/tb_cop_buf_stress.log	生成的仿真/构建/打包产物	86	5f99e13b96b7373fd75570ec2a0fb8e3b1bee531967de88dc9e6e7c66b1c15dd
sim/build/vision/tb_cop_buf_stress.vvp	生成的仿真/构建/打包产物	30125	cc2762a342152faacad55f43d4a260d71149c001707b731f937f8e9315f9bcea
sim/build/vision/tb_fullchain.log	生成的仿真/构建/打包产物	63	a369566ba035f4c5a585fb98456fbc27e215e60b6f86d1197a53f0de15ee4c93
sim/build/vision/tb_fullchain.vvp	生成的仿真/构建/打包产物	122250	6dc1a79c09cb8bcbf8e991b420beb059422b68ac02bcedc0eb68c765139f8caa
sim/build/vision/tb_gaussian3x3.log	生成的仿真/构建/打包产物	35	a4100a6aa855aa35f4e8f1c6c5cffbc40efc5226156a881e3d84781f0aa5a7b4
sim/build/vision/tb_gaussian3x3.vvp	生成的仿真/构建/打包产物	38581	306fed9e40795638443adcac9ddebcfea36b0d853e8e8c4fac2e5a83eaa9d9f5
sim/build/vision/tb_in_align.log	生成的仿真/构建/打包产物	95	8c3ff8cf89d03b0f67cd70df72a5b94f02bb68fefbe8bb68341945463f4730ad
sim/build/vision/tb_in_align.vvp	生成的仿真/构建/打包产物	19342	0d70260832f8b465f4bcc8caa177390f52f09da741fe1c92c280fce0b591831f
sim/build/vision/tb_line_buffer.log	生成的仿真/构建/打包产物	59	ce1b8c44e5ff189d5ae9d19df3b769988b194159567893306f64353ff0788be7
sim/build/vision/tb_line_buffer.vvp	生成的仿真/构建/打包产物	7626	02224fddea80c6ec0413d7ba88e0f60a17e277b1d399f159d3cc4f77a9b57ffc
sim/build/vision/tb_osd.log	生成的仿真/构建/打包产物	65	dffd75ae76a3c54023eab545b05665656051e93f73971eeecdf9932f8cc35c4c
sim/build/vision/tb_osd.vvp	生成的仿真/构建/打包产物	20814	286638b7d02024acd9f87ce3218b1b9893d57dcccbc3c3a298bd3bd80618f57a
sim/build/vision/tb_patterns.log	生成的仿真/构建/打包产物	91	b61541eb733fa5bd50e330e1fedd528e72ec92f698db78c383a06acc0b09456c
sim/build/vision/tb_patterns.vvp	生成的仿真/构建/打包产物	214841	32ee744717843811dc270805494b05321d30c4956a9d5ce33c5b3fe6f4cb89fd
sim/build/vision/tb_rgb2gray.log	生成的仿真/构建/打包产物	32	0bee8d776a821ffd8b418872227eb1c9e2105451abbb86dc3feb4b6fd43c2b7b
sim/build/vision/tb_rgb2gray.vvp	生成的仿真/构建/打包产物	6360	147c99fbd0234e8f056659aea5f8bb9a51bbc234ee6b1b6dc41ede3a39d923cb
sim/build/vision/tb_scaler.log	生成的仿真/构建/打包产物	43	1a965be0daad77b23a9790eea82730667c7e28e760628b77e716f6a76dc47d02
sim/build/vision/tb_scaler.vvp	生成的仿真/构建/打包产物	85780	ce513566106fdfc7bac07b6a182001138e125be2710fe911b73359ccfbf2d647
sim/build/vision/tb_scaler_ds.log	生成的仿真/构建/打包产物	77	e446497dd5631341a5c30b2d040e2fc395c7abd93a6df7f72eb524a9ba04357e
sim/build/vision/tb_scaler_ds.vvp	生成的仿真/构建/打包产物	66581	6471036afd3316434501a94432a6212d50828a9c84ebf366930d6794a8910aef
sim/build/vision/tb_sobel.log	生成的仿真/构建/打包产物	29	75a3f4690774fc6dddb270fd05936d0300f5c5d1a311979cb0cb4c51bf421525
sim/build/vision/tb_sobel.vvp	生成的仿真/构建/打包产物	44960	cb711b13bdbaedb246d9a960680d18502fce860faf0afc81ba39774b4cae298f
sim/build/vision/tb_top.log	生成的仿真/构建/打包产物	219	9bc6a2178a6b355d94a920afa71fb762ea8205726efad0531b0a40c0664e29a5
sim/build/vision/tb_top.vvp	生成的仿真/构建/打包产物	247985	1dabb9a270c6e16f62e0023c270c77ccc34c80e4b41304c01fb229e0019b5c10
sim/build/vision/tb_top_async.log	生成的仿真/构建/打包产物	78	a77188f86c39582d0c640c7917897d489cff52a594059f136e86c9fbb8fb7e84
sim/build/vision/tb_top_async.vvp	生成的仿真/构建/打包产物	216007	aaf686ad9608db6922ab9bbd9c2b045b908f3ad0c1613defe8322cf1b429f763
sim/build/vision/tb_top_color.log	生成的仿真/构建/打包产物	86	9e7e98c6daa457d9d13e16abec55b22c4108362cc5e119f3d3ca2e65091dcd6d
sim/build/vision/tb_top_color.vvp	生成的仿真/构建/打包产物	213071	30225c138a37ac65b1c06fdab3b3f835f1af677b138abdf8f85ab28e72703ee4
sim/build/vision/tb_video_pipeline.log	生成的仿真/构建/打包产物	104	e7f3ff134bee369cb252dcb2a88046556dcb3f7ebb281e0636de84711691ae94
sim/build/vision/tb_video_pipeline.vvp	生成的仿真/构建/打包产物	227925	69d39b3b659905ba30a7069de6200b9126d8363698d1925b1b5a1b9443ade817
sim/build/vision/tb_video_real.log	生成的仿真/构建/打包产物	0	e3b0c44298fc1c149afbf4c8996fb92427ae41e4649b934ca495991b7852b855
sim/build/vision/tb_video_real.vvp	生成的仿真/构建/打包产物	229057	931a92cfd3ce696f1c64dee2cb863a6eb8b7e67cf735c6c9d29afdff42f8abea
sim/build/vision/tb_vision_axi.log	生成的仿真/构建/打包产物	58	2a814d32de1e7977bcd15d5c777e3ce62170827ea15405b500d4ec897dd089a2
sim/build/vision/tb_vision_axi.vvp	生成的仿真/构建/打包产物	230845	30432e09be2118afb78ff2b286c66cbe3eb397e58e9100f63faf91b85f84b836
sim/riscv/fwd/fwd_test.S	软件/固件/数据工具	4116	e23b8d9739bd438867578a3358b0a0c31027d09e53bcfeeaa7f081d919085ab7
sim/riscv/fwd/fwd_test.dis	配置/资源/数据文件	5950	2e92c74ef5a0797e4f0f8a2fdc3ba2ff6ba72f78aea4967bf554aaa4c82a5c09
sim/riscv/fwd/fwd_test.hex	程序/像素镜像	36846	4ff06f12d57644df3eaba4a789ddf830ec44fdd3de72a6536639d6542f8128bf
sim/riscv/tb_arch_test.v	自检测试平台	4626	e2047b01f5ab159bfd947b0670b9f6f0bc36c6ebf24dab465523fb90037e2148
sim/riscv/tb_branch_predict.v	自检测试平台	3033	e44d8810f4eb7ed071f4171d5772934c183be6502619674e52e86b6e5bb45518
sim/riscv/tb_core_bht_flow.v	自检测试平台	5217	4f0242c4bc842f2301530081905ef61d096715a840ebeab951fef92af3cefb09
sim/riscv/tb_core_coremark.v	自检测试平台	12820	65cf52214c9b4a831f3cb572690a804ea0b7844aea3ff6fcbcd07e119e60624b
sim/riscv/tb_core_fwd.v	自检测试平台	8663	8e2b6120f1d6f5d73e7aea099a804052a0897ab36931f0ddce75f4919ee26190
sim/riscv/tb_core_muldiv.v	自检测试平台	1878	604b1cd12a81fa0b6d54cdb1ffbb6e6317375755ae2b0800017c47cedb6e4e0a
sim/riscv/tb_core_pc_control.v	自检测试平台	3233	81a487f9ace902b9743797ebd355c9c37e12633f260104bedfdcf240d10db63f
sim/riscv/tb_core_smoke.v	自检测试平台	3679	b40d466165afb6c05a6229b964f093ab2e9bdec547e5e149f7e9445c2d04f9a9
sim/riscv/tb_core_test.v	自检测试平台	3082	4ed52a305b68d1ee6d48cc4676c0468e84c230aeb2a1846d64dad7a8a44b7c45
sim/riscv/tb_core_v1_flow.v	自检测试平台	3373	92f86aae6de0105a0967421caae8150b487225da933a3a9a5f290adcca12abba
sim/riscv/tb_core_v1_hazard.v	自检测试平台	5190	386bde74303af61e70f2de9529f54554496f31dfaf23109be0aa4a39d83f7dab
sim/riscv/tb_core_v1_mem.v	自检测试平台	3557	8346b3c13844c77c7ccbf52e30ff68cbcebc7cf1273bedfc48895f8552402a4d
sim/riscv/tb_core_v1_muldiv_flow.v	自检测试平台	5152	33759a5bf89c6fa31eadd0e77343f567eb319ee68cc0285d015fb3ae2d840b4d
sim/riscv/tb_decode.v	自检测试平台	1528	b2325fc4e358b0ea0b0ec7e7940b46b0b752ebcbe7ce48ece217d922d9125d65
sim/riscv/tb_dmem.v	自检测试平台	1803	ff05aba892045b7e3af34254aba64989c36a0fa9007fde757750a2764bffe0e5
sim/riscv/tb_forwarding.v	自检测试平台	6588	36f57c7de0d37e2a7c79b1fe4a3b657fbbceb5cc020b2d5aacf2cff058df1d36
sim/riscv/tb_hazard.v	自检测试平台	7057	2991e90e0fa852c58216716a3ab453e186fc99b925db8cf05727c2060bf6b7d3
sim/riscv/tb_id_ex_stage.v	自检测试平台	4479	e6f26b19df7a38f4526650d8ef6b76ec268fd68865be900b85ac11edf0fe63a2
sim/riscv/tb_if_stage.v	自检测试平台	2180	9201d88c75445011622ccbca7990421214c6a99353074778fd0ca84bc637b1d6
sim/riscv/tb_imem.v	自检测试平台	1411	ccd6cced30cfa72b6838df37407557bc6d1747341b5d7788f9b06bde4cc93e71
sim/riscv/tb_mem_wb_stage.v	自检测试平台	2249	94f6fb8fb20cf7546953c69e0977f40fc86d7368b5e9f440ec400ac9daa95d91
sim/riscv/tb_muldiv.v	自检测试平台	4274	ef77dd73f1f92afbaa2b540a024910ae7dc3b6c1585789c819586e292ae7384a
sim/riscv/tb_pynq_z2_clock_config.v	自检测试平台	2180	947fea52ec47f1ee19146910287d0582a9e2dae6c969e6a964406adc81415927
sim/riscv/tb_soc_check.v	自检测试平台	1794	47d9c43c3f0cfe797852458183fcd0e8513d047d425c187f4cd90d5d7edd3c6a
sim/riscv/tb_soc_top.v	自检测试平台	2960	c8f3f8c72940f131244732b89ba0ba3878897f3d26bcebda0245e0d7deb1b48a
sim/scripts/__pycache__/make_arm_localize_pkg.cpython-310.pyc	配置/资源/数据文件	2800	d1b78127c37419ba1cab82dc4cf555daf528cc8f99199b8a12a0c3711e7c8189
sim/scripts/audit_module1_ooc.tcl	流程脚本/约束	2945	837bc3cd34c10d8a62f30fe8f77dece0d3ab9f606befced420dd9224b0e22b50
sim/scripts/build_fwd.sh	流程脚本/约束	2081	b849178434c5ef016160db83a8ad8c71ecc43dd9136d075ecf6f9384353ddc8f
sim/scripts/build_hdmi.tcl	流程脚本/约束	3160	45a7860f0a06a32aaf4d0119a381c3d7c7ed95a38244735fe49a0aafb74bcb8f
sim/scripts/build_vision_client.ps1	流程脚本/约束	1427	2cd6545d6ccce9dc2f7b6984f0d0fe439867e2f46671b9983511c67ec7a0f278
sim/scripts/create_hdmi_bd.tcl	流程脚本/约束	3022	52b46c72f6f9f5a97b65cc35043ba0643994449c536a3826ecee9b8e7e28c60a
sim/scripts/deploy_vision_onboard.sh	流程脚本/约束	1821	9cd7751cfc6050397ae250b2f883d8ecb01800d2a455993af8dc0c74c4da296a
sim/scripts/fetch_arch_test.sh	流程脚本/约束	815	ab9d728158df01586a607997681748e37118ac547d3b1ebb33b3180edd0ba765
sim/scripts/fetch_hdmi_ip.sh	流程脚本/约束	582	fb72e287f60d28304d334c35e790c2984bdac27ab47f693042758ac87c48f34b
sim/scripts/fetch_picorv32.sh	流程脚本/约束	793	2b3492d1fa0656c52df9c22bb0505945b07cc1d94c3ab47014258f37f94ac165
sim/scripts/impl_vision.tcl	流程脚本/约束	3263	f769b6ccae492fb86e8a9cc87f978b6093d5aefb951e8c1351df7d8cab5d0de6
sim/scripts/make_arm_localize_pkg.py	软件/固件/数据工具	2502	d03e7da3fefe31a590ead6a5087af4f5fd6e4ea95cd5db728381f2691a309294
sim/scripts/make_board_pkg.sh	流程脚本/约束	979	2bf27fe1ea68a65e89ebeebf16ee9505e576052b5154bf422895bd24fab6ffa7
sim/scripts/make_replay_scene.py	软件/固件/数据工具	3357	2f04aec7f160c856301c5266798fb79c53d70de87395e6b5fcebf7a50710f108
sim/scripts/pi-camera-preview.service	配置/资源/数据文件	408	264f0b0f2633d0a202fe01670d67f2349712425a93629c2d76b894535fcd02c7
sim/scripts/pi_password_reset_once.sh	流程脚本/约束	926	7fb48d921314df3f1aa1e3a619ceed8b66a81b28a1545fc088315b130386eb0a
sim/scripts/prepare_hdmi_sources.py	软件/固件/数据工具	1624	1be31ff6c7e947f7514c2f54b8d2f8ee088a6334df7d72edc48255670bc85a38
sim/scripts/prepare_pi_password_reset.py	软件/固件/数据工具	2867	8add5559da542a427385f538f4c7ac8df47a122518c0168e9b25bc786b321720
sim/scripts/run_arch_test.sh	流程脚本/约束	4674	5ff2266571e3205dfc7ec85a73a89fbaefce6ea37c7ee9f1376d49d0f50875c9
sim/scripts/run_arch_test_matrix.sh	流程脚本/约束	2359	14a737c06effee736d1fbd7f47481bcc31e5440f7c111fad0cbad747df5fc733
sim/scripts/run_cpi_matrix.sh	流程脚本/约束	3403	8dbe75f24c885bdf1d3be5bd7a209b49138928d6aad8bf52ee4cc7ff8085c16b
sim/scripts/run_fmax_compare.sh	流程脚本/约束	2775	f57eb540ce12876954b6dd6b517de240aa673561fc83dd77f864e9743dced99f
sim/scripts/run_iverilog.sh	流程脚本/约束	9739	84019c96ae648a7dce3c0a457dd25bd155c5df27e92204813a48524919e82086
sim/scripts/run_module1_xsim.ps1	流程脚本/约束	3931	9618b3df94ee25ce75281ee03a583c790455a0cce1cb0629890b7957fa1f8b62
sim/scripts/run_riscv_xsim.bat	流程脚本/约束	3151	39e47658388382e7f3417775665232d918cd858ab3f087b6adb91c37b1d374b7
sim/scripts/run_vision_iverilog.sh	流程脚本/约束	3440	6b31834fcc4f21f9e9e551b300d5b2641f6afb3502782a2b1a255d55188b9b37
sim/scripts/run_vision_python.sh	流程脚本/约束	627	e7287b3b002c2d71869d26afc15eb85f314e690799ef6d25504c35508634a81f
sim/scripts/run_vision_xsim.sh	流程脚本/约束	2640	0fbde75afbec14707c068af7dfefc77bafe61be17c01c54ffd8ae30ae76fdbef
sim/scripts/run_vivado_hdmi.sh	流程脚本/约束	711	5e4386f77272ec6b3ab908cfcc93068d744e4552f396c78857b8d09bc3de43e4
sim/scripts/run_vivado_vision_impl.sh	流程脚本/约束	505	403c23cd9af8ccf46fbbe6d32f011552418ad93d1f9f87224c80c156a3a44c5f
sim/scripts/run_vivado_vision_ooc.sh	流程脚本/约束	1313	29aa488b7d02a9bd6407ceb98f2984572b743db44785cda4de41ab84d10792f5
sim/scripts/summarize_module1.py	软件/固件/数据工具	6282	da4d0ae62da22d8374d35790d0645f1ee5df4feb32ea9576e578d43506203b9f
sim/scripts/synth_id_ex_ooc.tcl	流程脚本/约束	767	de1792dde2fe3f20da18625803788da07749fc4e74c370ce64c808070cf203b2
sim/scripts/synth_vision_ooc.tcl	流程脚本/约束	3383	eae287e87410dafe84e6a91f298011b065ef3ba44f89ed43085380ce298d6765
sim/scripts/test_vision_gate.sh	流程脚本/约束	1311	57af10fafcd81364a1f46f59dd03b8de2e0cec070e082f05cab6de32d9b49223
sim/scripts/vision_gate.sh	流程脚本/约束	576	47e99385a82b6267fb2b340a71f13bb90f63fa2b0d8b213ca9a899b84bc6bd79
sim/tb_core_fwd.vcd	配置/资源/数据文件	284338	2b79fbe87c9737cdc9f6662368ea7615301322ced69cddf64cec5a2381c5b465
sim/tb_core_muldiv.vcd	配置/资源/数据文件	1774740	cf53e3dd5725e84705536d62bbd1bb82c745f2a1556eee0c806663015c2c0fd8
sim/tb_core_smoke.vcd	配置/资源/数据文件	1454863	d8c9a74a25eb993a2406567c9459cd3086f22fa2b668890fcde98d9625bcb653
sim/tb_core_test.vcd	配置/资源/数据文件	3892423	a92bcb0d01d4980d29752b9eef9135974ffdfdbc9948b146127e01823a928823
sim/tb_muldiv.vcd	配置/资源/数据文件	79665	355f29331f85327005ec6c9a882fab4fd2a26a81cfbdc6f01d4497cb670068ce
sim/tb_soc_check.vcd	配置/资源/数据文件	1459590	a53d96efc9adeb30c2b83ffb586c22a38b57768863fa4901ecb5da1835b13790
sim/tb_soc_top.vcd	配置/资源/数据文件	3180953	bfc180155286a52e0e9c9de598c4fb0337e97efe7195bc8ea7af17a76d1a0893
sim/tools/verify_rv32i.py	软件/固件/数据工具	7370	53d47a74f3fe2b24125a741a2e86cb69ebe311af224c745af93f8100150e56f6
sim/vision/calibrate_classifier_bn.py	软件/固件/数据工具	3332	386b550f82ea326129ce98014c04c729296823f6ca75bf144154643a2b04ca54
sim/vision/compare_arm_localize_bench.py	软件/固件/数据工具	2655	3aee8e562a5212283bc344cbfbae449b24ee86b250856490facf67e23e35dd4c
sim/vision/compare_localizers.py	软件/固件/数据工具	3210	57860ed135dc448d913c1f7514e9912c2e79bef7fea846ef9719ef18d747d0fe
sim/vision/controlled_classifier_study.py	软件/固件/数据工具	5178	f5ff36a606f712a53dc0ca8c5f61bf68b35a6ee70ca707030afc7d2a1f1fa7aa
sim/vision/evaluate_class_aware.py	软件/固件/数据工具	7458	9ba98068ea03b9e516aec4bef1c727a11638a04d94f1f252709a59ec9f9d7c59
sim/vision/evaluate_fastener_classifier.py	软件/固件/数据工具	2518	5a902ef1067b69f0542a8b75109209f680fdf410f02214754a498b90f29f2212
sim/vision/generate_localization_dataset.py	软件/固件/数据工具	3628	ac38563f6fcf094fef4e68490a81357613ea52cb30b45248a0b53128a98ef0b8
sim/vision/generate_variable_count_probe.py	软件/固件/数据工具	2058	d578866a1c6d4bd9379fbed0bd142189a4c5bab860325d62240ea34ac68a349e
sim/vision/localization_data.py	软件/固件/数据工具	10042	7785d03102cea8c5e411c67d21a27a4809b2d78f3f5aeb2ddb1a93121ca7c46c
sim/vision/localization_opencv.py	软件/固件/数据工具	2737	de81e15e56496e82d1a747ea2946769213ac1e4aa6ab6973132e2de1184835d7
sim/vision/probe_localization_backgrounds.py	软件/固件/数据工具	1645	b455171a111bcdc94961c0eae9e6b7b8dffe159497cf4c88a0187b3a6ae0e907
sim/vision/tb_axi_lock_reset.v	自检测试平台	6467	ff5576edaefef414b977e6a541d9387dc66548bcb245801e962c4df58ebede6f
sim/vision/tb_axi_regs.v	自检测试平台	4820	bde2a6c4299c7ae6dbd7bee281634753b9ded08d44150c2b5dc36658d9caef8c
sim/vision/tb_axi_split.v	自检测试平台	1915	b8ce5c4c64f64bc4159f3234474bfc510cd7b454486e4b4d124bb88f8e03e0f0
sim/vision/tb_chain.v	自检测试平台	3171	1404bda77deca4955489639bf4d3288a8c46659b74915168114521775ae36faa
sim/vision/tb_config_bridge.v	自检测试平台	1928	f3b0c21d9690b2e8fce712bc38362e0142994da12ff7d6feba7a4bbca95bbb82
sim/vision/tb_cop_buf.v	自检测试平台	3582	0ed8b3f55b2460520b0a1e3f29043317d2e747c16fda37388e31c320690fcf92
sim/vision/tb_cop_buf_stress.v	自检测试平台	3363	0db426eb51f7214eed0d43e5008804160668db7c5e5425e4b1dc287b3c8c0597
sim/vision/tb_fullchain.v	自检测试平台	4133	e3e32f9db17a94b95de124926c524c01596e03912d21e7b874398c73136f73fa
sim/vision/tb_gaussian3x3.v	自检测试平台	2142	993889a5d37dd3131e122c763e550d89e19572fcebe664093c333879f9de3f8a
sim/vision/tb_in_align.v	自检测试平台	6413	e4f55d37097a4efad76836778ed489508441bace113f5149213e0958352415b7
sim/vision/tb_line_buffer.v	自检测试平台	2076	f0dffd9f10f0c76ec48f53fc1d884293499609511cdf29e8065e081887d6b44d
sim/vision/tb_osd.v	自检测试平台	3637	b4e1154cfbbd6cc6ca0901e6a6493304d8b35d980dd91cfe973bb7e9c0251f1e
sim/vision/tb_patterns.v	自检测试平台	2464	a7d94098c5e31644dd3064b4e6f8a098d38977d49171c830b5fa6f04a33d5467
sim/vision/tb_rgb2gray.v	自检测试平台	1490	823f4d063d7f307074f28466dd22b8fd3120302a032776f65955ccb799e36990
sim/vision/tb_scaler.v	自检测试平台	2662	148eacf44e48c85c4fd6f7a58117aacaa742981bf67c900c6c919abaa70a0099
sim/vision/tb_scaler_ds.v	自检测试平台	2898	6d32a7c381bd49375e316bba51d7f032d14c0aa07606008be0bcb0123a5e001c
sim/vision/tb_sobel.v	自检测试平台	2018	510809d752c26ddf4b9061d3b56761f87c6beb1d88953f03338161e4394db66c
sim/vision/tb_top.v	自检测试平台	9575	28f3e1aa163743171a83b91b63707460ea031642f899ae3484a3954427d048dc
sim/vision/tb_top_async.v	自检测试平台	2497	3f6a3f049be56cb29149feb21eac45a6dd604702d7ba578a1ccc812d884ccf48
sim/vision/tb_top_color.v	自检测试平台	2145	c659c46f092924abde37ab79ff0dab2a3adeea848a0954b7d6468132c5ab2265
sim/vision/tb_video_pipeline.v	自检测试平台	2461	37e0b16e36fe064e390d0a2fb066c676000e43ab84e9f35edbc67b08d61cbbe2
sim/vision/tb_video_real.v	自检测试平台	2889	87554ca1c8071fa135b3c3e0831094fb96391320a63434283f13124f2eb08974
sim/vision/tb_vision_axi.v	自检测试平台	1669	b2827dd89f43116036f8f191829b3a74b2122a68ee48e062735ab1213613c7bb
sim/vision/test_arm_localize.py	软件/固件/数据工具	5527	29d867388ebe7711dd9f91ca642cb9a666c5abaaeb27049932781c8290ff8b4a
sim/vision/test_arm_localize_package.py	软件/固件/数据工具	2637	9689f809959115a8707b1946d0c967d7b1fb0075a8d48f82157d03871779e626
sim/vision/test_class_aware_metrics.py	软件/固件/数据工具	1390	38fa4fc3a6d6a7a9e3f19a6827c893fe1ed134455e71b9cac9acd4017913d2fa
sim/vision/test_localization_data.py	软件/固件/数据工具	6167	554624fe0ed8b6c19c084f6ec0409572cadaf3dcc0c8c369f588388230caae23
sim/vision/test_localize.py	软件/固件/数据工具	2444	579df8f3ba841509703ca16670626b3ecb3ff84d238c87a03341d72b888a6e61
sim/vision/test_vision_client.py	软件/固件/数据工具	1370	b60eaf9b0d2f5af089e37f54916d900b1218e94e2651501834f34ba18935d363
sim/vision/test_vision_protocol.py	软件/固件/数据工具	4044	f90ee27efcd698a265383e0ab62f6df274938481587f1f1d61b18fc93455d88f
sim/vision/test_vision_regs.py	软件/固件/数据工具	2046	8a997788e43f6b4e38e6b38731852d77e4c9a8b88bcc146bf7c30d9cf993d4d9
sim/vision/train_fastener_classifier.py	软件/固件/数据工具	5739	151f784406c27db8ca112e42ca7bc22104d9f4e9a0f1e2c111bb4cf129cb86f1
sim/vision/train_hog_fastener_classifier.py	软件/固件/数据工具	2972	cfef4a9711d04f4a23be8851eea745ff53f2b5361b3dee76b8f6d988ce73fc5e
sim/vision/train_localization_cnn.py	软件/固件/数据工具	1262	b9b351ba6bf382d0ca1812e4d7555e4292b6b961e693896b6461ab4fc4d29db3
sim/vision/train_scene_classifier.py	软件/固件/数据工具	4995	b91cad0390ceaf56917e3beb57363f14b76ad31f5485d13417cada87a8411685
skill/README.md	文档/计划/接口说明	1605	1700e50252d96566350c6077f858b91c8ee1d5807ca76cbdf4d022d7780f231a
skill/gufa-programming/SKILL.md	文档/计划/接口说明	4617	d33b458d1094c54f34f84eb4d8b6e44572f867680e359333a36bf34344c665f8
skill/understand-gate/SKILL.md	文档/计划/接口说明	3722	073bf2b8a4cb69b9f314f242ae2b86fec501abe9e81d2e1b2697011713b629e0
src/coprocessor/README.md	文档/计划/接口说明	1710	600f069d059306b8886419c9a1faeb1fc9eb47de93e6446369e74a3eaa5a6e94
src/pynq_host/ONBOARD.md	文档/计划/接口说明	2946	75cc005ddc16b83de9a1db9c2aecbd9b8fd7e4099154f0608173eddf2c42ceab
src/pynq_host/README.md	文档/计划/接口说明	2321	851b391a5dd8a5b61fc73494d9bab675a690c3b7c938734d47ccd61a6f5b6a77
src/pynq_host/__pycache__/arm_localize.cpython-310.pyc	配置/资源/数据文件	4698	744da474d5c0f31f9cb07aa2861b22c554f8ad3dc0c9511d818be1eff198fea5
src/pynq_host/__pycache__/vision_mock_service.cpython-310.pyc	配置/资源/数据文件	3887	a016b42252f6d8c0c1f844541675406e581b2c069478376edfc354adedf9c2ef
src/pynq_host/__pycache__/vision_protocol.cpython-310.pyc	配置/资源/数据文件	2638	3e5d655a2d694b1f93570f766e20a6b0f360088f7453f0cfd3d16664507fa3c9
src/pynq_host/__pycache__/vision_regs.cpython-310.pyc	配置/资源/数据文件	5922	aa3eab14e8736d6595c3eb7f0014e175bf2b315d8a0885d21eb0dd892b9748f2
src/pynq_host/arm_localize.py	软件/固件/数据工具	4692	d31abca31b25bdcaffc51e4ce2efe7e000b6e62a09afc39acd69d5460e340061
src/pynq_host/arm_localize_bench.py	软件/固件/数据工具	4642	4c34139cd7a056a13c39796c21a4b32571be953fcd603b1815d90e5c7c8388ed
src/pynq_host/arm_localize_selftest.py	软件/固件/数据工具	1919	a071d8183c5c4514b67b1002a08639db1f0e82e64a7a6c37622d6f071130d834
src/pynq_host/m2_onboard.py	软件/固件/数据工具	3103	679befc31ee11f0ab5ff4d7bf9d19ed83389750b12febdd3b90fdc27373664cd
src/pynq_host/onboard_smoke.py	软件/固件/数据工具	8157	1d27c8c7f9370445b344d8c1c7c7aac491f9205047574086e11d7a53f8c395c8
src/pynq_host/vision_demo.py	软件/固件/数据工具	2245	e4483dfc84a9e22b468594816e12ac5c31ab1ec5097f4915688b2c4d9936dcfb
src/pynq_host/vision_mock_service.py	软件/固件/数据工具	4796	9987ea97b6f91755331b292abf7ac974614355f6f476aed99923470675c557ad
src/pynq_host/vision_protocol.py	软件/固件/数据工具	3667	e12cda1673e7e5c5a620bb0a530dfd1c2096696f4897b000efcd3361f88cc646
src/pynq_host/vision_regs.py	软件/固件/数据工具	5626	1b30a62d27c9cedbc0e5cb94321984e343d903b4a84165fe5e0c4e13a7030479
src/riscv/README.md	文档/计划/接口说明	2249	98292feff94ca9533e72ba69f295939d26fe9d258b00f311f52a554e0b705f9e
src/riscv/alu.v	可综合逻辑	1308	95b963f6de03deac8efb965b44ba3662b09b5ae54d6052d660d42bcba888db9f
src/riscv/branch_predict.v	可综合逻辑	1939	27d40ad9c80f011c0e846818d4668ad0dcbb2dd1ad51d50aadf013f237b1d408
src/riscv/core_top.v	可综合逻辑	10150	e33859f33988ed765f075d12aab5986a503cd232cb6b1eded8b29c2c18c2b8e6
src/riscv/decode.v	可综合逻辑	7251	c502e5ccb977d754d0bd3eb5225b9b273597b9558907582b1f81ed8d7de445bb
src/riscv/design_v0.md	文档/计划/接口说明	20988	ae183220a0389904fe4fea936af9b41f02630c72c7619fc13f7fb045eca16852
src/riscv/design_v1.md	文档/计划/接口说明	49472	accc9dfaf4ddbd4b3cbb9e791fa7e3399e55df78fe1bcd23fae953b1a7b70a42
src/riscv/dmem.v	可综合逻辑	1063	9c8cf5ffa5609661783af170f05a17fb2c9c2ba35a2811f3c4c44e562bfa91a2
src/riscv/done/m1-first-phase-completed.md	文档/计划/接口说明	20128	39124277030b947abe56d6117ddcaaba76132ff103e8fbd371156a5d760b90eb
src/riscv/forwarding.v	可综合逻辑	1955	0542d9899909b3d51f48e4482dfdb18488c298b314ee65d3ab3331cdc78e8a04
src/riscv/hazard.v	可综合逻辑	975	305a84a0a00c0be6dec7f3a624596b7d648b21fdeb4c3fa78b4c75da123d4761
src/riscv/id_ex_stage.v	可综合逻辑	3426	bce3386c041c4137f365575f46540e9046575d4442b5118e43fe918c1b7748d7
src/riscv/if_stage.v	可综合逻辑	1579	1cf0591bd01937aa98977b708fff06bf636e4dc1b1f3b1215fccc06127fa2c68
src/riscv/imem.v	可综合逻辑	613	12fdd837ff7a9c4832638ae55ae3129a672eddc1dfa294a949337fdd350fbb16
src/riscv/mem_wb_stage.v	可综合逻辑	1363	215720a970951c1f081b3158abddf592a3556f552c87c987aafa251bbf9a408b
src/riscv/muldiv.v	可综合逻辑	4666	0e0842e4f529e1604db1a17e083c23b2f4ce13e6bbb1ed07cc3f745473e95530
src/riscv/pc.v	可综合逻辑	688	b513d34a0ad21e2b58084e4b827bd53cce7a875c728c8dcf9292d3e05767cd50
src/riscv/plan.md	文档/计划/接口说明	15878	d4498cffa7a4e3888646b94f3b0f9071f54303955a7aabbba4abf17d05ac4649
src/riscv/plan_calendar.md	文档/计划/接口说明	2776	22e7ec267dfa9b02eb543973a27650e1e0ee27d40a3394976a7e290563acc87d
src/riscv/pynq_z2_top.v	可综合逻辑	1983	02dbf4fd2be92833fce83295d7f1529518b3161ec758dc025a100fad1d6b0421
src/riscv/regfile.v	可综合逻辑	669	5a03842e3d86bdf3d86f63f9249197d236c64f9670b49466f879bd7b25ee5ec9
src/riscv/soc_top.v	可综合逻辑	2177	453c8d14186f7203fc03c6187d7c5a14917a21a1dba158692c24b5ccdee2ae17
src/riscv_fw/Makefile	配置/资源/数据文件	2709	1bf9ce7c5a82f88a32bd0a541cdfc4f3cefd6aae1258065014ed4093fab4b13d
src/riscv_fw/README.md	文档/计划/接口说明	3707	7a5a6e24a62d5125b662e91395406e0b8c00ca36836037ff5dc333361e2d858d
src/riscv_fw/bench_v0_1.c	软件/固件/数据工具	779	0dcbf312e6ecd0ac05dd25819c27eb6f2bbbf48539b1436d345c09a80328cb0c
src/riscv_fw/bench_v0_1.dis	配置/资源/数据文件	3330	6da7e3d230496f8ad423db1660f9e45ca627887063b64001ce40decfbbe9c1ac
src/riscv_fw/bench_v0_1.hex	程序/像素镜像	36846	d4d5390c045e199953cc398f538f581fb0bfcbd993e4ad857dec04a794ef156f
src/riscv_fw/bin2hex.py	软件/固件/数据工具	867	a4fc24cf4282bb1100d722a4117d76256e3db8e64f748192d67ffe6f63066f36
src/riscv_fw/coremark.dis	配置/资源/数据文件	140988	c8e068e967366c0bd69547fa609a46f24e4c758cde27410db669c09086eb265f
src/riscv_fw/coremark.hex	程序/像素镜像	36846	ed229725ad95d0038af83b745704504c53b6176f6e927d9a147a34a39c762b11
src/riscv_fw/coremark/README.md	文档/计划/接口说明	1612	d1558ef5fccca56d81ea12d9a577ddee43a8ea05687b2c7d2084b40b787527dd
src/riscv_fw/coremark/core_main.c	软件/固件/数据工具	16668	e6f31c433d7506ebf4028383f4922895da391dd0da5741642a0b545aed76c8a8
src/riscv_fw/coremark/core_portme.c	软件/固件/数据工具	3418	1cfebb807df36ca7f7fb01e0b9f3d6e138cfd84dfd45c7039ddce92a15f1e39e
src/riscv_fw/coremark/core_portme.h	软件/固件/数据工具	3180	4645dc4d2febfe842502e409ca32d581f3381f978ccca783c77294355a3660b3
src/riscv_fw/coremark/host/core_portme.c	软件/固件/数据工具	1956	72894164d1404f9d04bbf3cb4eeaeb13be13e27fb3f569d2bd776cb7d63539e1
src/riscv_fw/coremark/host/core_portme.h	软件/固件/数据工具	2025	8d95687cd825cd4603106f579300402b5009500857347e89c94edca5904b0c3e
src/riscv_fw/coremark/link_coremark.ld	软件/固件/数据工具	1229	a6e7f48fd547f45c375fe4ada38dee5596011bb337b4f2c8e1d6759ec9968712
src/riscv_fw/coremark/vendor/LICENSE.md	文档/计划/接口说明	18582	9577b9c846f61fd69a0d8ac965998c6450c7d8969f71f0bb4a931b91aebad28a
src/riscv_fw/coremark/vendor/README.md	文档/计划/接口说明	19687	5581fb67dc1609cbd1865f150dbcb1050d96c602987792456850eb96eb0dd08c
src/riscv_fw/coremark/vendor/core_list_join.c	软件/固件/数据工具	18225	ca00e4e010ece47d7f040cb92aa50a95345a00d3171b59d088f6b243be06ce7b
src/riscv_fw/coremark/vendor/core_main.c	软件/固件/数据工具	15788	17884c93c5b94378eb0ff02b4df3725756cf2addb9b8cbcaa6200a4649ff5ca7
src/riscv_fw/coremark/vendor/core_matrix.c	软件/固件/数据工具	9598	ecdff717b5a5c4907d221a606760e25499899cbf617582c05d40db71c91351e4
src/riscv_fw/coremark/vendor/core_state.c	软件/固件/数据工具	9707	f4b84bb0a3452c45a4daa664ab502bfdccbd31cb57d93e9ac490c60937717a4e
src/riscv_fw/coremark/vendor/core_util.c	软件/固件/数据工具	6004	a3fbfcb9bb943b638624b8ece01c5836dd56a96d7bcde2697b248d077447327f
src/riscv_fw/coremark/vendor/coremark.h	软件/固件/数据工具	4760	42642b9a06c7ed2b3bd9eda971b7c3868c4f5d27bf7ef6c4bba11291a0c2598a
src/riscv_fw/coremark/vendor/coremark.md5	配置/资源/数据文件	283	dad92861212f8f012e75974e23ea97f7a275a375e0d3bc1d3b216423ba6b6306
src/riscv_fw/hello.bin	配置/资源/数据文件	16376	5f02c5eb8134d531512feb393bc5a338d038a973e160f0bad21af4960bd9e2de
src/riscv_fw/hello.dis	配置/资源/数据文件	1978	a670903dc73bcff1ad2a822b0bfe0c9690bbfffc6599e786eba415e3275d8f20
src/riscv_fw/hello.elf	配置/资源/数据文件	8896	c96467e97f8a46c28e75f237729c78fefc3c5d9fe235df35f444acb0bb947fc5
src/riscv_fw/hello.hex	程序/像素镜像	36846	7589d15e4f865362faac73e507eb9454f06d04d111752efd96a796641aad6dcb
src/riscv_fw/hello_test.bin	配置/资源/数据文件	16376	be58b802c6ce98d3e90c3662a707a7b8923bc4c7c63179bfa9fec8935a245628
src/riscv_fw/hello_test.dis	配置/资源/数据文件	12073	b464095ad868dd1f1cf6db9e7c5aec1ef516ccef06b4d5e99e3fa09a9f914b65
src/riscv_fw/hello_test.elf	配置/资源/数据文件	9000	1095caa1985a9be5d8e60ca044f4947b80b3402513cab0dfaa4d1eaae2730031
src/riscv_fw/hello_test.hex	程序/像素镜像	36846	d13b2a3ff06d439c20d30c8f86bc8f4ca81c834062c14d79be487b16c7728e8b
src/riscv_fw/hello_v0.bin	配置/资源/数据文件	16376	e81dbf7c892962f7da25f1949eebe1f607a59559089f41cfa079ec6def4b85ff
src/riscv_fw/hello_v0.dis	配置/资源/数据文件	1974	bf5b6ed26363dee8ef739749010f16fe01e832b38d3c9234e413db4821749200
src/riscv_fw/hello_v0.elf	配置/资源/数据文件	8892	096bf6e3c6e1c3833607f81545368734ce33f6d11ec860f2edf7f615ceeb50f9
src/riscv_fw/hello_v0.hex	程序/像素镜像	36846	9c4b2f18e8f073ee939147e8d88137c46ff7c3babef8718f67984e47ac571da4
src/riscv_fw/link.ld	软件/固件/数据工具	729	24f9fff388b8c33d93bd7e956cb0c9f3718e4d45f8143cf9a1a3834bbda03fe3
src/riscv_fw/main.c	软件/固件/数据工具	735	6f93913bc80c71a9a8da7b0ee78d11315f3c6f718430fd6540c2ffb8e8ca2fa2
src/riscv_fw/main_v0.c	软件/固件/数据工具	660	a26fa44bdef2fa7f057ef781ee05a8454f053313c65caf39192a68dea07a41a5
src/riscv_fw/soc_check.c	软件/固件/数据工具	1026	298fa97694d88bf8c854700efc4522c07f433a3d53cc881c04e018b596fc0b49
src/riscv_fw/soc_check.dis	配置/资源/数据文件	3785	8f127251b347f3292f96357ab86aa9a55355f65845bb2e8bf0a032152a3aa0ae
src/riscv_fw/soc_check.hex	程序/像素镜像	36846	28433227e2acbc64d5df922ebf22a49647060d1a9b9258bdbb4aea3e6831368e
src/riscv_fw/start.S	软件/固件/数据工具	636	0cc5e16a55b2e4dcd10fedf132924b23d1872aea5817ff4ad00ec4a7b719d999
src/riscv_fw/test_rv32i.S	软件/固件/数据工具	6844	edd9e8957c613a94c93017edccf83253bff92bb020eae97171fa9f95833b6a82
src/vision/README.md	文档/计划/接口说明	4413	e04428b2434ae019229ea504ea6b8fff91a3bba685e31d618c6aa851f353fef1
src/vision/axi_regs.v	可综合逻辑	5491	2006ff5367d4e6c71f3f741de2cc58f9296e562895675b754eebeb498297c25f
src/vision/config_bridge.v	可综合逻辑	1661	8c5ad31fa8071124ecfdd2e06e237970b81c6a270f4c81f2fab614dc84cf7fad
src/vision/config_cdc.xdc	流程脚本/约束	811	640b7b3ede96912af87cc6a520fa0001ce9a65726338e29fa5475ef799654277
src/vision/cop_buf.v	可综合逻辑	7344	48829e3a9d39e6c0b420c3abf1d7902b0c487c38b9a74ab66eb66f6ca4f4064f
src/vision/design_v0.md	文档/计划/接口说明	23869	c906a5b335658f12b2c120e61259f8a9a47311b15a9e65c56f6bbff1147977d8
src/vision/gaussian_3x3.v	可综合逻辑	6960	68d8fedffedcfcf3f83ecc5eb622a2c128c083c740031b8199b945a0a5383d8e
src/vision/in_align.v	可综合逻辑	2619	51500309b070bdb51a8c07c497cf5675c2972c685b2855ad6639454653f9f890
src/vision/line_buffer.v	可综合逻辑	850	2ab8e056dd567f5e02e2eaa63354125b007e64ebe6b0e52edd8b1ed894d93f29
src/vision/osd_overlay.v	可综合逻辑	2870	2b8ede8506c3b42aa408b34de6ac9eb94bffa3f5f4b589f1bd4f5b2dfcde8faf
src/vision/reset_sync.v	可综合逻辑	306	0ccb9079ae49817d44f1392ebeb68caa91bc0b52b9b5b1443d1e9db9cc81be7f
src/vision/rgb2gray.v	可综合逻辑	992	380e5aea268acfa7b45c8860ce29fae99213ecf05305e66099f44af5bc24b5f1
src/vision/scaler.v	可综合逻辑	12623	cd4030c9ac31c42c95a05972f6f73dd1bfda007b7d78afe6098554f0b65060b1
src/vision/sobel.v	可综合逻辑	5990	e3d75587025a749358754807a77a3a2074b91c8e4fe6dc355cf32d776ec134d2
src/vision/video_pipeline.v	可综合逻辑	2643	87c5f16fc721a0141d071795c414cd195bf62979e4343e8582044855f57738a4
src/vision/vision_axi.v	可综合逻辑	2691	128fa1dd6e5e42495fbf2b8548a162eb8929bd282110e7979f6ae5a2093f7a4d
src/vision/vision_top.v	可综合逻辑	8463	03ab8a84fbbc5f3e304dde70660f12a06b2261bae15de1618ea4ff24c7fd37a3
src/vision_client/README.md	文档/计划/接口说明	3493	e89bd3ca94ac29e85b2c23cd51fd92731c80d2713cad914bb082f11ea655cd77
src/vision_client/preview.py	软件/固件/数据工具	7535	d6a59f9475802cbf52e6b6e7024bc5747a7b2bafd28cbda929d9d14344d45e84
src/vision_client/requirements.txt	配置/资源/数据文件	183	b474e93969be497ee0a072817dd502b5495700f6751bcaa5e4f3b079fee6e73c
tb_muldiv.vcd	配置/资源/数据文件	79665	982d65bcde2d49f2f892d62364925519cb33ac969c22ce3436c8a4e03b1bcc7c
tight_setup_hold_pins.txt	配置/资源/数据文件	2072	5593ec50329e9115182a7a5e39a5a16a9315477029eb9e924ff2c18846e1c002
