Copyright 1986-2022 Xilinx, Inc. All Rights Reserved. Copyright 2022-2026 Advanced Micro Devices, Inc. All Rights Reserved.
-----------------------------------------------------------------------------------------------------------------------------------------------------------
| Tool Version : Vivado v.2026.1 (win64) Build 6511674 Tue Jun 16 11:02:23 MDT 2026
| Date         : Mon Sep 28 14:00:58 2026
| Host         : never-die-cold running 64-bit major release  (build 9200)
| Command      : report_timing -delay_type max -max_paths 10 -sort_by group -file E:/Projects/FPGA-Alittle-Design/build/reports/soc_timing_worst_paths.rpt
| Design       : pynq_z2_top
| Device       : 7z020-clg400
| Speed File   : -1  PRODUCTION 1.12 2019-11-22
| Design State : Physopt postRoute
-----------------------------------------------------------------------------------------------------------------------------------------------------------

Timing Report

Slack (MET) :             1.153ns  (required time - arrival time)
  Source:                 u_soc/u_imem/rdata_reg_1/CLKARDCLK
                            (rising edge-triggered cell RAMB36E1 clocked by core_clk_40  {rise@0.000ns fall@12.500ns period=25.000ns})
  Destination:            u_soc/u_core/u_regfile/regs_reg_r1_0_31_6_11/RAMC_D1/I
                            (rising edge-triggered cell RAMD32 clocked by core_clk_40  {rise@0.000ns fall@12.500ns period=25.000ns})
  Path Group:             core_clk_40
  Path Type:              Setup (Max at Slow Process Corner)
  Requirement:            25.000ns  (core_clk_40 rise@25.000ns - core_clk_40 rise@0.000ns)
  Data Path Delay:        23.330ns  (logic 5.951ns (25.507%)  route 17.379ns (74.493%))
  Logic Levels:           18  (LUT3=1 LUT5=2 LUT6=11 MUXF7=2 MUXF8=1 RAMS64E=1)
  Clock Path Skew:        -0.185ns (DCD - SCD + CPR)
    Destination Clock Delay (DCD):    -1.672ns = ( 23.328 - 25.000 )
    Source Clock Delay      (SCD):    -0.920ns
    Clock Pessimism Removal (CPR):    0.567ns
  Clock Uncertainty:      0.082ns  ((TSJ^2 + DJ^2)^1/2) / 2 + PE
    Total System Jitter     (TSJ):    0.071ns
    Discrete Jitter          (DJ):    0.147ns
    Phase Error              (PE):    0.000ns

    Location             Delay type                Incr(ns)  Path(ns)    Netlist Resource(s)
  -------------------------------------------------------------------    -------------------
                         (clock core_clk_40 rise edge)
                                                      0.000     0.000 r  <hidden>
    H16                                               0.000     0.000 r  clk
                         net (fo=0)                   0.000     0.000    clk
    H16                  IBUF (Prop_ibuf_I_O)         1.451     1.451 r  clk_IBUF_inst/O
                         net (fo=1, routed)           1.285     2.736    clk_IBUF
    MMCME2_ADV_X1Y2      MMCME2_ADV (Prop_mmcme2_adv_CLKIN1_CLKOUT0)
                                                     -7.759    -5.023 r  u_mmcm/CLKOUT0
                         net (fo=1, routed)           2.206    -2.817    clk_40_raw
    BUFGCTRL_X0Y16       BUFG (Prop_bufg_I_O)         0.101    -2.716 r  u_core_clk_bufg/O
                         net (fo=4632, routed)        1.796    -0.920    u_soc/u_imem/clk_40
    RAMB36_X1Y9          RAMB36E1                                     r  u_soc/u_imem/rdata_reg_1/CLKARDCLK
  -------------------------------------------------------------------    -------------------
    RAMB36_X1Y9          RAMB36E1 (Prop_ramb36e1_CLKARDCLK_DOADO[2])
                                                      2.454     1.534 r  u_soc/u_imem/rdata_reg_1/DOADO[2]
                         net (fo=5, routed)           1.674     3.208    u_soc/u_core/u_if_stage/pc[31]_i_17_0[6]
    SLICE_X31Y50         LUT6 (Prop_lut6_I0_O)        0.124     3.332 r  u_soc/u_core/u_if_stage/regs_reg_r1_0_31_0_5_i_91/O
                         net (fo=10, routed)          0.947     4.279    u_soc/u_core/u_if_stage/regs_reg_r1_0_31_0_5_i_91_n_0
    SLICE_X35Y53         LUT5 (Prop_lut5_I2_O)        0.150     4.429 r  u_soc/u_core/u_if_stage/mem_reg_0_255_0_0_i_139/O
                         net (fo=3, routed)           0.912     5.342    u_soc/u_core/u_if_stage/mem_reg_0_255_0_0_i_139_n_0
    SLICE_X37Y50         LUT6 (Prop_lut6_I5_O)        0.326     5.668 r  u_soc/u_core/u_if_stage/mem_reg_0_255_0_0_i_81/O
                         net (fo=123, routed)         1.584     7.251    u_soc/u_core/u_if_stage/alu_b[3]
    SLICE_X41Y64         LUT6 (Prop_lut6_I2_O)        0.124     7.375 r  u_soc/u_core/u_if_stage/mem_reg_0_255_0_0_i_125/O
                         net (fo=6, routed)           0.617     7.992    u_soc/u_core/u_if_stage/mem_reg_0_255_0_0_i_125_n_0
    SLICE_X44Y65         LUT6 (Prop_lut6_I5_O)        0.124     8.116 r  u_soc/u_core/u_if_stage/mem_reg_0_255_0_0_i_172/O
                         net (fo=2, routed)           0.646     8.763    u_soc/u_core/u_if_stage/mem_reg_0_255_0_0_i_172_n_0
    SLICE_X44Y66         LUT3 (Prop_lut3_I0_O)        0.150     8.913 r  u_soc/u_core/u_if_stage/mem_reg_0_255_0_0_i_136/O
                         net (fo=2, routed)           0.578     9.491    u_soc/u_core/u_if_stage/mem_reg_0_255_0_0_i_136_n_0
    SLICE_X41Y68         LUT6 (Prop_lut6_I0_O)        0.326     9.817 r  u_soc/u_core/u_if_stage/mem_reg_0_255_0_0_i_78/O
                         net (fo=1, routed)           0.292    10.109    u_soc/u_core/u_if_stage/mem_reg_0_255_0_0_i_78_n_0
    SLICE_X41Y69         LUT6 (Prop_lut6_I5_O)        0.124    10.233 r  u_soc/u_core/u_if_stage/mem_reg_0_255_0_0_i_31/O
                         net (fo=25, routed)          1.451    11.684    u_soc/u_core/u_if_stage/mem_reg_0_255_0_0_i_31_n_0
    SLICE_X41Y82         LUT5 (Prop_lut5_I2_O)        0.154    11.838 r  u_soc/u_core/u_if_stage/mem_reg_6656_6911_26_26_i_6/O
                         net (fo=168, routed)         2.471    14.309    u_soc/u_dmem/mem_reg_2560_2815_27_27/A2
    SLICE_X42Y136        RAMS64E (Prop_rams64e_ADR2_O)
                                                      0.348    14.657 r  u_soc/u_dmem/mem_reg_2560_2815_27_27/RAMS64E_C/O
                         net (fo=1, routed)           0.000    14.657    u_soc/u_dmem/mem_reg_2560_2815_27_27/OC
    SLICE_X42Y136        MUXF7 (Prop_muxf7_I1_O)      0.247    14.904 r  u_soc/u_dmem/mem_reg_2560_2815_27_27/F7.B/O
                         net (fo=1, routed)           0.000    14.904    u_soc/u_dmem/mem_reg_2560_2815_27_27/O0
    SLICE_X42Y136        MUXF8 (Prop_muxf8_I0_O)      0.098    15.002 r  u_soc/u_dmem/mem_reg_2560_2815_27_27/F8/O
                         net (fo=1, routed)           1.816    16.818    u_soc/u_dmem/mem_reg_2560_2815_27_27_n_0
    SLICE_X39Y109        LUT6 (Prop_lut6_I1_O)        0.319    17.137 r  u_soc/u_dmem/regs_reg_r1_0_31_24_29_i_77/O
                         net (fo=1, routed)           0.000    17.137    u_soc/u_dmem/regs_reg_r1_0_31_24_29_i_77_n_0
    SLICE_X39Y109        MUXF7 (Prop_muxf7_I0_O)      0.212    17.349 r  u_soc/u_dmem/regs_reg_r1_0_31_24_29_i_43/O
                         net (fo=2, routed)           0.494    17.843    u_soc/u_dmem/regs_reg_r1_0_31_24_29_i_43_n_0
    SLICE_X40Y105        LUT6 (Prop_lut6_I3_O)        0.299    18.142 r  u_soc/u_dmem/regs_reg_r1_0_31_24_29_i_28/O
                         net (fo=1, routed)           1.121    19.262    u_soc/u_core/u_if_stage/rdata[24]
    SLICE_X40Y80         LUT6 (Prop_lut6_I0_O)        0.124    19.386 r  u_soc/u_core/u_if_stage/regs_reg_r1_0_31_24_29_i_14/O
                         net (fo=2, routed)           1.358    20.745    u_soc/u_core/u_if_stage/dmem_rdata[27]
    SLICE_X43Y63         LUT6 (Prop_lut6_I1_O)        0.124    20.869 r  u_soc/u_core/u_if_stage/regs_reg_r1_0_31_6_11_i_21/O
                         net (fo=1, routed)           0.501    21.369    u_soc/u_core/u_if_stage/regs_reg_r1_0_31_6_11_i_21_n_0
    SLICE_X43Y57         LUT6 (Prop_lut6_I1_O)        0.124    21.493 r  u_soc/u_core/u_if_stage/regs_reg_r1_0_31_6_11_i_5/O
                         net (fo=2, routed)           0.917    22.411    u_soc/u_core/u_regfile/regs_reg_r1_0_31_6_11/DIC1
    SLICE_X36Y48         RAMD32                                       r  u_soc/u_core/u_regfile/regs_reg_r1_0_31_6_11/RAMC_D1/I
  -------------------------------------------------------------------    -------------------

                         (clock core_clk_40 rise edge)
                                                     25.000    25.000 r  <hidden>
    H16                                               0.000    25.000 r  clk
                         net (fo=0)                   0.000    25.000    clk
    H16                  IBUF (Prop_ibuf_I_O)         1.380    26.380 r  clk_IBUF_inst/O
                         net (fo=1, routed)           1.162    27.542    clk_IBUF
    MMCME2_ADV_X1Y2      MMCME2_ADV (Prop_mmcme2_adv_CLKIN1_CLKOUT0)
                                                     -7.814    19.728 r  u_mmcm/CLKOUT0
                         net (fo=1, routed)           2.012    21.740    clk_40_raw
    BUFGCTRL_X0Y16       BUFG (Prop_bufg_I_O)         0.091    21.831 r  u_core_clk_bufg/O
                         net (fo=4632, routed)        1.496    23.328    u_soc/u_core/u_regfile/regs_reg_r1_0_31_6_11/WCLK
    SLICE_X36Y48         RAMD32                                       r  u_soc/u_core/u_regfile/regs_reg_r1_0_31_6_11/RAMC_D1/CLK
                         clock pessimism              0.567    23.895    <hidden>
                         clock uncertainty           -0.082    23.813    <hidden>
    SLICE_X36Y48         RAMD32 (Setup_ramd32_CLK_I)
                                                     -0.249    23.564    u_soc/u_core/u_regfile/regs_reg_r1_0_31_6_11/RAMC_D1
  -------------------------------------------------------------------
                         required time                         23.564    <hidden>
                         arrival time                         -22.411    <hidden>
  -------------------------------------------------------------------
                         slack                                  1.153    <hidden>

Slack (MET) :             1.245ns  (required time - arrival time)
  Source:                 u_soc/u_imem/rdata_reg_1/CLKARDCLK
                            (rising edge-triggered cell RAMB36E1 clocked by core_clk_40  {rise@0.000ns fall@12.500ns period=25.000ns})
  Destination:            u_soc/u_core/u_regfile/regs_reg_r2_0_31_6_11/RAMC_D1/I
                            (rising edge-triggered cell RAMD32 clocked by core_clk_40  {rise@0.000ns fall@12.500ns period=25.000ns})
  Path Group:             core_clk_40
  Path Type:              Setup (Max at Slow Process Corner)
  Requirement:            25.000ns  (core_clk_40 rise@25.000ns - core_clk_40 rise@0.000ns)
  Data Path Delay:        23.108ns  (logic 5.951ns (25.753%)  route 17.157ns (74.247%))
  Logic Levels:           18  (LUT3=1 LUT5=2 LUT6=11 MUXF7=2 MUXF8=1 RAMS64E=1)
  Clock Path Skew:        -0.317ns (DCD - SCD + CPR)
    Destination Clock Delay (DCD):    -1.689ns = ( 23.311 - 25.000 )
    Source Clock Delay      (SCD):    -0.920ns
    Clock Pessimism Removal (CPR):    0.452ns
  Clock Uncertainty:      0.082ns  ((TSJ^2 + DJ^2)^1/2) / 2 + PE
    Total System Jitter     (TSJ):    0.071ns
    Discrete Jitter          (DJ):    0.147ns
    Phase Error              (PE):    0.000ns

    Location             Delay type                Incr(ns)  Path(ns)    Netlist Resource(s)
  -------------------------------------------------------------------    -------------------
                         (clock core_clk_40 rise edge)
                                                      0.000     0.000 r  <hidden>
    H16                                               0.000     0.000 r  clk
                         net (fo=0)                   0.000     0.000    clk
    H16                  IBUF (Prop_ibuf_I_O)         1.451     1.451 r  clk_IBUF_inst/O
                         net (fo=1, routed)           1.285     2.736    clk_IBUF
    MMCME2_ADV_X1Y2      MMCME2_ADV (Prop_mmcme2_adv_CLKIN1_CLKOUT0)
                                                     -7.759    -5.023 r  u_mmcm/CLKOUT0
                         net (fo=1, routed)           2.206    -2.817    clk_40_raw
    BUFGCTRL_X0Y16       BUFG (Prop_bufg_I_O)         0.101    -2.716 r  u_core_clk_bufg/O
                         net (fo=4632, routed)        1.796    -0.920    u_soc/u_imem/clk_40
    RAMB36_X1Y9          RAMB36E1                                     r  u_soc/u_imem/rdata_reg_1/CLKARDCLK
  -------------------------------------------------------------------    -------------------
    RAMB36_X1Y9          RAMB36E1 (Prop_ramb36e1_CLKARDCLK_DOADO[2])
                                                      2.454     1.534 r  u_soc/u_imem/rdata_reg_1/DOADO[2]
                         net (fo=5, routed)           1.674     3.208    u_soc/u_core/u_if_stage/pc[31]_i_17_0[6]
    SLICE_X31Y50         LUT6 (Prop_lut6_I0_O)        0.124     3.332 r  u_soc/u_core/u_if_stage/regs_reg_r1_0_31_0_5_i_91/O
                         net (fo=10, routed)          0.947     4.279    u_soc/u_core/u_if_stage/regs_reg_r1_0_31_0_5_i_91_n_0
    SLICE_X35Y53         LUT5 (Prop_lut5_I2_O)        0.150     4.429 r  u_soc/u_core/u_if_stage/mem_reg_0_255_0_0_i_139/O
                         net (fo=3, routed)           0.912     5.342    u_soc/u_core/u_if_stage/mem_reg_0_255_0_0_i_139_n_0
    SLICE_X37Y50         LUT6 (Prop_lut6_I5_O)        0.326     5.668 r  u_soc/u_core/u_if_stage/mem_reg_0_255_0_0_i_81/O
                         net (fo=123, routed)         1.584     7.251    u_soc/u_core/u_if_stage/alu_b[3]
    SLICE_X41Y64         LUT6 (Prop_lut6_I2_O)        0.124     7.375 r  u_soc/u_core/u_if_stage/mem_reg_0_255_0_0_i_125/O
                         net (fo=6, routed)           0.617     7.992    u_soc/u_core/u_if_stage/mem_reg_0_255_0_0_i_125_n_0
    SLICE_X44Y65         LUT6 (Prop_lut6_I5_O)        0.124     8.116 r  u_soc/u_core/u_if_stage/mem_reg_0_255_0_0_i_172/O
                         net (fo=2, routed)           0.646     8.763    u_soc/u_core/u_if_stage/mem_reg_0_255_0_0_i_172_n_0
    SLICE_X44Y66         LUT3 (Prop_lut3_I0_O)        0.150     8.913 r  u_soc/u_core/u_if_stage/mem_reg_0_255_0_0_i_136/O
                         net (fo=2, routed)           0.578     9.491    u_soc/u_core/u_if_stage/mem_reg_0_255_0_0_i_136_n_0
    SLICE_X41Y68         LUT6 (Prop_lut6_I0_O)        0.326     9.817 r  u_soc/u_core/u_if_stage/mem_reg_0_255_0_0_i_78/O
                         net (fo=1, routed)           0.292    10.109    u_soc/u_core/u_if_stage/mem_reg_0_255_0_0_i_78_n_0
    SLICE_X41Y69         LUT6 (Prop_lut6_I5_O)        0.124    10.233 r  u_soc/u_core/u_if_stage/mem_reg_0_255_0_0_i_31/O
                         net (fo=25, routed)          1.451    11.684    u_soc/u_core/u_if_stage/mem_reg_0_255_0_0_i_31_n_0
    SLICE_X41Y82         LUT5 (Prop_lut5_I2_O)        0.154    11.838 r  u_soc/u_core/u_if_stage/mem_reg_6656_6911_26_26_i_6/O
                         net (fo=168, routed)         2.471    14.309    u_soc/u_dmem/mem_reg_2560_2815_27_27/A2
    SLICE_X42Y136        RAMS64E (Prop_rams64e_ADR2_O)
                                                      0.348    14.657 r  u_soc/u_dmem/mem_reg_2560_2815_27_27/RAMS64E_C/O
                         net (fo=1, routed)           0.000    14.657    u_soc/u_dmem/mem_reg_2560_2815_27_27/OC
    SLICE_X42Y136        MUXF7 (Prop_muxf7_I1_O)      0.247    14.904 r  u_soc/u_dmem/mem_reg_2560_2815_27_27/F7.B/O
                         net (fo=1, routed)           0.000    14.904    u_soc/u_dmem/mem_reg_2560_2815_27_27/O0
    SLICE_X42Y136        MUXF8 (Prop_muxf8_I0_O)      0.098    15.002 r  u_soc/u_dmem/mem_reg_2560_2815_27_27/F8/O
                         net (fo=1, routed)           1.816    16.818    u_soc/u_dmem/mem_reg_2560_2815_27_27_n_0
    SLICE_X39Y109        LUT6 (Prop_lut6_I1_O)        0.319    17.137 r  u_soc/u_dmem/regs_reg_r1_0_31_24_29_i_77/O
                         net (fo=1, routed)           0.000    17.137    u_soc/u_dmem/regs_reg_r1_0_31_24_29_i_77_n_0
    SLICE_X39Y109        MUXF7 (Prop_muxf7_I0_O)      0.212    17.349 r  u_soc/u_dmem/regs_reg_r1_0_31_24_29_i_43/O
                         net (fo=2, routed)           0.494    17.843    u_soc/u_dmem/regs_reg_r1_0_31_24_29_i_43_n_0
    SLICE_X40Y105        LUT6 (Prop_lut6_I3_O)        0.299    18.142 r  u_soc/u_dmem/regs_reg_r1_0_31_24_29_i_28/O
                         net (fo=1, routed)           1.121    19.262    u_soc/u_core/u_if_stage/rdata[24]
    SLICE_X40Y80         LUT6 (Prop_lut6_I0_O)        0.124    19.386 r  u_soc/u_core/u_if_stage/regs_reg_r1_0_31_24_29_i_14/O
                         net (fo=2, routed)           1.358    20.745    u_soc/u_core/u_if_stage/dmem_rdata[27]
    SLICE_X43Y63         LUT6 (Prop_lut6_I1_O)        0.124    20.869 r  u_soc/u_core/u_if_stage/regs_reg_r1_0_31_6_11_i_21/O
                         net (fo=1, routed)           0.501    21.369    u_soc/u_core/u_if_stage/regs_reg_r1_0_31_6_11_i_21_n_0
    SLICE_X43Y57         LUT6 (Prop_lut6_I1_O)        0.124    21.493 r  u_soc/u_core/u_if_stage/regs_reg_r1_0_31_6_11_i_5/O
                         net (fo=2, routed)           0.695    22.188    u_soc/u_core/u_regfile/regs_reg_r2_0_31_6_11/DIC1
    SLICE_X42Y52         RAMD32                                       r  u_soc/u_core/u_regfile/regs_reg_r2_0_31_6_11/RAMC_D1/I
  -------------------------------------------------------------------    -------------------

                         (clock core_clk_40 rise edge)
                                                     25.000    25.000 r  <hidden>
    H16                                               0.000    25.000 r  clk
                         net (fo=0)                   0.000    25.000    clk
    H16                  IBUF (Prop_ibuf_I_O)         1.380    26.380 r  clk_IBUF_inst/O
                         net (fo=1, routed)           1.162    27.542    clk_IBUF
    MMCME2_ADV_X1Y2      MMCME2_ADV (Prop_mmcme2_adv_CLKIN1_CLKOUT0)
                                                     -7.814    19.728 r  u_mmcm/CLKOUT0
                         net (fo=1, routed)           2.012    21.740    clk_40_raw
    BUFGCTRL_X0Y16       BUFG (Prop_bufg_I_O)         0.091    21.831 r  u_core_clk_bufg/O
                         net (fo=4632, routed)        1.480    23.311    u_soc/u_core/u_regfile/regs_reg_r2_0_31_6_11/WCLK
    SLICE_X42Y52         RAMD32                                       r  u_soc/u_core/u_regfile/regs_reg_r2_0_31_6_11/RAMC_D1/CLK
                         clock pessimism              0.452    23.763    <hidden>
                         clock uncertainty           -0.082    23.682    <hidden>
    SLICE_X42Y52         RAMD32 (Setup_ramd32_CLK_I)
                                                     -0.249    23.433    u_soc/u_core/u_regfile/regs_reg_r2_0_31_6_11/RAMC_D1
  -------------------------------------------------------------------
                         required time                         23.433    <hidden>
                         arrival time                         -22.188    <hidden>
  -------------------------------------------------------------------
                         slack                                  1.245    <hidden>

Slack (MET) :             1.301ns  (required time - arrival time)
  Source:                 u_soc/u_imem/rdata_reg_3/CLKARDCLK
                            (rising edge-triggered cell RAMB36E1 clocked by core_clk_40  {rise@0.000ns fall@12.500ns period=25.000ns})
  Destination:            u_soc/u_core/u_regfile/regs_reg_r2_0_31_0_5/RAMC/I
                            (rising edge-triggered cell RAMD32 clocked by core_clk_40  {rise@0.000ns fall@12.500ns period=25.000ns})
  Path Group:             core_clk_40
  Path Type:              Setup (Max at Slow Process Corner)
  Requirement:            25.000ns  (core_clk_40 rise@25.000ns - core_clk_40 rise@0.000ns)
  Data Path Delay:        23.258ns  (logic 5.556ns (23.888%)  route 17.702ns (76.112%))
  Logic Levels:           17  (LUT4=1 LUT5=2 LUT6=8 MUXF7=2 MUXF8=2 RAMD32=1 RAMS64E=1)
  Clock Path Skew:        -0.184ns (DCD - SCD + CPR)
    Destination Clock Delay (DCD):    -1.672ns = ( 23.328 - 25.000 )
    Source Clock Delay      (SCD):    -0.921ns
    Clock Pessimism Removal (CPR):    0.567ns
  Clock Uncertainty:      0.082ns  ((TSJ^2 + DJ^2)^1/2) / 2 + PE
    Total System Jitter     (TSJ):    0.071ns
    Discrete Jitter          (DJ):    0.147ns
    Phase Error              (PE):    0.000ns

    Location             Delay type                Incr(ns)  Path(ns)    Netlist Resource(s)
  -------------------------------------------------------------------    -------------------
                         (clock core_clk_40 rise edge)
                                                      0.000     0.000 r  <hidden>
    H16                                               0.000     0.000 r  clk
                         net (fo=0)                   0.000     0.000    clk
    H16                  IBUF (Prop_ibuf_I_O)         1.451     1.451 r  clk_IBUF_inst/O
                         net (fo=1, routed)           1.285     2.736    clk_IBUF
    MMCME2_ADV_X1Y2      MMCME2_ADV (Prop_mmcme2_adv_CLKIN1_CLKOUT0)
                                                     -7.759    -5.023 r  u_mmcm/CLKOUT0
                         net (fo=1, routed)           2.206    -2.817    clk_40_raw
    BUFGCTRL_X0Y16       BUFG (Prop_bufg_I_O)         0.101    -2.716 r  u_core_clk_bufg/O
                         net (fo=4632, routed)        1.795    -0.921    u_soc/u_imem/clk_40
    RAMB36_X1Y8          RAMB36E1                                     r  u_soc/u_imem/rdata_reg_3/CLKARDCLK
  -------------------------------------------------------------------    -------------------
    RAMB36_X1Y8          RAMB36E1 (Prop_ramb36e1_CLKARDCLK_DOADO[3])
                                                      2.454     1.533 r  u_soc/u_imem/rdata_reg_3/DOADO[3]
                         net (fo=2, routed)           1.550     3.084    u_soc/u_core/u_if_stage/pc[31]_i_17_0[15]
    SLICE_X35Y48         LUT4 (Prop_lut4_I1_O)        0.124     3.208 r  u_soc/u_core/u_if_stage/regs_reg_r1_0_31_0_5_i_12/O
                         net (fo=35, routed)          1.246     4.454    u_soc/u_core/u_regfile/regs_reg_r1_0_31_12_17/ADDRA0
    SLICE_X38Y49         RAMD32 (Prop_ramd32_RADR0_O)
                                                      0.150     4.604 r  u_soc/u_core/u_regfile/regs_reg_r1_0_31_12_17/RAMA/O
                         net (fo=3, routed)           1.093     5.697    u_soc/u_core/u_if_stage/rdata10[12]
    SLICE_X39Y56         LUT5 (Prop_lut5_I3_O)        0.328     6.025 r  u_soc/u_core/u_if_stage/pc[12]_i_8/O
                         net (fo=18, routed)          1.330     7.355    u_soc/u_core/u_if_stage/alu_a[12]
    SLICE_X41Y64         LUT6 (Prop_lut6_I1_O)        0.124     7.479 r  u_soc/u_core/u_if_stage/mem_reg_0_255_0_0_i_140/O
                         net (fo=5, routed)           0.975     8.454    u_soc/u_core/u_if_stage/mem_reg_0_255_0_0_i_140_n_0
    SLICE_X43Y66         LUT6 (Prop_lut6_I1_O)        0.124     8.578 r  u_soc/u_core/u_if_stage/mem_reg_0_255_0_0_i_156/O
                         net (fo=2, routed)           0.868     9.445    u_soc/u_core/u_if_stage/mem_reg_0_255_0_0_i_156_n_0
    SLICE_X43Y70         LUT6 (Prop_lut6_I2_O)        0.124     9.569 r  u_soc/u_core/u_if_stage/mem_reg_0_255_0_0_i_90/O
                         net (fo=1, routed)           0.435    10.004    u_soc/u_core/u_if_stage/mem_reg_0_255_0_0_i_90_n_0
    SLICE_X43Y71         LUT6 (Prop_lut6_I5_O)        0.124    10.128 r  u_soc/u_core/u_if_stage/mem_reg_0_255_0_0_i_37/O
                         net (fo=29, routed)          1.645    11.773    u_soc/u_core/u_if_stage/mem_reg_0_255_0_0_i_37_n_0
    SLICE_X41Y97         LUT5 (Prop_lut5_I2_O)        0.150    11.923 r  u_soc/u_core/u_if_stage/mem_reg_0_255_28_28_i_3/O
                         net (fo=128, routed)         2.450    14.373    u_soc/u_dmem/mem_reg_2560_2815_28_28/A0
    SLICE_X30Y130        RAMS64E (Prop_rams64e_ADR0_O)
                                                      0.326    14.699 r  u_soc/u_dmem/mem_reg_2560_2815_28_28/RAMS64E_D/O
                         net (fo=1, routed)           0.000    14.699    u_soc/u_dmem/mem_reg_2560_2815_28_28/OD
    SLICE_X30Y130        MUXF7 (Prop_muxf7_I0_O)      0.241    14.940 r  u_soc/u_dmem/mem_reg_2560_2815_28_28/F7.B/O
                         net (fo=1, routed)           0.000    14.940    u_soc/u_dmem/mem_reg_2560_2815_28_28/O0
    SLICE_X30Y130        MUXF8 (Prop_muxf8_I0_O)      0.098    15.038 r  u_soc/u_dmem/mem_reg_2560_2815_28_28/F8/O
                         net (fo=1, routed)           1.512    16.550    u_soc/u_dmem/mem_reg_2560_2815_28_28_n_0
    SLICE_X40Y114        LUT6 (Prop_lut6_I1_O)        0.319    16.869 r  u_soc/u_dmem/regs_reg_r1_0_31_24_29_i_101/O
                         net (fo=1, routed)           0.000    16.869    u_soc/u_dmem/regs_reg_r1_0_31_24_29_i_101_n_0
    SLICE_X40Y114        MUXF7 (Prop_muxf7_I0_O)      0.212    17.081 r  u_soc/u_dmem/regs_reg_r1_0_31_24_29_i_55/O
                         net (fo=2, routed)           0.000    17.081    u_soc/u_dmem/regs_reg_r1_0_31_24_29_i_55_n_0
    SLICE_X40Y114        MUXF8 (Prop_muxf8_I1_O)      0.094    17.175 r  u_soc/u_dmem/regs_reg_r1_0_31_0_5_i_163/O
                         net (fo=1, routed)           1.578    18.753    u_soc/u_core/u_if_stage/regs_reg_r1_0_31_0_5_i_42_4
    SLICE_X40Y83         LUT6 (Prop_lut6_I2_O)        0.316    19.069 r  u_soc/u_core/u_if_stage/regs_reg_r1_0_31_0_5_i_87/O
                         net (fo=1, routed)           0.956    20.024    u_soc/u_core/u_if_stage/regs_reg_r1_0_31_0_5_i_87_n_0
    SLICE_X44Y81         LUT6 (Prop_lut6_I4_O)        0.124    20.148 r  u_soc/u_core/u_if_stage/regs_reg_r1_0_31_0_5_i_42/O
                         net (fo=1, routed)           1.017    21.165    u_soc/u_core/u_if_stage/regs_reg_r1_0_31_0_5_i_42_n_0
    SLICE_X44Y60         LUT6 (Prop_lut6_I1_O)        0.124    21.289 r  u_soc/u_core/u_if_stage/regs_reg_r1_0_31_0_5_i_7/O
                         net (fo=2, routed)           1.048    22.337    u_soc/u_core/u_regfile/regs_reg_r2_0_31_0_5/DIC0
    SLICE_X38Y47         RAMD32                                       r  u_soc/u_core/u_regfile/regs_reg_r2_0_31_0_5/RAMC/I
  -------------------------------------------------------------------    -------------------

                         (clock core_clk_40 rise edge)
                                                     25.000    25.000 r  <hidden>
    H16                                               0.000    25.000 r  clk
                         net (fo=0)                   0.000    25.000    clk
    H16                  IBUF (Prop_ibuf_I_O)         1.380    26.380 r  clk_IBUF_inst/O
                         net (fo=1, routed)           1.162    27.542    clk_IBUF
    MMCME2_ADV_X1Y2      MMCME2_ADV (Prop_mmcme2_adv_CLKIN1_CLKOUT0)
                                                     -7.814    19.728 r  u_mmcm/CLKOUT0
                         net (fo=1, routed)           2.012    21.740    clk_40_raw
    BUFGCTRL_X0Y16       BUFG (Prop_bufg_I_O)         0.091    21.831 r  u_core_clk_bufg/O
                         net (fo=4632, routed)        1.496    23.328    u_soc/u_core/u_regfile/regs_reg_r2_0_31_0_5/WCLK
    SLICE_X38Y47         RAMD32                                       r  u_soc/u_core/u_regfile/regs_reg_r2_0_31_0_5/RAMC/CLK
                         clock pessimism              0.567    23.895    <hidden>
                         clock uncertainty           -0.082    23.813    <hidden>
    SLICE_X38Y47         RAMD32 (Setup_ramd32_CLK_I)
                                                     -0.175    23.638    u_soc/u_core/u_regfile/regs_reg_r2_0_31_0_5/RAMC
  -------------------------------------------------------------------
                         required time                         23.638    <hidden>
                         arrival time                         -22.337    <hidden>
  -------------------------------------------------------------------
                         slack                                  1.301    <hidden>

Slack (MET) :             1.302ns  (required time - arrival time)
  Source:                 u_soc/u_imem/rdata_reg_1/CLKARDCLK
                            (rising edge-triggered cell RAMB36E1 clocked by core_clk_40  {rise@0.000ns fall@12.500ns period=25.000ns})
  Destination:            u_soc/u_core/u_regfile/regs_reg_r2_0_31_12_17/RAMA/I
                            (rising edge-triggered cell RAMD32 clocked by core_clk_40  {rise@0.000ns fall@12.500ns period=25.000ns})
  Path Group:             core_clk_40
  Path Type:              Setup (Max at Slow Process Corner)
  Requirement:            25.000ns  (core_clk_40 rise@25.000ns - core_clk_40 rise@0.000ns)
  Data Path Delay:        23.155ns  (logic 5.723ns (24.716%)  route 17.432ns (75.284%))
  Logic Levels:           18  (LUT3=1 LUT5=2 LUT6=11 MUXF7=2 MUXF8=1 RAMS64E=1)
  Clock Path Skew:        -0.300ns (DCD - SCD + CPR)
    Destination Clock Delay (DCD):    -1.686ns = ( 23.314 - 25.000 )
    Source Clock Delay      (SCD):    -0.920ns
    Clock Pessimism Removal (CPR):    0.466ns
  Clock Uncertainty:      0.082ns  ((TSJ^2 + DJ^2)^1/2) / 2 + PE
    Total System Jitter     (TSJ):    0.071ns
    Discrete Jitter          (DJ):    0.147ns
    Phase Error              (PE):    0.000ns

    Location             Delay type                Incr(ns)  Path(ns)    Netlist Resource(s)
  -------------------------------------------------------------------    -------------------
                         (clock core_clk_40 rise edge)
                                                      0.000     0.000 r  <hidden>
    H16                                               0.000     0.000 r  clk
                         net (fo=0)                   0.000     0.000    clk
    H16                  IBUF (Prop_ibuf_I_O)         1.451     1.451 r  clk_IBUF_inst/O
                         net (fo=1, routed)           1.285     2.736    clk_IBUF
    MMCME2_ADV_X1Y2      MMCME2_ADV (Prop_mmcme2_adv_CLKIN1_CLKOUT0)
                                                     -7.759    -5.023 r  u_mmcm/CLKOUT0
                         net (fo=1, routed)           2.206    -2.817    clk_40_raw
    BUFGCTRL_X0Y16       BUFG (Prop_bufg_I_O)         0.101    -2.716 r  u_core_clk_bufg/O
                         net (fo=4632, routed)        1.796    -0.920    u_soc/u_imem/clk_40
    RAMB36_X1Y9          RAMB36E1                                     r  u_soc/u_imem/rdata_reg_1/CLKARDCLK
  -------------------------------------------------------------------    -------------------
    RAMB36_X1Y9          RAMB36E1 (Prop_ramb36e1_CLKARDCLK_DOADO[2])
                                                      2.454     1.534 r  u_soc/u_imem/rdata_reg_1/DOADO[2]
                         net (fo=5, routed)           1.674     3.208    u_soc/u_core/u_if_stage/pc[31]_i_17_0[6]
    SLICE_X31Y50         LUT6 (Prop_lut6_I0_O)        0.124     3.332 r  u_soc/u_core/u_if_stage/regs_reg_r1_0_31_0_5_i_91/O
                         net (fo=10, routed)          0.947     4.279    u_soc/u_core/u_if_stage/regs_reg_r1_0_31_0_5_i_91_n_0
    SLICE_X35Y53         LUT5 (Prop_lut5_I2_O)        0.150     4.429 r  u_soc/u_core/u_if_stage/mem_reg_0_255_0_0_i_139/O
                         net (fo=3, routed)           0.912     5.342    u_soc/u_core/u_if_stage/mem_reg_0_255_0_0_i_139_n_0
    SLICE_X37Y50         LUT6 (Prop_lut6_I5_O)        0.326     5.668 r  u_soc/u_core/u_if_stage/mem_reg_0_255_0_0_i_81/O
                         net (fo=123, routed)         1.584     7.251    u_soc/u_core/u_if_stage/alu_b[3]
    SLICE_X41Y64         LUT6 (Prop_lut6_I2_O)        0.124     7.375 r  u_soc/u_core/u_if_stage/mem_reg_0_255_0_0_i_125/O
                         net (fo=6, routed)           0.617     7.992    u_soc/u_core/u_if_stage/mem_reg_0_255_0_0_i_125_n_0
    SLICE_X44Y65         LUT6 (Prop_lut6_I5_O)        0.124     8.116 r  u_soc/u_core/u_if_stage/mem_reg_0_255_0_0_i_172/O
                         net (fo=2, routed)           0.646     8.763    u_soc/u_core/u_if_stage/mem_reg_0_255_0_0_i_172_n_0
    SLICE_X44Y66         LUT3 (Prop_lut3_I0_O)        0.150     8.913 r  u_soc/u_core/u_if_stage/mem_reg_0_255_0_0_i_136/O
                         net (fo=2, routed)           0.578     9.491    u_soc/u_core/u_if_stage/mem_reg_0_255_0_0_i_136_n_0
    SLICE_X41Y68         LUT6 (Prop_lut6_I0_O)        0.326     9.817 r  u_soc/u_core/u_if_stage/mem_reg_0_255_0_0_i_78/O
                         net (fo=1, routed)           0.292    10.109    u_soc/u_core/u_if_stage/mem_reg_0_255_0_0_i_78_n_0
    SLICE_X41Y69         LUT6 (Prop_lut6_I5_O)        0.124    10.233 r  u_soc/u_core/u_if_stage/mem_reg_0_255_0_0_i_31/O
                         net (fo=25, routed)          1.451    11.684    u_soc/u_core/u_if_stage/mem_reg_0_255_0_0_i_31_n_0
    SLICE_X41Y82         LUT5 (Prop_lut5_I2_O)        0.124    11.808 r  u_soc/u_core/u_if_stage/mem_reg_1024_1279_28_28_i_6/O
                         net (fo=168, routed)         2.671    14.478    u_soc/u_dmem/mem_reg_1536_1791_28_28/A2
    SLICE_X38Y132        RAMS64E (Prop_rams64e_ADR2_O)
                                                      0.124    14.602 r  u_soc/u_dmem/mem_reg_1536_1791_28_28/RAMS64E_D/O
                         net (fo=1, routed)           0.000    14.602    u_soc/u_dmem/mem_reg_1536_1791_28_28/OD
    SLICE_X38Y132        MUXF7 (Prop_muxf7_I0_O)      0.241    14.843 r  u_soc/u_dmem/mem_reg_1536_1791_28_28/F7.B/O
                         net (fo=1, routed)           0.000    14.843    u_soc/u_dmem/mem_reg_1536_1791_28_28/O0
    SLICE_X38Y132        MUXF8 (Prop_muxf8_I0_O)      0.098    14.941 r  u_soc/u_dmem/mem_reg_1536_1791_28_28/F8/O
                         net (fo=1, routed)           1.272    16.213    u_soc/u_dmem/mem_reg_1536_1791_28_28_n_0
    SLICE_X40Y114        LUT6 (Prop_lut6_I1_O)        0.319    16.532 r  u_soc/u_dmem/regs_reg_r1_0_31_24_29_i_104/O
                         net (fo=1, routed)           0.000    16.532    u_soc/u_dmem/regs_reg_r1_0_31_24_29_i_104_n_0
    SLICE_X40Y114        MUXF7 (Prop_muxf7_I1_O)      0.245    16.777 r  u_soc/u_dmem/regs_reg_r1_0_31_24_29_i_56/O
                         net (fo=2, routed)           0.992    17.769    u_soc/u_dmem/regs_reg_r1_0_31_24_29_i_56_n_0
    SLICE_X40Y105        LUT6 (Prop_lut6_I5_O)        0.298    18.067 r  u_soc/u_dmem/regs_reg_r1_0_31_24_29_i_32/O
                         net (fo=1, routed)           1.111    19.178    u_soc/u_core/u_if_stage/rdata[25]
    SLICE_X41Y80         LUT6 (Prop_lut6_I0_O)        0.124    19.302 r  u_soc/u_core/u_if_stage/regs_reg_r1_0_31_24_29_i_23/O
                         net (fo=2, routed)           1.313    20.615    u_soc/u_core/u_if_stage/dmem_rdata[28]
    SLICE_X43Y63         LUT6 (Prop_lut6_I1_O)        0.124    20.739 r  u_soc/u_core/u_if_stage/regs_reg_r1_0_31_12_17_i_9/O
                         net (fo=1, routed)           0.638    21.378    u_soc/u_core/u_if_stage/regs_reg_r1_0_31_12_17_i_9_n_0
    SLICE_X43Y54         LUT6 (Prop_lut6_I1_O)        0.124    21.502 r  u_soc/u_core/u_if_stage/regs_reg_r1_0_31_12_17_i_2/O
                         net (fo=2, routed)           0.734    22.235    u_soc/u_core/u_regfile/regs_reg_r2_0_31_12_17/DIA0
    SLICE_X50Y46         RAMD32                                       r  u_soc/u_core/u_regfile/regs_reg_r2_0_31_12_17/RAMA/I
  -------------------------------------------------------------------    -------------------

                         (clock core_clk_40 rise edge)
                                                     25.000    25.000 r  <hidden>
    H16                                               0.000    25.000 r  clk
                         net (fo=0)                   0.000    25.000    clk
    H16                  IBUF (Prop_ibuf_I_O)         1.380    26.380 r  clk_IBUF_inst/O
                         net (fo=1, routed)           1.162    27.542    clk_IBUF
    MMCME2_ADV_X1Y2      MMCME2_ADV (Prop_mmcme2_adv_CLKIN1_CLKOUT0)
                                                     -7.814    19.728 r  u_mmcm/CLKOUT0
                         net (fo=1, routed)           2.012    21.740    clk_40_raw
    BUFGCTRL_X0Y16       BUFG (Prop_bufg_I_O)         0.091    21.831 r  u_core_clk_bufg/O
                         net (fo=4632, routed)        1.482    23.314    u_soc/u_core/u_regfile/regs_reg_r2_0_31_12_17/WCLK
    SLICE_X50Y46         RAMD32                                       r  u_soc/u_core/u_regfile/regs_reg_r2_0_31_12_17/RAMA/CLK
                         clock pessimism              0.466    23.780    <hidden>
                         clock uncertainty           -0.082    23.698    <hidden>
    SLICE_X50Y46         RAMD32 (Setup_ramd32_CLK_I)
                                                     -0.161    23.537    u_soc/u_core/u_regfile/regs_reg_r2_0_31_12_17/RAMA
  -------------------------------------------------------------------
                         required time                         23.537    <hidden>
                         arrival time                         -22.235    <hidden>
  -------------------------------------------------------------------
                         slack                                  1.302    <hidden>

Slack (MET) :             1.375ns  (required time - arrival time)
  Source:                 u_soc/u_imem/rdata_reg_1/CLKARDCLK
                            (rising edge-triggered cell RAMB36E1 clocked by core_clk_40  {rise@0.000ns fall@12.500ns period=25.000ns})
  Destination:            u_soc/u_core/u_regfile/regs_reg_r2_0_31_0_5/RAMB_D1/I
                            (rising edge-triggered cell RAMD32 clocked by core_clk_40  {rise@0.000ns fall@12.500ns period=25.000ns})
  Path Group:             core_clk_40
  Path Type:              Setup (Max at Slow Process Corner)
  Requirement:            25.000ns  (core_clk_40 rise@25.000ns - core_clk_40 rise@0.000ns)
  Data Path Delay:        23.130ns  (logic 5.938ns (25.672%)  route 17.192ns (74.328%))
  Logic Levels:           18  (LUT3=1 LUT5=2 LUT6=10 MUXF7=2 MUXF8=2 RAMS64E=1)
  Clock Path Skew:        -0.185ns (DCD - SCD + CPR)
    Destination Clock Delay (DCD):    -1.672ns = ( 23.328 - 25.000 )
    Source Clock Delay      (SCD):    -0.920ns
    Clock Pessimism Removal (CPR):    0.567ns
  Clock Uncertainty:      0.082ns  ((TSJ^2 + DJ^2)^1/2) / 2 + PE
    Total System Jitter     (TSJ):    0.071ns
    Discrete Jitter          (DJ):    0.147ns
    Phase Error              (PE):    0.000ns

    Location             Delay type                Incr(ns)  Path(ns)    Netlist Resource(s)
  -------------------------------------------------------------------    -------------------
                         (clock core_clk_40 rise edge)
                                                      0.000     0.000 r  <hidden>
    H16                                               0.000     0.000 r  clk
                         net (fo=0)                   0.000     0.000    clk
    H16                  IBUF (Prop_ibuf_I_O)         1.451     1.451 r  clk_IBUF_inst/O
                         net (fo=1, routed)           1.285     2.736    clk_IBUF
    MMCME2_ADV_X1Y2      MMCME2_ADV (Prop_mmcme2_adv_CLKIN1_CLKOUT0)
                                                     -7.759    -5.023 r  u_mmcm/CLKOUT0
                         net (fo=1, routed)           2.206    -2.817    clk_40_raw
    BUFGCTRL_X0Y16       BUFG (Prop_bufg_I_O)         0.101    -2.716 r  u_core_clk_bufg/O
                         net (fo=4632, routed)        1.796    -0.920    u_soc/u_imem/clk_40
    RAMB36_X1Y9          RAMB36E1                                     r  u_soc/u_imem/rdata_reg_1/CLKARDCLK
  -------------------------------------------------------------------    -------------------
    RAMB36_X1Y9          RAMB36E1 (Prop_ramb36e1_CLKARDCLK_DOADO[2])
                                                      2.454     1.534 r  u_soc/u_imem/rdata_reg_1/DOADO[2]
                         net (fo=5, routed)           1.674     3.208    u_soc/u_core/u_if_stage/pc[31]_i_17_0[6]
    SLICE_X31Y50         LUT6 (Prop_lut6_I0_O)        0.124     3.332 r  u_soc/u_core/u_if_stage/regs_reg_r1_0_31_0_5_i_91/O
                         net (fo=10, routed)          0.947     4.279    u_soc/u_core/u_if_stage/regs_reg_r1_0_31_0_5_i_91_n_0
    SLICE_X35Y53         LUT5 (Prop_lut5_I2_O)        0.150     4.429 r  u_soc/u_core/u_if_stage/mem_reg_0_255_0_0_i_139/O
                         net (fo=3, routed)           0.912     5.342    u_soc/u_core/u_if_stage/mem_reg_0_255_0_0_i_139_n_0
    SLICE_X37Y50         LUT6 (Prop_lut6_I5_O)        0.326     5.668 r  u_soc/u_core/u_if_stage/mem_reg_0_255_0_0_i_81/O
                         net (fo=123, routed)         1.584     7.251    u_soc/u_core/u_if_stage/alu_b[3]
    SLICE_X41Y64         LUT6 (Prop_lut6_I2_O)        0.124     7.375 r  u_soc/u_core/u_if_stage/mem_reg_0_255_0_0_i_125/O
                         net (fo=6, routed)           0.617     7.992    u_soc/u_core/u_if_stage/mem_reg_0_255_0_0_i_125_n_0
    SLICE_X44Y65         LUT6 (Prop_lut6_I5_O)        0.124     8.116 r  u_soc/u_core/u_if_stage/mem_reg_0_255_0_0_i_172/O
                         net (fo=2, routed)           0.646     8.763    u_soc/u_core/u_if_stage/mem_reg_0_255_0_0_i_172_n_0
    SLICE_X44Y66         LUT3 (Prop_lut3_I0_O)        0.150     8.913 r  u_soc/u_core/u_if_stage/mem_reg_0_255_0_0_i_136/O
                         net (fo=2, routed)           0.578     9.491    u_soc/u_core/u_if_stage/mem_reg_0_255_0_0_i_136_n_0
    SLICE_X41Y68         LUT6 (Prop_lut6_I0_O)        0.326     9.817 r  u_soc/u_core/u_if_stage/mem_reg_0_255_0_0_i_78/O
                         net (fo=1, routed)           0.292    10.109    u_soc/u_core/u_if_stage/mem_reg_0_255_0_0_i_78_n_0
    SLICE_X41Y69         LUT6 (Prop_lut6_I5_O)        0.124    10.233 r  u_soc/u_core/u_if_stage/mem_reg_0_255_0_0_i_31/O
                         net (fo=25, routed)          1.451    11.684    u_soc/u_core/u_if_stage/mem_reg_0_255_0_0_i_31_n_0
    SLICE_X41Y82         LUT5 (Prop_lut5_I2_O)        0.154    11.838 r  u_soc/u_core/u_if_stage/mem_reg_6656_6911_26_26_i_6/O
                         net (fo=168, routed)         2.471    14.309    u_soc/u_dmem/mem_reg_2560_2815_27_27/A2
    SLICE_X42Y136        RAMS64E (Prop_rams64e_ADR2_O)
                                                      0.348    14.657 r  u_soc/u_dmem/mem_reg_2560_2815_27_27/RAMS64E_C/O
                         net (fo=1, routed)           0.000    14.657    u_soc/u_dmem/mem_reg_2560_2815_27_27/OC
    SLICE_X42Y136        MUXF7 (Prop_muxf7_I1_O)      0.247    14.904 r  u_soc/u_dmem/mem_reg_2560_2815_27_27/F7.B/O
                         net (fo=1, routed)           0.000    14.904    u_soc/u_dmem/mem_reg_2560_2815_27_27/O0
    SLICE_X42Y136        MUXF8 (Prop_muxf8_I0_O)      0.098    15.002 r  u_soc/u_dmem/mem_reg_2560_2815_27_27/F8/O
                         net (fo=1, routed)           1.816    16.818    u_soc/u_dmem/mem_reg_2560_2815_27_27_n_0
    SLICE_X39Y109        LUT6 (Prop_lut6_I1_O)        0.319    17.137 r  u_soc/u_dmem/regs_reg_r1_0_31_24_29_i_77/O
                         net (fo=1, routed)           0.000    17.137    u_soc/u_dmem/regs_reg_r1_0_31_24_29_i_77_n_0
    SLICE_X39Y109        MUXF7 (Prop_muxf7_I0_O)      0.212    17.349 r  u_soc/u_dmem/regs_reg_r1_0_31_24_29_i_43/O
                         net (fo=2, routed)           0.000    17.349    u_soc/u_dmem/regs_reg_r1_0_31_24_29_i_43_n_0
    SLICE_X39Y109        MUXF8 (Prop_muxf8_I1_O)      0.094    17.443 r  u_soc/u_dmem/regs_reg_r1_0_31_0_5_i_127/O
                         net (fo=1, routed)           1.650    19.093    u_soc/u_core/u_if_stage/regs_reg_r1_0_31_0_5_i_30_6
    SLICE_X40Y82         LUT6 (Prop_lut6_I2_O)        0.316    19.409 r  u_soc/u_core/u_if_stage/regs_reg_r1_0_31_0_5_i_69/O
                         net (fo=1, routed)           0.794    20.203    u_soc/u_core/u_if_stage/regs_reg_r1_0_31_0_5_i_69_n_0
    SLICE_X44Y77         LUT6 (Prop_lut6_I4_O)        0.124    20.327 r  u_soc/u_core/u_if_stage/regs_reg_r1_0_31_0_5_i_30/O
                         net (fo=1, routed)           1.037    21.365    u_soc/u_core/u_if_stage/regs_reg_r1_0_31_0_5_i_30_n_0
    SLICE_X44Y55         LUT6 (Prop_lut6_I1_O)        0.124    21.489 r  u_soc/u_core/u_if_stage/regs_reg_r1_0_31_0_5_i_4/O
                         net (fo=2, routed)           0.722    22.210    u_soc/u_core/u_regfile/regs_reg_r2_0_31_0_5/DIB1
    SLICE_X38Y47         RAMD32                                       r  u_soc/u_core/u_regfile/regs_reg_r2_0_31_0_5/RAMB_D1/I
  -------------------------------------------------------------------    -------------------

                         (clock core_clk_40 rise edge)
                                                     25.000    25.000 r  <hidden>
    H16                                               0.000    25.000 r  clk
                         net (fo=0)                   0.000    25.000    clk
    H16                  IBUF (Prop_ibuf_I_O)         1.380    26.380 r  clk_IBUF_inst/O
                         net (fo=1, routed)           1.162    27.542    clk_IBUF
    MMCME2_ADV_X1Y2      MMCME2_ADV (Prop_mmcme2_adv_CLKIN1_CLKOUT0)
                                                     -7.814    19.728 r  u_mmcm/CLKOUT0
                         net (fo=1, routed)           2.012    21.740    clk_40_raw
    BUFGCTRL_X0Y16       BUFG (Prop_bufg_I_O)         0.091    21.831 r  u_core_clk_bufg/O
                         net (fo=4632, routed)        1.496    23.328    u_soc/u_core/u_regfile/regs_reg_r2_0_31_0_5/WCLK
    SLICE_X38Y47         RAMD32                                       r  u_soc/u_core/u_regfile/regs_reg_r2_0_31_0_5/RAMB_D1/CLK
                         clock pessimism              0.567    23.895    <hidden>
                         clock uncertainty           -0.082    23.813    <hidden>
    SLICE_X38Y47         RAMD32 (Setup_ramd32_CLK_I)
                                                     -0.228    23.585    u_soc/u_core/u_regfile/regs_reg_r2_0_31_0_5/RAMB_D1
  -------------------------------------------------------------------
                         required time                         23.585    <hidden>
                         arrival time                         -22.210    <hidden>
  -------------------------------------------------------------------
                         slack                                  1.375    <hidden>

Slack (MET) :             1.383ns  (required time - arrival time)
  Source:                 u_soc/u_imem/rdata_reg_3/CLKARDCLK
                            (rising edge-triggered cell RAMB36E1 clocked by core_clk_40  {rise@0.000ns fall@12.500ns period=25.000ns})
  Destination:            u_soc/u_core/u_regfile/regs_reg_r2_0_31_0_5/RAMB/I
                            (rising edge-triggered cell RAMD32 clocked by core_clk_40  {rise@0.000ns fall@12.500ns period=25.000ns})
  Path Group:             core_clk_40
  Path Type:              Setup (Max at Slow Process Corner)
  Requirement:            25.000ns  (core_clk_40 rise@25.000ns - core_clk_40 rise@0.000ns)
  Data Path Delay:        23.166ns  (logic 5.750ns (24.822%)  route 17.416ns (75.178%))
  Logic Levels:           17  (LUT4=1 LUT5=2 LUT6=9 MUXF7=2 MUXF8=1 RAMD32=1 RAMS64E=1)
  Clock Path Skew:        -0.184ns (DCD - SCD + CPR)
    Destination Clock Delay (DCD):    -1.672ns = ( 23.328 - 25.000 )
    Source Clock Delay      (SCD):    -0.921ns
    Clock Pessimism Removal (CPR):    0.567ns
  Clock Uncertainty:      0.082ns  ((TSJ^2 + DJ^2)^1/2) / 2 + PE
    Total System Jitter     (TSJ):    0.071ns
    Discrete Jitter          (DJ):    0.147ns
    Phase Error              (PE):    0.000ns

    Location             Delay type                Incr(ns)  Path(ns)    Netlist Resource(s)
  -------------------------------------------------------------------    -------------------
                         (clock core_clk_40 rise edge)
                                                      0.000     0.000 r  <hidden>
    H16                                               0.000     0.000 r  clk
                         net (fo=0)                   0.000     0.000    clk
    H16                  IBUF (Prop_ibuf_I_O)         1.451     1.451 r  clk_IBUF_inst/O
                         net (fo=1, routed)           1.285     2.736    clk_IBUF
    MMCME2_ADV_X1Y2      MMCME2_ADV (Prop_mmcme2_adv_CLKIN1_CLKOUT0)
                                                     -7.759    -5.023 r  u_mmcm/CLKOUT0
                         net (fo=1, routed)           2.206    -2.817    clk_40_raw
    BUFGCTRL_X0Y16       BUFG (Prop_bufg_I_O)         0.101    -2.716 r  u_core_clk_bufg/O
                         net (fo=4632, routed)        1.795    -0.921    u_soc/u_imem/clk_40
    RAMB36_X1Y8          RAMB36E1                                     r  u_soc/u_imem/rdata_reg_3/CLKARDCLK
  -------------------------------------------------------------------    -------------------
    RAMB36_X1Y8          RAMB36E1 (Prop_ramb36e1_CLKARDCLK_DOADO[3])
                                                      2.454     1.533 r  u_soc/u_imem/rdata_reg_3/DOADO[3]
                         net (fo=2, routed)           1.550     3.084    u_soc/u_core/u_if_stage/pc[31]_i_17_0[15]
    SLICE_X35Y48         LUT4 (Prop_lut4_I1_O)        0.124     3.208 r  u_soc/u_core/u_if_stage/regs_reg_r1_0_31_0_5_i_12/O
                         net (fo=35, routed)          1.246     4.454    u_soc/u_core/u_regfile/regs_reg_r1_0_31_12_17/ADDRA0
    SLICE_X38Y49         RAMD32 (Prop_ramd32_RADR0_O)
                                                      0.150     4.604 r  u_soc/u_core/u_regfile/regs_reg_r1_0_31_12_17/RAMA/O
                         net (fo=3, routed)           1.093     5.697    u_soc/u_core/u_if_stage/rdata10[12]
    SLICE_X39Y56         LUT5 (Prop_lut5_I3_O)        0.328     6.025 r  u_soc/u_core/u_if_stage/pc[12]_i_8/O
                         net (fo=18, routed)          1.330     7.355    u_soc/u_core/u_if_stage/alu_a[12]
    SLICE_X41Y64         LUT6 (Prop_lut6_I1_O)        0.124     7.479 r  u_soc/u_core/u_if_stage/mem_reg_0_255_0_0_i_140/O
                         net (fo=5, routed)           0.975     8.454    u_soc/u_core/u_if_stage/mem_reg_0_255_0_0_i_140_n_0
    SLICE_X43Y66         LUT6 (Prop_lut6_I1_O)        0.124     8.578 r  u_soc/u_core/u_if_stage/mem_reg_0_255_0_0_i_156/O
                         net (fo=2, routed)           0.868     9.445    u_soc/u_core/u_if_stage/mem_reg_0_255_0_0_i_156_n_0
    SLICE_X43Y70         LUT6 (Prop_lut6_I2_O)        0.124     9.569 r  u_soc/u_core/u_if_stage/mem_reg_0_255_0_0_i_90/O
                         net (fo=1, routed)           0.435    10.004    u_soc/u_core/u_if_stage/mem_reg_0_255_0_0_i_90_n_0
    SLICE_X43Y71         LUT6 (Prop_lut6_I5_O)        0.124    10.128 r  u_soc/u_core/u_if_stage/mem_reg_0_255_0_0_i_37/O
                         net (fo=29, routed)          1.449    11.578    u_soc/u_core/u_if_stage/mem_reg_0_255_0_0_i_37_n_0
    SLICE_X41Y91         LUT5 (Prop_lut5_I2_O)        0.150    11.728 r  u_soc/u_core/u_if_stage/mem_reg_4096_4351_10_10_i_2/O
                         net (fo=164, routed)         2.320    14.048    u_soc/u_dmem/mem_reg_512_767_18_18/A0
    SLICE_X90Y90         RAMS64E (Prop_rams64e_ADR0_O)
                                                      0.519    14.567 r  u_soc/u_dmem/mem_reg_512_767_18_18/RAMS64E_A/O
                         net (fo=1, routed)           0.000    14.567    u_soc/u_dmem/mem_reg_512_767_18_18/OA
    SLICE_X90Y90         MUXF7 (Prop_muxf7_I1_O)      0.214    14.781 r  u_soc/u_dmem/mem_reg_512_767_18_18/F7.A/O
                         net (fo=1, routed)           0.000    14.781    u_soc/u_dmem/mem_reg_512_767_18_18/O1
    SLICE_X90Y90         MUXF8 (Prop_muxf8_I1_O)      0.088    14.869 r  u_soc/u_dmem/mem_reg_512_767_18_18/F8/O
                         net (fo=1, routed)           1.834    16.703    u_soc/u_dmem/mem_reg_512_767_18_18_n_0
    SLICE_X49Y91         LUT6 (Prop_lut6_I1_O)        0.319    17.022 r  u_soc/u_dmem/regs_reg_r1_0_31_18_23_i_70/O
                         net (fo=1, routed)           0.000    17.022    u_soc/u_dmem/regs_reg_r1_0_31_18_23_i_70_n_0
    SLICE_X49Y91         MUXF7 (Prop_muxf7_I0_O)      0.238    17.260 r  u_soc/u_dmem/regs_reg_r1_0_31_18_23_i_39/O
                         net (fo=2, routed)           0.501    17.761    u_soc/u_dmem/regs_reg_r1_0_31_18_23_i_39_n_0
    SLICE_X48Y91         LUT6 (Prop_lut6_I5_O)        0.298    18.059 r  u_soc/u_dmem/regs_reg_r1_0_31_18_23_i_26/O
                         net (fo=2, routed)           1.080    19.139    u_soc/u_dmem/regs_reg_r1_0_31_30_31_i_9__0_0[15]
    SLICE_X48Y81         LUT6 (Prop_lut6_I0_O)        0.124    19.263 r  u_soc/u_dmem/regs_reg_r1_0_31_0_5_i_72/O
                         net (fo=1, routed)           0.674    19.937    u_soc/u_core/u_if_stage/regs_reg_r1_0_31_0_5_i_5_0
    SLICE_X48Y81         LUT6 (Prop_lut6_I0_O)        0.124    20.061 r  u_soc/u_core/u_if_stage/regs_reg_r1_0_31_0_5_i_34/O
                         net (fo=1, routed)           0.882    20.943    u_soc/u_core/u_if_stage/regs_reg_r1_0_31_0_5_i_34_n_0
    SLICE_X48Y66         LUT6 (Prop_lut6_I1_O)        0.124    21.067 r  u_soc/u_core/u_if_stage/regs_reg_r1_0_31_0_5_i_5/O
                         net (fo=2, routed)           1.178    22.245    u_soc/u_core/u_regfile/regs_reg_r2_0_31_0_5/DIB0
    SLICE_X38Y47         RAMD32                                       r  u_soc/u_core/u_regfile/regs_reg_r2_0_31_0_5/RAMB/I
  -------------------------------------------------------------------    -------------------

                         (clock core_clk_40 rise edge)
                                                     25.000    25.000 r  <hidden>
    H16                                               0.000    25.000 r  clk
                         net (fo=0)                   0.000    25.000    clk
    H16                  IBUF (Prop_ibuf_I_O)         1.380    26.380 r  clk_IBUF_inst/O
                         net (fo=1, routed)           1.162    27.542    clk_IBUF
    MMCME2_ADV_X1Y2      MMCME2_ADV (Prop_mmcme2_adv_CLKIN1_CLKOUT0)
                                                     -7.814    19.728 r  u_mmcm/CLKOUT0
                         net (fo=1, routed)           2.012    21.740    clk_40_raw
    BUFGCTRL_X0Y16       BUFG (Prop_bufg_I_O)         0.091    21.831 r  u_core_clk_bufg/O
                         net (fo=4632, routed)        1.496    23.328    u_soc/u_core/u_regfile/regs_reg_r2_0_31_0_5/WCLK
    SLICE_X38Y47         RAMD32                                       r  u_soc/u_core/u_regfile/regs_reg_r2_0_31_0_5/RAMB/CLK
                         clock pessimism              0.567    23.895    <hidden>
                         clock uncertainty           -0.082    23.813    <hidden>
    SLICE_X38Y47         RAMD32 (Setup_ramd32_CLK_I)
                                                     -0.185    23.628    u_soc/u_core/u_regfile/regs_reg_r2_0_31_0_5/RAMB
  -------------------------------------------------------------------
                         required time                         23.628    <hidden>
                         arrival time                         -22.245    <hidden>
  -------------------------------------------------------------------
                         slack                                  1.383    <hidden>

Slack (MET) :             1.388ns  (required time - arrival time)
  Source:                 u_soc/u_imem/rdata_reg_3/CLKARDCLK
                            (rising edge-triggered cell RAMB36E1 clocked by core_clk_40  {rise@0.000ns fall@12.500ns period=25.000ns})
  Destination:            u_soc/u_core/u_regfile/regs_reg_r2_0_31_0_5/RAMC_D1/I
                            (rising edge-triggered cell RAMD32 clocked by core_clk_40  {rise@0.000ns fall@12.500ns period=25.000ns})
  Path Group:             core_clk_40
  Path Type:              Setup (Max at Slow Process Corner)
  Requirement:            25.000ns  (core_clk_40 rise@25.000ns - core_clk_40 rise@0.000ns)
  Data Path Delay:        23.097ns  (logic 5.907ns (25.575%)  route 17.190ns (74.425%))
  Logic Levels:           18  (LUT3=1 LUT4=1 LUT5=2 LUT6=9 MUXF7=2 MUXF8=1 RAMD32=1 RAMS64E=1)
  Clock Path Skew:        -0.184ns (DCD - SCD + CPR)
    Destination Clock Delay (DCD):    -1.672ns = ( 23.328 - 25.000 )
    Source Clock Delay      (SCD):    -0.921ns
    Clock Pessimism Removal (CPR):    0.567ns
  Clock Uncertainty:      0.082ns  ((TSJ^2 + DJ^2)^1/2) / 2 + PE
    Total System Jitter     (TSJ):    0.071ns
    Discrete Jitter          (DJ):    0.147ns
    Phase Error              (PE):    0.000ns

    Location             Delay type                Incr(ns)  Path(ns)    Netlist Resource(s)
  -------------------------------------------------------------------    -------------------
                         (clock core_clk_40 rise edge)
                                                      0.000     0.000 r  <hidden>
    H16                                               0.000     0.000 r  clk
                         net (fo=0)                   0.000     0.000    clk
    H16                  IBUF (Prop_ibuf_I_O)         1.451     1.451 r  clk_IBUF_inst/O
                         net (fo=1, routed)           1.285     2.736    clk_IBUF
    MMCME2_ADV_X1Y2      MMCME2_ADV (Prop_mmcme2_adv_CLKIN1_CLKOUT0)
                                                     -7.759    -5.023 r  u_mmcm/CLKOUT0
                         net (fo=1, routed)           2.206    -2.817    clk_40_raw
    BUFGCTRL_X0Y16       BUFG (Prop_bufg_I_O)         0.101    -2.716 r  u_core_clk_bufg/O
                         net (fo=4632, routed)        1.795    -0.921    u_soc/u_imem/clk_40
    RAMB36_X1Y8          RAMB36E1                                     r  u_soc/u_imem/rdata_reg_3/CLKARDCLK
  -------------------------------------------------------------------    -------------------
    RAMB36_X1Y8          RAMB36E1 (Prop_ramb36e1_CLKARDCLK_DOADO[3])
                                                      2.454     1.533 r  u_soc/u_imem/rdata_reg_3/DOADO[3]
                         net (fo=2, routed)           1.550     3.084    u_soc/u_core/u_if_stage/pc[31]_i_17_0[15]
    SLICE_X35Y48         LUT4 (Prop_lut4_I1_O)        0.124     3.208 r  u_soc/u_core/u_if_stage/regs_reg_r1_0_31_0_5_i_12/O
                         net (fo=35, routed)          1.261     4.468    u_soc/u_core/u_regfile/regs_reg_r1_0_31_18_23/ADDRC0
    SLICE_X38Y45         RAMD32 (Prop_ramd32_RADR0_O)
                                                      0.153     4.621 r  u_soc/u_core/u_regfile/regs_reg_r1_0_31_18_23/RAMC/O
                         net (fo=3, routed)           1.011     5.632    u_soc/u_core/u_if_stage/rdata10[22]
    SLICE_X37Y54         LUT5 (Prop_lut5_I3_O)        0.331     5.963 r  u_soc/u_core/u_if_stage/pc[22]_i_7/O
                         net (fo=20, routed)          1.175     7.138    u_soc/u_core/u_if_stage/alu_a[22]
    SLICE_X37Y60         LUT6 (Prop_lut6_I3_O)        0.124     7.262 r  u_soc/u_core/u_if_stage/mem_reg_0_255_0_0_i_132/O
                         net (fo=7, routed)           0.946     8.208    u_soc/u_core/u_if_stage/mem_reg_0_255_0_0_i_132_n_0
    SLICE_X43Y65         LUT6 (Prop_lut6_I5_O)        0.124     8.332 r  u_soc/u_core/u_if_stage/mem_reg_0_255_0_0_i_174/O
                         net (fo=1, routed)           0.682     9.014    u_soc/u_core/u_if_stage/mem_reg_0_255_0_0_i_174_n_0
    SLICE_X43Y66         LUT3 (Prop_lut3_I2_O)        0.150     9.164 r  u_soc/u_core/u_if_stage/mem_reg_0_255_0_0_i_133/O
                         net (fo=2, routed)           0.425     9.589    u_soc/u_core/u_if_stage/mem_reg_0_255_0_0_i_133_n_0
    SLICE_X43Y67         LUT6 (Prop_lut6_I0_O)        0.326     9.915 r  u_soc/u_core/u_if_stage/mem_reg_0_255_0_0_i_73/O
                         net (fo=1, routed)           0.471    10.386    u_soc/u_core/u_if_stage/mem_reg_0_255_0_0_i_73_n_0
    SLICE_X41Y67         LUT6 (Prop_lut6_I5_O)        0.124    10.510 r  u_soc/u_core/u_if_stage/mem_reg_0_255_0_0_i_28/O
                         net (fo=25, routed)          1.124    11.634    u_soc/u_core/u_if_stage/mem_reg_0_255_0_0_i_28_n_0
    SLICE_X40Y80         LUT5 (Prop_lut5_I2_O)        0.118    11.752 r  u_soc/u_core/u_if_stage/mem_reg_4608_4863_21_21_i_5/O
                         net (fo=168, routed)         2.291    14.043    u_soc/u_dmem/mem_reg_7680_7935_21_21/A3
    SLICE_X50Y123        RAMS64E (Prop_rams64e_ADR3_O)
                                                      0.327    14.370 r  u_soc/u_dmem/mem_reg_7680_7935_21_21/RAMS64E_C/O
                         net (fo=1, routed)           0.000    14.370    u_soc/u_dmem/mem_reg_7680_7935_21_21/OC
    SLICE_X50Y123        MUXF7 (Prop_muxf7_I1_O)      0.247    14.617 r  u_soc/u_dmem/mem_reg_7680_7935_21_21/F7.B/O
                         net (fo=1, routed)           0.000    14.617    u_soc/u_dmem/mem_reg_7680_7935_21_21/O0
    SLICE_X50Y123        MUXF8 (Prop_muxf8_I0_O)      0.098    14.715 r  u_soc/u_dmem/mem_reg_7680_7935_21_21/F8/O
                         net (fo=1, routed)           1.545    16.260    u_soc/u_dmem/mem_reg_7680_7935_21_21_n_0
    SLICE_X52Y95         LUT6 (Prop_lut6_I1_O)        0.319    16.579 r  u_soc/u_dmem/regs_reg_r1_0_31_18_23_i_73/O
                         net (fo=1, routed)           0.000    16.579    u_soc/u_dmem/regs_reg_r1_0_31_18_23_i_73_n_0
    SLICE_X52Y95         MUXF7 (Prop_muxf7_I1_O)      0.217    16.796 r  u_soc/u_dmem/regs_reg_r1_0_31_18_23_i_40/O
                         net (fo=2, routed)           0.793    17.589    u_soc/u_dmem/regs_reg_r1_0_31_18_23_i_40_n_0
    SLICE_X51Y95         LUT6 (Prop_lut6_I0_O)        0.299    17.888 r  u_soc/u_dmem/regs_reg_r1_0_31_18_23_i_28/O
                         net (fo=2, routed)           0.976    18.864    u_soc/u_dmem/regs_reg_r1_0_31_30_31_i_9__0_0[18]
    SLICE_X47Y85         LUT6 (Prop_lut6_I0_O)        0.124    18.988 r  u_soc/u_dmem/regs_reg_r1_0_31_0_5_i_78/O
                         net (fo=1, routed)           0.734    19.722    u_soc/u_core/u_if_stage/regs_reg_r1_0_31_0_5_i_6_0
    SLICE_X44Y85         LUT6 (Prop_lut6_I0_O)        0.124    19.846 r  u_soc/u_core/u_if_stage/regs_reg_r1_0_31_0_5_i_38/O
                         net (fo=1, routed)           1.152    20.998    u_soc/u_core/u_if_stage/regs_reg_r1_0_31_0_5_i_38_n_0
    SLICE_X44Y62         LUT6 (Prop_lut6_I1_O)        0.124    21.122 r  u_soc/u_core/u_if_stage/regs_reg_r1_0_31_0_5_i_6/O
                         net (fo=2, routed)           1.054    22.176    u_soc/u_core/u_regfile/regs_reg_r2_0_31_0_5/DIC1
    SLICE_X38Y47         RAMD32                                       r  u_soc/u_core/u_regfile/regs_reg_r2_0_31_0_5/RAMC_D1/I
  -------------------------------------------------------------------    -------------------

                         (clock core_clk_40 rise edge)
                                                     25.000    25.000 r  <hidden>
    H16                                               0.000    25.000 r  clk
                         net (fo=0)                   0.000    25.000    clk
    H16                  IBUF (Prop_ibuf_I_O)         1.380    26.380 r  clk_IBUF_inst/O
                         net (fo=1, routed)           1.162    27.542    clk_IBUF
    MMCME2_ADV_X1Y2      MMCME2_ADV (Prop_mmcme2_adv_CLKIN1_CLKOUT0)
                                                     -7.814    19.728 r  u_mmcm/CLKOUT0
                         net (fo=1, routed)           2.012    21.740    clk_40_raw
    BUFGCTRL_X0Y16       BUFG (Prop_bufg_I_O)         0.091    21.831 r  u_core_clk_bufg/O
                         net (fo=4632, routed)        1.496    23.328    u_soc/u_core/u_regfile/regs_reg_r2_0_31_0_5/WCLK
    SLICE_X38Y47         RAMD32                                       r  u_soc/u_core/u_regfile/regs_reg_r2_0_31_0_5/RAMC_D1/CLK
                         clock pessimism              0.567    23.895    <hidden>
                         clock uncertainty           -0.082    23.813    <hidden>
    SLICE_X38Y47         RAMD32 (Setup_ramd32_CLK_I)
                                                     -0.249    23.564    u_soc/u_core/u_regfile/regs_reg_r2_0_31_0_5/RAMC_D1
  -------------------------------------------------------------------
                         required time                         23.564    <hidden>
                         arrival time                         -22.176    <hidden>
  -------------------------------------------------------------------
                         slack                                  1.388    <hidden>

Slack (MET) :             1.432ns  (required time - arrival time)
  Source:                 u_soc/u_imem/rdata_reg_3/CLKARDCLK
                            (rising edge-triggered cell RAMB36E1 clocked by core_clk_40  {rise@0.000ns fall@12.500ns period=25.000ns})
  Destination:            u_soc/u_core/u_regfile/regs_reg_r1_0_31_0_5/RAMC/I
                            (rising edge-triggered cell RAMD32 clocked by core_clk_40  {rise@0.000ns fall@12.500ns period=25.000ns})
  Path Group:             core_clk_40
  Path Type:              Setup (Max at Slow Process Corner)
  Requirement:            25.000ns  (core_clk_40 rise@25.000ns - core_clk_40 rise@0.000ns)
  Data Path Delay:        22.993ns  (logic 5.556ns (24.163%)  route 17.437ns (75.837%))
  Logic Levels:           17  (LUT4=1 LUT5=2 LUT6=8 MUXF7=2 MUXF8=2 RAMD32=1 RAMS64E=1)
  Clock Path Skew:        -0.318ns (DCD - SCD + CPR)
    Destination Clock Delay (DCD):    -1.691ns = ( 23.309 - 25.000 )
    Source Clock Delay      (SCD):    -0.921ns
    Clock Pessimism Removal (CPR):    0.452ns
  Clock Uncertainty:      0.082ns  ((TSJ^2 + DJ^2)^1/2) / 2 + PE
    Total System Jitter     (TSJ):    0.071ns
    Discrete Jitter          (DJ):    0.147ns
    Phase Error              (PE):    0.000ns

    Location             Delay type                Incr(ns)  Path(ns)    Netlist Resource(s)
  -------------------------------------------------------------------    -------------------
                         (clock core_clk_40 rise edge)
                                                      0.000     0.000 r  <hidden>
    H16                                               0.000     0.000 r  clk
                         net (fo=0)                   0.000     0.000    clk
    H16                  IBUF (Prop_ibuf_I_O)         1.451     1.451 r  clk_IBUF_inst/O
                         net (fo=1, routed)           1.285     2.736    clk_IBUF
    MMCME2_ADV_X1Y2      MMCME2_ADV (Prop_mmcme2_adv_CLKIN1_CLKOUT0)
                                                     -7.759    -5.023 r  u_mmcm/CLKOUT0
                         net (fo=1, routed)           2.206    -2.817    clk_40_raw
    BUFGCTRL_X0Y16       BUFG (Prop_bufg_I_O)         0.101    -2.716 r  u_core_clk_bufg/O
                         net (fo=4632, routed)        1.795    -0.921    u_soc/u_imem/clk_40
    RAMB36_X1Y8          RAMB36E1                                     r  u_soc/u_imem/rdata_reg_3/CLKARDCLK
  -------------------------------------------------------------------    -------------------
    RAMB36_X1Y8          RAMB36E1 (Prop_ramb36e1_CLKARDCLK_DOADO[3])
                                                      2.454     1.533 r  u_soc/u_imem/rdata_reg_3/DOADO[3]
                         net (fo=2, routed)           1.550     3.084    u_soc/u_core/u_if_stage/pc[31]_i_17_0[15]
    SLICE_X35Y48         LUT4 (Prop_lut4_I1_O)        0.124     3.208 r  u_soc/u_core/u_if_stage/regs_reg_r1_0_31_0_5_i_12/O
                         net (fo=35, routed)          1.246     4.454    u_soc/u_core/u_regfile/regs_reg_r1_0_31_12_17/ADDRA0
    SLICE_X38Y49         RAMD32 (Prop_ramd32_RADR0_O)
                                                      0.150     4.604 r  u_soc/u_core/u_regfile/regs_reg_r1_0_31_12_17/RAMA/O
                         net (fo=3, routed)           1.093     5.697    u_soc/u_core/u_if_stage/rdata10[12]
    SLICE_X39Y56         LUT5 (Prop_lut5_I3_O)        0.328     6.025 r  u_soc/u_core/u_if_stage/pc[12]_i_8/O
                         net (fo=18, routed)          1.330     7.355    u_soc/u_core/u_if_stage/alu_a[12]
    SLICE_X41Y64         LUT6 (Prop_lut6_I1_O)        0.124     7.479 r  u_soc/u_core/u_if_stage/mem_reg_0_255_0_0_i_140/O
                         net (fo=5, routed)           0.975     8.454    u_soc/u_core/u_if_stage/mem_reg_0_255_0_0_i_140_n_0
    SLICE_X43Y66         LUT6 (Prop_lut6_I1_O)        0.124     8.578 r  u_soc/u_core/u_if_stage/mem_reg_0_255_0_0_i_156/O
                         net (fo=2, routed)           0.868     9.445    u_soc/u_core/u_if_stage/mem_reg_0_255_0_0_i_156_n_0
    SLICE_X43Y70         LUT6 (Prop_lut6_I2_O)        0.124     9.569 r  u_soc/u_core/u_if_stage/mem_reg_0_255_0_0_i_90/O
                         net (fo=1, routed)           0.435    10.004    u_soc/u_core/u_if_stage/mem_reg_0_255_0_0_i_90_n_0
    SLICE_X43Y71         LUT6 (Prop_lut6_I5_O)        0.124    10.128 r  u_soc/u_core/u_if_stage/mem_reg_0_255_0_0_i_37/O
                         net (fo=29, routed)          1.645    11.773    u_soc/u_core/u_if_stage/mem_reg_0_255_0_0_i_37_n_0
    SLICE_X41Y97         LUT5 (Prop_lut5_I2_O)        0.150    11.923 r  u_soc/u_core/u_if_stage/mem_reg_0_255_28_28_i_3/O
                         net (fo=128, routed)         2.450    14.373    u_soc/u_dmem/mem_reg_2560_2815_28_28/A0
    SLICE_X30Y130        RAMS64E (Prop_rams64e_ADR0_O)
                                                      0.326    14.699 r  u_soc/u_dmem/mem_reg_2560_2815_28_28/RAMS64E_D/O
                         net (fo=1, routed)           0.000    14.699    u_soc/u_dmem/mem_reg_2560_2815_28_28/OD
    SLICE_X30Y130        MUXF7 (Prop_muxf7_I0_O)      0.241    14.940 r  u_soc/u_dmem/mem_reg_2560_2815_28_28/F7.B/O
                         net (fo=1, routed)           0.000    14.940    u_soc/u_dmem/mem_reg_2560_2815_28_28/O0
    SLICE_X30Y130        MUXF8 (Prop_muxf8_I0_O)      0.098    15.038 r  u_soc/u_dmem/mem_reg_2560_2815_28_28/F8/O
                         net (fo=1, routed)           1.512    16.550    u_soc/u_dmem/mem_reg_2560_2815_28_28_n_0
    SLICE_X40Y114        LUT6 (Prop_lut6_I1_O)        0.319    16.869 r  u_soc/u_dmem/regs_reg_r1_0_31_24_29_i_101/O
                         net (fo=1, routed)           0.000    16.869    u_soc/u_dmem/regs_reg_r1_0_31_24_29_i_101_n_0
    SLICE_X40Y114        MUXF7 (Prop_muxf7_I0_O)      0.212    17.081 r  u_soc/u_dmem/regs_reg_r1_0_31_24_29_i_55/O
                         net (fo=2, routed)           0.000    17.081    u_soc/u_dmem/regs_reg_r1_0_31_24_29_i_55_n_0
    SLICE_X40Y114        MUXF8 (Prop_muxf8_I1_O)      0.094    17.175 r  u_soc/u_dmem/regs_reg_r1_0_31_0_5_i_163/O
                         net (fo=1, routed)           1.578    18.753    u_soc/u_core/u_if_stage/regs_reg_r1_0_31_0_5_i_42_4
    SLICE_X40Y83         LUT6 (Prop_lut6_I2_O)        0.316    19.069 r  u_soc/u_core/u_if_stage/regs_reg_r1_0_31_0_5_i_87/O
                         net (fo=1, routed)           0.956    20.024    u_soc/u_core/u_if_stage/regs_reg_r1_0_31_0_5_i_87_n_0
    SLICE_X44Y81         LUT6 (Prop_lut6_I4_O)        0.124    20.148 r  u_soc/u_core/u_if_stage/regs_reg_r1_0_31_0_5_i_42/O
                         net (fo=1, routed)           1.017    21.165    u_soc/u_core/u_if_stage/regs_reg_r1_0_31_0_5_i_42_n_0
    SLICE_X44Y60         LUT6 (Prop_lut6_I1_O)        0.124    21.289 r  u_soc/u_core/u_if_stage/regs_reg_r1_0_31_0_5_i_7/O
                         net (fo=2, routed)           0.783    22.073    u_soc/u_core/u_regfile/regs_reg_r1_0_31_0_5/DIC0
    SLICE_X46Y55         RAMD32                                       r  u_soc/u_core/u_regfile/regs_reg_r1_0_31_0_5/RAMC/I
  -------------------------------------------------------------------    -------------------

                         (clock core_clk_40 rise edge)
                                                     25.000    25.000 r  <hidden>
    H16                                               0.000    25.000 r  clk
                         net (fo=0)                   0.000    25.000    clk
    H16                  IBUF (Prop_ibuf_I_O)         1.380    26.380 r  clk_IBUF_inst/O
                         net (fo=1, routed)           1.162    27.542    clk_IBUF
    MMCME2_ADV_X1Y2      MMCME2_ADV (Prop_mmcme2_adv_CLKIN1_CLKOUT0)
                                                     -7.814    19.728 r  u_mmcm/CLKOUT0
                         net (fo=1, routed)           2.012    21.740    clk_40_raw
    BUFGCTRL_X0Y16       BUFG (Prop_bufg_I_O)         0.091    21.831 r  u_core_clk_bufg/O
                         net (fo=4632, routed)        1.478    23.309    u_soc/u_core/u_regfile/regs_reg_r1_0_31_0_5/WCLK
    SLICE_X46Y55         RAMD32                                       r  u_soc/u_core/u_regfile/regs_reg_r1_0_31_0_5/RAMC/CLK
                         clock pessimism              0.452    23.761    <hidden>
                         clock uncertainty           -0.082    23.680    <hidden>
    SLICE_X46Y55         RAMD32 (Setup_ramd32_CLK_I)
                                                     -0.175    23.505    u_soc/u_core/u_regfile/regs_reg_r1_0_31_0_5/RAMC
  -------------------------------------------------------------------
                         required time                         23.505    <hidden>
                         arrival time                         -22.073    <hidden>
  -------------------------------------------------------------------
                         slack                                  1.432    <hidden>

Slack (MET) :             1.444ns  (required time - arrival time)
  Source:                 u_soc/u_imem/rdata_reg_1/CLKARDCLK
                            (rising edge-triggered cell RAMB36E1 clocked by core_clk_40  {rise@0.000ns fall@12.500ns period=25.000ns})
  Destination:            u_soc/u_core/u_regfile/regs_reg_r1_0_31_12_17/RAMA/I
                            (rising edge-triggered cell RAMD32 clocked by core_clk_40  {rise@0.000ns fall@12.500ns period=25.000ns})
  Path Group:             core_clk_40
  Path Type:              Setup (Max at Slow Process Corner)
  Requirement:            25.000ns  (core_clk_40 rise@25.000ns - core_clk_40 rise@0.000ns)
  Data Path Delay:        23.128ns  (logic 5.723ns (24.745%)  route 17.405ns (75.255%))
  Logic Levels:           18  (LUT3=1 LUT5=2 LUT6=11 MUXF7=2 MUXF8=1 RAMS64E=1)
  Clock Path Skew:        -0.185ns (DCD - SCD + CPR)
    Destination Clock Delay (DCD):    -1.672ns = ( 23.328 - 25.000 )
    Source Clock Delay      (SCD):    -0.920ns
    Clock Pessimism Removal (CPR):    0.567ns
  Clock Uncertainty:      0.082ns  ((TSJ^2 + DJ^2)^1/2) / 2 + PE
    Total System Jitter     (TSJ):    0.071ns
    Discrete Jitter          (DJ):    0.147ns
    Phase Error              (PE):    0.000ns

    Location             Delay type                Incr(ns)  Path(ns)    Netlist Resource(s)
  -------------------------------------------------------------------    -------------------
                         (clock core_clk_40 rise edge)
                                                      0.000     0.000 r  <hidden>
    H16                                               0.000     0.000 r  clk
                         net (fo=0)                   0.000     0.000    clk
    H16                  IBUF (Prop_ibuf_I_O)         1.451     1.451 r  clk_IBUF_inst/O
                         net (fo=1, routed)           1.285     2.736    clk_IBUF
    MMCME2_ADV_X1Y2      MMCME2_ADV (Prop_mmcme2_adv_CLKIN1_CLKOUT0)
                                                     -7.759    -5.023 r  u_mmcm/CLKOUT0
                         net (fo=1, routed)           2.206    -2.817    clk_40_raw
    BUFGCTRL_X0Y16       BUFG (Prop_bufg_I_O)         0.101    -2.716 r  u_core_clk_bufg/O
                         net (fo=4632, routed)        1.796    -0.920    u_soc/u_imem/clk_40
    RAMB36_X1Y9          RAMB36E1                                     r  u_soc/u_imem/rdata_reg_1/CLKARDCLK
  -------------------------------------------------------------------    -------------------
    RAMB36_X1Y9          RAMB36E1 (Prop_ramb36e1_CLKARDCLK_DOADO[2])
                                                      2.454     1.534 r  u_soc/u_imem/rdata_reg_1/DOADO[2]
                         net (fo=5, routed)           1.674     3.208    u_soc/u_core/u_if_stage/pc[31]_i_17_0[6]
    SLICE_X31Y50         LUT6 (Prop_lut6_I0_O)        0.124     3.332 r  u_soc/u_core/u_if_stage/regs_reg_r1_0_31_0_5_i_91/O
                         net (fo=10, routed)          0.947     4.279    u_soc/u_core/u_if_stage/regs_reg_r1_0_31_0_5_i_91_n_0
    SLICE_X35Y53         LUT5 (Prop_lut5_I2_O)        0.150     4.429 r  u_soc/u_core/u_if_stage/mem_reg_0_255_0_0_i_139/O
                         net (fo=3, routed)           0.912     5.342    u_soc/u_core/u_if_stage/mem_reg_0_255_0_0_i_139_n_0
    SLICE_X37Y50         LUT6 (Prop_lut6_I5_O)        0.326     5.668 r  u_soc/u_core/u_if_stage/mem_reg_0_255_0_0_i_81/O
                         net (fo=123, routed)         1.584     7.251    u_soc/u_core/u_if_stage/alu_b[3]
    SLICE_X41Y64         LUT6 (Prop_lut6_I2_O)        0.124     7.375 r  u_soc/u_core/u_if_stage/mem_reg_0_255_0_0_i_125/O
                         net (fo=6, routed)           0.617     7.992    u_soc/u_core/u_if_stage/mem_reg_0_255_0_0_i_125_n_0
    SLICE_X44Y65         LUT6 (Prop_lut6_I5_O)        0.124     8.116 r  u_soc/u_core/u_if_stage/mem_reg_0_255_0_0_i_172/O
                         net (fo=2, routed)           0.646     8.763    u_soc/u_core/u_if_stage/mem_reg_0_255_0_0_i_172_n_0
    SLICE_X44Y66         LUT3 (Prop_lut3_I0_O)        0.150     8.913 r  u_soc/u_core/u_if_stage/mem_reg_0_255_0_0_i_136/O
                         net (fo=2, routed)           0.578     9.491    u_soc/u_core/u_if_stage/mem_reg_0_255_0_0_i_136_n_0
    SLICE_X41Y68         LUT6 (Prop_lut6_I0_O)        0.326     9.817 r  u_soc/u_core/u_if_stage/mem_reg_0_255_0_0_i_78/O
                         net (fo=1, routed)           0.292    10.109    u_soc/u_core/u_if_stage/mem_reg_0_255_0_0_i_78_n_0
    SLICE_X41Y69         LUT6 (Prop_lut6_I5_O)        0.124    10.233 r  u_soc/u_core/u_if_stage/mem_reg_0_255_0_0_i_31/O
                         net (fo=25, routed)          1.451    11.684    u_soc/u_core/u_if_stage/mem_reg_0_255_0_0_i_31_n_0
    SLICE_X41Y82         LUT5 (Prop_lut5_I2_O)        0.124    11.808 r  u_soc/u_core/u_if_stage/mem_reg_1024_1279_28_28_i_6/O
                         net (fo=168, routed)         2.671    14.478    u_soc/u_dmem/mem_reg_1536_1791_28_28/A2
    SLICE_X38Y132        RAMS64E (Prop_rams64e_ADR2_O)
                                                      0.124    14.602 r  u_soc/u_dmem/mem_reg_1536_1791_28_28/RAMS64E_D/O
                         net (fo=1, routed)           0.000    14.602    u_soc/u_dmem/mem_reg_1536_1791_28_28/OD
    SLICE_X38Y132        MUXF7 (Prop_muxf7_I0_O)      0.241    14.843 r  u_soc/u_dmem/mem_reg_1536_1791_28_28/F7.B/O
                         net (fo=1, routed)           0.000    14.843    u_soc/u_dmem/mem_reg_1536_1791_28_28/O0
    SLICE_X38Y132        MUXF8 (Prop_muxf8_I0_O)      0.098    14.941 r  u_soc/u_dmem/mem_reg_1536_1791_28_28/F8/O
                         net (fo=1, routed)           1.272    16.213    u_soc/u_dmem/mem_reg_1536_1791_28_28_n_0
    SLICE_X40Y114        LUT6 (Prop_lut6_I1_O)        0.319    16.532 r  u_soc/u_dmem/regs_reg_r1_0_31_24_29_i_104/O
                         net (fo=1, routed)           0.000    16.532    u_soc/u_dmem/regs_reg_r1_0_31_24_29_i_104_n_0
    SLICE_X40Y114        MUXF7 (Prop_muxf7_I1_O)      0.245    16.777 r  u_soc/u_dmem/regs_reg_r1_0_31_24_29_i_56/O
                         net (fo=2, routed)           0.992    17.769    u_soc/u_dmem/regs_reg_r1_0_31_24_29_i_56_n_0
    SLICE_X40Y105        LUT6 (Prop_lut6_I5_O)        0.298    18.067 r  u_soc/u_dmem/regs_reg_r1_0_31_24_29_i_32/O
                         net (fo=1, routed)           1.111    19.178    u_soc/u_core/u_if_stage/rdata[25]
    SLICE_X41Y80         LUT6 (Prop_lut6_I0_O)        0.124    19.302 r  u_soc/u_core/u_if_stage/regs_reg_r1_0_31_24_29_i_23/O
                         net (fo=2, routed)           1.313    20.615    u_soc/u_core/u_if_stage/dmem_rdata[28]
    SLICE_X43Y63         LUT6 (Prop_lut6_I1_O)        0.124    20.739 r  u_soc/u_core/u_if_stage/regs_reg_r1_0_31_12_17_i_9/O
                         net (fo=1, routed)           0.638    21.378    u_soc/u_core/u_if_stage/regs_reg_r1_0_31_12_17_i_9_n_0
    SLICE_X43Y54         LUT6 (Prop_lut6_I1_O)        0.124    21.502 r  u_soc/u_core/u_if_stage/regs_reg_r1_0_31_12_17_i_2/O
                         net (fo=2, routed)           0.706    22.208    u_soc/u_core/u_regfile/regs_reg_r1_0_31_12_17/DIA0
    SLICE_X38Y49         RAMD32                                       r  u_soc/u_core/u_regfile/regs_reg_r1_0_31_12_17/RAMA/I
  -------------------------------------------------------------------    -------------------

                         (clock core_clk_40 rise edge)
                                                     25.000    25.000 r  <hidden>
    H16                                               0.000    25.000 r  clk
                         net (fo=0)                   0.000    25.000    clk
    H16                  IBUF (Prop_ibuf_I_O)         1.380    26.380 r  clk_IBUF_inst/O
                         net (fo=1, routed)           1.162    27.542    clk_IBUF
    MMCME2_ADV_X1Y2      MMCME2_ADV (Prop_mmcme2_adv_CLKIN1_CLKOUT0)
                                                     -7.814    19.728 r  u_mmcm/CLKOUT0
                         net (fo=1, routed)           2.012    21.740    clk_40_raw
    BUFGCTRL_X0Y16       BUFG (Prop_bufg_I_O)         0.091    21.831 r  u_core_clk_bufg/O
                         net (fo=4632, routed)        1.496    23.328    u_soc/u_core/u_regfile/regs_reg_r1_0_31_12_17/WCLK
    SLICE_X38Y49         RAMD32                                       r  u_soc/u_core/u_regfile/regs_reg_r1_0_31_12_17/RAMA/CLK
                         clock pessimism              0.567    23.895    <hidden>
                         clock uncertainty           -0.082    23.813    <hidden>
    SLICE_X38Y49         RAMD32 (Setup_ramd32_CLK_I)
                                                     -0.161    23.652    u_soc/u_core/u_regfile/regs_reg_r1_0_31_12_17/RAMA
  -------------------------------------------------------------------
                         required time                         23.652    <hidden>
                         arrival time                         -22.208    <hidden>
  -------------------------------------------------------------------
                         slack                                  1.444    <hidden>

Slack (MET) :             1.461ns  (required time - arrival time)
  Source:                 u_soc/u_imem/rdata_reg_3/CLKARDCLK
                            (rising edge-triggered cell RAMB36E1 clocked by core_clk_40  {rise@0.000ns fall@12.500ns period=25.000ns})
  Destination:            u_soc/u_core/u_regfile/regs_reg_r2_0_31_12_17/RAMA_D1/I
                            (rising edge-triggered cell RAMD32 clocked by core_clk_40  {rise@0.000ns fall@12.500ns period=25.000ns})
  Path Group:             core_clk_40
  Path Type:              Setup (Max at Slow Process Corner)
  Requirement:            25.000ns  (core_clk_40 rise@25.000ns - core_clk_40 rise@0.000ns)
  Data Path Delay:        22.900ns  (logic 6.029ns (26.327%)  route 16.871ns (73.673%))
  Logic Levels:           19  (LUT3=1 LUT4=1 LUT5=2 LUT6=10 MUXF7=2 MUXF8=1 RAMD32=1 RAMS64E=1)
  Clock Path Skew:        -0.299ns (DCD - SCD + CPR)
    Destination Clock Delay (DCD):    -1.686ns = ( 23.314 - 25.000 )
    Source Clock Delay      (SCD):    -0.921ns
    Clock Pessimism Removal (CPR):    0.466ns
  Clock Uncertainty:      0.082ns  ((TSJ^2 + DJ^2)^1/2) / 2 + PE
    Total System Jitter     (TSJ):    0.071ns
    Discrete Jitter          (DJ):    0.147ns
    Phase Error              (PE):    0.000ns

    Location             Delay type                Incr(ns)  Path(ns)    Netlist Resource(s)
  -------------------------------------------------------------------    -------------------
                         (clock core_clk_40 rise edge)
                                                      0.000     0.000 r  <hidden>
    H16                                               0.000     0.000 r  clk
                         net (fo=0)                   0.000     0.000    clk
    H16                  IBUF (Prop_ibuf_I_O)         1.451     1.451 r  clk_IBUF_inst/O
                         net (fo=1, routed)           1.285     2.736    clk_IBUF
    MMCME2_ADV_X1Y2      MMCME2_ADV (Prop_mmcme2_adv_CLKIN1_CLKOUT0)
                                                     -7.759    -5.023 r  u_mmcm/CLKOUT0
                         net (fo=1, routed)           2.206    -2.817    clk_40_raw
    BUFGCTRL_X0Y16       BUFG (Prop_bufg_I_O)         0.101    -2.716 r  u_core_clk_bufg/O
                         net (fo=4632, routed)        1.795    -0.921    u_soc/u_imem/clk_40
    RAMB36_X1Y8          RAMB36E1                                     r  u_soc/u_imem/rdata_reg_3/CLKARDCLK
  -------------------------------------------------------------------    -------------------
    RAMB36_X1Y8          RAMB36E1 (Prop_ramb36e1_CLKARDCLK_DOADO[3])
                                                      2.454     1.533 r  u_soc/u_imem/rdata_reg_3/DOADO[3]
                         net (fo=2, routed)           1.550     3.084    u_soc/u_core/u_if_stage/pc[31]_i_17_0[15]
    SLICE_X35Y48         LUT4 (Prop_lut4_I1_O)        0.124     3.208 r  u_soc/u_core/u_if_stage/regs_reg_r1_0_31_0_5_i_12/O
                         net (fo=35, routed)          1.261     4.468    u_soc/u_core/u_regfile/regs_reg_r1_0_31_18_23/ADDRC0
    SLICE_X38Y45         RAMD32 (Prop_ramd32_RADR0_O)
                                                      0.153     4.621 r  u_soc/u_core/u_regfile/regs_reg_r1_0_31_18_23/RAMC/O
                         net (fo=3, routed)           1.011     5.632    u_soc/u_core/u_if_stage/rdata10[22]
    SLICE_X37Y54         LUT5 (Prop_lut5_I3_O)        0.331     5.963 r  u_soc/u_core/u_if_stage/pc[22]_i_7/O
                         net (fo=20, routed)          1.175     7.138    u_soc/u_core/u_if_stage/alu_a[22]
    SLICE_X37Y60         LUT6 (Prop_lut6_I3_O)        0.124     7.262 r  u_soc/u_core/u_if_stage/mem_reg_0_255_0_0_i_132/O
                         net (fo=7, routed)           0.946     8.208    u_soc/u_core/u_if_stage/mem_reg_0_255_0_0_i_132_n_0
    SLICE_X43Y65         LUT6 (Prop_lut6_I5_O)        0.124     8.332 r  u_soc/u_core/u_if_stage/mem_reg_0_255_0_0_i_174/O
                         net (fo=1, routed)           0.682     9.014    u_soc/u_core/u_if_stage/mem_reg_0_255_0_0_i_174_n_0
    SLICE_X43Y66         LUT3 (Prop_lut3_I2_O)        0.150     9.164 r  u_soc/u_core/u_if_stage/mem_reg_0_255_0_0_i_133/O
                         net (fo=2, routed)           0.425     9.589    u_soc/u_core/u_if_stage/mem_reg_0_255_0_0_i_133_n_0
    SLICE_X43Y67         LUT6 (Prop_lut6_I0_O)        0.326     9.915 r  u_soc/u_core/u_if_stage/mem_reg_0_255_0_0_i_73/O
                         net (fo=1, routed)           0.471    10.386    u_soc/u_core/u_if_stage/mem_reg_0_255_0_0_i_73_n_0
    SLICE_X41Y67         LUT6 (Prop_lut6_I5_O)        0.124    10.510 r  u_soc/u_core/u_if_stage/mem_reg_0_255_0_0_i_28/O
                         net (fo=25, routed)          1.259    11.769    u_soc/u_core/u_if_stage/mem_reg_0_255_0_0_i_28_n_0
    SLICE_X40Y83         LUT5 (Prop_lut5_I2_O)        0.117    11.886 r  u_soc/u_core/u_if_stage/mem_reg_7168_7423_22_22_i_5/O
                         net (fo=168, routed)         2.103    13.989    u_soc/u_dmem/mem_reg_3072_3327_23_23/A3
    SLICE_X82Y86         RAMS64E (Prop_rams64e_ADR3_O)
                                                      0.332    14.321 r  u_soc/u_dmem/mem_reg_3072_3327_23_23/RAMS64E_D/O
                         net (fo=1, routed)           0.000    14.321    u_soc/u_dmem/mem_reg_3072_3327_23_23/OD
    SLICE_X82Y86         MUXF7 (Prop_muxf7_I0_O)      0.241    14.562 r  u_soc/u_dmem/mem_reg_3072_3327_23_23/F7.B/O
                         net (fo=1, routed)           0.000    14.562    u_soc/u_dmem/mem_reg_3072_3327_23_23/O0
    SLICE_X82Y86         MUXF8 (Prop_muxf8_I0_O)      0.098    14.660 r  u_soc/u_dmem/mem_reg_3072_3327_23_23/F8/O
                         net (fo=1, routed)           1.014    15.674    u_soc/u_dmem/mem_reg_3072_3327_23_23_n_0
    SLICE_X53Y87         LUT6 (Prop_lut6_I5_O)        0.319    15.993 r  u_soc/u_dmem/regs_reg_r1_0_31_18_23_i_93/O
                         net (fo=1, routed)           0.000    15.993    u_soc/u_dmem/regs_reg_r1_0_31_18_23_i_93_n_0
    SLICE_X53Y87         MUXF7 (Prop_muxf7_I1_O)      0.217    16.210 r  u_soc/u_dmem/regs_reg_r1_0_31_18_23_i_50/O
                         net (fo=1, routed)           0.914    17.124    u_soc/u_dmem/regs_reg_r1_0_31_18_23_i_50_n_0
    SLICE_X51Y80         LUT6 (Prop_lut6_I3_O)        0.299    17.423 r  u_soc/u_dmem/regs_reg_r1_0_31_18_23_i_30/O
                         net (fo=3, routed)           0.792    18.216    u_soc/u_core/u_if_stage/rdata[20]
    SLICE_X49Y73         LUT6 (Prop_lut6_I4_O)        0.124    18.340 r  u_soc/u_core/u_if_stage/regs_reg_r1_0_31_6_11_i_56/O
                         net (fo=1, routed)           0.807    19.146    u_soc/u_core/u_if_stage/regs_reg_r1_0_31_6_11_i_56_n_0
    SLICE_X49Y71         LUT6 (Prop_lut6_I1_O)        0.124    19.270 r  u_soc/u_core/u_if_stage/regs_reg_r1_0_31_6_11_i_33/O
                         net (fo=9, routed)           0.958    20.228    u_soc/u_core/u_if_stage/regs_reg_r1_0_31_6_11_i_33_n_0
    SLICE_X44Y63         LUT6 (Prop_lut6_I5_O)        0.124    20.352 r  u_soc/u_core/u_if_stage/regs_reg_r1_0_31_12_17_i_8/O
                         net (fo=1, routed)           0.628    20.980    u_soc/u_core/u_if_stage/regs_reg_r1_0_31_12_17_i_8_n_0
    SLICE_X44Y55         LUT6 (Prop_lut6_I1_O)        0.124    21.104 r  u_soc/u_core/u_if_stage/regs_reg_r1_0_31_12_17_i_1/O
                         net (fo=2, routed)           0.876    21.979    u_soc/u_core/u_regfile/regs_reg_r2_0_31_12_17/DIA1
    SLICE_X50Y46         RAMD32                                       r  u_soc/u_core/u_regfile/regs_reg_r2_0_31_12_17/RAMA_D1/I
  -------------------------------------------------------------------    -------------------

                         (clock core_clk_40 rise edge)
                                                     25.000    25.000 r  <hidden>
    H16                                               0.000    25.000 r  clk
                         net (fo=0)                   0.000    25.000    clk
    H16                  IBUF (Prop_ibuf_I_O)         1.380    26.380 r  clk_IBUF_inst/O
                         net (fo=1, routed)           1.162    27.542    clk_IBUF
    MMCME2_ADV_X1Y2      MMCME2_ADV (Prop_mmcme2_adv_CLKIN1_CLKOUT0)
                                                     -7.814    19.728 r  u_mmcm/CLKOUT0
                         net (fo=1, routed)           2.012    21.740    clk_40_raw
    BUFGCTRL_X0Y16       BUFG (Prop_bufg_I_O)         0.091    21.831 r  u_core_clk_bufg/O
                         net (fo=4632, routed)        1.482    23.314    u_soc/u_core/u_regfile/regs_reg_r2_0_31_12_17/WCLK
    SLICE_X50Y46         RAMD32                                       r  u_soc/u_core/u_regfile/regs_reg_r2_0_31_12_17/RAMA_D1/CLK
                         clock pessimism              0.466    23.780    <hidden>
                         clock uncertainty           -0.082    23.698    <hidden>
    SLICE_X50Y46         RAMD32 (Setup_ramd32_CLK_I)
                                                     -0.258    23.440    u_soc/u_core/u_regfile/regs_reg_r2_0_31_12_17/RAMA_D1
  -------------------------------------------------------------------
                         required time                         23.440    <hidden>
                         arrival time                         -21.979    <hidden>
  -------------------------------------------------------------------
                         slack                                  1.461    <hidden>

Slack (MET) :             15.825ns  (required time - arrival time)
  Source:                 reset_pipe_reg[1]/C
                            (rising edge-triggered cell FDPE clocked by core_clk_40  {rise@0.000ns fall@12.500ns period=25.000ns})
  Destination:            u_soc/cycle_cnt_reg[28]/CLR
                            (recovery check against rising-edge clock core_clk_40  {rise@0.000ns fall@12.500ns period=25.000ns})
  Path Group:             **async_default**
  Path Type:              Recovery (Max at Slow Process Corner)
  Requirement:            25.000ns  (core_clk_40 rise@25.000ns - core_clk_40 rise@0.000ns)
  Data Path Delay:        7.945ns  (logic 0.478ns (6.017%)  route 7.467ns (93.983%))
  Logic Levels:           0
  Clock Path Skew:        -0.572ns (DCD - SCD + CPR)
    Destination Clock Delay (DCD):    -1.698ns = ( 23.302 - 25.000 )
    Source Clock Delay      (SCD):    -0.659ns
    Clock Pessimism Removal (CPR):    0.466ns
  Clock Uncertainty:      0.082ns  ((TSJ^2 + DJ^2)^1/2) / 2 + PE
    Total System Jitter     (TSJ):    0.071ns
    Discrete Jitter          (DJ):    0.147ns
    Phase Error              (PE):    0.000ns

    Location             Delay type                Incr(ns)  Path(ns)    Netlist Resource(s)
  -------------------------------------------------------------------    -------------------
                         (clock core_clk_40 rise edge)
                                                      0.000     0.000 r  <hidden>
    H16                                               0.000     0.000 r  clk
                         net (fo=0)                   0.000     0.000    clk
    H16                  IBUF (Prop_ibuf_I_O)         1.451     1.451 r  clk_IBUF_inst/O
                         net (fo=1, routed)           1.285     2.736    clk_IBUF
    MMCME2_ADV_X1Y2      MMCME2_ADV (Prop_mmcme2_adv_CLKIN1_CLKOUT0)
                                                     -7.759    -5.023 r  u_mmcm/CLKOUT0
                         net (fo=1, routed)           2.206    -2.817    clk_40_raw
    BUFGCTRL_X0Y16       BUFG (Prop_bufg_I_O)         0.101    -2.716 r  u_core_clk_bufg/O
                         net (fo=4632, routed)        2.057    -0.659    clk_40
    SLICE_X112Y105       FDPE                                         r  reset_pipe_reg[1]/C
  -------------------------------------------------------------------    -------------------
    SLICE_X112Y105       FDPE (Prop_fdpe_C_Q)         0.478    -0.181 f  reset_pipe_reg[1]/Q
                         net (fo=445, routed)         7.467     7.285    u_soc/out[0]
    SLICE_X45Y83         FDCE                                         f  u_soc/cycle_cnt_reg[28]/CLR
  -------------------------------------------------------------------    -------------------

                         (clock core_clk_40 rise edge)
                                                     25.000    25.000 r  <hidden>
    H16                                               0.000    25.000 r  clk
                         net (fo=0)                   0.000    25.000    clk
    H16                  IBUF (Prop_ibuf_I_O)         1.380    26.380 r  clk_IBUF_inst/O
                         net (fo=1, routed)           1.162    27.542    clk_IBUF
    MMCME2_ADV_X1Y2      MMCME2_ADV (Prop_mmcme2_adv_CLKIN1_CLKOUT0)
                                                     -7.814    19.728 r  u_mmcm/CLKOUT0
                         net (fo=1, routed)           2.012    21.740    clk_40_raw
    BUFGCTRL_X0Y16       BUFG (Prop_bufg_I_O)         0.091    21.831 r  u_core_clk_bufg/O
                         net (fo=4632, routed)        1.471    23.302    u_soc/clk_40
    SLICE_X45Y83         FDCE                                         r  u_soc/cycle_cnt_reg[28]/C
                         clock pessimism              0.466    23.768    <hidden>
                         clock uncertainty           -0.082    23.687    <hidden>
    SLICE_X45Y83         FDCE (Recov_fdce_C_CLR)     -0.576    23.111    u_soc/cycle_cnt_reg[28]
  -------------------------------------------------------------------
                         required time                         23.111    <hidden>
                         arrival time                          -7.285    <hidden>
  -------------------------------------------------------------------
                         slack                                 15.825    <hidden>

Slack (MET) :             15.825ns  (required time - arrival time)
  Source:                 reset_pipe_reg[1]/C
                            (rising edge-triggered cell FDPE clocked by core_clk_40  {rise@0.000ns fall@12.500ns period=25.000ns})
  Destination:            u_soc/cycle_cnt_reg[29]/CLR
                            (recovery check against rising-edge clock core_clk_40  {rise@0.000ns fall@12.500ns period=25.000ns})
  Path Group:             **async_default**
  Path Type:              Recovery (Max at Slow Process Corner)
  Requirement:            25.000ns  (core_clk_40 rise@25.000ns - core_clk_40 rise@0.000ns)
  Data Path Delay:        7.945ns  (logic 0.478ns (6.017%)  route 7.467ns (93.983%))
  Logic Levels:           0
  Clock Path Skew:        -0.572ns (DCD - SCD + CPR)
    Destination Clock Delay (DCD):    -1.698ns = ( 23.302 - 25.000 )
    Source Clock Delay      (SCD):    -0.659ns
    Clock Pessimism Removal (CPR):    0.466ns
  Clock Uncertainty:      0.082ns  ((TSJ^2 + DJ^2)^1/2) / 2 + PE
    Total System Jitter     (TSJ):    0.071ns
    Discrete Jitter          (DJ):    0.147ns
    Phase Error              (PE):    0.000ns

    Location             Delay type                Incr(ns)  Path(ns)    Netlist Resource(s)
  -------------------------------------------------------------------    -------------------
                         (clock core_clk_40 rise edge)
                                                      0.000     0.000 r  <hidden>
    H16                                               0.000     0.000 r  clk
                         net (fo=0)                   0.000     0.000    clk
    H16                  IBUF (Prop_ibuf_I_O)         1.451     1.451 r  clk_IBUF_inst/O
                         net (fo=1, routed)           1.285     2.736    clk_IBUF
    MMCME2_ADV_X1Y2      MMCME2_ADV (Prop_mmcme2_adv_CLKIN1_CLKOUT0)
                                                     -7.759    -5.023 r  u_mmcm/CLKOUT0
                         net (fo=1, routed)           2.206    -2.817    clk_40_raw
    BUFGCTRL_X0Y16       BUFG (Prop_bufg_I_O)         0.101    -2.716 r  u_core_clk_bufg/O
                         net (fo=4632, routed)        2.057    -0.659    clk_40
    SLICE_X112Y105       FDPE                                         r  reset_pipe_reg[1]/C
  -------------------------------------------------------------------    -------------------
    SLICE_X112Y105       FDPE (Prop_fdpe_C_Q)         0.478    -0.181 f  reset_pipe_reg[1]/Q
                         net (fo=445, routed)         7.467     7.285    u_soc/out[0]
    SLICE_X45Y83         FDCE                                         f  u_soc/cycle_cnt_reg[29]/CLR
  -------------------------------------------------------------------    -------------------

                         (clock core_clk_40 rise edge)
                                                     25.000    25.000 r  <hidden>
    H16                                               0.000    25.000 r  clk
                         net (fo=0)                   0.000    25.000    clk
    H16                  IBUF (Prop_ibuf_I_O)         1.380    26.380 r  clk_IBUF_inst/O
                         net (fo=1, routed)           1.162    27.542    clk_IBUF
    MMCME2_ADV_X1Y2      MMCME2_ADV (Prop_mmcme2_adv_CLKIN1_CLKOUT0)
                                                     -7.814    19.728 r  u_mmcm/CLKOUT0
                         net (fo=1, routed)           2.012    21.740    clk_40_raw
    BUFGCTRL_X0Y16       BUFG (Prop_bufg_I_O)         0.091    21.831 r  u_core_clk_bufg/O
                         net (fo=4632, routed)        1.471    23.302    u_soc/clk_40
    SLICE_X45Y83         FDCE                                         r  u_soc/cycle_cnt_reg[29]/C
                         clock pessimism              0.466    23.768    <hidden>
                         clock uncertainty           -0.082    23.687    <hidden>
    SLICE_X45Y83         FDCE (Recov_fdce_C_CLR)     -0.576    23.111    u_soc/cycle_cnt_reg[29]
  -------------------------------------------------------------------
                         required time                         23.111    <hidden>
                         arrival time                          -7.285    <hidden>
  -------------------------------------------------------------------
                         slack                                 15.825    <hidden>

Slack (MET) :             15.825ns  (required time - arrival time)
  Source:                 reset_pipe_reg[1]/C
                            (rising edge-triggered cell FDPE clocked by core_clk_40  {rise@0.000ns fall@12.500ns period=25.000ns})
  Destination:            u_soc/cycle_cnt_reg[30]/CLR
                            (recovery check against rising-edge clock core_clk_40  {rise@0.000ns fall@12.500ns period=25.000ns})
  Path Group:             **async_default**
  Path Type:              Recovery (Max at Slow Process Corner)
  Requirement:            25.000ns  (core_clk_40 rise@25.000ns - core_clk_40 rise@0.000ns)
  Data Path Delay:        7.945ns  (logic 0.478ns (6.017%)  route 7.467ns (93.983%))
  Logic Levels:           0
  Clock Path Skew:        -0.572ns (DCD - SCD + CPR)
    Destination Clock Delay (DCD):    -1.698ns = ( 23.302 - 25.000 )
    Source Clock Delay      (SCD):    -0.659ns
    Clock Pessimism Removal (CPR):    0.466ns
  Clock Uncertainty:      0.082ns  ((TSJ^2 + DJ^2)^1/2) / 2 + PE
    Total System Jitter     (TSJ):    0.071ns
    Discrete Jitter          (DJ):    0.147ns
    Phase Error              (PE):    0.000ns

    Location             Delay type                Incr(ns)  Path(ns)    Netlist Resource(s)
  -------------------------------------------------------------------    -------------------
                         (clock core_clk_40 rise edge)
                                                      0.000     0.000 r  <hidden>
    H16                                               0.000     0.000 r  clk
                         net (fo=0)                   0.000     0.000    clk
    H16                  IBUF (Prop_ibuf_I_O)         1.451     1.451 r  clk_IBUF_inst/O
                         net (fo=1, routed)           1.285     2.736    clk_IBUF
    MMCME2_ADV_X1Y2      MMCME2_ADV (Prop_mmcme2_adv_CLKIN1_CLKOUT0)
                                                     -7.759    -5.023 r  u_mmcm/CLKOUT0
                         net (fo=1, routed)           2.206    -2.817    clk_40_raw
    BUFGCTRL_X0Y16       BUFG (Prop_bufg_I_O)         0.101    -2.716 r  u_core_clk_bufg/O
                         net (fo=4632, routed)        2.057    -0.659    clk_40
    SLICE_X112Y105       FDPE                                         r  reset_pipe_reg[1]/C
  -------------------------------------------------------------------    -------------------
    SLICE_X112Y105       FDPE (Prop_fdpe_C_Q)         0.478    -0.181 f  reset_pipe_reg[1]/Q
                         net (fo=445, routed)         7.467     7.285    u_soc/out[0]
    SLICE_X45Y83         FDCE                                         f  u_soc/cycle_cnt_reg[30]/CLR
  -------------------------------------------------------------------    -------------------

                         (clock core_clk_40 rise edge)
                                                     25.000    25.000 r  <hidden>
    H16                                               0.000    25.000 r  clk
                         net (fo=0)                   0.000    25.000    clk
    H16                  IBUF (Prop_ibuf_I_O)         1.380    26.380 r  clk_IBUF_inst/O
                         net (fo=1, routed)           1.162    27.542    clk_IBUF
    MMCME2_ADV_X1Y2      MMCME2_ADV (Prop_mmcme2_adv_CLKIN1_CLKOUT0)
                                                     -7.814    19.728 r  u_mmcm/CLKOUT0
                         net (fo=1, routed)           2.012    21.740    clk_40_raw
    BUFGCTRL_X0Y16       BUFG (Prop_bufg_I_O)         0.091    21.831 r  u_core_clk_bufg/O
                         net (fo=4632, routed)        1.471    23.302    u_soc/clk_40
    SLICE_X45Y83         FDCE                                         r  u_soc/cycle_cnt_reg[30]/C
                         clock pessimism              0.466    23.768    <hidden>
                         clock uncertainty           -0.082    23.687    <hidden>
    SLICE_X45Y83         FDCE (Recov_fdce_C_CLR)     -0.576    23.111    u_soc/cycle_cnt_reg[30]
  -------------------------------------------------------------------
                         required time                         23.111    <hidden>
                         arrival time                          -7.285    <hidden>
  -------------------------------------------------------------------
                         slack                                 15.825    <hidden>

Slack (MET) :             15.825ns  (required time - arrival time)
  Source:                 reset_pipe_reg[1]/C
                            (rising edge-triggered cell FDPE clocked by core_clk_40  {rise@0.000ns fall@12.500ns period=25.000ns})
  Destination:            u_soc/cycle_cnt_reg[31]/CLR
                            (recovery check against rising-edge clock core_clk_40  {rise@0.000ns fall@12.500ns period=25.000ns})
  Path Group:             **async_default**
  Path Type:              Recovery (Max at Slow Process Corner)
  Requirement:            25.000ns  (core_clk_40 rise@25.000ns - core_clk_40 rise@0.000ns)
  Data Path Delay:        7.945ns  (logic 0.478ns (6.017%)  route 7.467ns (93.983%))
  Logic Levels:           0
  Clock Path Skew:        -0.572ns (DCD - SCD + CPR)
    Destination Clock Delay (DCD):    -1.698ns = ( 23.302 - 25.000 )
    Source Clock Delay      (SCD):    -0.659ns
    Clock Pessimism Removal (CPR):    0.466ns
  Clock Uncertainty:      0.082ns  ((TSJ^2 + DJ^2)^1/2) / 2 + PE
    Total System Jitter     (TSJ):    0.071ns
    Discrete Jitter          (DJ):    0.147ns
    Phase Error              (PE):    0.000ns

    Location             Delay type                Incr(ns)  Path(ns)    Netlist Resource(s)
  -------------------------------------------------------------------    -------------------
                         (clock core_clk_40 rise edge)
                                                      0.000     0.000 r  <hidden>
    H16                                               0.000     0.000 r  clk
                         net (fo=0)                   0.000     0.000    clk
    H16                  IBUF (Prop_ibuf_I_O)         1.451     1.451 r  clk_IBUF_inst/O
                         net (fo=1, routed)           1.285     2.736    clk_IBUF
    MMCME2_ADV_X1Y2      MMCME2_ADV (Prop_mmcme2_adv_CLKIN1_CLKOUT0)
                                                     -7.759    -5.023 r  u_mmcm/CLKOUT0
                         net (fo=1, routed)           2.206    -2.817    clk_40_raw
    BUFGCTRL_X0Y16       BUFG (Prop_bufg_I_O)         0.101    -2.716 r  u_core_clk_bufg/O
                         net (fo=4632, routed)        2.057    -0.659    clk_40
    SLICE_X112Y105       FDPE                                         r  reset_pipe_reg[1]/C
  -------------------------------------------------------------------    -------------------
    SLICE_X112Y105       FDPE (Prop_fdpe_C_Q)         0.478    -0.181 f  reset_pipe_reg[1]/Q
                         net (fo=445, routed)         7.467     7.285    u_soc/out[0]
    SLICE_X45Y83         FDCE                                         f  u_soc/cycle_cnt_reg[31]/CLR
  -------------------------------------------------------------------    -------------------

                         (clock core_clk_40 rise edge)
                                                     25.000    25.000 r  <hidden>
    H16                                               0.000    25.000 r  clk
                         net (fo=0)                   0.000    25.000    clk
    H16                  IBUF (Prop_ibuf_I_O)         1.380    26.380 r  clk_IBUF_inst/O
                         net (fo=1, routed)           1.162    27.542    clk_IBUF
    MMCME2_ADV_X1Y2      MMCME2_ADV (Prop_mmcme2_adv_CLKIN1_CLKOUT0)
                                                     -7.814    19.728 r  u_mmcm/CLKOUT0
                         net (fo=1, routed)           2.012    21.740    clk_40_raw
    BUFGCTRL_X0Y16       BUFG (Prop_bufg_I_O)         0.091    21.831 r  u_core_clk_bufg/O
                         net (fo=4632, routed)        1.471    23.302    u_soc/clk_40
    SLICE_X45Y83         FDCE                                         r  u_soc/cycle_cnt_reg[31]/C
                         clock pessimism              0.466    23.768    <hidden>
                         clock uncertainty           -0.082    23.687    <hidden>
    SLICE_X45Y83         FDCE (Recov_fdce_C_CLR)     -0.576    23.111    u_soc/cycle_cnt_reg[31]
  -------------------------------------------------------------------
                         required time                         23.111    <hidden>
                         arrival time                          -7.285    <hidden>
  -------------------------------------------------------------------
                         slack                                 15.825    <hidden>

Slack (MET) :             15.895ns  (required time - arrival time)
  Source:                 reset_pipe_reg[1]/C
                            (rising edge-triggered cell FDPE clocked by core_clk_40  {rise@0.000ns fall@12.500ns period=25.000ns})
  Destination:            u_soc/cycle_cnt_reg[16]/CLR
                            (recovery check against rising-edge clock core_clk_40  {rise@0.000ns fall@12.500ns period=25.000ns})
  Path Group:             **async_default**
  Path Type:              Recovery (Max at Slow Process Corner)
  Requirement:            25.000ns  (core_clk_40 rise@25.000ns - core_clk_40 rise@0.000ns)
  Data Path Delay:        7.871ns  (logic 0.478ns (6.073%)  route 7.393ns (93.927%))
  Logic Levels:           0
  Clock Path Skew:        -0.576ns (DCD - SCD + CPR)
    Destination Clock Delay (DCD):    -1.702ns = ( 23.298 - 25.000 )
    Source Clock Delay      (SCD):    -0.659ns
    Clock Pessimism Removal (CPR):    0.466ns
  Clock Uncertainty:      0.082ns  ((TSJ^2 + DJ^2)^1/2) / 2 + PE
    Total System Jitter     (TSJ):    0.071ns
    Discrete Jitter          (DJ):    0.147ns
    Phase Error              (PE):    0.000ns

    Location             Delay type                Incr(ns)  Path(ns)    Netlist Resource(s)
  -------------------------------------------------------------------    -------------------
                         (clock core_clk_40 rise edge)
                                                      0.000     0.000 r  <hidden>
    H16                                               0.000     0.000 r  clk
                         net (fo=0)                   0.000     0.000    clk
    H16                  IBUF (Prop_ibuf_I_O)         1.451     1.451 r  clk_IBUF_inst/O
                         net (fo=1, routed)           1.285     2.736    clk_IBUF
    MMCME2_ADV_X1Y2      MMCME2_ADV (Prop_mmcme2_adv_CLKIN1_CLKOUT0)
                                                     -7.759    -5.023 r  u_mmcm/CLKOUT0
                         net (fo=1, routed)           2.206    -2.817    clk_40_raw
    BUFGCTRL_X0Y16       BUFG (Prop_bufg_I_O)         0.101    -2.716 r  u_core_clk_bufg/O
                         net (fo=4632, routed)        2.057    -0.659    clk_40
    SLICE_X112Y105       FDPE                                         r  reset_pipe_reg[1]/C
  -------------------------------------------------------------------    -------------------
    SLICE_X112Y105       FDPE (Prop_fdpe_C_Q)         0.478    -0.181 f  reset_pipe_reg[1]/Q
                         net (fo=445, routed)         7.393     7.212    u_soc/out[0]
    SLICE_X45Y80         FDCE                                         f  u_soc/cycle_cnt_reg[16]/CLR
  -------------------------------------------------------------------    -------------------

                         (clock core_clk_40 rise edge)
                                                     25.000    25.000 r  <hidden>
    H16                                               0.000    25.000 r  clk
                         net (fo=0)                   0.000    25.000    clk
    H16                  IBUF (Prop_ibuf_I_O)         1.380    26.380 r  clk_IBUF_inst/O
                         net (fo=1, routed)           1.162    27.542    clk_IBUF
    MMCME2_ADV_X1Y2      MMCME2_ADV (Prop_mmcme2_adv_CLKIN1_CLKOUT0)
                                                     -7.814    19.728 r  u_mmcm/CLKOUT0
                         net (fo=1, routed)           2.012    21.740    clk_40_raw
    BUFGCTRL_X0Y16       BUFG (Prop_bufg_I_O)         0.091    21.831 r  u_core_clk_bufg/O
                         net (fo=4632, routed)        1.467    23.298    u_soc/clk_40
    SLICE_X45Y80         FDCE                                         r  u_soc/cycle_cnt_reg[16]/C
                         clock pessimism              0.466    23.764    <hidden>
                         clock uncertainty           -0.082    23.683    <hidden>
    SLICE_X45Y80         FDCE (Recov_fdce_C_CLR)     -0.576    23.107    u_soc/cycle_cnt_reg[16]
  -------------------------------------------------------------------
                         required time                         23.107    <hidden>
                         arrival time                          -7.212    <hidden>
  -------------------------------------------------------------------
                         slack                                 15.895    <hidden>

Slack (MET) :             15.895ns  (required time - arrival time)
  Source:                 reset_pipe_reg[1]/C
                            (rising edge-triggered cell FDPE clocked by core_clk_40  {rise@0.000ns fall@12.500ns period=25.000ns})
  Destination:            u_soc/cycle_cnt_reg[17]/CLR
                            (recovery check against rising-edge clock core_clk_40  {rise@0.000ns fall@12.500ns period=25.000ns})
  Path Group:             **async_default**
  Path Type:              Recovery (Max at Slow Process Corner)
  Requirement:            25.000ns  (core_clk_40 rise@25.000ns - core_clk_40 rise@0.000ns)
  Data Path Delay:        7.871ns  (logic 0.478ns (6.073%)  route 7.393ns (93.927%))
  Logic Levels:           0
  Clock Path Skew:        -0.576ns (DCD - SCD + CPR)
    Destination Clock Delay (DCD):    -1.702ns = ( 23.298 - 25.000 )
    Source Clock Delay      (SCD):    -0.659ns
    Clock Pessimism Removal (CPR):    0.466ns
  Clock Uncertainty:      0.082ns  ((TSJ^2 + DJ^2)^1/2) / 2 + PE
    Total System Jitter     (TSJ):    0.071ns
    Discrete Jitter          (DJ):    0.147ns
    Phase Error              (PE):    0.000ns

    Location             Delay type                Incr(ns)  Path(ns)    Netlist Resource(s)
  -------------------------------------------------------------------    -------------------
                         (clock core_clk_40 rise edge)
                                                      0.000     0.000 r  <hidden>
    H16                                               0.000     0.000 r  clk
                         net (fo=0)                   0.000     0.000    clk
    H16                  IBUF (Prop_ibuf_I_O)         1.451     1.451 r  clk_IBUF_inst/O
                         net (fo=1, routed)           1.285     2.736    clk_IBUF
    MMCME2_ADV_X1Y2      MMCME2_ADV (Prop_mmcme2_adv_CLKIN1_CLKOUT0)
                                                     -7.759    -5.023 r  u_mmcm/CLKOUT0
                         net (fo=1, routed)           2.206    -2.817    clk_40_raw
    BUFGCTRL_X0Y16       BUFG (Prop_bufg_I_O)         0.101    -2.716 r  u_core_clk_bufg/O
                         net (fo=4632, routed)        2.057    -0.659    clk_40
    SLICE_X112Y105       FDPE                                         r  reset_pipe_reg[1]/C
  -------------------------------------------------------------------    -------------------
    SLICE_X112Y105       FDPE (Prop_fdpe_C_Q)         0.478    -0.181 f  reset_pipe_reg[1]/Q
                         net (fo=445, routed)         7.393     7.212    u_soc/out[0]
    SLICE_X45Y80         FDCE                                         f  u_soc/cycle_cnt_reg[17]/CLR
  -------------------------------------------------------------------    -------------------

                         (clock core_clk_40 rise edge)
                                                     25.000    25.000 r  <hidden>
    H16                                               0.000    25.000 r  clk
                         net (fo=0)                   0.000    25.000    clk
    H16                  IBUF (Prop_ibuf_I_O)         1.380    26.380 r  clk_IBUF_inst/O
                         net (fo=1, routed)           1.162    27.542    clk_IBUF
    MMCME2_ADV_X1Y2      MMCME2_ADV (Prop_mmcme2_adv_CLKIN1_CLKOUT0)
                                                     -7.814    19.728 r  u_mmcm/CLKOUT0
                         net (fo=1, routed)           2.012    21.740    clk_40_raw
    BUFGCTRL_X0Y16       BUFG (Prop_bufg_I_O)         0.091    21.831 r  u_core_clk_bufg/O
                         net (fo=4632, routed)        1.467    23.298    u_soc/clk_40
    SLICE_X45Y80         FDCE                                         r  u_soc/cycle_cnt_reg[17]/C
                         clock pessimism              0.466    23.764    <hidden>
                         clock uncertainty           -0.082    23.683    <hidden>
    SLICE_X45Y80         FDCE (Recov_fdce_C_CLR)     -0.576    23.107    u_soc/cycle_cnt_reg[17]
  -------------------------------------------------------------------
                         required time                         23.107    <hidden>
                         arrival time                          -7.212    <hidden>
  -------------------------------------------------------------------
                         slack                                 15.895    <hidden>

Slack (MET) :             15.895ns  (required time - arrival time)
  Source:                 reset_pipe_reg[1]/C
                            (rising edge-triggered cell FDPE clocked by core_clk_40  {rise@0.000ns fall@12.500ns period=25.000ns})
  Destination:            u_soc/cycle_cnt_reg[18]/CLR
                            (recovery check against rising-edge clock core_clk_40  {rise@0.000ns fall@12.500ns period=25.000ns})
  Path Group:             **async_default**
  Path Type:              Recovery (Max at Slow Process Corner)
  Requirement:            25.000ns  (core_clk_40 rise@25.000ns - core_clk_40 rise@0.000ns)
  Data Path Delay:        7.871ns  (logic 0.478ns (6.073%)  route 7.393ns (93.927%))
  Logic Levels:           0
  Clock Path Skew:        -0.576ns (DCD - SCD + CPR)
    Destination Clock Delay (DCD):    -1.702ns = ( 23.298 - 25.000 )
    Source Clock Delay      (SCD):    -0.659ns
    Clock Pessimism Removal (CPR):    0.466ns
  Clock Uncertainty:      0.082ns  ((TSJ^2 + DJ^2)^1/2) / 2 + PE
    Total System Jitter     (TSJ):    0.071ns
    Discrete Jitter          (DJ):    0.147ns
    Phase Error              (PE):    0.000ns

    Location             Delay type                Incr(ns)  Path(ns)    Netlist Resource(s)
  -------------------------------------------------------------------    -------------------
                         (clock core_clk_40 rise edge)
                                                      0.000     0.000 r  <hidden>
    H16                                               0.000     0.000 r  clk
                         net (fo=0)                   0.000     0.000    clk
    H16                  IBUF (Prop_ibuf_I_O)         1.451     1.451 r  clk_IBUF_inst/O
                         net (fo=1, routed)           1.285     2.736    clk_IBUF
    MMCME2_ADV_X1Y2      MMCME2_ADV (Prop_mmcme2_adv_CLKIN1_CLKOUT0)
                                                     -7.759    -5.023 r  u_mmcm/CLKOUT0
                         net (fo=1, routed)           2.206    -2.817    clk_40_raw
    BUFGCTRL_X0Y16       BUFG (Prop_bufg_I_O)         0.101    -2.716 r  u_core_clk_bufg/O
                         net (fo=4632, routed)        2.057    -0.659    clk_40
    SLICE_X112Y105       FDPE                                         r  reset_pipe_reg[1]/C
  -------------------------------------------------------------------    -------------------
    SLICE_X112Y105       FDPE (Prop_fdpe_C_Q)         0.478    -0.181 f  reset_pipe_reg[1]/Q
                         net (fo=445, routed)         7.393     7.212    u_soc/out[0]
    SLICE_X45Y80         FDCE                                         f  u_soc/cycle_cnt_reg[18]/CLR
  -------------------------------------------------------------------    -------------------

                         (clock core_clk_40 rise edge)
                                                     25.000    25.000 r  <hidden>
    H16                                               0.000    25.000 r  clk
                         net (fo=0)                   0.000    25.000    clk
    H16                  IBUF (Prop_ibuf_I_O)         1.380    26.380 r  clk_IBUF_inst/O
                         net (fo=1, routed)           1.162    27.542    clk_IBUF
    MMCME2_ADV_X1Y2      MMCME2_ADV (Prop_mmcme2_adv_CLKIN1_CLKOUT0)
                                                     -7.814    19.728 r  u_mmcm/CLKOUT0
                         net (fo=1, routed)           2.012    21.740    clk_40_raw
    BUFGCTRL_X0Y16       BUFG (Prop_bufg_I_O)         0.091    21.831 r  u_core_clk_bufg/O
                         net (fo=4632, routed)        1.467    23.298    u_soc/clk_40
    SLICE_X45Y80         FDCE                                         r  u_soc/cycle_cnt_reg[18]/C
                         clock pessimism              0.466    23.764    <hidden>
                         clock uncertainty           -0.082    23.683    <hidden>
    SLICE_X45Y80         FDCE (Recov_fdce_C_CLR)     -0.576    23.107    u_soc/cycle_cnt_reg[18]
  -------------------------------------------------------------------
                         required time                         23.107    <hidden>
                         arrival time                          -7.212    <hidden>
  -------------------------------------------------------------------
                         slack                                 15.895    <hidden>

Slack (MET) :             15.895ns  (required time - arrival time)
  Source:                 reset_pipe_reg[1]/C
                            (rising edge-triggered cell FDPE clocked by core_clk_40  {rise@0.000ns fall@12.500ns period=25.000ns})
  Destination:            u_soc/cycle_cnt_reg[19]/CLR
                            (recovery check against rising-edge clock core_clk_40  {rise@0.000ns fall@12.500ns period=25.000ns})
  Path Group:             **async_default**
  Path Type:              Recovery (Max at Slow Process Corner)
  Requirement:            25.000ns  (core_clk_40 rise@25.000ns - core_clk_40 rise@0.000ns)
  Data Path Delay:        7.871ns  (logic 0.478ns (6.073%)  route 7.393ns (93.927%))
  Logic Levels:           0
  Clock Path Skew:        -0.576ns (DCD - SCD + CPR)
    Destination Clock Delay (DCD):    -1.702ns = ( 23.298 - 25.000 )
    Source Clock Delay      (SCD):    -0.659ns
    Clock Pessimism Removal (CPR):    0.466ns
  Clock Uncertainty:      0.082ns  ((TSJ^2 + DJ^2)^1/2) / 2 + PE
    Total System Jitter     (TSJ):    0.071ns
    Discrete Jitter          (DJ):    0.147ns
    Phase Error              (PE):    0.000ns

    Location             Delay type                Incr(ns)  Path(ns)    Netlist Resource(s)
  -------------------------------------------------------------------    -------------------
                         (clock core_clk_40 rise edge)
                                                      0.000     0.000 r  <hidden>
    H16                                               0.000     0.000 r  clk
                         net (fo=0)                   0.000     0.000    clk
    H16                  IBUF (Prop_ibuf_I_O)         1.451     1.451 r  clk_IBUF_inst/O
                         net (fo=1, routed)           1.285     2.736    clk_IBUF
    MMCME2_ADV_X1Y2      MMCME2_ADV (Prop_mmcme2_adv_CLKIN1_CLKOUT0)
                                                     -7.759    -5.023 r  u_mmcm/CLKOUT0
                         net (fo=1, routed)           2.206    -2.817    clk_40_raw
    BUFGCTRL_X0Y16       BUFG (Prop_bufg_I_O)         0.101    -2.716 r  u_core_clk_bufg/O
                         net (fo=4632, routed)        2.057    -0.659    clk_40
    SLICE_X112Y105       FDPE                                         r  reset_pipe_reg[1]/C
  -------------------------------------------------------------------    -------------------
    SLICE_X112Y105       FDPE (Prop_fdpe_C_Q)         0.478    -0.181 f  reset_pipe_reg[1]/Q
                         net (fo=445, routed)         7.393     7.212    u_soc/out[0]
    SLICE_X45Y80         FDCE                                         f  u_soc/cycle_cnt_reg[19]/CLR
  -------------------------------------------------------------------    -------------------

                         (clock core_clk_40 rise edge)
                                                     25.000    25.000 r  <hidden>
    H16                                               0.000    25.000 r  clk
                         net (fo=0)                   0.000    25.000    clk
    H16                  IBUF (Prop_ibuf_I_O)         1.380    26.380 r  clk_IBUF_inst/O
                         net (fo=1, routed)           1.162    27.542    clk_IBUF
    MMCME2_ADV_X1Y2      MMCME2_ADV (Prop_mmcme2_adv_CLKIN1_CLKOUT0)
                                                     -7.814    19.728 r  u_mmcm/CLKOUT0
                         net (fo=1, routed)           2.012    21.740    clk_40_raw
    BUFGCTRL_X0Y16       BUFG (Prop_bufg_I_O)         0.091    21.831 r  u_core_clk_bufg/O
                         net (fo=4632, routed)        1.467    23.298    u_soc/clk_40
    SLICE_X45Y80         FDCE                                         r  u_soc/cycle_cnt_reg[19]/C
                         clock pessimism              0.466    23.764    <hidden>
                         clock uncertainty           -0.082    23.683    <hidden>
    SLICE_X45Y80         FDCE (Recov_fdce_C_CLR)     -0.576    23.107    u_soc/cycle_cnt_reg[19]
  -------------------------------------------------------------------
                         required time                         23.107    <hidden>
                         arrival time                          -7.212    <hidden>
  -------------------------------------------------------------------
                         slack                                 15.895    <hidden>

Slack (MET) :             16.006ns  (required time - arrival time)
  Source:                 reset_pipe_reg[1]/C
                            (rising edge-triggered cell FDPE clocked by core_clk_40  {rise@0.000ns fall@12.500ns period=25.000ns})
  Destination:            u_soc/cycle_cnt_reg[24]/CLR
                            (recovery check against rising-edge clock core_clk_40  {rise@0.000ns fall@12.500ns period=25.000ns})
  Path Group:             **async_default**
  Path Type:              Recovery (Max at Slow Process Corner)
  Requirement:            25.000ns  (core_clk_40 rise@25.000ns - core_clk_40 rise@0.000ns)
  Data Path Delay:        7.763ns  (logic 0.478ns (6.157%)  route 7.285ns (93.843%))
  Logic Levels:           0
  Clock Path Skew:        -0.573ns (DCD - SCD + CPR)
    Destination Clock Delay (DCD):    -1.699ns = ( 23.301 - 25.000 )
    Source Clock Delay      (SCD):    -0.659ns
    Clock Pessimism Removal (CPR):    0.466ns
  Clock Uncertainty:      0.082ns  ((TSJ^2 + DJ^2)^1/2) / 2 + PE
    Total System Jitter     (TSJ):    0.071ns
    Discrete Jitter          (DJ):    0.147ns
    Phase Error              (PE):    0.000ns

    Location             Delay type                Incr(ns)  Path(ns)    Netlist Resource(s)
  -------------------------------------------------------------------    -------------------
                         (clock core_clk_40 rise edge)
                                                      0.000     0.000 r  <hidden>
    H16                                               0.000     0.000 r  clk
                         net (fo=0)                   0.000     0.000    clk
    H16                  IBUF (Prop_ibuf_I_O)         1.451     1.451 r  clk_IBUF_inst/O
                         net (fo=1, routed)           1.285     2.736    clk_IBUF
    MMCME2_ADV_X1Y2      MMCME2_ADV (Prop_mmcme2_adv_CLKIN1_CLKOUT0)
                                                     -7.759    -5.023 r  u_mmcm/CLKOUT0
                         net (fo=1, routed)           2.206    -2.817    clk_40_raw
    BUFGCTRL_X0Y16       BUFG (Prop_bufg_I_O)         0.101    -2.716 r  u_core_clk_bufg/O
                         net (fo=4632, routed)        2.057    -0.659    clk_40
    SLICE_X112Y105       FDPE                                         r  reset_pipe_reg[1]/C
  -------------------------------------------------------------------    -------------------
    SLICE_X112Y105       FDPE (Prop_fdpe_C_Q)         0.478    -0.181 f  reset_pipe_reg[1]/Q
                         net (fo=445, routed)         7.285     7.104    u_soc/out[0]
    SLICE_X45Y82         FDCE                                         f  u_soc/cycle_cnt_reg[24]/CLR
  -------------------------------------------------------------------    -------------------

                         (clock core_clk_40 rise edge)
                                                     25.000    25.000 r  <hidden>
    H16                                               0.000    25.000 r  clk
                         net (fo=0)                   0.000    25.000    clk
    H16                  IBUF (Prop_ibuf_I_O)         1.380    26.380 r  clk_IBUF_inst/O
                         net (fo=1, routed)           1.162    27.542    clk_IBUF
    MMCME2_ADV_X1Y2      MMCME2_ADV (Prop_mmcme2_adv_CLKIN1_CLKOUT0)
                                                     -7.814    19.728 r  u_mmcm/CLKOUT0
                         net (fo=1, routed)           2.012    21.740    clk_40_raw
    BUFGCTRL_X0Y16       BUFG (Prop_bufg_I_O)         0.091    21.831 r  u_core_clk_bufg/O
                         net (fo=4632, routed)        1.470    23.301    u_soc/clk_40
    SLICE_X45Y82         FDCE                                         r  u_soc/cycle_cnt_reg[24]/C
                         clock pessimism              0.466    23.767    <hidden>
                         clock uncertainty           -0.082    23.686    <hidden>
    SLICE_X45Y82         FDCE (Recov_fdce_C_CLR)     -0.576    23.110    u_soc/cycle_cnt_reg[24]
  -------------------------------------------------------------------
                         required time                         23.110    <hidden>
                         arrival time                          -7.104    <hidden>
  -------------------------------------------------------------------
                         slack                                 16.006    <hidden>

Slack (MET) :             16.006ns  (required time - arrival time)
  Source:                 reset_pipe_reg[1]/C
                            (rising edge-triggered cell FDPE clocked by core_clk_40  {rise@0.000ns fall@12.500ns period=25.000ns})
  Destination:            u_soc/cycle_cnt_reg[25]/CLR
                            (recovery check against rising-edge clock core_clk_40  {rise@0.000ns fall@12.500ns period=25.000ns})
  Path Group:             **async_default**
  Path Type:              Recovery (Max at Slow Process Corner)
  Requirement:            25.000ns  (core_clk_40 rise@25.000ns - core_clk_40 rise@0.000ns)
  Data Path Delay:        7.763ns  (logic 0.478ns (6.157%)  route 7.285ns (93.843%))
  Logic Levels:           0
  Clock Path Skew:        -0.573ns (DCD - SCD + CPR)
    Destination Clock Delay (DCD):    -1.699ns = ( 23.301 - 25.000 )
    Source Clock Delay      (SCD):    -0.659ns
    Clock Pessimism Removal (CPR):    0.466ns
  Clock Uncertainty:      0.082ns  ((TSJ^2 + DJ^2)^1/2) / 2 + PE
    Total System Jitter     (TSJ):    0.071ns
    Discrete Jitter          (DJ):    0.147ns
    Phase Error              (PE):    0.000ns

    Location             Delay type                Incr(ns)  Path(ns)    Netlist Resource(s)
  -------------------------------------------------------------------    -------------------
                         (clock core_clk_40 rise edge)
                                                      0.000     0.000 r  <hidden>
    H16                                               0.000     0.000 r  clk
                         net (fo=0)                   0.000     0.000    clk
    H16                  IBUF (Prop_ibuf_I_O)         1.451     1.451 r  clk_IBUF_inst/O
                         net (fo=1, routed)           1.285     2.736    clk_IBUF
    MMCME2_ADV_X1Y2      MMCME2_ADV (Prop_mmcme2_adv_CLKIN1_CLKOUT0)
                                                     -7.759    -5.023 r  u_mmcm/CLKOUT0
                         net (fo=1, routed)           2.206    -2.817    clk_40_raw
    BUFGCTRL_X0Y16       BUFG (Prop_bufg_I_O)         0.101    -2.716 r  u_core_clk_bufg/O
                         net (fo=4632, routed)        2.057    -0.659    clk_40
    SLICE_X112Y105       FDPE                                         r  reset_pipe_reg[1]/C
  -------------------------------------------------------------------    -------------------
    SLICE_X112Y105       FDPE (Prop_fdpe_C_Q)         0.478    -0.181 f  reset_pipe_reg[1]/Q
                         net (fo=445, routed)         7.285     7.104    u_soc/out[0]
    SLICE_X45Y82         FDCE                                         f  u_soc/cycle_cnt_reg[25]/CLR
  -------------------------------------------------------------------    -------------------

                         (clock core_clk_40 rise edge)
                                                     25.000    25.000 r  <hidden>
    H16                                               0.000    25.000 r  clk
                         net (fo=0)                   0.000    25.000    clk
    H16                  IBUF (Prop_ibuf_I_O)         1.380    26.380 r  clk_IBUF_inst/O
                         net (fo=1, routed)           1.162    27.542    clk_IBUF
    MMCME2_ADV_X1Y2      MMCME2_ADV (Prop_mmcme2_adv_CLKIN1_CLKOUT0)
                                                     -7.814    19.728 r  u_mmcm/CLKOUT0
                         net (fo=1, routed)           2.012    21.740    clk_40_raw
    BUFGCTRL_X0Y16       BUFG (Prop_bufg_I_O)         0.091    21.831 r  u_core_clk_bufg/O
                         net (fo=4632, routed)        1.470    23.301    u_soc/clk_40
    SLICE_X45Y82         FDCE                                         r  u_soc/cycle_cnt_reg[25]/C
                         clock pessimism              0.466    23.767    <hidden>
                         clock uncertainty           -0.082    23.686    <hidden>
    SLICE_X45Y82         FDCE (Recov_fdce_C_CLR)     -0.576    23.110    u_soc/cycle_cnt_reg[25]
  -------------------------------------------------------------------
                         required time                         23.110    <hidden>
                         arrival time                          -7.104    <hidden>
  -------------------------------------------------------------------
                         slack                                 16.006    <hidden>
