Copyright 1986-2022 Xilinx, Inc. All Rights Reserved. Copyright 2022-2026 Advanced Micro Devices, Inc. All Rights Reserved.
----------------------------------------------------------------------------------------------------------------------------------------------------------------------------
| Tool Version : Vivado v.2026.1 (win64) Build 6511674 Tue Jun 16 11:02:23 MDT 2026
| Date         : Sun Sep 27 00:24:45 2026
| Host         : Walter-Cooper running 64-bit major release  (build 9200)
| Command      : report_timing -delay_type max -max_paths 10 -sort_by group -file D:/Desktop/contests/2026fpga/FPGA-Alittle-Design/build/reports/soc_timing_worst_paths.rpt
| Design       : pynq_z2_top
| Device       : 7z020-clg400
| Speed File   : -1  PRODUCTION 1.12 2019-11-22
| Design State : Physopt postRoute
----------------------------------------------------------------------------------------------------------------------------------------------------------------------------

Timing Report

Slack (MET) :             0.142ns  (required time - arrival time)
  Source:                 u_soc/u_imem/rdata_reg_5/CLKARDCLK
                            (rising edge-triggered cell RAMB36E1 clocked by core_clk_40  {rise@0.000ns fall@12.500ns period=25.000ns})
  Destination:            u_soc/u_core/u_regfile/regs_reg_r1_0_31_12_17/RAMB_D1/I
                            (rising edge-triggered cell RAMD32 clocked by core_clk_40  {rise@0.000ns fall@12.500ns period=25.000ns})
  Path Group:             core_clk_40
  Path Type:              Setup (Max at Slow Process Corner)
  Requirement:            25.000ns  (core_clk_40 rise@25.000ns - core_clk_40 rise@0.000ns)
  Data Path Delay:        24.286ns  (logic 6.211ns (25.574%)  route 18.075ns (74.426%))
  Logic Levels:           19  (LUT3=3 LUT4=1 LUT5=1 LUT6=9 MUXF7=2 MUXF8=1 RAMD32=1 RAMS64E=1)
  Clock Path Skew:        -0.262ns (DCD - SCD + CPR)
    Destination Clock Delay (DCD):    -1.673ns = ( 23.327 - 25.000 ) 
    Source Clock Delay      (SCD):    -0.945ns
    Clock Pessimism Removal (CPR):    0.466ns
  Clock Uncertainty:      0.082ns  ((TSJ^2 + DJ^2)^1/2) / 2 + PE
    Total System Jitter     (TSJ):    0.071ns
    Discrete Jitter          (DJ):    0.147ns
    Phase Error              (PE):    0.000ns

    Location             Delay type                Incr(ns)  Path(ns)    Netlist Resource(s)
  -------------------------------------------------------------------    -------------------
                         (clock core_clk_40 rise edge)
                                                      0.000     0.000 r  <hidden>
    H16                                               0.000     0.000 r  clk
                         net (fo=0)                   0.000     0.000    clk
    H16                  IBUF (Prop_ibuf_I_O)         1.451     1.451 r  clk_IBUF_inst/O
                         net (fo=1, routed)           1.285     2.736    clk_IBUF
    MMCME2_ADV_X1Y2      MMCME2_ADV (Prop_mmcme2_adv_CLKIN1_CLKOUT0)
                                                     -7.759    -5.023 r  u_mmcm/CLKOUT0
                         net (fo=1, routed)           2.206    -2.817    clk_40_raw
    BUFGCTRL_X0Y16       BUFG (Prop_bufg_I_O)         0.101    -2.716 r  u_core_clk_bufg/O
                         net (fo=4600, routed)        1.771    -0.945    u_soc/u_imem/clk_40
    RAMB36_X3Y9          RAMB36E1                                     r  u_soc/u_imem/rdata_reg_5/CLKARDCLK
  -------------------------------------------------------------------    -------------------
    RAMB36_X3Y9          RAMB36E1 (Prop_ramb36e1_CLKARDCLK_DOADO[0])
                                                      2.454     1.509 r  u_soc/u_imem/rdata_reg_5/DOADO[0]
                         net (fo=2, routed)           1.014     2.523    u_soc/u_core/u_if_stage/pc[31]_i_17_0[20]
    SLICE_X55Y46         LUT4 (Prop_lut4_I1_O)        0.124     2.647 r  u_soc/u_core/u_if_stage/regs_reg_r2_0_31_0_5_i_5/O
                         net (fo=40, routed)          1.277     3.924    u_soc/u_core/u_regfile/regs_reg_r2_0_31_0_5/ADDRC0
    SLICE_X50Y49         RAMD32 (Prop_ramd32_RADR0_O)
                                                      0.153     4.077 r  u_soc/u_core/u_regfile/regs_reg_r2_0_31_0_5/RAMC/O
                         net (fo=3, routed)           1.041     5.118    u_soc/u_core/u_regfile/rdata20[4]
    SLICE_X49Y53         LUT6 (Prop_lut6_I0_O)        0.331     5.449 r  u_soc/u_core/u_regfile/mem_reg_0_255_4_4_i_1/O
                         net (fo=133, routed)         0.859     6.307    u_soc/u_core/u_if_stage/divisor_r_reg[4]
    SLICE_X48Y53         LUT6 (Prop_lut6_I0_O)        0.124     6.431 r  u_soc/u_core/u_if_stage/mem_reg_0_255_0_0_i_73/O
                         net (fo=138, routed)         1.285     7.716    u_soc/u_core/u_if_stage/alu_b[4]
    SLICE_X48Y57         LUT3 (Prop_lut3_I1_O)        0.152     7.868 r  u_soc/u_core/u_if_stage/mem_reg_0_255_0_0_i_183/O
                         net (fo=1, routed)           0.472     8.341    u_soc/u_core/u_if_stage/mem_reg_0_255_0_0_i_183_n_0
    SLICE_X48Y58         LUT6 (Prop_lut6_I3_O)        0.326     8.667 r  u_soc/u_core/u_if_stage/mem_reg_0_255_0_0_i_174/O
                         net (fo=2, routed)           0.875     9.542    u_soc/u_core/u_if_stage/mem_reg_0_255_0_0_i_174_n_0
    SLICE_X48Y58         LUT3 (Prop_lut3_I2_O)        0.152     9.694 r  u_soc/u_core/u_if_stage/mem_reg_0_255_0_0_i_139/O
                         net (fo=2, routed)           0.782    10.476    u_soc/u_core/u_if_stage/mem_reg_0_255_0_0_i_139_n_0
    SLICE_X45Y61         LUT6 (Prop_lut6_I0_O)        0.326    10.802 r  u_soc/u_core/u_if_stage/mem_reg_0_255_0_0_i_82/O
                         net (fo=1, routed)           0.300    11.102    u_soc/u_core/u_if_stage/mem_reg_0_255_0_0_i_82_n_0
    SLICE_X44Y62         LUT6 (Prop_lut6_I5_O)        0.124    11.226 r  u_soc/u_core/u_if_stage/mem_reg_0_255_0_0_i_33/O
                         net (fo=29, routed)          1.855    13.081    u_soc/u_core/u_if_stage/mem_reg_0_255_0_0_i_33_n_0
    SLICE_X39Y93         LUT5 (Prop_lut5_I2_O)        0.124    13.205 r  u_soc/u_core/u_if_stage/mem_reg_0_255_31_31_i_8/O
                         net (fo=128, routed)         2.007    15.212    u_soc/u_dmem/mem_reg_2304_2559_31_31/A1
    SLICE_X26Y119        RAMS64E (Prop_rams64e_ADR1_O)
                                                      0.317    15.529 r  u_soc/u_dmem/mem_reg_2304_2559_31_31/RAMS64E_A/O
                         net (fo=1, routed)           0.000    15.529    u_soc/u_dmem/mem_reg_2304_2559_31_31/OA
    SLICE_X26Y119        MUXF7 (Prop_muxf7_I1_O)      0.214    15.743 r  u_soc/u_dmem/mem_reg_2304_2559_31_31/F7.A/O
                         net (fo=1, routed)           0.000    15.743    u_soc/u_dmem/mem_reg_2304_2559_31_31/O1
    SLICE_X26Y119        MUXF8 (Prop_muxf8_I1_O)      0.088    15.831 r  u_soc/u_dmem/mem_reg_2304_2559_31_31/F8/O
                         net (fo=1, routed)           1.245    17.076    u_soc/u_dmem/mem_reg_2304_2559_31_31_n_0
    SLICE_X31Y101        LUT6 (Prop_lut6_I3_O)        0.319    17.395 r  u_soc/u_dmem/regs_reg_r1_0_31_30_31_i_13__0/O
                         net (fo=1, routed)           0.000    17.395    u_soc/u_dmem/regs_reg_r1_0_31_30_31_i_13__0_n_0
    SLICE_X31Y101        MUXF7 (Prop_muxf7_I0_O)      0.212    17.607 r  u_soc/u_dmem/regs_reg_r1_0_31_30_31_i_7__0/O
                         net (fo=1, routed)           1.080    18.687    u_soc/u_dmem/regs_reg_r1_0_31_30_31_i_7__0_n_0
    SLICE_X39Y95         LUT6 (Prop_lut6_I3_O)        0.299    18.986 r  u_soc/u_dmem/regs_reg_r1_0_31_30_31_i_3__0/O
                         net (fo=3, routed)           1.798    20.784    u_soc/u_dmem/regs_reg_r1_0_31_30_31_i_8__0_0[30]
    SLICE_X48Y57         LUT3 (Prop_lut3_I0_O)        0.124    20.908 r  u_soc/u_dmem/regs_reg_r1_0_31_12_17_i_33/O
                         net (fo=2, routed)           0.980    21.887    u_soc/u_core/u_if_stage/regs_reg_r1_0_31_12_17_i_3_0
    SLICE_X55Y55         LUT6 (Prop_lut6_I2_O)        0.124    22.011 r  u_soc/u_core/u_if_stage/regs_reg_r1_0_31_12_17_i_16/O
                         net (fo=1, routed)           0.645    22.656    u_soc/u_core/u_if_stage/regs_reg_r1_0_31_12_17_i_16_n_0
    SLICE_X51Y54         LUT6 (Prop_lut6_I1_O)        0.124    22.780 r  u_soc/u_core/u_if_stage/regs_reg_r1_0_31_12_17_i_3/O
                         net (fo=2, routed)           0.561    23.341    u_soc/u_core/u_regfile/regs_reg_r1_0_31_12_17/DIB1
    SLICE_X46Y49         RAMD32                                       r  u_soc/u_core/u_regfile/regs_reg_r1_0_31_12_17/RAMB_D1/I
  -------------------------------------------------------------------    -------------------

                         (clock core_clk_40 rise edge)
                                                     25.000    25.000 r  <hidden>
    H16                                               0.000    25.000 r  clk
                         net (fo=0)                   0.000    25.000    clk
    H16                  IBUF (Prop_ibuf_I_O)         1.380    26.380 r  clk_IBUF_inst/O
                         net (fo=1, routed)           1.162    27.542    clk_IBUF
    MMCME2_ADV_X1Y2      MMCME2_ADV (Prop_mmcme2_adv_CLKIN1_CLKOUT0)
                                                     -7.814    19.728 r  u_mmcm/CLKOUT0
                         net (fo=1, routed)           2.012    21.740    clk_40_raw
    BUFGCTRL_X0Y16       BUFG (Prop_bufg_I_O)         0.091    21.831 r  u_core_clk_bufg/O
                         net (fo=4600, routed)        1.495    23.327    u_soc/u_core/u_regfile/regs_reg_r1_0_31_12_17/WCLK
    SLICE_X46Y49         RAMD32                                       r  u_soc/u_core/u_regfile/regs_reg_r1_0_31_12_17/RAMB_D1/CLK
                         clock pessimism              0.466    23.793    <hidden>
                         clock uncertainty           -0.082    23.711    <hidden>
    SLICE_X46Y49         RAMD32 (Setup_ramd32_CLK_I)
                                                     -0.228    23.483    u_soc/u_core/u_regfile/regs_reg_r1_0_31_12_17/RAMB_D1
  -------------------------------------------------------------------
                         required time                         23.483    <hidden>
                         arrival time                         -23.341    <hidden>
  -------------------------------------------------------------------
                         slack                                  0.142    <hidden>

Slack (MET) :             0.202ns  (required time - arrival time)
  Source:                 u_soc/u_imem/rdata_reg_4/CLKARDCLK
                            (rising edge-triggered cell RAMB36E1 clocked by core_clk_40  {rise@0.000ns fall@12.500ns period=25.000ns})
  Destination:            u_soc/u_core/u_regfile/regs_reg_r2_0_31_12_17/RAMB_D1/I
                            (rising edge-triggered cell RAMD32 clocked by core_clk_40  {rise@0.000ns fall@12.500ns period=25.000ns})
  Path Group:             core_clk_40
  Path Type:              Setup (Max at Slow Process Corner)
  Requirement:            25.000ns  (core_clk_40 rise@25.000ns - core_clk_40 rise@0.000ns)
  Data Path Delay:        24.189ns  (logic 5.847ns (24.172%)  route 18.342ns (75.828%))
  Logic Levels:           18  (LUT3=2 LUT4=1 LUT5=2 LUT6=8 MUXF7=2 MUXF8=1 RAMD32=1 RAMS64E=1)
  Clock Path Skew:        -0.300ns (DCD - SCD + CPR)
    Destination Clock Delay (DCD):    -1.686ns = ( 23.314 - 25.000 ) 
    Source Clock Delay      (SCD):    -0.920ns
    Clock Pessimism Removal (CPR):    0.466ns
  Clock Uncertainty:      0.082ns  ((TSJ^2 + DJ^2)^1/2) / 2 + PE
    Total System Jitter     (TSJ):    0.071ns
    Discrete Jitter          (DJ):    0.147ns
    Phase Error              (PE):    0.000ns

    Location             Delay type                Incr(ns)  Path(ns)    Netlist Resource(s)
  -------------------------------------------------------------------    -------------------
                         (clock core_clk_40 rise edge)
                                                      0.000     0.000 r  <hidden>
    H16                                               0.000     0.000 r  clk
                         net (fo=0)                   0.000     0.000    clk
    H16                  IBUF (Prop_ibuf_I_O)         1.451     1.451 r  clk_IBUF_inst/O
                         net (fo=1, routed)           1.285     2.736    clk_IBUF
    MMCME2_ADV_X1Y2      MMCME2_ADV (Prop_mmcme2_adv_CLKIN1_CLKOUT0)
                                                     -7.759    -5.023 r  u_mmcm/CLKOUT0
                         net (fo=1, routed)           2.206    -2.817    clk_40_raw
    BUFGCTRL_X0Y16       BUFG (Prop_bufg_I_O)         0.101    -2.716 r  u_core_clk_bufg/O
                         net (fo=4600, routed)        1.796    -0.920    u_soc/u_imem/clk_40
    RAMB36_X1Y9          RAMB36E1                                     r  u_soc/u_imem/rdata_reg_4/CLKARDCLK
  -------------------------------------------------------------------    -------------------
    RAMB36_X1Y9          RAMB36E1 (Prop_ramb36e1_CLKARDCLK_DOADO[0])
                                                      2.454     1.534 r  u_soc/u_imem/rdata_reg_4/DOADO[0]
                         net (fo=2, routed)           1.929     3.463    u_soc/u_core/u_if_stage/pc[31]_i_17_0[16]
    SLICE_X53Y45         LUT4 (Prop_lut4_I1_O)        0.124     3.587 r  u_soc/u_core/u_if_stage/regs_reg_r1_0_31_0_5_i_11/O
                         net (fo=35, routed)          1.322     4.910    u_soc/u_core/u_regfile/regs_reg_r1_0_31_12_17/ADDRA1
    SLICE_X46Y49         RAMD32 (Prop_ramd32_RADR1_O)
                                                      0.146     5.056 r  u_soc/u_core/u_regfile/regs_reg_r1_0_31_12_17/RAMA/O
                         net (fo=3, routed)           0.836     5.892    u_soc/u_core/u_if_stage/rdata10[12]
    SLICE_X48Y49         LUT5 (Prop_lut5_I3_O)        0.328     6.220 r  u_soc/u_core/u_if_stage/pc[12]_i_8/O
                         net (fo=19, routed)          1.469     7.689    u_soc/u_core/u_if_stage/alu_a[12]
    SLICE_X45Y56         LUT6 (Prop_lut6_I1_O)        0.124     7.813 r  u_soc/u_core/u_if_stage/mem_reg_0_255_0_0_i_138/O
                         net (fo=4, routed)           0.664     8.477    u_soc/u_core/u_if_stage/mem_reg_0_255_0_0_i_138_n_0
    SLICE_X48Y58         LUT6 (Prop_lut6_I5_O)        0.124     8.601 r  u_soc/u_core/u_if_stage/mem_reg_0_255_0_0_i_174/O
                         net (fo=2, routed)           0.875     9.476    u_soc/u_core/u_if_stage/mem_reg_0_255_0_0_i_174_n_0
    SLICE_X48Y58         LUT3 (Prop_lut3_I2_O)        0.152     9.628 r  u_soc/u_core/u_if_stage/mem_reg_0_255_0_0_i_139/O
                         net (fo=2, routed)           0.782    10.410    u_soc/u_core/u_if_stage/mem_reg_0_255_0_0_i_139_n_0
    SLICE_X45Y61         LUT6 (Prop_lut6_I0_O)        0.326    10.736 r  u_soc/u_core/u_if_stage/mem_reg_0_255_0_0_i_82/O
                         net (fo=1, routed)           0.300    11.036    u_soc/u_core/u_if_stage/mem_reg_0_255_0_0_i_82_n_0
    SLICE_X44Y62         LUT6 (Prop_lut6_I5_O)        0.124    11.160 r  u_soc/u_core/u_if_stage/mem_reg_0_255_0_0_i_33/O
                         net (fo=29, routed)          1.855    13.015    u_soc/u_core/u_if_stage/mem_reg_0_255_0_0_i_33_n_0
    SLICE_X39Y93         LUT5 (Prop_lut5_I2_O)        0.124    13.139 r  u_soc/u_core/u_if_stage/mem_reg_0_255_31_31_i_8/O
                         net (fo=128, routed)         2.007    15.146    u_soc/u_dmem/mem_reg_2304_2559_31_31/A1
    SLICE_X26Y119        RAMS64E (Prop_rams64e_ADR1_O)
                                                      0.317    15.463 r  u_soc/u_dmem/mem_reg_2304_2559_31_31/RAMS64E_A/O
                         net (fo=1, routed)           0.000    15.463    u_soc/u_dmem/mem_reg_2304_2559_31_31/OA
    SLICE_X26Y119        MUXF7 (Prop_muxf7_I1_O)      0.214    15.677 r  u_soc/u_dmem/mem_reg_2304_2559_31_31/F7.A/O
                         net (fo=1, routed)           0.000    15.677    u_soc/u_dmem/mem_reg_2304_2559_31_31/O1
    SLICE_X26Y119        MUXF8 (Prop_muxf8_I1_O)      0.088    15.765 r  u_soc/u_dmem/mem_reg_2304_2559_31_31/F8/O
                         net (fo=1, routed)           1.245    17.011    u_soc/u_dmem/mem_reg_2304_2559_31_31_n_0
    SLICE_X31Y101        LUT6 (Prop_lut6_I3_O)        0.319    17.330 r  u_soc/u_dmem/regs_reg_r1_0_31_30_31_i_13__0/O
                         net (fo=1, routed)           0.000    17.330    u_soc/u_dmem/regs_reg_r1_0_31_30_31_i_13__0_n_0
    SLICE_X31Y101        MUXF7 (Prop_muxf7_I0_O)      0.212    17.542 r  u_soc/u_dmem/regs_reg_r1_0_31_30_31_i_7__0/O
                         net (fo=1, routed)           1.080    18.621    u_soc/u_dmem/regs_reg_r1_0_31_30_31_i_7__0_n_0
    SLICE_X39Y95         LUT6 (Prop_lut6_I3_O)        0.299    18.920 r  u_soc/u_dmem/regs_reg_r1_0_31_30_31_i_3__0/O
                         net (fo=3, routed)           1.798    20.718    u_soc/u_dmem/regs_reg_r1_0_31_30_31_i_8__0_0[30]
    SLICE_X48Y57         LUT3 (Prop_lut3_I0_O)        0.124    20.842 r  u_soc/u_dmem/regs_reg_r1_0_31_12_17_i_33/O
                         net (fo=2, routed)           0.980    21.821    u_soc/u_core/u_if_stage/regs_reg_r1_0_31_12_17_i_3_0
    SLICE_X55Y55         LUT6 (Prop_lut6_I2_O)        0.124    21.945 r  u_soc/u_core/u_if_stage/regs_reg_r1_0_31_12_17_i_16/O
                         net (fo=1, routed)           0.645    22.590    u_soc/u_core/u_if_stage/regs_reg_r1_0_31_12_17_i_16_n_0
    SLICE_X51Y54         LUT6 (Prop_lut6_I1_O)        0.124    22.714 r  u_soc/u_core/u_if_stage/regs_reg_r1_0_31_12_17_i_3/O
                         net (fo=2, routed)           0.554    23.269    u_soc/u_core/u_regfile/regs_reg_r2_0_31_12_17/DIB1
    SLICE_X50Y46         RAMD32                                       r  u_soc/u_core/u_regfile/regs_reg_r2_0_31_12_17/RAMB_D1/I
  -------------------------------------------------------------------    -------------------

                         (clock core_clk_40 rise edge)
                                                     25.000    25.000 r  <hidden>
    H16                                               0.000    25.000 r  clk
                         net (fo=0)                   0.000    25.000    clk
    H16                  IBUF (Prop_ibuf_I_O)         1.380    26.380 r  clk_IBUF_inst/O
                         net (fo=1, routed)           1.162    27.542    clk_IBUF
    MMCME2_ADV_X1Y2      MMCME2_ADV (Prop_mmcme2_adv_CLKIN1_CLKOUT0)
                                                     -7.814    19.728 r  u_mmcm/CLKOUT0
                         net (fo=1, routed)           2.012    21.740    clk_40_raw
    BUFGCTRL_X0Y16       BUFG (Prop_bufg_I_O)         0.091    21.831 r  u_core_clk_bufg/O
                         net (fo=4600, routed)        1.482    23.314    u_soc/u_core/u_regfile/regs_reg_r2_0_31_12_17/WCLK
    SLICE_X50Y46         RAMD32                                       r  u_soc/u_core/u_regfile/regs_reg_r2_0_31_12_17/RAMB_D1/CLK
                         clock pessimism              0.466    23.780    <hidden>
                         clock uncertainty           -0.082    23.698    <hidden>
    SLICE_X50Y46         RAMD32 (Setup_ramd32_CLK_I)
                                                     -0.228    23.470    u_soc/u_core/u_regfile/regs_reg_r2_0_31_12_17/RAMB_D1
  -------------------------------------------------------------------
                         required time                         23.470    <hidden>
                         arrival time                         -23.269    <hidden>
  -------------------------------------------------------------------
                         slack                                  0.202    <hidden>

Slack (MET) :             0.213ns  (required time - arrival time)
  Source:                 u_soc/u_imem/rdata_reg_4/CLKARDCLK
                            (rising edge-triggered cell RAMB36E1 clocked by core_clk_40  {rise@0.000ns fall@12.500ns period=25.000ns})
  Destination:            u_soc/u_core/u_regfile/regs_reg_r2_0_31_30_31/DP/I
                            (rising edge-triggered cell RAMD32 clocked by core_clk_40  {rise@0.000ns fall@12.500ns period=25.000ns})
  Path Group:             core_clk_40
  Path Type:              Setup (Max at Slow Process Corner)
  Requirement:            25.000ns  (core_clk_40 rise@25.000ns - core_clk_40 rise@0.000ns)
  Data Path Delay:        24.070ns  (logic 5.847ns (24.291%)  route 18.223ns (75.709%))
  Logic Levels:           18  (LUT3=2 LUT4=1 LUT5=2 LUT6=8 MUXF7=2 MUXF8=1 RAMD32=1 RAMS64E=1)
  Clock Path Skew:        -0.228ns (DCD - SCD + CPR)
    Destination Clock Delay (DCD):    -1.614ns = ( 23.386 - 25.000 ) 
    Source Clock Delay      (SCD):    -0.920ns
    Clock Pessimism Removal (CPR):    0.466ns
  Clock Uncertainty:      0.082ns  ((TSJ^2 + DJ^2)^1/2) / 2 + PE
    Total System Jitter     (TSJ):    0.071ns
    Discrete Jitter          (DJ):    0.147ns
    Phase Error              (PE):    0.000ns

    Location             Delay type                Incr(ns)  Path(ns)    Netlist Resource(s)
  -------------------------------------------------------------------    -------------------
                         (clock core_clk_40 rise edge)
                                                      0.000     0.000 r  <hidden>
    H16                                               0.000     0.000 r  clk
                         net (fo=0)                   0.000     0.000    clk
    H16                  IBUF (Prop_ibuf_I_O)         1.451     1.451 r  clk_IBUF_inst/O
                         net (fo=1, routed)           1.285     2.736    clk_IBUF
    MMCME2_ADV_X1Y2      MMCME2_ADV (Prop_mmcme2_adv_CLKIN1_CLKOUT0)
                                                     -7.759    -5.023 r  u_mmcm/CLKOUT0
                         net (fo=1, routed)           2.206    -2.817    clk_40_raw
    BUFGCTRL_X0Y16       BUFG (Prop_bufg_I_O)         0.101    -2.716 r  u_core_clk_bufg/O
                         net (fo=4600, routed)        1.796    -0.920    u_soc/u_imem/clk_40
    RAMB36_X1Y9          RAMB36E1                                     r  u_soc/u_imem/rdata_reg_4/CLKARDCLK
  -------------------------------------------------------------------    -------------------
    RAMB36_X1Y9          RAMB36E1 (Prop_ramb36e1_CLKARDCLK_DOADO[0])
                                                      2.454     1.534 r  u_soc/u_imem/rdata_reg_4/DOADO[0]
                         net (fo=2, routed)           1.929     3.463    u_soc/u_core/u_if_stage/pc[31]_i_17_0[16]
    SLICE_X53Y45         LUT4 (Prop_lut4_I1_O)        0.124     3.587 r  u_soc/u_core/u_if_stage/regs_reg_r1_0_31_0_5_i_11/O
                         net (fo=35, routed)          1.322     4.910    u_soc/u_core/u_regfile/regs_reg_r1_0_31_12_17/ADDRA1
    SLICE_X46Y49         RAMD32 (Prop_ramd32_RADR1_O)
                                                      0.146     5.056 r  u_soc/u_core/u_regfile/regs_reg_r1_0_31_12_17/RAMA/O
                         net (fo=3, routed)           0.836     5.892    u_soc/u_core/u_if_stage/rdata10[12]
    SLICE_X48Y49         LUT5 (Prop_lut5_I3_O)        0.328     6.220 r  u_soc/u_core/u_if_stage/pc[12]_i_8/O
                         net (fo=19, routed)          1.469     7.689    u_soc/u_core/u_if_stage/alu_a[12]
    SLICE_X45Y56         LUT6 (Prop_lut6_I1_O)        0.124     7.813 r  u_soc/u_core/u_if_stage/mem_reg_0_255_0_0_i_138/O
                         net (fo=4, routed)           0.664     8.477    u_soc/u_core/u_if_stage/mem_reg_0_255_0_0_i_138_n_0
    SLICE_X48Y58         LUT6 (Prop_lut6_I5_O)        0.124     8.601 r  u_soc/u_core/u_if_stage/mem_reg_0_255_0_0_i_174/O
                         net (fo=2, routed)           0.875     9.476    u_soc/u_core/u_if_stage/mem_reg_0_255_0_0_i_174_n_0
    SLICE_X48Y58         LUT3 (Prop_lut3_I2_O)        0.152     9.628 r  u_soc/u_core/u_if_stage/mem_reg_0_255_0_0_i_139/O
                         net (fo=2, routed)           0.782    10.410    u_soc/u_core/u_if_stage/mem_reg_0_255_0_0_i_139_n_0
    SLICE_X45Y61         LUT6 (Prop_lut6_I0_O)        0.326    10.736 r  u_soc/u_core/u_if_stage/mem_reg_0_255_0_0_i_82/O
                         net (fo=1, routed)           0.300    11.036    u_soc/u_core/u_if_stage/mem_reg_0_255_0_0_i_82_n_0
    SLICE_X44Y62         LUT6 (Prop_lut6_I5_O)        0.124    11.160 r  u_soc/u_core/u_if_stage/mem_reg_0_255_0_0_i_33/O
                         net (fo=29, routed)          1.855    13.015    u_soc/u_core/u_if_stage/mem_reg_0_255_0_0_i_33_n_0
    SLICE_X39Y93         LUT5 (Prop_lut5_I2_O)        0.124    13.139 r  u_soc/u_core/u_if_stage/mem_reg_0_255_31_31_i_8/O
                         net (fo=128, routed)         2.007    15.146    u_soc/u_dmem/mem_reg_2304_2559_31_31/A1
    SLICE_X26Y119        RAMS64E (Prop_rams64e_ADR1_O)
                                                      0.317    15.463 r  u_soc/u_dmem/mem_reg_2304_2559_31_31/RAMS64E_A/O
                         net (fo=1, routed)           0.000    15.463    u_soc/u_dmem/mem_reg_2304_2559_31_31/OA
    SLICE_X26Y119        MUXF7 (Prop_muxf7_I1_O)      0.214    15.677 r  u_soc/u_dmem/mem_reg_2304_2559_31_31/F7.A/O
                         net (fo=1, routed)           0.000    15.677    u_soc/u_dmem/mem_reg_2304_2559_31_31/O1
    SLICE_X26Y119        MUXF8 (Prop_muxf8_I1_O)      0.088    15.765 r  u_soc/u_dmem/mem_reg_2304_2559_31_31/F8/O
                         net (fo=1, routed)           1.245    17.011    u_soc/u_dmem/mem_reg_2304_2559_31_31_n_0
    SLICE_X31Y101        LUT6 (Prop_lut6_I3_O)        0.319    17.330 r  u_soc/u_dmem/regs_reg_r1_0_31_30_31_i_13__0/O
                         net (fo=1, routed)           0.000    17.330    u_soc/u_dmem/regs_reg_r1_0_31_30_31_i_13__0_n_0
    SLICE_X31Y101        MUXF7 (Prop_muxf7_I0_O)      0.212    17.542 r  u_soc/u_dmem/regs_reg_r1_0_31_30_31_i_7__0/O
                         net (fo=1, routed)           1.080    18.621    u_soc/u_dmem/regs_reg_r1_0_31_30_31_i_7__0_n_0
    SLICE_X39Y95         LUT6 (Prop_lut6_I3_O)        0.299    18.920 r  u_soc/u_dmem/regs_reg_r1_0_31_30_31_i_3__0/O
                         net (fo=3, routed)           1.798    20.718    u_soc/u_dmem/regs_reg_r1_0_31_30_31_i_8__0_0[30]
    SLICE_X48Y57         LUT3 (Prop_lut3_I0_O)        0.124    20.842 r  u_soc/u_dmem/regs_reg_r1_0_31_12_17_i_33/O
                         net (fo=2, routed)           0.610    21.452    u_soc/u_core/u_if_stage/regs_reg_r1_0_31_12_17_i_3_0
    SLICE_X52Y57         LUT6 (Prop_lut6_I0_O)        0.124    21.576 r  u_soc/u_core/u_if_stage/regs_reg_r1_0_31_12_17_i_22/O
                         net (fo=16, routed)          0.749    22.325    u_soc/u_core/u_if_stage/regs_reg_r1_0_31_12_17_i_22_n_0
    SLICE_X55Y54         LUT6 (Prop_lut6_I1_O)        0.124    22.449 r  u_soc/u_core/u_if_stage/regs_reg_r1_0_31_30_31_i_1__0/O
                         net (fo=4, routed)           0.701    23.150    u_soc/u_core/u_regfile/regs_reg_r2_0_31_30_31/D
    SLICE_X54Y47         RAMD32                                       r  u_soc/u_core/u_regfile/regs_reg_r2_0_31_30_31/DP/I
  -------------------------------------------------------------------    -------------------

                         (clock core_clk_40 rise edge)
                                                     25.000    25.000 r  <hidden>
    H16                                               0.000    25.000 r  clk
                         net (fo=0)                   0.000    25.000    clk
    H16                  IBUF (Prop_ibuf_I_O)         1.380    26.380 r  clk_IBUF_inst/O
                         net (fo=1, routed)           1.162    27.542    clk_IBUF
    MMCME2_ADV_X1Y2      MMCME2_ADV (Prop_mmcme2_adv_CLKIN1_CLKOUT0)
                                                     -7.814    19.728 r  u_mmcm/CLKOUT0
                         net (fo=1, routed)           2.012    21.740    clk_40_raw
    BUFGCTRL_X0Y16       BUFG (Prop_bufg_I_O)         0.091    21.831 r  u_core_clk_bufg/O
                         net (fo=4600, routed)        1.554    23.386    u_soc/u_core/u_regfile/regs_reg_r2_0_31_30_31/WCLK
    SLICE_X54Y47         RAMD32                                       r  u_soc/u_core/u_regfile/regs_reg_r2_0_31_30_31/DP/CLK
                         clock pessimism              0.466    23.852    <hidden>
                         clock uncertainty           -0.082    23.770    <hidden>
    SLICE_X54Y47         RAMD32 (Setup_ramd32_CLK_I)
                                                     -0.407    23.363    u_soc/u_core/u_regfile/regs_reg_r2_0_31_30_31/DP
  -------------------------------------------------------------------
                         required time                         23.363    <hidden>
                         arrival time                         -23.150    <hidden>
  -------------------------------------------------------------------
                         slack                                  0.213    <hidden>

Slack (MET) :             0.231ns  (required time - arrival time)
  Source:                 u_soc/u_imem/rdata_reg_4/CLKARDCLK
                            (rising edge-triggered cell RAMB36E1 clocked by core_clk_40  {rise@0.000ns fall@12.500ns period=25.000ns})
  Destination:            u_soc/u_core/u_regfile/regs_reg_r2_0_31_30_31__0/SP/I
                            (rising edge-triggered cell RAMD32 clocked by core_clk_40  {rise@0.000ns fall@12.500ns period=25.000ns})
  Path Group:             core_clk_40
  Path Type:              Setup (Max at Slow Process Corner)
  Requirement:            25.000ns  (core_clk_40 rise@25.000ns - core_clk_40 rise@0.000ns)
  Data Path Delay:        24.231ns  (logic 5.847ns (24.130%)  route 18.384ns (75.870%))
  Logic Levels:           18  (LUT3=2 LUT4=1 LUT5=2 LUT6=8 MUXF7=2 MUXF8=1 RAMD32=1 RAMS64E=1)
  Clock Path Skew:        -0.228ns (DCD - SCD + CPR)
    Destination Clock Delay (DCD):    -1.614ns = ( 23.386 - 25.000 ) 
    Source Clock Delay      (SCD):    -0.920ns
    Clock Pessimism Removal (CPR):    0.466ns
  Clock Uncertainty:      0.082ns  ((TSJ^2 + DJ^2)^1/2) / 2 + PE
    Total System Jitter     (TSJ):    0.071ns
    Discrete Jitter          (DJ):    0.147ns
    Phase Error              (PE):    0.000ns

    Location             Delay type                Incr(ns)  Path(ns)    Netlist Resource(s)
  -------------------------------------------------------------------    -------------------
                         (clock core_clk_40 rise edge)
                                                      0.000     0.000 r  <hidden>
    H16                                               0.000     0.000 r  clk
                         net (fo=0)                   0.000     0.000    clk
    H16                  IBUF (Prop_ibuf_I_O)         1.451     1.451 r  clk_IBUF_inst/O
                         net (fo=1, routed)           1.285     2.736    clk_IBUF
    MMCME2_ADV_X1Y2      MMCME2_ADV (Prop_mmcme2_adv_CLKIN1_CLKOUT0)
                                                     -7.759    -5.023 r  u_mmcm/CLKOUT0
                         net (fo=1, routed)           2.206    -2.817    clk_40_raw
    BUFGCTRL_X0Y16       BUFG (Prop_bufg_I_O)         0.101    -2.716 r  u_core_clk_bufg/O
                         net (fo=4600, routed)        1.796    -0.920    u_soc/u_imem/clk_40
    RAMB36_X1Y9          RAMB36E1                                     r  u_soc/u_imem/rdata_reg_4/CLKARDCLK
  -------------------------------------------------------------------    -------------------
    RAMB36_X1Y9          RAMB36E1 (Prop_ramb36e1_CLKARDCLK_DOADO[0])
                                                      2.454     1.534 r  u_soc/u_imem/rdata_reg_4/DOADO[0]
                         net (fo=2, routed)           1.929     3.463    u_soc/u_core/u_if_stage/pc[31]_i_17_0[16]
    SLICE_X53Y45         LUT4 (Prop_lut4_I1_O)        0.124     3.587 r  u_soc/u_core/u_if_stage/regs_reg_r1_0_31_0_5_i_11/O
                         net (fo=35, routed)          1.322     4.910    u_soc/u_core/u_regfile/regs_reg_r1_0_31_12_17/ADDRA1
    SLICE_X46Y49         RAMD32 (Prop_ramd32_RADR1_O)
                                                      0.146     5.056 r  u_soc/u_core/u_regfile/regs_reg_r1_0_31_12_17/RAMA/O
                         net (fo=3, routed)           0.836     5.892    u_soc/u_core/u_if_stage/rdata10[12]
    SLICE_X48Y49         LUT5 (Prop_lut5_I3_O)        0.328     6.220 r  u_soc/u_core/u_if_stage/pc[12]_i_8/O
                         net (fo=19, routed)          1.469     7.689    u_soc/u_core/u_if_stage/alu_a[12]
    SLICE_X45Y56         LUT6 (Prop_lut6_I1_O)        0.124     7.813 r  u_soc/u_core/u_if_stage/mem_reg_0_255_0_0_i_138/O
                         net (fo=4, routed)           0.664     8.477    u_soc/u_core/u_if_stage/mem_reg_0_255_0_0_i_138_n_0
    SLICE_X48Y58         LUT6 (Prop_lut6_I5_O)        0.124     8.601 r  u_soc/u_core/u_if_stage/mem_reg_0_255_0_0_i_174/O
                         net (fo=2, routed)           0.875     9.476    u_soc/u_core/u_if_stage/mem_reg_0_255_0_0_i_174_n_0
    SLICE_X48Y58         LUT3 (Prop_lut3_I2_O)        0.152     9.628 r  u_soc/u_core/u_if_stage/mem_reg_0_255_0_0_i_139/O
                         net (fo=2, routed)           0.782    10.410    u_soc/u_core/u_if_stage/mem_reg_0_255_0_0_i_139_n_0
    SLICE_X45Y61         LUT6 (Prop_lut6_I0_O)        0.326    10.736 r  u_soc/u_core/u_if_stage/mem_reg_0_255_0_0_i_82/O
                         net (fo=1, routed)           0.300    11.036    u_soc/u_core/u_if_stage/mem_reg_0_255_0_0_i_82_n_0
    SLICE_X44Y62         LUT6 (Prop_lut6_I5_O)        0.124    11.160 r  u_soc/u_core/u_if_stage/mem_reg_0_255_0_0_i_33/O
                         net (fo=29, routed)          1.855    13.015    u_soc/u_core/u_if_stage/mem_reg_0_255_0_0_i_33_n_0
    SLICE_X39Y93         LUT5 (Prop_lut5_I2_O)        0.124    13.139 r  u_soc/u_core/u_if_stage/mem_reg_0_255_31_31_i_8/O
                         net (fo=128, routed)         2.007    15.146    u_soc/u_dmem/mem_reg_2304_2559_31_31/A1
    SLICE_X26Y119        RAMS64E (Prop_rams64e_ADR1_O)
                                                      0.317    15.463 r  u_soc/u_dmem/mem_reg_2304_2559_31_31/RAMS64E_A/O
                         net (fo=1, routed)           0.000    15.463    u_soc/u_dmem/mem_reg_2304_2559_31_31/OA
    SLICE_X26Y119        MUXF7 (Prop_muxf7_I1_O)      0.214    15.677 r  u_soc/u_dmem/mem_reg_2304_2559_31_31/F7.A/O
                         net (fo=1, routed)           0.000    15.677    u_soc/u_dmem/mem_reg_2304_2559_31_31/O1
    SLICE_X26Y119        MUXF8 (Prop_muxf8_I1_O)      0.088    15.765 r  u_soc/u_dmem/mem_reg_2304_2559_31_31/F8/O
                         net (fo=1, routed)           1.245    17.011    u_soc/u_dmem/mem_reg_2304_2559_31_31_n_0
    SLICE_X31Y101        LUT6 (Prop_lut6_I3_O)        0.319    17.330 r  u_soc/u_dmem/regs_reg_r1_0_31_30_31_i_13__0/O
                         net (fo=1, routed)           0.000    17.330    u_soc/u_dmem/regs_reg_r1_0_31_30_31_i_13__0_n_0
    SLICE_X31Y101        MUXF7 (Prop_muxf7_I0_O)      0.212    17.542 r  u_soc/u_dmem/regs_reg_r1_0_31_30_31_i_7__0/O
                         net (fo=1, routed)           1.080    18.621    u_soc/u_dmem/regs_reg_r1_0_31_30_31_i_7__0_n_0
    SLICE_X39Y95         LUT6 (Prop_lut6_I3_O)        0.299    18.920 r  u_soc/u_dmem/regs_reg_r1_0_31_30_31_i_3__0/O
                         net (fo=3, routed)           1.798    20.718    u_soc/u_dmem/regs_reg_r1_0_31_30_31_i_8__0_0[30]
    SLICE_X48Y57         LUT3 (Prop_lut3_I0_O)        0.124    20.842 r  u_soc/u_dmem/regs_reg_r1_0_31_12_17_i_33/O
                         net (fo=2, routed)           0.610    21.452    u_soc/u_core/u_if_stage/regs_reg_r1_0_31_12_17_i_3_0
    SLICE_X52Y57         LUT6 (Prop_lut6_I0_O)        0.124    21.576 r  u_soc/u_core/u_if_stage/regs_reg_r1_0_31_12_17_i_22/O
                         net (fo=16, routed)          0.685    22.261    u_soc/u_core/u_if_stage/regs_reg_r1_0_31_12_17_i_22_n_0
    SLICE_X52Y53         LUT6 (Prop_lut6_I1_O)        0.124    22.385 r  u_soc/u_core/u_if_stage/regs_reg_r1_0_31_30_31_i_1/O
                         net (fo=4, routed)           0.926    23.311    u_soc/u_core/u_regfile/regs_reg_r2_0_31_30_31__0/D
    SLICE_X54Y47         RAMD32                                       r  u_soc/u_core/u_regfile/regs_reg_r2_0_31_30_31__0/SP/I
  -------------------------------------------------------------------    -------------------

                         (clock core_clk_40 rise edge)
                                                     25.000    25.000 r  <hidden>
    H16                                               0.000    25.000 r  clk
                         net (fo=0)                   0.000    25.000    clk
    H16                  IBUF (Prop_ibuf_I_O)         1.380    26.380 r  clk_IBUF_inst/O
                         net (fo=1, routed)           1.162    27.542    clk_IBUF
    MMCME2_ADV_X1Y2      MMCME2_ADV (Prop_mmcme2_adv_CLKIN1_CLKOUT0)
                                                     -7.814    19.728 r  u_mmcm/CLKOUT0
                         net (fo=1, routed)           2.012    21.740    clk_40_raw
    BUFGCTRL_X0Y16       BUFG (Prop_bufg_I_O)         0.091    21.831 r  u_core_clk_bufg/O
                         net (fo=4600, routed)        1.554    23.386    u_soc/u_core/u_regfile/regs_reg_r2_0_31_30_31__0/WCLK
    SLICE_X54Y47         RAMD32                                       r  u_soc/u_core/u_regfile/regs_reg_r2_0_31_30_31__0/SP/CLK
                         clock pessimism              0.466    23.852    <hidden>
                         clock uncertainty           -0.082    23.770    <hidden>
    SLICE_X54Y47         RAMD32 (Setup_ramd32_CLK_I)
                                                     -0.228    23.542    u_soc/u_core/u_regfile/regs_reg_r2_0_31_30_31__0/SP
  -------------------------------------------------------------------
                         required time                         23.542    <hidden>
                         arrival time                         -23.311    <hidden>
  -------------------------------------------------------------------
                         slack                                  0.231    <hidden>

Slack (MET) :             0.269ns  (required time - arrival time)
  Source:                 u_soc/u_imem/rdata_reg_5/CLKARDCLK
                            (rising edge-triggered cell RAMB36E1 clocked by core_clk_40  {rise@0.000ns fall@12.500ns period=25.000ns})
  Destination:            u_soc/u_core/u_regfile/regs_reg_r2_0_31_18_23/RAMB_D1/I
                            (rising edge-triggered cell RAMD32 clocked by core_clk_40  {rise@0.000ns fall@12.500ns period=25.000ns})
  Path Group:             core_clk_40
  Path Type:              Setup (Max at Slow Process Corner)
  Requirement:            25.000ns  (core_clk_40 rise@25.000ns - core_clk_40 rise@0.000ns)
  Data Path Delay:        24.187ns  (logic 6.211ns (25.679%)  route 17.976ns (74.321%))
  Logic Levels:           19  (LUT3=3 LUT4=1 LUT5=1 LUT6=9 MUXF7=2 MUXF8=1 RAMD32=1 RAMS64E=1)
  Clock Path Skew:        -0.235ns (DCD - SCD + CPR)
    Destination Clock Delay (DCD):    -1.632ns = ( 23.368 - 25.000 ) 
    Source Clock Delay      (SCD):    -0.945ns
    Clock Pessimism Removal (CPR):    0.452ns
  Clock Uncertainty:      0.082ns  ((TSJ^2 + DJ^2)^1/2) / 2 + PE
    Total System Jitter     (TSJ):    0.071ns
    Discrete Jitter          (DJ):    0.147ns
    Phase Error              (PE):    0.000ns

    Location             Delay type                Incr(ns)  Path(ns)    Netlist Resource(s)
  -------------------------------------------------------------------    -------------------
                         (clock core_clk_40 rise edge)
                                                      0.000     0.000 r  <hidden>
    H16                                               0.000     0.000 r  clk
                         net (fo=0)                   0.000     0.000    clk
    H16                  IBUF (Prop_ibuf_I_O)         1.451     1.451 r  clk_IBUF_inst/O
                         net (fo=1, routed)           1.285     2.736    clk_IBUF
    MMCME2_ADV_X1Y2      MMCME2_ADV (Prop_mmcme2_adv_CLKIN1_CLKOUT0)
                                                     -7.759    -5.023 r  u_mmcm/CLKOUT0
                         net (fo=1, routed)           2.206    -2.817    clk_40_raw
    BUFGCTRL_X0Y16       BUFG (Prop_bufg_I_O)         0.101    -2.716 r  u_core_clk_bufg/O
                         net (fo=4600, routed)        1.771    -0.945    u_soc/u_imem/clk_40
    RAMB36_X3Y9          RAMB36E1                                     r  u_soc/u_imem/rdata_reg_5/CLKARDCLK
  -------------------------------------------------------------------    -------------------
    RAMB36_X3Y9          RAMB36E1 (Prop_ramb36e1_CLKARDCLK_DOADO[0])
                                                      2.454     1.509 r  u_soc/u_imem/rdata_reg_5/DOADO[0]
                         net (fo=2, routed)           1.014     2.523    u_soc/u_core/u_if_stage/pc[31]_i_17_0[20]
    SLICE_X55Y46         LUT4 (Prop_lut4_I1_O)        0.124     2.647 r  u_soc/u_core/u_if_stage/regs_reg_r2_0_31_0_5_i_5/O
                         net (fo=40, routed)          1.277     3.924    u_soc/u_core/u_regfile/regs_reg_r2_0_31_0_5/ADDRC0
    SLICE_X50Y49         RAMD32 (Prop_ramd32_RADR0_O)
                                                      0.153     4.077 r  u_soc/u_core/u_regfile/regs_reg_r2_0_31_0_5/RAMC/O
                         net (fo=3, routed)           1.041     5.118    u_soc/u_core/u_regfile/rdata20[4]
    SLICE_X49Y53         LUT6 (Prop_lut6_I0_O)        0.331     5.449 r  u_soc/u_core/u_regfile/mem_reg_0_255_4_4_i_1/O
                         net (fo=133, routed)         0.859     6.307    u_soc/u_core/u_if_stage/divisor_r_reg[4]
    SLICE_X48Y53         LUT6 (Prop_lut6_I0_O)        0.124     6.431 r  u_soc/u_core/u_if_stage/mem_reg_0_255_0_0_i_73/O
                         net (fo=138, routed)         1.285     7.716    u_soc/u_core/u_if_stage/alu_b[4]
    SLICE_X48Y57         LUT3 (Prop_lut3_I1_O)        0.152     7.868 r  u_soc/u_core/u_if_stage/mem_reg_0_255_0_0_i_183/O
                         net (fo=1, routed)           0.472     8.341    u_soc/u_core/u_if_stage/mem_reg_0_255_0_0_i_183_n_0
    SLICE_X48Y58         LUT6 (Prop_lut6_I3_O)        0.326     8.667 r  u_soc/u_core/u_if_stage/mem_reg_0_255_0_0_i_174/O
                         net (fo=2, routed)           0.875     9.542    u_soc/u_core/u_if_stage/mem_reg_0_255_0_0_i_174_n_0
    SLICE_X48Y58         LUT3 (Prop_lut3_I2_O)        0.152     9.694 r  u_soc/u_core/u_if_stage/mem_reg_0_255_0_0_i_139/O
                         net (fo=2, routed)           0.782    10.476    u_soc/u_core/u_if_stage/mem_reg_0_255_0_0_i_139_n_0
    SLICE_X45Y61         LUT6 (Prop_lut6_I0_O)        0.326    10.802 r  u_soc/u_core/u_if_stage/mem_reg_0_255_0_0_i_82/O
                         net (fo=1, routed)           0.300    11.102    u_soc/u_core/u_if_stage/mem_reg_0_255_0_0_i_82_n_0
    SLICE_X44Y62         LUT6 (Prop_lut6_I5_O)        0.124    11.226 r  u_soc/u_core/u_if_stage/mem_reg_0_255_0_0_i_33/O
                         net (fo=29, routed)          1.855    13.081    u_soc/u_core/u_if_stage/mem_reg_0_255_0_0_i_33_n_0
    SLICE_X39Y93         LUT5 (Prop_lut5_I2_O)        0.124    13.205 r  u_soc/u_core/u_if_stage/mem_reg_0_255_31_31_i_8/O
                         net (fo=128, routed)         2.007    15.212    u_soc/u_dmem/mem_reg_2304_2559_31_31/A1
    SLICE_X26Y119        RAMS64E (Prop_rams64e_ADR1_O)
                                                      0.317    15.529 r  u_soc/u_dmem/mem_reg_2304_2559_31_31/RAMS64E_A/O
                         net (fo=1, routed)           0.000    15.529    u_soc/u_dmem/mem_reg_2304_2559_31_31/OA
    SLICE_X26Y119        MUXF7 (Prop_muxf7_I1_O)      0.214    15.743 r  u_soc/u_dmem/mem_reg_2304_2559_31_31/F7.A/O
                         net (fo=1, routed)           0.000    15.743    u_soc/u_dmem/mem_reg_2304_2559_31_31/O1
    SLICE_X26Y119        MUXF8 (Prop_muxf8_I1_O)      0.088    15.831 r  u_soc/u_dmem/mem_reg_2304_2559_31_31/F8/O
                         net (fo=1, routed)           1.245    17.076    u_soc/u_dmem/mem_reg_2304_2559_31_31_n_0
    SLICE_X31Y101        LUT6 (Prop_lut6_I3_O)        0.319    17.395 r  u_soc/u_dmem/regs_reg_r1_0_31_30_31_i_13__0/O
                         net (fo=1, routed)           0.000    17.395    u_soc/u_dmem/regs_reg_r1_0_31_30_31_i_13__0_n_0
    SLICE_X31Y101        MUXF7 (Prop_muxf7_I0_O)      0.212    17.607 r  u_soc/u_dmem/regs_reg_r1_0_31_30_31_i_7__0/O
                         net (fo=1, routed)           1.080    18.687    u_soc/u_dmem/regs_reg_r1_0_31_30_31_i_7__0_n_0
    SLICE_X39Y95         LUT6 (Prop_lut6_I3_O)        0.299    18.986 r  u_soc/u_dmem/regs_reg_r1_0_31_30_31_i_3__0/O
                         net (fo=3, routed)           1.798    20.784    u_soc/u_dmem/regs_reg_r1_0_31_30_31_i_8__0_0[30]
    SLICE_X48Y57         LUT3 (Prop_lut3_I0_O)        0.124    20.908 r  u_soc/u_dmem/regs_reg_r1_0_31_12_17_i_33/O
                         net (fo=2, routed)           0.610    21.518    u_soc/u_core/u_if_stage/regs_reg_r1_0_31_12_17_i_3_0
    SLICE_X52Y57         LUT6 (Prop_lut6_I0_O)        0.124    21.642 r  u_soc/u_core/u_if_stage/regs_reg_r1_0_31_12_17_i_22/O
                         net (fo=16, routed)          0.610    22.252    u_soc/u_core/u_if_stage/regs_reg_r1_0_31_12_17_i_22_n_0
    SLICE_X51Y54         LUT6 (Prop_lut6_I1_O)        0.124    22.376 r  u_soc/u_core/u_if_stage/regs_reg_r1_0_31_18_23_i_3/O
                         net (fo=2, routed)           0.866    23.242    u_soc/u_core/u_regfile/regs_reg_r2_0_31_18_23/DIB1
    SLICE_X54Y51         RAMD32                                       r  u_soc/u_core/u_regfile/regs_reg_r2_0_31_18_23/RAMB_D1/I
  -------------------------------------------------------------------    -------------------

                         (clock core_clk_40 rise edge)
                                                     25.000    25.000 r  <hidden>
    H16                                               0.000    25.000 r  clk
                         net (fo=0)                   0.000    25.000    clk
    H16                  IBUF (Prop_ibuf_I_O)         1.380    26.380 r  clk_IBUF_inst/O
                         net (fo=1, routed)           1.162    27.542    clk_IBUF
    MMCME2_ADV_X1Y2      MMCME2_ADV (Prop_mmcme2_adv_CLKIN1_CLKOUT0)
                                                     -7.814    19.728 r  u_mmcm/CLKOUT0
                         net (fo=1, routed)           2.012    21.740    clk_40_raw
    BUFGCTRL_X0Y16       BUFG (Prop_bufg_I_O)         0.091    21.831 r  u_core_clk_bufg/O
                         net (fo=4600, routed)        1.537    23.368    u_soc/u_core/u_regfile/regs_reg_r2_0_31_18_23/WCLK
    SLICE_X54Y51         RAMD32                                       r  u_soc/u_core/u_regfile/regs_reg_r2_0_31_18_23/RAMB_D1/CLK
                         clock pessimism              0.452    23.820    <hidden>
                         clock uncertainty           -0.082    23.739    <hidden>
    SLICE_X54Y51         RAMD32 (Setup_ramd32_CLK_I)
                                                     -0.228    23.511    u_soc/u_core/u_regfile/regs_reg_r2_0_31_18_23/RAMB_D1
  -------------------------------------------------------------------
                         required time                         23.511    <hidden>
                         arrival time                         -23.242    <hidden>
  -------------------------------------------------------------------
                         slack                                  0.269    <hidden>

Slack (MET) :             0.286ns  (required time - arrival time)
  Source:                 u_soc/u_imem/rdata_reg_5/CLKARDCLK
                            (rising edge-triggered cell RAMB36E1 clocked by core_clk_40  {rise@0.000ns fall@12.500ns period=25.000ns})
  Destination:            u_soc/u_core/u_regfile/regs_reg_r1_0_31_24_29/RAMA/I
                            (rising edge-triggered cell RAMD32 clocked by core_clk_40  {rise@0.000ns fall@12.500ns period=25.000ns})
  Path Group:             core_clk_40
  Path Type:              Setup (Max at Slow Process Corner)
  Requirement:            25.000ns  (core_clk_40 rise@25.000ns - core_clk_40 rise@0.000ns)
  Data Path Delay:        24.165ns  (logic 6.211ns (25.702%)  route 17.954ns (74.298%))
  Logic Levels:           19  (LUT3=3 LUT4=1 LUT5=1 LUT6=9 MUXF7=2 MUXF8=1 RAMD32=1 RAMS64E=1)
  Clock Path Skew:        -0.306ns (DCD - SCD + CPR)
    Destination Clock Delay (DCD):    -1.703ns = ( 23.297 - 25.000 ) 
    Source Clock Delay      (SCD):    -0.945ns
    Clock Pessimism Removal (CPR):    0.452ns
  Clock Uncertainty:      0.082ns  ((TSJ^2 + DJ^2)^1/2) / 2 + PE
    Total System Jitter     (TSJ):    0.071ns
    Discrete Jitter          (DJ):    0.147ns
    Phase Error              (PE):    0.000ns

    Location             Delay type                Incr(ns)  Path(ns)    Netlist Resource(s)
  -------------------------------------------------------------------    -------------------
                         (clock core_clk_40 rise edge)
                                                      0.000     0.000 r  <hidden>
    H16                                               0.000     0.000 r  clk
                         net (fo=0)                   0.000     0.000    clk
    H16                  IBUF (Prop_ibuf_I_O)         1.451     1.451 r  clk_IBUF_inst/O
                         net (fo=1, routed)           1.285     2.736    clk_IBUF
    MMCME2_ADV_X1Y2      MMCME2_ADV (Prop_mmcme2_adv_CLKIN1_CLKOUT0)
                                                     -7.759    -5.023 r  u_mmcm/CLKOUT0
                         net (fo=1, routed)           2.206    -2.817    clk_40_raw
    BUFGCTRL_X0Y16       BUFG (Prop_bufg_I_O)         0.101    -2.716 r  u_core_clk_bufg/O
                         net (fo=4600, routed)        1.771    -0.945    u_soc/u_imem/clk_40
    RAMB36_X3Y9          RAMB36E1                                     r  u_soc/u_imem/rdata_reg_5/CLKARDCLK
  -------------------------------------------------------------------    -------------------
    RAMB36_X3Y9          RAMB36E1 (Prop_ramb36e1_CLKARDCLK_DOADO[0])
                                                      2.454     1.509 r  u_soc/u_imem/rdata_reg_5/DOADO[0]
                         net (fo=2, routed)           1.014     2.523    u_soc/u_core/u_if_stage/pc[31]_i_17_0[20]
    SLICE_X55Y46         LUT4 (Prop_lut4_I1_O)        0.124     2.647 r  u_soc/u_core/u_if_stage/regs_reg_r2_0_31_0_5_i_5/O
                         net (fo=40, routed)          1.277     3.924    u_soc/u_core/u_regfile/regs_reg_r2_0_31_0_5/ADDRC0
    SLICE_X50Y49         RAMD32 (Prop_ramd32_RADR0_O)
                                                      0.153     4.077 r  u_soc/u_core/u_regfile/regs_reg_r2_0_31_0_5/RAMC/O
                         net (fo=3, routed)           1.041     5.118    u_soc/u_core/u_regfile/rdata20[4]
    SLICE_X49Y53         LUT6 (Prop_lut6_I0_O)        0.331     5.449 r  u_soc/u_core/u_regfile/mem_reg_0_255_4_4_i_1/O
                         net (fo=133, routed)         0.859     6.307    u_soc/u_core/u_if_stage/divisor_r_reg[4]
    SLICE_X48Y53         LUT6 (Prop_lut6_I0_O)        0.124     6.431 r  u_soc/u_core/u_if_stage/mem_reg_0_255_0_0_i_73/O
                         net (fo=138, routed)         1.285     7.716    u_soc/u_core/u_if_stage/alu_b[4]
    SLICE_X48Y57         LUT3 (Prop_lut3_I1_O)        0.152     7.868 r  u_soc/u_core/u_if_stage/mem_reg_0_255_0_0_i_183/O
                         net (fo=1, routed)           0.472     8.341    u_soc/u_core/u_if_stage/mem_reg_0_255_0_0_i_183_n_0
    SLICE_X48Y58         LUT6 (Prop_lut6_I3_O)        0.326     8.667 r  u_soc/u_core/u_if_stage/mem_reg_0_255_0_0_i_174/O
                         net (fo=2, routed)           0.875     9.542    u_soc/u_core/u_if_stage/mem_reg_0_255_0_0_i_174_n_0
    SLICE_X48Y58         LUT3 (Prop_lut3_I2_O)        0.152     9.694 r  u_soc/u_core/u_if_stage/mem_reg_0_255_0_0_i_139/O
                         net (fo=2, routed)           0.782    10.476    u_soc/u_core/u_if_stage/mem_reg_0_255_0_0_i_139_n_0
    SLICE_X45Y61         LUT6 (Prop_lut6_I0_O)        0.326    10.802 r  u_soc/u_core/u_if_stage/mem_reg_0_255_0_0_i_82/O
                         net (fo=1, routed)           0.300    11.102    u_soc/u_core/u_if_stage/mem_reg_0_255_0_0_i_82_n_0
    SLICE_X44Y62         LUT6 (Prop_lut6_I5_O)        0.124    11.226 r  u_soc/u_core/u_if_stage/mem_reg_0_255_0_0_i_33/O
                         net (fo=29, routed)          1.855    13.081    u_soc/u_core/u_if_stage/mem_reg_0_255_0_0_i_33_n_0
    SLICE_X39Y93         LUT5 (Prop_lut5_I2_O)        0.124    13.205 r  u_soc/u_core/u_if_stage/mem_reg_0_255_31_31_i_8/O
                         net (fo=128, routed)         2.007    15.212    u_soc/u_dmem/mem_reg_2304_2559_31_31/A1
    SLICE_X26Y119        RAMS64E (Prop_rams64e_ADR1_O)
                                                      0.317    15.529 r  u_soc/u_dmem/mem_reg_2304_2559_31_31/RAMS64E_A/O
                         net (fo=1, routed)           0.000    15.529    u_soc/u_dmem/mem_reg_2304_2559_31_31/OA
    SLICE_X26Y119        MUXF7 (Prop_muxf7_I1_O)      0.214    15.743 r  u_soc/u_dmem/mem_reg_2304_2559_31_31/F7.A/O
                         net (fo=1, routed)           0.000    15.743    u_soc/u_dmem/mem_reg_2304_2559_31_31/O1
    SLICE_X26Y119        MUXF8 (Prop_muxf8_I1_O)      0.088    15.831 r  u_soc/u_dmem/mem_reg_2304_2559_31_31/F8/O
                         net (fo=1, routed)           1.245    17.076    u_soc/u_dmem/mem_reg_2304_2559_31_31_n_0
    SLICE_X31Y101        LUT6 (Prop_lut6_I3_O)        0.319    17.395 r  u_soc/u_dmem/regs_reg_r1_0_31_30_31_i_13__0/O
                         net (fo=1, routed)           0.000    17.395    u_soc/u_dmem/regs_reg_r1_0_31_30_31_i_13__0_n_0
    SLICE_X31Y101        MUXF7 (Prop_muxf7_I0_O)      0.212    17.607 r  u_soc/u_dmem/regs_reg_r1_0_31_30_31_i_7__0/O
                         net (fo=1, routed)           1.080    18.687    u_soc/u_dmem/regs_reg_r1_0_31_30_31_i_7__0_n_0
    SLICE_X39Y95         LUT6 (Prop_lut6_I3_O)        0.299    18.986 r  u_soc/u_dmem/regs_reg_r1_0_31_30_31_i_3__0/O
                         net (fo=3, routed)           1.798    20.784    u_soc/u_dmem/regs_reg_r1_0_31_30_31_i_8__0_0[30]
    SLICE_X48Y57         LUT3 (Prop_lut3_I0_O)        0.124    20.908 r  u_soc/u_dmem/regs_reg_r1_0_31_12_17_i_33/O
                         net (fo=2, routed)           0.610    21.518    u_soc/u_core/u_if_stage/regs_reg_r1_0_31_12_17_i_3_0
    SLICE_X52Y57         LUT6 (Prop_lut6_I0_O)        0.124    21.642 r  u_soc/u_core/u_if_stage/regs_reg_r1_0_31_12_17_i_22/O
                         net (fo=16, routed)          0.744    22.386    u_soc/u_core/u_if_stage/regs_reg_r1_0_31_12_17_i_22_n_0
    SLICE_X55Y54         LUT6 (Prop_lut6_I1_O)        0.124    22.510 r  u_soc/u_core/u_if_stage/regs_reg_r1_0_31_24_29_i_2/O
                         net (fo=2, routed)           0.710    23.220    u_soc/u_core/u_regfile/regs_reg_r1_0_31_24_29/DIA0
    SLICE_X50Y53         RAMD32                                       r  u_soc/u_core/u_regfile/regs_reg_r1_0_31_24_29/RAMA/I
  -------------------------------------------------------------------    -------------------

                         (clock core_clk_40 rise edge)
                                                     25.000    25.000 r  <hidden>
    H16                                               0.000    25.000 r  clk
                         net (fo=0)                   0.000    25.000    clk
    H16                  IBUF (Prop_ibuf_I_O)         1.380    26.380 r  clk_IBUF_inst/O
                         net (fo=1, routed)           1.162    27.542    clk_IBUF
    MMCME2_ADV_X1Y2      MMCME2_ADV (Prop_mmcme2_adv_CLKIN1_CLKOUT0)
                                                     -7.814    19.728 r  u_mmcm/CLKOUT0
                         net (fo=1, routed)           2.012    21.740    clk_40_raw
    BUFGCTRL_X0Y16       BUFG (Prop_bufg_I_O)         0.091    21.831 r  u_core_clk_bufg/O
                         net (fo=4600, routed)        1.466    23.297    u_soc/u_core/u_regfile/regs_reg_r1_0_31_24_29/WCLK
    SLICE_X50Y53         RAMD32                                       r  u_soc/u_core/u_regfile/regs_reg_r1_0_31_24_29/RAMA/CLK
                         clock pessimism              0.452    23.749    <hidden>
                         clock uncertainty           -0.082    23.668    <hidden>
    SLICE_X50Y53         RAMD32 (Setup_ramd32_CLK_I)
                                                     -0.161    23.507    u_soc/u_core/u_regfile/regs_reg_r1_0_31_24_29/RAMA
  -------------------------------------------------------------------
                         required time                         23.507    <hidden>
                         arrival time                         -23.220    <hidden>
  -------------------------------------------------------------------
                         slack                                  0.286    <hidden>

Slack (MET) :             0.292ns  (required time - arrival time)
  Source:                 u_soc/u_imem/rdata_reg_4/CLKARDCLK
                            (rising edge-triggered cell RAMB36E1 clocked by core_clk_40  {rise@0.000ns fall@12.500ns period=25.000ns})
  Destination:            u_soc/u_core/u_regfile/regs_reg_r2_0_31_12_17/RAMC_D1/I
                            (rising edge-triggered cell RAMD32 clocked by core_clk_40  {rise@0.000ns fall@12.500ns period=25.000ns})
  Path Group:             core_clk_40
  Path Type:              Setup (Max at Slow Process Corner)
  Requirement:            25.000ns  (core_clk_40 rise@25.000ns - core_clk_40 rise@0.000ns)
  Data Path Delay:        24.077ns  (logic 5.847ns (24.284%)  route 18.230ns (75.715%))
  Logic Levels:           18  (LUT3=2 LUT4=1 LUT5=2 LUT6=8 MUXF7=2 MUXF8=1 RAMD32=1 RAMS64E=1)
  Clock Path Skew:        -0.300ns (DCD - SCD + CPR)
    Destination Clock Delay (DCD):    -1.686ns = ( 23.314 - 25.000 ) 
    Source Clock Delay      (SCD):    -0.920ns
    Clock Pessimism Removal (CPR):    0.466ns
  Clock Uncertainty:      0.082ns  ((TSJ^2 + DJ^2)^1/2) / 2 + PE
    Total System Jitter     (TSJ):    0.071ns
    Discrete Jitter          (DJ):    0.147ns
    Phase Error              (PE):    0.000ns

    Location             Delay type                Incr(ns)  Path(ns)    Netlist Resource(s)
  -------------------------------------------------------------------    -------------------
                         (clock core_clk_40 rise edge)
                                                      0.000     0.000 r  <hidden>
    H16                                               0.000     0.000 r  clk
                         net (fo=0)                   0.000     0.000    clk
    H16                  IBUF (Prop_ibuf_I_O)         1.451     1.451 r  clk_IBUF_inst/O
                         net (fo=1, routed)           1.285     2.736    clk_IBUF
    MMCME2_ADV_X1Y2      MMCME2_ADV (Prop_mmcme2_adv_CLKIN1_CLKOUT0)
                                                     -7.759    -5.023 r  u_mmcm/CLKOUT0
                         net (fo=1, routed)           2.206    -2.817    clk_40_raw
    BUFGCTRL_X0Y16       BUFG (Prop_bufg_I_O)         0.101    -2.716 r  u_core_clk_bufg/O
                         net (fo=4600, routed)        1.796    -0.920    u_soc/u_imem/clk_40
    RAMB36_X1Y9          RAMB36E1                                     r  u_soc/u_imem/rdata_reg_4/CLKARDCLK
  -------------------------------------------------------------------    -------------------
    RAMB36_X1Y9          RAMB36E1 (Prop_ramb36e1_CLKARDCLK_DOADO[0])
                                                      2.454     1.534 r  u_soc/u_imem/rdata_reg_4/DOADO[0]
                         net (fo=2, routed)           1.929     3.463    u_soc/u_core/u_if_stage/pc[31]_i_17_0[16]
    SLICE_X53Y45         LUT4 (Prop_lut4_I1_O)        0.124     3.587 r  u_soc/u_core/u_if_stage/regs_reg_r1_0_31_0_5_i_11/O
                         net (fo=35, routed)          1.322     4.910    u_soc/u_core/u_regfile/regs_reg_r1_0_31_12_17/ADDRA1
    SLICE_X46Y49         RAMD32 (Prop_ramd32_RADR1_O)
                                                      0.146     5.056 r  u_soc/u_core/u_regfile/regs_reg_r1_0_31_12_17/RAMA/O
                         net (fo=3, routed)           0.836     5.892    u_soc/u_core/u_if_stage/rdata10[12]
    SLICE_X48Y49         LUT5 (Prop_lut5_I3_O)        0.328     6.220 r  u_soc/u_core/u_if_stage/pc[12]_i_8/O
                         net (fo=19, routed)          1.469     7.689    u_soc/u_core/u_if_stage/alu_a[12]
    SLICE_X45Y56         LUT6 (Prop_lut6_I1_O)        0.124     7.813 r  u_soc/u_core/u_if_stage/mem_reg_0_255_0_0_i_138/O
                         net (fo=4, routed)           0.664     8.477    u_soc/u_core/u_if_stage/mem_reg_0_255_0_0_i_138_n_0
    SLICE_X48Y58         LUT6 (Prop_lut6_I5_O)        0.124     8.601 r  u_soc/u_core/u_if_stage/mem_reg_0_255_0_0_i_174/O
                         net (fo=2, routed)           0.875     9.476    u_soc/u_core/u_if_stage/mem_reg_0_255_0_0_i_174_n_0
    SLICE_X48Y58         LUT3 (Prop_lut3_I2_O)        0.152     9.628 r  u_soc/u_core/u_if_stage/mem_reg_0_255_0_0_i_139/O
                         net (fo=2, routed)           0.782    10.410    u_soc/u_core/u_if_stage/mem_reg_0_255_0_0_i_139_n_0
    SLICE_X45Y61         LUT6 (Prop_lut6_I0_O)        0.326    10.736 r  u_soc/u_core/u_if_stage/mem_reg_0_255_0_0_i_82/O
                         net (fo=1, routed)           0.300    11.036    u_soc/u_core/u_if_stage/mem_reg_0_255_0_0_i_82_n_0
    SLICE_X44Y62         LUT6 (Prop_lut6_I5_O)        0.124    11.160 r  u_soc/u_core/u_if_stage/mem_reg_0_255_0_0_i_33/O
                         net (fo=29, routed)          1.855    13.015    u_soc/u_core/u_if_stage/mem_reg_0_255_0_0_i_33_n_0
    SLICE_X39Y93         LUT5 (Prop_lut5_I2_O)        0.124    13.139 r  u_soc/u_core/u_if_stage/mem_reg_0_255_31_31_i_8/O
                         net (fo=128, routed)         2.007    15.146    u_soc/u_dmem/mem_reg_2304_2559_31_31/A1
    SLICE_X26Y119        RAMS64E (Prop_rams64e_ADR1_O)
                                                      0.317    15.463 r  u_soc/u_dmem/mem_reg_2304_2559_31_31/RAMS64E_A/O
                         net (fo=1, routed)           0.000    15.463    u_soc/u_dmem/mem_reg_2304_2559_31_31/OA
    SLICE_X26Y119        MUXF7 (Prop_muxf7_I1_O)      0.214    15.677 r  u_soc/u_dmem/mem_reg_2304_2559_31_31/F7.A/O
                         net (fo=1, routed)           0.000    15.677    u_soc/u_dmem/mem_reg_2304_2559_31_31/O1
    SLICE_X26Y119        MUXF8 (Prop_muxf8_I1_O)      0.088    15.765 r  u_soc/u_dmem/mem_reg_2304_2559_31_31/F8/O
                         net (fo=1, routed)           1.245    17.011    u_soc/u_dmem/mem_reg_2304_2559_31_31_n_0
    SLICE_X31Y101        LUT6 (Prop_lut6_I3_O)        0.319    17.330 r  u_soc/u_dmem/regs_reg_r1_0_31_30_31_i_13__0/O
                         net (fo=1, routed)           0.000    17.330    u_soc/u_dmem/regs_reg_r1_0_31_30_31_i_13__0_n_0
    SLICE_X31Y101        MUXF7 (Prop_muxf7_I0_O)      0.212    17.542 r  u_soc/u_dmem/regs_reg_r1_0_31_30_31_i_7__0/O
                         net (fo=1, routed)           1.080    18.621    u_soc/u_dmem/regs_reg_r1_0_31_30_31_i_7__0_n_0
    SLICE_X39Y95         LUT6 (Prop_lut6_I3_O)        0.299    18.920 r  u_soc/u_dmem/regs_reg_r1_0_31_30_31_i_3__0/O
                         net (fo=3, routed)           1.798    20.718    u_soc/u_dmem/regs_reg_r1_0_31_30_31_i_8__0_0[30]
    SLICE_X48Y57         LUT3 (Prop_lut3_I0_O)        0.124    20.842 r  u_soc/u_dmem/regs_reg_r1_0_31_12_17_i_33/O
                         net (fo=2, routed)           0.610    21.452    u_soc/u_core/u_if_stage/regs_reg_r1_0_31_12_17_i_3_0
    SLICE_X52Y57         LUT6 (Prop_lut6_I0_O)        0.124    21.576 r  u_soc/u_core/u_if_stage/regs_reg_r1_0_31_12_17_i_22/O
                         net (fo=16, routed)          0.702    22.278    u_soc/u_core/u_if_stage/regs_reg_r1_0_31_12_17_i_22_n_0
    SLICE_X49Y51         LUT6 (Prop_lut6_I1_O)        0.124    22.402 r  u_soc/u_core/u_if_stage/regs_reg_r1_0_31_12_17_i_5/O
                         net (fo=2, routed)           0.755    23.157    u_soc/u_core/u_regfile/regs_reg_r2_0_31_12_17/DIC1
    SLICE_X50Y46         RAMD32                                       r  u_soc/u_core/u_regfile/regs_reg_r2_0_31_12_17/RAMC_D1/I
  -------------------------------------------------------------------    -------------------

                         (clock core_clk_40 rise edge)
                                                     25.000    25.000 r  <hidden>
    H16                                               0.000    25.000 r  clk
                         net (fo=0)                   0.000    25.000    clk
    H16                  IBUF (Prop_ibuf_I_O)         1.380    26.380 r  clk_IBUF_inst/O
                         net (fo=1, routed)           1.162    27.542    clk_IBUF
    MMCME2_ADV_X1Y2      MMCME2_ADV (Prop_mmcme2_adv_CLKIN1_CLKOUT0)
                                                     -7.814    19.728 r  u_mmcm/CLKOUT0
                         net (fo=1, routed)           2.012    21.740    clk_40_raw
    BUFGCTRL_X0Y16       BUFG (Prop_bufg_I_O)         0.091    21.831 r  u_core_clk_bufg/O
                         net (fo=4600, routed)        1.482    23.314    u_soc/u_core/u_regfile/regs_reg_r2_0_31_12_17/WCLK
    SLICE_X50Y46         RAMD32                                       r  u_soc/u_core/u_regfile/regs_reg_r2_0_31_12_17/RAMC_D1/CLK
                         clock pessimism              0.466    23.780    <hidden>
                         clock uncertainty           -0.082    23.698    <hidden>
    SLICE_X50Y46         RAMD32 (Setup_ramd32_CLK_I)
                                                     -0.249    23.449    u_soc/u_core/u_regfile/regs_reg_r2_0_31_12_17/RAMC_D1
  -------------------------------------------------------------------
                         required time                         23.449    <hidden>
                         arrival time                         -23.157    <hidden>
  -------------------------------------------------------------------
                         slack                                  0.292    <hidden>

Slack (MET) :             0.313ns  (required time - arrival time)
  Source:                 u_soc/u_imem/rdata_reg_5/CLKARDCLK
                            (rising edge-triggered cell RAMB36E1 clocked by core_clk_40  {rise@0.000ns fall@12.500ns period=25.000ns})
  Destination:            u_soc/u_core/u_regfile/regs_reg_r2_0_31_18_23/RAMA_D1/I
                            (rising edge-triggered cell RAMD32 clocked by core_clk_40  {rise@0.000ns fall@12.500ns period=25.000ns})
  Path Group:             core_clk_40
  Path Type:              Setup (Max at Slow Process Corner)
  Requirement:            25.000ns  (core_clk_40 rise@25.000ns - core_clk_40 rise@0.000ns)
  Data Path Delay:        24.112ns  (logic 6.211ns (25.759%)  route 17.901ns (74.241%))
  Logic Levels:           19  (LUT3=3 LUT4=1 LUT5=1 LUT6=9 MUXF7=2 MUXF8=1 RAMD32=1 RAMS64E=1)
  Clock Path Skew:        -0.235ns (DCD - SCD + CPR)
    Destination Clock Delay (DCD):    -1.632ns = ( 23.368 - 25.000 ) 
    Source Clock Delay      (SCD):    -0.945ns
    Clock Pessimism Removal (CPR):    0.452ns
  Clock Uncertainty:      0.082ns  ((TSJ^2 + DJ^2)^1/2) / 2 + PE
    Total System Jitter     (TSJ):    0.071ns
    Discrete Jitter          (DJ):    0.147ns
    Phase Error              (PE):    0.000ns

    Location             Delay type                Incr(ns)  Path(ns)    Netlist Resource(s)
  -------------------------------------------------------------------    -------------------
                         (clock core_clk_40 rise edge)
                                                      0.000     0.000 r  <hidden>
    H16                                               0.000     0.000 r  clk
                         net (fo=0)                   0.000     0.000    clk
    H16                  IBUF (Prop_ibuf_I_O)         1.451     1.451 r  clk_IBUF_inst/O
                         net (fo=1, routed)           1.285     2.736    clk_IBUF
    MMCME2_ADV_X1Y2      MMCME2_ADV (Prop_mmcme2_adv_CLKIN1_CLKOUT0)
                                                     -7.759    -5.023 r  u_mmcm/CLKOUT0
                         net (fo=1, routed)           2.206    -2.817    clk_40_raw
    BUFGCTRL_X0Y16       BUFG (Prop_bufg_I_O)         0.101    -2.716 r  u_core_clk_bufg/O
                         net (fo=4600, routed)        1.771    -0.945    u_soc/u_imem/clk_40
    RAMB36_X3Y9          RAMB36E1                                     r  u_soc/u_imem/rdata_reg_5/CLKARDCLK
  -------------------------------------------------------------------    -------------------
    RAMB36_X3Y9          RAMB36E1 (Prop_ramb36e1_CLKARDCLK_DOADO[0])
                                                      2.454     1.509 r  u_soc/u_imem/rdata_reg_5/DOADO[0]
                         net (fo=2, routed)           1.014     2.523    u_soc/u_core/u_if_stage/pc[31]_i_17_0[20]
    SLICE_X55Y46         LUT4 (Prop_lut4_I1_O)        0.124     2.647 r  u_soc/u_core/u_if_stage/regs_reg_r2_0_31_0_5_i_5/O
                         net (fo=40, routed)          1.277     3.924    u_soc/u_core/u_regfile/regs_reg_r2_0_31_0_5/ADDRC0
    SLICE_X50Y49         RAMD32 (Prop_ramd32_RADR0_O)
                                                      0.153     4.077 r  u_soc/u_core/u_regfile/regs_reg_r2_0_31_0_5/RAMC/O
                         net (fo=3, routed)           1.041     5.118    u_soc/u_core/u_regfile/rdata20[4]
    SLICE_X49Y53         LUT6 (Prop_lut6_I0_O)        0.331     5.449 r  u_soc/u_core/u_regfile/mem_reg_0_255_4_4_i_1/O
                         net (fo=133, routed)         0.859     6.307    u_soc/u_core/u_if_stage/divisor_r_reg[4]
    SLICE_X48Y53         LUT6 (Prop_lut6_I0_O)        0.124     6.431 r  u_soc/u_core/u_if_stage/mem_reg_0_255_0_0_i_73/O
                         net (fo=138, routed)         1.285     7.716    u_soc/u_core/u_if_stage/alu_b[4]
    SLICE_X48Y57         LUT3 (Prop_lut3_I1_O)        0.152     7.868 r  u_soc/u_core/u_if_stage/mem_reg_0_255_0_0_i_183/O
                         net (fo=1, routed)           0.472     8.341    u_soc/u_core/u_if_stage/mem_reg_0_255_0_0_i_183_n_0
    SLICE_X48Y58         LUT6 (Prop_lut6_I3_O)        0.326     8.667 r  u_soc/u_core/u_if_stage/mem_reg_0_255_0_0_i_174/O
                         net (fo=2, routed)           0.875     9.542    u_soc/u_core/u_if_stage/mem_reg_0_255_0_0_i_174_n_0
    SLICE_X48Y58         LUT3 (Prop_lut3_I2_O)        0.152     9.694 r  u_soc/u_core/u_if_stage/mem_reg_0_255_0_0_i_139/O
                         net (fo=2, routed)           0.782    10.476    u_soc/u_core/u_if_stage/mem_reg_0_255_0_0_i_139_n_0
    SLICE_X45Y61         LUT6 (Prop_lut6_I0_O)        0.326    10.802 r  u_soc/u_core/u_if_stage/mem_reg_0_255_0_0_i_82/O
                         net (fo=1, routed)           0.300    11.102    u_soc/u_core/u_if_stage/mem_reg_0_255_0_0_i_82_n_0
    SLICE_X44Y62         LUT6 (Prop_lut6_I5_O)        0.124    11.226 r  u_soc/u_core/u_if_stage/mem_reg_0_255_0_0_i_33/O
                         net (fo=29, routed)          1.855    13.081    u_soc/u_core/u_if_stage/mem_reg_0_255_0_0_i_33_n_0
    SLICE_X39Y93         LUT5 (Prop_lut5_I2_O)        0.124    13.205 r  u_soc/u_core/u_if_stage/mem_reg_0_255_31_31_i_8/O
                         net (fo=128, routed)         2.007    15.212    u_soc/u_dmem/mem_reg_2304_2559_31_31/A1
    SLICE_X26Y119        RAMS64E (Prop_rams64e_ADR1_O)
                                                      0.317    15.529 r  u_soc/u_dmem/mem_reg_2304_2559_31_31/RAMS64E_A/O
                         net (fo=1, routed)           0.000    15.529    u_soc/u_dmem/mem_reg_2304_2559_31_31/OA
    SLICE_X26Y119        MUXF7 (Prop_muxf7_I1_O)      0.214    15.743 r  u_soc/u_dmem/mem_reg_2304_2559_31_31/F7.A/O
                         net (fo=1, routed)           0.000    15.743    u_soc/u_dmem/mem_reg_2304_2559_31_31/O1
    SLICE_X26Y119        MUXF8 (Prop_muxf8_I1_O)      0.088    15.831 r  u_soc/u_dmem/mem_reg_2304_2559_31_31/F8/O
                         net (fo=1, routed)           1.245    17.076    u_soc/u_dmem/mem_reg_2304_2559_31_31_n_0
    SLICE_X31Y101        LUT6 (Prop_lut6_I3_O)        0.319    17.395 r  u_soc/u_dmem/regs_reg_r1_0_31_30_31_i_13__0/O
                         net (fo=1, routed)           0.000    17.395    u_soc/u_dmem/regs_reg_r1_0_31_30_31_i_13__0_n_0
    SLICE_X31Y101        MUXF7 (Prop_muxf7_I0_O)      0.212    17.607 r  u_soc/u_dmem/regs_reg_r1_0_31_30_31_i_7__0/O
                         net (fo=1, routed)           1.080    18.687    u_soc/u_dmem/regs_reg_r1_0_31_30_31_i_7__0_n_0
    SLICE_X39Y95         LUT6 (Prop_lut6_I3_O)        0.299    18.986 r  u_soc/u_dmem/regs_reg_r1_0_31_30_31_i_3__0/O
                         net (fo=3, routed)           1.798    20.784    u_soc/u_dmem/regs_reg_r1_0_31_30_31_i_8__0_0[30]
    SLICE_X48Y57         LUT3 (Prop_lut3_I0_O)        0.124    20.908 r  u_soc/u_dmem/regs_reg_r1_0_31_12_17_i_33/O
                         net (fo=2, routed)           0.610    21.518    u_soc/u_core/u_if_stage/regs_reg_r1_0_31_12_17_i_3_0
    SLICE_X52Y57         LUT6 (Prop_lut6_I0_O)        0.124    21.642 r  u_soc/u_core/u_if_stage/regs_reg_r1_0_31_12_17_i_22/O
                         net (fo=16, routed)          0.694    22.336    u_soc/u_core/u_if_stage/regs_reg_r1_0_31_12_17_i_22_n_0
    SLICE_X52Y52         LUT6 (Prop_lut6_I1_O)        0.124    22.460 r  u_soc/u_core/u_if_stage/regs_reg_r1_0_31_18_23_i_1/O
                         net (fo=2, routed)           0.707    23.167    u_soc/u_core/u_regfile/regs_reg_r2_0_31_18_23/DIA1
    SLICE_X54Y51         RAMD32                                       r  u_soc/u_core/u_regfile/regs_reg_r2_0_31_18_23/RAMA_D1/I
  -------------------------------------------------------------------    -------------------

                         (clock core_clk_40 rise edge)
                                                     25.000    25.000 r  <hidden>
    H16                                               0.000    25.000 r  clk
                         net (fo=0)                   0.000    25.000    clk
    H16                  IBUF (Prop_ibuf_I_O)         1.380    26.380 r  clk_IBUF_inst/O
                         net (fo=1, routed)           1.162    27.542    clk_IBUF
    MMCME2_ADV_X1Y2      MMCME2_ADV (Prop_mmcme2_adv_CLKIN1_CLKOUT0)
                                                     -7.814    19.728 r  u_mmcm/CLKOUT0
                         net (fo=1, routed)           2.012    21.740    clk_40_raw
    BUFGCTRL_X0Y16       BUFG (Prop_bufg_I_O)         0.091    21.831 r  u_core_clk_bufg/O
                         net (fo=4600, routed)        1.537    23.368    u_soc/u_core/u_regfile/regs_reg_r2_0_31_18_23/WCLK
    SLICE_X54Y51         RAMD32                                       r  u_soc/u_core/u_regfile/regs_reg_r2_0_31_18_23/RAMA_D1/CLK
                         clock pessimism              0.452    23.820    <hidden>
                         clock uncertainty           -0.082    23.739    <hidden>
    SLICE_X54Y51         RAMD32 (Setup_ramd32_CLK_I)
                                                     -0.258    23.481    u_soc/u_core/u_regfile/regs_reg_r2_0_31_18_23/RAMA_D1
  -------------------------------------------------------------------
                         required time                         23.481    <hidden>
                         arrival time                         -23.167    <hidden>
  -------------------------------------------------------------------
                         slack                                  0.313    <hidden>

Slack (MET) :             0.328ns  (required time - arrival time)
  Source:                 u_soc/u_imem/rdata_reg_4/CLKARDCLK
                            (rising edge-triggered cell RAMB36E1 clocked by core_clk_40  {rise@0.000ns fall@12.500ns period=25.000ns})
  Destination:            u_soc/u_core/u_regfile/regs_reg_r2_0_31_30_31__0/DP/I
                            (rising edge-triggered cell RAMD32 clocked by core_clk_40  {rise@0.000ns fall@12.500ns period=25.000ns})
  Path Group:             core_clk_40
  Path Type:              Setup (Max at Slow Process Corner)
  Requirement:            25.000ns  (core_clk_40 rise@25.000ns - core_clk_40 rise@0.000ns)
  Data Path Delay:        24.105ns  (logic 5.847ns (24.257%)  route 18.258ns (75.743%))
  Logic Levels:           18  (LUT3=2 LUT4=1 LUT5=2 LUT6=8 MUXF7=2 MUXF8=1 RAMD32=1 RAMS64E=1)
  Clock Path Skew:        -0.228ns (DCD - SCD + CPR)
    Destination Clock Delay (DCD):    -1.614ns = ( 23.386 - 25.000 ) 
    Source Clock Delay      (SCD):    -0.920ns
    Clock Pessimism Removal (CPR):    0.466ns
  Clock Uncertainty:      0.082ns  ((TSJ^2 + DJ^2)^1/2) / 2 + PE
    Total System Jitter     (TSJ):    0.071ns
    Discrete Jitter          (DJ):    0.147ns
    Phase Error              (PE):    0.000ns

    Location             Delay type                Incr(ns)  Path(ns)    Netlist Resource(s)
  -------------------------------------------------------------------    -------------------
                         (clock core_clk_40 rise edge)
                                                      0.000     0.000 r  <hidden>
    H16                                               0.000     0.000 r  clk
                         net (fo=0)                   0.000     0.000    clk
    H16                  IBUF (Prop_ibuf_I_O)         1.451     1.451 r  clk_IBUF_inst/O
                         net (fo=1, routed)           1.285     2.736    clk_IBUF
    MMCME2_ADV_X1Y2      MMCME2_ADV (Prop_mmcme2_adv_CLKIN1_CLKOUT0)
                                                     -7.759    -5.023 r  u_mmcm/CLKOUT0
                         net (fo=1, routed)           2.206    -2.817    clk_40_raw
    BUFGCTRL_X0Y16       BUFG (Prop_bufg_I_O)         0.101    -2.716 r  u_core_clk_bufg/O
                         net (fo=4600, routed)        1.796    -0.920    u_soc/u_imem/clk_40
    RAMB36_X1Y9          RAMB36E1                                     r  u_soc/u_imem/rdata_reg_4/CLKARDCLK
  -------------------------------------------------------------------    -------------------
    RAMB36_X1Y9          RAMB36E1 (Prop_ramb36e1_CLKARDCLK_DOADO[0])
                                                      2.454     1.534 r  u_soc/u_imem/rdata_reg_4/DOADO[0]
                         net (fo=2, routed)           1.929     3.463    u_soc/u_core/u_if_stage/pc[31]_i_17_0[16]
    SLICE_X53Y45         LUT4 (Prop_lut4_I1_O)        0.124     3.587 r  u_soc/u_core/u_if_stage/regs_reg_r1_0_31_0_5_i_11/O
                         net (fo=35, routed)          1.322     4.910    u_soc/u_core/u_regfile/regs_reg_r1_0_31_12_17/ADDRA1
    SLICE_X46Y49         RAMD32 (Prop_ramd32_RADR1_O)
                                                      0.146     5.056 r  u_soc/u_core/u_regfile/regs_reg_r1_0_31_12_17/RAMA/O
                         net (fo=3, routed)           0.836     5.892    u_soc/u_core/u_if_stage/rdata10[12]
    SLICE_X48Y49         LUT5 (Prop_lut5_I3_O)        0.328     6.220 r  u_soc/u_core/u_if_stage/pc[12]_i_8/O
                         net (fo=19, routed)          1.469     7.689    u_soc/u_core/u_if_stage/alu_a[12]
    SLICE_X45Y56         LUT6 (Prop_lut6_I1_O)        0.124     7.813 r  u_soc/u_core/u_if_stage/mem_reg_0_255_0_0_i_138/O
                         net (fo=4, routed)           0.664     8.477    u_soc/u_core/u_if_stage/mem_reg_0_255_0_0_i_138_n_0
    SLICE_X48Y58         LUT6 (Prop_lut6_I5_O)        0.124     8.601 r  u_soc/u_core/u_if_stage/mem_reg_0_255_0_0_i_174/O
                         net (fo=2, routed)           0.875     9.476    u_soc/u_core/u_if_stage/mem_reg_0_255_0_0_i_174_n_0
    SLICE_X48Y58         LUT3 (Prop_lut3_I2_O)        0.152     9.628 r  u_soc/u_core/u_if_stage/mem_reg_0_255_0_0_i_139/O
                         net (fo=2, routed)           0.782    10.410    u_soc/u_core/u_if_stage/mem_reg_0_255_0_0_i_139_n_0
    SLICE_X45Y61         LUT6 (Prop_lut6_I0_O)        0.326    10.736 r  u_soc/u_core/u_if_stage/mem_reg_0_255_0_0_i_82/O
                         net (fo=1, routed)           0.300    11.036    u_soc/u_core/u_if_stage/mem_reg_0_255_0_0_i_82_n_0
    SLICE_X44Y62         LUT6 (Prop_lut6_I5_O)        0.124    11.160 r  u_soc/u_core/u_if_stage/mem_reg_0_255_0_0_i_33/O
                         net (fo=29, routed)          1.855    13.015    u_soc/u_core/u_if_stage/mem_reg_0_255_0_0_i_33_n_0
    SLICE_X39Y93         LUT5 (Prop_lut5_I2_O)        0.124    13.139 r  u_soc/u_core/u_if_stage/mem_reg_0_255_31_31_i_8/O
                         net (fo=128, routed)         2.007    15.146    u_soc/u_dmem/mem_reg_2304_2559_31_31/A1
    SLICE_X26Y119        RAMS64E (Prop_rams64e_ADR1_O)
                                                      0.317    15.463 r  u_soc/u_dmem/mem_reg_2304_2559_31_31/RAMS64E_A/O
                         net (fo=1, routed)           0.000    15.463    u_soc/u_dmem/mem_reg_2304_2559_31_31/OA
    SLICE_X26Y119        MUXF7 (Prop_muxf7_I1_O)      0.214    15.677 r  u_soc/u_dmem/mem_reg_2304_2559_31_31/F7.A/O
                         net (fo=1, routed)           0.000    15.677    u_soc/u_dmem/mem_reg_2304_2559_31_31/O1
    SLICE_X26Y119        MUXF8 (Prop_muxf8_I1_O)      0.088    15.765 r  u_soc/u_dmem/mem_reg_2304_2559_31_31/F8/O
                         net (fo=1, routed)           1.245    17.011    u_soc/u_dmem/mem_reg_2304_2559_31_31_n_0
    SLICE_X31Y101        LUT6 (Prop_lut6_I3_O)        0.319    17.330 r  u_soc/u_dmem/regs_reg_r1_0_31_30_31_i_13__0/O
                         net (fo=1, routed)           0.000    17.330    u_soc/u_dmem/regs_reg_r1_0_31_30_31_i_13__0_n_0
    SLICE_X31Y101        MUXF7 (Prop_muxf7_I0_O)      0.212    17.542 r  u_soc/u_dmem/regs_reg_r1_0_31_30_31_i_7__0/O
                         net (fo=1, routed)           1.080    18.621    u_soc/u_dmem/regs_reg_r1_0_31_30_31_i_7__0_n_0
    SLICE_X39Y95         LUT6 (Prop_lut6_I3_O)        0.299    18.920 r  u_soc/u_dmem/regs_reg_r1_0_31_30_31_i_3__0/O
                         net (fo=3, routed)           1.798    20.718    u_soc/u_dmem/regs_reg_r1_0_31_30_31_i_8__0_0[30]
    SLICE_X48Y57         LUT3 (Prop_lut3_I0_O)        0.124    20.842 r  u_soc/u_dmem/regs_reg_r1_0_31_12_17_i_33/O
                         net (fo=2, routed)           0.610    21.452    u_soc/u_core/u_if_stage/regs_reg_r1_0_31_12_17_i_3_0
    SLICE_X52Y57         LUT6 (Prop_lut6_I0_O)        0.124    21.576 r  u_soc/u_core/u_if_stage/regs_reg_r1_0_31_12_17_i_22/O
                         net (fo=16, routed)          0.685    22.261    u_soc/u_core/u_if_stage/regs_reg_r1_0_31_12_17_i_22_n_0
    SLICE_X52Y53         LUT6 (Prop_lut6_I1_O)        0.124    22.385 r  u_soc/u_core/u_if_stage/regs_reg_r1_0_31_30_31_i_1/O
                         net (fo=4, routed)           0.799    23.185    u_soc/u_core/u_regfile/regs_reg_r2_0_31_30_31__0/D
    SLICE_X54Y47         RAMD32                                       r  u_soc/u_core/u_regfile/regs_reg_r2_0_31_30_31__0/DP/I
  -------------------------------------------------------------------    -------------------

                         (clock core_clk_40 rise edge)
                                                     25.000    25.000 r  <hidden>
    H16                                               0.000    25.000 r  clk
                         net (fo=0)                   0.000    25.000    clk
    H16                  IBUF (Prop_ibuf_I_O)         1.380    26.380 r  clk_IBUF_inst/O
                         net (fo=1, routed)           1.162    27.542    clk_IBUF
    MMCME2_ADV_X1Y2      MMCME2_ADV (Prop_mmcme2_adv_CLKIN1_CLKOUT0)
                                                     -7.814    19.728 r  u_mmcm/CLKOUT0
                         net (fo=1, routed)           2.012    21.740    clk_40_raw
    BUFGCTRL_X0Y16       BUFG (Prop_bufg_I_O)         0.091    21.831 r  u_core_clk_bufg/O
                         net (fo=4600, routed)        1.554    23.386    u_soc/u_core/u_regfile/regs_reg_r2_0_31_30_31__0/WCLK
    SLICE_X54Y47         RAMD32                                       r  u_soc/u_core/u_regfile/regs_reg_r2_0_31_30_31__0/DP/CLK
                         clock pessimism              0.466    23.852    <hidden>
                         clock uncertainty           -0.082    23.770    <hidden>
    SLICE_X54Y47         RAMD32 (Setup_ramd32_CLK_I)
                                                     -0.258    23.512    u_soc/u_core/u_regfile/regs_reg_r2_0_31_30_31__0/DP
  -------------------------------------------------------------------
                         required time                         23.512    <hidden>
                         arrival time                         -23.185    <hidden>
  -------------------------------------------------------------------
                         slack                                  0.328    <hidden>

Slack (MET) :             0.347ns  (required time - arrival time)
  Source:                 u_soc/u_imem/rdata_reg_4/CLKARDCLK
                            (rising edge-triggered cell RAMB36E1 clocked by core_clk_40  {rise@0.000ns fall@12.500ns period=25.000ns})
  Destination:            u_soc/u_core/u_regfile/regs_reg_r1_0_31_30_31/DP/I
                            (rising edge-triggered cell RAMD32 clocked by core_clk_40  {rise@0.000ns fall@12.500ns period=25.000ns})
  Path Group:             core_clk_40
  Path Type:              Setup (Max at Slow Process Corner)
  Requirement:            25.000ns  (core_clk_40 rise@25.000ns - core_clk_40 rise@0.000ns)
  Data Path Delay:        24.094ns  (logic 5.847ns (24.267%)  route 18.247ns (75.733%))
  Logic Levels:           18  (LUT3=2 LUT4=1 LUT5=2 LUT6=8 MUXF7=2 MUXF8=1 RAMD32=1 RAMS64E=1)
  Clock Path Skew:        -0.228ns (DCD - SCD + CPR)
    Destination Clock Delay (DCD):    -1.614ns = ( 23.386 - 25.000 ) 
    Source Clock Delay      (SCD):    -0.920ns
    Clock Pessimism Removal (CPR):    0.466ns
  Clock Uncertainty:      0.082ns  ((TSJ^2 + DJ^2)^1/2) / 2 + PE
    Total System Jitter     (TSJ):    0.071ns
    Discrete Jitter          (DJ):    0.147ns
    Phase Error              (PE):    0.000ns

    Location             Delay type                Incr(ns)  Path(ns)    Netlist Resource(s)
  -------------------------------------------------------------------    -------------------
                         (clock core_clk_40 rise edge)
                                                      0.000     0.000 r  <hidden>
    H16                                               0.000     0.000 r  clk
                         net (fo=0)                   0.000     0.000    clk
    H16                  IBUF (Prop_ibuf_I_O)         1.451     1.451 r  clk_IBUF_inst/O
                         net (fo=1, routed)           1.285     2.736    clk_IBUF
    MMCME2_ADV_X1Y2      MMCME2_ADV (Prop_mmcme2_adv_CLKIN1_CLKOUT0)
                                                     -7.759    -5.023 r  u_mmcm/CLKOUT0
                         net (fo=1, routed)           2.206    -2.817    clk_40_raw
    BUFGCTRL_X0Y16       BUFG (Prop_bufg_I_O)         0.101    -2.716 r  u_core_clk_bufg/O
                         net (fo=4600, routed)        1.796    -0.920    u_soc/u_imem/clk_40
    RAMB36_X1Y9          RAMB36E1                                     r  u_soc/u_imem/rdata_reg_4/CLKARDCLK
  -------------------------------------------------------------------    -------------------
    RAMB36_X1Y9          RAMB36E1 (Prop_ramb36e1_CLKARDCLK_DOADO[0])
                                                      2.454     1.534 r  u_soc/u_imem/rdata_reg_4/DOADO[0]
                         net (fo=2, routed)           1.929     3.463    u_soc/u_core/u_if_stage/pc[31]_i_17_0[16]
    SLICE_X53Y45         LUT4 (Prop_lut4_I1_O)        0.124     3.587 r  u_soc/u_core/u_if_stage/regs_reg_r1_0_31_0_5_i_11/O
                         net (fo=35, routed)          1.322     4.910    u_soc/u_core/u_regfile/regs_reg_r1_0_31_12_17/ADDRA1
    SLICE_X46Y49         RAMD32 (Prop_ramd32_RADR1_O)
                                                      0.146     5.056 r  u_soc/u_core/u_regfile/regs_reg_r1_0_31_12_17/RAMA/O
                         net (fo=3, routed)           0.836     5.892    u_soc/u_core/u_if_stage/rdata10[12]
    SLICE_X48Y49         LUT5 (Prop_lut5_I3_O)        0.328     6.220 r  u_soc/u_core/u_if_stage/pc[12]_i_8/O
                         net (fo=19, routed)          1.469     7.689    u_soc/u_core/u_if_stage/alu_a[12]
    SLICE_X45Y56         LUT6 (Prop_lut6_I1_O)        0.124     7.813 r  u_soc/u_core/u_if_stage/mem_reg_0_255_0_0_i_138/O
                         net (fo=4, routed)           0.664     8.477    u_soc/u_core/u_if_stage/mem_reg_0_255_0_0_i_138_n_0
    SLICE_X48Y58         LUT6 (Prop_lut6_I5_O)        0.124     8.601 r  u_soc/u_core/u_if_stage/mem_reg_0_255_0_0_i_174/O
                         net (fo=2, routed)           0.875     9.476    u_soc/u_core/u_if_stage/mem_reg_0_255_0_0_i_174_n_0
    SLICE_X48Y58         LUT3 (Prop_lut3_I2_O)        0.152     9.628 r  u_soc/u_core/u_if_stage/mem_reg_0_255_0_0_i_139/O
                         net (fo=2, routed)           0.782    10.410    u_soc/u_core/u_if_stage/mem_reg_0_255_0_0_i_139_n_0
    SLICE_X45Y61         LUT6 (Prop_lut6_I0_O)        0.326    10.736 r  u_soc/u_core/u_if_stage/mem_reg_0_255_0_0_i_82/O
                         net (fo=1, routed)           0.300    11.036    u_soc/u_core/u_if_stage/mem_reg_0_255_0_0_i_82_n_0
    SLICE_X44Y62         LUT6 (Prop_lut6_I5_O)        0.124    11.160 r  u_soc/u_core/u_if_stage/mem_reg_0_255_0_0_i_33/O
                         net (fo=29, routed)          1.855    13.015    u_soc/u_core/u_if_stage/mem_reg_0_255_0_0_i_33_n_0
    SLICE_X39Y93         LUT5 (Prop_lut5_I2_O)        0.124    13.139 r  u_soc/u_core/u_if_stage/mem_reg_0_255_31_31_i_8/O
                         net (fo=128, routed)         2.007    15.146    u_soc/u_dmem/mem_reg_2304_2559_31_31/A1
    SLICE_X26Y119        RAMS64E (Prop_rams64e_ADR1_O)
                                                      0.317    15.463 r  u_soc/u_dmem/mem_reg_2304_2559_31_31/RAMS64E_A/O
                         net (fo=1, routed)           0.000    15.463    u_soc/u_dmem/mem_reg_2304_2559_31_31/OA
    SLICE_X26Y119        MUXF7 (Prop_muxf7_I1_O)      0.214    15.677 r  u_soc/u_dmem/mem_reg_2304_2559_31_31/F7.A/O
                         net (fo=1, routed)           0.000    15.677    u_soc/u_dmem/mem_reg_2304_2559_31_31/O1
    SLICE_X26Y119        MUXF8 (Prop_muxf8_I1_O)      0.088    15.765 r  u_soc/u_dmem/mem_reg_2304_2559_31_31/F8/O
                         net (fo=1, routed)           1.245    17.011    u_soc/u_dmem/mem_reg_2304_2559_31_31_n_0
    SLICE_X31Y101        LUT6 (Prop_lut6_I3_O)        0.319    17.330 r  u_soc/u_dmem/regs_reg_r1_0_31_30_31_i_13__0/O
                         net (fo=1, routed)           0.000    17.330    u_soc/u_dmem/regs_reg_r1_0_31_30_31_i_13__0_n_0
    SLICE_X31Y101        MUXF7 (Prop_muxf7_I0_O)      0.212    17.542 r  u_soc/u_dmem/regs_reg_r1_0_31_30_31_i_7__0/O
                         net (fo=1, routed)           1.080    18.621    u_soc/u_dmem/regs_reg_r1_0_31_30_31_i_7__0_n_0
    SLICE_X39Y95         LUT6 (Prop_lut6_I3_O)        0.299    18.920 r  u_soc/u_dmem/regs_reg_r1_0_31_30_31_i_3__0/O
                         net (fo=3, routed)           1.798    20.718    u_soc/u_dmem/regs_reg_r1_0_31_30_31_i_8__0_0[30]
    SLICE_X48Y57         LUT3 (Prop_lut3_I0_O)        0.124    20.842 r  u_soc/u_dmem/regs_reg_r1_0_31_12_17_i_33/O
                         net (fo=2, routed)           0.610    21.452    u_soc/u_core/u_if_stage/regs_reg_r1_0_31_12_17_i_3_0
    SLICE_X52Y57         LUT6 (Prop_lut6_I0_O)        0.124    21.576 r  u_soc/u_core/u_if_stage/regs_reg_r1_0_31_12_17_i_22/O
                         net (fo=16, routed)          0.749    22.325    u_soc/u_core/u_if_stage/regs_reg_r1_0_31_12_17_i_22_n_0
    SLICE_X55Y54         LUT6 (Prop_lut6_I1_O)        0.124    22.449 r  u_soc/u_core/u_if_stage/regs_reg_r1_0_31_30_31_i_1__0/O
                         net (fo=4, routed)           0.725    23.174    u_soc/u_core/u_regfile/regs_reg_r1_0_31_30_31/D
    SLICE_X54Y47         RAMD32                                       r  u_soc/u_core/u_regfile/regs_reg_r1_0_31_30_31/DP/I
  -------------------------------------------------------------------    -------------------

                         (clock core_clk_40 rise edge)
                                                     25.000    25.000 r  <hidden>
    H16                                               0.000    25.000 r  clk
                         net (fo=0)                   0.000    25.000    clk
    H16                  IBUF (Prop_ibuf_I_O)         1.380    26.380 r  clk_IBUF_inst/O
                         net (fo=1, routed)           1.162    27.542    clk_IBUF
    MMCME2_ADV_X1Y2      MMCME2_ADV (Prop_mmcme2_adv_CLKIN1_CLKOUT0)
                                                     -7.814    19.728 r  u_mmcm/CLKOUT0
                         net (fo=1, routed)           2.012    21.740    clk_40_raw
    BUFGCTRL_X0Y16       BUFG (Prop_bufg_I_O)         0.091    21.831 r  u_core_clk_bufg/O
                         net (fo=4600, routed)        1.554    23.386    u_soc/u_core/u_regfile/regs_reg_r1_0_31_30_31/WCLK
    SLICE_X54Y47         RAMD32                                       r  u_soc/u_core/u_regfile/regs_reg_r1_0_31_30_31/DP/CLK
                         clock pessimism              0.466    23.852    <hidden>
                         clock uncertainty           -0.082    23.770    <hidden>
    SLICE_X54Y47         RAMD32 (Setup_ramd32_CLK_I)
                                                     -0.249    23.521    u_soc/u_core/u_regfile/regs_reg_r1_0_31_30_31/DP
  -------------------------------------------------------------------
                         required time                         23.521    <hidden>
                         arrival time                         -23.174    <hidden>
  -------------------------------------------------------------------
                         slack                                  0.347    <hidden>

Slack (MET) :             13.851ns  (required time - arrival time)
  Source:                 reset_pipe_reg[1]/C
                            (rising edge-triggered cell FDPE clocked by core_clk_40  {rise@0.000ns fall@12.500ns period=25.000ns})
  Destination:            u_soc/u_core/u_if_stage/instr_hold_reg[0]/PRE
                            (recovery check against rising-edge clock core_clk_40  {rise@0.000ns fall@12.500ns period=25.000ns})
  Path Group:             **async_default**
  Path Type:              Recovery (Max at Slow Process Corner)
  Requirement:            25.000ns  (core_clk_40 rise@25.000ns - core_clk_40 rise@0.000ns)
  Data Path Delay:        9.972ns  (logic 0.419ns (4.202%)  route 9.553ns (95.798%))
  Logic Levels:           0  
  Clock Path Skew:        -0.562ns (DCD - SCD + CPR)
    Destination Clock Delay (DCD):    -1.674ns = ( 23.326 - 25.000 ) 
    Source Clock Delay      (SCD):    -0.660ns
    Clock Pessimism Removal (CPR):    0.452ns
  Clock Uncertainty:      0.082ns  ((TSJ^2 + DJ^2)^1/2) / 2 + PE
    Total System Jitter     (TSJ):    0.071ns
    Discrete Jitter          (DJ):    0.147ns
    Phase Error              (PE):    0.000ns

    Location             Delay type                Incr(ns)  Path(ns)    Netlist Resource(s)
  -------------------------------------------------------------------    -------------------
                         (clock core_clk_40 rise edge)
                                                      0.000     0.000 r  <hidden>
    H16                                               0.000     0.000 r  clk
                         net (fo=0)                   0.000     0.000    clk
    H16                  IBUF (Prop_ibuf_I_O)         1.451     1.451 r  clk_IBUF_inst/O
                         net (fo=1, routed)           1.285     2.736    clk_IBUF
    MMCME2_ADV_X1Y2      MMCME2_ADV (Prop_mmcme2_adv_CLKIN1_CLKOUT0)
                                                     -7.759    -5.023 r  u_mmcm/CLKOUT0
                         net (fo=1, routed)           2.206    -2.817    clk_40_raw
    BUFGCTRL_X0Y16       BUFG (Prop_bufg_I_O)         0.101    -2.716 r  u_core_clk_bufg/O
                         net (fo=4600, routed)        2.056    -0.660    clk_40
    SLICE_X110Y107       FDPE                                         r  reset_pipe_reg[1]/C
  -------------------------------------------------------------------    -------------------
    SLICE_X110Y107       FDPE (Prop_fdpe_C_Q)         0.419    -0.241 f  reset_pipe_reg[1]/Q
                         net (fo=413, routed)         9.553     9.312    u_soc/u_core/u_if_stage/out[0]
    SLICE_X33Y42         FDPE                                         f  u_soc/u_core/u_if_stage/instr_hold_reg[0]/PRE
  -------------------------------------------------------------------    -------------------

                         (clock core_clk_40 rise edge)
                                                     25.000    25.000 r  <hidden>
    H16                                               0.000    25.000 r  clk
                         net (fo=0)                   0.000    25.000    clk
    H16                  IBUF (Prop_ibuf_I_O)         1.380    26.380 r  clk_IBUF_inst/O
                         net (fo=1, routed)           1.162    27.542    clk_IBUF
    MMCME2_ADV_X1Y2      MMCME2_ADV (Prop_mmcme2_adv_CLKIN1_CLKOUT0)
                                                     -7.814    19.728 r  u_mmcm/CLKOUT0
                         net (fo=1, routed)           2.012    21.740    clk_40_raw
    BUFGCTRL_X0Y16       BUFG (Prop_bufg_I_O)         0.091    21.831 r  u_core_clk_bufg/O
                         net (fo=4600, routed)        1.494    23.326    u_soc/u_core/u_if_stage/clk_40
    SLICE_X33Y42         FDPE                                         r  u_soc/u_core/u_if_stage/instr_hold_reg[0]/C
                         clock pessimism              0.452    23.778    <hidden>
                         clock uncertainty           -0.082    23.696    <hidden>
    SLICE_X33Y42         FDPE (Recov_fdpe_C_PRE)     -0.534    23.162    u_soc/u_core/u_if_stage/instr_hold_reg[0]
  -------------------------------------------------------------------
                         required time                         23.162    <hidden>
                         arrival time                          -9.312    <hidden>
  -------------------------------------------------------------------
                         slack                                 13.851    <hidden>

Slack (MET) :             13.851ns  (required time - arrival time)
  Source:                 reset_pipe_reg[1]/C
                            (rising edge-triggered cell FDPE clocked by core_clk_40  {rise@0.000ns fall@12.500ns period=25.000ns})
  Destination:            u_soc/u_core/u_if_stage/instr_hold_reg[1]/PRE
                            (recovery check against rising-edge clock core_clk_40  {rise@0.000ns fall@12.500ns period=25.000ns})
  Path Group:             **async_default**
  Path Type:              Recovery (Max at Slow Process Corner)
  Requirement:            25.000ns  (core_clk_40 rise@25.000ns - core_clk_40 rise@0.000ns)
  Data Path Delay:        9.972ns  (logic 0.419ns (4.202%)  route 9.553ns (95.798%))
  Logic Levels:           0  
  Clock Path Skew:        -0.562ns (DCD - SCD + CPR)
    Destination Clock Delay (DCD):    -1.674ns = ( 23.326 - 25.000 ) 
    Source Clock Delay      (SCD):    -0.660ns
    Clock Pessimism Removal (CPR):    0.452ns
  Clock Uncertainty:      0.082ns  ((TSJ^2 + DJ^2)^1/2) / 2 + PE
    Total System Jitter     (TSJ):    0.071ns
    Discrete Jitter          (DJ):    0.147ns
    Phase Error              (PE):    0.000ns

    Location             Delay type                Incr(ns)  Path(ns)    Netlist Resource(s)
  -------------------------------------------------------------------    -------------------
                         (clock core_clk_40 rise edge)
                                                      0.000     0.000 r  <hidden>
    H16                                               0.000     0.000 r  clk
                         net (fo=0)                   0.000     0.000    clk
    H16                  IBUF (Prop_ibuf_I_O)         1.451     1.451 r  clk_IBUF_inst/O
                         net (fo=1, routed)           1.285     2.736    clk_IBUF
    MMCME2_ADV_X1Y2      MMCME2_ADV (Prop_mmcme2_adv_CLKIN1_CLKOUT0)
                                                     -7.759    -5.023 r  u_mmcm/CLKOUT0
                         net (fo=1, routed)           2.206    -2.817    clk_40_raw
    BUFGCTRL_X0Y16       BUFG (Prop_bufg_I_O)         0.101    -2.716 r  u_core_clk_bufg/O
                         net (fo=4600, routed)        2.056    -0.660    clk_40
    SLICE_X110Y107       FDPE                                         r  reset_pipe_reg[1]/C
  -------------------------------------------------------------------    -------------------
    SLICE_X110Y107       FDPE (Prop_fdpe_C_Q)         0.419    -0.241 f  reset_pipe_reg[1]/Q
                         net (fo=413, routed)         9.553     9.312    u_soc/u_core/u_if_stage/out[0]
    SLICE_X33Y42         FDPE                                         f  u_soc/u_core/u_if_stage/instr_hold_reg[1]/PRE
  -------------------------------------------------------------------    -------------------

                         (clock core_clk_40 rise edge)
                                                     25.000    25.000 r  <hidden>
    H16                                               0.000    25.000 r  clk
                         net (fo=0)                   0.000    25.000    clk
    H16                  IBUF (Prop_ibuf_I_O)         1.380    26.380 r  clk_IBUF_inst/O
                         net (fo=1, routed)           1.162    27.542    clk_IBUF
    MMCME2_ADV_X1Y2      MMCME2_ADV (Prop_mmcme2_adv_CLKIN1_CLKOUT0)
                                                     -7.814    19.728 r  u_mmcm/CLKOUT0
                         net (fo=1, routed)           2.012    21.740    clk_40_raw
    BUFGCTRL_X0Y16       BUFG (Prop_bufg_I_O)         0.091    21.831 r  u_core_clk_bufg/O
                         net (fo=4600, routed)        1.494    23.326    u_soc/u_core/u_if_stage/clk_40
    SLICE_X33Y42         FDPE                                         r  u_soc/u_core/u_if_stage/instr_hold_reg[1]/C
                         clock pessimism              0.452    23.778    <hidden>
                         clock uncertainty           -0.082    23.696    <hidden>
    SLICE_X33Y42         FDPE (Recov_fdpe_C_PRE)     -0.534    23.162    u_soc/u_core/u_if_stage/instr_hold_reg[1]
  -------------------------------------------------------------------
                         required time                         23.162    <hidden>
                         arrival time                          -9.312    <hidden>
  -------------------------------------------------------------------
                         slack                                 13.851    <hidden>

Slack (MET) :             14.181ns  (required time - arrival time)
  Source:                 reset_pipe_reg[1]/C
                            (rising edge-triggered cell FDPE clocked by core_clk_40  {rise@0.000ns fall@12.500ns period=25.000ns})
  Destination:            u_soc/u_core/u_muldiv/count_reg[0]/CLR
                            (recovery check against rising-edge clock core_clk_40  {rise@0.000ns fall@12.500ns period=25.000ns})
  Path Group:             **async_default**
  Path Type:              Recovery (Max at Slow Process Corner)
  Requirement:            25.000ns  (core_clk_40 rise@25.000ns - core_clk_40 rise@0.000ns)
  Data Path Delay:        9.597ns  (logic 0.419ns (4.366%)  route 9.178ns (95.634%))
  Logic Levels:           0  
  Clock Path Skew:        -0.561ns (DCD - SCD + CPR)
    Destination Clock Delay (DCD):    -1.673ns = ( 23.327 - 25.000 ) 
    Source Clock Delay      (SCD):    -0.660ns
    Clock Pessimism Removal (CPR):    0.452ns
  Clock Uncertainty:      0.082ns  ((TSJ^2 + DJ^2)^1/2) / 2 + PE
    Total System Jitter     (TSJ):    0.071ns
    Discrete Jitter          (DJ):    0.147ns
    Phase Error              (PE):    0.000ns

    Location             Delay type                Incr(ns)  Path(ns)    Netlist Resource(s)
  -------------------------------------------------------------------    -------------------
                         (clock core_clk_40 rise edge)
                                                      0.000     0.000 r  <hidden>
    H16                                               0.000     0.000 r  clk
                         net (fo=0)                   0.000     0.000    clk
    H16                  IBUF (Prop_ibuf_I_O)         1.451     1.451 r  clk_IBUF_inst/O
                         net (fo=1, routed)           1.285     2.736    clk_IBUF
    MMCME2_ADV_X1Y2      MMCME2_ADV (Prop_mmcme2_adv_CLKIN1_CLKOUT0)
                                                     -7.759    -5.023 r  u_mmcm/CLKOUT0
                         net (fo=1, routed)           2.206    -2.817    clk_40_raw
    BUFGCTRL_X0Y16       BUFG (Prop_bufg_I_O)         0.101    -2.716 r  u_core_clk_bufg/O
                         net (fo=4600, routed)        2.056    -0.660    clk_40
    SLICE_X110Y107       FDPE                                         r  reset_pipe_reg[1]/C
  -------------------------------------------------------------------    -------------------
    SLICE_X110Y107       FDPE (Prop_fdpe_C_Q)         0.419    -0.241 f  reset_pipe_reg[1]/Q
                         net (fo=413, routed)         9.178     8.937    u_soc/u_core/u_muldiv/out[0]
    SLICE_X33Y43         FDCE                                         f  u_soc/u_core/u_muldiv/count_reg[0]/CLR
  -------------------------------------------------------------------    -------------------

                         (clock core_clk_40 rise edge)
                                                     25.000    25.000 r  <hidden>
    H16                                               0.000    25.000 r  clk
                         net (fo=0)                   0.000    25.000    clk
    H16                  IBUF (Prop_ibuf_I_O)         1.380    26.380 r  clk_IBUF_inst/O
                         net (fo=1, routed)           1.162    27.542    clk_IBUF
    MMCME2_ADV_X1Y2      MMCME2_ADV (Prop_mmcme2_adv_CLKIN1_CLKOUT0)
                                                     -7.814    19.728 r  u_mmcm/CLKOUT0
                         net (fo=1, routed)           2.012    21.740    clk_40_raw
    BUFGCTRL_X0Y16       BUFG (Prop_bufg_I_O)         0.091    21.831 r  u_core_clk_bufg/O
                         net (fo=4600, routed)        1.495    23.327    u_soc/u_core/u_muldiv/clk_40
    SLICE_X33Y43         FDCE                                         r  u_soc/u_core/u_muldiv/count_reg[0]/C
                         clock pessimism              0.452    23.779    <hidden>
                         clock uncertainty           -0.082    23.697    <hidden>
    SLICE_X33Y43         FDCE (Recov_fdce_C_CLR)     -0.580    23.117    u_soc/u_core/u_muldiv/count_reg[0]
  -------------------------------------------------------------------
                         required time                         23.117    <hidden>
                         arrival time                          -8.937    <hidden>
  -------------------------------------------------------------------
                         slack                                 14.181    <hidden>

Slack (MET) :             14.241ns  (required time - arrival time)
  Source:                 reset_pipe_reg[1]/C
                            (rising edge-triggered cell FDPE clocked by core_clk_40  {rise@0.000ns fall@12.500ns period=25.000ns})
  Destination:            u_soc/u_core/u_muldiv/busy_reg/CLR
                            (recovery check against rising-edge clock core_clk_40  {rise@0.000ns fall@12.500ns period=25.000ns})
  Path Group:             **async_default**
  Path Type:              Recovery (Max at Slow Process Corner)
  Requirement:            25.000ns  (core_clk_40 rise@25.000ns - core_clk_40 rise@0.000ns)
  Data Path Delay:        9.537ns  (logic 0.419ns (4.393%)  route 9.118ns (95.607%))
  Logic Levels:           0  
  Clock Path Skew:        -0.561ns (DCD - SCD + CPR)
    Destination Clock Delay (DCD):    -1.673ns = ( 23.327 - 25.000 ) 
    Source Clock Delay      (SCD):    -0.660ns
    Clock Pessimism Removal (CPR):    0.452ns
  Clock Uncertainty:      0.082ns  ((TSJ^2 + DJ^2)^1/2) / 2 + PE
    Total System Jitter     (TSJ):    0.071ns
    Discrete Jitter          (DJ):    0.147ns
    Phase Error              (PE):    0.000ns

    Location             Delay type                Incr(ns)  Path(ns)    Netlist Resource(s)
  -------------------------------------------------------------------    -------------------
                         (clock core_clk_40 rise edge)
                                                      0.000     0.000 r  <hidden>
    H16                                               0.000     0.000 r  clk
                         net (fo=0)                   0.000     0.000    clk
    H16                  IBUF (Prop_ibuf_I_O)         1.451     1.451 r  clk_IBUF_inst/O
                         net (fo=1, routed)           1.285     2.736    clk_IBUF
    MMCME2_ADV_X1Y2      MMCME2_ADV (Prop_mmcme2_adv_CLKIN1_CLKOUT0)
                                                     -7.759    -5.023 r  u_mmcm/CLKOUT0
                         net (fo=1, routed)           2.206    -2.817    clk_40_raw
    BUFGCTRL_X0Y16       BUFG (Prop_bufg_I_O)         0.101    -2.716 r  u_core_clk_bufg/O
                         net (fo=4600, routed)        2.056    -0.660    clk_40
    SLICE_X110Y107       FDPE                                         r  reset_pipe_reg[1]/C
  -------------------------------------------------------------------    -------------------
    SLICE_X110Y107       FDPE (Prop_fdpe_C_Q)         0.419    -0.241 f  reset_pipe_reg[1]/Q
                         net (fo=413, routed)         9.118     8.877    u_soc/u_core/u_muldiv/out[0]
    SLICE_X37Y45         FDCE                                         f  u_soc/u_core/u_muldiv/busy_reg/CLR
  -------------------------------------------------------------------    -------------------

                         (clock core_clk_40 rise edge)
                                                     25.000    25.000 r  <hidden>
    H16                                               0.000    25.000 r  clk
                         net (fo=0)                   0.000    25.000    clk
    H16                  IBUF (Prop_ibuf_I_O)         1.380    26.380 r  clk_IBUF_inst/O
                         net (fo=1, routed)           1.162    27.542    clk_IBUF
    MMCME2_ADV_X1Y2      MMCME2_ADV (Prop_mmcme2_adv_CLKIN1_CLKOUT0)
                                                     -7.814    19.728 r  u_mmcm/CLKOUT0
                         net (fo=1, routed)           2.012    21.740    clk_40_raw
    BUFGCTRL_X0Y16       BUFG (Prop_bufg_I_O)         0.091    21.831 r  u_core_clk_bufg/O
                         net (fo=4600, routed)        1.495    23.327    u_soc/u_core/u_muldiv/clk_40
    SLICE_X37Y45         FDCE                                         r  u_soc/u_core/u_muldiv/busy_reg/C
                         clock pessimism              0.452    23.779    <hidden>
                         clock uncertainty           -0.082    23.697    <hidden>
    SLICE_X37Y45         FDCE (Recov_fdce_C_CLR)     -0.580    23.117    u_soc/u_core/u_muldiv/busy_reg
  -------------------------------------------------------------------
                         required time                         23.117    <hidden>
                         arrival time                          -8.877    <hidden>
  -------------------------------------------------------------------
                         slack                                 14.241    <hidden>

Slack (MET) :             14.498ns  (required time - arrival time)
  Source:                 reset_pipe_reg[1]/C
                            (rising edge-triggered cell FDPE clocked by core_clk_40  {rise@0.000ns fall@12.500ns period=25.000ns})
  Destination:            u_soc/u_core/u_muldiv/count_reg[1]/CLR
                            (recovery check against rising-edge clock core_clk_40  {rise@0.000ns fall@12.500ns period=25.000ns})
  Path Group:             **async_default**
  Path Type:              Recovery (Max at Slow Process Corner)
  Requirement:            25.000ns  (core_clk_40 rise@25.000ns - core_clk_40 rise@0.000ns)
  Data Path Delay:        9.279ns  (logic 0.419ns (4.515%)  route 8.860ns (95.485%))
  Logic Levels:           0  
  Clock Path Skew:        -0.561ns (DCD - SCD + CPR)
    Destination Clock Delay (DCD):    -1.673ns = ( 23.327 - 25.000 ) 
    Source Clock Delay      (SCD):    -0.660ns
    Clock Pessimism Removal (CPR):    0.452ns
  Clock Uncertainty:      0.082ns  ((TSJ^2 + DJ^2)^1/2) / 2 + PE
    Total System Jitter     (TSJ):    0.071ns
    Discrete Jitter          (DJ):    0.147ns
    Phase Error              (PE):    0.000ns

    Location             Delay type                Incr(ns)  Path(ns)    Netlist Resource(s)
  -------------------------------------------------------------------    -------------------
                         (clock core_clk_40 rise edge)
                                                      0.000     0.000 r  <hidden>
    H16                                               0.000     0.000 r  clk
                         net (fo=0)                   0.000     0.000    clk
    H16                  IBUF (Prop_ibuf_I_O)         1.451     1.451 r  clk_IBUF_inst/O
                         net (fo=1, routed)           1.285     2.736    clk_IBUF
    MMCME2_ADV_X1Y2      MMCME2_ADV (Prop_mmcme2_adv_CLKIN1_CLKOUT0)
                                                     -7.759    -5.023 r  u_mmcm/CLKOUT0
                         net (fo=1, routed)           2.206    -2.817    clk_40_raw
    BUFGCTRL_X0Y16       BUFG (Prop_bufg_I_O)         0.101    -2.716 r  u_core_clk_bufg/O
                         net (fo=4600, routed)        2.056    -0.660    clk_40
    SLICE_X110Y107       FDPE                                         r  reset_pipe_reg[1]/C
  -------------------------------------------------------------------    -------------------
    SLICE_X110Y107       FDPE (Prop_fdpe_C_Q)         0.419    -0.241 f  reset_pipe_reg[1]/Q
                         net (fo=413, routed)         8.860     8.619    u_soc/u_core/u_muldiv/out[0]
    SLICE_X33Y44         FDCE                                         f  u_soc/u_core/u_muldiv/count_reg[1]/CLR
  -------------------------------------------------------------------    -------------------

                         (clock core_clk_40 rise edge)
                                                     25.000    25.000 r  <hidden>
    H16                                               0.000    25.000 r  clk
                         net (fo=0)                   0.000    25.000    clk
    H16                  IBUF (Prop_ibuf_I_O)         1.380    26.380 r  clk_IBUF_inst/O
                         net (fo=1, routed)           1.162    27.542    clk_IBUF
    MMCME2_ADV_X1Y2      MMCME2_ADV (Prop_mmcme2_adv_CLKIN1_CLKOUT0)
                                                     -7.814    19.728 r  u_mmcm/CLKOUT0
                         net (fo=1, routed)           2.012    21.740    clk_40_raw
    BUFGCTRL_X0Y16       BUFG (Prop_bufg_I_O)         0.091    21.831 r  u_core_clk_bufg/O
                         net (fo=4600, routed)        1.495    23.327    u_soc/u_core/u_muldiv/clk_40
    SLICE_X33Y44         FDCE                                         r  u_soc/u_core/u_muldiv/count_reg[1]/C
                         clock pessimism              0.452    23.779    <hidden>
                         clock uncertainty           -0.082    23.697    <hidden>
    SLICE_X33Y44         FDCE (Recov_fdce_C_CLR)     -0.580    23.117    u_soc/u_core/u_muldiv/count_reg[1]
  -------------------------------------------------------------------
                         required time                         23.117    <hidden>
                         arrival time                          -8.619    <hidden>
  -------------------------------------------------------------------
                         slack                                 14.498    <hidden>

Slack (MET) :             14.498ns  (required time - arrival time)
  Source:                 reset_pipe_reg[1]/C
                            (rising edge-triggered cell FDPE clocked by core_clk_40  {rise@0.000ns fall@12.500ns period=25.000ns})
  Destination:            u_soc/u_core/u_muldiv/count_reg[2]/CLR
                            (recovery check against rising-edge clock core_clk_40  {rise@0.000ns fall@12.500ns period=25.000ns})
  Path Group:             **async_default**
  Path Type:              Recovery (Max at Slow Process Corner)
  Requirement:            25.000ns  (core_clk_40 rise@25.000ns - core_clk_40 rise@0.000ns)
  Data Path Delay:        9.279ns  (logic 0.419ns (4.515%)  route 8.860ns (95.485%))
  Logic Levels:           0  
  Clock Path Skew:        -0.561ns (DCD - SCD + CPR)
    Destination Clock Delay (DCD):    -1.673ns = ( 23.327 - 25.000 ) 
    Source Clock Delay      (SCD):    -0.660ns
    Clock Pessimism Removal (CPR):    0.452ns
  Clock Uncertainty:      0.082ns  ((TSJ^2 + DJ^2)^1/2) / 2 + PE
    Total System Jitter     (TSJ):    0.071ns
    Discrete Jitter          (DJ):    0.147ns
    Phase Error              (PE):    0.000ns

    Location             Delay type                Incr(ns)  Path(ns)    Netlist Resource(s)
  -------------------------------------------------------------------    -------------------
                         (clock core_clk_40 rise edge)
                                                      0.000     0.000 r  <hidden>
    H16                                               0.000     0.000 r  clk
                         net (fo=0)                   0.000     0.000    clk
    H16                  IBUF (Prop_ibuf_I_O)         1.451     1.451 r  clk_IBUF_inst/O
                         net (fo=1, routed)           1.285     2.736    clk_IBUF
    MMCME2_ADV_X1Y2      MMCME2_ADV (Prop_mmcme2_adv_CLKIN1_CLKOUT0)
                                                     -7.759    -5.023 r  u_mmcm/CLKOUT0
                         net (fo=1, routed)           2.206    -2.817    clk_40_raw
    BUFGCTRL_X0Y16       BUFG (Prop_bufg_I_O)         0.101    -2.716 r  u_core_clk_bufg/O
                         net (fo=4600, routed)        2.056    -0.660    clk_40
    SLICE_X110Y107       FDPE                                         r  reset_pipe_reg[1]/C
  -------------------------------------------------------------------    -------------------
    SLICE_X110Y107       FDPE (Prop_fdpe_C_Q)         0.419    -0.241 f  reset_pipe_reg[1]/Q
                         net (fo=413, routed)         8.860     8.619    u_soc/u_core/u_muldiv/out[0]
    SLICE_X33Y44         FDCE                                         f  u_soc/u_core/u_muldiv/count_reg[2]/CLR
  -------------------------------------------------------------------    -------------------

                         (clock core_clk_40 rise edge)
                                                     25.000    25.000 r  <hidden>
    H16                                               0.000    25.000 r  clk
                         net (fo=0)                   0.000    25.000    clk
    H16                  IBUF (Prop_ibuf_I_O)         1.380    26.380 r  clk_IBUF_inst/O
                         net (fo=1, routed)           1.162    27.542    clk_IBUF
    MMCME2_ADV_X1Y2      MMCME2_ADV (Prop_mmcme2_adv_CLKIN1_CLKOUT0)
                                                     -7.814    19.728 r  u_mmcm/CLKOUT0
                         net (fo=1, routed)           2.012    21.740    clk_40_raw
    BUFGCTRL_X0Y16       BUFG (Prop_bufg_I_O)         0.091    21.831 r  u_core_clk_bufg/O
                         net (fo=4600, routed)        1.495    23.327    u_soc/u_core/u_muldiv/clk_40
    SLICE_X33Y44         FDCE                                         r  u_soc/u_core/u_muldiv/count_reg[2]/C
                         clock pessimism              0.452    23.779    <hidden>
                         clock uncertainty           -0.082    23.697    <hidden>
    SLICE_X33Y44         FDCE (Recov_fdce_C_CLR)     -0.580    23.117    u_soc/u_core/u_muldiv/count_reg[2]
  -------------------------------------------------------------------
                         required time                         23.117    <hidden>
                         arrival time                          -8.619    <hidden>
  -------------------------------------------------------------------
                         slack                                 14.498    <hidden>

Slack (MET) :             14.498ns  (required time - arrival time)
  Source:                 reset_pipe_reg[1]/C
                            (rising edge-triggered cell FDPE clocked by core_clk_40  {rise@0.000ns fall@12.500ns period=25.000ns})
  Destination:            u_soc/u_core/u_muldiv/count_reg[3]/CLR
                            (recovery check against rising-edge clock core_clk_40  {rise@0.000ns fall@12.500ns period=25.000ns})
  Path Group:             **async_default**
  Path Type:              Recovery (Max at Slow Process Corner)
  Requirement:            25.000ns  (core_clk_40 rise@25.000ns - core_clk_40 rise@0.000ns)
  Data Path Delay:        9.279ns  (logic 0.419ns (4.515%)  route 8.860ns (95.485%))
  Logic Levels:           0  
  Clock Path Skew:        -0.561ns (DCD - SCD + CPR)
    Destination Clock Delay (DCD):    -1.673ns = ( 23.327 - 25.000 ) 
    Source Clock Delay      (SCD):    -0.660ns
    Clock Pessimism Removal (CPR):    0.452ns
  Clock Uncertainty:      0.082ns  ((TSJ^2 + DJ^2)^1/2) / 2 + PE
    Total System Jitter     (TSJ):    0.071ns
    Discrete Jitter          (DJ):    0.147ns
    Phase Error              (PE):    0.000ns

    Location             Delay type                Incr(ns)  Path(ns)    Netlist Resource(s)
  -------------------------------------------------------------------    -------------------
                         (clock core_clk_40 rise edge)
                                                      0.000     0.000 r  <hidden>
    H16                                               0.000     0.000 r  clk
                         net (fo=0)                   0.000     0.000    clk
    H16                  IBUF (Prop_ibuf_I_O)         1.451     1.451 r  clk_IBUF_inst/O
                         net (fo=1, routed)           1.285     2.736    clk_IBUF
    MMCME2_ADV_X1Y2      MMCME2_ADV (Prop_mmcme2_adv_CLKIN1_CLKOUT0)
                                                     -7.759    -5.023 r  u_mmcm/CLKOUT0
                         net (fo=1, routed)           2.206    -2.817    clk_40_raw
    BUFGCTRL_X0Y16       BUFG (Prop_bufg_I_O)         0.101    -2.716 r  u_core_clk_bufg/O
                         net (fo=4600, routed)        2.056    -0.660    clk_40
    SLICE_X110Y107       FDPE                                         r  reset_pipe_reg[1]/C
  -------------------------------------------------------------------    -------------------
    SLICE_X110Y107       FDPE (Prop_fdpe_C_Q)         0.419    -0.241 f  reset_pipe_reg[1]/Q
                         net (fo=413, routed)         8.860     8.619    u_soc/u_core/u_muldiv/out[0]
    SLICE_X33Y44         FDCE                                         f  u_soc/u_core/u_muldiv/count_reg[3]/CLR
  -------------------------------------------------------------------    -------------------

                         (clock core_clk_40 rise edge)
                                                     25.000    25.000 r  <hidden>
    H16                                               0.000    25.000 r  clk
                         net (fo=0)                   0.000    25.000    clk
    H16                  IBUF (Prop_ibuf_I_O)         1.380    26.380 r  clk_IBUF_inst/O
                         net (fo=1, routed)           1.162    27.542    clk_IBUF
    MMCME2_ADV_X1Y2      MMCME2_ADV (Prop_mmcme2_adv_CLKIN1_CLKOUT0)
                                                     -7.814    19.728 r  u_mmcm/CLKOUT0
                         net (fo=1, routed)           2.012    21.740    clk_40_raw
    BUFGCTRL_X0Y16       BUFG (Prop_bufg_I_O)         0.091    21.831 r  u_core_clk_bufg/O
                         net (fo=4600, routed)        1.495    23.327    u_soc/u_core/u_muldiv/clk_40
    SLICE_X33Y44         FDCE                                         r  u_soc/u_core/u_muldiv/count_reg[3]/C
                         clock pessimism              0.452    23.779    <hidden>
                         clock uncertainty           -0.082    23.697    <hidden>
    SLICE_X33Y44         FDCE (Recov_fdce_C_CLR)     -0.580    23.117    u_soc/u_core/u_muldiv/count_reg[3]
  -------------------------------------------------------------------
                         required time                         23.117    <hidden>
                         arrival time                          -8.619    <hidden>
  -------------------------------------------------------------------
                         slack                                 14.498    <hidden>

Slack (MET) :             14.498ns  (required time - arrival time)
  Source:                 reset_pipe_reg[1]/C
                            (rising edge-triggered cell FDPE clocked by core_clk_40  {rise@0.000ns fall@12.500ns period=25.000ns})
  Destination:            u_soc/u_core/u_muldiv/count_reg[4]/CLR
                            (recovery check against rising-edge clock core_clk_40  {rise@0.000ns fall@12.500ns period=25.000ns})
  Path Group:             **async_default**
  Path Type:              Recovery (Max at Slow Process Corner)
  Requirement:            25.000ns  (core_clk_40 rise@25.000ns - core_clk_40 rise@0.000ns)
  Data Path Delay:        9.279ns  (logic 0.419ns (4.515%)  route 8.860ns (95.485%))
  Logic Levels:           0  
  Clock Path Skew:        -0.561ns (DCD - SCD + CPR)
    Destination Clock Delay (DCD):    -1.673ns = ( 23.327 - 25.000 ) 
    Source Clock Delay      (SCD):    -0.660ns
    Clock Pessimism Removal (CPR):    0.452ns
  Clock Uncertainty:      0.082ns  ((TSJ^2 + DJ^2)^1/2) / 2 + PE
    Total System Jitter     (TSJ):    0.071ns
    Discrete Jitter          (DJ):    0.147ns
    Phase Error              (PE):    0.000ns

    Location             Delay type                Incr(ns)  Path(ns)    Netlist Resource(s)
  -------------------------------------------------------------------    -------------------
                         (clock core_clk_40 rise edge)
                                                      0.000     0.000 r  <hidden>
    H16                                               0.000     0.000 r  clk
                         net (fo=0)                   0.000     0.000    clk
    H16                  IBUF (Prop_ibuf_I_O)         1.451     1.451 r  clk_IBUF_inst/O
                         net (fo=1, routed)           1.285     2.736    clk_IBUF
    MMCME2_ADV_X1Y2      MMCME2_ADV (Prop_mmcme2_adv_CLKIN1_CLKOUT0)
                                                     -7.759    -5.023 r  u_mmcm/CLKOUT0
                         net (fo=1, routed)           2.206    -2.817    clk_40_raw
    BUFGCTRL_X0Y16       BUFG (Prop_bufg_I_O)         0.101    -2.716 r  u_core_clk_bufg/O
                         net (fo=4600, routed)        2.056    -0.660    clk_40
    SLICE_X110Y107       FDPE                                         r  reset_pipe_reg[1]/C
  -------------------------------------------------------------------    -------------------
    SLICE_X110Y107       FDPE (Prop_fdpe_C_Q)         0.419    -0.241 f  reset_pipe_reg[1]/Q
                         net (fo=413, routed)         8.860     8.619    u_soc/u_core/u_muldiv/out[0]
    SLICE_X33Y44         FDCE                                         f  u_soc/u_core/u_muldiv/count_reg[4]/CLR
  -------------------------------------------------------------------    -------------------

                         (clock core_clk_40 rise edge)
                                                     25.000    25.000 r  <hidden>
    H16                                               0.000    25.000 r  clk
                         net (fo=0)                   0.000    25.000    clk
    H16                  IBUF (Prop_ibuf_I_O)         1.380    26.380 r  clk_IBUF_inst/O
                         net (fo=1, routed)           1.162    27.542    clk_IBUF
    MMCME2_ADV_X1Y2      MMCME2_ADV (Prop_mmcme2_adv_CLKIN1_CLKOUT0)
                                                     -7.814    19.728 r  u_mmcm/CLKOUT0
                         net (fo=1, routed)           2.012    21.740    clk_40_raw
    BUFGCTRL_X0Y16       BUFG (Prop_bufg_I_O)         0.091    21.831 r  u_core_clk_bufg/O
                         net (fo=4600, routed)        1.495    23.327    u_soc/u_core/u_muldiv/clk_40
    SLICE_X33Y44         FDCE                                         r  u_soc/u_core/u_muldiv/count_reg[4]/C
                         clock pessimism              0.452    23.779    <hidden>
                         clock uncertainty           -0.082    23.697    <hidden>
    SLICE_X33Y44         FDCE (Recov_fdce_C_CLR)     -0.580    23.117    u_soc/u_core/u_muldiv/count_reg[4]
  -------------------------------------------------------------------
                         required time                         23.117    <hidden>
                         arrival time                          -8.619    <hidden>
  -------------------------------------------------------------------
                         slack                                 14.498    <hidden>

Slack (MET) :             14.672ns  (required time - arrival time)
  Source:                 reset_pipe_reg[1]/C
                            (rising edge-triggered cell FDPE clocked by core_clk_40  {rise@0.000ns fall@12.500ns period=25.000ns})
  Destination:            u_soc/u_core/u_if_stage/instr_hold_reg[12]/CLR
                            (recovery check against rising-edge clock core_clk_40  {rise@0.000ns fall@12.500ns period=25.000ns})
  Path Group:             **async_default**
  Path Type:              Recovery (Max at Slow Process Corner)
  Requirement:            25.000ns  (core_clk_40 rise@25.000ns - core_clk_40 rise@0.000ns)
  Data Path Delay:        9.105ns  (logic 0.419ns (4.602%)  route 8.686ns (95.398%))
  Logic Levels:           0  
  Clock Path Skew:        -0.562ns (DCD - SCD + CPR)
    Destination Clock Delay (DCD):    -1.674ns = ( 23.326 - 25.000 ) 
    Source Clock Delay      (SCD):    -0.660ns
    Clock Pessimism Removal (CPR):    0.452ns
  Clock Uncertainty:      0.082ns  ((TSJ^2 + DJ^2)^1/2) / 2 + PE
    Total System Jitter     (TSJ):    0.071ns
    Discrete Jitter          (DJ):    0.147ns
    Phase Error              (PE):    0.000ns

    Location             Delay type                Incr(ns)  Path(ns)    Netlist Resource(s)
  -------------------------------------------------------------------    -------------------
                         (clock core_clk_40 rise edge)
                                                      0.000     0.000 r  <hidden>
    H16                                               0.000     0.000 r  clk
                         net (fo=0)                   0.000     0.000    clk
    H16                  IBUF (Prop_ibuf_I_O)         1.451     1.451 r  clk_IBUF_inst/O
                         net (fo=1, routed)           1.285     2.736    clk_IBUF
    MMCME2_ADV_X1Y2      MMCME2_ADV (Prop_mmcme2_adv_CLKIN1_CLKOUT0)
                                                     -7.759    -5.023 r  u_mmcm/CLKOUT0
                         net (fo=1, routed)           2.206    -2.817    clk_40_raw
    BUFGCTRL_X0Y16       BUFG (Prop_bufg_I_O)         0.101    -2.716 r  u_core_clk_bufg/O
                         net (fo=4600, routed)        2.056    -0.660    clk_40
    SLICE_X110Y107       FDPE                                         r  reset_pipe_reg[1]/C
  -------------------------------------------------------------------    -------------------
    SLICE_X110Y107       FDPE (Prop_fdpe_C_Q)         0.419    -0.241 f  reset_pipe_reg[1]/Q
                         net (fo=413, routed)         8.686     8.444    u_soc/u_core/u_if_stage/out[0]
    SLICE_X37Y41         FDCE                                         f  u_soc/u_core/u_if_stage/instr_hold_reg[12]/CLR
  -------------------------------------------------------------------    -------------------

                         (clock core_clk_40 rise edge)
                                                     25.000    25.000 r  <hidden>
    H16                                               0.000    25.000 r  clk
                         net (fo=0)                   0.000    25.000    clk
    H16                  IBUF (Prop_ibuf_I_O)         1.380    26.380 r  clk_IBUF_inst/O
                         net (fo=1, routed)           1.162    27.542    clk_IBUF
    MMCME2_ADV_X1Y2      MMCME2_ADV (Prop_mmcme2_adv_CLKIN1_CLKOUT0)
                                                     -7.814    19.728 r  u_mmcm/CLKOUT0
                         net (fo=1, routed)           2.012    21.740    clk_40_raw
    BUFGCTRL_X0Y16       BUFG (Prop_bufg_I_O)         0.091    21.831 r  u_core_clk_bufg/O
                         net (fo=4600, routed)        1.494    23.326    u_soc/u_core/u_if_stage/clk_40
    SLICE_X37Y41         FDCE                                         r  u_soc/u_core/u_if_stage/instr_hold_reg[12]/C
                         clock pessimism              0.452    23.778    <hidden>
                         clock uncertainty           -0.082    23.696    <hidden>
    SLICE_X37Y41         FDCE (Recov_fdce_C_CLR)     -0.580    23.116    u_soc/u_core/u_if_stage/instr_hold_reg[12]
  -------------------------------------------------------------------
                         required time                         23.116    <hidden>
                         arrival time                          -8.444    <hidden>
  -------------------------------------------------------------------
                         slack                                 14.672    <hidden>

Slack (MET) :             14.672ns  (required time - arrival time)
  Source:                 reset_pipe_reg[1]/C
                            (rising edge-triggered cell FDPE clocked by core_clk_40  {rise@0.000ns fall@12.500ns period=25.000ns})
  Destination:            u_soc/u_core/u_if_stage/instr_hold_reg[13]/CLR
                            (recovery check against rising-edge clock core_clk_40  {rise@0.000ns fall@12.500ns period=25.000ns})
  Path Group:             **async_default**
  Path Type:              Recovery (Max at Slow Process Corner)
  Requirement:            25.000ns  (core_clk_40 rise@25.000ns - core_clk_40 rise@0.000ns)
  Data Path Delay:        9.105ns  (logic 0.419ns (4.602%)  route 8.686ns (95.398%))
  Logic Levels:           0  
  Clock Path Skew:        -0.562ns (DCD - SCD + CPR)
    Destination Clock Delay (DCD):    -1.674ns = ( 23.326 - 25.000 ) 
    Source Clock Delay      (SCD):    -0.660ns
    Clock Pessimism Removal (CPR):    0.452ns
  Clock Uncertainty:      0.082ns  ((TSJ^2 + DJ^2)^1/2) / 2 + PE
    Total System Jitter     (TSJ):    0.071ns
    Discrete Jitter          (DJ):    0.147ns
    Phase Error              (PE):    0.000ns

    Location             Delay type                Incr(ns)  Path(ns)    Netlist Resource(s)
  -------------------------------------------------------------------    -------------------
                         (clock core_clk_40 rise edge)
                                                      0.000     0.000 r  <hidden>
    H16                                               0.000     0.000 r  clk
                         net (fo=0)                   0.000     0.000    clk
    H16                  IBUF (Prop_ibuf_I_O)         1.451     1.451 r  clk_IBUF_inst/O
                         net (fo=1, routed)           1.285     2.736    clk_IBUF
    MMCME2_ADV_X1Y2      MMCME2_ADV (Prop_mmcme2_adv_CLKIN1_CLKOUT0)
                                                     -7.759    -5.023 r  u_mmcm/CLKOUT0
                         net (fo=1, routed)           2.206    -2.817    clk_40_raw
    BUFGCTRL_X0Y16       BUFG (Prop_bufg_I_O)         0.101    -2.716 r  u_core_clk_bufg/O
                         net (fo=4600, routed)        2.056    -0.660    clk_40
    SLICE_X110Y107       FDPE                                         r  reset_pipe_reg[1]/C
  -------------------------------------------------------------------    -------------------
    SLICE_X110Y107       FDPE (Prop_fdpe_C_Q)         0.419    -0.241 f  reset_pipe_reg[1]/Q
                         net (fo=413, routed)         8.686     8.444    u_soc/u_core/u_if_stage/out[0]
    SLICE_X37Y41         FDCE                                         f  u_soc/u_core/u_if_stage/instr_hold_reg[13]/CLR
  -------------------------------------------------------------------    -------------------

                         (clock core_clk_40 rise edge)
                                                     25.000    25.000 r  <hidden>
    H16                                               0.000    25.000 r  clk
                         net (fo=0)                   0.000    25.000    clk
    H16                  IBUF (Prop_ibuf_I_O)         1.380    26.380 r  clk_IBUF_inst/O
                         net (fo=1, routed)           1.162    27.542    clk_IBUF
    MMCME2_ADV_X1Y2      MMCME2_ADV (Prop_mmcme2_adv_CLKIN1_CLKOUT0)
                                                     -7.814    19.728 r  u_mmcm/CLKOUT0
                         net (fo=1, routed)           2.012    21.740    clk_40_raw
    BUFGCTRL_X0Y16       BUFG (Prop_bufg_I_O)         0.091    21.831 r  u_core_clk_bufg/O
                         net (fo=4600, routed)        1.494    23.326    u_soc/u_core/u_if_stage/clk_40
    SLICE_X37Y41         FDCE                                         r  u_soc/u_core/u_if_stage/instr_hold_reg[13]/C
                         clock pessimism              0.452    23.778    <hidden>
                         clock uncertainty           -0.082    23.696    <hidden>
    SLICE_X37Y41         FDCE (Recov_fdce_C_CLR)     -0.580    23.116    u_soc/u_core/u_if_stage/instr_hold_reg[13]
  -------------------------------------------------------------------
                         required time                         23.116    <hidden>
                         arrival time                          -8.444    <hidden>
  -------------------------------------------------------------------
                         slack                                 14.672    <hidden>




