bdacb21f
3ce2d031
3d4b71af
3d5e2d79
3dbbe4ca
3d9e879a
bd90d60d
be37d964
bbe695e5
be524c0c
3e0a3095
3cebae8b
3d31e0d5
bdd4a606
be02fa96
bdd0ba61
3cc76735
3cd6a957
3e87cc90
3e976e77
bc06695f
3d66e7d4
bc8d2110
bce3131a
bd684047
3e154555
3ddcf684
3e3b0ccd
3bf1b3a4
3e15208d
3e0c8f18
3db86eab
3cd843b9
3d7f1663
3e51d3ba
3e3acf8f
3e448ba1
3d81c5a8
3e1f82f7
bdeaa810
be29fb61
bde73546
bd4191d4
3da025ae
bd0f46a4
bc55cc55
3c17636c
bd0f2bbd
bc32baa6
bd809c70
3db5a698
3def762f
3d3b1edb
3c85024d
3d478765
bb595adc
be0355fa
3d3cccff
bcec0fab
bd954b70
bd3fa5a0
3d88a8e7
be6a6f2c
3e48949e
3e723dc5
3e6e4e01
3e27c554
3db59707
3ea5d922
3e44be57
3e4cf730
3ec927a8
3d9dfabf
3df812e9
bb9cb6ea
3de67f4f
bd1d32ca
bc90731c
3da1dc64
3db45176
bd60263a
3b68b395
bd157603
bde7ad66
bac2d999
bc839b38
3ceacf49
bdcf3327
bd8943c1
bdc7cb88
be1431a0
3dfebd40
3d0cdf92
3e4b0d69
3c8fb822
3d700685
be104dce
3ca4aa6d
3db4602f
bd00c6ea
bcfb526a
3e74c5ed
3d38bdcd
bc84df6a
3df45a4c
3e2dba54
bd549db2
3e9197fd
3e864b8d
3ed10fa2
3e9752d5
3e8996c4
3df9ea18
3e83f95a
3ea578e6
3e528c10
3e977477
3d977eee
bdf1c972
3d514b90
3d363b12
bde2efae
3df5d890
3e81c0f7
3da7f077
3e3d4118
3e8274a4
3e1bdd29
3d7e7a69
3e86529d
3e4301ad
3de02c9f
3d605598
3db8ec4c
3ca72f84
3e80bfe9
3e40d10b
3e5990f8
3e398a81
bd541f97
3e1e1fb5
3daf39a9
3e0bef98
3e687f02
bda51909
3e13f803
bd2711c5
3bbfd3e5
3e4abb96
3dff4536
bde4a4d1
bdfac6f1
bca4176d
be4a9d78
bdb7cb57
be11e79e
3c2e2bd2
3e35cff2
bd4e4f05
3e0df3d5
be239cee
bde1d46a
3e987f2a
3e07311b
3eb0180d
3e2056c7
3e850887
3e2d2fb6
3e398749
3d696e26
3e93e346
be11845b
bd7d5398
be5fb0af
be320b80
3d6c9afd
be7a3852
be55d295
bd876a32
be4737db
bd11009c
3d22ce52
bdeb98a2
3e061c68
bc0b6d5a
3d8853ac
3d92e946
bdc42f6b
3d95b996
be188a82
be17bb20
be878dc6
bdde929d
be7cf246
be471a15
be8b07b5
be62b2a4
be4453c5
be425d50
be4652c2
be3a2d8f
be62eac8
bdef4fe5
be21addc
be8a3ebb
be45c36a
be6c930d
3da91b5d
3e01e0fd
3dcf42f8
3e0f6211
3da0aa51
3d8bb03f
3dac1324
3dd97719
3c5fef31
3ded8942
3d65766f
3db93e27
3e17fb60
bd12da45
3cb65823
3e02af8a
3e5dfa9f
3d6d3031
3dcdd268
3e38e70f
3d93d1c8
3d90db7f
3e6dce35
3d2e64bd
3d87d1a6
3e5071b8
3da23d8d
3ec3a551
3e93223d
3e5f9ccb
3dd4702d
3e56d4b7
3e046306
3e5c6c2f
3e4f1ec3
3e49eab2
bb720646
3e4f9f50
3dff6172
3e20704d
3df23913
bd43cdc4
baef6eb8
bdac9e43
be770140
3e740538
3e632f5e
bd3863a3
3e88d09b
3e5f48b5
3e7295da
3deb5da7
3dea306a
bd2ec3c5
bd69dfda
bd437c07
3d503d52
bdf47a37
bdb46947
3d3e6466
3cd40d9f
be2631e2
bc9a3d70
3d3f8394
3dad4202
be342e51
bda60690
bddf8d84
bde3cece
bc9f28e1
bd0096c4
bdb7c92b
3c167fc1
bc888d4c
3b83c177
3dd83422
bcc9fdd5
bd37a1d5
bdac7e7f
3d44f10a
3a5320a5
3d95c960
bd8dd0fb
3ceba998
3d5c4f9f
3d6ebbf2
3de662f6
3d3f9371
3d1220eb
3d1a8b60
3e165d98
3cd96adf
bc15a462
3dd44933
bdc82966
bd2f6d51
3dc4967d
3d1f6b9d
3e3b91e7
bcf67521
bc931423
3d5e7c5d
bd3c9764
bd0c6500
3dda20b4
bd3886b3
bd8dec14
bd0b3325
3d9773cb
3dc02fc4
3d3e3e11
3df95c28
bd47d5e7
bc6fa76e
bdadefa1
bc1c1a4f
3d505fa4
bd790297
bd9a7bc3
3e231f9a
3dc7382a
be2cda00
3d6c013d
3a9f2afa
bb5488ad
3e4c8f32
bd8902b3
3dc59548
bd1902d9
3dd0cf57
3ceb78b9
3d2b8fd2
3c694d1a
3d5f86bf
3c90f251
be3ca569
bde180a0
bdb69bda
be1eeb88
3c333c34
bce0f9f3
bdb51b8d
bc99c278
bd81f778
be1fcf34
bda62a5b
bd849ccc
bd6285c3
3d6eca18
3c940122
bdb904f2
3d45d283
bd8ffb67
3d4e301e
3c3a563a
3e074a01
bd9879bd
be181668
bcd933a0
3e021b1f
3da8c544
3da8bd7a
bda73188
3ce52591
bbe4f38a
bcbbd308
bd07b3ec
bdb18f7e
3cfd098a
bb3c367d
3d77ff33
3d00f14b
bdda7e42
3e199f33
3def5ced
3c96c218
3e08adf6
bc2034ec
bd43bbd4
3c94f67c
bb40fa78
bd2e541b
3cad4a78
bcb2b82e
bd12f215
3c44f749
bdcd9963
bdd74dd0
bd7c4a3f
bcde599e
3bd0ae97
bd1e3291
bd9ab86e
bd3c7833
bd067621
bc7d052e
3aa06776
3da3dfd9
3e1d6a48
3d0b0af5
3ce7259f
3ce440ea
3da651ba
3d61eeb3
3deec3c1
3d1948d8
3e1a7353
bc0751de
3d65cfdb
3d8f5b85
3d294d38
3d628321
bd8ccd2e
bd3c0ccb
3d62a03c
3c8a48be
bddc8dc6
3d9cfd73
3d097fd0
bdb14b26
bcd3431a
3d4c5739
3deb0eef
3dea094e
3d05a187
bce1e1fc
bd9a860a
3d1cbfd3
3da8adb1
bde48ac5
3ddb2b73
3d8fe015
bae361de
3e125b89
3dcde2c2
bd7c395a
3e4195c0
bb507909
bd077fcf
3e209c69
3e30658d
3e364ad7
3e8652be
3c3d2452
3d4dd543
3c1d8a09
bda9c957
3d5532df
3d88f767
3d2e9518
3da4776d
3d911496
bd7557ce
bcb9a115
3cd52d02
bdb706e2
3d455f2d
bcdf3a06
bdb1a766
3d90d22e
3dccbaa9
bb27d066
3d93c7c8
bdcef756
3e113b35
3d2a7c00
3aa37556
3ceeb215
bc0514bd
3d44ce14
3d43e02f
bd19ebca
3d5ef285
3c30f017
bd951d38
bc1d4b8c
3c8c53de
b9eae4fe
3bf62d59
bd2b0363
3d161c0b
bca9546e
bc07b1e2
3d8a39da
3cb576eb
3d1a1e0f
3d210443
3d84d663
bd894e08
bab27078
be089df4
bc9cbd8d
3ce4450f
bc94008b
bdb89fa9
3d7265e1
bda90722
bde87145
3d3d85a7
3c43c6a5
3d036b63
3db2c17f
bb1426f7
bcc01f0b
bd37fd2d
bd63800b
bd97ab17
be0d7d31
bd9a7cee
bde38f51
bdefed6f
bcaf430e
bd4d7764
bbbda3ef
bd639331
bd9af0d6
bdb89526
bdb646ae
be00d8c7
be2fe3e5
be1a2c7c
bd994570
bded8e98
3ce2a315
3dff087e
3d3f24bf
3e26cd74
bd8a264d
bd9f0113
3d85ead7
3e0bda57
3cdf5a24
3dc9191d
3d994d76
bdffeeab
baf07437
bd68b09d
bae2a0cf
3da02158
3e2848c7
3c0eb00d
3d35013e
bdd35983
be2dce85
bcb326ff
bd5c0892
bd48e281
bc1bfb5c
bd1c2eb0
bdccee8c
bdd5d89b
3e1407b0
3e0bc259
3d8adfb4
3dc0a179
3ce21677
3e2a300b
3e3bd390
3dcc75f3
bcc5e318
3d8e328b
3d2f4d78
bc35c491
bbe68b6e
bdecfe53
bce39982
3e4125b3
3dfb3b7a
3e1a3131
bbc82e56
bd5f4661
3d989f64
3d741af3
3dd23a3d
bd2a619c
bcc412bd
bd579605
bd9328cc
bd3fd75a
3e2027db
bb0d04fe
3d58e9c8
3d9515a7
3e4ac439
3cabd238
3e724c00
3e50c9dc
bdf1d719
3dc505a3
3dba0107
bd89bb5a
3dd3348c
3e5775bd
3d3430db
bd9ae359
3e3520da
3e4b67a6
be361bcb
be12149f
3dbe6386
bdd9e81b
3c9d822a
3d72abb9
bd97b8a7
3ea190a4
be0ba0c5
bd011bda
3d742247
3c92ce68
be11178e
bddd17f4
3b5b368f
be2d012f
3d33ef00
be28b7d5
3acfd84b
bd3103ec
be2044b8
3d9076a8
bd42ea41
be6dc99b
bdba138d
be128645
3d554464
3e873f6a
3e5b3224
3e5ea935
3d1ddc5b
3e061cd3
3e5a71e2
3eac4860
3e547f58
be11b96b
bd6647f3
bea52008
be83a167
be9727b7
be28c294
be4a01dd
be648302
bee76f2f
3d48723c
bc8a4969
be1c15f1
bdf31240
bdb9e714
be528e7a
3c262a47
bcc0bcab
bdb53663
3e261b93
3e11f63a
3e1a9f60
3e5812cd
3c1212c9
3d9dca75
3e84f76b
3e0e0079
3ebd00fb
be9fcd3f
3d8082aa
3c3be28d
3d432fae
bd955e10
bd537434
3d5a45fa
be227508
be0ac3bb
bcd0014c
be0dd788
bde995c1
3dae93bc
3c9fba98
3da0a3e2
3b683774
bd54d533
3dff85c0
be1adf4b
be83f4c0
be8c3d3e
be8eab38
be4a9fbc
3c74d0b8
bdc7fc66
be82647a
bdae1649
bdbdc7fc
bcdf8b40
bd4ded02
3e63c45a
3e8d8a3c
3e224fbb
3db7bd7e
bdeb6930
3e14efd3
3db171a5
be6407c7
3e050f28
bce474a4
bdaf849d
be0d9715
3c1b3185
3de92442
bd63cfd2
bde1385d
ba90912a
be6d8b20
be66cbf5
3dd5b269
bc9bd769
be898dea
be20ffb9
be4ed780
3d4ebd23
bd2ea123
be1b2467
bdc8a9e5
bbbfb505
3d8929c0
3e327dec
3e064600
bdc02c17
be8f633e
3e036de5
3d11545a
bde160c4
3d3be77d
bdb6ba11
bdef4f13
3da186bb
bd4ff06a
be27ea31
bde99ab3
bdca3946
bde02045
3cfc7293
bc6e1f70
3c9e4ed5
bb204f70
bdeefa40
3e911ee6
3e0f9252
3e668960
3e2388dc
3e182230
3e571e1a
3e71bcf8
bd1bec9f
3e92ddf9
3dc6b85a
3d704786
3e57b1fe
bd2de113
bdd87048
3d11c5a5
3e1c84a3
3dd76252
bdbef6d6
3e27b656
3dbeece2
3de0a57a
bce0a66d
3dc0bc44
3e55fe34
3da0447e
3d947945
3e16a9b0
3e5d1da4
3e316cb8
3def09ff
3e3cc32b
3d924fba
3e005f12
3ea6f89f
3e58be5a
3e9f046a
3d2afbdd
3ca6bf72
3e577fd4
3da01918
3e6c45eb
3df93d89
bb88c0f7
bd131489
3e20fe0e
bd3da5ef
be36a5c8
3d5ecf53
bd9a364f
be1f9edb
be06b42f
be11f930
bd2d8d3b
bbb9a1b9
be1338ba
be2ff878
3d75edee
bc9f68f2
bd34c4a8
babf0405
3b08a1fa
3daea717
bcd53495
be6e7721
be233b39
be288fef
be66a71d
3c0d3099
bdf02459
bcb62035
be466aea
be2bc281
bd551369
bb7f2862
bdd35cb0
bcd29bcc
bdeac0cd
3e528bc5
bdf40b7b
bdc94e5c
3db1b6e3
bc31b8fa
3dd9d347
be54c72b
bdda5ff9
3c8481c1
be178c77
bc5bf935
bdaf9548
be26af29
3dc8eede
3e44e48f
3e3022e0
3d4e775d
3d9e3d47
3de181a3
3da83122
3e403d0c
3e525ba4
be44de45
be1c6e06
be1b3bd9
bcfa3e21
bd732c3d
be698756
bc970051
bd80a4a9
bda3aa01
3e35523e
bdcc1d07
3dbcc15e
3e79e392
bd63e583
bd31d5ce
bd441e6d
3de1148a
3e1f7e63
bc74a288
be2a95de
bdf5bb40
3cb58c39
3e0645d6
bd7ed19c
3d9897e6
be002166
3dc8e89f
bd34b0dc
3e4c09c1
3dad06d0
3dbb0393
3e9f4d8b
3e1f2b40
3d9001f7
3e012a6a
bc617f58
3bab9568
bc84f52c
3e391364
bd42f953
3e744d87
bcdaa9f0
bd9df76d
3e6d43bc
3e276bcc
3d44e9e3
3c12d748
bc47e9b3
3df4a2ea
bd9fc95a
bd2e2b3c
bde87a5d
3d55e684
bcff1976
bd1753d3
3dfdab62
be593662
bdce32e4
3c36ef3c
3a8cfa72
bd8b1c61
bdefdbdc
bd2f7126
bcc4dd10
bd4e6093
bd80bf33
be1de2e2
bd2bcd17
be6638d3
be74b078
bdd2616c
bdfc8d1c
3e2b052e
3e1505ad
3e8cb9a8
3dccde82
3e2991d8
3e44f05a
3e92d1e9
3e3248d2
3e5daeaf
bde2f73e
bbe9461c
bd9e5949
be5e65cd
3c825985
bd8b585e
bcd611a2
bcdcf549
be20c70a
3dea9c74
bd19ea2c
3c148496
bd9f0ec7
bd6ed326
bdf3e4bb
bd946bf4
3dfb5ab8
bd351a21
3d85815b
bd93ebb7
3dee5c09
3d005bb5
3d331b3b
3c1a42a4
3e003084
bc887c64
3e203577
be307021
be2fda10
be04abb8
bd959320
be03f028
ba1dbff9
3c95a92e
bd85b210
bd35002d
3e49ec02
be201342
bd02617f
3c41a7a5
3d13777a
3d89759f
3d95723d
3d06ee63
3e4d5c2a
3d482367
be1760a3
bd6636d3
bd41947e
bd635a83
bcb5c368
bd19651c
3d9a12e8
3d041b5a
3db2f4bd
3bf9848c
bda97e1a
3e19451c
3cf6aad8
3e49a965
3e0ad43d
3d256800
3dbdfc62
3e286b5b
3ccf35f3
3de8106a
3e80c2ab
bd3778ae
3c2dadd5
3e09f887
3e611214
3e67c1d6
3d96de75
3d946c65
bd81a88b
3d345a9d
3d7f2b22
3dcd7f1b
be10ccc6
3dddb791
bbf0bf14
bdd28f80
3e08bb9e
bd029444
3d330b12
3d36b0bd
3e8b932d
3db36563
3dc046fd
3e8d6e22
be3ef52e
3d2032de
bd850c03
3da8063c
bdfb7166
bdbbe6de
3bd632d0
bda6e8d2
bd4f7bf8
3e0acd6b
3e2a8a1a
3e117379
3dad2deb
3dd344f9
3e007796
3de5b20c
3b7a3f53
3e82d2ac
ba8ea4cb
3ccfc64f
3e03591e
3e044a93
bd8d99fc
bcf1b635
3b7275f6
bc952a3c
bd0b5075
3dab36b2
3d815915
bd5537c7
3dd16cd1
bcce4a3b
bd10fb57
bdb5ff04
3d28f8ef
3e0b6141
bccb0320
bbe9d986
bd50481f
bd2be906
3c7b3862
3c3ef10f
3d912640
bd20e638
bd9f8df7
bd4246a1
3dd8506a
3d7d19dd
bd856aa5
3d83524b
3dddd80e
3dac4dca
bcf55f8b
3dccac32
3d85eda1
3e0a1f29
3e249ab9
3d641d59
3c017dd7
3e94a165
3d7b9d93
3cf04d1a
3e2ed0ce
bd9367bc
bd4e1c88
3e2f147d
3d5c4d26
bdc1337d
bdc8e381
bc01719b
3df38406
3cd07701
3d87eba3
3dbdfb1f
bb8ebe6b
3e03380f
bc2aaf24
3e0c1368
3da56c22
3e345725
3e71e0bd
3e33bc79
bd8d54ef
3cdc9be6
bd6c8340
be0a8138
3e06d9d9
3e451062
bbfb68f5
bbe326c2
bd90d068
bcbd7940
3d31922c
3d85f0cb
3e09d065
bd19891c
bc303776
bd9ba1fa
3da1dd03
bdd1ffea
bb07aea9
3cad830a
be0deb2e
3df22152
be295487
bde05c66
bc75bef4
be56911c
3e3e05b0
3e5893b7
3dee88b8
3dd3296a
3dbdbe06
3c3cc349
3e09454d
3d95887e
3e73d274
be06e9af
bdc78af9
be13f2f4
be30465d
be3745a2
bdc7a568
3d4c6d83
be40cbe9
be4c16f4
3d81bdc8
bd52150b
3d803884
3d959169
3c898ab7
bd84560d
3dde4da1
bcb12e88
be108049
3da0f523
3c9846b7
3dcccc1e
3d61b146
3c4ba154
3dd0a85f
3ddf5948
3cfe7431
3db7c25b
3d94915a
bd08a5c5
b9fd7cd4
3e0f5b02
bd56a46d
3d0390a5
3e37770e
bc0e7600
bc5e6cd9
3d9691d7
387db7c0
3d937e82
3d6fb490
bda6764c
3a32ce2f
3dd8e8e3
3c29e268
3d11548e
3de94e18
bb86a92e
bc8b89fa
bc446ef8
bd444c8f
3d3a1b5e
bb3eae3c
bcb68e95
3cbced59
3e0a161b
3d27ec44
3d6e3420
bcb698f8
bd831497
bbef51ed
3e24445c
3db7357d
3e526d84
3ceb4b1e
bd5a30b9
3c448859
bd30ae9c
3dd03211
3d9b8598
3ccc172a
3e109d16
3dc197bd
bdad446e
bce779a7
bd7041c5
bcd2f202
bd8c14e3
bdff15bf
3cf9c04e
bd4dd3a2
bde82a9b
be4383f2
bd3705bb
bd933ad5
bcc1068a
3cb243bb
bd9930e3
bca759f2
bb786ed6
3cd792c4
bd9b4d5d
bd2ec0c9
3b7be0bc
3d0d273a
bcd232e4
3db474e8
3dee454a
bc8d41dc
3d26f84b
bda55633
3d469455
bd0c35df
bcec3bc5
bc9844b5
bc3f63c3
bbe7bf26
bc7183a0
3c8a02b4
3bd7aaa6
3de11569
3e362a32
bcd5bc0d
3c3f3465
3dda553e
3d920b7a
3d043dce
3e280f89
bcd0e480
bdd31522
3d23c3ed
bdd8e826
3d4c76e7
bbf1b0c9
bc79a38b
3d85d711
3cc68ef0
b9dc41bb
bc20a08e
3d5d95fa
3d1a5710
bc600b20
3d9c68a9
bbf4beb6
3d7d8951
3d8d6f68
3cd62f98
3db9c798
3db007ee
3d2f5dda
bda632ad
3e139316
3dc7d882
3ca1369a
3e2f3eaa
bd56f070
3d3c903e
3d89baeb
3d8b50af
bd0ae2b6
3dbef5f3
3cef8297
bd25f882
3cad6e57
bd5107ee
bcf767d9
3db182ad
bd23864d
3d588a38
bc9b63a9
bc596f08
3d6931e8
3cf8b972
3dca1919
3be9100e
3e18c7cb
3d0134be
bbbe2475
bd8f99c2
3dc43417
3d4b9c9e
3e101db0
3d50769a
3d8a322a
3d0a1b88
3d2bcdca
3da98f45
3ddf87d0
3e255b46
bc0a6935
3e2ee0cf
bda36f77
3cb8a94a
3d526ccc
bcd373f2
3dbdc9e2
bd110958
bcc5ff78
3dc59b42
bd149563
bd14e8f7
bd5157d6
bd84fd54
bdb19eca
bc4fe7d8
bd993147
bdc714ea
bd867cf6
3d755758
3c7ff781
3d612c9c
bd1b43ad
3e019b84
3e0831fd
3db8caa1
bc98565e
3df212f3
3d615d22
bd02eb2b
3a897197
3def5c94
3cbf5e98
bd11df71
3c1f059f
bcacd7e9
3d81dcf7
bb7848fc
bdc58393
bd8bfa25
bc425973
bcbd5e3b
3d7e5aed
3d3f6b6b
3c3d52d4
3d88279f
bc9f62b9
3af76b5d
3d3203d7
bd8d7738
bcade517
3d9e5e27
bd13ba52
bd763df3
3d88ec64
bd587983
3d2a5da9
bd2914f5
3cd8ed68
3d85a9cd
bc2097f8
3cb44fdf
3ccc66e9
bd2564e8
bce645b2
bd0e790e
be091647
bdf71220
bd5ef995
bcb2a6f8
bc198245
bd2cb0d5
bbeb447d
bd881d29
bd6c50e6
bd0bf77d
bc6d3581
bd99207e
bdaf60d9
bd7415d2
bd8fd672
bd5e77a5
3d14c642
3dfa0077
bd84bb4c
3e1d61c0
3d9500f6
3b89f0b2
3ca68ce1
3dbe8e00
3d8afe42
3cf19cc8
ba5b7536
3dbe1cf3
3dd49572
bd119772
bdab499d
bd09bc2e
3d9736c9
3db6d708
3d93dc6a
bde3e4cd
bc2eb4cc
bd280e42
bd9bd30a
bd35e3bf
3c998f78
be1b01b9
bd197c31
bd6be96e
3e012dd3
bc8e69ab
3d943aa1
3e1ed256
3e0c030b
3b85b06a
3d91a870
3d28045a
3db273d1
3df8826c
bd050dc2
3e0014ea
3d192e3e
3d745a40
3d9ebf26
3db1cd80
3de38773
3dffefd8
bd6758bf
bc22b2ce
3e1061aa
3dc4f205
3dea12a9
3d185a47
3bce0fe6
bd99340f
3cd38577
bd5792ea
be33b9bf
3da63357
be50a0b7
bd5def15
be0e8b1e
bd18f0e9
3dab9325
3e6543ef
bb9ae800
3d1fb84e
3e2876a3
3e28a8f9
3c861a8e
bc41f608
3dc5f6a8
3dab1e45
3b1cad13
3df7d645
3caa0f79
3dcbc949
3e011173
3dabccc7
bd46c590
3df75fd1
ba556ac1
3d8c62cd
3e1f7014
3d88390e
3d81d796
bd882b91
3df8f257
378e40ba
3e6f6d99
3e3c69f6
3e1e6735
3e16db79
3e49fddf
3d850fdb
3e74c1d8
3d0301ff
3e229185
3e5ccbc2
3d5aa026
3e625825
bc2b24ab
bdae9c29
bda8a86b
38672c4c
bdab09ad
3d09c7d3
3c90a378
be23d99f
bcda35e8
3d7003b7
3d425e59
3e19f8a1
3e5e0801
3ddb4656
3e9ed043
3e2f764f
3e757b14
3e886472
be440c40
be627484
3da21c3e
bdbc29ed
be189d8a
bd291622
3d05fd9a
be02b72d
3b0b87e6
bc308038
3de8b3d7
3d95549f
bc5206ac
bd326b3b
3cc44033
bdf58869
bcad311b
bd96d3db
3c3ccf7e
bd0cac19
3c491ebf
bd741af4
bd2d0e07
bc60533e
3e057e66
3db54046
3d50e671
be66c4b0
3caab59f
3d1c91b3
bcae11fa
3d3a6065
bd35ac70
bdae4a0b
3c0a6bc5
3be2de62
3e155aab
3d903ff9
3d9035d5
3dc0468b
3e5d8e9c
3e5e7eb7
3e943e8f
3e81bf3a
3e89b2be
3e581375
bd811fb0
3e8688b5
bd30e05a
3d835260
3e1a488b
3dc6fb85
bdb44b98
3de73f92
bda1e46f
be0a1401
bd075440
3b90044d
bc8a12ef
3a9aa3c6
bd858cb5
be0575b9
bdf58474
3dd9fac1
3e09d1e2
bb17c731
bc92386d
bcab491d
3dc94fcb
3e4fe8dd
3ce42b48
bd76e4b6
3df48fec
bc9a97c5
3d40fd85
bdc90b8a
bdb90a85
be01b493
3d6fd13a
bd7328d2
be06e183
3e8076e3
bd067424
3e0ea29d
3d2efb6c
3d126429
3bc00c3c
3e414ab5
3c071e89
3e6a23e8
3d814c1c
3dca2a55
3e42b346
bd504256
bd639e14
3e22ab47
3d7cccbd
3ce86bc4
3e29bbbd
bd8efe46
bd88d51b
be025036
be209b15
bd4cc863
be241a03
be3c8abd
bde62cf1
bd746cf3
3e2bd1fd
3e69b252
3e0bbcb3
3e44aca4
3d4ea5bf
3ca3961d
3d5ad434
bd11860b
3bdaf0ff
bdfac015
bd8010bb
bd4a1735
be1ed7f7
bd3e4236
bdcfca78
3bf82c3f
bc6ff499
bd1d3170
be294848
bdc172dc
be6ef286
be195f2b
bda27228
bd8ab98c
bdf56013
bdf44eac
be25ce9f
3db71de8
3d392afd
bd8aa9f3
3d9e11d2
3e11596a
be18f7e4
bda2997e
bd04a5fd
bdc530be
3e01744c
3e3c908f
3d478abe
3e6e5969
3c1e289c
3e180720
bbfebade
3e214e61
3d8e2636
be0c9f67
be1028fb
bdff5a16
bdb8a64f
bdf19cd9
be1264a8
bdd033c3
bd56cee3
bd43ce73
bd9aabea
bddcc6a6
3db788e1
3cf96ecd
bd9e9b79
3df51179
3d93df4f
3e0a2c71
3e503edc
3e2e563a
bd3b736c
3e0fc50c
bd831d84
bcb56857
3d9e996b
3e1d6aa2
be076f8d
3dcbe52c
3e23b9a7
3e049b1f
3df0343d
3da0b9a3
3d98e920
3e09e29f
3e8389a5
bcaa17d5
bcc8697a
bd9fede9
be2faceb
bd4c0c3d
be2d61a5
be5cba1e
bd774b6f
be8d7806
be1fb9f9
be2ea391
3e292bff
3ceef806
3dd675d6
bdbfd1e9
bde31ef3
3d5891ef
3e47a854
3d59f828
3e387728
3d059412
3df8cac3
3d826876
3dd82677
bc97b5df
3d0268a8
3e20e0ec
bd1913fa
3db5c400
3d31ee64
bb0af173
3d7613e3
3dc9be5b
bc14e6d2
3dc11a0a
3e006c09
3d55d9a4
3e00f5ff
bbf2be2a
bdbb1079
3d6c8848
bd58cab6
bda815ba
3dd79328
3b388108
3d81c582
3e0a48f6
3dd03050
bd1f46af
3cd9bb71
bca2f94d
bbf9ac23
bdb3be46
3cd310c3
bd921c5d
3d893864
3d543da4
3dbf8319
bdb61803
3d779d80
3d2a49fb
3e00e7fa
3d0d8b04
3d6b7f3e
3dbb9cfe
3cca7035
bdc74394
3d52de1a
3d806cd2
bd9763a3
3df8764f
3e59f54b
3d1dddbb
3e4c9737
bd8c3f28
3d8231d5
3cbdbd25
bd203038
bc6c4475
3d887dd9
3cdc5b8f
3d3a8951
3e0da254
3d46b2ed
bd9dbd0b
bce827f7
bd7ac895
bdc3d325
bbd2800d
3d94120b
3d3e052c
3cc11ae0
bde55926
bd4d033d
bd569d37
3d01b90c
3d0be433
3c1b6144
bda04920
3d024103
3d2673f2
bd879e5c
3d35128f
3dcdaae4
3cf0cb27
be125487
3d619628
3cea1b28
3d7aeac2
3df2e251
3bfcf411
3c4956a6
3cd94e7d
bc7e5d54
bd35f00b
bcc51a10
bc8c0006
bc170043
3aa869e8
3b1ac3f8
3bbb904b
3e0851e0
bd12d221
3cf20160
bd5d5071
3d26ddb1
3d8fc5e2
3d9d2f94
bdf502af
bd156398
3c9b21d1
3d6a6e57
bd64f058
3d2015f7
3d42f2ab
3d481e84
bc94a376
ba36d301
3d7d1dcc
bd32c7e3
3af025b3
3d6e301f
bc852b13
bc59f6cc
3cd4f9bf
3d6d9a1c
3de2c8a8
3cfcc876
3e612a6e
3b02fc37
3da74c47
3e0c1b5f
3e531b2b
3d9e25e7
3e5503fe
bdfc882f
bb951721
bd3cde2b
bca69838
bd2e3067
3db7fdf7
bca1ad72
bdb89d8b
3d1dd134
3d90073c
bd05c0e9
bd3cfa2e
3c8b0dfe
bd0f033b
3d5a21db
bc38c0a1
bc076767
bc37ec71
3d562d65
3d8de35c
3d0078d8
bdaac9d4
3c0ef336
3ca6f25d
3e186a37
bd69bbdd
3c3c903f
3de107a4
3dd1192c
3e425bfb
3dafa021
bd89bb46
3d4c889d
3e3080fa
3e1e4567
3e15b151
bd269389
bc941f56
ba897dff
bdaa9033
3c266012
3e02d14d
3bfa1c2f
3c2c6d44
3dbf81b6
bdd16d5c
3cb4e0da
bdb01094
bd8fd212
bd41833b
3b896b00
bd80dfce
3cca5a69
3d55959f
3ddeee0c
bc12d772
3db20a9c
bd2e9b56
3dc73212
3c8300e3
3d0a04b1
3d18450e
3d07913f
3c0252d6
3d91be29
3c2c2901
bcf00754
bcf8280b
bccfe862
bdbc2cf6
3c931262
3d8cb5d9
bdc02a4b
bd274af7
bc6534a7
3c3920d6
3dbbbcc1
3c01e68b
bc8b52f9
3cbc769c
bc8b17c5
bd118622
3ce97f8f
bcb65401
3dd04e3d
3cef260a
bd33cdbb
bd4744cf
3cc25b24
bd17dfcd
bc407df0
3d343a4c
3b367b1b
3d81328e
3e0a0337
bd827efa
bd2ff797
3d384fe7
bdd9d917
bde367de
bd52512d
bdf7bcd8
bda7aec8
bcdac348
bd93c5c7
bdb59dbf
bd003996
bdef2e51
bd66af29
3c71da04
3d03c2ad
bd07c358
bd07112b
3cc12b71
bd41fb9d
3d039ca0
bd24d2b2
3e2b3ac1
3ce3eb3c
3e33eed4
3d895b60
bd2f4ca6
3e1d13ce
3de92932
3dc53dd2
3de64bda
3de51c8a
3d314439
3da823d0
bd1ebbde
bdd987da
bb5a4f8e
3e26b1b3
3c3a3462
3decd434
bcaa2255
bdc2f4d3
bd3b29ab
bd6fa6a4
bda38c24
3c4da4ba
bd95bfb5
bdc1f1e2
bd526ea9
3d0d18e8
b8e71473
3dc89d10
3e0c635b
bce4640a
3ddac88f
3ce92030
3da93b0d
bc829e25
3df1ac29
3bf49a81
3e205f68
3dbf12bc
3db5a3b9
3b5be761
3dd246b5
3dcb825a
3e368ae3
3d6b0c00
bcf11e78
3db5f0d2
bcd933f5
3d24f170
bd4b1dd9
3c0cb1a0
3de94604
3de66f5e
3e12672b
3d5e125a
3e1e6854
3ddfdf9c
3d8439bc
3dd8481c
3e527723
3e0d5390
3e18969e
3dc0951f
3d657815
3dc42e49
bc6fe94c
3d3e6b22
3dc54ced
3cffd7d2
3d51f002
3e116273
3d04709e
bc8a0e98
bca580f1
3d6f7f60
3dbb4f2f
3d984ab4
3d8302b3
bd7b626d
3d80c1c9
3e23961f
bd1e8352
3e4bbb9c
3d7c2d56
bdaf0773
3e3ba466
3ce818da
3dec3284
3de0cf0e
bd6c913e
3dba292f
3d67b29b
3d00e4f1
3e0e6190
3e05919c
3e37ac7f
3c88a557
3ca30237
bd733472
bdca4d2e
bd70d5cf
3c6af0ba
bbeaa25a
bd51d5e8
3c9814de
3d3938f1
bdd6a5d5
bddb6797
bd845261
bdd60548
bd98f901
3d9b0681
3c2e3924
3ad876f5
3d1bce4a
bc69531d
3d0db6e2
bd42ecd5
3d82a9c0
3d8893a9
bc8b5635
bdcb5a37
3d169f68
3d93448f
3e046ebb
bb28ccc0
3c8b3f3e
bcba6e55
3d1a3c11
bd22a94b
bd0793db
3b21b3f8
3de152f0
3af1a29d
3dc0a8c7
bd6812cc
3d0735b2
3dd94720
bd61a6dc
3dc663de
3c8461ab
3e0f12a0
3db9c186
bddbca59
bc0c8f7a
3d95b74d
bbf56dec
3d23e010
3d96bd18
bd796753
bd4ff521
3d44b068
3cad703f
bd041432
3d6a8c23
3dbd470f
3c54e585
3bba58dd
bcf4b4c4
3d0135c0
3e11a82f
bbfac4a0
3de15ef6
3e358780
3e10e6b7
bdc29322
bcd067a1
3d9e6eed
3d8e604d
3e08cc7f
3c457829
3d739d78
3d65bc5f
bb171c14
bdc3d9d2
3daa3683
bcee0aac
bb6f3623
3c1b6872
3c4094a4
bbb61137
bcc2ec55
3dc9c505
3d6612c1
bd221d38
3c81e50c
bb887229
3d4e17c5
3e11bc24
bcbcba35
bc15ba45
3de7717e
3d81d062
bd9b4580
3dbb4fb0
3dccb2f4
3d789a44
3d0fbe6b
3dc2a27b
3e1523b8
3dd9e1fa
3dc222d9
3d1e7fb6
3deb8ed5
3ce81438
3e4636ab
3d3b46eb
3d49053d
bc434436
bd084c96
3dacebff
3d40387b
bc68b006
bc87bb87
3d667070
bd2bb0a8
bd821fe9
bd046bae
bd7ce2d6
bd821602
bcdc6fac
bd505d19
3d21fceb
3d1ed24d
bd2ba841
bd30a61d
bc667be8
3e367228
3e11f1e1
3d3d0e82
3c2bbc35
3dccdc00
3d754acf
bda91686
bd6fe7db
3db2481b
bc7fa6e7
3d7bdad4
3db6e025
3d5c15f6
3dc76cbf
bbbc7afc
bd1c7132
3bc48710
3c54f032
bceaa284
3cd3f963
3c9e50a9
bcb37f64
3c2470ee
bc93784f
3d7c86a5
3da02cdd
bda7f05f
3cb91682
bc4f43cd
bb5c04d9
bd06675d
bc9ede23
bdd23911
bdac4c66
3e0297de
bbdcf543
3d014fb7
3dc8cbfe
3c69d858
3b276983
3c5ee401
bdd2b6e3
bd614015
bdd7b258
be17d0fb
bcdf4199
bcda24d2
3ce47b5b
bde54317
bcd42980
3d68a2bf
bce94831
bde1af9c
bd8f34d7
be0ad4a0
bdf430aa
3c6367a9
3d3c5494
bd9d61f3
bc3fe3f2
3e0fef29
bd846f0a
3d6178b4
3d01da55
bd71c8cb
3df7ea7f
3d6d5bb0
bd5483ce
bc57b0d4
bd1bd27c
bc6be45a
3da80b53
3c7b367f
bcae930d
3da660d4
3d874d5d
bd3b8333
3dc2422f
be03aca7
bcbdd747
bcab68f4
bd91bc6a
bc8f6151
bde2f363
be08ee8b
be1f36bd
bd9213c6
3e1c0dac
3d53e30a
3e35d6b5
3e283e44
3d945cf9
3e08dfa8
3e15e1d8
bbdeab97
3dbb7688
3e0d0539
3cf281c4
3dc5d2c0
bc02e793
bd767477
bc9b339d
3dfe8b45
3de52409
3de45ae3
3d226e03
3d91e991
bdb7c921
3d0960bc
3da21323
3e4687ac
bd8dbcd6
be12db87
bdfd34d7
bdfd29bf
bc9c2c76
3d932f04
3bfdd2c3
3d2aabe3
3cedb4ad
bd41c8d1
3e5ea1e1
bdb66efe
3dfe363d
bd1e78ea
bb840d6e
3da97d4c
3e00e4b8
3e9bb969
38565bd7
3d88f623
3e6e0788
bd10576c
bd359c23
3d7d6025
3e0d7c64
bdbc9f6f
be0d385d
3db9daf1
3e4431df
3e46b077
3b176f35
3c9805c9
3e230495
3e90c807
3d79af64
be0764f2
3d5cd227
b99d7916
bdf2b3b6
3db0e8a8
bdc19de4
be6e152d
3ccda5cf
be2404fa
be6e824c
3d6b05ca
be4a4397
3cb36024
3dcd10e9
3e205aba
be177596
bc351444
3df44a9a
3c06a7d9
3e6674bd
bdd7ea76
3bdeaac2
3d91dc36
3e3f07e9
3eb7aa29
bbac6e9a
3e8b8451
3e9f506b
3dabff31
3e7c1e00
3e64cefa
3e2b2cb6
bdd635f3
3df81c3f
3e2bbe93
be36fd41
be0908af
bd96a268
3d97dce3
3cf1c787
bccddbd5
be696ba2
be94ee7b
3ca80a29
bc99cd6c
be65c674
be85407b
3d2d245e
bd134913
be6ddfb9
be09955e
be86782e
be12a41e
3b699e45
3ddda502
be27accd
bcbfb4eb
3b16b1a9
3e3df50b
bda02272
3e95fc78
3db08dc1
bdb54959
3c75811e
3e8165ee
3e19d3d1
3d58bc5f
3ea666e6
3dae509f
3ebb0ba6
3e2f79fb
3e6310a4
3e1a1ded
3e8fb9f0
3e444b6b
3e756477
3dcb874a
3e67bdb6
3e3f1ffe
be148b1e
ba94085c
3e8e9464
3bbf9e8e
3d789675
3cc95c7f
3e550b7c
3e17961f
3e44bee1
3e4a539b
3d852c8f
3e36252e
3e898082
3e227a6b
3e1aab4a
3e15460f
bd785a65
3e716e82
bccae1d6
bd0ef82a
3e007446
3e695c8d
3e41ecbc
3e98045b
3dfbd61d
3e991078
be065f70
3dba9fb9
3de8b07f
3dc1c031
3e07a6c9
3e0f8333
3e36ff82
3d9e037f
bdf66928
3d584fc5
3d4f0734
3e5dfc90
3d8876a9
3ab1c96a
bd42ee51
bbeedbb2
3e9b018a
3e78731e
3ec9f15b
3e3aa57f
3e29e02a
3e1cb4bc
3ea19d76
3e818d28
3ed49cf4
be004a2c
be340415
be2c1062
bdd09c84
be058b8c
be47048c
be8382a0
bdcfd281
be63d243
3deb5407
3e523202
3dbc7afa
bd87196e
bd6b16d7
3e3f6236
3db61e86
be1a27f1
be31af78
be836e69
be1417d6
beb2799f
be69af8e
be9e52d7
be8fc72d
be7fe730
be2977e1
be7ece5a
be7369fd
bde7b24e
be31c4bc
be810d7a
be0e0999
bda663dc
be86c1aa
be7b1c29
be4db846
3dc0ca88
3cf066a9
3e373a98
3e4f854f
3d845a47
3e0d8e7b
3dc2d94f
bd0d5748
3e0ce7c5
3e556926
3e6a920e
3d2fc8bc
3c33ecf6
bd328e23
3c3dbac0
3e120e44
3dc13d73
3e264f49
baa6b80f
3e1e14e8
3beedb23
3e5d7f24
3e677109
3e41a1ef
3c08f035
3e168059
3e67768a
3ec0c0bc
3e9e1bba
3dd552a1
3ed0cb60
3e16cd07
3e2da4e7
3e54ba2e
3e3f6a5b
3e6ee8d1
3d96ffeb
be0a42e1
be54d2e8
3d8e15e3
be10fa49
be0fc99f
bdd8d282
bd999125
be9f80b6
3e836fd4
3eaa7035
bd79304d
3c4054af
3e132fa1
bd00ea72
bd50d8c9
3e05ca36
bbdfa67f
3d33a359
3dd4c082
3b1e9d73
bd3a0a86
3d934254
3da9c78a
3d7c15a5
bc2aa581
3d897ec2
be09294f
bd6202cc
be91eb80
bc97b5bb
bba4a4be
bc089687
be04558f
bdac219a
bdc99f68
bddc6791
bdeef71d
bb97d576
3dd42367
bcbf8100
be1a0886
3c77a539
bda1d939
bdf795da
be1cdc66
3d8f5c18
be3a6d71
3c32b43f
be539847
be0d7192
3dcc420f
3ddf5f66
bd6780d6
bd4f75b6
3bfb3b9f
3e8ac733
3e76c9d5
bc83968e
3e0f391d
3cc6f509
3d3d44a5
3d72247e
bcb71cc7
be46775d
bdabe92e
be6a3113
3c45a95f
bdce3711
3d74c695
bb0de0f1
bd7a525e
3d7a6011
bd4ab20a
3c5f3fd2
bbcd612b
bd18a3d7
3def78df
bd1616b1
bdb3aa74
3e02a2d0
be89e6ad
bdfc4105
3d2979cb
be4ad9e9
bc12bf20
bb0a2cbf
3d0a6f56
bcfb2f39
be5b3a32
bc76f717
bde1a20e
be03daf6
be4f7365
3cbc28c3
be351fc8
bd2e040c
be18db80
3d61b60b
3e4d012c
3e6e4262
3e885785
3dfd5ac3
3d75527e
3e2701d4
3e2a2d04
3dcb8625
3e8e3207
bece4208
bd9c9280
be6bbf1a
be47a490
be8f30e8
be8c30c3
be5ed33d
bef90f10
bec335ed
bdd114e3
3d970bf2
bd62835a
bd2d9b7a
be42748d
bd88b540
3dfb154d
3e5bf065
3e394caa
3e0efbff
3dcbd9f3
3e2f360b
3e245c76
bd288248
3df8fda3
3e739a4f
3e763e93
3e7e6d6a
3d31c3f9
be783371
3cbc012a
be0509ae
3c85b576
3e15a314
be032e6c
3c64dbd9
3e0e108d
be39ae0b
bdda5912
bdff2beb
bd8e9a56
3d391033
3d839067
bdba670c
bdcf245f
bd759eda
beda1411
be90e581
be48e5eb
be91035d
be073a6d
be8ab4c5
be4a8173
bd715443
be0d6f8b
3da055d5
be03fdd9
3da300ef
3d9545d3
3e5830b8
3ce8e4e9
3e132522
be0753d9
bdabeaf2
bd88d4ea
be46a85f
3d0e6c20
bdb07c37
be59bc9d
bdfd52db
be121aed
bd162f8c
be2f8e12
bd9e6aa3
bd8d27d5
be4b9b31
be3abc14
bd9496c3
be80d222
be9312bc
be2f7f5e
be7cc981
3db64058
3e33c751
bdd9d4a4
3db6a7a1
bd6349d4
bc4500b9
bc5c01ba
be0476aa
be496a09
3c8bc4eb
3cb75223
bda3612e
3e1652c5
3e6ec26a
3e25dfb9
bdc48987
3dff69df
bd3a12eb
be5fb319
bdee7611
be988bc3
be113816
bdc5228f
3d93b100
bcb83361
bdd4c3e0
be2895f6
3e97e070
3e24c590
3eaab5fb
3e501d8a
3e115185
3e7ad56d
3ebdf81c
3e0d12a8
3e9f967b
3ea15102
3ba1c05e
3e61e3ba
bd7d57ef
bc3f49e5
3c999b0a
3e0c5f2f
3e83e551
3e58cdf9
3e3795d4
3dec2b7c
3eabab77
3e550b12
3e15ead3
3e99a821
3e6aa322
3e66b8fe
3e3cdf0a
3eadfadd
3e746829
3e44a733
3e8ebf4f
3e1e09f2
3e8167a7
3f0d1e62
3eb71c00
3e9bb0dd
bce71d95
bc2b77f7
3d71c4ff
bc2da890
3e0d6bec
3e429035
bdb669d0
3d687452
3de99031
bdd4a9d7
3c23a2f8
ba9086a2
3d0edb68
bd9f7e14
bd99b92e
be73d3f1
bd36184e
be441c3a
bdbb0371
bb8ee508
bdfa6320
be4b970a
bd6de6b2
be02874a
bd761f43
be65d759
bd6afc61
bd9168ed
bded9234
be933511
be908dd0
bc7f26a7
be24e55c
be5242ef
bd189539
be2a34dc
bda696b8
3e100b57
bb85c152
be0b2c64
3e3e9bbf
be326edf
3d5b811e
3e45f0a9
3e30395e
be30de76
ba172a63
bd4ca942
bc3c459e
be7e0ec9
bde7a9f4
be455098
be464d46
be1d97d2
3df11ce6
3de11e17
3e3cf4c0
3d72a728
3d669c8a
bca925a6
3db319ed
3e064d25
3df70e36
bdaf157f
be02a0d1
bdaaa21b
be0be231
3bfc863e
bd63ef8d
3c433efb
be010684
3d3e3b4f
bd897ec8
3ddd30ff
3e3b9ddd
3ca10196
3dbe1c55
bdcaa42c
bdc665ea
3e07e411
3e0f17b8
bd9f38ca
3b667571
be4a4f3d
3e1b00e5
3dd07088
bd894018
be37e4b9
3dc02918
3ce2dd0e
bc42096f
3e5e3bc2
bc30eac9
bda63b91
3e1fda72
3dfb0307
3e01c058
3dddfca7
3a147dc5
3df2d823
3c73fee6
3dd4bbc6
bd942680
3ec1a470
bdc9c8d5
3e588752
3e666443
bdd629de
bd8cc36e
bc889943
3e4f105a
3da75e32
bd186af6
3e3274bd
3e31e1db
3e11a612
3dd86ff7
3c770a65
3c87607b
3d9aef83
3ea7aa11
bd9f8dc7
3d87f3b1
bdd74720
3e38c34f
3da49530
be0419a1
be393d45
be37b945
3c56f07b
be9fce89
bd13e766
bde8a719
3d8178b0
be76267b
bc429531
3db8914a
be075076
3dc526c8
3d43715f
bcf1b5e8
3e28bdd7
3e079fa0
bda7028b
3e61c9b6
3e0359bd
3e7f575b
3de37580
3e23bd66
3e67e9a0
3e210283
3e936774
3e647e8d
3e56cafc
be14ffa7
3e615067
bd6959a3
3b198f4f
3d46bde4
3e0951e2
3d4df8b0
3dc3cdbb
bc652800
bdd8fe05
bd574b02
bdda4ffa
3d9ba6d9
bde259b3
be60a6c0
bd8f3c61
bcdbde9a
3dcca4d3
bdc1320b
bd615b83
bd537d83
bd94c4f6
3daa2d62
be60540f
be4ca3d7
be923c2e
3e35416e
3dd13017
3dc7bd01
3e56c004
3d51042c
3d3289b3
3e841ffc
3d86ce29
3e50869e
3e942133
3e51dca0
3ea2ee15
3e51aedd
3db4fd22
3ca5e20c
3e5c1d23
3e478f4e
3e088c0b
be47a0ab
bcc364da
3dd41b96
3daa7ac7
3e0f9fd5
bcb46643
bdde02c8
bdfeb73c
bd6b956d
3eaa08c6
3e71b377
3dc7bac4
3cde49f7
3e741273
3e600fbd
3ea6ef2b
3e39cf99
3d0393d3
3d470be7
3df668ab
3e31d682
3e1e4896
bdafd3fa
3e81f343
3dc74794
3d462f2c
3e01c9d9
3dc2882d
3e8d5b22
bd3430cc
3e8a49c1
bc97b35d
3e4c323e
3e1843bf
3d0ec711
bc90a7af
bcad7073
3d859b7f
be7b62f0
be415fe7
3e58a0db
bdaf4cee
be9242b7
be30bb6c
3d25f60e
3ea18a92
3e25d74c
3eb91a13
3e8313cf
3c2f2608
3e6dc81f
3e87e6eb
3e490b92
3edadce6
bda40ca8
bdcfcd9d
be23fb39
bdfac2a4
bd54b48c
be679fe1
bdf84e05
be155baf
be23c815
3e6f47d5
3daaaf33
bdb4d77c
bd4fb287
3da22905
3d006d16
3d534159
3dd07bb0
bd74ef89
be47ae84
bdfac382
bec55060
be96efad
be63dbc1
be8e380b
be91f51c
be082ec9
beaca53a
bdec5826
bde39dd2
be3020f3
be964d06
bd9105a8
be58ecca
be8e598a
beadac56
be61e983
3cef869c
3e00f752
3d34d283
3df2767e
3d5f0e9b
3e20f4bc
3da3c290
bcea649a
3e3a7cd8
3da4022a
3e782915
3e3af578
3ddbde51
3d15efb5
3e1efc6d
3e972e4c
3d4f516b
3e81805b
bda47e09
bc212be5
3e5e2ab2
3e1b9fb5
3e69fbda
3e9c01bf
3dd73f50
3d83def5
3e164d58
3e8db501
3ea135c9
3e6ec81f
3e96655b
bd8c0b1c
3e76d6f7
3e3875bf
3d6e5f84
3e2f4c05
3d148edb
3d00121d
be5c3107
bde62e04
3e4e4805
3ca5967f
3e1dedb7
be47f2c2
bcb86aef
3cbdc7f6
3e00efa5
bd34e09e
bdfad774
3db9a991
bc6c86d0
3e52533b
3c7c4d05
3da45600
3d81eb14
3d55c474
3e0c2e09
bd91bb94
bd6341fb
bd9c199d
3dbae165
bcc6d68f
3c317bdd
bde7d3a5
bdf12d1c
bd196dff
b9bb3243
be30c8e7
bd9b2037
be0a0ad4
be9232e8
be5fd5be
be01e0f5
bdf3e9d7
3e3ef669
3e69a663
bcff7bfb
bddcf573
3ddbd2a6
3e0654a8
3bb5a66c
bd44408e
bd5f08ae
bdaf7730
3d929951
bd5d4864
3e2d3f32
bd527dbe
3d715572
be042925
bcc1672f
3e12a227
be37643c
3e0f50fb
3e47c5e9
3cfc33a3
bdda29c4
bc88e911
3da0e2b3
3bacbbda
3d987928
3e84c97f
3e99fde5
3e85ea01
3d22defd
3cc31277
3dadabec
3c43ae28
bca5cc82
bcd9d97f
be094ee7
3e0428c5
38adfe08
bd199e2d
bd0be9b1
bc35a320
bce0dcef
3da123ed
bd567a89
3dc2d6a5
3eae871d
3c880980
bcc8666a
bbbc783f
3d827d51
bda34864
3dc191d6
be4bdd7e
bbe1baeb
be4f95fb
be45e8e4
bdafecf1
bd8124cc
3d9563d1
be67387e
3e771bd5
bbc2864f
be0c62e6
3dcfb6de
3d9aa947
38c0977f
3e2b5d64
3ca88950
be3a9268
3d890b3e
3e8154b1
3e844174
3d1f7437
3d1f1840
3e1b528b
3e899975
3e41355a
3eb3d49f
3cc44985
3cc5cb0a
be09a863
bb408400
bd90cc51
bdfc5c08
3e3dc09e
be0d544f
3e3204d2
be47a8ed
bdddfa44
bdfa16b4
bd162929
bdc0a423
be1587b7
be4abc31
be2aae9e
bd8a9e09
bd87860b
bddc46e9
3dc2143f
be4e62e6
3e1cd12e
be104106
3de280ab
3dae029c
be1f539c
3e8436d0
3d605e59
3e69c4cd
3e6eb351
bc878e2d
3cb36a1f
3cfe4de3
bda9373a
3e0bbc70
3e56b724
3df7b0ca
3e94b3e7
3e077f65
3e7c049e
3e819687
3e0b829e
3e903e5b
3e8064f5
3e34f4fa
3dd28d3b
bda8b6d0
bd9bcb83
bdf6359d
bd908b28
be6c24bf
3e0536c4
bde02097
3ebc0dfc
3e14e47a
3e1212d5
3e893d80
3db6d415
3e2c1fdb
3e768510
3e295f2e
3e37aeef
3d8b9a31
3e38864e
3e004b58
3e41b2d1
3be4566f
3e16e28e
3d89c647
3e1d808c
3e09eb11
3dd1803c
3d123129
bd8eba3c
3e031595
3ea12093
3e10060f
3d488e3d
3d532b1e
bd7ec123
bc2ac637
3daa20a3
bdcb637e
3d58ef2e
bde96947
bdd5bf03
be0a9616
bcb2f729
3e215c9f
3ea941a7
3e2dd100
3ed47dec
3e6cc79c
3e3fffdd
3e96386c
3e3912c9
3e03abe9
3e13747c
be4d2214
be1a4fe9
be696648
bd61a91a
bd8f12cf
be88cda6
be6cd29d
be42db75
be54c275
bc99dcd0
3e44590b
3e4dbb64
3d69bdcb
3df87bd9
3c5afc7e
3d88d04b
3df96c57
3de8b913
bde6c203
bdfdbeac
bec77389
becabead
be39b4f6
be5ce642
be28420d
be42147f
be4fe1b7
be71551a
be325a55
be66e21e
be96bcdf
bdb819bb
be354942
bead0d55
be80930f
be79e6fc
3d4dcc8d
3e275c32
3ded428b
3da7a2b8
3e1d5345
bd11a9bc
3d0beab4
3e36d1a8
3e18c6a8
3d84a818
3e47dec7
3db933f4
3e20e1d2
bde0001f
bc96bc6b
3e8cf0d7
3d0f654a
3e981c72
3d9370e9
3dd11b21
3e89ad62
3e5cf19f
3e852e4a
3d59c5f1
3e87cd11
3e05eca0
3e6d9085
3eca5368
3e0837a4
3e9ef113
3e3c0603
3e7936db
3d53037e
3e87aa84
3e9b47c9
3e9115d6
be069edf
3db37021
3d8d764f
3d9c3e90
bd8388f0
bd819ad8
3dbdaa92
bdff7b8a
bcba5b2e
bdb8ffdc
3d1a841f
3e1c8588
bdeb8817
3d1bfcca
3dfca6e6
3da4b130
3e511441
bd936ba6
3bcb8f84
3b4d8a51
3d6bf7ad
bcf35f73
3ac4d645
bd302c46
bd4bacca
bc9e0598
bd31c25a
3d64b5eb
be14fdfb
3b151be4
bd6c0887
bda09967
bda707d2
bd7b48e7
be6e83b4
3d206e9e
3e066f78
bde7c9a7
bdbbe663
3d7570df
bd65fdca
3dcc0b6b
be226fb8
be12c58f
3e1e6d05
3d8194ca
bd77abb0
bdaf1fe7
bb90837e
3d1a8adb
3d94abc2
3d74fe4e
bcfa7df3
3e211719
be1cf169
3c3365d2
bda88f52
3c650c38
3ced6781
3d2c672a
3ce677c5
3e36b15f
3db09239
3e2f8085
3db4669f
3e83116a
3c85b0a2
3dcd466a
3e35b8e1
3daad224
3e001162
3d8cce67
3e123257
3e102cb3
3dde0e2f
3d206ebf
3dabd511
3e043a70
bd1dd69a
3dded875
3cc89d25
3deb6d80
3c8c62ea
3e31160d
3d1e974c
bd2431ae
3dbef42a
3e85019c
bcae2001
3e56306b
3e1903ad
bcb48a4e
3e00ec98
3e01247c
3df1ee1a
3d979ec9
3e951899
3e070911
3e93cb2a
3ccfe548
bdd935ab
be378421
3c3da32c
bc9e6152
bd97b78d
be3fa2af
bdc14c6e
bdc02897
3d2a8872
3db57e92
3e0a5f22
3e429ddc
3e41cf87
3d808f06
3da9d6d9
3e4782ba
3cd2f353
bddcde77
bd0056d2
bda35d9a
bc2581dd
3cde1c24
bd8566ca
3e39db19
3da1776a
bd080814
3cd4bae6
3e05d4e1
3d3b8d36
bca9afe9
3dc85d0d
3cdc065c
3d3b455b
3dbc5159
3d6847b0
3d2921d9
bd184397
3e642def
3dfdbd62
3c8551b4
3e17dca5
3dc525ef
bc3d9cd6
3db6ae6f
be117f33
be07f155
3de4f664
be44d48e
bd8a5ab0
bc9db40f
bd9aff2e
bbd4bfa0
bb62a683
3bf96b42
3e1a7dc6
3dd57187
3dad9568
3d34547f
3e825a80
3e33b144
3d883cd1
3e2450b3
3d8f7f0b
bccb2cc8
3e138ce4
3e1438a6
be13b530
3e4df0a0
3cc398d2
bcb425bd
3c686725
bdf6daf6
bc1d1fce
bdad1022
bdebbf78
bd92d252
3dc3a147
be4ccc20
bd34aa1b
bdd03816
3de11975
3bf9420b
bc8f6785
bc1ecdfc
3cf8c276
3e095d48
bd43bc4f
3e37439c
bd9aff93
3dd57dc0
3dcd1419
bbd2b2c6
3da0b543
be0286f5
bd55192f
3d1d633d
bcde1d6e
bc715dab
3e05d563
bd21b795
3e53bd4a
bdc0269a
be1271a4
bccd1aa5
3e14f189
3e2ebb9c
3e5429b5
bd1b9451
bd0ceb9a
3de7dbc4
bc8b7ea9
bcaa85bd
bc0b66d3
be13949f
bcf72e38
3ca25c37
be05e1f8
bd9789b5
bc3ea576
be0ca0be
bd35cd11
bd745138
bdbe597d
bc5740d4
3cc8a1eb
3d07d130
3e2e1e05
3cefdc6e
3e84a431
3ddf9009
3c09d89c
3e0c09cd
3dbd86a5
bd6f5eeb
3aff7340
bc81a9a4
3d85d819
3c43e144
bd4d8589
bd9e1c0b
bcf4ff14
bb45d2b3
3d05cb5b
be25c8c1
be1bffb9
be006dd1
bdda713a
be300dff
be16eca6
bd1f798f
bd97332a
bd3504c0
bcb93f2a
3dfa52a2
bd38eac1
3dd0a2da
bb1f7d5b
bd35782a
3d30bb34
bddaa2de
bd7f9247
bccba5e4
3dd89bc8
3db8bf02
3e616359
3ce132db
3dc12661
badac48f
3dfadf17
bd5953da
be06091b
be07b751
be122254
bd7c0b65
bd30fff1
bcc5b7bf
bde4b7cd
bdf153c0
bde8690e
bdb94715
be080e17
bd2a57f3
bd28d3db
3c92aac6
3d8f7b88
3ba75f97
3dd8a3e2
3e204222
3dfe955f
bd74407a
3e3e3c4f
bd30879d
bc491869
bdc4ba1d
3e2dc0c7
bd947b9f
3d11afa0
3d6b73d0
3dd2b514
3df42113
bdbfeb7c
3df1cfc6
3d8e33dd
3e65a017
3e18bc2f
3e01f107
bd909479
be1cca67
bd97a0b5
be031937
be13e48d
bdd12bd2
be7542a7
be82a89a
be0b11e8
3d9651f5
badf6285
3e3364fc
3d0653b1
3ddcb10c
3d158a49
3e470cc9
3da57b2a
3da02bd8
bcaf129c
3d10daac
3e176f15
3dbdeff2
bdffe0a4
bd8603d9
3b0f33a4
3dbb056d
3d3be061
bbb0d8f5
bcfa50e3
3e036592
bcf8f894
3d5904b1
3e05b176
3e0e20f6
bdd3b99f
3e064679
bd56fd42
3ca78c31
3dba72f4
3d9d29b2
bcf63cf6
bcc625d3
3dbe93e8
3d728e79
3db94473
3c0d90da
3da4cf56
3df80a12
bd00a145
bcba2348
3d8e5436
3cb6e622
bda96cae
bcc14331
3d996177
3d585728
3c192d21
3e19dc1b
3e3ea1e1
3d7fa485
3cb60072
3ce48a0a
3cd05ca8
3d8b920c
bd3225fb
3e1df658
3c827909
bd8ab5f4
3c9f17b2
3e230529
3d0e719f
3d55b7bb
bde13547
3d801a75
3e02c651
bc35213b
3ded18d1
3da4db71
3debed66
3d09db9b
3d82e1f3
3c9b4251
bd7c48cc
3d52c2ab
bb92ad04
3d0c8a78
bd267df1
bd2eaf70
3da37541
bdc8e633
3c38973f
3ca291c6
bbbac53f
bcd2653f
3b8ad78f
bdb9820c
bd414760
3d530be8
3ca53dca
3c1d437c
bd3d727e
bd07a791
bd760805
bc98fb17
bda2915b
3e1f68fb
bce6746d
3e58cb97
bdfdca78
3d56847c
bb551a05
3bf3c6ec
3bef873c
bd0cd435
3b8315f6
3c80c64f
3d12d220
3d93617e
bd4fbe4d
3e03c8b5
bd76eefd
3cd8dc20
3d6c2ead
3dcd6d34
3d9d1069
3df5d7ee
bd888697
3d8dfa8b
bd747a87
3cde7e02
bd0993a3
3b0a5a15
3cbd27a3
bcd2ed9c
bd9c1d19
3a657a69
3d4e5aa1
bd2ceb4e
3d9ee0b5
3d21b08d
3c506527
3d257692
bad39a43
3ce2d025
3e13a40d
3cd5f425
3d9c7633
3e06c1e4
3da8ccb7
3d9c8b59
3e054733
3d4414aa
3e5ce89a
bdb83f96
bd81e904
3c91e5a4
3d2d8ac2
bc965763
3dedbd09
396e8054
3b1ad46e
3c2b5de5
bc4d4f4f
3d93d0a5
bd69e081
bc99c6af
3c68326b
3c187827
bd6acc60
3ad4a0a7
bd980b0c
3d97c145
3ce04d3f
bdb46811
bdb2578f
bddd8d15
3d56460d
3a754567
3d9e510e
bd892617
3950f432
3d35c33b
3e59ba50
3e51ffce
bcd0224c
3e3d520a
3ddee752
3dbedd79
3e46f0fd
3d4f5d09
3d7bb26e
3dafaf37
3cff17a6
3c9adbb9
bb257a8a
bda92862
3cca85c6
bcf9a509
be09cd88
bbc8247a
bd250529
bd839611
3d40d9af
bd397f85
bd7ae105
3d9828bf
bceef09e
3d789ab1
bcd4a787
bb3d9479
3d42cef5
3d675e9f
bd753a99
3dbd204a
3dbdd287
3da1cd52
bbb8baad
bd7449d3
3c877d29
bd87ca42
3d35d878
3d77fcb8
bd8d1526
bcfe2a9e
3cff2fc2
bd8228bf
bdca7684
bc3cb7fe
3d8a6cd7
3caebc15
bc9d8e2e
3dbafd4f
bd781373
3c2b126c
bd9311a3
3d40c18e
bdc52a17
bb9ec805
bb5e4df6
bdb6aa3a
3d0c7baf
bc18a0f7
bc96a84d
3d1a293b
3d8f4203
3c82fa88
bd171c91
3d3ebdd5
3dc3679f
bd9b95a5
3dd150a2
bc14ca23
bdfe6da2
bdd2a6c3
be293688
bdb264bf
bc709686
bdb2a72e
bd6cd3a8
be03563c
bb12a316
bdd17908
bc547e0a
bccee6cd
bd423178
3cb3c253
bcf2939a
bdc70abc
3d2666eb
bd631277
3bb6671a
3cfd0cae
3e4c02ce
3d88a21d
bdbcc480
3d9ecfcc
3e1e5aee
3cd9144b
3da94ac4
3d622bc5
3dfcfe4c
3deaf200
3d8e20b3
bdb04e44
ba9185c4
3e5e931b
3d75ba43
3e6d4c09
bd9571b3
bdc1d069
bd1e5ab9
bdb7daba
bd5c3e26
3c826422
bdb06008
bdd3b638
bd1387b2
3e186407
bbf2b2c0
3d6b7f12
3d607155
3d49ad79
3ce6885b
3dba284c
3dec55e6
3d5bd367
3e1bdd01
3d419522
3bd69ac8
3ddacf2f
bde7edf3
3dc655fa
3e43d43a
3dd9f3a6
3e3ac96a
bcdd937f
bbc9b63b
bd3b1d73
3e25d461
bc6518e7
bd08cc84
3df261ca
3c08999f
3e00de91
3d8f1e53
3c27f636
3d0d844e
bd43ffe9
bd064ba5
3dc18e58
3d901312
bd384d58
3e42a44b
3bb3711c
3cd36ef4
3dd41481
bdbc4249
bd64376c
3d654f01
ba847110
bd4de6a6
3d3d196f
bd57d1ac
bd4ffd2c
3c26d294
3e09a1e4
bc56a9d9
3dc90ad8
bd2a3fbe
ba6eb839
3cb74228
3cf4ad50
bbdfb96e
3b866bd2
3d540e3a
3cc57f9c
bcf382dd
3e10f2a2
3d920592
3ca7d533
bcc161dd
bc8cfb45
bcf23074
bd24049e
bd4cb124
3dc45c2f
3d6e35ae
3daea2ae
3e345a6b
bd8ed6b7
bdef24c5
be0d93a1
bdc090b6
3d0866e6
bd9b8094
bd80bf83
bd0fdf93
bd5c44ed
be137da3
3d6df733
bd36d318
be39558a
be06841c
39e4ac30
bdb7ae14
bd9118d2
3d7b5635
bc8aafb2
3da3b420
3e0b3409
3dd67a76
bdf0ab4f
3dd22a5c
3e311b01
3dd679a3
3e0373ed
bd6c9257
3d61645b
bb1f32b5
bd969c46
3c49355f
3c3173c0
bd3a1b63
bcc0996c
3da64c64
3ca1f3d0
3d337cdb
3b8ae0b6
3df53832
be0422d5
3e093a38
3d4a9803
bd829093
3e31461a
be184eb9
bc780014
bcd98713
3d6e130d
3dd0ef41
bd2fb6ff
bdf1d33d
3da7fc51
bd1957db
3bae23e9
bd032f69
bc880ccb
bd1cf2d7
3dd4f9d8
3b094e75
3d74f769
3ce20a49
bcbd8012
3d200b09
3d1409bc
3d2824f6
bd988ec7
3d3a4958
3e29685f
3d33b45b
3da29ff0
3d93563f
3cfcdaa8
bcaaef1f
bbc7f51d
3dbd0d41
3dcf4db3
3d4287eb
3d892038
3d5de4a4
bd0b6545
3c5bb917
3d5a5561
3d0fabb0
3d3d4985
3e06bccf
3e05fc03
bc529f79
bc571642
3d339b83
3e2de78f
bd8860f5
3cf9833c
bc053520
bd848e46
bb9c62cc
3d3cf4bc
bd3cae26
3e190f4c
3db908af
3d9118cb
3d333cfe
bbb223fd
bcabe674
3cbab4e4
3e80805d
3dfff1d4
3e66d8be
bc1389ee
bc0b229f
3d852c4e
3d5ddca5
3d27bc0f
3d955ed5
bd87762d
3c348097
3d17c8fb
bddf7937
bc823fbc
3d0a39b7
3c2484cf
bd2ab8c6
bd30253d
3b998464
3e0e0d66
3deaf506
bd339713
bbe6b672
ba70e970
bd1ada19
3d9c1b29
3e16450b
bccf0b1d
bc4c6526
bc4cf3d6
3b478fbc
3ddbb471
3d8b3e2a
bb97ff1a
bcf3d30d
3d53bde4
bd61dd19
bc18af8b
3dee9adb
bd749cd9
bcd4394a
bdcfe6b4
3dd0614d
bc57f760
3ddb8d3e
3cd911cf
3db4863f
3cf3c511
bc909551
3d011c11
bd870843
bd1b686b
3d9c5774
bdc4c5b8
3d2b0a4e
3ca394c3
be10b7ec
bd85d7a6
bbadcf36
bdaf1947
3d163f0d
bca1bda3
bd5472c0
bdad1922
bd36da12
b9cb5730
bd3c0113
bdf2c123
bcd90cc9
bdbc6e9e
bd0d64b5
bdda7529
bd261de6
be0d7acb
bd166fe5
bd461725
bbaeec5f
3b78a372
bdaab2da
bd8c4dd3
3ce30c31
be255f6f
bdbf4f9f
bdb6ebbb
3d27ea3a
3ce52dd2
3d6a9975
3d9dac72
3daa2cab
3dea7b8b
3d8a448c
3e19290b
3e2b808f
bd95d93f
3dc20747
3e148291
3b9164bc
bdff2b01
bd6f62c9
3d716ebc
bd5b8a17
3e51d4f2
bd8fd537
bc7e5c69
bd80767c
bd819e64
bdd967c0
bd11eda8
bdcc9be8
bd57b55a
bdfef87d
3e18f578
3e17cad5
3d9a4dbf
3c7cbde5
3d157ea7
3dea0268
3e0d256a
3e1101aa
3dbe4db8
3d8f87aa
bdabf6aa
3d81226e
3e18134c
bcb5580e
3d39114d
3db03b17
3d013a45
3d0fe740
be2540e7
3d505d6f
be15a7c7
3e4d1495
bdd4f70f
3de30ead
3d349e3b
3b0aa75a
3cb0279f
3e1e9049
3d861056
bd3378ad
3d430b74
3e6c6d27
3d14e046
bd2370aa
bc869205
bcaa26d2
bded0e84
3d320823
3e8c5dad
3e0e3f8d
3dc211b6
3d15573e
3e69cb23
3d85f9f9
3e84f42a
bde15ff7
3d8947a2
be182943
3c6ae8c6
3dbce13b
3c4339ff
3bf62b16
3e1062cd
be09da81
3de724c3
3e18f3ec
be8e1c83
3da5681f
3e6e1823
bdb7af7c
3e015534
be15bec4
be1c48eb
be721617
bdae6b2e
be32b218
be44e456
3a94013a
be115777
be75daf7
be721287
be9dfb4e
3dbc9c67
3e8aa259
3da68f8d
3d897a5b
bd600467
3dbf1ec2
3e842714
3d9f057a
3ea18219
bdb530a0
3e70bd42
3e3af65d
bbb48f8c
bc85e166
bd475b46
3e40781a
3e47d60e
3c8e8624
3d72f49f
3e2b38d3
be373854
bdd09896
3df33d3a
be0ae232
3dbd3b55
3e130d99
3ddb71af
bdf261ec
bd51f063
bdaf0c50
3d8c3921
be32b6aa
3c252f64
be4e4f42
bc8e60a2
3e2bba58
be8ec3a6
be3947a0
bd69e328
3afbca87
bd11196c
3da79952
be3d0d07
be2924cc
3d73c00a
3e736ee3
bd09722d
3cc71d8e
3df01eff
bd86e363
3e5284a5
3e8b532a
3e3272a3
3dfaff7d
3e427938
3e3d7c8b
3cdee0b5
bd9093bd
3e392a94
3cea380d
3e0eaba3
3df31487
bbe3fb3d
3e4fd3e5
3e2da506
bdfb2cdf
3ce353f0
bd85ebfa
3d109149
3c2f6cf9
3e85c08a
3e2489cb
3e894afa
3e041317
3dc4977b
3dd355c8
3de7f452
3e1daf34
3eaaa38c
3dea3c8c
3e65f797
3d1dc7d2
3e5fb14f
3bc56b4a
bdcd85a1
3dbf51da
3dfba768
3e4994bf
3e0492ee
3de7ae76
be1b9ca6
3bb37382
3d1430a5
bc7d5109
3e80d25f
3e1c2593
bd2cff41
3e2fc166
3dd2b05b
be9a843b
3e02f952
3c4571dc
be36627f
be437969
bda4ed39
3db8e5bf
3e29d071
3d8003d2
3e95776a
3e06b61b
3e9e9a5b
3dd9583b
3e920a91
3ea1c834
3dd32c6f
3e33b58b
3e217dc9
be1e7572
be03de09
bc191970
be125fdd
be06f734
bd5ac757
3c47aa63
bc2db636
be907aa6
3e76ff37
be1dd3e4
3e50a816
be2b80d9
bd8f880c
3e5b7b0f
bd4d92e0
be3d78a0
3cd7090f
bdb3f8a7
be294888
be7eec2e
be9777b1
bdc63ed0
beb36ca8
be6369ac
be4ca1fa
bb869da7
be02871e
bdcfae32
bbf7c5c1
be11f0be
bd8a7a6e
bdad3b90
be08ba35
be20b15d
be04271f
3e48f65d
3e5fe258
3d80018e
3e30ca24
3da25f44
3daa5f85
3e14670d
3d95dea4
3e4e1387
3d369840
3e1de3b8
3ea30187
3de75726
3da3ecc7
3c574a46
3e03b742
3da29ec4
3c79f773
3e0c1aae
bd84e011
3cc67e95
3e43f6ef
3dc43825
3e1fbfc8
bdf27f55
3e7179fd
bcf2c104
3e952eb2
3e36234e
3e3c5de0
3d9b9d12
bd926b34
3cde822f
3eab8070
3d4f2a8a
3cdf173a
be3d5fa2
bdeb5cd1
bdbbe494
3db7103e
3d8b1aa1
bcb4ee23
bd46d914
bda19629
3d936889
3e33febe
bdc5b9d4
3e1314f6
3d4b9701
bd7d2b1c
3d0dd5ab
be17a037
3d402897
be50f396
3cbf03f5
3dfb4621
3e4c8208
3e23988d
3d335734
3dde9ebd
3e377389
3d4b90d3
3e164e7a
bc4f4a51
bc160dab
bdd55b8b
be7d915e
bdd26b53
be8145ed
be49b6b3
bd9e4722
bdedfef3
3e00980a
3e359389
3dc59905
bd1e7d27
3dffd045
bda53c88
3dba608b
be141859
be6df445
3ce397b7
bd12b6f5
3dca6188
bd9d26ea
bd5d4f9e
be12f4fa
3d3108ed
3d37ec58
bd7dbc56
3e0bd947
3dac7ee6
3e2f0210
3c02f741
3e625569
3d8fd5db
bcf941d7
3e6a55c4
3e2a9afc
bda168af
3d3154ac
3d55414b
3e07bebd
3d459fac
bdbb0478
bdcbd524
bd3295b3
bd9257d3
bc6e0b69
bd94ad2e
bdb1678b
3dcf63fc
bcc5208d
bd8ffaa2
3dc49176
3df3e0db
3d810d6a
bd37dd12
bda01b48
be18bcbe
3df56318
be0162bc
be09b5d7
bc8fd880
3dcd4866
3da69bf0
be64a242
bd0aebca
bd4b4262
be873bf6
3d5c07ee
3c470fde
be5d111a
be7df3e3
bd076eae
3ea03836
3dcafb81
3e47d9d4
3b8afdb6
3e270849
3e63dd16
3e63ffe0
3e07404b
3e950e6e
bd4ad4e8
be1f200e
be87d19c
be802767
be5b73b1
be89b784
be207f7b
beaacdb8
bea1caa1
3afd3cd4
bd3c8063
3cbb2c13
3c58a3c0
bdd55744
bcc3e739
3d83009c
3d7df39a
3bf6f316
3e23c136
bc201b06
3e9788c2
3e351914
3e25f9b7
3e094dfa
3e36b453
3e59a539
3e54a9a6
bbe565ff
be28d7b9
be4656ee
3c8d34d6
3c2103b8
3e27a21a
3e03cb07
bdbdf2bf
be30cb9d
bde9619b
bd78bd91
3d5af11d
bd53323e
3d5ccc4c
bcebfc79
bcb8bea9
3df3b5ea
bda3ba5d
be5beaf1
be7960cf
bdbca1d7
be17eec2
be2f5ad1
be02a500
be255ce7
be26dc38
bd64e35b
be016991
3e067166
3e4c4e07
3e46998b
3e3dcc40
bd659853
3e280393
bd304783
bd173b8c
be0cb5c9
3cff05d8
3de0da1f
3d1fd12c
be30e0d8
bd8192a7
bd3ec7cb
3da4ac26
be23d8bb
be0f1de0
bda23789
bd607edf
3cd62ecc
bd614475
be5f2a12
be6fd7c0
bd702b85
be71bef9
bd256e15
3d82e6f4
bd189a3c
bcf0556b
bc2a5025
3d5001c0
bd4d7010
3dfb494b
bd46ba17
3cb6068c
3d62c3b5
bc0ca086
be20a006
bda49549
bcfe47c1
3d1efc32
be158e68
3dbdc906
bde7b971
bd453b52
be4b9202
bb0f2d36
3d8dd42a
bde56434
bdb81bd0
be014777
bd90bbe5
3eacb556
3d99597a
3ea49aa6
3e8f6bd2
3e00e2dc
3e710511
3e83b329
3de6247d
3e4334db
39ff3a26
3dc77386
bd339dad
bd9aba81
3d831509
3de686be
bd6384fc
3e26b282
3e2a0f51
3e1138fc
3d890ad4
3e0d3100
3b9167b7
3d51a819
3d0eb093
3e2111ad
3e847de0
3dc02fc4
3e577e17
3e4aa1b6
3e0714a1
3e8fe3c9
3e2f5e98
3e075f6e
3ecb36f8
3e877884
3e89e60f
3bb5bb63
3d46e3e0
3e17d829
bd74da25
bd04771a
3e5a477f
3d9a8099
3cd56b9e
3d8fd3f4
be511d67
3d3eecf9
be165276
3ca60abd
bd44e5aa
bdfbeb93
bd35a767
bdf46f0f
3ccdefe8
be2aaafd
be00f87a
bd028cad
bdb87e0d
3dd7c905
3d6c4f21
3d74948f
3d551a78
3d790f1e
be2b3520
be44529e
bdab16c2
bccb87ab
bdcb6dca
be4c037f
be005280
be381667
bd55ec56
bea7e0d2
3d2306b8
3df79767
3d53865f
3d7bc231
3d389b31
bd444daf
3daf5647
3d919a9e
be68cf20
bd6e6c92
be87e316
be4c6693
be64312d
396aec40
be68eeb8
3a557c77
be015d97
3e3d42ae
3e66f893
3e75ee70
3a4b4210
3dc409f2
3e442d70
3d35164d
3dde7725
3e21c174
bc6e4e64
be85d9bf
be4becd1
bda7f540
bd25f168
bdd8b38c
3d130d66
be60965f
bd4467cb
3da1b19c
bcf2572a
3da43e04
bdff91db
3e283879
3e4c7df0
3e1e9b2a
3d40919a
bde448f5
3dae3a38
3e3cb981
be2a1e35
be124ecf
bdc19044
3e686f1e
3d94dd75
3cf4a6f8
be4ad9b3
3c054bcf
3d03bb0f
3d6c219a
b6ff7e2d
3e4f5174
3e5e9acd
bd3866b7
bca2fc8d
bdf61f57
3e68ef34
3dbb0f4f
3da969bb
3eb531df
3e01d3b2
bd9545c8
bd6c3027
bba64ebe
bd2214e6
3d543f55
bd752125
3e24ee21
bdb7bef5
3e41fa8d
3de96c6c
bc8f58c6
3ce22733
3d92616a
bcf66660
3e8b1429
3ded4b1b
3e75064a
3e2e604e
bce0435a
bdf04668
3d206f9d
3d23e3b3
bdda7055
3d7b778a
bd28b94e
be2b9b7f
bd2d4854
be861136
3d1fa84c
be466a3f
bd8f8400
3e32d1da
3dc24fe8
3d93547c
3cb962e3
3e0092bd
bdcf9b7e
3dae5570
bcc387b7
be084ca3
3e924982
3df744ff
3e958df1
3d805f45
3df1cf87
3e0036f9
3e0489b7
3e792b96
3df1dfc2
bd2e49ac
bdd6c307
3e45561e
be14628b
bd9ffd78
be25f8fb
3e0ec580
3dbde2fe
bdc94460
bdc98529
be4e0e46
be654e42
bdb4cebb
3d52f3ce
bdf6d700
be09d156
bdc5ac39
bd9cc27e
be5f0840
3ddd199f
bdc23786
bd87c8de
be00db10
be52a19a
bd725745
be5935d1
be785526
3e323951
3b8ad855
3e35d2df
3e77abaa
bc29ff86
3e84274a
3e022390
3d510a3c
3e629094
3e2819d4
3e75848b
3eb04158
3e07351f
3d2f5892
3dc46b96
3e9964ba
3e6370d7
3eac36a0
ba38dfce
3e51e223
bdad455c
3d35b3f5
3e3578c0
bde3d224
3dbf5c5e
bdf4287e
3e5bcbdb
3d9331c3
3ec13ff0
3e86933d
3e90057c
3d8f1429
3e169b68
3e716c88
3e29f623
3e90728c
3e886624
bc802070
3e6cd282
3d7f7c72
bcd179d0
3e90970d
bc8bac14
3e38c991
3e1ef32b
be02c857
3e277a02
bbdae4ac
bd142418
3eb4395c
3dccb861
bd1ff378
3e910cc1
3db12277
bdc82a02
be4acc69
3dabbd51
bde47974
be22a817
3db9c03b
bdbd6f6d
3ddffbeb
3c5d7a33
3e8d7eaa
3e836ff3
3eae32a3
3e5c2188
3c3197b7
3e782051
3eb33988
3de52e9f
3e895576
be1768d4
be2be0f9
beb17779
bca5ee93
bd479fb2
be63d7f7
be64a6de
bd78b113
be8bc166
3d7d76ef
3e55381c
bd370efd
3e384c07
be329ed8
3d84c09c
3e6291f1
bdab291b
bdffceee
be3c3326
be794556
be5ffc6c
bea3d6c9
be652ea4
be80e5d0
be31a884
beadd72a
be9f46ad
be90e934
be2c5837
bea3d883
be945686
bd78dec3
be5824fd
be601e62
be36e3cd
be8f56fe
3e5b3525
3dccecb5
3e869098
3dff2ae4
3da0ac66
3e57ddcb
3d391f5c
3dfa74a0
3d7fc368
3d17f03c
bb8acb17
3de97c25
3e39abea
3e036735
3cd4ff79
3e0888b6
3e56fe86
3eacc75e
3c93bfa2
3dfc990a
3e55de02
3e13f463
3e8e1893
3df88eb4
3e3afc24
3e2559e7
3e5f95aa
3eec266c
3e437709
3e8e3093
3e7cf0b8
3dbb5d4e
3e288bc2
3e18c05c
3e81b64b
3e7bee74
3e449708
bdb99280
be55e3ec
3e31f097
3e071fd2
3c3d5be1
3d8b5b96
bd32a696
be09cc11
bd7bf937
bd8a44d1
3dbaced0
3e1840f2
bd228ed0
bd45885a
3d9669eb
be27e766
bc5cf353
bd351fb9
3e044254
bdf5c28b
bd87c8de
bd34102c
3cadf8b3
bb99c9e6
bd9b2910
3dff59c6
be1a8bcd
be3982ac
bde01682
3dc02062
bdaed4da
be50c30b
be83b261
bdbde6f9
3d124baf
3d8988c6
be246770
3d9d27ac
3dc628a3
3e70ef1c
bcc37339
bcf225fa
3d8f9e3c
3d22bda6
bc307586
bcbeceba
bd04b7bb
bc1817ed
3d915148
3d84d0a5
3e2b3a14
3d393394
3dbb1526
be40f5ae
bdcb726f
bdbe7309
3cdfdf90
be584a37
bcbee067
bce0d9d3
3d504392
3e3388ca
bd95ffa1
be128918
3e4c989f
3c3c13bb
be50a23b
bc331b03
3dd761c0
bcd3abd3
3de47e93
3e3f6281
3cf4616a
bdb59a0a
bd5a123b
3db2cc1d
3cd9e073
3df7c310
bd364d37
bcb91e2e
3d60206b
bdf36641
bbe2ae1c
bd21987f
be5e2cd7
bd4b6450
3e7b3f50
3d3d9d78
3e7545c8
3d166d9c
bda8bc20
3e073668
3dbd491d
bd0f9101
3e8548ec
3daf692a
3cb1f1c7
3e396e52
bdd8db70
be5ef6c4
be194021
be2a9e8c
baf40eb7
bd883375
be6b7849
bdb3bb80
bc9e5425
3c813b94
3d1d0e92
bc53f61e
bcced687
3b99838f
3d75c103
bcc11499
3e2e7f29
3dbfb7a6
bd12168c
bdde3d75
bdf45331
bd04cbd3
be40dd08
bd78219c
bdc00215
bc8a83fc
3c884f3d
be091efd
3d934827
3dc4ffb0
bc7eaa50
bb8500e5
3d3a57d0
be313367
bd6e1023
bd1f9046
bcd4894a
3d74b541
3d08f505
3d518b94
bc814467
bd7e2781
bdb8d5e6
bd001397
3df597ee
be15dd9e
3cfea8e6
bc1c02a1
bdd35a88
bd230f26
bc9ea367
3d830851
3db24f68
bddb6ff9
bd17570d
3e0c5c08
bcbdfac0
3e036330
3c0eab33
3d903c16
3c250f38
bcc6108a
3e31a2dc
3e315ce5
3e040bc5
3e97ff2b
bc95bafa
bd5f93f2
bd64eec7
3c78b15a
3bae875b
3df6048f
bcfcecc6
bda012a4
bd51d6de
be3f8eb1
bde0b7cf
be21c409
bcd1db32
bd57c3c7
bb5ddc0f
3de408d4
3dba89c6
3e329654
3dbacd4b
3e00e009
3d8ce59f
3df267a4
3d80af25
3ddeffc8
3d774c83
3c74a2c6
bbce7251
3c83e884
bd55d553
ba9d55e0
3e1050fc
bd5ae42d
3e1d65fe
bc322182
3e1bb709
3e903ac5
3d023959
3d92b3a9
3b32ba31
3db66107
3d5e05f6
3e9624d4
bddecb97
bc86a576
bddabd2b
be119271
3beaf042
bcd07c96
be3d1d17
3c41e995
3d807912
bd8522fb
3c860dac
bdef6da8
bd7ee23e
bc4ab66e
bd4e3821
bc40a35a
bcc1522b
3d7a6758
3d63a0c0
bd880393
bb367e53
bcc96961
3de86af3
bd7f2996
3b35ccee
bd876ae0
bc8fb782
bda5e53b
bcfbf124
bb5b82d4
be04ba48
bd25ce80
bd6f9271
bc6ba9cc
bca63dcd
bdb1cde5
be3979f7
bd8b7a83
be02c54b
bd072acf
3d09c7b4
bd303dfc
bd03a74e
bd46796a
3c8d71d6
bde66c19
3cead43e
bda8b429
3d6f8581
3d10086f
bdfaa7cb
3d9c7364
bcbd629e
bd113481
3d8094b5
bc029077
bd387ef1
3dc047c0
3d6967d1
3e1f324c
3cfdf2ad
3dea7382
bc88a0ae
bde0805c
be4a1ac8
be1e07d7
bdc11917
bdbd0873
be35d02e
bce640af
be769c53
bd9e8993
bdcdec2f
bceac4f7
3cf2a222
bc6e47bb
bd55fed1
3c885285
bc9d8d20
bdc4d92b
bcd3f104
3d65f13f
3d1cc31d
3dc14b08
3deb56c5
be36f6cf
3e3e3e06
3e207e4f
3d71c7c3
3d9aa2ff
3cc09f80
bdd9b7d0
3c9c1a9c
bcb8a0b0
bc48d6b7
bcf32ca9
3e578c80
bd30e8aa
3e7e5308
bd18b30a
be0a8192
bb265c6e
bdf9ab74
3bf9205e
bd01cdee
be6b5f28
be093a4f
be763d19
3bc1a021
3c419fd5
3e118e11
3da7849e
3e0f3525
3ddd5da8
3e3820d0
3d7984cc
3e036f59
3e028792
3dd70233
3e5d914a
bde5efb1
3b519a3d
3dc6696c
3e7ae02b
3e04e4f4
3dd5002c
3d88b48a
3d85ccfd
bd8d6147
3d76d761
3d2c7b8b
bcdcadf4
bda40fcb
bcabf261
bd187853
bd37d073
3dd20345
3d1a2e67
3df87118
3e1b8937
3d68f124
3e0b1d23
3e3c2847
3d9e2aa1
be0e3471
3c2a374e
bd7b7f53
3d893986
3c80730e
bc19f48a
3dc562f2
bc6b9f8d
3e2e5354
bd765851
bac7ef42
bd406794
bcb2d1c9
bb4b3546
bd0388e4
3c8a1d4a
3d137843
3dfa86c5
be030376
bdd65dde
3d835fb7
bda39536
bb6ee464
3dea4fc9
3d41d39b
3d72f67c
3c94935f
bdc304e8
bd66a4c2
bdcfca09
bdaf428f
bddee2b8
be555e21
be79bbd5
be47e884
be12175b
3d869ff4
3e6c0dcc
3de776bf
3e5e4d7a
3e6772be
3e844e47
3de3224c
3e15a36c
3e76de9b
be284b0c
bcd64aef
3c90754d
bdaf30a5
be34a48b
bdf22858
bda7ba0b
bd970892
bd0a4462
3d4fc22f
3e14e723
3dc6e72f
3d8cc7b1
be270f40
bdb7c748
3df09074
3dc61804
bd16a39b
3d22bb41
bc255a61
3e450dee
3e1863bf
3dc3c27a
3cb267ef
3e218817
3d887ab0
3e64e06d
bd491ebf
be2387c7
bdacdfec
bdba40a9
3d8310b7
be18fc8c
bd9b9d3d
3d51aeee
3b6dbbe7
bd4de03d
3ba963aa
3decde7f
3dc31778
bd6490c3
3d521acf
3e1039d5
3e279d64
3dc08a52
be35cc5d
bcc6d006
3da6f1b3
3d3f5fb7
bd394e32
3dbf14f8
bdb4b0a4
bd674300
bcdbb525
3dd781c1
3cdff96d
3e24c27a
3e110ee6
3e075109
3c272764
bcbdc31a
bce1ff8e
bd161034
3da83bfa
3ca744ce
3df79c5d
3d3e5269
3d221480
3da3ae33
3e9af011
3e13bdfd
3e15b144
3de3f961
3d13f309
3df49cae
ba5e848c
bb8cfdcf
3c0f0b00
be08c8af
3ddae0f8
bd2f3b6c
3d9fa452
bc83677a
3ddbdb2e
3e303846
3e260089
3cd02646
3d2143b9
3e3aafdf
3d6e9d72
be5b0e61
3dc6f4be
be187392
bd4215ce
bab59bc8
be160488
bd424092
be1e169f
be018ea1
3e73400a
bcc675cc
3b90eecf
3da5d860
3df795ca
3ccc84ac
3cb1710e
3e5d2477
3e15a00f
3e03c194
3cdb43a7
3e1244b6
3e3c4cd1
bce12bdc
3b5cb040
3db7f574
bceafff5
3d66c68e
bd9c5be3
bd08bbb0
3d3f72fe
bd5632a3
bc9f2f4a
3c5c9f11
3e15da09
be0402a6
bda6c4fa
3d6f1754
bdddea55
bc690cf8
be21cfec
bda7adaf
3c63d63a
bb3854a9
bdd0c17e
bdd86d6e
3d0b523f
3dddbcd6
bc6b8607
3d16a2a4
3ceff04a
3d80762d
3d2a4d69
3aeeaaf3
3df15e93
3e29e57e
3daa3fbe
3e4f3f86
bd22c84c
3dccb196
3e299b63
3e3175c6
3e4dd9f1
3e26b5fc
3d66013c
bcac5514
3d26c1af
bdb44fd5
3dafc36f
ba9b53b6
bdfc7457
bcabcec8
3db19bdf
bac7e33e
3c9b575d
bc74b97a
3d1ec676
3df6cf6f
3da70a02
3e0cc450
3e0d65b7
3dbd778f
3d8d7e5e
bd7d54f8
bd83c822
3dc661fd
bda3decb
3d137cac
bcb69d3b
bdabcc66
3d8c407b
be82d595
3d4f687c
3c3514a0
bdbf06ee
3dff54b8
3d42889a
bdd87c49
3b1159fe
bddaf8ee
bd7da503
bd9a71f0
be053f80
be0b9f00
bdb22cc1
3db10b1d
be36b6f8
3ceb6434
be1ed1dd
3e3d6d1c
3e7d332c
3e685844
3d92f890
3e17a751
3e4fd63c
3e5b751d
3d60a42d
3de149fe
bde5c85c
be786aa4
be13276a
bdaa2880
bde2698e
be3a1f2b
bda296b1
bddd1829
bdac0ba4
3b23a8c9
3e218b08
3d18f980
3e09c6e4
3e254c63
3dfc1f26
bae2edb2
3e0be878
bd2b9782
3d11fe0c
be225934
be1b6e4a
3d661677
bcbdd7f5
3dbfcc5d
bc834503
bd97bf01
3d835d4f
3d801530
bd7ca8bd
3e83d766
3c058768
3dc1174b
3e66d390
3e679bc8
3e0be215
3e376186
be0dfa65
3e03774b
bdf72633
3d76ee5e
3db3dad7
be2b0c95
3d96f658
3c288592
3da38599
3d335f27
3d5f3f43
3cb8f689
3d8cbafc
be7eb48a
bd93cb94
3e108b5a
3df3b4c6
3e33ab9c
bc43dbca
3c803971
bde9a914
bdf06280
bc0b5ad5
3ceca6ef
bc805dfb
be5b2f96
bd12ff89
be81da7f
bd872267
3d1a8abc
bda5e6b6
3db2e0cc
3d43b139
bda24579
be21132c
be62c343
3e6247ca
3e28c45d
3e7ca6ec
3e368f58
bc70a3c5
3e3aa1c0
3e3c589c
3e19b14b
3e98ef01
be8de540
be25434c
bea2ff20
be984b3c
be871189
be3274ed
beaf8ab3
be9e3167
becb8e73
3c9c76e7
be130cbf
3dd0ecf1
be4c5e7b
bd2c3bbf
bd87b698
bdee858f
bcb2fcb6
3d9026a2
3e3cad5c
3d250794
3cf63a15
3e00c872
3d7b5b92
3e568b7d
3e93d14f
3e46741f
3ea19fd2
be786a16
3d571e2d
be18c47c
bd7dae28
bcc8e92b
3d163f39
bd81ceaf
be159622
bd9669a1
bdf5d44d
bc58227c
bc18f96a
3d9aee4f
3a22605c
bd5ec46c
bd0efeae
3d946c59
bddb2cd7
beb1f4f0
be5777a4
be313d4f
be825f01
bd549aa4
be3aaac5
be899c5f
be2f3de2
be2fedaa
bcac08cd
3e228428
3e1b78e3
bd04fdd2
3e4f0291
3df79651
3e3666d1
3e1daac9
bdaacb51
bdfd9e74
be3f4f59
3d35acc3
bcf3592b
bdf2b2bc
bd5f2d04
bd9c6548
be2f00f0
bdd36827
bc4772e1
be78d69f
bd3c46d2
bb904ead
bd90e349
bea3ef02
be65c291
be78024f
bde87370
3db613d8
be2ad29b
3d747b0e
3e1538a4
3e12c0ad
be084f5e
bd94f07c
3d9fb4da
3d4f28d5
3d3009c7
3e371f1c
be0cdcc9
3d4127bb
bd9d0d86
3c8c2607
3e2b13e6
bdc7babc
be4d3096
be327813
be05605a
bdc459d4
bdbe4fe4
3c24eb18
bd81bc8c
bdfb871a
bd05c8f0
3d350d79
3e88625e
3e34e436
3ea0c465
3e71b47f
3e1f6fc8
3e48270e
3eb7bb4a
3e1bd47b
3e63ba1b
3b99d008
3e27a73c
bdbb2563
3dfcc334
bdea5c64
3d13fcdf
3dfa9c03
3e405f45
3e30766b
3dcc0614
3e6b960d
3e4da82a
3e63009e
3e326a46
3e10b04b
3e2b416e
3da794d8
3dc8f6ca
3e74ddf5
3e71de22
3e83a3be
3e22148d
3e70e8a8
3e1ab26c
3ee34858
3eb1c435
3ea11c02
3dabbe24
bddb353b
3d07c67d
bca44266
3da2ef92
3e50099e
3d155c89
3e29e3ac
3dfcb38d
3bc9534b
bdb6e810
3d25c689
bd3cec6a
bdb62693
be013212
be6b351d
be0c8fd7
be259e2f
be1c6b6d
bdc5c395
bd16d39b
bd493e2d
bdde4f08
bd839c0e
bda91007
bc6fdc3a
bcd6a16c
be749325
be5ed164
bea3bf23
be23ee61
bd4f4bc9
bd877054
bd22b5fd
bdd5b874
bda8c4cd
be378430
bdf1199b
3df6d5a0
3d6986eb
3d3d7eec
3e25604e
bd53cc09
3e3be956
3e270e90
be7dd72f
be02edd2
be05bbda
bd84ef45
3be8c379
be0006f9
be7614d5
3c01759a
be679db1
3dd747aa
3e70318c
3e8a6c98
bd2205b4
3e17670d
3dd0e186
3dfc23f0
3dae0063
3dcefff4
be14dba1
be00ad10
bd9edc4b
bd5ce36a
bda435de
bda2cf1d
bdc016ef
be2adfdd
bdef8fd8
3cc29463
bd447392
bda4d46a
3ca40c63
bbbd0c82
bde7bd70
be3156db
3de284d7
3e3d3a87
3d956b39
bdc3255e
bc748c56
3e0a8fa3
3e329131
bdc4de07
3d1c4a4d
be0bed15
bcc6dead
3b95b50b
3d848b76
bd9b31a7
bd43cf64
3ecb9c86
3df49e1e
3dc06a57
3e061f73
3d2343c0
be044647
3e4a656c
3e66c236
3c8de0a0
3e7a4c63
3e9c6a55
3e28239c
3e4d00f6
3e382450
3bcd511c
3d18e7a2
3d78b1b9
bd05a12f
bd9d89e5
3db73ba1
3ba42781
3da37d30
bc7243be
3c4f9ec7
bdf5e3bc
3e11a636
be04b3db
bd75fdb2
bca5de32
3e372974
be168a10
bd65d68f
bd7432f2
be2a2fca
be4a3706
bda6c41c
be491d2f
3c1b97c3
bea62e20
be3f36b0
be92e4d6
3e44fcea
3ddc7e14
3e1f49e2
3e24c6ed
bd44e7fa
3e1143c5
3e1e3c52
bbf128d7
3d571f98
3e2d4da7
3e953742
3e67d0fb
3e1c4c59
3d84d8d9
3d40cc67
3e9bf674
3e30cf69
3e02a3fb
3e1a3bbe
3e25b26a
bbec7de9
3e386164
be1a7bfe
be32baa8
3e244c6e
3da5a750
bd68e519
be307006
bcf0b89d
be30b6bc
be4d704d
3d7c1a88
be46f8ec
bdd774ce
3ce23475
bdbea261
3d418a86
bbc0835e
be6f08e6
be3fb722
bdf148ae
be7aff43
be841d15
be916bc8
bdfc2e28
bcc118d3
3e3eeca4
3d657364
3c889b4e
3c1aa17f
3e85efa5
3cf33455
3e02174d
3e3b793f
3c8e64c4
3e07a4d7
3ccfada0
3e9ffbc4
3e588190
3e77f32e
3e88c552
bd83fdcb
3d65f975
bc0f3db3
bc2a02ad
be553034
bd20db99
3e2f16fe
3cda7b98
be4ac5d3
3e1626dd
3da99852
3ddd3cea
3d501b65
3eaed35b
3d24006b
3e0debb0
3dc7ee48
3e02466f
3ce95017
3eaa095a
3c40a6ad
bd93917b
3e930fd0
3e4350b6
3da9913a
3ce7d5d4
bc7fd04a
3e52ebe0
3e5c7ec9
3e09ab58
bcbea993
3c04c091
3de51185
3e1d9e6e
bd15e731
bd52f5d5
3eb60437
3dac7f71
be11e400
3e0562b4
bd3fcdb2
3baee0f3
bda59339
bd2fc65c
bd78fff9
bc233f63
be893d76
3e6d65ca
3e703e13
3ef669d9
3e9202b3
3db0a0f8
3e26c613
3e8ad068
3e86181f
3e20586d
bdbee1ba
bdf1de8f
be0b44c6
be16c7fe
3bbd8d25
be16c147
be366d22
be924c15
be052821
3d0f8add
3d1b9968
3db796ac
3e13307e
bd8581d4
3e0c5b8c
bd1f0767
3d974e83
bc1f9a29
be6d8dfa
be88a4b8
beaf7e86
bdff873a
be4908ca
bed2c52d
be21598f
bdd630e2
be538291
bde7c835
3ccdf3f4
be0a17c0
bd6004de
3d1105fa
bdd67988
bec0bf7f
be562c73
be4ad3df
3e81dbe8
3e2a62b7
3db1e556
bcb56f57
bd4b3c40
3d2d8a39
3ea5b03c
3e420fbd
3e015093
3e456d00
3dc64785
3e55bda5
bd909806
3d81fe40
3db7cb20
3e2b77f0
3d632304
3eaf2294
3cf9a700
bda70aef
3ddc131f
3e90d830
3e0eda84
3e039c92
3b54b94a
3e1ed794
3e61f14d
3f02bbf6
3e331a47
3e19be4d
3e889c54
bc2e590f
3e8fceaf
3ecb3172
3e309afe
bae980f8
3c7c03f7
bd0d13a4
3da3e08c
bd57168e
3e1c4252
3da571be
bda372d8
3dfacbbf
be8b6c51
bd111b95
bd900e7f
3e1148ef
3da17d69
bd40f732
3dfc2922
3daef198
bd42d82a
be66c3cb
bd5545a7
3e5eb413
3e08aaa4
bddde392
3c96857d
3e223f24
3cab27e1
3e1b25b4
bc8daa3b
be6f2859
be0a3729
be4e6708
bdf50ca4
bddec2ce
bd4a64ad
be09608e
be04b7a6
be34cf47
3df4d857
3d01cbd1
be187147
3e82743b
3e51b326
3e1856d4
bbefa8b6
3d1258f3
3e0c6f3b
bd17d8a4
3e144136
bd0b9f20
3c0bb9b4
bcc8327c
3e507eb9
bd511fc3
bd371340
3d5aeaf3
bbeaa998
be10f6d3
bd953c89
be57c8c6
3cebdee3
bcc9db57
bd0a9297
3e0217f9
bd687654
3d37f3e3
bc8c0128
3dab6a94
bdd90cb7
bde76622
3e0a3b93
3e1cc39f
be07fdb3
3e1063d6
3e582425
3d86eccf
bd494c83
3c087ecb
bd07df0c
bc75e93f
bd6e8bd8
3dce28ea
3daa2f0e
bd193a08
bd7fb334
3e81c941
3e313d9d
3dda2153
3e100cf1
3d49ae50
3d96b874
3d35cd00
3dc13989
3e24655d
3e236937
bd244a56
bca345f3
3e6d0c7e
3e4874dc
3d6afc83
3dca2c42
3dc2e1c7
3cc07b6e
be2213c1
bd7a4d09
3bfb2a5a
bca21284
bd4b000b
bc80f10c
bd8b1e62
3ddac145
3d1d00bd
3ec99a97
3e15773f
3e813a7d
3e959d48
3eaaa13b
3eafed42
3eae6a47
3d80f3f4
be0e50c7
bde3f02b
be296cd8
bde42419
bdbf7cd7
3e287adf
bcb2188c
3d1a9465
bd75cfbd
3ce215aa
bd9bd898
bc67f6d4
bb1b6170
bd37f9b3
be0b74c8
bd781342
be49b96d
3dfe4cc0
3e1b1620
3d6a9ef6
3d0bb8dd
3d67ffa5
bd17c62b
3e5f1988
3db976a7
3e3ef1f0
be098a82
bddaaf6c
3d9568d6
bd107adc
3db84360
bc247231
3d304353
3d95c0e3
3e2900b5
3e15008c
3e8b62d9
3e74b928
3e523ccd
3e37ed65
3e5a0ba6
3e46ca6e
3ea84863
3ecc8f26
3e65fb7e
bcb8d780
3dcc73bd
3e0c5fda
bdb594f2
3de9e524
3b024515
3da7e954
bd8593d6
3e2e41d0
bd90bb53
3d6e0aaa
3d9e2650
bcac7731
bba60423
bdf7deb0
bd41ef45
bdaf8fb8
3e182849
3d9e6092
3e16c78c
3e6b86ec
3e18fe3d
bd20c28a
3dd6d2c1
bcd93838
3d4433f7
3d866ed8
3e09c0e7
3d89e91d
3cb42ffd
bb1cf9a0
bdb8d078
3e156827
be08de47
3d807a8d
3d372db7
3e386abe
3e26bb5d
3dcde39c
be0259a4
3dc58f63
3e72a08e
3e57513a
3d536ccf
3dc5c194
3bbabc08
3e1ab846
3ca44252
3dd261e6
3df90dfe
3d6b51f9
3dbfd380
3e0a86a0
bda29281
bdec70d6
be1d9b74
bc50cf42
bd50b13a
bdffc9bf
be216f6c
bdc4bfcc
be0510f2
3da8b436
3e28fe7d
3e532daa
bc8be168
3e367126
3adcb332
3e1db8ff
3d6f3f90
3d68287b
be12ccbf
bd72e73e
be1dabe9
be1dc95b
be881b0f
be6fef23
bd8aa206
bdcbbb88
bdcef019
be3b004c
be9945ba
be887a0e
be203f41
be49e59f
be0211ae
be3256ee
be6f45af
be3b4204
3d0d2f16
3c287c57
3d532c3d
3d455d42
3d74f3dc
3cf54582
bd1b52c8
bc108849
bcad6947
3e3eb55c
3e1bfed7
3d746982
3ddd78d6
3d91ae5a
3dc3dbd8
3e75a40b
3d371b1a
3da71f6d
bcc87e1e
3da702ff
be1ed4df
bcb74f62
bdfa7114
bcbd4383
3c9ce5a7
bdaa3e9c
bdb6b2e2
3d979993
3e0fe873
3d3060f9
3d632ca0
3d871823
3e32a13a
3cd41318
bd43ed2e
3e2bb90e
3e0c9b79
3d02f727
3e1308f6
be15862b
bdf16c5b
3d54696f
bd905078
be008878
be12cf34
3e35e5b7
bdf06d56
bd152278
3ddb54c0
3c85d971
be0711fd
3df30141
3d88065d
3e338aef
bde0c650
3ce563fa
bd5c0a80
be00b607
bd9901e0
bdd88422
be016e0a
be505fda
be26c9c6
3d4da15b
bd1f91df
3ad05f15
3e3862f3
3deee36b
bdb90d73
3cc5065a
3af46252
bcf6339f
bd8225d0
3e2abe95
3cc823a6
b9f57f29
bd72daf9
3dced93c
3dbff6f5
bde8ed59
bdb85284
3df420e0
bd8aa531
3dd37ffa
3d9e9b78
bd86484a
bd8306fd
3dcf3098
bc7b299c
3dcaab3b
be327648
bdf9af02
3e471116
be519df5
be17cfa2
3dcc0239
bc004316
bdbdb5d6
3e56b35d
3d7b0337
be4dbd88
3cab701b
be02d8b0
bd1c0251
bdcd69cf
bd7a39f0
bd37dedd
3c5093fa
bb0d1677
3d304fc7
3db45806
3e1f22da
3dc1e5e8
3daa15f8
3d3d50a5
bd270638
bd9d24e7
3db921f6
3d97f760
3e050604
bdc323ca
be443ef3
3e0ccf8c
3e676a07
3e550fc9
3e47c9ef
3e0e774e
3da6c56c
3ded6aaf
3df4f438
3e0a8c39
3d70817d
3dce443f
3e9c1225
3e836b17
be23c1d6
be27e755
be1fa128
be71b186
be060d72
bb770d63
bd5a7013
bd166d17
bdee5729
3d9269f0
3e4a871e
3e1d857c
3d45db1f
3d8cb09a
3e500436
3e4685a1
3d380a20
3dbb2481
bd55c015
be2e7953
be049988
3cf60b29
bd0f4b8c
be6df763
be321e5f
be01597a
be18a08b
bd9409be
3e4d337b
3d08f1fb
bbc7d69f
bdbec638
3cea7835
bd5e4956
bd76523d
3de42aa8
3cd3ed2f
3dd132aa
3de9c0ec
3e0fbced
bc5f0dfb
3e4bbf78
3e3ee3e9
3d4e2f07
3e707b22
be8f5198
be8c5feb
3c49c789
be1749c1
3d9b4f47
bcbebf93
3d20fb03
3c0452dc
bcf3093a
3d10b314
3e502be7
3dca78c4
3e354952
3e689f42
3deb2257
bd206791
3e22d72d
3e49ed55
bd653059
bdba0522
3e8c6835
bd7bf3d2
bd448639
bdd811fd
bd134103
bce4de21
3e58c5af
bd8f6080
bda9b025
be5fab7a
3c4eaa22
3d805d20
bde788c8
be7a909e
3d0e935f
bd9d5e03
bca8d4e1
3e18028c
3db96875
3e783386
3dfeda5f
bd820666
3dd2c9f5
3e6a892f
3dc151e9
3dc6c607
3e121dbb
3e0761b4
be307121
bd89815b
be373ba7
3e7f9d92
3dba361a
bcdc5c99
3d4c9ca1
3d1ca30d
3e1a3d7e
3cd16594
be03bf15
3df01647
3e92934a
bc60c1cc
3d94d883
bd970811
bda5e2c2
3d7b6820
3b237356
3dcbef04
bd1778e1
bda6f087
bda6384b
3d0c24f1
3d45ceca
bd90d7f4
bd74ba32
bcd4bcbe
3db266c8
3ca42cb6
bdd086c2
bd8accd1
3cd4a5b3
bd6e9ece
3d31d646
be07ae8d
3dba3c12
bd3980d2
bd5b3e03
bcba4e4b
3de4291e
bb5973d0
bdc85ffb
be042d78
bdb779e2
be167500
be139474
3cdf06cb
bca8c96e
bdbc8925
bdb66f4f
bd480951
be921616
be95904a
be241f0d
be510c63
bda2982d
bdb81113
bdb54a7d
bd0c4a5b
bdd71bef
3d69d300
bd5c242a
3dc9a1cf
3c72a3fb
be679cbe
bdebe7fa
3bf0539e
be71ad15
3e379ce9
3d334a18
3e1c1644
3e163616
3e114a79
3e295a21
3d1f6bae
3ccaa95d
3db7fe3e
bdaec6af
be21afbe
be8b48d2
bdbe3815
beb182d1
be207f6d
be8a5dd7
bdd8dfca
bb7bff55
be5f7c5b
3c5132b3
3cbc3f87
bd4cb9f9
be08c17a
3e0d0b84
bdbf7a0e
3cb1f5da
3dbbb8d8
3d0c527d
be160082
bcca10f5
bdd89c6d
be7c51d5
3bdbf518
3e21ee95
3d2c4698
3db3c274
3e3b30c9
be2d0d46
3cecacb1
3ddfe530
bdef852d
bd973843
3ddc226f
bb48402f
3e64ceb0
be464c90
bdf1fbc9
bdddd627
bd127c6b
be35535f
be2345d3
be3f0f73
be810e1e
be52a7cf
3e49b3ed
3e47e684
3df334da
3db9293b
3abe78e1
3ddafc89
3dbd854f
3bd959dc
3de0827b
3e13d5d5
3c198ee1
bd344f38
3dee63c2
3c8a85ac
3e414bb8
3e487f33
bcf28a79
3cfeb7f2
3dcafdc5
bcb3b147
3defc1af
be24fa53
be2282f3
3da5cef2
bcadd9f2
bd8436e1
be1c7e25
3db99e14
bd196e9f
3ddf34e6
bd81977d
3e91a708
3dee8d59
be24dd82
3d8feac4
3c8d0792
bd239f60
3e6aab8f
3e516620
3c4a7cb1
bca81c82
bd171d02
3e73775e
3e002d1a
3def5e48
3dfa1e26
bdcb2168
3e0a0252
3c4c45a8
3e67cc38
3e05c8ba
3ca16b87
3dd9c2d5
3d52ea85
bd8a65fe
3db71ea0
be5e441b
3e7506c9
3e10725f
be07397a
3db41c30
bd00fa98
3d1a6304
be7e7727
3db73397
be9ae6a1
be7f9536
be8c427b
be7f9b83
3b84dc6e
bd67f99c
beae32db
3d607a3d
3d82e4b3
3d4d3766
3dabea5f
3da93707
3c70e010
3e1d9fe6
3c50e5bb
3e51ef2d
3e74b090
3ac1faca
bc7150fe
3dad6e45
3d8fbd85
3e4fe0a9
3d03863f
3e034945
3dadee02
3e84f0fa
3d1034ab
3c506c17
bd4c3f34
3df3ced8
bd8d75c2
3ccd4101
bd0c08d5
3e0523d0
3d2593e6
bd3bc76d
be00a9ce
bd3bde34
3e06b80d
3d69bb47
3c2c164b
3de216f1
bdb202b0
be525eca
be7959c8
3d473501
3deb90ca
3cdfaf46
3d8b8871
be90ada0
bcf14c48
bb430411
3df949c5
3dab30ca
3d749226
3db70358
3d276dd2
3e6499cf
3ec297bb
3e3f9498
3e2a963d
3df1b4f9
3e58f7a1
3d5ee5d9
3d929e10
3c6f409d
3df88735
3d1715fe
bd025bc1
3e3289a4
3da95a0b
3e332f33
bde0a0fc
3bfd52ff
3e306504
3de8bf6d
3e435aa8
3dc1e95c
bda04c80
3e122b61
3c435c7c
3e86a174
3e08da90
3d457e4e
3df53dd3
3dcf233b
3e9bd43a
3ee311a8
bc5e195f
3d4f1259
3e86bacf
3e2a493a
3d46d06e
3e7d1b54
bdbb0b15
3e6e13de
3b95325a
bbc48d30
3e57f9fc
bc0527d0
3e03f03c
3d939402
3d27c811
bd57f612
3e808e9f
3cbf7fbe
be4e6238
bdede135
bd70c260
be54a2e3
bdb79465
bdd69cc4
bd8f5e9b
be8e03b4
3d6935c1
3ecbf6ed
3e975df6
3ee07fc6
3e6fcdef
3d4e277d
3ea2c66c
3e863f01
3dc90266
3e88f3ad
bd40059c
bdbbb057
be234326
bd8c8be7
bda7c6bf
be59a0a7
be690880
be5352f0
bdaa1830
bdc52be4
bd50a4e4
bd152aeb
3d9427a0
3dd48904
be395393
3d962200
bd3f3399
3e4562dc
be243ca1
be83942b
be2dfa75
be3667f5
bea94dc1
bde37deb
be93b070
be87aa78
be0eda1b
be5690c3
bca23983
bd677cea
bdd35e4e
3b721547
3c266fe8
be7d444c
be42b951
be92cdd5
3dbb44d1
3e818363
3e6fdbb5
bd282d55
3e3ee832
3dabc5fe
3e585e27
bd6e7cd4
3da37388
3e2bba6e
bd85a82e
3e5feb3f
bc916dff
bde30f9c
3e431b4f
3e048789
3e43be5e
3e703844
be04b9f6
3e1d5c07
3dbe6f97
3e08ff25
3dedb610
3e1d4670
3db60133
3d9e669b
3e516dec
3ed9c863
3e9a5a45
3eab2111
3e83616e
3c927af6
3ddf4f2f
3e8ae15b
3e428d60
3de4b481
3dc0b9a5
bd856a73
be5a27d6
3e4400f2
bdb589c0
3d95481b
bd952883
bdc46a73
3d31e55a
3e22b9f3
3de289b2
bdfa311b
3b49e39d
be0d92a7
3d8e3449
bd657f58
3cafd3b5
be415518
3db1535e
3dbd63b5
3dea9018
bd3b1e42
3da95ba9
bc79f115
3dda307a
3e838dc6
3d0f64db
be258577
bd2b8052
bee10974
bb2a8b84
bd86e622
3c9afda9
be194f4c
be743e4e
be9b7553
bd236415
3e76ad9a
bbd3c378
3e3262bb
3e14e416
3cdf7a20
3dd1e71c
3d9429a4
bdbc0b4b
3db275c1
bc189628
3c850b22
3da293cd
bd8aad5a
bd3782e2
3e1cb7ce
bd50582d
3dfe5c78
bc1467e0
bba712d1
bd3d05a3
3cf0ff1d
be2468cc
bde0a441
3d9b1ff6
bd080ee5
3e50325e
3e024ad9
bdc2b878
3d8798b3
3dca4b22
bc814523
3dbe5c25
bd9c9c25
be072dec
3e1662e1
bc1fba73
3da2ad90
3df67910
3e07a9cf
3e0937bd
3c78d27a
3d54d3e4
bda566c8
bdb3da52
3d08fbe2
3cc25194
3dae6adc
be028d90
bc99544b
3cbc09b7
3e456b2f
3e040ef9
3d8b3496
3d333aec
3e19029d
3e064bb8
3ccde4f9
3dd01e06
3c07d19b
3e04441a
3e36d5e4
3e2053b1
be5bcf35
be0764f3
bd484b52
be08f6b2
be1dcaeb
bd401e98
bcd3a43a
3bd17ee5
bdb10b89
bdf446a8
bdca18da
3c15a3bb
3c22ebca
bd69b515
bb170ad0
bcab5090
bd17375a
3dafd8fb
bd82827b
bdb821d6
3e083588
be00142a
bd00f48e
3d718583
3dbe6293
bd05208e
3e3ba36c
bdebf02e
3df1ede1
bddfaf98
bd68397a
bd20fe53
bb1e2250
bdf5f53b
3e0cc087
bd845276
b9148aa0
bde7f20c
bc2fcd2e
3d9cdcec
be136d02
bd062f0a
3d8ea0d9
3db90890
3dbd0d50
be19fd99
bda48273
bd6189da
bdfa0e59
bceb96fd
bc3a8005
3c9887e1
bd847985
3d92d7b1
3d83471d
3daed594
3cc17100
3ccf0005
3a031a90
3dfe0d3f
bd8bfacd
3dac1cd7
bd46ea30
3d4f6623
3e1b50b8
3d36d4a7
3e0b271c
bd5bde88
3d915090
3cec3ab3
bd6b919c
3d7705c1
bc9333c8
bdb71632
3e0bc330
bdb3cde1
3dde8c03
bdc00df4
be17b83e
3ccf9ea9
bd99783c
bb3b49f2
3cafec01
bd58354a
3bef8dbf
3d694fcb
3e11340b
3d9c51fe
bcf60ee3
3dbfed9f
3d5b9857
3cf8939c
3d98ea3f
be030507
be142ca2
bdca5092
3e2a025a
3de9155a
3e14c6b9
3da0ca7a
3b8b153c
3e0bc5b9
3d9932be
bd099314
3e518143
3e81f7e1
3dcb0fc9
3dafb256
bc1a7c6b
bcd5f4fe
bda49e7e
3d19ea4a
3cd3ba9d
3d7697d3
bdb27088
3c80682a
bd4d9c07
bca59cbc
bd61eb50
bcaa3dfd
bd89ebda
ba31631e
bce7b369
bdd48583
3e08931a
bd9702fb
bd49d66c
3d687cd0
bd9cebcc
3d169d85
3dfec096
3d232074
bcecaaf9
3d8aa936
3d84792e
bd8fa33c
3ddef8b2
3d5bad7c
bdb052cf
3d45cb61
bcd1e45e
bba040a6
bd456274
3db5d8b4
3c84568b
bcff77df
bd6c9487
bd483671
3d9d69ff
bd1990f3
3d3ce12b
3d5999ae
bdc7b39b
bdda4cf1
bd9d5dd1
be027a85
3dcc6ad5
bc6fd67c
be21b32f
bda39aac
3c874a17
bce8aa9a
3d02ae90
3d2536c5
3dd96dd3
3dc08d06
3e0aef03
3da90a6d
3c0b5302
3c8e0ab5
bd403ccf
bb2a8a5b
be239266
be33bed5
bda95016
be4d47aa
be115ad2
be2e94a8
be16bc9f
bd9858e3
bdaf2c40
bca86490
bd12534c
be118fc2
be228c6b
bdbd40e5
bc9560ba
bda35e17
3b09ca68
3e078cc9
3c19ef2d
3e74c27f
3d7a2912
3defac30
bcb5684e
3e014c8a
3c9ca967
3e071a5b
3d5c33b0
bd100d80
3e2d4765
bd132df0
bd7cda98
bcf21d79
3e567208
3dc80f9e
3e5bae74
be09f294
bd39eb7f
bdffdbff
bbab3f93
bcfd173e
3cc2e94e
be05788e
bdeb3578
bdc54091
3e2c5443
3dd04c6d
3d6da5c8
3c5d0ad6
3d60b78a
3dd9fadf
3e4fa6f6
3e07650e
3e412490
3dfa7bd9
3c92ba18
3cb4662e
3ddafaa3
bbbf871a
3cebd30e
3d18b8de
bd4692d7
3e5a83da
bd6cfec9
be01692d
3da1f60c
3e07bfb0
3d9eefa2
bd0968c3
bd1e8d38
bdd1da4c
bcade57d
3d29c60b
3e3bba6d
3dd561a8
3c76644f
3eaf9fa6
3e83e870
bb62fe81
3e38ab6e
bdbca07f
be286892
bd852d25
3d91a581
3d995088
3c54743a
3e39a665
3caddb7d
3e7dc4a7
3e0b7cf5
3de39d1a
3d7030c2
3bf785e6
3d86d08a
3e1f5abc
3da97dfb
3ca7dbf6
bdd68ff1
3e0f56d7
3dc57784
3dd76300
be529fc2
3dde5326
bbac90b4
be0edb2d
3cfcddf3
bdc640cb
be60dcb7
3ce02fcf
3d5e4995
be9bb65a
be9404ba
be830780
be2b0671
be0aa4e3
be11b73f
bd8bcb11
3e1f5d71
3c72f660
3dea7d43
3e807851
3e25ec45
3d4795fc
3cd779f3
bd4bf043
3e40c56e
3e1b8d12
bd988761
3e0bbda4
3de7ed3e
3e4997f2
bd9b05bd
3db4ac9e
3d89ec27
bdc43174
3e1b5ec1
3e2b3556
3ca966ca
3e390404
3d89f40a
3cfb2491
bd9033ae
bd63eb8b
bde48774
3cdca648
3d7e2d4d
bd8e6336
bd85a768
be078df4
be079f52
bd9252c5
3d8a681a
bd17e6a6
beac1057
bd06fc7a
be8a9fe4
bd2b8652
3b2538fd
be025068
3c8c26d7
be9b3d90
3ca4d3f9
bc2add6e
3abf3355
3e8929af
3e7b9b7c
bc474310
3de8ad68
3eb30a93
bc296c9e
3e90d77d
3dcece9c
3cdda45a
3e815a03
3ea14b7c
3cd68dd2
3dc7612f
3e7888d1
3d87d0cb
3dc01fe3
3db6c67c
3d34aca5
3c7bfed4
3d4b7c45
3e551dfc
bd4f6bbb
bdb4f798
3da8685a
3dec19b1
3e94d495
3e0b067b
3e4aad90
3d1a5d98
3e31e581
3eb2da3f
3eb19659
3e7d7a11
3e82b531
bcaf34a0
3d810ae8
3e6c08c5
3d93172b
bd2567aa
3dd36b71
bbb56e9a
3e8aa1f7
3e667a68
3e05a6d5
3dbbfe6f
bd70bf16
3e811fef
3e6b92db
3e273707
3dd40cf7
bd764d03
3e7298c2
be83201b
bb9de0db
bc80b37b
be2e7b37
3e085498
be4ee753
bc571db9
be56e27d
3d5460fe
3e96f0a3
3e7d7164
3e85abc8
3e677d8f
3d8d331c
3ecb09f5
3e4d2541
3e1d712d
3e62cfb7
bdac7366
bd4e86cd
be5d1afc
be233fa8
bd891456
bdd8393f
be6d0d78
be230e55
be2992d2
bd8a6f4c
be1f7480
3e0ffaf0
3e0bab29
bb96ecaa
3cf225b6
bda820d2
3e250aaf
bd3f1228
be567e20
be4f361f
be68d78f
be387bf9
be53efd9
be8dc5cc
bea21f63
beaef587
be31a07e
be8243a1
bd9e13c2
be550c46
be138a40
bdc884fa
be26770b
be8bc69f
be121818
be496574
3e12d996
3e6ab73d
3e56b31f
3d1ac422
3d253c6b
3e36e73f
3e4834db
3e196964
3e693198
3c765bc7
3e351658
3e18db27
3e16d9c0
bb89927e
3ddebc6e
bd03eb8b
3e0616d9
3dfc15b9
3dd4aba3
3b82761a
bd11fe37
3e5e18ff
3e37c1ff
3e4b8d6b
3e67e4e7
3d9ee149
3e838e87
3e66fbdf
3e98b94e
3d9f350d
3e721f9c
3e13cab8
3e0f263f
3eae5c20
3e741ff3
3e946956
bd2bba9f
3dc222d2
be2d31ce
bc293771
3d835281
be1dd559
3de6f369
ba8a51df
bd7821c4
3dbc8e3e
3ddda9ea
3e0f1dda
be39f440
3d209ff4
3d25a7a4
be4d227a
3e4f01e8
3e144e93
3deef73a
3e01babc
3dfbda26
bd492d02
3d68a5cc
3b8673e4
3dbb6574
3e052c3d
3e202231
bde26c0a
be42a275
be7957d9
bdac3589
bddeec3d
be9acbb8
be0acdd0
bdfec8f0
be1e9548
3c776cf6
3c9bbd61
be2cc1a8
3e054d60
3e550684
3dfbf667
bd03724b
3ce9419a
bdc2c25f
3d638ec2
3de56d33
bc01fd71
3e59618d
bd81530b
bcccda08
3cb02c2f
3d552d99
3e102895
3d20e80b
3e709246
be5e842e
3c6202d8
3de5b528
bdca484b
be39904e
3e50e58b
3d14d2e5
3dd0848c
bdb5fcec
bdda2e45
3d084f7c
3cad9a64
3e81e68d
bdad48dd
3daffb73
bd65e402
bd7d4e20
3cc177ac
bdd00117
3da6dc71
3dc06177
3e2da2b3
3e5bac5a
3c80e144
3b8fb1e4
bd6a250e
3e49d5f4
3e571880
bc17f905
3e5b31a4
bdf65361
3dda0b14
3d7518ae
3dbea7af
be53bc26
bdcaad7f
bd62a91a
be8fb504
bdfba8f4
be6f3f5e
bded7d11
3d9d1664
3d74433c
3d035e88
3e3549eb
bdc5f060
3dbb8062
3dc70146
3d54995b
bcff11c5
3c9ba197
3dc99e6f
3defea77
3df92bf4
3e2d551d
bd1984da
3df85961
3d506fe2
3e3c5d9e
3e05a51a
3e5a0009
3e62bd93
bceec2dc
3cf138fd
3e453ecf
3e1be846
bdf31309
3e6b2320
bd602681
3dd3da6f
bc14597d
be447bb6
be26ed98
bac0035a
3bbdd962
bccad93d
bd155c07
3bbba5ba
bce98abf
bc52996d
be476547
be841a94
bd71e32f
be693a87
3da4dbe5
3dde3406
bd638449
be4b52fe
3dcd7f65
bb6138cf
3e8c1011
3e3061fd
3dd27b6f
bce52fa3
3e4804c1
3d0e476b
3d609ed7
3e8218b8
3e5ad97d
3dc17f28
3e7f81dc
3e11b1d1
3e36dc2b
3e9600fe
3e527453
3d79f29a
3e001eed
3e4b2f03
3dd6f391
3dfbbb1a
3d836a9f
bd219f40
be51357a
3e22bb98
bdbe261b
3e929164
3e72c80e
3dd37141
3e47ace9
3e31c4ee
3e455f6b
3e981b4b
3df87bb5
3e80220f
3d1de6c8
3e6beae0
bc2bb306
3da0be5e
bd9bfc9c
3e8b40f9
3dee87d0
3c9fd879
3e79397b
bde31b58
3d0960a7
be2876ad
bd0100ee
3ea581f9
3dba9292
bc84214e
3dd4db57
3e99ea9b
bdfefd28
bdc27fcf
3dd9b660
3e187d70
3dd13ace
be51e7f9
3d8be758
bce9f05b
bda46499
3ea16113
3e9f8bdc
3e52b6e3
3e2e4d81
3e165f77
3e1395f0
3e091f66
3d8a0d0d
3ed655c4
be1aa71b
bdc90293
be32bc34
be095ea4
bd7a81df
bea0c96e
be27914e
bd8eadd4
be722c1f
3c400c17
3ddafe47
3e12008a
bd0ced8b
3dd632cc
be3562ee
3e4bac8a
bd128fd0
3dde78dd
be16aebc
be842b36
bec9ab85
be61c710
be7cb38e
be458891
be94f54e
be93df8f
be8f741c
be5310ef
bdf94732
be437918
be8658fa
be49271e
be93a67f
be9a5e62
be9b5f84
beab3bfc
3dbd7e31
3ccca52e
3e4f9aa6
3e06bcfa
3c8cad46
3e20118b
3e6fe8f0
3d85749f
3e2d916e
3e6a69ff
3db4104d
3eaa8c9d
3e711bf9
3d41b25c
3e16e5ec
3e2af481
3cd5229d
3e05900a
bb75233b
3e4b00c8
3b1557d8
3e1c3e55
3e37dc1c
3eb5cb76
3da4bb13
3e22bb44
3e58dfa9
3e95974c
3ea5527f
3e6889bc
3eb3379b
3d744dae
3e137a54
3e16e85c
3eba155a
3e988345
3e101fa4
3db406fe
3dac52ca
bdd88a28
3d8d6da9
3e040b46
3e286d0a
be8915d5
bce7e834
3e7011b8
3ca5a8a5
bd8590b9
bde85e5e
3e1bc59b
3e3e398a
bdebf740
3d706152
3de450a7
3e190610
3caa821d
3de6dfc0
bd5e75b0
3c1f2c28
bd438e1a
bd6d3104
3e0d10f7
3cbaeed6
be91a184
bd7309df
be873b09
be2feeb9
3bd8494c
3ce6ecca
be92643f
be6f35d2
be89ddc7
3d865162
be2c294b
be329432
3df33d93
bc8841fd
3e004fc6
bddc9c8d
be07ac0f
be0be255
3d3980c2
bd6c945e
3cc17d33
bd07355d
3d69b7b2
3e0cbbf8
3e2ae026
3c5f8406
3ddcd662
3ddb6557
3daa8294
bd1d2a64
3e5c7f2e
3e07bb5a
3d52d8ae
3dd05fad
3e428766
3c94a9b0
3d51f57e
bc43502d
3bc8b412
3b0c6d54
be1a4d2c
3d42f2e0
3ddf8882
39084ff3
bdc62282
3da1c81d
3c9e559a
3d7e55af
3d64f45c
3e000cdc
3c70470b
bd01d922
3d406684
bd4015b3
bcb428a1
bd848644
bd5fc8f4
3dd739ef
bcf08ca4
bd5be6a8
bd83b122
3bb0a759
3e26ae72
bd11c1b5
3d021faa
3dc22ba9
3d89830f
bd76f9f7
3de2b258
3e1e3a0e
3e2d30a3
3e4bcbb6
bdf1f5fc
bdaeb5cf
bda678af
bd8cd31e
bdb8e9fb
bb8e92ad
3d79cc60
3b690467
bd0efa27
be3faa4b
bdc2aab6
be176c42
bd2c7197
bd71ea55
bd40ee4f
bda9bc3f
3ce51ba8
bdbff6e7
bdc6314f
3d66b4a9
3d79dabb
bd6545a7
bd7c0de6
3c889ab6
bb1419fc
bce95a56
3d017130
bd682260
bce8b4bc
bd8f26a3
bdbebea6
3c903522
bd8adfd0
3bfbdd17
bceb1d31
bbb23064
bd003c5a
bd30c9b5
3da1648a
bd5f70de
3d98eb2c
3ded9596
3d22fd06
bd9b712d
3def5c08
be16040e
3c326e3a
3d27ae78
3c36b79b
3db3a362
bd4c6fc3
3c1b0949
bdd386d5
3c894f87
bd4d50f3
3d64aaf8
bbfb64ca
bc1e8742
3dd3962f
3d6fb59e
bcf3558e
3d436f09
3d70e394
3d31155b
3df93cf4
3e761f49
bc9df485
bd3a8529
3d234032
3d742c73
bd5766eb
3da3b74a
3d631dec
3d1d28e6
3d61f86f
3de571b0
3cfd8573
3e0a266f
bc81d6e0
3d35e343
3da1905b
be1f90d3
bc9e2c5a
3d84bf2e
3d77801a
bd8409b3
bc2ac890
3c663a7f
3d348124
3d517c95
3dc8e3a4
3d6d63fd
3d8c9a7c
bcb6cc9e
bd63a9bc
3d9b1056
3d736c7c
3d8694d4
3df8a00b
3d8190ee
3db64b29
3e35738b
3d1877e5
bc4ae747
3d70054c
3e2cd5da
bbb85ad8
3e7dc256
bd6ffe25
3d747178
3c28267c
bdb55b2f
3d8c7e5a
3d8e4b9d
bc9d8667
3d8ab32a
3d3f47af
bdc611fd
3d0bfbfb
bd91c20f
bdfbb1cb
bd448cd2
3c0e5e89
bd6a411b
3d6bd305
3d864c4c
3c92f52e
3c80d22a
3df9131b
3d52fd59
3de8048c
bbca977d
3dac1226
bce7f1f4
bc999288
bd13fe96
3d3a141c
3d8fa459
ba1ac7f0
bd654c3e
3d9e2dd3
3c600cc3
bd199498
bce95d37
3cd45fb6
3cbdd2d2
3c7e58c3
bc24b8a1
39b98467
3dca862f
3d6ed843
3ca824a9
3dba8953
bbb43d59
3c8a3e73
bcf59b8b
3dd6a7b4
3ad600fa
bd8e4fc6
bdc32ea7
bdb65aa2
bd5a4dad
3cd4c1d2
bd67cdbc
3b60921a
bbec0956
3e16cf91
bd121100
bd3b7438
bd45ebaf
bd46a38b
be05139a
bd999b09
be43c09a
be00ffd0
bdab26db
bddad81e
bc8651db
bdbec6bc
bde96585
bd823fcd
bde21e39
bd2c5e06
be303945
bd22b856
bcad57d3
be08a756
bd95e522
bdf88799
bc8c8488
3d12ed50
3deaeee6
bd99b4bd
bdc181d7
3e2c9fe4
3de604fe
3dac91aa
3e3c340a
3e031d01
bcbd926b
3dfa18e2
3d0e3900
3d2592b6
bbb28f71
3dd710a4
3c4444a8
3e364565
bd8cd828
bde54e90
bd076aad
3b942a32
3c84469f
3cebf194
be175b3b
bcb1bd64
bd85569b
3dd07262
3dfe19fc
3dadc939
3d9139a6
bcbcc65d
3c8db5b2
3e024102
3e138eb3
3d8ceca3
3d004b54
3dbc4d2d
3d82ddfe
3d6ff18b
3d971f1f
3dc266f9
3e3488ec
3cee2384
3e45beb2
3da1c794
bcc666bd
3d9b7cb3
bddfcbab
3c297581
3e3a9671
3e001244
bdff2738
3dfe54b0
bd38fcd5
be39af19
3d9992bc
bc8707fb
be164667
bda89492
bd9abb4c
3de03b80
3e1aef93
bd5e9336
bdbdf086
3d8addc6
bdf38fc5
bd97a848
3ddaf6c8
3cb9e127
be2acc14
3e07550f
3e257777
3caaf4ba
3bd3ad9b
3aa59c86
bd612dea
3e1908dd
3cacd62d
bcd566f5
3ddca319
bc1df206
3d186647
3e3d6d61
3e1a36ea
3d878c07
bda023bd
3e16edbd
bd00bad1
3da765a8
3c2cc437
3e0146d7
3e0b7657
bd057e6b
3e204874
3e6a1f61
3e47b447
3e8f6392
3df831ef
3c7bcdc4
bd412762
bde91248
3ccad297
bda48492
bd8d84a5
bd2be964
be122cdd
bcfb2750
3e19568d
3bad6fcf
3df6d4ac
3e40d5b3
3df0fc12
3e7a7714
3e2fb57c
3e05cbcf
3e6abfb2
bd83629a
be4ef873
be2f4a5e
be29c0a0
bce78365
be0fa161
bbc5bf79
bd07a761
bd57a3ff
3b87ac23
bd071b36
3dbb0473
3aa9a512
3ddbefd2
bc350329
bdb8e361
3d604b51
3c7eee58
3e186942
3dd882f4
3dcb2483
3dee7e05
3dc78f42
3e29a03e
3e0da646
3db1f7d4
3e580722
be4370b7
bcab1977
3dd810a4
be0ab4a7
bda37164
3ce98833
bd9acc98
bc9b1b76
3e0f3b0e
3d9a9809
3da3cfa8
3ddad244
3e1fa347
3e4e4e60
3e274771
3e298863
3e6d67b0
3dc8e444
3def9162
3dd04b6c
3e88dc7b
3ddcb130
bd415a8c
3dbea44c
3e0148e5
3dbf3313
3e39d7a1
bd621015
bd247286
bdbaf6e3
be0c515f
3d1f65a1
3da5a63f
be2dda8c
bd227da1
bdd59930
3df5e36a
3d3034ed
3d1e6ab3
3e25f320
bd52bdf0
3dce3ca0
bd449b9a
bd2b6ba9
3df76cc1
3e43a48c
3dcd2eba
bdb0a9e9
3dd98299
bd91ee99
3d1762c8
3daa7fb2
bd90397d
bd7ffafd
3e0cad38
3e73d4c3
3d6311a1
3e3dd012
bdaeb862
3e13116d
3e94da35
3e442861
3e6e0f23
bcb0e1a9
3db1962d
3e026210
3d73e037
bccf39da
3d3d0a91
bd1cfb7f
3d8a31aa
3bb96b47
bdf0f7ae
be005777
be0822c0
bd13711d
3cd71121
bdade1b3
bdd5b457
bdf95cfe
bc46bd46
3e314937
3ca5c405
3dbd378d
3e5e451a
3de7b729
bce2524b
3da23513
3d8d1a5d
3d70782d
bd2c7f1d
be055d94
3bb7b074
bd581696
bdbc1be4
bbea6587
3d26b9d6
bcb0ca11
3d2d0083
bdc06290
be84bb22
be2de18a
bcc06e7c
bc67cd80
be131408
bda479be
bd924436
bde68a34
bda483b1
3d7ff624
bdc752e2
bd4288d6
3bdcd3f0
bc8b75a3
bdd4ad35
bd2bf461
be2a2262
3e04b304
3dd3a471
b97bb0c5
3d31305f
3e1cca1f
3d6bd795
3e04f4f9
3c057110
ba545ee3
bdd9eaa6
bce33748
bdf8f3b1
be13c16d
be0b488c
be395167
be3db896
bdd114ef
3d4d5cb9
bd941feb
be033e0b
bc36cb5a
3ddbf5e5
3cde3b58
3b8e83eb
3d0ed8bf
3d60805b
3e6a687f
3d8467ba
bc0913a8
3d32c7cc
3d8a8681
be2cd10e
bd2005bb
3c47320b
bdb3307d
3ca454fb
bd072ada
bd94ec94
3e8f1eff
3dbed15c
bd602ca4
bd5ec9b7
3e4b9f6e
3cfc9d04
bc12582b
be194eb3
bdb8966d
bd0cc782
be006f0c
be0b22f1
bdb33bb5
be75a579
be49633d
be4d1ea6
3e13e2b0
3cb2b168
3df9e87c
3df3ed7b
3dddfe0a
bd6f84d9
3e086001
3daed152
3d83112e
3baa3ef2
bd5215e0
3e77ee1f
3deda3b0
be2061cb
bc2d0364
3cc85185
3e101014
3e189496
bc999b4b
be2b7f18
3dc35236
3d55fe64
bd774c3a
3bab2d50
3d8c3bb2
bc42db12
bdb09004
3caed73d
3bc3bddd
3e3e41a3
3df519ef
3e039475
3e8767dd
3d6c5ddd
3db4006f
3d884a92
3d174c63
be5d735f
be190a37
be5c6512
bd4a7816
be255719
be3af4a5
3e4eae78
3da48ceb
3d3e5d0a
3c5a0a84
bd0b4b79
3d85a110
be359208
3e3c7258
3e02f3dd
bc836cc1
3e3a413d
bdb9367d
bcc3946a
bdfba07a
bdcf7028
3d1230b6
3d353867
bd1bda66
bd80cb20
bd6cb523
be891610
3c67bbbc
bdbcc2a2
bd89b0d8
3bf0aa18
bd131b66
bd209266
bd96a138
be86c489
3e41243a
3e4ffffe
3e9cffbe
3e257c17
3dfcde34
3e56ad6c
3e079322
3e2aa33a
3ea55d2f
be983c01
be9b0b81
be8ae7bc
be8cd0f6
be846598
be902e52
be9ae0d1
bebb2ca5
bec93f1c
3da6715e
be3365f0
be304e59
be3b4bea
3deb83c9
3dd246c9
be3153d5
bd15fbd1
3bc06c87
3e2042c7
bba6bbf6
3db91709
3dfaabc4
3e161bb5
3e1de77b
3ea42609
3e35c903
3e4fcea1
be8933f6
be03ae7c
bde6930c
bd9f494d
bdedec49
3d9b6650
bda0e5af
3c515166
be28c395
be223e24
bc2404d1
be11b29d
bdcbfaab
bdb4922b
bde60179
bc14c3cc
bdb885e4
bd583f53
bed702b2
bdf2087a
be96b5f0
be417c2f
be44e978
be56bc39
be8ce2f2
bda9b8af
bdf997ec
3d494b19
3c95748e
3dc856a0
3c4133ec
3d8b31eb
3db430f7
bd97c6d4
bc838b44
3e3b9ce9
be373660
be0d6554
3c7d2270
be538d71
bde5b75f
bd87957c
3d8b01e5
be2dff1b
bdef3c3c
bd9bf705
bd6337c8
be8f3fd9
bdd53f48
be4fffba
be510fb5
be78cfa1
bd83f7bb
beb42639
38d56975
be0d5e19
bca47081
3cc2f5a9
3cd58ad8
bdc7ffb0
3d85c7de
bdde51fd
bd8d2ded
be327d1d
3e32b5ee
3c710c62
bdb9a45e
3e4c45de
3db3e504
3e37e5ad
3e0d0f5e
3e24a9b1
be47bc18
be1e47e0
be007ade
bd5a8a38
bd58aa44
bd3a54aa
be2a7e18
bdfbe298
bd93bdc5
3eaa7780
3e61fc03
3e6cf7ba
3e6bdf1a
3d87ccc0
3e9a3b8d
3e73bb66
3e78b734
3ea55ebc
3e0cce75
3d18a55c
3d33a7fe
3e1e252e
3e4fe698
bdb037a5
3df1fef4
3dfce4e4
3dca22a4
3e82450c
3e1459d0
3e6178d9
3e0df981
3e5c5d03
3e7b7f15
3e86e663
3e70eb39
3e88315a
3e93604c
3e8f59d6
3e402222
3e7df455
3e24b0c1
3e464a65
3eedc89e
3eb7840f
3ed2ddce
bbfb051d
bd2f1924
3e42cbf9
bcf903c8
bc0d3759
3dad4d8f
bd1bc488
3cae5b00
bbef7ed9
bdc2690a
be095dbf
bb62c4ef
bdb8faa7
3d4e1235
3d04c8b7
be774f75
3ca32b76
bdef8a92
bdeb247e
be716ab0
bcb626ac
be2263b0
bcc63dac
bdf036b3
bd926d8a
be270101
be6a92e9
be1983fb
bda307db
be3a09a3
bdb24eb2
be31af9c
bdf734db
be83b3dc
3d2e0c4f
be47ac47
bdf2e585
3e4ee7fd
bcab3d47
bc758fb0
be025287
3df878ba
3e19c53b
3cb46119
bd9ad4fa
bcfcf1ef
be838ac1
be8618db
be5107ed
bd804eba
be5f45a8
be3d01a9
3cd690b5
be19e1f5
3db3d95b
3e5294e6
3e38e3a4
3dc1db42
3ddcd3f2
3cb736ed
3df0c6db
3d8ec322
3dc524e9
bdaa0193
be3de6de
be4286db
be1c6cd9
be1bef44
be0c40c3
be180780
bce7e4ee
3d805012
3e862449
3e74f62e
3e7e9a28
3e48db90
3c619b92
bd0ef502
3e057541
bdaa657e
bdcf30af
be25b573
3d2410ea
3c4c96c1
3da18992
bdddd1be
3bdeb350
bcdbe22c
bdb4c04c
3ddd0c5e
bc0c0c0b
3e0cbe82
3dc90096
3e66b559
bd0cef64
3e5c6f85
3e0f8106
3cdb0291
3e00f155
be3b66e9
3b2d2ecb
bdd038a5
bdac917e
bc8bb968
bd1cc3cb
bd9636ed
3e4b7604
3c8ba765
3e04f710
bd507392
3d4ee176
bde793a4
3d55da29
bd28c9c0
3d3249b6
3d956b71
3d8927ec
3d92ede1
be084b3b
bdb0079f
3de1e538
bd83c0a3
bcbdb827
3d4e73ff
bd9514d4
3d1fc05c
bddc3f0a
be41e76e
bc6d5ed6
bdf42725
bd815a6b
be1dbe17
3aacee37
be3bfd25
bc39ebb3
3e28822a
3e077f3f
3e990b4f
3da17056
3e3dcd61
3dfcb4bf
3e750c8c
3e608399
3eb8e423
be806a7a
be5a34a3
be3bb3fa
be3f7d21
bdf92259
be0b26df
be3f7b53
beab1115
bef59de0
3ced253c
bd3e502f
be289a2c
bdc492a1
3d1b4bb5
3d355a50
bdb1adba
3d9eb642
bc949059
3e37c64d
3dd80df1
3e71dc5a
3d908d63
bc666158
3df62421
3e838159
3e8842fb
3e722e2d
bea353a3
3d2bb36d
bcdfef15
bd1726fc
bd9fe02d
3d8a29b4
3b435d4c
be2c1215
be6b08f7
bdd0f50d
be2f4fd0
bd63a6d3
bcd99883
bd73a3f4
bda83162
bd4bbc0d
3d9c5ffd
3d2c7541
bec1b290
bde42e97
be163083
be1489f8
be1ed002
bdbe18ea
be381252
bdf66976
be1741d5
be2ca807
3e4596d1
3c74eb08
3e215584
3df5f75f
3dae8513
3c8e3fa1
3e1e09e4
3e2679ba
bdbd458f
bdaf3e10
bdeadf94
be079d2d
be2067c5
bd3e1456
be06b219
3c845113
bc89d4d9
bd4da33c
bdd39c62
be16af91
bb77e251
be3ed4aa
bdbd8ce7
be616d50
bd282c0f
beb65054
bd5563fc
bdc50e85
bd726722
3e123961
be2ace94
3d874cb5
bdcf94e8
3e58428f
3c5d3a05
3c49284b
3e220a50
3e25678a
3d07222b
3d0f4374
3d91c28c
bd293be6
bc401e73
be124c7c
bde9f260
be09ace6
bd65be3b
be39a9d4
3c4bce81
bd7172e7
3c00332d
bd9f2567
bcc03bfb
3e9571b1
3e6511a3
3ea8006b
3e6cc191
3d97c6e1
3e6349e0
3e839b95
3d9be2c4
3e8e7aa2
3d98fef3
3c9546ae
3c3c291e
3d85cef0
bdb4e0a1
bc9fb161
3e27a2d6
bbe7da1a
3e5411fd
3e03dc74
3dfd51c1
3dbba566
3db75549
3df9b65d
3e67206d
3dc257d7
3e3d8878
3e3c2578
3e9b679e
3e70c12d
3de63141
3eabc9f7
3e37aab7
3de0bac9
3eea0ebe
3eb9019a
3e8a5162
bc027082
3b976bc8
3e4d6326
3d056c94
3d6fca09
3e398ea2
bd850897
bd9e6058
3ad9fb19
bda1bb50
be07ce17
bdfdcdc9
bda6052b
3d1e1574
bd6b021a
be2d2731
be0225dc
bbe82ace
bde28469
be8d51bd
bd51ce74
bd9af998
bcbea095
bda1b1ff
bd97942f
3d89e87c
bddc6167
be6189a8
3d5e88ea
be0937d8
be545ad6
be1f0acd
be5b82f7
be0ff351
be5be0d7
bd97d27c
be07c3cb
3db17886
be00cbc3
be5e3b8b
3c80fdd6
be30c9e7
bd5ea0ef
3c3d4beb
3ca264a4
be73eb27
bda7d9d7
be1366f4
bdc7dab9
be01aef1
3d1111fe
bbdbd367
bceae166
3d003120
3e14c72c
3e4d0436
3e56c76f
3d7b8325
3e1bd62b
3c9ff8f9
3e01ed9d
3e3055d1
3e2b2969
bda685d4
be7ef584
bdd3ef10
bcadf411
3c5de4cf
be67ad19
bd7fa527
bc79cb29
bdc5dc08
3dd77f08
3e1ff917
3d852d28
be221889
3e765be4
bdb800c7
bdb482f2
bc870076
bc9a6c06
3d14ead6
bcc1928f
3de8f9fd
bc824bf3
bd0ebefa
bb86ec6a
3bf03358
3dd7608e
bd4bd4de
3d64b4bb
bd401698
bd034dab
3e04e299
3e1318f7
3d0e6ad6
3e537519
3e0db780
3d6ad269
3de3f1e3
3ca769f9
3d4e9d0c
3d9ca730
bdd53e31
3de3bbea
3cae70d6
bcb41c44
3d9f65d6
3e003ad7
3e01a557
3e039eb5
3da456af
3d01855c
bb735f21
3cabec32
bd12e831
3d08218f
bd07efb4
bd06d232
3e0c7e6e
3dc1b9bb
bddd2356
3df9607d
3dfc399c
3e161d01
3e588913
3d6c54be
3c64e0a1
3ce59ad0
3d5771f4
3dd5eb85
3dc9f433
3d965476
3d1c0eb5
3df7dc4a
bd7b99f7
bd1cab6b
bd6a0b91
bdebc9e0
bd5c25cf
bd16d031
bb0b4546
3b35f8ce
bd829137
bd6827ac
bac48573
bdc9ab10
bd03ec14
3d1af325
bdfafb39
bd608d1b
bd704986
3d71309d
3c298be1
be283288
3cbf9f74
3bcd068e
bd3365c9
bd93d4f4
ba5f53a9
3c8c7754
3e11ab70
bdd22b12
3d45f2d8
bde63f5f
bd917ddc
bd2c9187
3ccc9672
bdc7fbde
3d9562e3
bd7cd61f
bd1c3c3c
3c6a1024
3e30b296
bb98b2a2
3d1befd1
bc46f93c
3d7fb01a
3c12436b
3d36aa0e
be406713
3ba7119b
bd63819d
bd3ad2f6
3af44d14
bc3a35e0
bbdc831f
3d058457
3d3f6ed7
3d5f4527
3d6879a8
bcacfd44
3d994160
bcf0e45d
3da3d688
3d6050ab
3db0d508
3db36369
3e20efd5
3d8da30f
3daa5dff
3cbc1a4d
3c8fe7ce
3e051420
3dc867e9
3db82a85
3e6e1d3b
bd592224
3d221904
3d7c911f
3d9f1266
3c6512e9
3dce6527
bd8c952f
bb6aca54
bd4fe7cc
bb67df3f
bd5ce7f3
3d263b61
bd35fe5b
bd82f92d
3db5cda9
3d25bcf3
3d7943d6
3db66488
bce0b7ed
3cd17e84
3d857a63
bdae17ad
bd04cc79
bd47de8f
3cf98851
bd555984
3a896fd8
3cf0cda6
3cc114da
3e4a17b8
3dd433d0
3daf803f
3e259fe1
3e552826
3d133d73
3e3a5c19
bd8d4dcf
3c15a9f6
3b947fc2
bcfa73f0
3c04ec6b
bca66c6c
bd93a21a
3d725d7a
3c35b417
bde4f870
bd8b3f91
3d0c6dd1
bd3ce505
3cc0c4da
bd11bed3
3c7b4608
3d724f18
3d57b118
bd5c458b
bb701577
bcaf564b
bd2614da
3af8dffb
3d9349bf
3d2cc443
3c8122e3
3d712f4c
bca765ee
3d16573c
3ce01a34
bd509072
3c6f0e2d
bc4d7135
bd9cd8f1
3c44ac86
bc9d4264
bd30240b
bd7d0fbd
bda4a9cf
3d898a90
3cd15068
bc8fb1ad
3ddba171
3d7187ba
bc7ff247
3ca4f50d
bcaa8d8d
3c557301
3db03317
3d91f23a
bba300c1
3c5f204d
bcb629fd
be3391f0
bd9d2b70
3de92ad5
3d304508
3d8fd161
3d5e45e8
bc9af284
bd11f99f
bc65a6a3
3d20bdcb
bd778d54
bde6bad4
be40d9e8
be0738a9
be026040
bddb88fb
bd1ba673
bdb11868
bd9018bb
bdf2e700
bdbc39e7
bc433898
bcb2b506
bdb3cb71
3ce77599
bd9d8da7
bab5a5be
bd9f81ca
bd89faf7
bdc57956
3c576fe1
3d2384f1
3d19399e
3db4ed77
3c5a9005
3be01f69
3ccb9111
3e091f4f
3d1182da
3c39ccd2
3d8f435d
bd438be7
bcb75079
3de3f262
bcef0159
3e2f3fea
bd633309
bd1e805b
bdc3c2c8
bdc13cf6
bd305d52
3c36aa71
be0a76f2
bddf3f82
bd28864f
3df878d8
3c0cbb3b
3d24f9b5
3e392df3
3e167faf
3dd73f7d
3dd68420
3e293bc8
3e3b7c9d
3e3189e9
3df7006b
3e3fe406
bc9d94dc
3c677b63
3d28cccd
3d479f6e
3cd821d5
3d59e248
3d4bac8b
3d26b72b
be31d9d8
3e1501f9
bdec1098
3e1be4dd
bdd99c71
bd2242d1
3c977d9f
be6dab9f
3e066dbe
bd81c1a4
3d599dad
3e6b9b92
3e0be833
3db8b3af
3e44d8e3
bdb90b2c
3e047067
3e8beea6
3d2be4ce
3e24c5ef
3e3205e2
3e65e5ed
bce5dd80
3db4dc15
bd36fc33
3dc803de
3e15431e
3e10822e
bc8eb482
bdadca68
bdb00107
3dc76356
3d77f18d
3dd894e2
3e0a03a8
be0bea36
3e17fc2a
bd9acae0
3cd4df44
bc232f9f
3d492cca
be316008
3d8d43af
bdb22dc0
be091c34
be07e6fa
be03a2cc
be5969ac
be842d41
be43b0a6
be9d35d9
bd8cc99d
3e40c010
3cb09fae
3e100f9c
3dbd308d
3d7ff7d1
3e2a8a29
3df09bb9
3e92fc6c
3e00b5f5
3e0314e2
3d671c88
3c881d77
bda2e391
bda1b01d
3b9e0add
3cc26da9
3de9ce9d
3c5c0f1d
3e19a519
3e514f85
3db492f9
bd022249
3be22d30
bc19c617
3e122a93
3d0b90f7
3d0d3768
3d6a8482
bc912635
bdddc4a0
3cfb9f1f
bd753aeb
bd4b85ca
3c9dd7e3
bd25fd71
3e10fc42
be833a01
bdc235b0
bd3a2c02
bdffed6a
3d3b092e
be46694b
bcbdb2bf
bc21d9bb
be1dc2be
3d9c3438
bde4c01b
3ce3fc26
3e4a0786
3e262725
3d2349b9
3e8dd138
bc9cde5b
3e40efd6
bd63061e
3dc3cb05
3e842fb0
bd4d4487
bdb7e87e
3e708498
3e275f3b
3ddace94
3d0ac4d1
3d30fc15
3e87f632
3dd05b93
3e4a35be
3ddfeb0e
3dba0a10
3e2e1eb0
3d86775c
3d20181f
3d6ccc81
3ddaa505
3e5e2b74
3cefc052
3e6c75e4
3e953c1d
3eaac6a7
3e612bb6
3e2cf2f1
bd3dd131
3e5b9d61
3e62b289
bb93f992
3ddbd5d2
bc31a1a7
3dc76f82
3e3d6403
bd27ebb9
bc8c54d4
3dcfc683
3b83d023
3dc3967e
3dfcd688
3e5cee57
3e689c49
3d15ad3e
3e3e4ce2
be5719e2
be0c1732
be8e5360
be0b2c3e
3e5344cf
bcacc6ee
bd9d5d52
3d4b885a
be0a7858
3e7dcf67
3e7895af
3e225b1a
3ea303d8
3d8bc91b
3e4bc822
3e955018
3e34c6fc
3eb46beb
3d164843
bd85356d
bba0d131
bcf1c045
be275f62
bcca6d3b
bd76d3d6
3c056fe4
be611f3a
3df8564e
be398ea8
3e0a5b3e
bdec4915
3df8cf07
3d7b6016
bddd9c59
be07a0ea
bdd4598d
be8e16bf
be30fe00
bdf36610
beaaeae5
bdf12874
be382a74
3d485c9a
be441b51
bd9e71cb
bd48f296
bd0c31a3
bd8756dd
bd4416d8
bcb79e0d
bd5c5a5f
bda43c27
bd2adb46
3cdd2784
3e52ddd4
3e59ed63
3e6966b0
3d9e5ce1
3cb982f8
3e8a417c
3d330c08
3e2a27e9
3e3dba03
3d0adc78
3e515a1c
3d6dfa4c
3ca25293
3df0b2f4
3d950d0d
3c8a6f2b
bc5a3706
3e5dd7c1
3c2d48ae
3e188993
bd03c3f9
3d65aa2b
3e555ee7
3e015797
3c422ab3
3e15d4bf
3c918e92
3e48e938
3e7d657b
3d977943
3e0dae5e
3dca7485
3df7298c
3e55f1ec
3e0127e5
3d8132a5
bd798a5f
be1a2ef9
be5ffd8c
be092104
3e3543ce
bd3947da
3c20d73e
3a4b9d56
3d73b55d
be13df6a
3e191a72
be389740
bd4584e5
be15a35f
3c8d0b70
bd103004
be1cc313
be163cf8
3de3bb1d
3dde96c8
3deac9f9
3e2c7b53
3e7b18ec
bc1fd803
3e1dde45
3d849910
3e2b3212
be99e891
be288549
be375ec1
be4cf904
be5ab457
be4b717a
bd20c772
bd7b1eb7
be83f7c3
3de71f26
bd0f9668
3dea93e0
3e39c0f5
3dc1a6f3
bd12d8be
be139aff
3e327c39
3af9494c
3d8f3c48
3e097abf
3d33e53e
3d54be47
3de5dc13
bd2924a3
bd40a881
3e1b7ebd
3d950d6d
3e12df84
3e0fd6f2
bbbc5274
3d819a0e
3e14e397
bd5fa141
3daabccf
3ca68828
3e1ec817
3d9746c0
bdba01d6
3da02068
ba567ec3
bddb0827
3c9ca078
bd451fbf
be27c6d2
3dc40c67
bd0ae954
3d96fcf0
3e08b246
3d98b21d
bd95f20a
bda5c52e
bdf52b07
3de2451f
3bddae43
bd12e190
3d1f3573
bbe33b35
3cf00d56
bcc9e225
bda3b3e7
bdb17634
3db754fb
bce71284
bdda8b7d
3defbef2
bd0c0fe9
bc39c1b8
3d6960ed
3e24cf0c
3def2a53
3e131b81
3e15df8f
be805623
be2b2270
bcdd1f5e
bdbcb769
bcce8d39
bd9e3252
bd834eff
3d753a6a
bd1354ce
bd751869
be03078d
bd6ce647
bdfd1327
bd804272
3bbdd89c
bdcc3104
bc688770
3bac2780
bdbe0584
3d353549
3d9c0686
3d0f6e2c
3bac6d72
bc12591f
3de51974
3d876656
3e40786d
be0aa210
3bb7d022
bd9b4e36
bda7a95b
3d7ae58a
bd0fbd8d
bdd250d1
bc9710ca
bccfeebf
bd60297c
3bfcf358
3e1ff5f1
3cc602c3
bde6a954
bb52c43f
3e1d1442
3debb381
3d95261e
bd6fb6b7
bd2e0138
3dcd9229
bbac0b32
bbeb8e7d
3d09583e
ba89b0ef
baa73507
bd9b47fc
bda63136
bcf589eb
3d151a8a
3c445b7d
3d5b3864
3d912c17
be0cd455
bdd93c07
3c8361be
3e28aa72
3dfee24c
3d9650fa
3d300062
3c9e9694
3d93de23
bd1c3540
bcfe997b
3d810624
3d5d5651
3dd7a2a6
bd2c844c
bd24ac78
3d7f6ddd
bc747434
bd2745c5
3da9a30f
bbdcdb5a
bc82badc
3da297c5
3ca467a6
bd07c1bd
3dfd816d
3e0d10e4
ba6f2f03
bd330ad2
3e2d069e
3c3ac362
bcd3457c
3df73c11
ba8f4e9c
3d6b1e3c
3daedc0c
3e19dbbf
bc2ef8cf
3e2fdfcc
3b4eb505
3d8d67eb
bb2b80ac
bd570413
bda5d0db
3e5cea88
3e2c8eb9
3e1ad3c3
3e3eac62
bc2a7197
bc2c2283
3cbca97d
3c6d0400
3d9b345d
3d4e32c1
bd8e0bbe
3ca13d6c
3d3b3c5a
bc0ff03f
3d2d6b03
3d3cfe3f
bd7909b4
bcb1d259
bdaa1cab
bddff45d
3d8d515e
3dadc362
bddcf1a6
bc4d0708
bda2c10b
3ddb6f9f
3dfb3dd4
3db18d34
3dbd8a00
3d9fb323
bdb86d21
bd575176
bc941798
3d255263
bde8a0d3
bde37627
3c1d904f
bd6d8596
3d2fe78b
bc213b7e
3d54f327
3d97d91f
3cae7ae2
bc4f49c9
bcf9c76b
3df80490
3d0776cc
3e027a69
3d9a3be5
bd26a272
bbb3b10c
be0e8fbc
3c93d077
3d1123a4
3cff9a8f
3c6c62ba
3d926619
3b298706
bc606fda
3d50be1d
bd3ee0cf
3b0533c7
bd8a6649
bd7ca2bf
bd6b9a27
bd0a1fc2
bdbb7fc9
be064d86
bd97f76f
be4dbfe7
be11f17c
be39f7b6
bd57d2a3
bdac08e1
bd103290
bd34dc67
bdf12be8
3a569fe9
be198635
be389534
bcd1fe9d
bd384fba
bd605299
bcef66e1
bc0e6372
3ce673a9
3db07fd3
3d1c5a7b
3dc6d4ac
bd8d1b73
bbe39875
3d4d6ab0
3dc32747
3c5a383a
3daaff0e
3c925432
3db77982
bdd652d2
bd773cc5
3e22bd96
3dcd2658
3b5c467f
3d9abf89
bd9b6a11
bde8b8e9
bda560ab
3d7c4cba
bd18008d
bd6c640c
bcc69ec0
bdb7b99d
bdb528d4
3b48f672
3df43f48
3db16ff6
3c189ed3
3c9c03ec
3d82e369
3e268f7b
3cdb1f6a
3dc267f5
bd2f537f
bd8829ad
3e07f6d8
3dda50fb
3d010b36
3d3b1908
3d90b13b
bd1187ac
3e48730e
3d1afb94
bd23bd9e
bbb3a3b7
3e1941ad
bb32a159
bc2427db
3cb59d83
3ddd20c7
3d6364d0
bd33b97d
3cea9992
bdcbc4e9
3c25ed0c
bd28f7db
3d681174
3d9bb3f4
3d2fbacf
3e54f017
3cd690a6
3d076341
3dfbc849
3da7ec2e
3cd30088
bd3187ff
3d2feb98
3d8c7241
3de5d607
3df87bc0
3d1e74ac
ba99a890
3d0e8c23
3d845ec5
3dcae697
3bb48d9c
3de747f9
3d03b5bf
3c9d6716
3d86822c
3e39a99c
3db412a4
bda6c244
3e2feb3d
3d474f98
3d93dc13
3e4d6672
bd8d152e
bcb9b79d
3e455006
3dc730b1
bd247931
3d39f66a
3d091186
3d3059ab
3e5b5451
bde8641f
3d89a7bf
bd849ebd
bd428081
bd03a3b2
bd165b07
3d16d1bd
bdaf723e
bd7c3948
ba81d486
3d45f35c
bd812f31
3d65d2d2
3dc79c88
bb7b4cfa
3d13ecfd
3d9c929c
3cd49a06
bd457e47
bdd68e2f
bd1254e6
bb78f611
be1792e2
3c9e30f5
3daf2d3a
3cbdabea
3d3846db
bcb9d4a0
3d44d6c6
bbfbabae
3c4569ca
3cecf3e4
bbf6c76d
bca2c3a4
3d9db2f9
bc663279
3e0170f4
3d9e9512
bc766b26
3dd5e251
3cd84358
bc710547
3dc9f255
3d803c80
3e370df0
3acb6e10
bdc31538
bc3124d7
bd81e644
3c3ac39c
3d88e0ec
bcdb28fc
3dc03081
3d8cdf2b
3cf29b9b
3c1f50ab
bd33d7b9
3d8bfc04
3d9a578b
3d58a341
3ce24d6a
3d8cb1ea
3d0c5fd5
3d93f5bf
3d9dedb2
3e868639
bbba4694
bd468e42
3dd35765
3e526338
3e0a304e
3d1c78bb
be2b1088
bd8736a1
3d11a074
3d858fe1
bc214b6f
ba0865f4
be3436dc
bddf77f1
bd208406
bd2daac3
3d9de308
3ca3f1a0
bc92e232
3d66ddf9
3d22bf90
bd575c5e
bce00087
3cb87bf1
bcd98e20
3ca62b6a
3d198f25
bdbc1fa6
3d06177c
3cfdab16
3defc436
3c7812ed
bd6e824c
3d6bf763
bd2b6494
3e80ddc5
3df7983b
3de29e19
3c9b3073
3dd8fcb4
3cb7d93b
3e87933f
bd2a5921
bca04c70
3da044ba
bda081f6
3d6333d3
3d968ee0
bd3bce1c
bd41ee42
3d90ea60
bdb2190e
3c80eee6
bd814033
bd1a9c48
bdcde468
bc8f2558
bdc478a5
3d461c44
3d2e6c59
bc70e1e4
3dc1aa23
bc51cdcb
3de4c611
bc594169
3d7aab15
3c550bb4
3dca69e1
bce10ee0
bdbbb79d
bc9effea
3d594d20
bc85ffe2
3d45ed29
3d1611dd
bd448d5a
bc79bd06
3d41c3aa
bb350dd9
bd72f851
bdd19f73
3d0b53df
bcec673f
3b020754
bcf4fe2d
3b11f591
bcd36613
bd8a892d
bd12946a
bd6791b8
bbf700b4
3d7fffad
bd2b0e98
3b5f7be2
38b1baa3
bdbe34f1
3d867dbe
bd1ac995
3d2ddd01
3d87ceb8
3e06140b
3d7328cb
3da67516
bce00139
3d2a5020
bcbc8f5c
bdde3d40
be0f69eb
bdb533d7
be114f70
bd6400c0
bde802e1
bd20be03
bc52c9b3
be01fcb7
bda7a58c
b94694a6
bdb1903c
3cac15e0
bc837334
3cafd0f5
bd4abc00
bc5caea0
3cdf7a3b
3db4b9f6
3e496e12
3cceb759
bd967511
3e1b9619
3d2dfdbb
3daabd32
3ddb91cf
3c61a2b1
3d901ac1
3d8dfd2b
3e12b642
bdb9e2bb
3dad823f
3e6d01f2
3dafa4b7
3d77dfdc
bc75a72b
bca8d497
3b3eafdc
bd5b88fa
bd128dff
bd2e164a
be2934b3
bdd4f31f
bd8d81d5
3dafe684
3db98445
3e03288e
3d44d768
3af8b609
3e275dbb
3e48f615
3ca1779a
3e0c4c12
3dfc018c
bd4c2e80
3da33ce7
3dadb7bb
bd221935
3de9697a
3e41da49
3a3c7e8f
3df31d95
3d2e691b
3de00b18
3da67ace
3d1ab278
3dc26fe0
3d6ad53b
3d666b53
3cfedfdc
3d9ad2f0
bdbe1fb0
bd1b0b22
39c162bb
bc814741
bd8a4c23
3cb71563
3d6bb3b1
3dd12398
3e34040a
3da8dd84
bd0a2ae8
3dd5540c
bd88298c
3d17b485
3d579a61
3d12d39a
bdefb922
3e0b0521
3cc42de4
3cb49d93
3dbe0953
3da7f2fa
3dbe206a
3d3c7a52
3dcd77d3
3ca9a081
3da05466
3e03b72c
3df968f8
3deb7ed8
bd210588
bde611ae
3d345f67
3dd423c9
3e2727be
3ddf6192
3c844cad
bd47170d
3e1e021e
3da12a9f
bcbe5fe1
3d55a726
3de10673
3e45310f
3e1008a8
bc6fbbb2
3b8b4aa4
3ccc523a
bd36ffae
bd9d45a5
bd629c56
3c241857
3d374e07
bd8de9bf
3cfc279b
bdccc04a
3d92db30
3cf94875
3cd5b023
3cfb8f41
bcb96bb5
3dcab478
3d843388
bd8cde92
bdfc9ea1
bccd79ee
bd49ef7a
bd96f436
3d6232ff
3dac5472
bdbc898f
3d38915d
bcd10c34
bb506e50
bcb057bf
bd66e585
3d66cfdc
bc613b70
3d0a2c39
3c9a88b0
bd6b8e92
3cf8787b
bd1d8f5c
3e414742
39555665
3d2a15cf
3e056d3f
3e45a803
3e0ab454
3e131f1b
bdeb4f97
3d2c8ae6
3d8223b6
3c8f26aa
3d19ef62
bce359d0
3cea6524
3cb43f49
3d5cc77b
3d1d0427
bc365046
3c187466
3db0036d
3d62cd10
3d5cc9ef
3d5dcbd6
3e031919
3d9a3646
3d9da9af
3c21ffdb
3e7038d5
3d6264ac
bcf2f98f
3d8f4199
3e487883
3d1a8363
3e04ff37
be4793df
bd03c279
bd6c1527
3d3d65ce
bba1d174
3dd06d0d
be37cfcd
bda02dcc
bd91afa0
bc854109
bd1454ac
3d76fce6
3dd9330b
bbdc5b71
bcac677f
3c9f5cd9
3d990601
bd00ac30
bc9baeb9
bdcb28be
3d55bffd
bdc913a8
be23dd4b
bdbc3bbf
3d6994f8
bd32c604
bcabeb15
3e00662f
3e09a210
3e81ea82
3e679642
3de86288
3da3a993
3e21ca59
3e209aca
3e7db163
bda37f3d
bbc78132
3d58d08b
bd036b5e
3d024198
bc86e51a
bdb2575f
3d158c72
3dcb8479
bddc5080
bda48111
bdb34525
bd7a4e2a
bd373561
bc1b0495
bd8d2ec8
bcf083d8
bd07dad0
3dcfe595
3d660a5f
3b921989
3d838bbd
bc3b9814
3d169283
3c5cca8f
bce22133
3ddd8e59
bdba5276
bd709903
3dccb641
bd1417ac
bc6c66ae
3d12a310
3bc2a5d7
3ddc1b9a
3d2f5748
bd0da311
be07172c
bd651d4e
bc7e0463
3d98c114
bca03dd3
3ccbc48d
bc3e38d9
bd437149
bca436d6
3d43758c
bd96fa70
3d46b3f5
3d9a2706
bc855459
bcef8d9c
bd02a043
bc650b5d
3d93ca76
3dd796bc
3dadbd26
bcaccc0c
3dc7c8d5
bbfddb28
3da755fe
bc737c1c
bd429175
bd917c23
bd42eb7f
be14077f
bd80ee21
bd93dc3a
bd4c42cb
bd997de3
bd15435c
3d4fd492
bdcb5d43
bc7a8e74
3d152680
bd725ffc
bdae6040
bd07c898
bc718ec1
3d395e6d
3dc80a5f
3e1e8812
3d90c7cb
3e66ca3d
3dda1976
3d5352a2
3d009148
3dd6df9a
3cb4ced8
3d71acef
3e316611
3d9a3552
3e791098
3df54c44
3d682249
3ccafe73
3e4e9928
3e079555
3e2a0cf1
bdb40276
bd0a06a4
bdac8c94
bd66aee8
bcafcb77
bd426180
be1bb9bd
bdf647f7
be0a0513
3e1d0b9c
bcdb1e0c
3d50a17b
3cb222e9
bd0e584d
3d5ea68d
3e71ddfd
3ce5287d
3e4f5ff5
3e29a6ec
bd09d2bc
3d567dbd
3d374c06
bcb2fd88
3cfeb6cd
3e446275
bd104e0c
3cdf3208
bd9c7bf7
be0fa805
bde65f2d
bddb9ba4
3de13870
3caac5a6
3e11b058
bdf7608f
be678836
bbc31440
3dee1684
3e737115
3db9f3a0
3e550ccf
3d6e702a
bb95c085
3de7b90c
3e328bfd
bc33a70c
be6eb755
be35484d
bd37570e
be5124eb
3d545ba3
3d72cda8
bc8bf192
be113d3d
bc2b4be2
bc4f5afe
bd9d4bc5
be3872df
3d77ca4b
3e183680
bcb8388a
3dc5154f
3cadeeb2
3dd53a0e
3d055dc9
3da3e7c0
be226563
bc47a51c
3c7dc792
3d02c9a3
bd3143d4
3d6a1dfe
bc179170
bd3d7454
be06339d
be220f43
3d831d62
3e01fa8f
be02258a
3d7bc387
bd9a0750
3dd859e8
3d923ed0
3d57eb3e
3dfdc141
3cb3794b
3e1c4851
3d83fca0
bb3e0b37
3e037233
beab0fb2
be29d0f6
be8fc682
be11288e
bed86a16
be5b61c3
be49c28d
be82bf83
beb7e3b5
bd9143b7
3cc6ba1c
bd802d96
bd9ea618
bcc79428
bd701707
be4c4fb6
bccd6962
bcdf69e2
3e15d357
3d1927fc
3d914943
bce2c693
bd2d90ef
bd5c8a88
3e51384d
3e7e9c5e
3e2e6c70
bde4c339
3dcd9eb0
3e2ad95e
3dadf8ef
be628386
3e4fd60c
bdb57a02
3bc1fbc0
bdfdebc0
bdaf571a
be1c4ec2
be66b168
bd9b6f1b
bddc444f
bd80621c
bd4407ea
be275721
bdaceed0
be5bf854
bea1c7c3
be8a5483
be96d2b8
3d2d0b8f
3cdc3bf2
be2fa373
be504368
be8d5c00
3d82b413
3d9f9250
be223cdb
be12848d
3d0605fe
be67d0bf
3e462787
3d55f272
bdc1284c
bda46ec0
be7199e1
bd39f886
be635a26
3bafbd2d
bdf7a8b4
be87c2c0
bdeff21c
be7a0b73
3bbbea4b
bd799abf
be521f5c
be8db8de
be678487
be42d597
bd98450b
be5911fa
bd9bcf29
3d3640dc
be3634fc
3d9865e3
bcb536f5
be092b48
be1fe5e1
3d87cc0c
3d6e97c7
bdb68086
be0f3e62
bd024be3
3c82b5f6
bc62042f
be21ca97
3c74f2df
bdbd5d73
be3c4604
3d635407
beb4b241
be6e0651
be985395
ba1a9c5c
bd8724b1
bdfa4b39
be0b0318
be8285ff
be8c296b
3e5f13c6
3dc27147
3e6ea0c2
3db5cb4a
3df131a1
3eb792c5
3eb5715b
3e1d3054
3e8cdd69
3e5d8f29
bdccdf58
3e04f24f
3e84d67c
bbde0e76
3ccfac1f
3e9110e7
3ded9ba6
3e8cd16e
3e1f2b55
3e7e1c88
3e83d195
3e7d8091
3e6f3e49
3e4791cf
3e911003
3ebb82be
3e658c38
3eb056a2
3e0bcde7
3eaf039f
3e6be9f8
3e8397cc
3dde7dc8
3f0d9623
3ecb01ee
3ed7a63a
3bcefd6d
3e0abff5
3e5a99f4
bd072742
3d98cac1
bb21c561
be28bc44
3d894f54
3c86fc88
bd604d42
be1dc608
be39bc90
bdcda20b
3e6fef1b
bd142ee8
bd5ef445
3d4a099c
be005008
bccfae9a
bd9daccc
bccf929a
3cfc4378
be52fcad
beb4659d
be63d687
be2563a2
bcf00711
be0d0f72
bd5e4b7a
be86a23d
bea5e19b
be39457f
bdfad8fd
bde71de9
be28c00a
be3aedf6
be511937
bdb12c45
bd9fb85c
bd348ef2
3e02381c
bda22009
be211784
3e1b6d14
3e00b577
3de546d8
be31aa3b
3dd8d035
bcd81ef0
bdfc2001
3c1f61d8
3d0b1c8d
bc218a89
be12611a
3e0c2a23
3dc98c85
3dd45eee
3c87d0fa
3bf4be45
bc1b6f5b
bb9dc617
bd23d627
3db954be
bd3d1010
3b395ba3
bd28ed6e
bc940fdf
3c80c416
bdc338c0
bd4458b0
be0bd6be
3dddbe76
3e49bc8b
bb2ae20c
bd41a0a9
3e14a34e
bdd97a11
3db7a732
3be4a6b2
bccc982b
3df01a3a
bd85f1ed
3d68a9c9
3d4ead7b
3dfb01ca
3d9519ff
3e0a6334
3e154e3f
bda3fc94
3c27dbb9
bcd14c41
be4f43f1
3d8684e3
be1e3942
bb55c4a6
bba068be
bc97d37e
3d866140
3e4d8c1d
3e181542
3b992aae
3cd518eb
bbd353a6
3d42d9aa
3ce73d1a
bc83a802
3d13eac5
3d8dc1f4
3db1271c
bc139b3e
3db4e055
bdbe306c
3d39d386
3d6896d0
3d51f4de
3e16c7b7
3e0bdb4a
bc07b410
3db4fdfd
3da5b28d
3e1ea61c
3d47d4e9
3dbf1834
3e1e3e39
3de4b1be
3ea2fc90
3d411caf
3e343f66
3dd7758d
3dd81521
3dcefd57
3d5cab99
3e1858b2
3de13aa6
3e0b3d5f
bd388e37
3bcac246
bd32d7a1
3acb7c8f
bdadcc35
bdc00f38
bd75e731
bcbfaf11
be010795
3c6db733
bc87cc71
3df93b16
3dae955d
3d8d027a
3dadaed6
3d9f1f42
3e3d54a8
3e42979b
be3c05f8
bce59dfe
3d5c8891
be3002f7
be4f949b
3cbd08e2
bd3e93fe
bc280ace
bc856269
3c8f43ca
bd343f4f
3d3f57c6
bd1e89a3
3d63d8c1
bc442f8f
3d3df6ea
3d45fb75
3d614bbb
3dd299dc
3d8302dd
3da05315
3ddf945e
bd50a4fc
3d2ef4e9
3decf43c
bce75a94
3e232595
be189c7f
bd9e5ba9
3d8c37de
bdb763ce
3d3cf083
3d0c7853
3c4cf136
bd9f1de7
bd1c2e48
3d4ac3a7
3d4b7dd9
3cdca111
3dfccd6e
3e1a02b6
3e3412c5
3d62c21b
3e5a4e02
3e686ce7
3d898935
3e12a95f
3e8207f4
3e2a248b
bcf12018
3def3644
3df08d71
3de91b61
3e086dfa
bd211c68
be1bb7c2
bcacbb26
bc1edbb4
3d983913
3d12ee76
be7b77bf
bdc4526e
ba8f480d
3e20d01c
bd60abe2
3cdc7e6b
3d88797d
bb9568a0
bd952c9e
bd82a768
3dd03d3c
bcdf5b4f
3da2d8fd
3d1eafee
3ddd5f4c
bd825d18
be35de41
be490b16
3d995e64
3d1cc969
bdeea0a9
3e0d4248
3df6a975
3e7e6f8f
3dcf1fde
3cc4a886
3e47fc3d
3e7d8cbe
3c0c3c12
3e91d1cf
bbe3f743
3d8f120c
3c48aec8
3d846c31
bcef3a83
3e25e05c
bdafe934
bd9100df
3dd14a1a
bd53282f
bd8bdb8e
be16360e
be026178
bd165ad4
bd4205ef
be12aee1
bda01765
bdcb8249
3e13af75
3e076e29
bd07841d
3d90927a
3d7aa9ae
3df1a529
3dddea42
3caa9fb3
3d2147b7
bdc5bd72
3c63b902
3d9da9d9
bdb46eef
bd0db868
bc672068
bd87a330
3d64ca31
3dbebe7b
bdf567fb
bd92b777
be0566bb
bd744a4e
3c756a8c
bccabf1b
bdd5cd44
bc6f70eb
bde3b749
bd3f9ac4
bd0480b4
bc5dbd73
3da7ba3e
bc15127f
bd5af0bc
3b98f7bf
3c361d73
bd13fbda
3d0fe79c
3e2a80c5
3d102ff7
3d0fd518
3e40a271
bb4d7868
3d09c06d
3d48d379
bd8aee33
bda7dcd7
bd67c47a
be4060bc
bca16457
be1a30d1
be118bad
bd4bcf37
be029e1c
3d120f72
bd4fdc35
bdc57bc2
3cc3361f
3cdd86d8
3c951b67
3c7803d0
bcf782fe
3dccd74a
3ddeaf7d
bc82fc09
3e068c6a
3e77afca
3c1b8108
bd0b8a6c
bddca594
3d960223
3cbed145
bd156d3b
3df2f373
3b9ee6cf
3e06b963
3e0c846a
be17d510
3d062168
3dc610c1
3e353d5f
3e89c389
bdc58858
be299c0b
bd17316c
be250482
bdfe77b3
bd958e60
be4ec88a
be824e01
be0dd4cd
3e55c957
3cf0ec71
3dd64a97
3deed38e
bcca654c
3da87fb5
3e066f5b
bbc20799
3e01ceb9
3e37ec38
bd8c0502
bb887609
3bbb2051
bde3273e
3de416a2
3e9f842a
3c5de5bc
bcabdc0a
3d837908
bc7234db
bd0bc1f2
3e082c05
3df4a49a
3dab44b8
3d8a3623
3d3956cb
3ce420c7
bbaaf371
3d20ae18
3d81d96a
3d6ed500
bd8bf8ea
3dd2fca0
3e63c43c
3d809ac1
3cee0cce
3dc64de2
bcd5f91e
3e07b338
3d498343
bd733ee0
bd4be295
bb611bc5
bd97ca5a
3cad467f
3c3bbf5c
3c9789e0
bc79140e
bc0826e6
3df83a1a
3d94b530
bd586f6c
3db125c1
bc882d50
3dded877
bc2dacb2
3e1a9519
3db304a6
be05eb60
3dcf2257
3e32fe7b
bd1953c8
3e6668f4
3dba64f8
3d335769
3d8a5231
bd499343
3e1a5997
3df23f0d
3e323bd2
3d6c087a
3e2f62a8
bd832521
bd8c244e
bc1d811a
bd31e844
bb8c8630
bdafcf1d
3cb3d8bb
3c6d42a5
3c6b4956
be00b332
bbf0c5fd
bdc63e45
bd71b455
bd66bbed
bd1a8be0
3d223e48
3d445261
3d9a9ccb
bd6c141c
bdf011ef
bc2a9a54
3cde06a4
bdd1af18
bc180703
3daf8b50
bd9e23bb
3deb6b97
bd029db8
bb4b83a2
3ae458ff
bda76bf7
3dab4ea1
bd8a7209
3d906f04
3d4d76b3
3d1c4ebe
3de9edb0
bcaef95d
3e3db797
bd8de5f3
bdf03077
bd359195
3dcf68d0
3d74db1f
3e08316e
bbf8a55d
3cad354d
3d275645
bd874355
3d243b56
bcdced6b
bd81aacf
bd40cca8
bc47a800
3c70d0fd
3d5c8665
bc3e3850
bc63edb3
3c8127cd
3d5d374b
bd1cf306
3d313c3c
bcc91ed5
3d967ba6
bcfa2def
3d7b7ad5
3cdbb029
3dc03206
3d947d83
3daca8ee
3e2b04e3
3e7c06fc
bd655aba
bda6b80d
bd85356e
bd8058a4
3dcb0f13
3d762a97
bdd67c11
3c4c7ffc
3b3fd73f
3c8655b3
3d3fefae
3d6052dd
bcaf67f2
3ba37b74
3c804268
3ca81be3
bbab1eca
3dae890e
3dae0213
3d520e4d
3d85650d
3c8119d7
3cdbc0cf
3a64a898
3bb32ca0
bc68c7b7
bc773dcb
3d8076bc
3d28027d
3d4ce9de
3dd9ae7a
3d6518ed
3e2991f5
3e2b3715
3e3572f8
3e58cd71
bdd0ffbd
3da97026
3d482cc9
3ca5a799
3debad29
3d4843c3
bd1e03be
bc36f237
3dd7ec4c
bd9ea2fb
3a9f887b
bdbefae6
bddac415
3d6259b6
bd68b9d8
bdc1476f
3aea794c
3c9285f7
3d849453
3dad3f7c
bc3d5da3
3d523333
3dc1153b
bd469a9c
3daa1d96
3d39e47b
bca52ae6
bd9f41f4
bd53df29
3d2426c4
bb824667
bd1fb5be
3d4b1b2a
bd21f2b2
3d321723
3c884f9e
bcd21c34
bdeda002
bdd60f9a
bd1a0a08
3c066fe5
3d0a61b8
3d37ab28
3ce5147b
3b8a112a
bd5090a2
3c5c9115
bdbc3ef3
3d087e11
3c6f4308
bce783bb
bd8413ed
bac6f2dc
be02b770
3d021b23
bd68158a
3d1a9fae
3db2646a
bd420af0
3cd8d9f9
3d346d98
3b814f87
bda6b3b0
be0269b1
bc97f48d
be326e4d
bc194f05
bd38dfe9
bda61a1e
bcec9d49
bdd4eb0e
3cbe1d3f
bdb7bec5
bcb79e33
3d746dfc
3d76908e
bc934525
bb08509b
bd846956
3ce32742
3cba553c
3d0da4e7
3e034c23
3e5a01fe
ba4410c0
bdb28f63
3c7c7013
3e4f6301
bcb04a63
3e111563
bd3e080e
3d824760
3da9e577
3c3c920f
bd53ea1c
3aad450c
3dd8fd24
bcbb7ae6
3d78836e
bdb02373
bd8972d4
3d17b936
bbdc5f2e
bde6fc2c
3c2bd44b
bdc647ef
be0bf88a
bd635255
3e253e0f
3d56d7b5
3db290ff
3dcf1d0b
3d277eb5
3e066a6a
3e0921b2
3d839a5d
3e022037
3e2acad9
3de35dbc
3db07ca8
3dc67d9a
bd0d99a5
3d088c4e
3e42e778
3e0db076
3e2d11c3
3d575d46
bd5df7ab
3dacd8f5
bd88b25f
3e3bffdc
bced166c
bdb79a94
bd20289f
be3423fd
bdd7ce3b
bdd12bab
3b15e038
bd13f1d8
bc8cf580
bde168db
bd1eb915
3d0ab089
be53fd02
3d8cef12
3ce5aa20
3de58558
bd533fd7
3e95e362
3c91f750
3d1b79e2
3bb34c25
3d9a4164
bd328758
3d59877b
be14b31c
3e185579
bcc032a5
3da27adb
3dc5c73e
bdf45e50
3cae4aeb
3e52b37d
be0114e6
3d94f073
3dcf33d9
bddfc758
bda962c7
3d6211ec
bcc3c76d
3e1dd3e6
bc025fd1
3cce870e
3cfa9862
3e7cbab1
bd597e90
bd0f66c8
3d962210
bd72300e
3e26a838
bdb947cf
bd63b295
be605461
3da36987
bd2d0844
bddc25fa
bdc7ef67
3d3395cc
bd8b894c
3e1e7e50
3e3fb7c5
3e9741d9
3e148dc9
3e652a91
3e9c60af
3e4f8224
3e1b57b0
3ec68946
3aa79468
be436218
bda3a4ba
bda79419
be5c7bce
bd9fd7ab
3d43dd22
bd89e82e
bd630df5
bdfe8e3f
be13edfc
bd5459e2
bdaeb763
3dbe15b5
3ca2dac0
be0e6676
bdd82736
bcee7b3d
3e0b5fbf
bdd49677
3d78de4d
bd1e5a89
3e1d646d
3990e894
3c0bae94
3e14c645
3d0024bc
bd40942d
bd3db5fe
3e4a994d
3e0e366f
bc8e8b40
3c9ce499
3ca84c49
3d7d757a
3e89cfb8
3e95db22
3e99e688
3eb041d2
3e8f7948
3df190c3
3e80d7f3
3ea4c5d1
3e3c3712
3e24c524
bd991186
3ded0373
3e0cc641
bdcb2b12
bd8488fa
3e3121df
bd0be502
bcb0d9b3
3e08de30
3dcb9ccb
3d6cb080
3c43c6a4
3e49da84
3e05255c
3cd714fd
baa283cd
3ac3074d
3c9234c5
3e790742
3e470e2b
3e640b6c
3e11b040
bac40071
3e3ccc13
3e873a9f
bd0dd19b
3dcb957b
bd06f97a
bceeb9e4
bc2c8f04
3e28dc54
3e289e68
bd97ca8d
bd419de2
bdabb06f
be6b4c93
bbb81490
bde1176b
3e373376
bde99f0d
be2ab73e
3dd74cac
3b56a9d4
3dbbbf27
3bba17ad
3e320a7d
3dad17aa
3e78fcb3
3e4cdd27
3e237b76
3e468f33
3e0986c5
3d6daa8a
3e241d3b
be337de1
be1da21b
be09c9da
bdb8a043
bd2e2b76
bdaddecf
bdb1d0e5
bdb3f029
be059f41
3cff47d2
3e3aa911
3e0bb6ab
3d9c32a8
bd519269
3d411741
3ddea0d5
3dcd8558
3e243fca
be0a0207
be26db06
be975d1f
be2c203d
be28ef07
be9086f1
be545bfe
be54810a
be9bfbd7
be42e8a0
be2fd7fa
be1bae89
be90b5e6
be6ef0d4
be57905d
bea5233e
be858b4a
be84588b
3e5f13a4
3daf1b53
bdab94cb
3c055cc0
bd863019
bd079ef5
bc657fab
bd854c13
bdc11241
3c741f72
3e07a359
3e13b741
3e5bb681
3cbe6da2
3da660ac
3e639051
3e4e59a3
3e5bdca5
3d7ffd72
3d0d8ff6
3d98921d
bcb9cf51
3c99f865
3d413fc4
3da6f5d5
3ca17f63
3c6b7e7e
3e28c7ce
3de90891
3e8e850a
3dea1159
3d27564d
3e5fd0c6
3d9df8fb
3df484d7
3e01cc0a
3e811c62
3d86dfbe
bd5b8f52
3bcc468c
3d671f22
3e2779c4
3e09993a
3e173440
be3ebe37
3dc2c375
bbb3ba15
3de1dc37
bd94bf07
bd5ece15
3df4f96a
3df66700
3e4b833b
3e58c4bc
bd14452f
bd90e30f
bcdb7e06
bccd3d86
3c4efad6
bda92bc4
bd022d78
bd9486b5
bdb49652
3c88e10c
3da1292d
bc648c6c
3d3da37b
bde3fbd6
3d94e19c
bb62cf9d
bd89eb52
3e0ad827
3de0276f
3bff0497
bd5a3254
3e38a77e
3e0cde05
3c62bb1a
bd490041
3df40add
3dd8f0b0
3d6034c6
bcd7896f
3af57f9a
3d2c20d4
3b47ca89
3dbe5a41
3d9ad3d1
3cb6b6db
3d3ab278
bdc5da0e
bd6bdcbe
3d3fd9bb
bd679e9e
bc65a890
bbaaf613
3d25e6d0
3dd801a5
3bad41f0
3d6c378f
3bdd889f
3d26d0ef
bdbdf8ed
bdb982b1
3ded4175
3cf1db95
3da07584
3db7e02c
3d0f4673
bcf126e4
3de27062
3b83447c
3dd414b3
3e11a012
3d98cae7
3d855883
3dbede6a
3ce275c6
3de7c0a9
3dbc1e9c
3d8c29a7
3d9e0761
3e00fc90
3e0954c2
3dded040
3e20bad2
bd0f88e0
3c9a33fa
3d8d15cf
3d970bc6
3d12a614
3df8b4b5
3e1c60a9
3e132130
3e106260
3cdd3961
bd95ddff
3c776fac
bda92afb
bd655f0b
bcc76e39
bd7aa5ab
bde8847a
bd61c4da
bcaaae0f
3cec786b
3d766a2f
3df2da6f
3df41e81
3d8444c3
bb2ae79a
3d808779
bbcd295d
3c0aa2cc
bde70e7a
3bff94cf
bd522bfe
bd598ccb
bcde71cb
3c3a0416
3bcdcd67
bbd12dde
bd1bfb69
3bc66457
bd3ff188
3c04672f
3daa68e6
bd160727
bcd53b59
3db47ac7
3cd075f7
3e2a45f3
3e10f62c
3df25f78
3d095040
3dadda5e
3d8f7b49
3e383ad8
3d349d49
3dc6409f
bdb481ac
3b83c5a9
bc129f52
bc08f748
3cc10cdf
3c170184
bd5dfe3f
bc3713eb
3d570a56
3db72d9d
3a025538
bcc7c870
3dc6cd01
3dd1a320
3d5ea6b2
3dfd5020
3dcb4f4f
3dc67b7c
3e295c76
3d04cf2e
3e9b9688
3d630ace
3d70092c
3daa68eb
3e82075a
3db31d79
3e4653d2
be09e1d2
bc1a1c72
bd047879
bda83d98
3c7503b6
3bfaa915
bdd94826
bda7b621
3d17c8dd
3d131ef8
bc94b7e7
bd69ea05
bd2f7ea0
3e0547b8
3d820e30
bd3f8c94
3dc4c4e0
3d689137
3cf9626f
bdb13940
bd034ced
bc91546c
bd885f0d
bdc8f65d
3c82c37f
bdd4b718
3d51af6d
3e36544d
3cec561e
3e32e073
3e13936e
bda8ea4a
3d14a949
3e01a0f2
3e225134
3e6a709f
bd272eab
3d4b873e
3d8e1699
bbf46777
bd3e36ca
3dc3c135
bcb84d1e
3d74e50c
3d9408cb
bdd0c8b5
bcdfb571
bd3c37e0
3c3c47bd
bdaaa648
bdb0cd9d
bcee42fe
3cb7403e
3bc0e22e
3dc7b659
3dace2eb
3d1b5e6b
3db61202
bc3adda9
3dd18e59
bd23b5f5
3c3541b8
3c2d6202
3d3f206e
bbfac4f4
3de06f1b
bdeb7144
3d168dbc
3d67389f
bc6c19e1
bc121213
3d219588
bdb3c76c
bd7778e7
bdabfc50
bd64528f
bbf2bf35
3be52701
3caeb14d
bc02c9c3
bd0e0636
bd2bdead
bd2d6d0f
bd700f72
3cd79356
3da2c345
bda3c2fd
bd8d3f46
bd146312
bda60c43
3d6c0cad
3dad7246
3c9530b2
3dd38a45
3dcd911e
3d32587a
3db6a8f1
bc06aa6d
bd4d6e30
bdb01b3b
bd93bb8f
bddf2555
bd82bf1d
bbc1ec9f
bcaf8a46
be02672f
bda4af2b
bd0d4806
bd6c99ec
be01fe1d
3d69927b
bc2f39b6
3c46e470
3c0e5e5d
bbbca9f6
3d99c91f
3d887ad7
3dd251bb
3d3c129e
3e4cab2b
bcf5f4a9
3b7ce545
bd6ad179
3dd55795
bd793aa1
3db8eaa5
3df0251f
3c651458
3e2ea14c
3dbb64c3
bd8bcb39
3e020f66
3e32526c
3da41f48
3e65de0a
bdd0df60
bd657681
bd11152e
bd2c47ff
bd9d5677
bd5ae64a
be417af5
be04456c
bdcb9d6c
3d7c32ec
3dffea17
3e02514f
3e34ecbf
3cdb2513
3d3b4228
3deb02bd
3d71fb4f
3de975ad
3e2bbc98
bbb403ae
3e3b5037
3e015d94
3d16d3d1
3c101329
3e2d7a6b
3d6428b6
3e19bc7b
3c2bd407
3dc5788c
3d849785
3e021d77
bbd22c1c
bbe28ef6
3d02fc53
3d656948
3d79296f
3ce3f065
3d8d8693
bd0fb64e
3d341b99
3de9e5f4
3dc5e750
3e58b3a0
3e1dd8e4
3d88a187
3dad25c2
bbe21e78
3d77b39d
3d254d5f
be058eb5
bd994f43
3d4a212e
3d2ef4ec
bcfba25a
3db1df32
3d627088
bd28d8f9
3dad1bc3
3c791cb4
3e1d1865
bd2ed6e3
3d644eb4
3d81d23f
3d812152
bd86f856
3cb5fc70
3d6f9a6c
3d880a99
3ccaac05
3d569fd6
bd48a78e
3e3bfd49
bda17979
3cba9f36
3d8aa98b
3d094880
bd04e8be
3d25e910
3cdef6cc
3e0ec443
3ddfc614
bdb9007b
bd0277c3
bd5e173c
bdf27d37
3c7b51b1
bd222bd9
bb27f448
bd3d9341
bda2d090
bca9d4e4
bcc6a956
bdbb0f28
bd6c055c
3c00218e
3cd2d64d
bdd6586e
3db462f5
3cc72df2
bd12d5f2
bd672483
3d9b8e49
be0ec96c
bc9fbce4
3c62f4cd
3d7f6485
3d38a7c7
bc7446d5
bcc81861
bc91e3f4
bcf518a9
3ca7915a
3db55a48
bb053a74
3c55ad13
3d2dc91e
bc04255b
3c48194a
bd622ce0
3e31f00c
3c8bb493
3d87e8b5
bbab237f
3dc3575b
3d7b25d6
3d70df6a
bddb501b
bd8dfddd
bcde163a
3c7c2caf
3c12a791
3ddaa75b
bcc9219c
3dbe6b06
bd3dd26e
3cdec2fa
3c29b566
3c2856ba
3d9ccb6a
3d064ade
3dba5f24
bcfebbe0
3d906ad1
3d3ac7ae
3d731d4e
bd2d74e1
3e6ae8df
3ca53fd9
bd99ec89
3e3ee5a7
3e167f53
3e2023e1
3e21d922
bd7c6cc5
3daab525
3dd41125
3d617c78
3d7a1838
bc9b509d
bd677c8d
bd98d647
3d682262
bd8ad6b4
bd10f6f6
3dd29845
3cf21a79
3d0e59ac
bc879e53
bcb741e1
3d509c4e
bd2cfd3d
bd1b2b31
bc3c23a6
3dd2ca0e
bd95f24d
3d7a184c
3dbcf944
3e07b359
3d2635d6
3e0bdbc2
3dcd302e
3e0f83ae
3dc5c262
3e316c09
bce3ddce
3e270658
3d9ac75a
3e3aba39
3e79a3c6
bca4e4fd
3c16f76f
bb2fef63
bd782301
3d648269
3d26a792
bd9bbeb7
bc939875
3d3139cc
bde82a3f
bd6b728d
385dce7a
bc86d37a
3b5d03f0
bd941692
bd8aa90d
bc9e044a
3c9b905a
bcf9b22e
bd3b3476
3ddc9d87
bce5fd06
3ddb6c95
bcbe5af5
3deb7744
3da9bc24
3dad4b45
ba970e23
3d08e9bc
3da39336
bdde5f71
3cd9222c
bc012496
3cb666d1
3d0bf01e
3d0b7973
bd5dadbc
3d4f744c
bc47dffd
3d339852
3d14cde2
bc9e2c54
3d40132f
3d097b4a
bd60af27
3d262e13
bbbbe81b
bd8b0d00
bce2bef2
3c75574b
bd3740d3
3b36ad80
bd3f0ce0
bdad6a41
3c4b383a
3d949ae5
3d140f50
3dcbe8d4
3c8b474a
3d8b1f42
3db07b47
3da3841d
3c21e98b
bda1007e
bdc543aa
bd899ffb
bdb8784b
bd65f1ff
bd80f831
bd883111
bcd1456c
bcf6e6dc
bd40415d
bdef7d10
3cd390da
be040d20
3cce58b5
bddad5de
bd6706d4
bd071a94
3d54d039
3dc711bd
3db323a3
3e0bffa5
3e0af908
3b8b49ad
3d17fcfc
3d361958
3df2b369
3d6a92d1
3bef22ab
3d8eda28
3dd89ab7
3daba675
bd1628fe
bc2c3250
3da832a4
bc997af1
3d956a8e
be020abf
bd70bfda
bd81b705
3c823d8c
3b5782ca
3c897357
be0e0ef9
be1318db
be104f4c
3d82db5d
bab28f7c
3e083796
3d94f78b
3d8c48fc
3da18558
3dc41ed5
3de7833f
3d5b94b9
3e069434
3da72901
3e302a89
bc08e1fd
3cc23b34
bcf8d4ae
3deb3ba8
3cd9b140
3c8e1141
be31bd32
3d9051fd
3ca44045
3d0f8923
bd2de447
bc9e645b
bd9b944e
ba31d89e
be199c0b
3c19938e
3d6c6dc4
bc348d6f
3dc35624
3ecfb97d
bda7bd1e
bdd200bc
bc93ab94
3c64ab59
be0a96cb
3e6c10ed
3e0ca3dc
3e1dbf90
3d1e1522
3e03c016
3dcdeba4
bdce29e4
3d2e7c15
3dc73d1d
3e1f8de4
be4f9859
3e1295bc
3da6aaf0
3df3a784
3e5ace77
be125b11
3dbb8253
be4268dd
bd8cb81f
bc8aff70
bcb99d3a
be4c3bd7
be095465
bdad691a
3d680203
3e0ff477
bbb19519
be21a16c
bd80e581
bd35bb91
beba3fc4
bd691357
be346252
bc58c399
be71b78d
3c536250
3e1854f0
3d0174c1
3e0c57fe
3e4a8a2f
3b5c43d3
3e0d7776
bd3666ad
3e49ed7b
3cdaebde
3dd5c29c
3e08e561
3e285d36
bd01ef74
3d87ad5f
3df975c5
3db24715
3e87a92a
3e8265ab
bd38de57
bc981b0d
3d258753
bd9ddc9e
3e475196
3dba6976
bd1e6b2c
be23f073
bd652ff3
be32fa27
bdd570fb
bddd7ad5
be36060e
bc55efae
be6236b3
bcd33e60
3de2e20b
bcf9bd5e
bcd4e8c1
be0dc177
bd9d8619
3e0e5a0f
bc9f3934
bd9719f4
be60573a
be08bb84
3db79d44
3de77fd3
3dfc6928
3dfd22eb
bd53690f
3eaf242c
3e8f17d9
3e04775c
3de16e7a
3e0eef7c
3e811d60
3e95544f
bd2e0b6f
3cf2c875
3e274a98
3e862b27
bdc20d15
3e8d2231
bd9fdec5
3d953607
3b86cac8
3df56935
3e852cae
bc211eb8
3e4b9a83
3e2cc7b5
bd52fa54
3ddba4ac
3e204d4b
3e24b891
3e352526
3e87332d
3e207df0
3ea6b7d4
3eab8412
3e603038
bcf93863
3d6b3f0d
3d8b40fe
bdb9e4b5
3c03e13c
3d935a95
bd038698
3e7e3ab5
3e9e6d14
3e1f7fdd
3e91a426
3dbb3dda
3ddb1944
3eab6558
3d992b3c
3e1661bb
3e651e7e
be038ced
be80a140
3cbfc1c3
3bbcc54f
bd908c37
be0cfc7e
3dcebd1b
be02d1c3
3e3c3202
3c9ae2aa
3eb2ce4e
3e96649a
3e973752
3eb428e2
3e685f08
3e3f88ab
3dfa9b8b
3e49684e
3e5ce915
3cb6aa0f
be586c93
bc5ba3c4
bddd3a16
bdde803f
be10cb0b
bd8a1e66
bd559635
be8ec61c
3c93c23e
3c2ee4d7
3e1c255b
3c40ac5c
bdb73c81
3cfc03a5
be3d5d20
3e3f6651
3e0cc0c8
be376e28
bdc0430c
be062829
be69d1f8
be94ecce
be9b481a
bd940c0b
be8de25f
be52ca98
bca3e42f
3d0c87f5
be076785
be0875e5
be282454
be5b3227
be5bb866
be4bf98d
be95e7bf
3d96ca96
3dfa020c
bc0b8c17
3e24b473
3e231630
3d4e3d9d
3e84a353
3e03d646
3cdf860e
3dbdfad9
3e3c9392
3e74fc3e
3d249208
bd9b2349
3ddf25c0
3d4acbaa
bd17fa37
3e2cbc37
3cb2ffb3
3c733613
3d184ffd
bbf1a7f1
3dd32817
3e85b993
3e6ad201
3e22e278
ba984906
3ec29be5
3e72269d
3e39ceb4
3e062c53
3d3dd9bd
bc01a40a
3e9367b9
3d0f8b1d
3ea85de5
bd549f81
bdf95abb
be35841e
bb204bed
bd97710d
bdcafec0
be16756a
be84a0fe
bda8f8a9
3c90d1bd
3e2f58a7
bd124ca0
bc00aa4c
3e427276
be4d6bfc
3d54c845
3df893f7
39bead4a
3e2abbc1
3e20c62d
3d2934ea
bc91ab60
3e914ab7
3dee2b2b
bd0fa1c6
3d141abf
3e56fc52
be14aeff
be94f2fb
bdb4516f
be7cbf45
be244fce
bd982379
bcd9212b
be02330d
be36ac97
3dc54b46
bd9e616f
3dae978e
bdda0293
3dd06199
3e260881
3db8e964
3d547d67
bbcc73f4
3da3fda3
3d9d2cba
3d948ee9
3c32e47e
bd59629e
3db5b9d6
be275c02
be2a0702
bdb027e5
3e139025
3de7adb3
3ce33e24
3e60f4c3
bc76f4c2
3dd22cd3
3a9d836f
3e076299
3e0dd388
be7f5bc5
bd4b9e0d
be223b10
bdd7ce77
be821bca
3dd1f96e
3d167a7b
3d9de1cf
ba9915d8
3dc202ba
be902c02
bde7ad04
3d78a975
be78356c
be82f548
3e34af8e
3dd3caef
3daffa05
3dc22387
bd99376c
be943591
3ddbb8a3
bd69179e
be82d595
38337ca1
3cfa059a
be78f5f4
bded5292
3c3cbd61
3e199447
3d557859
3dfb21e8
bdf7f52f
bca71cf5
bc1e5a8a
bdcbc6b8
3d6cd27d
be27be7d
3e265506
3d9312aa
be0c94f2
3d3ef426
3d6a9d4a
3df88641
3e869402
be3faa34
be5918c2
be70dc29
be5f0746
be3c781a
be3db066
be955bd5
be91c422
be89a3cc
3cadc3ee
3bad9732
bd89dcfe
bbed584b
3cc0b13e
3e039f42
be6eab73
bda49633
3e65bb2d
3e072e8d
3e2aefdf
3a763231
3dbd1f60
bd0ec147
3d74f12a
3e4b13ba
3d1aaf72
3dc03ed7
ba38a195
be23efec
3c030215
bb736239
be2b6e61
3e093808
be421177
3e063536
bd1324ed
be90da13
be431fa7
be250e1d
be410dc4
be48ede2
bd778505
be894e8d
3c2fae8f
be70cbea
be82f823
bdda6252
beaeaa00
be8a43b7
bd816821
be771d27
be0b1ac2
3ce522f8
be146555
bde25477
3994918f
3d0c95eb
be12f049
3da8a234
3c575887
bd61d54c
bd13c145
3c96139f
be1afca3
bd2c6a08
be6e0ba8
be1933ea
bd06b15a
bd582f0c
be5af02b
be47c223
be85b4f5
be903c7e
be00c349
be6ea448
bdd8d1c8
be1f24aa
be16628a
be0c9df6
bc4a59c7
be1931bc
be4b4cf5
3c7352e4
3dabe4fd
bdc44267
bc81d31e
be3bf521
be80cdd3
be8bf332
be2f4218
bd030d63
bbcc49ba
bdccb653
3dee9f40
bd7034dc
3dbc2a26
3e6dd234
3e07a954
3de29422
be7df8d0
be8391f7
be3fd03f
bdf65fc5
bc4c6468
be001d6d
be7f2c3a
bdbe7492
be86b7bc
3e90c3e1
3e499b50
3e88243d
3e89899f
3e3bb907
3e577b5a
3e4cfdbf
3e92f095
3eda00ce
3e8b165b
3e11d99f
3e663b50
3d4ef278
3e6e9836
3d11e453
3e658912
3b8f5743
3e8f3b02
3e8ce20d
3dd794db
3e29fd91
3e928647
3e943f4a
3e3f1388
3e99390a
3e1ec228
3e8b68d6
3e9e639c
3e3ef639
3e8a8557
3eaa5c14
3e245baa
3df6e2a8
3ee09dda
3e9750fc
3ebf7a3a
bd57e0ca
3d8b9f73
3d7bb3d2
bdcc05da
3dad2417
3d6d205d
3cf9cc6a
bdf47087
bdae5fe2
be4266be
bd74c55b
be3301e6
3c71d59c
bd964cf9
bdfa4640
baacdfeb
bdd3bd7c
bc15c608
bdbb38e5
be2a314a
be4a54fa
be25ee98
be3090d6
be06e858
bdd9a761
bc2dfe45
bd861c65
be26bf4b
be8b7589
be9a48bb
be66883c
be2296ae
be51c073
bdad7610
bdf3d2a5
be3737a1
3e5f1385
be19a151
3c865670
bd7b0882
3e7bc10a
be05e047
3d38a319
3e48378d
3e96cb0f
bd48e6e9
bd5d37a0
bdac6720
be4e2b7e
be6c92ca
bd88883e
be3b2206
be6cc234
be36375f
3c6b94a6
3c28a6d4
3e3d3b59
bd3855c5
bce6b227
bd734378
3d7f27ff
3e599138
3d411e89
be356a16
bd9db119
bdebc53d
3d7c1211
bdb3d2ff
3da0652d
bd3163cf
3dc81d56
be00e60c
bd81b723
bdf2406e
3d9403bb
bde6987d
3e24e7fd
3e630a93
3d9cefa7
3cadae84
bd27c381
bdd02cd8
3af951b3
3e0c9199
bdc163d4
3b47ac0b
3dfd8216
3da4552f
3c8b5af5
bd6afb2c
be308d8e
3e77fee2
be6d65b7
3e8320cd
bd1769f0
3dd8f379
3e0c69a8
3e09a7ff
bd9f8f87
bc5db4fc
3e5d3fa7
3dc8e8ee
3e454ed2
3e6e01f8
3e756a3b
bd72c300
3e29c7af
bded3f44
3e1bbbef
bd3cfac3
3c9e7a2d
3e50e82c
3cb8d03c
3e0fc95c
3cb3c525
3e8ba5fe
3c2c6b94
3e18eabd
3e83a955
3d22c66c
bd8080f0
3b1e33dc
3dc8d389
bdefefe7
be2d5ded
be634219
bce5eb96
be264c78
bd33ffbe
bc0d2806
be900b2b
bd0a3594
be249768
be19a431
be9badd1
3d8d807f
3e78f2b5
3c6cf65b
3e03e345
bd98ac23
bc8cb5bc
3da75a21
3ddaad82
bb86ddac
3d96667c
bbf288e5
3d8a5bab
3e153e36
3e14eae2
3e97312b
3e4578f2
3c8b7d02
3e7212bb
bd00a35f
3bbb80f1
3e5ea131
3e84859e
be2197f6
3e043c8f
bbf2eec0
3b95183f
be1bfd0d
be98d385
bd9d8035
bd891279
3b2ee92f
3cc92a50
bc150ab4
3c9bee83
bddb61ed
3d6a712d
3da371ee
be491448
3d93efa3
bdf71487
be999231
bdff84d0
3cf42347
bdaca373
bd94e87b
3e92ce0f
bdb17da3
bcbe9e14
3e386bb1
be114d5d
3e5b1cbf
3da2a601
3ddc39ba
3da3d708
3da1c837
3e94388e
3dd2d309
3e4b01d1
3da6dacb
3e9830df
3ebe905f
3e6ca7e1
3e1ebb27
be468e1c
3d623b03
3ba46563
bdbcd021
3e9b0b5c
3e542f40
3d86533a
3da39155
3d1bd3ac
3eb41e69
3e4193e2
3e350ccf
3e28eb79
3e9d09c6
3db2215f
3ecbb2be
3dd7525b
3b2c16e7
3d8d4d96
bcaa39b2
3cd0387f
3cccc466
3e00d5e9
3e9d734e
3e95b6aa
3c55bea2
3dadc5b0
3dbbd003
bd401788
3e74c72f
bd3627e3
3e7e3e11
bc0a246e
3da97a9d
3e8710d8
3e0a3d3f
bd967382
3b089ae6
be882356
3e068daf
bc96482b
be809b57
3d16c08e
3d8072b4
3c8019f2
3e6fd4d6
3e5c3f1a
3ec4d158
3e7d7685
3e20a0cd
3eb82139
3e364468
3e7170c7
3ec35b72
be0c0649
bdce3786
be389b3a
be73bae0
bdbcdf9f
be3f507a
bdd4f9f5
bd9d0c2c
be2f445c
3e4e4fa1
bd107423
3e46700a
3d4c076f
bdec16c9
be1456c4
bdfe414c
bdd63102
bde4acd9
be942bfc
be6e8c08
be04ef50
be69b658
be5617f4
bec66708
be240c7f
bddce7ae
be9dddbd
be5f49ae
bcf9da8a
bdcac74f
be929019
be3eeeb2
bdefa360
be5ddd44
be477787
beab1e0b
3e2ab564
3de2861c
3e01839f
3e3e0853
3e32625d
3e034a6b
3bcfef8e
bd426e02
3e34cca2
3e57c561
3d9d84cb
3e732a43
3ccf5b7b
bc55a8f9
bd7484a4
3e1a8d9c
3d8ba565
3e6d69a1
3d77e411
3dc802a2
3def029e
3e3e9a63
3e040021
3e057639
3e3faaef
3db3cba0
3e3f7208
3eb14db4
3ede6492
3ebba697
3d92a9ce
3dae3371
3e89b40d
3e7a60bb
3e5b09e2
3eb05f92
3cb35c8a
3da87ccc
bca41f4f
3dcae8dd
3dca04d4
be2287dc
be437b96
3e3e839d
3d7325fa
3d06cd01
3d32b83e
bcef25f5
bd51a16d
3e7f958a
be1b5756
bdec0ae2
be48bd78
bd8824be
3d4de7e1
3dd0db99
bbc269bd
3c82f84f
3bc50de2
3e4ab076
bd02b28b
3d430ede
bc10b9b0
be803f30
be58719e
beaa8fca
3d11c65e
bd9ad41b
be187b58
bde1b1b4
be536fe0
bddcc24d
bdd098de
bc32b1cf
3e316c19
3c3be700
bd85ba2a
bde1e892
bde6dfe4
3e6346ed
3d64463c
bc206885
3d3a7d38
3c636196
3c1f430a
3da7052e
3e04d311
3dab419c
3ca83137
bcbf6d87
bd16bf5e
3dcb1d52
bd0705be
bd405916
3dadf076
bcd3d427
3e4cdcbe
3e39cb11
3d76309f
bd41f1f0
bdd9e061
3dcf398d
3c308d7d
bd7ce79e
3be57267
bcff85e4
bdbff9d3
3c931d19
3d46f481
bd33a5fa
3ddf0bd4
3d26f95e
3d0a47dc
3dcca05c
bd8e2807
3c4eb4c5
bd4321ef
bd655366
3dc00495
3d5fc243
bd1f57d7
bda4fe18
3c8d547d
bcddd8a7
3c062f52
3d9aa475
3d848f79
bd9a7cf2
3d81c66a
bc3c0d42
3d882456
3deba6b8
3dc67de7
bd082cef
3d4e1cf2
be5069fa
be459ad0
bd70b470
bdc282e5
bdb34ba6
bd814aef
3c752445
3c976801
bc9df07e
bdad9ed6
bd783f90
be09f583
bd4eba96
bde88324
bdd46c2a
bbf90eda
3b516352
bd8173cb
3d686d5c
bd4a8891
3da1f3c0
bd34c8f8
bcbff87c
bc0c5de4
3e154b9b
ba93b3b8
3d420160
bd98c6cf
3d2e5872
bda75567
bd895e9c
3bd4daea
bd63913a
bd7063e8
bd4fe800
3d264966
bcabd39a
bd862ad7
3e1a50f2
bde06a59
bd930800
3dd76421
3e398ee3
bd2bd55d
3dba5801
bdf531ae
be0cb8e7
3ca2ae6d
be05f876
bdb1a18f
3d167b5e
bd90264b
3d48ea3e
3d2a6fe2
bd51c146
3aae49f4
3c83c7e3
3d45edd1
3cc4dd75
3dafacae
bd986124
3ccfa6c2
3cf75fed
bd26cd94
3dd1b379
3dd1262d
bce6b4ca
bd903b49
3e459dc5
39bb8575
3d7b1543
3e57b0a9
3c995d59
3ca76891
3d655981
bd8b91a5
3dbb8ba9
3d220910
bcf5406a
3c101a86
bc8ffb44
bd502fda
bd9b2350
3dcf2c56
bd0cc3ad
3dc65e41
3d0ddcf5
3d7842f4
3d7f382a
3cf4fd29
3e13944e
bdd19d37
3e12655c
3df503f2
bd3e5dbc
3da7680e
bba10e9e
bd480931
3dad2c63
3e2b843a
ba42de92
3db7c7c9
3d85f64c
3c1fc51a
3ca4076c
3e6fa33f
3d853cac
3e9fa59e
bd13f914
3d70567c
bcaf9086
bcb3fb2f
3d334ed9
3caf89fa
bd0718c2
3c8ed52f
bd6cfead
bd36bbcb
3ca3b12e
bc481a56
bd8e6931
3d02e16c
3d9011f5
bde53324
bd291f20
3d66e087
3d213eee
bd7397c6
3db7480e
3dedcd92
3de65453
bd22cee5
3dd48c1c
bd872d0a
3da3d5f2
bdc579f5
3c87cee2
3c976b76
bda9bc2e
bd88898e
3d01e303
3c212b78
bc25fa9f
3b2f17ea
bd7d845d
3d137a22
bd9f7e40
3caa7976
3d05da4a
3d2e357c
bd61887e
3d0e0ae5
3b4a1847
bc4c04ad
3d05e33a
bd9de478
3d52ca54
3ce9a2ef
bbf3f39e
bda0b327
3d237846
bd3177bb
bdb32c5e
3d4f43f2
3d4bd485
3c8db35d
3d1acd5d
3d94c012
3d544587
bd39f164
bdaa1de3
be08a9dd
bdab00ee
be4f53b5
be056e97
be39ba78
be459619
bdf55d02
bddf6c1b
bd7bfc54
bda1e585
bd11e818
bcb2ea8b
3c4fc8a5
bdf49ea1
bd7c4772
be12a088
bdcc6829
bbc9dc6e
3de22fe7
bd295b3e
3deb695d
bbcb3051
bdfd1dba
bd0ed848
3db2ef9f
3dcd43eb
3e080be9
3d121e3b
3dd56472
3c9ef455
3d5962f8
bd485338
bcb59b1f
3db45107
bd2bbd40
3dcd6611
bd1d1c73
be22c11e
bd558f75
bd899f42
bcfca325
be1538af
bdd26d64
bce98033
bd4502bf
3e1884ea
3d9e4308
3d5ac4bf
3e18c06a
3d9b4211
3d468a1b
3e239d9d
3d65f980
ba8c736e
3e040500
bd4f0e12
bb83b6ed
3de89674
bd04dc4b
3dc3114f
3e3fcd13
bd2854e1
3e2e2685
3c77eb32
bd177649
3e13c906
bc9122bf
be414b4e
bdc325cb
be57c0a0
3ce074d7
bd8033dd
bd58c3dc
3e2701c2
3d976147
3e14f2d9
3e4ac79e
bdb8774a
3c377f7e
3e61fb59
3de69e9e
bded033f
3dfff2c6
3e73a8e6
3dc94d5c
3d9db6f3
3ea2e17d
bd232433
3dedf17c
3dee14ec
3e048bae
be5321a0
3ca2a7fa
3e095f1c
3e5b1fbe
3de6a588
bd0ebd7e
3caf2ddd
bc9c009f
be5bd315
3e0718a4
3d96668e
3e1b8684
bce12776
3d7fa69a
3c406d89
3d46f441
3d524922
bd8e004d
be771c4e
bd89254e
be45f77e
bc5af8a9
be6439f1
bcec8f18
bdff545d
be9e2eac
3dc6480e
3c409014
3ddc37a0
3ea046b6
3dbae054
3d058467
3c76fada
3e828239
3dca0479
3e02a292
3da2a810
bd2d8fa6
3d2a9aab
3dee57c1
3c36d90d
3e343bee
3d7b13c9
3e795470
3e8379b9
bd231c8b
3db17177
3e275952
3c6f12d3
bd56ec00
bd874834
3e33e13d
bdeec7ac
be37f660
bd230c6b
be54ac7e
be35adbc
be40093a
bc5a8d37
bc983d25
bd8b72bc
bd2c933f
bdb3cb04
3ddc78f0
bd1829d0
bea2989c
be0529cf
be79a9e9
be432a99
be81e6ff
be0bd64d
3e881613
bdef38a1
3e68dee0
3e7f1359
3d957439
3cfd221b
3e9dc0e5
bd18e6a4
3ea02fc9
3e7f7b04
3e8e3174
3e68f888
3e060531
bba66860
3dc3fb1e
bbba2ffe
3e562bbe
3d9c230e
3e2e65d5
bd1946b4
3dce849e
bcedbd1d
bd65dc27
3e1cd806
3e349697
3df64255
bc413b76
3df911af
3e9a8819
3d5c7931
3e11059b
3e7fd897
3db6ebca
3e8ef9c2
bd0cb9bf
3e8c341d
3e060645
3e78b2da
3e58d0f2
be20caa1
3e084d19
bcebe797
3e0aca63
3da8ca47
3e65d9de
be4da646
3e1ccb4d
3d1889e4
3e4d6e77
3e5a0ca4
3e39d3dd
bc686c92
3e913ec9
3e18598e
be3fcc46
be863851
bdd530b6
3cdb736c
bd8194e5
bc29fbb9
3cef6423
3dc497e3
3e216847
3e528c7f
3e7082ae
3e63e691
3dd18c52
3e81923f
3df4b509
3eb6058d
3e6022ab
3ea002e4
b9775c14
bc9246c9
be71c5e5
3b3b8396
be4ad9c3
bdeec407
be01ad86
bd85c78c
be20a0b3
3e181e4e
bd5bdbfd
be099999
bd03904b
be0bddf7
3e3969d5
3e262ba3
be1286a5
3e143345
bd28c926
be64928c
be2e6038
bebc7b8a
be197a82
bdc3227c
be248522
be3e96cf
be80b5ff
be03f05e
be1538bc
3ab9aa09
be51e173
bd7bb45d
bda7a798
be80b772
bd505b3e
bdc8d77a
3e02ac76
3cc1f791
3ea6b426
3e09fcee
3d79171f
3e02cffd
3e629790
3e172d18
3e5c0990
3c91e66d
3e1e499e
3de9d7cb
3e1979d4
3e3d7a1e
3e21a8ca
3d930a55
be0f43c7
3e8781fd
bd910702
3e1446b0
3d10454d
3e8a9244
3d5d75da
3e92cf38
bd3dda61
3e8fd8e1
3d1ec772
3e8846c2
3d66e074
3ebbdad6
3d74f54f
3d56edd4
3db278ca
3e29e2a1
3e6847a8
3dd444cf
bd667176
3e19af8d
be457367
3dec3a91
be2a08b2
be5248a0
3bdbddc4
bd4da823
be6821f1
3e28f275
3e6191d8
be24b7a8
3e349f4c
bdbd09f8
3dabc3ea
3c70e085
be4f6f11
be627f57
3dcf789a
3e0bdeb6
3e78bc58
3e177b3a
3c31a6d8
b9f3377f
bd80e3c2
3d28c7ee
3c519071
be85915f
3ac75a11
bebaaadb
bd259ac7
bd6ca8b9
bde0f240
bca33881
bd3cc335
be384513
3e107314
3d3b6593
be203cf5
b9de161b
3e6d2f9f
3e72acc7
3d0c873c
bc3c4a77
be43781e
bd1973cf
3bcf8458
bb935749
3d525456
3dd0bcb7
3ddbf114
3e07c17b
3d21c013
3c8e7ade
bda16939
bddfbead
3cb1dbc4
3d8e2bd6
bd951880
39f1b603
3e5f2542
3d93de38
3e25c071
3d17ae4b
bd334489
3cc2f4d7
bcd64dcd
3d620e94
bda0571c
3e088a4c
bc1846ac
bd6484ac
3d629a16
3d8f9227
3c23a428
bcd27080
3d65e17d
3e0627d8
3dc456a6
3dcd1a0f
3deda0cf
3ddbd87d
bd9317dd
3e65d047
bdb40cc0
bdafab91
3e0b0448
3d4d8e61
3d763d5f
3e57f35f
bb52436d
3d477a52
3d959a14
bd799034
3dd77cd6
3dddeee5
3e03d1e4
3ceb933d
3e252fce
bdbeafb6
bb578f7b
bd9bad7e
bd8e8548
bdc7cc02
bd788cb3
3d598e45
bd0ac8b8
3ced53c7
bcd158b0
bde3f749
bcbe0b95
bd2bef6b
bca9eaea
bc8e0c22
bd83c73d
3db6408d
3d85c98c
bd27f284
bc5d158d
3e0de98a
be0c3da3
bdcb7aa7
3d4cea70
3c20dc0a
3ceee051
3d98ffc5
bddc931d
3d18da37
3d060533
bda96343
397d1d6b
bd66b188
3d144df7
3d0c7af2
bcd95378
3de7e944
bcc5b97e
3ca6678f
3d1cd0aa
bb5e555d
3de0f199
3e0b0ceb
3c287e34
3d9482b6
bde44b3a
bc86ba00
bcfd5d00
bd45f1c7
3d1e3982
bcc5996d
bbbce420
bca9c417
bd2c23e1
bb52e31d
3cf8a437
bcb5143b
3d35b95b
3de7a381
3d4be44a
3d4b1f98
3d97f9f3
3e08f8a5
3e069f30
3de88972
3e37d2dd
3d6e55af
3c5bb2d3
3e2b7c74
3e41daea
3d5088fc
3e242228
bd806c2f
bd92c72f
bd1c1426
bca8c6d6
3c0940fe
3c100cff
bda173d8
bd8530d2
3d13d0c4
bd2535e2
bcc0cc95
bc2b79fd
bc78e267
bd423c3e
bbd8d3d8
bbc5eb0c
3cb5c2d2
3d7aafaa
3d884eb6
3d6ab1fb
bd086dc4
3d2e4218
bdd0953e
3d8c9052
3deaca90
3d3ab72e
bd539104
3d58122d
3e1a1f4a
3e2c0be3
3d96f48d
bb238891
3d61358c
3e676c1e
3d8c4bb3
3e54ab64
bd0f2007
3d3603f0
bbbad015
3ba0dcd9
3c06e9f0
3ca4cdc4
bc938e83
3db45201
bb9b7345
bdcef630
bdc2861c
bdaa6346
bd5ba4e7
bc993b84
bd634d92
bd9691de
3cc211b8
bb907fa7
bcc7de19
3dd148f1
bd02f42b
3de29dfe
3dd6ee4d
3b55191a
3c5a011c
3cfbd986
bce740e7
bd3ce34c
bbe2fb15
3df32671
3b41e448
3c94800e
3db8eeec
b98e8689
bd4471cc
3df28ef4
bd3e7c06
bd4ff831
bd47a4b5
3d3dc421
3de6c0f0
3a6ddffa
3d2dc65d
3c7a4710
bd6f99cc
3c699a0a
3dad1430
bd1bb875
3dcebdac
3db7df64
3b324553
bd77981b
bce00da7
bcda36e3
3c9d851b
3d190390
3d843341
3a944719
3d29f6ec
3d1eb20a
bbab4dcc
bcbbe045
bb538469
3cd4da06
bd9766dc
bdbf9b8d
bdd607e3
bd956dc9
bdc249b7
bdac8321
bd82a3c9
390a776a
be2075f2
bdb95587
bb46fff7
3d355212
3cb4b9ef
bd60cf89
3a98d4ec
bd3d61cb
3c00e263
3d22b45a
3df45e0b
3da06acf
3cc3af02
bcfdcbab
3d86df96
3d19c1f6
3d04ab1d
3e0aff5a
3d2a2472
bd64849a
3cb7ff6e
3db41eed
3c5b196f
3c8bdeac
3e17c05b
bd834989
3e51d1bf
bda02dd5
bda1286f
bcfbdbd8
bda372f2
bd1b87eb
bd28767a
be24c7c1
bd2831eb
bd3a6497
3e18c035
3b88a977
3dea527d
3de0fc03
3d397b86
3db1811d
3e0f3e61
3bdbb012
3d36f2df
3e0c55fa
3dd81d8b
3e426be0
3e16d0fc
bc90bde4
3d076c80
3d3d7179
3e0bac74
3e53d977
3d983af4
3d5a56e3
3d33ec7c
bc802c1d
bc75b7e7
bbd4f194
3e1f3522
3dc252ef
bd070fa1
bcd95a22
bda847b5
bbb19648
3dbc9e9d
bda94193
3dc0de27
3e5d9b49
3e20841e
3d595bf3
bd06f633
bd3246c1
3e10f483
bd93fbfd
bc74ea29
3d8cae75
3d35dec1
3d1b1f61
3d50fc8e
3aa6b5aa
3d939da3
bd186b17
3de39221
3e396f71
3e121761
bd008738
3ddfac53
3be98373
3e18258e
bd322538
bce1a264
3db10523
bdd6d7f5
3c966ed3
3db39401
bd1f7ddb
3e61db40
bd3c440c
3caa7306
3e18acd9
3b402408
3df2ce76
3d86799c
bd5d4e50
3e040da3
3dfead96
bd501831
bbc45b7c
bc2c0c9c
bd6f3384
bc993eb2
bd74725f
baa58024
3ccc3219
3c025f11
be1f546c
bb2fdbf8
3b9bec2f
bd1c5546
3bbf0483
bdb0b37a
bdb8aa33
3d7f647a
3cea2197
bbf2d644
be0e21e5
3cb24558
bd0b588d
bd5a8bf2
3d0fa3e0
3de1824a
bcf8478c
3ca219be
bd64f65e
3d733f1e
3c04b545
bd845bd1
bd03bbea
bd277bbd
bcb2963f
3d76d7ff
bd31430a
bc4ffe5a
bca86ec4
3e3b5eb3
3ddd76fb
bca26456
3c5e1e3d
3e130c13
bd6d5ff8
3e15c84a
bccfacc7
bdbbe5db
bd8b3703
be0c89f7
3d2307b3
3d95918a
bcb2e85e
3d3c14d5
bd874423
bd910b71
3ca65c08
bd1722d6
3d657f71
3db25951
3cc52216
bdd18c6e
3d1f63c0
3dc3545a
3e466cbe
3cf9f96a
3df168a0
bd3cd804
bd777083
bc6ec23f
3e6bcdfc
3dff1a5e
3de365dd
bd90663d
bd9f0c0f
bd4dbbda
3da1efaf
3c911b85
3db218f1
bda49708
3d5825a9
3d82720c
3c0b255b
bcd7b53e
bd8c5ab3
bd8fb32b
3df928c3
3c9dcd46
3cf5910a
bd1a46e2
bd3e2715
3e0bbf27
3d806d96
3c380768
3ded945a
bd772096
3d0a780b
3c10b617
3d8933c1
ba942891
3e3b3288
3da055d1
3e08a98f
3c858a03
3c1f000b
3e53bb0f
3e49dbcb
3e00546e
3e4ea45d
3d362bd8
3dac5755
3d202c83
3c89fc2f
3d5d3d2d
bc5ccd47
bba91c0a
3d4a873e
bbafb81c
bd4182e9
bd90e977
bd8f16c2
bd8c4435
bd4739cb
3a631afb
bd72217e
3c38ef7d
3cd75873
3cd19139
bd0ea870
3dc504bd
3daf4063
3b6795f0
3d49159a
bd7b4f15
3a0fd680
bc3761fd
bb6921f3
bcee98dc
3c7938ad
bbe95d83
3d8fcef1
3c6b4c78
bc31cbc0
bd146619
3d63db94
bd8189cd
bcd3b2f9
bd98f16a
3d4b63db
3d596153
bc87b078
bc9d0023
3c3d539e
bd4ca081
3d2e90c3
3d27498b
bd899a13
bc005e88
3c5832fa
bdb8832c
bb9b6ad6
3cdc99c1
bcb5a7af
bd4f22f2
3d0ea20b
3d9c27af
3d314fba
3ca48ded
bc48ad67
3cf178a7
b9e46bc7
3d1b5989
bd922f4e
bd98bf69
bdda46f9
bd050aa5
bdb9df5e
bdedc364
bcb4d47a
bdcdf4cc
bde785f3
bc213c06
bcb784d2
3c8fcaac
bddb4e28
bd862c5b
bdaf859c
3c224abb
bd671282
3c19a312
3decc525
3d8c3782
3dcef0e1
3d02102e
3d86ca6c
bd84c84b
3e246bf3
bd47379a
3cd4799a
3e25e32d
bd96feca
3df10c4d
bd8f2870
3d13bf55
3e088eec
3cca669a
3db3e399
3e53c351
bd7b2ea4
bdaf30ef
bd325d19
bd5b51eb
3bc413ce
bd9ceffb
bd787328
bdc4d1b5
bda83317
3c6674dd
3dda70ef
3d8b876b
3dec467b
3dbe7489
3de06e2e
3dd5e7fb
3d83f3f0
3de2ff2b
bb1652cb
3d52e474
3dcd5bc0
bcec3e1d
3d4182e4
3d9407c5
3d9dff5c
3d8723fe
3d583062
bd70beeb
3d0c8366
3d92c7a8
bd0b59c0
3e0c1c2d
3d13a607
bdb0d312
be09df02
3c1a78c2
3bc7fdd0
3e87cfc2
be5a3804
3bc0db60
3cf83c21
bdf9badb
3cce5612
bd06a12f
3e16365c
3ce717e9
3e1e9f2a
bdb5e1dd
bd6f4e1a
3e917a32
3d544805
3e702d24
3e200d70
bdea3896
bd2b150b
3e3103cd
3e33afb2
bcf938b0
3b93363f
3e010889
3e6e5fdc
3e11ee24
3dbdbe28
bd2f5a44
bd1a4fae
3e1cdbdc
3e722a31
bdb8d7d3
bd2bda30
3dfde34d
3e3d5250
be26145b
3de3817a
bde329c0
bd881d95
bdf36f71
bdaa6cfb
3c66fca7
3d74f5cc
3dbcedcc
3db15857
3c7f6868
3e0935bb
3cb10137
bc7e9f8c
3d39dedb
bdc95b96
3dbb2c31
3cde555c
be094883
3e314658
3d16a412
3eab246a
3dd7cf16
3d8e21f3
3d163613
3e16c361
3da6b130
3ebbfd68
3e6dc51a
3dc4851d
bd8e28e5
3e1eea8e
bc334297
be42fa83
be1bbf58
bd1cabc8
3cd54248
be25898f
bccdd6c4
be6e78af
bd780431
3e129e78
3d8c9bcf
bdea680c
bdae760d
bd1df2bf
3cd64b75
3d95722b
be4e4913
3da8fac6
bcb97da8
3d65894a
3cb72bb5
3da6f651
be1471a0
bd285ed3
3e78aeb1
3d8cec1a
3dfeacf9
3dcb7992
3e6b53c9
3e9796e5
bd9cdd5f
3e831882
3e7e8329
3e250086
3ea2d134
3e5d3ed3
3e547572
3e15e56b
3e773dd7
3db76b5b
3e682b6d
be25de82
3e4cd6da
3e3dddd7
3e14bfbf
3dc8afe7
3e357c28
bda244a2
bcbe1b99
bdbbc4d9
3e9746dc
3e84a331
3e2ffdb3
3e2f6ca0
3e902825
3e4952f9
3e2a758c
3e202087
3e5e95cf
3ddc5f92
3e0c66ce
3e730f77
3e0e6132
3e0ce41e
3dab55f3
3cdc8449
3decc1f3
3e1edd43
3da126db
3e15d645
3c370019
3d08c1e8
3e4dcf41
3e9e92ac
3d77c325
3e2e25f6
bdc0121f
3e002d15
be1b71a4
3e0b1a44
be25f94e
3ad5260a
3e02b28f
bd826837
3cda231b
bd55f693
3ebd2ffc
3e8443e9
3e98a68a
3dcf30c8
3e004e2e
3e0b2ee8
3e966ae0
3e44ab04
3e82a3bb
be148649
bd7a6ac0
be78d230
bd95d0b5
bd82fdd3
bdbbedf2
be4b8d5f
bdd38898
be8e6e88
3dfa2f88
3e166a41
bda15713
3da45dd4
3d15e4c8
bd5b850c
3dfe9489
be02bff9
3cd933e8
be0c4c17
be592c66
be147d2f
be7b07f4
be83e601
be4ea8ea
bea3800e
be3b68de
bebad8c9
be6d9cb8
be345d4a
be945901
be0fb908
be1bcc44
bdfc84a1
bea6f2c6
be526098
be89db50
3dffac98
3c478399
3e201afe
3e446d89
bacdf586
bcc7f1d3
3d781c49
3dbfd72a
3e284058
3d5cd3fa
3e0d1e81
3e8decd4
3e4f1fb4
bcede650
3d6e8b38
3e3b05db
3d836409
3e7ff456
3e09f34a
3dab1d29
3dc05428
3cc8b71a
3e2504a4
3e55c722
3de5ef1f
3e48a7dd
3df5bbce
3eb62dc7
3e23edaf
3eaeb042
3e43e70a
3e7a7c59
3e3c3ae7
3e2c447a
3e7a93cd
3e828460
3dc05d69
be166b8e
bd0514ea
bd01830b
3dd51e95
be4ce01e
be117330
be347066
3da42301
3e32b0fa
bd1f3bb5
bd8dafac
3c089878
3daf9aec
3e8e66b0
3e47e049
3e1556fa
3dea00a0
be0e8008
3db7cada
bd8e89ac
bd2f8781
3d99693c
bda19f94
3d917703
bdb14eb7
bceb8f75
3d05adca
be22713e
be91cd77
bd2328b8
bd7db66b
3cbcda78
bdc71e60
be6f8ce2
bd5d0901
bdd9dc82
3e01848d
bd5f51b1
be1c9ce0
3e068084
bcf97460
bded60cb
bdea0a7f
be39511c
bd365159
3d43860c
bd8371ae
bdf0aff9
3b60f7bb
3d09998f
3d9525a5
3c7f833e
3de63f64
be152353
be1f7d58
3ea2887d
3e8488b3
3de40e63
bd22b2a5
3d94d69d
3dd0e835
3e63db7a
beaa8cb4
3944b323
be7279fb
3d51eee8
3e195e7d
3d071782
be0a8358
3d130b52
3e6fb2ea
bc5d9922
be288f3b
3ca026a5
3dccfeab
bde9deda
bd314e1a
3e3e318a
bc2bd6c1
3d498657
be1e9acc
bdfd1c39
bd6853cb
3bc1a3fb
3d62a514
3d4d538a
be7f4461
be598ff8
3ced5062
be6dbef6
bdea7e0c
bbf58710
3d0711b9
be323756
3b936c24
bd244603
be026da3
be1238c1
3e4a568f
3e0639d7
3e88e87f
3d87bf97
3d70547c
3d908867
3e1b32cd
3e364938
3e78352e
bea7e867
be0aa5d9
be0d130b
be438250
be5022ab
beb39636
bea9bd3e
be8f1803
bef8b9bb
be067f0e
3d069489
be74d439
b993441e
bc4408cd
bc7096b8
be01bab0
3e32fd30
bdbb37ed
3dda8c15
3e03714b
3e65d979
3e1f5341
3e144012
3dbc3518
3ea0c6e1
3e53efe8
3ebe944c
be39464f
be5fc80b
3b8dcada
be636129
3e01c444
3dbae886
3d997eeb
bd2caed1
be420f63
bdb9bb5f
bcecd9e6
be20fb5d
be07328a
bdd9c2b6
3d7f8c15
bc7fd1f5
3d89b4ca
be0b764b
be89911f
bea72d5e
be8289a3
be3a0e69
bdaae59a
be2afe63
be398ac9
be4fc75a
be394ba3
3d4ad95d
3e55c6cc
bd19d60a
bd6c87a0
be067f6f
3db1d2b1
bd886c81
bd5c6a3f
3e1b6c7c
be0ca10d
be2dff91
be2d1a39
bda820bd
bdfb43af
bd5669d9
be206995
be803752
bdd733af
bce5b2a7
bca1c386
be69fda3
be8746c8
3d0060c4
be1fb4f6
be96907a
be60f04e
be824263
3d72b968
bdaf43b3
3de15498
bd8c0686
3ca6777d
bddd5059
3dae5af5
3dedff59
be6b24b4
bdaf8331
3db88e40
be120887
3b2135a7
3e53c40c
3e12373b
3df61c9a
3da593dd
be4ef568
be8ebe2f
be7998c3
be4b8f43
be11efcf
bb840ab8
bc6c0a11
be1b30b6
bdddd0b6
bd904ae3
3e9c9cef
3de91c25
3eba1faa
3e8e80ee
3dde3c90
3e8e8805
3ea5219d
3e8c62a4
3e4d5d0f
3d2199f8
3e47fc62
3e1e15d7
bd7ab5d8
bcd03ad1
bc681d73
3e595c70
3e24ba86
3da60291
3e273081
3e61fa63
3e3b2df6
3e81ef15
3e4094ad
3e0e4641
3e925c4a
3e69caea
3e528593
3ebb63c9
3e45b45a
3e7f0911
3e8dd4fb
3ddd6784
3e2bbef1
3eefeab2
3edb0f27
3ec08b00
bd21ae6a
3c093734
3c95964f
3dbc12ce
3e260e35
3da03703
3bdfeb6b
3c7e386e
3dbcf73b
3b992cc3
bd864e6b
bc9db80b
3d130a33
bcfb9f6e
bdc5675f
be725192
3bc39ee8
bdc8035d
be1ca029
bdbdbb20
bdc74814
bc73b1af
bdeb2aed
bdf13f33
bddc84fc
bde80d69
bdb89cac
be67c900
bdb06ebb
be6e50db
be6d00b9
be37798a
bdf1aacd
bdeb4366
be005df6
bd8ddbbd
3deb0d24
3d723b25
3def0bf9
3e26d488
3e569e62
bd297c66
bd92c806
3dacf01b
3e10ccb9
bdad5b2f
bdd3f95f
be2f3907
bca8fa85
be7e84b6
be89b054
bc748d25
bdbef35a
bd4e112a
3d9219b2
3dc7da9a
3e74ca2e
bd976d25
3de99791
3db5716c
3d9f2cee
3d4ea7b7
3de5974a
3c5ee89a
be6280f5
bd49736e
bcb40df0
bda2b5d4
bde8494c
be153b54
be515a9e
3d736a11
3e44b65c
3cc0112f
3e43eca1
bd9ff501
be03ef98
3e158da9
3d94b4e8
3e30423b
bd054348
3dbd9f55
bdf3e696
bd6630dc
bd1f8ac6
3e4c4ab5
bcb3b794
be0fe6ae
bc40671d
be15d06c
bd2b9712
3e6e2e9b
bc8c26a3
3e271c56
3ecf719a
bcb43179
bd84f975
bd91d5a0
be244686
3de01636
bb31f66b
3cdd9ba3
3e911881
3e88d201
3d13f0ac
bdd914f6
3d5f4cd1
3e8be1ca
3d25ba27
3d546b8e
3e01d8bc
bca27999
3dcc010f
bd3523dd
bd544906
3e580f59
3ba155d6
3cc37595
bdba1b85
be2c4521
bc20289d
3e329156
3e147c46
3e0eade7
bdfc92f8
bdab1bbd
bcb7ae12
3d3768a9
be32efcf
be197da8
3b23216d
be8e1016
be5bcf2a
be24e622
be43ca92
bc445941
3c7359a6
bcce0f49
3d564c1d
3e2f1a84
3e18c89e
bb87e151
bd0f6564
3d063204
3d9c158e
3e40c525
3d8c492d
3ce211a4
3e5c580b
3df3081e
3e89faf4
3e4dfe9f
3e57ef9f
3dd06121
3deb3462
bddc5688
3e1ef8a5
3dc038da
3dffdee8
3e0a9d65
bd5a2ee7
bd67c5bf
3c1e380b
3d1649b1
bdf931ac
bdf18af6
be1fa773
bdbe5e4f
bd7de6cf
bdafbe89
bdfd8121
bd80c508
3df0d81d
bd285747
3d983e75
be998bf3
bdb89235
3d61d56d
be03fae6
be7dc98c
3de941c8
bddc993f
3e1626d3
3e5870aa
3cf5f9e9
3d963814
3e9d5d65
3c9c7a77
3e57eab6
3ea34599
3e0e7e52
3eafb0ed
3e13d4f3
3e06175a
3d953293
3e9e1f36
3e66065d
3e324271
bb5b7500
bdd38968
bd32b733
bdb48954
3e03f7f9
bd846915
be097ddf
3c27027d
bd464a67
3ed2a083
3e166180
3e233874
3e594327
3e0c354d
3e9b356d
3e5e6248
3dc3c338
3e6e94ba
3e0b43f8
3e702774
3e2e9d43
bd8de428
bc94ba59
3de4b932
3ea57d4c
3ddc7391
3d8b7a92
bdcb62cc
3e277416
3e3ae459
3e50c6cd
3e7c45e4
3d671dd7
bd5926a0
bd6f1c5e
bd2226f3
bde97d8a
3db8ee3a
be2a726d
be1d30b9
3df96367
be225945
bda078dd
3e09d43f
bdbae0bd
3ea1379f
3e4daf77
3e4184f2
3e55540d
3e0150b5
3e7796d7
3e2cf484
3e25dd4e
3eb83133
bde9e955
be5e3647
bdeea21a
bd761f64
3d01ae09
be874e6d
bdf53770
be41f9dd
be92507f
bd97f07b
3e3df69f
bcee683e
3c9f5dce
bd83fb42
3e6a5a46
bc876931
3e2cffed
bd828578
be4501a9
bdf56a3a
be6ad2b4
be401ab2
be71dea1
bebdcb8a
beb9ccb5
be663c2b
be841c61
be9fafee
be72d30b
be808641
be473c26
be0d32c5
be4e6b1b
be20c238
be427be3
be7cd0e0
3e362d45
3df65dc0
3e6a13f3
3e01401c
3d2012b2
3ded1501
3e01a95f
3e179604
3e495a0b
3d6c23c9
3b8255d8
3e36444e
3e216775
bd6308bc
3e81ab21
3e39a70d
bc8d15b8
3e608cd7
3d77aa8a
3e464b63
3a1b6329
3e4a98dc
3dab6e6b
3e4f5a54
3d831118
3e865a8a
3e81417e
3ee7fb25
3e67937e
3e937a34
3ddd3b83
3e65a94f
3dcf1798
3e610ad7
3e481469
3e79e3a3
3c252c2d
bdd15c54
3c1bc43b
bdbb9f64
3c717a1f
3c18cbf6
bd493e69
be074a25
3e891196
3d832da2
bc702b66
bb833d4e
3e64b712
b9ef3bf4
3e265f3c
3de17710
3de86d4e
3e5880eb
b91c5dd7
3d834f0b
3d894bf3
bc2e34ae
3cfc50dd
3ce4f908
3da067db
bc56e769
3bb5499f
bde5cc2d
bd7ebbd5
be7c8151
3da877e6
bdfcf9a3
be30ecda
bd7f5f31
be8d3107
3da33595
3d660f8a
bdd20832
3daf8562
bb984070
bd389603
3d3f3b65
3e4d85c9
3ca58b03
bc2e9f81
3da4b3cb
bd084df7
3d669334
3de77051
3dab7a5c
3c9eb2f0
bb9cc8a5
3d48e535
3b8502e3
3bdf9a7f
bd3521d1
bd790e98
3e181bc5
bd77de2e
3d188899
3d9b9563
3d4ef98f
3c6e02a6
3d1e6764
bd47cce5
3d64e302
bc6702b2
bca77e62
bd680d95
3d827423
bcf17f2c
bd2fb512
3d7aabbe
3d2aefaa
3d69eaac
3be89ae3
3dd7a94e
3b64850e
3c12db4b
bb9f35fd
bc976ecd
3da1e0b9
bd2e3dd6
3dc4ece9
3cf6c316
bdb7db93
3c521d01
3dd4b541
bcf09312
3e19bbc6
bdfbabf5
3db4631b
3ddffac0
bd8166f9
3dd3413d
3d3e84c7
3d37f5e7
3d844b61
3d8156bc
bde46a67
bc858528
bd89e77e
bd9f5425
3da2993d
3b5fccc9
3c3933d4
bc6065db
bd4d9583
be010c9c
bcf2d588
bdede26b
bbb338ad
bd9cf41e
3ccfa895
bd81f4cb
3d278227
bdd46e5d
3d369687
3b7b78b8
3d80e961
bd717997
bbe48f57
bd417dc6
3d81d710
3daf9983
3d735bfe
bdd68aeb
bce06bb0
bd08ff0b
3b9c9eda
3d8a2ef6
bdbc2f99
bd79b2f7
bb386f53
3cd9a2d4
3d3debd9
bd9c4191
3d7f0e74
3de2c6ff
bda73541
3c27159f
3d2c802b
3cbc88f5
3d482d8b
bda73999
bde00eca
3ca3d2d2
bde3a748
3d5b7bf1
bd477dd8
bd99cf39
3d8dbf54
3d6a308d
bcdd858c
3b855f5b
bced5f35
3d239499
3d9d80b2
3dc620b4
bd95f828
bd64aa24
3d7e213c
3d307251
3e179fa9
3e5d07f7
3e15c6c8
3d7799e9
bc23cefc
3c2b22ef
3d691ec5
3e638335
3d7812df
bcdda94f
3da808be
3c031177
3ddd085e
bd805c4c
3d18c420
3d5076d5
3d2c5d6d
3c8c81c9
bd63883f
bba1bd07
bc9c5624
3d86b6c0
bd0f6ee4
bd215736
3ddedd7b
bb02e1c8
3cc63a57
3c7d2b6d
bca0a189
bd2ba6b7
bdd3eaa1
bdbf5693
3e0ce104
3cff0f22
3d6eff25
3b9ce852
38f0fb44
3e581afd
3e2d6f2b
3d83b106
3e33ea1b
3cdae1e2
bcd6ccc6
3e8d7f80
bc940fa5
3e063076
bc0e6bb2
3c344eef
3ddd6721
3d92475b
3cd005f2
3d1c6fd3
3c7788fa
bda529fa
bcd826bf
bd6366f3
bd80304f
bda43b0d
bc5e6d89
be1024cc
bd04a4e7
3d7a28bc
3d8be485
bd587dfb
3d3fe884
3d598a97
3e0d4249
3d8964ef
bd774433
bcfd5f5a
3d712d2f
bd2b2570
bd62a1c5
3d318cf8
bd872bfe
3d0aa81d
3ccc8d63
3cb5692c
bca8824a
bb8feb38
bb5991ae
3cd81579
bd5b9149
3c88a972
3d9b112b
bc999be0
bb4f5d32
3d953008
bbc99a88
bcebfc83
3c9ba7f1
3b3ecdd4
bd95ca9c
bbd0b913
bdec7336
bd9cf695
3db2d49f
bdc8834e
3b789b3f
bcf86dca
bc2e42ba
3d719c47
bd641a9c
bd2e473c
bcda9bbf
bd7e6730
3d98a832
bd28cc8c
bdba9325
bd938b2a
bdf65198
bcff9113
be20055d
bc073217
bddb72cd
bdd73cc7
bce7f760
bd016d28
bd347552
bc9b9858
bdcecb3c
bdc45e48
bdb66efb
bd50f7f6
3d3b2fcb
3e42e7fb
3dc91fa7
3db8cd5b
bb41004b
3c7d330a
3de81f3b
3e3d0585
3e0f643f
3d1fa8ff
bbb97fb6
3d099ecf
3de326b9
bd9258cc
3d6a910a
3cea91db
3e3ec203
3abe22c9
3dffa634
bdb4cb27
bd0993de
bcc7615b
3b11f064
bd87490e
3cb82e4a
bd0b8aba
bd1adfb4
bda3107f
3da62ab6
3dc45097
3d4db4e6
3dd36bcc
3d1404e5
3e2f4b93
3e154031
3dd1fc4c
3d76b03c
3dbed8b6
3d8388ef
3dace4ee
3dcc5584
3d29ad90
3dd2def3
3e42770c
bc913314
3e296543
bd820e0b
3e077869
3b81ceae
3dd60b6b
3df9365c
3e043a81
3c8a41c9
bd811112
bd900f90
3db09445
bd07e23a
bd0ca110
3dd7985d
bd5b777d
3e08f46f
3df3ecca
3e4de4cc
3dcaa16f
3db4b1c3
bdc933bc
3e218bac
3d67bde4
bd57d58f
3d9f65d2
bd9771ff
3d20a50e
bd4afdd8
bd6b7438
3d690ab9
3b40610c
3dd76f55
3dca5618
3cea7604
3c1499b7
bd47343a
bd8f82e1
bd09fa82
3c15715c
3e0a6288
3d5d661e
be2180dd
3df057cb
3e422800
bd34fcf2
3ddac744
bd84d36a
3db95026
bd6e35ff
bd858864
3ccf3193
bc4d8509
3e20d276
3ddf4c92
3e4d99b6
be53b3fb
be096fb0
bdcc51e8
bdcd9108
bdd4a9f6
bdb0e06d
bdb2f9f6
3bd6e3ce
bd07b505
bdfbdc1b
bdb93f35
bcb477c8
bb9b2264
bdc7e2a1
bd93abc2
bdadb4e7
3d8dcf5e
bd410b42
3d7acb05
be1f05b0
3dc02a85
bafc1a68
bcf4121c
bdad05b3
3ddd1a4b
bcd28fcd
3c501887
be12ef09
bd494bd3
3c995ebe
be01a90d
3d0b5c38
3d9fd370
bd9ce61a
3d0dfe0b
bd45e585
3dd40da1
3dce025b
bc15ce87
3de5b8ff
3d9e173a
bccf2a7c
3d6158a8
3d9c9702
3dbfe995
bde442fa
be17b5b4
bdb09c1e
be016599
3d1d88ba
bd5fb875
be08ebc4
bdff938d
bdaa75bf
3d126813
3d8551e0
3d9db3d7
3c7586fa
3d18c9b1
3db4605f
bdc008fb
bd6a07a1
bdb0fdca
3e2cf128
3d99109d
3cc414c0
bd70b2e7
bde5cc5b
3e1c0cf6
3d5845b8
3e205022
3deedb21
3d755883
3db20bce
3d8cb620
bdb2bd61
bd05e142
bd01072b
bd0b2c70
3dacdb4f
ba20d76d
3dc91bcd
3d5b81b1
bd29f1fc
3d3a47cb
3a75fe16
3d150e96
3df01409
3e0e1059
3e34398d
3dabcb9c
bdf5bfa2
3e31f873
3c2b682e
be1f0b69
3dd2f63a
3da30054
bd80146b
b99f7cb0
3df841da
bdad3f33
3c83f57a
3d8ac625
bdae9536
3e1c0636
3e3ff987
3dfa305f
3e552af3
bdf9a26e
3d966d56
bddc23d5
bdd02703
3d979522
bc0a2309
3b2b9023
3d10aa15
bc66af12
bde218a6
3c29e5b8
bd9284fc
bd2d0a1c
3d151793
bca25bd0
bda4a710
3d654e1e
bd0f6f55
b99b6e6f
3bd08e41
bd869386
3c49c0f4
3db9d156
3b528d5d
3aeb37c0
3c047c99
3d82240e
3d5ab0d9
bce8b255
3d87679c
3c89ab26
3c527de4
bc67fded
bdb1ff10
3ca856b3
bcd64e94
3c195a47
3b242a52
bd7e34c5
bdd3dc10
bcc1e9d6
3d825b0f
3d89549d
3ae2dd67
bd242559
bcf73952
bd26bdfe
be1560bc
3d013cc0
bc3bdbb8
bdf6e8c7
bcbef502
3dabb978
bde6615d
bdbb4cfa
bd5633ec
3b37fd34
3e132fed
bc980f16
bc6f141c
bd95a97a
3d60c423
3cff8a03
bdad5098
bd921451
bdc7be04
bd8b335b
be396c81
bddf5ea9
bdd155ad
bdefec5a
bdf03ec4
be141ea5
bcbfd312
bc6221c2
bd834411
3c07558e
be0f537f
3d10fec8
bd380fcc
bd8b6c87
3d8cc869
3d6809cd
3e022770
bc7fb9c5
bd416f7d
bd00c590
3cd5b3b3
3d2af0a1
3e5eddfc
bd46ddfa
be07bba7
3e31ec03
bdd00fc4
bddf1fc5
3db49940
bc78bc3a
bda2c9f3
3d6b6c2b
be03ef6d
be1114c5
bd89e3f7
3d360777
be066cc9
bd501458
be1d6764
bdf66b4c
bd4e6ebb
3d7b5bbe
3e34625e
3dc4ac05
3e179418
bc86b24f
3daef43a
3e28408c
3d8a0a94
3e0e7f6d
bd5a1890
bba1a7d8
bd48753f
baffc598
bb5ec930
bc187764
3cd4f578
bcb562a2
3d0d441e
3d35a895
3d522650
bd04a1d0
bcabe386
3d46650a
3e0586d0
3ce8171a
3d3febfc
bc9d74f7
bca01f88
bd839666
3c82d187
bc1950a1
bd66c467
bd681ff0
3e409873
3cde7d1b
3d9d2e90
3bf16edd
3c351df3
3b0a7e4b
3d0ad79b
bd1084b3
bd54a698
3d1ee656
3c838377
bd200234
3d91e8a7
bd34804f
bd415179
3e0c93af
3e186d81
3e127d6b
bc869507
3d724855
3e44dc6a
bc585cf5
3d94369b
3d619ddc
3e0b8f65
3d08e513
3daf5299
3d3f06c1
3db754d5
3e45eb4e
3ca10c37
bd389236
bd0c268f
3b1316aa
3d213d45
3d569a75
3e1d3e02
3c6dae35
3dda01a9
bd0dffb9
3b3a04c0
3a6916d3
3cff8b90
bd5d429e
bd394166
3d4773a9
3d5f550f
bb7f28b7
3c6f9baf
bc922dfa
bd40bf96
3d714c7f
3db3c193
bd67fec3
bd011adc
bb316826
3d8bc5fe
bd57571a
bcf803eb
3d2c1ee0
bcab53dc
bdf10ad5
3b980e80
bc0878e3
3dc0cb9a
3d2f6136
bde50918
3da987f7
bc641477
bd137abd
3d9db207
bcaba648
bbe82a6f
3db5f13c
bccca05f
3e012be6
3db1c8f6
3e2093f2
bdc5eb01
3bca0389
3c860092
3d960a8e
bd5a72dd
3de39c50
bdcecde0
bb9ea7c4
3da1b23a
bdc7126b
3df2534d
3d519eb5
bdc15f10
3df99a63
bcfcb96f
3d69fc5c
3c0143e4
bc4c1b13
3d7d6786
3bc6497c
3da86f33
3d222fac
3c1239ed
3c9a825a
3d575119
3d1b2be1
3e16df34
bca848de
3ceaddde
3dfe1c6c
3e6d84f7
3e19cc06
3da468e4
be06cc9b
3cd2a290
bc437275
3d7546d3
bd51fbff
3d82300c
bc8755b7
3d2989ea
3cb57e14
3d3cceb2
bd2051fc
3d5b7fd3
3d3acfb1
bc4696da
bd2ea1a1
bca8dccb
bccb93ef
3d175529
bb5ee728
3d3cd251
bcbad80f
bd7ff9e4
bdbdc170
bd2c3e6f
3bdb1583
3d1d27c6
3d999a7f
3d9884ee
3da51506
3e431844
3e2fa230
bc474a53
3e01613b
3e127b5f
3e19e5d6
3e86b3ac
bc059a0c
3de1f3be
3ce1f51a
bbcf7306
3d387555
3cad4584
3cf3a2a0
bc6e8aaf
3a8e14de
bcfd4ef3
bd50ebbc
bdb8319b
bdc5bd87
3bcd50ae
bba21deb
bd9aea22
3cd97c5f
bc33e106
3b909a9e
3dc1f9a9
3d3992e2
3dcc9516
bcdcdcfa
3d28c03c
3dcfd661
b9b7abf5
3c851950
bcd98dce
bd8b381f
3cf17205
3c0c7ad3
3d525723
3c120501
bd532198
3c1e045c
3d3f3a15
3b4140bc
bdb63cb5
bda1423d
bc7af7fa
bcedbb2a
3c185e2f
3c6c86b6
3ce33da4
bd8ba4d0
bd839657
3cea2257
baf0875d
3c8f9672
3ddc21ce
bd3e9298
bd922b21
3d85418c
bdb172c3
3a93767d
bd5ce6e3
3d111cca
3d4e714f
3d591f92
bca54fbe
bdade177
bd0360e6
3d43a1f0
bda06506
bd34143f
be28a8a9
bdbdc7a5
bda23eda
bcd96395
be0b99da
bc8f6de9
3c33d2cd
bd9ab98b
bdb7f529
bd18a2af
bc93c53b
bdac3d24
3cfd3672
3d5e2ed7
bd9ee99c
3d1e624e
3ddd22eb
3ddb6e5e
3e592b48
3e1dfbb1
3d5a62a5
3d8a8c0d
3dab3e6e
3e2a2b7c
3da2cc04
3dd5bb49
3dd90ccf
3d2fce4d
3d314c92
bd07bbba
3df9ea65
3e252f3d
3df9bf10
3e57fd78
bd93be1a
bbbae558
bd284e1e
bda18ea0
bddebfe0
bc7b358b
be0d7014
be04a9d0
bd31392b
3d57656f
3dd720f9
3e13b1df
3e15bbfe
3c76e0b5
3c1ac958
3da5293b
3d7861c4
3db553d0
3e111d2f
3d85e536
3ca09a1e
3e19ff8f
3d3ac60e
3df0264a
3dc8eff6
3d870742
3d1362f3
be0cd573
bdf2a95f
bcaa8a76
3e2e0c9f
3c819ebd
bddba117
bd0497e9
3df39cce
bdd0cb1f
bd6f90c9
3e826520
ba4dcd66
3d91c5d8
3e8aa6c3
3e27e585
bd64a672
bc5cb587
bdb58633
bd3c1eda
3e346f6d
3e3be08b
3e894d7f
bd4b83a3
3e95470f
3dcca840
bd4a1993
bba69052
bd957850
3e5d6069
bdccd732
3c4ea5ba
3dcf0d7c
bdb69c06
bd939523
3e2147f1
3e1bd964
3e30bd75
3e40937e
bd83986d
bdda0b52
3e7069f9
3d960c78
3e112820
3d056085
be211ad9
bda5396b
bd78fdae
bdbea621
bd3b8dd4
bed186cf
bd5e8477
be8db49d
bd859d33
bdb9de40
3e2c5e2b
3e55c261
3ddeb2ef
3e8d6876
3d036cdd
3e031ea6
3d8a47c4
bb08dff0
3e085c8f
3e499085
3e7ae2b2
3df1d039
bc7a7413
3c07daed
3dc53bf5
3d935e3b
3e43d4b9
bd29796c
3cbd9abb
bd7e3b94
3e12dd85
bdb641c3
bb976f90
3e303116
3e1487b5
be0e432f
3cb382ff
be51b814
be1197a0
be674f27
be0ff2ff
be32050a
3d30f615
bd24f556
3c3de785
bdea1920
be77fce5
3d8bfcf2
bdb08212
3d723478
bda0e15f
bbeec544
3d6dd7c3
be5b7202
be173305
3e6e3d45
bd5446bd
3e02bb04
3e10c4f3
3e391fba
3deebdc4
3e25ebb9
3e45a87e
3ea5ca9a
3ea67445
3e330ab4
3e11e29f
bb789310
3e54a40a
3d66503a
3d33fcc1
bc816706
3e168ff4
3e02749b
bc581be2
3e05840e
3c96b716
3e4eb68d
3d14e725
be2e6341
3e6d3aff
be2ac174
3e26d5a9
3e706ed8
3e2f789b
3e96a1cf
3e96d12e
3e05b785
3e741b0d
3d8a271b
3ea3d234
bcd132d4
3e0e433c
3e9cf5ef
bc59de76
3d19a784
3e3aed12
3e4cff65
3e780077
3d7ab922
bae83b2c
baee9293
bdbe5d6e
3ea03db6
bbd79727
3cb4b769
3c9f6a41
3e91c073
3cc5c68c
be69b4b6
bdb295d5
be04af97
bd8682ac
3d12195a
3deb44cc
bde25771
3d10aaac
be0a563d
3eb06578
3e05fba4
3ed1f210
3eab8f53
3d8d57c2
3d9375f9
3eabdcac
3e4c4c70
3e9de8d2
be409e19
bd949250
be5c41e6
be302269
be095aa3
be3099df
be8199c6
bdeae992
be237284
bd41e9c0
3d893f26
3d90b254
3e1189cc
3dd1361f
bba0dec3
bd412660
3daa4e5d
bd1d498a
bea35be7
be2225da
be833fae
be73fdd8
be2918d3
be2ac267
bdf5df7d
be85f5c0
be90004f
bdfb4d03
bde7df4a
be7bd725
be4341bb
bdf7611c
bd265c07
be9324dd
be119467
be8ffe4a
3e8cc2f7
bd458802
3e44d2b2
3d38fe91
3ce1647c
3e01b777
3e017dc0
3db046cd
3de4791c
3d6811e7
3cee8378
3de55436
3cbe6505
3d91d8a4
3d181a04
3e479c02
3d31a466
3e9a8176
bd094abe
bc988a9b
3e587c2c
3e32e3ea
3e96ef83
3df164d1
3de7f948
3e8a974f
3e2fb789
3ec08c8d
3e4494ba
3e9c5a1e
3e8c2ff0
3e55a5ad
3e0930e9
3e4c38bc
3e2be8af
3e0886e3
be663edd
3c99487f
bdf6e954
3e20757c
bd34ce89
3ddb3378
3dd5a47f
3ded9938
be45447a
bd232884
3dc2487a
bd740cbc
3ddc8caa
3c9059a9
bda9bc5e
3db7a2f3
3dcce90f
3dd71429
3e2f13a8
3e1a6e9a
3d7f3207
bc3f2887
3ce1fba4
3e3d4e44
3c2f8748
3df12499
3e2762e5
3d386d83
ba9289b1
be4f678f
be235e62
be8bfe8f
bd9700fe
bd55032b
be5c36b3
be347396
3d68af6a
3dbf93da
3c3b14d1
3d8e58ea
bdd16685
bdcf550f
bbca7c04
3d822633
3b62d01d
3d163cae
3d883472
be5dea19
bb90973c
be2b4a75
bc7032fe
bcc86f76
be015024
3dd80dc9
bd9fbcaa
be09fe38
3eafcadc
3d904a99
bd5bf541
bbbdcdb6
3ddb5fdc
3e27910d
3e0fc2ce
be5d7529
3bd0031c
bdda14da
be03dc7e
bb852e50
be0512ad
be21416d
bdf39de2
3e052df2
3d3868e1
3cd244fb
bdfbb894
3e0473c7
3c3f344b
be0533be
3d4185f1
3d413ac1
3c9aa5a1
bdc441a4
3e034a53
bd927d48
bd070e15
3dfcd45c
3da58595
be3f9808
be01c351
3db4dcaa
bc9bb7fc
be3791e4
be04e99a
3d344a65
3dbe1c5f
be14b9ca
be712620
3d56804d
be0bf7c6
3e2eb02d
3e74d70b
3e4aa5ce
3d79b30e
3dafd891
3dbb3f9e
3df41ff3
3e20fba0
3eb0db31
be99125e
be373b46
be6a5f08
be4407f4
be23dcc6
bea9f5d2
bead41b0
bed29a43
becab89f
3da12ae2
be00607a
be1b7834
bdb2b068
be1625c4
3da515e5
3d8115c4
bdafb6f1
be11bfb7
3e096697
3bac4313
3e0fd9d8
3e0221d5
bcb6d4d9
3e4c648e
3e8a801a
3e8be78b
3e67aa42
be59c5dd
3da11b77
bc92b78a
3da8aec0
bc6700b3
3dbc70ec
bde4274b
3e37279e
bb9dc8c4
bda11eb1
bdd87ca7
bd80531f
bdb8d444
bde4a5ab
bdc934b1
bd619d03
bbdb7ca1
bd996e64
becf31ec
bea6aeea
be3ae7d0
bd95cc11
be6282f8
bdbdc66c
be43d7f9
bde8073a
be061c61
3db24217
bd79b96c
3da20d3a
bdeed67f
3b2ab52e
bd344ce0
bd5591f4
3cc73541
bdd7fdf2
be17bfea
be339e76
bd68044c
bdac626f
be30429b
be67a041
be17c184
be13d5e4
be084400
be546462
be1f27ce
bd2e29cc
be2b9858
bc3676a8
be1b825c
be91bf7a
bdbfe6bb
be957622
3e44017f
bd8f23ad
be5225c5
3da79962
3e243d3c
3d86c6aa
3df2521d
bc2f3b40
3d463da8
bdc61ef5
3e5d9402
3c756954
3c7090ac
3c6dff06
bdc221ab
3e110372
bd0372c4
be349be8
be8441a4
be41ce0c
be4d50a7
bdc3bf19
3c911441
bd967988
bdae68a4
be27a47a
be30cce5
3e98dda9
3e2e5ad7
3eaf1ecd
3e18e2df
3e1dbd7a
3e9c5ae5
3e9986ba
3e480e13
3e95f28e
3e0e5ff7
3e5d8a7d
3cb0757f
3e02c3e1
bd9df3ab
3de23b8d
3e052725
bb67b5e7
3d968522
3e7400fc
3e29cbbc
3e4ef87f
3e929a90
3e5323e9
3e181559
3e53d7fc
3e919f4b
3e9f5191
3ed2171d
3e683580
3e559706
3e8f1d19
3e6a9a90
3e10badf
3f03937d
3ea24ae3
3eb18eb9
3c822455
3ba6f7ee
3dc4688b
3ddb24ee
bd6855b5
3e854f8e
bd62c39d
bda6d7d5
3dbf77ed
bd90b318
3cc9d172
be14434a
be583913
3dfc828a
be2420bf
be1fbb1c
3b6de957
be1cd09e
bcc39577
be639445
bd72160a
bda9f759
bd4de595
be53eef6
bde0a373
bdb2c9f8
bdebf0ef
be8bc2d6
be504abd
be37acf6
be61e800
be47a91a
be6b4311
be3756cc
3da86d7f
bd720f4c
3b0e0e09
be04b41e
bd9cd4c8
bd349bc8
bd4345ee
bd777c90
3d84fc67
bdb38b9b
3e6326df
bc9aac69
bdf52c31
3c34a2e3
be183ae6
3c708298
bdb1e101
be50debe
bcbae47e
3d3c2ca7
3dca53b9
3e4c819b
3e3faad7
bc89705a
3e2587b4
3d8d83e4
3df2026f
3dbb6e98
3e0703cd
be3ced3b
be9c8b6a
3d462c86
bdb72db2
bd79db42
3c9f3df4
bc5f0570
3df2a7cd
3c4121c0
3c405958
3cfc70b4
3e2c62fe
3dc7bfa1
3dc605f8
3c31fecf
3e3ef251
bd2403f8
3d9a2cf2
3d2036f5
bd86ab66
3dc8b645
bc85f398
bd9e4ab7
3dc579f5
3dcfd811
bda40654
3ca47edb
3d9789de
bd6be635
3de0e740
3e86aa0a
bd04f2d3
3e2ea249
bcf377d6
3dc79499
3e9b11c4
bcbb99d4
bd259624
3b25b49f
be72c469
bddb6fdb
3df77bcb
bc9d8bc9
3df12657
3c2b1989
3cf7f0f0
be6a84c9
bda140c9
3dbd416d
3d273bda
bddae360
bcd27a96
3dcd8d49
3e42a1de
be43bb4d
3ce3637d
bd672170
be1d8ac2
be4df4b6
3d762cc4
be8baae9
3da49989
3d2468f1
be1822bc
bc16aeac
bd6750a3
bdcd0be3
3caadf86
bdecca3b
be62134f
be385289
bde32e43
3e8297f5
3de036f3
3e619c8c
3df210db
3db084bf
3e56f37f
3e2a6ad2
3d62a805
3e7dd1c4
beaf5874
be827aae
be8f525e
bea895a4
be3ccec4
be24900b
be960fbc
be709f94
bf07651b
bdbdc18f
bcf383b8
bcf50584
be440bfc
3ddb0bae
3ced5417
bd3cdd3f
be0188dd
bdcaee70
3e33d74b
3e124658
3e1cb36d
3db25f46
3dc57dc2
3deae88d
3e8bac0d
3e7ea935
3ebd1ad9
be528e46
3d8dfb02
bdcec3af
be61b191
3e23e31e
bdfae095
bddd1e11
be0f79b1
3da2970a
be508121
be1f487b
bcc4409e
bc945995
bd9c27be
3d12db86
3d8f5b39
3d2c9423
bdf573a7
bebd3bc7
be7b2259
be8f59ff
be0bf956
bdbd5a94
be2bf0c9
be3543f7
be21b0b9
be350b1b
bd867a9d
3e62986f
bdc7a161
3cbd7332
3e2729a5
bc51256b
3dd234e3
bdebac8a
bd6365ea
bd9731bc
be412a73
bcab41d8
bdb262ad
be722bad
bdaabd2c
bd95c3da
bd8520ab
bdb51a81
bd051002
be039f13
bd5bf0c0
be0a1632
be062276
be2709e8
be5be730
be259721
bea73c96
3da4d8ca
3d5154e2
bde6a4a0
be0e3054
3e10c730
be2ebe41
3e051cc5
3d7670a9
3e116b11
bce66205
bd80afbe
3e2040da
3da8b243
bd1682b7
bd31c5b4
3dbd382d
be3eed07
be09dbaa
be54758a
bd9ef3ee
be050085
be0dd50a
bdb7dc68
bdc8e039
be323ec3
bcbfff07
bd8e833b
3eafea93
3e06ef3e
3eb4d6f9
3e352a41
3e0ced16
3e9bf8ef
3e849364
3e4e3e98
3ec57852
3d557a95
bc89cc23
3e8bdd89
3d3670f4
3d4d0b04
3d747998
bd90124c
3e19105f
3da9c7af
3e26daaa
3e300050
3e6df3b2
3e3d9fa0
3e868334
3e149950
3e780426
3e2ec43e
3e30b089
3ea4b5ec
3e542a81
3e7ee502
3e835c2c
3e95ae27
3df80b0f
3ef826b8
3eb23937
3ec4a060
3b386593
bcfd91ad
3e278533
3d9b9372
bbdc0782
3e208faa
bc027228
3ce4e516
3d3f5d3b
3cb82193
bda04330
be2d722a
be0334a2
bc9227aa
3d88d467
bdc8a47e
bd825f81
bd3c3fc7
be12af4f
bde014cf
be47cc4c
3b17076b
be13d350
bdab6dd7
be035687
be440ed5
bd507838
be149da4
bdb585fa
be8e4789
be1900f2
3dacd985
be37b4fa
be3e1670
be1c51db
bdaeaab0
bdc303a1
bdc23a45
be3191d7
3ce3dae9
3e6e2db5
bd0ed109
3dbe5a05
3cb67b85
3d79a7a2
be6ae62b
bdc098dc
3bafb5ea
3df20f67
bdce29e7
bcc5d387
be02115e
3c2e673f
be571a77
3dcd30e5
3e715526
3e1687d7
bd8580e1
3e105346
3d9b0d74
3e1207ec
3dab2d4b
3dfa1230
bd9a4a1f
be042193
be539af6
be33eb33
bd830b74
be0bdc53
3d60ce97
bda72ba2
be089796
3dac393b
bc8e4595
3e7a1f64
3e5f3c29
3e00093a
bbd317d2
3e2632be
3deff1cd
3d4138e9
3e363dff
bdd6db26
3d9002e7
bd667f48
bb2f2cbb
3d6e9bc4
3c6a5964
bd6f242d
bcbe457c
3d8b6130
3d117f6c
3d953cdc
3e4c1a5c
3e07c16d
3e5b0041
3d50e65f
3df3c038
3cc003a4
3cd5f3e9
bc928d90
3e0f7d0d
bcdd791d
3e1b7a08
3c8c0af3
3cf1507f
3dc42640
3b4ec203
bd8da511
bd9a0bdc
bc8121ff
bd6aae4c
bd3df009
bc8a1d34
3df8f656
3e1676e9
3e04c025
3d5e6070
bbdf6936
bd38e658
bc6ed782
bd9938eb
3d894cb0
bcf97c53
bdf02bae
be4af4eb
be2c10df
bd5fdb06
bdc9b5e0
bdb4c768
be267a73
be14143b
be6cb346
3d3ca816
be5beeb8
3e4e47ee
3db5f4cf
3e0b80c2
3de50d3c
3ddb0ddb
3e616e7b
3e4106be
3e150ea0
3ea64b7c
be4e0aa7
3d16529f
be04b1f2
be8287be
bc02f34a
be3231f3
bde49bd2
bdedac44
be330751
3d1eeb7a
bdec9499
3d9c05fc
3d27ebb9
be212356
bd274120
3e0a91b5
3d43a49b
3c63a1f1
3e21c6b2
3c92143d
3e33f280
3e067bc0
3da462ae
3e5f190f
3e355228
3dcad545
3e275db1
bd15cde4
be23b2f3
bd688fef
bddbe02d
bdac35e2
bdba856f
bdcdd20d
3d34d3df
3c8792b8
3c8009ec
bda62a0b
bd83a80e
bbd78e67
ba3f36b3
3d951181
3e0db4d2
3c90c55b
3cb91aca
be45e28b
be3a142b
bd8482c9
be0af2a9
3ce05cb1
bdc5e2e7
be36925d
3adcc153
bdd2891c
3d9d96b3
3e08fd4e
bda2eb28
3c96eeee
3de79cbd
3dca452c
bca65ac4
3d13f2f7
3dc1bba4
bd1df014
bd0164e1
3defe003
3db529f7
3ce8ca18
bc44430d
3e31f9ab
bbb2097b
3da0cbc0
bcdafa46
3cf10382
3d047c7b
bbe09703
bc028359
bd742cc2
bc3427de
be524c9d
bdad13da
bcd333fd
3dfa5c74
bd0882ef
3d4dc4d7
3dddc69c
bd875de7
3e8e373b
3d2606eb
3d735284
be8492e2
bdb03b25
be1ada72
3d59ef27
be0783bd
3d165c77
bdae0549
3dae8ac6
bc1f9a07
3dc4a9cb
bcd6f118
3d3fc7ff
3df1c72e
3d0bd7a3
3dfa29b5
3da68f96
3d840abe
3cdae228
3e63f857
3e144a4f
3e04ed46
3e13a41f
3ddfb913
3e0b9ebc
3dead4d6
3d74ce09
3d56cbb5
bd757739
bca11436
bcc2d07d
3d55d79a
3d0daeac
3d1c4f5c
bdccfacd
3dcbe3f4
3d14a644
3d91b275
bd1ffea3
3dd94901
bcbdd810
3cd565aa
3bcf50d3
3d4ecc2c
3d41aa04
3d9e96aa
3e1a9db1
3e12e129
3d274d7e
3e413368
3e0b53fe
3cfa5b90
3e86fc8b
3e42d02b
3e662262
3ddf7476
3dcb19e1
3e4185d1
bd38b4c9
3dbc4bac
3dd5b4c5
3d43692d
3e1ef4ad
3e15e68c
bdb379dd
bd8e1bc7
3d5f3ae2
bc01e175
bd08645b
bdf784c5
be08b03d
be147800
3dce7b6b
3d1ad9f6
bd25629b
3dfb420d
3d4d4410
3c7e572d
3da0ac0e
3e014197
3ddd58eb
3e09b7ca
3cb8bd74
3cfbe386
bd6e418f
3d437a57
be1a3f95
bd957718
bda87ddd
bd02d461
bdbde861
3c2b3614
bcd1f31f
3d753f60
3df56e60
3dcff8a4
3bea4ce1
3dcafe42
bda5d5a3
3e0a562b
bdb403d3
3c681c5e
bdd4b192
be4e61fc
3c594b5c
be333a73
be36a74b
3d5054f1
be2e9939
3e3e0df9
3e630b48
3dc952dc
3df4b183
3de2a1a7
3df417c6
3e340057
3d5fec9d
3e26647c
bdfd7f82
be0bac5c
bdf550b5
bdd53b11
be5f51fc
be12224c
bca68abb
bdeb683b
be5ca183
3b56b1d4
bd3492f0
3d7cf842
3c01dcc6
3dc99363
3ddfc610
bde55ba7
bd12b196
3d1aa5ea
bdaedc63
3e30f788
3e0a12da
bda6b9de
3e3b9602
bda0fc36
be245214
bdb5d973
bda8e265
3d842196
3d202c14
3ceb2cce
bde266c6
3d6b1197
bcf397fb
3d135f9b
3e11d502
be029d11
3c4eb1cc
3d9726a9
3e10e2cc
bcf2179a
3ea742f6
bc8612e2
3d9ffdc1
3e260e99
3e7aeaa8
3e06c14f
be147dc8
3e0cefa6
3e20ae1e
3e03b806
bcec55f7
bdff17e1
3e9098c6
3df0bbce
bb410f56
3e6c4caf
bddb03b6
3d6b8489
be26723a
be243dd3
3dce4a29
3e3cefab
be0c98ed
3d4ba73a
be38e993
3d6b7e77
baa7defa
bda0ace4
be015a05
be164155
be1ff38f
3c949130
3a86f6c4
3e16d18c
bd84db9f
3c237759
3e157d08
bd8bdc21
3c68fed9
bc98a4ef
bd12c92e
3d5010e5
3dc56a06
3e89aa11
bc889a90
3d668d40
3e80a3b0
3e506d7e
3e921b9b
3e03bcee
bad3714d
3e2cc175
3e473198
3e3a5741
be088f95
3e2e6aca
3e5b2aff
3dbdef1f
bd8b1335
bdb4ca0f
bded8fff
be83148e
bcee35b5
be0b3b40
bdf9557a
bdb06c67
bcbbf84e
3d8c2cf3
3d3e89c3
3d1026ff
be6c29e7
bbedbc12
3ca60091
3d30b65a
bd37eb56
be7991a4
bdc415c9
39fc906e
3d34d1b2
3da0d960
3e657110
bdb3e53b
3e444320
3e56d0a0
3df0d9a2
3d354c10
3e856ade
3e6ca97e
3e8c88ab
3ea4b0aa
3e0a3bd4
3da2c82a
3e24f0d8
3e44f826
3eb10cc9
bda54afc
3d89e75e
bdf7f31e
3e3ddb62
bc6e497d
3e003e04
3d9f2a66
bcc492d9
bd8d3540
3ebe4f95
3e5a8b5f
3ddff32f
3eaa267f
3e2f3212
3d9cc9a7
3e4ddc05
3cf386d0
3e18219b
bc8187c5
3d50435e
3ea7ea89
3e107aee
3e30b866
bd01bd74
3d44417e
3dda6f3c
3e3036b3
bdcec219
3e999e06
3e224436
3cd9b8f1
3da02148
bc796192
3c68a6f0
3cb6a323
bcc8a38e
be0b9271
3d4d4f5e
bd7c0b49
3d4b4c63
3de55c9e
bdf2297f
bd8a1b15
bc3ddc40
3cd6488e
3eb43c28
3e62e803
3ecd8dbe
3e3cffbf
3e49b2b8
3e2c0017
3e3796d9
3db05764
3e248624
be2b3e50
be00072d
be1b06a4
3d333a49
bdd99fdd
be6d918c
be190b51
be02ea8a
be8ce955
3e235631
3d68189b
bdd7f23c
bd765710
bdfd0ca0
bcbe3870
3e65a05e
bc9b25be
bd97d326
be563bca
bdd08bf4
be89c89f
beb11ad4
be917f68
be72ce9b
be028616
bebcb4d2
be829ed2
bea3d4a1
be7f1e21
bdfa62c7
be784444
bd47dd6a
be20cb4a
be470466
be5a4b92
bea9a4b7
3e4b90b1
3dd40c21
3e196e8d
3ce649d8
3dd798ac
3e73096d
3d80ee82
3d680ea7
3e93ed09
3e289115
3d86c3cf
3e61390a
bc9ed3a0
3d8d814f
3d5aca06
3eae0482
3db496c7
3dffd1b1
3e2a175d
bc37b913
3e7bead0
3cad23cd
3e559458
3e4f5d73
3db94a13
3e2a6c68
3e4f105e
3eb64ce9
3ed0ed67
3e466515
3d7b64d5
3df1a31a
3e933e12
3e59f495
3e7a4c4b
3e5a3575
bda5d81d
bdc25bbe
3dd86c31
be1debe8
3ced3e0f
bde63179
bd81cf77
3e41cc7a
be03f664
3de6b12f
bd907a1a
3e989607
3e256812
bde6f858
bdd5c3f2
be267ab9
bd8afa6b
bd43da5f
bd278244
3dbe1c5c
bda7a99a
3d798d81
3d08cdd8
3c2acca9
bd074329
3cc4bdbf
3e4c4c80
bcedc5e2
be7dff08
be4244d7
bd069af3
be2dbc85
bd6f4052
bd6dad13
bdacf405
be0cfd86
3d98e78e
bd9a2088
bdf8261c
3e1f7dd5
3e71e31f
3e2c792c
be020bd6
be399faa
3dbab4ee
3d452738
3d2cdc06
3d4816c7
3dde3252
3dd23c4b
3e1cbeba
3de801d3
3dbe450c
3cfe3855
bda95bee
3d9f7daf
3c6a7408
3caf958e
3d0a1722
bd3b2135
3cfe2377
3dd7a808
3dd9d10b
bd7c2fe8
bd1dc029
3d8145ca
3d78b602
be24f6a1
3dc58bbe
3dcd3f8a
3d9dbae8
3d88757a
3c703938
3d1f3ad2
bd994c13
bc35b4f4
3e25f61a
3dbedf08
3ccdfd19
3de29205
bbfeb3f0
3e1a1dab
bce98305
3d23b0e3
3d9b5c52
bdc41ce9
3cb880ed
3e38ccc5
3d71a5f7
3e04fa91
bca482cf
bd7ebb8f
3d963003
bcf20579
3d155416
3e1eba6e
3ccad4d9
3d935c10
3d0fb9d8
bdf34e5d
bc504c2c
bbe893dd
3c835d11
bd822b45
bd1a2ced
3db82ef2
bc89b291
bc64fa89
bd8e4eac
3bdbd2e4
bd7b32e2
bcc5362b
3821d811
3aac7a81
bd8c4e90
3d30d1c0
3c06bd4d
bd073088
3d3cb21b
bcc35361
bbea97d1
bd9f877c
bdcf6790
3c8ef166
bda3e03a
3de6a790
bd51b472
3d073216
bd098089
bd804e76
3d8cff91
bd4ecf2a
bc3158ff
bc0f2958
bc3cc6e9
3d3cddc4
bdbdc74f
3e2d35e5
3d2ffd78
3d52de35
3daf346e
3cbdd390
bd5b00b3
3e33f828
bcd130b2
bcbcb5bd
3d8ed3e8
bd9db814
3cf1f88f
3c97c5ed
bd11fbdd
3d80de31
bd9366cd
bcfa4a6a
3d2f7dd8
bcda8386
bd0a0af6
3d368497
3dbe252c
3cdea27b
bc7e9059
3da6d4d3
3e239325
3d858f47
3e25f32a
bc38acfe
3d5d6ae9
3dd44b06
3e7881ce
3dd0b77c
3dd62808
bdbff720
bd6f94d2
bbcc729a
3bdb20e0
bad01329
bb3b1893
bd0a2dbf
3cc8acbb
3d4b8ceb
3d3c4fe8
bd04144c
3c4f5b80
bd4a1f0e
3d322577
3d5cf656
bd25b79b
bd30d225
39e29b5c
3d3720a6
3b1dfba2
3df72562
bb26f523
bdd9c047
bd6def04
3d597a65
3d3bb881
bc702361
3e014bb4
bcd56f1a
3e83112c
3e05f23f
3da97cf9
3dc342e2
3e4fc74f
3e31c127
3e851138
bd0b2e65
3d124ddd
bc8b38da
3d069637
3d1a5985
3d2ca5c8
3c89af7c
3cbfde4e
3d61d8ce
3b373706
bdc10cf5
bd89d9eb
bdb1a5ee
bd05af1d
3ccf7a4b
bdc89fcc
bc432c8d
bc4bd685
3dad0b19
3d377ceb
3d698a0e
3e068c46
3d88b23a
3d0a7145
3d3051bd
bc05bd62
bd66c34b
bd4624f8
3b0c117c
3ca139fc
bd28b83f
3d3416f7
bd1cf442
bcf8c1fd
bc5a59a9
bc20fd3d
3c795490
bd9be9f0
bc373539
3c75416e
3da0fd00
bcc1931a
bb664148
bd48474d
3d720b26
bc3517cf
3cb792a3
bd288bdd
3d6354ca
3cc45e66
bd2463c3
bd5c2b11
3d83bbee
bc38c381
3d440343
3d8203b5
3ca356f6
bc85c37c
3cf223a3
bd7aa744
3d12e107
3c83362d
3d158e0d
be02c28d
bdab0608
be06e381
bde6b61e
bc30b3ae
bd1c4d97
bd9d7bb3
bc7ddf06
bdcc75af
bddb351f
bc86ab8e
3c47381a
bd6d4776
bd89217f
3ca44975
3d901e17
bda0dbb3
3cd370c7
3db87385
3cf1a43b
3e2fd56d
bc84273f
bdc38a3d
3d5b8794
3d3c8ff3
bcefa3b4
3e1b45a5
3e1125b1
3de76e12
3e3c6aea
bc0e38a0
bdc7f17f
bc34eca7
3e80f1f6
bca592b7
3e6a0bd9
bd8a5a10
bdfd8cf7
bd8dd76a
bd8cc4e0
bc8e1c92
3d2041b7
bd7f792b
be026e14
bd8d38b4
3b8a9846
3db87969
3d0347fc
3d16733c
bd23d5dd
3d94ef7a
3dece467
3b94842a
3deac243
3d39f936
3e043470
3c219396
3da93293
bdb826da
3d95f1bd
3e02502b
bc40027e
3e478d0c
bdbd16ae
3d0d71da
bca2616f
3d8b3167
be0dc395
bd6cb945
3d3e8357
bdeb8b43
be098916
bd729131
3dd86675
3dbe6756
3e4660c2
3e808a30
bcac084d
3d47404c
3e21ab2b
3c7e974b
be0bb71e
bd12a1ba
3e241498
3e17ffcd
3dc33d91
3d2dab49
3d342d92
3d31ab34
bcb4466a
3dbb141e
bd1c463c
be2dc028
bd666f88
3dced72b
3d9d6dbd
bd378f0a
3cf3c9c3
3d92c0e0
3dc01872
3df9d0c5
3cccc04e
3db354bc
bd2b7993
bd8f9fae
bdc3e6ff
3d850a40
be069bf8
bc0af646
be5e2f59
bdba3d9b
3c33e7c7
bcbcbb4f
be49672a
be520646
be256e09
be514dde
3e882ed9
3e894a21
3ea11def
3e1bbfd8
3dccb5b5
3d9ef42f
3e502758
3e63ea4c
3e94506e
bd813c6d
be21e3e5
bdb863c1
be2fdf11
bc67ea50
be207c8f
bd0fb534
bd6b4dba
be12de53
bd38a3f4
3d968863
bde511c9
3c962768
3d01cbe3
be27d92d
3de1d37e
3d4366b1
bd7672e4
3c8abc64
3de93c8e
3e12c5fd
bbd8da56
3d3ea2a5
3b054a60
3cc4bcb0
3df703ca
3e2a48e7
bd9abd8e
be33cc9b
3d8a2f38
bd6c06e0
bc520398
be43c197
be318e71
bdd8cf3a
bd431e17
3dbf249c
be09d061
3de1cce7
3d7ef141
bdbb5cad
3c5778f3
3d76426f
bd9bb1fd
3d964ea2
be02a828
be001578
bc07aea8
be281ed1
bcd46b27
bd63a135
be05443b
bbdb7798
3e0c3915
be0b10b7
3cc47618
be146a6d
3d6651d6
3de29116
bd82163d
3d15e8e8
3ce0eadf
3d32b987
3cf2fd3b
3d8d1d49
3dafb3ce
3dadead4
bdb7cb5c
3dbadd56
3df45501
3d9fee9c
bc9a223b
3d4fa0fa
3cbddc72
3dad56ac
be4b4741
bc6ceb02
bc942b72
bd44875c
3d16fefb
3d1e4b81
3e14532f
3d7c6133
3df526f2
3d8f23e2
3e68065f
3e05a6fb
bd307146
3e8049b8
3db4c572
be73eba3
3c9a166e
3cedd124
bd8e4026
3d253607
3c6e5fb1
bdfbf5d5
bcf7470e
3cec497a
3cc40372
3df33daa
3d4cc6ac
3e06c205
3e1a6fdf
3e43dece
3d328eb7
3c303ca2
3ceca0ec
3e149af0
3d49fea7
3e1d6bce
3d6a628b
3d2c0f02
3e383a23
3e0e5358
3c86c479
3d266a2d
3c834e2d
3e098707
bd927cc1
bc96bd2d
be0a69af
bddb92bf
3dd4f225
3d184898
bcca594d
bcd29320
bdf735ff
3dbd8b75
bd412c2d
3d6efbab
3d05c7d5
3d4813d9
3d892fb1
3bf965e4
3e358119
3d37b4f4
3c1c6cbc
3dda35ab
3daf340a
3da97f81
3e55e1bd
3e102cf3
3e286e28
bd083a28
3d0b5923
3d9d90cf
3dca4c56
bcfb03d9
3e527bcf
3df2f727
3e40eba9
3d9c5003
3d3fdefc
bcab4dd8
3d8e9c14
be0bcd9a
3ce6574a
3da0a53d
bd50fd85
bdeb95a7
3d2f93ca
3dc4988f
bd5401db
3dfbf32a
3e2b41e0
3db4a3a0
3cc7e4b5
bcfe182f
3d18319e
3e0f01ff
3cd18104
3dc61925
bddfc31f
bda50593
bddea39f
bdeaf3a6
3dc5c229
3d8f5249
3d082472
bdc4a9a6
3b94e9c3
bd3a470e
bd56661e
3dcc2ce3
be3c9ee6
3db18e59
bdf53c5b
3d955fe5
be85c408
3be50d13
3cc8ec29
be061008
3c47a182
bde5b7d4
be10bdcf
3bd8f34d
3c02402f
3e2fe0a0
3e8ca479
3e5ee692
3db0af38
3e3a56aa
3e1034cd
3e20b194
3db44877
3e850ab6
be56ab38
be27c976
bcc63891
bd8481da
bd98afba
be4789c3
be0b4366
3d7b2c68
3cb26d7a
3dcd8a27
3b7c3a1b
3a0e8f93
3d721c91
bd6eb64f
3e2689fd
3d8dff64
3d3ffc1d
3e131a50
bdad67ae
3c8a93a9
bde92340
3e0b54c8
bd2b9bf8
bc2115ab
bd813a8c
bd4d686c
3deb0e88
bd38804a
bde7d4b6
3e29875b
3d9ad619
bdc4054d
3e8e7aeb
3e5775c9
3d803a05
3e93a943
be1d27fe
ba525f79
3d4db496
bdedc66e
bdd80ded
3d9f3cfe
bb091600
3da7c241
3ca17689
be0974cb
3d33e689
3d7a2bd5
3db352e8
3cbf8ecd
be213b5f
3e1a64de
3d0669e4
3da60908
be61593c
bde10e73
be1218e4
3dc0af51
3e01fec4
3dcae012
be3fed26
be5d20cd
3d41b7e2
bdafa761
bdcf41de
bdac617c
bdd2d34a
bc00aeec
bd6fc423
be274aaf
bcac73bc
be2f053d
3e185556
3e153e24
3e86c36e
3e015781
3d8bbd35
3e69e990
3e1c867e
3e69d14c
3eb3dbf5
be54ed07
be52e879
be86018f
becc1eb8
bd575475
beabf869
be940f34
bec42213
bee78c66
3da13403
bdd3d312
be522d3e
be3df084
be2a1f84
be5effe4
bd32a1e2
3d533ae2
3cad5e3c
3e1c1439
3e163100
3d4e9cc2
3e485a87
3e0b28ff
3dae5464
3e8cc348
3e2d27a1
3ea3d629
bceb9319
be3b121e
bd89e09d
bd66b046
bdd41900
3d94ea94
bcc6b716
3d611a57
be4f5844
bd0d482c
be429cc2
3cc52039
bd79be8d
bd8250db
bd8f78a1
3d4822c1
bdea56b9
bd866def
bea9dbea
be914b6f
be6ee4e3
be42a59d
be3b469f
be80cb04
bea3b273
bdf0de3c
be557583
3d932194
3e8af4bf
3e4aac5a
3e23f210
3d9587ba
3e5d5b0e
3e06e65e
3e168572
bd0cf9d2
bdae4ce2
3ca23497
bda8813e
bdbe76fb
be4c543a
bcefcdf6
bbf83d6c
bbdad38e
bc596a3f
be67cc4c
be400bc1
be32d0a7
bd7347d9
3d22de59
be5cbc7f
be8e55f5
be1b1799
be594806
3ccdef46
bdcc4f38
3c0c6793
3d3ab6c4
bd839580
3e04bb06
bb681071
be0174b0
bd28aaa3
bdef487c
bda880d2
bda214e9
3dbfcc92
3b2f761c
be13bee5
bba89379
be4dddce
3d9221bf
be4eded4
be5e4d35
be32ab13
bc93f719
3d3acecb
3d0aee15
be2a9635
bc744889
bdc2c224
3eb22f85
3dd19ac3
3e824824
3e2b5aa6
3e1b8393
3e9cfe14
3e9d67ac
3d0435b5
3e816d11
3e6ca073
3d8a0818
3d87f579
bd4cb7a8
3e112dc3
3c969344
3e497d73
3d165398
3e36e3d6
3dfeddf5
3e230c0d
3e6e7f17
3dff753b
3e143177
3e9a9165
3e7ea666
3e433677
3dfe59a0
3eb6de57
3e6de728
3de291b1
3e7323ba
3df38a24
3e6eeb46
3ef74132
3e997e56
3e9f260f
3d007157
bd30c7c3
3e376d58
3d8ea60f
bd3a5f2c
3e00aa73
bd510f2b
3d3a6e92
3e12ba1c
be2a6d82
bc69cc0e
3d22573c
bb131fc3
bd62fc63
be08fe65
be7fe368
bd66487c
bddc05e8
be19e04a
bde54058
bc8a32e5
bd20fcb2
bd368016
be1b0033
bb8a1692
bdaa7f65
3d094a69
be953f2c
be0b0983
bea92c2b
be2913eb
bdce3099
bdc710a9
be1f0f41
bd397ee3
bd9f80fc
bd95d34a
3d3924c3
be33dc34
bd949c3c
3ddf9eab
bb72a062
bd83dbdb
3e61c866
bc3ee3f2
3bd10cbd
bd87a9bc
bd9ec533
be0ee487
bd8c79dd
be4f9dba
bd8477d0
3d8c429b
bd11bde8
3e1137e1
3e64c043
3df2d18e
3d8b0d36
3bb85abe
3c5166fd
3ce12ab8
3e1b5147
3df4a613
bd7cb3ad
be65cc9d
bd9a3307
be8346e6
bd7ee744
be30e834
3bdee68e
be216f77
bd16f22f
bd346243
3e65f24f
bd8a17e2
bd1f9b01
3e3db5dd
3cfa6482
bbf040bf
bd8481ee
3dc22b32
