3f586e38
40df4677
410b4142
4158ba58
4139f7f2
410618e2
40d2c649
4065db40
40cb2899
40e23649
40db38a9
40573e2a
40928924
40bbc867
40860f97
3e86f0f8
3ff2a054
40e1ea53
41413c96
417a37ba
4182527d
4171aee6
414df642
414fc60a
4121af50
412eabaa
411fb644
411c27fc
4111b37a
415dd784
41113cd6
40c84285
405d4ba8
415abd50
415c92e4
41ac0f65
41a23e12
41aca1e0
418a0dfe
415c6280
4154ba7e
413af9aa
412c8164
414c50c0
4135e594
414ed440
41667e38
41192fe6
4050051a
40b904d3
40ab3665
41818253
416a39e8
4197a3e8
418fe978
418681c2
418bd6d2
4171df2a
4162374e
41661c0c
416459f6
41728250
413e9938
40f1c285
3ed832e0
40b8bbd1
40d5e8c1
414e7824
418484e3
4188170d
41a10e9a
416c7e5e
4197729c
4183d4da
41951492
4141b9f8
414d1be8
413ccf66
41277930
4102440a
3f34a084
4065d250
3fd9d474
413fa1c6
415b5e96
418f260e
4195b843
417803f8
4193e173
419490b4
4173d100
41525aa0
41342bb6
415fbbd2
40ddaea3
40f4d30d
400fa2aa
3fdc4f68
40a2c339
414433d6
41642664
4195b421
41827edf
4135ee34
4132e610
4121e3c8
413bf95c
413f77e8
41673d04
4186f6cc
411fce50
40d50d47
408877da
409bbf09
4137fcdc
4179f46c
4173f690
4151e724
412ca952
40f3ac5b
40bf5ce9
411a15ce
41533b7c
41a1aaf6
41cfc79c
41aded9f
416ffe94
4122a756
41002170
415608f4
4156208e
416f374a
411f2346
418008ad
411d5f66
411523a4
4110f63e
410c1526
414530be
419674cf
41b08d93
419d5f9d
41685c00
413e477a
40be02c1
41224b34
4123d9ba
4141d59c
414bc516
415fb5ec
41283e42
40f4327d
41843195
4170492c
41873a80
419a49d4
419c4bd5
419e296d
416d2706
410c3e2a
41009a66
412b88d2
41523a68
418385a8
415e8146
416d49a8
4154e718
418a6edd
41ae411d
4198cb00
4175ff7a
4140f88c
411d42f6
4198d245
4194b92f
418c336a
4108fc92
410af198
414c3f5e
4125d3be
4183685a
417044de
41826cb4
41ce6979
41e7a231
41e4972e
41a00cb3
417e2c68
41112b82
4194cb70
41aa4935
41995471
410ea008
4157b036
417efd4e
41872594
418aa73e
41769728
412f0206
41c69bfa
419ebf60
41d57034
416b192a
41356a06
40e27e71
417322b0
4176ac54
4199c6fe
4105f7be
417f16b4
418f4807
417476b0
41863a45
4181a00c
4180bfe9
41dbb2c4
41a1bf6f
41bb7340
4124190c
40d7aa49
40e18c99
40f3f335
4113af4c
410aaf24
40a2c195
418c322f
417c6fb8
4195babb
41695f9a
413a1892
412c192c
4145e33c
40fa4953
40f6e189
408e95c4
400a02e4
40ed6131
40eb62f9
40b08b71
40822595
40c3020b
411d2f48
4112cd00
40b2f021
40fdd975
410a3528
41143ba6
411958b4
4088f124
40adfd09
3fca7c3c
3fa18f54
40b1b04f
40a499c5
404859f0
409f54ce
401a0e80
4082a33d
40c0ab88
40b66ba6
40bdf534
40dd37af
40e475d5
40a6e50b
40b22475
40bb8790
40cdeb83
409cd8cf
409bec34
40a4a3e7
40a04dae
405ce292
406caf52
4105c31a
41080a0d
40ed70e9
4103a9b8
4128a92c
41251ff6
411858b0
41090126
410180ae
40fb2fb1
412f38fa
40ff28e7
40ff62fb
40c90d0d
406430ae
40331b7a
410275e8
41121fb5
411aaf5e
40f71fd7
41125269
411865d7
4119ff1d
4121bf4c
410cd0af
40ee4f11
4127ec77
41094f4f
4113db2a
40d7da10
4065ac34
40661e54
40ddbd45
410920b7
410dbf39
410e7e54
40f7b503
410568e4
410c85a8
41014813
40fd013f
40f7d6a5
41217863
410a7e73
40aa4970
40a0499d
400c4246
4063bc92
40b73e89
411f3c08
4108e2f1
411737e8
411200a2
410edbab
412c9216
40fee50d
40ac3c69
40fca6ef
4113d0c3
413ba6d2
40fa4951
40fd22ed
4043ad46
4055f814
40a408e7
411c40fd
41144c20
40eb3aa3
40d2f749
40fc90e5
41275a6b
40a48626
40eb3e85
40af4358
4101ee88
40fcc73f
41011516
40dcc751
408dbc28
405d52ec
40b4068b
411fdc08
410ee28f
41016601
41068066
410b55c2
41298069
40db4843
40a29168
40ad16af
40cfbbb9
41373baa
41310797
41097278
403fcb76
4068e80a
40d2c93b
40a7e29c
40df8b51
409d7b6c
40f4efc9
41064870
410f3681
40b715dc
40d02a45
40cbfef3
41242d80
4125d4a3
41312d96
40e35fcd
408bba0f
404c99cc
40d40e08
40eeb729
410a99e9
40adfd27
4119a446
40e063d5
41346b9f
4105c53c
4125a847
4117ae0f
41435fcf
413190db
4113599a
40c7a2e7
40c1a296
4030442c
40fccb77
410bf347
40fccc95
40dee86b
4135c4da
4120192e
41072b62
413bf5e5
413dbeaf
410a93ca
4131e035
412e1c90
40f063a9
40c77f88
400d95a6
408e7289
40e1d261
411291ac
410dd4f7
41113a70
40f67691
40a79154
4110cbe5
4124376c
412e077a
41072fe1
411bed06
4114add3
410ecc43
410c98d6
409d5805
40a8fdbf
410e9628
41263439
41100eff
410b760e
40c5ac3a
40b82b39
4104a80a
4113213b
40f73a65
4100ee01
4113af79
4101bbfb
411381b1
40ee8f79
40299c8a
40c790e9
40d16a5e
410bdab5
4120f70c
410c342d
40f4d26d
40f63c75
40f0a9a5
4122deeb
4110e070
4119189a
41039dcf
40e86ae3
411f2a07
4105aeb2
406f9ef4
408f717f
40b8e9a7
410bcb27
40e18889
40b65e2f
40dd9e47
40f5e57d
40fe929d
413aab0e
40c1a609
4109de86
40c4fcd8
40d868b8
41075d91
408eae2b
4027da9c
40516f12
40b8d85e
4048c76a
40acb2e1
40b95a56
410902b2
40c2f303
40e62b3d
4132c862
410d0b86
410e69be
4100567c
40b9fc34
4101d4f0
4109610b
40b6eea2
3fc34e91
403e2954
40803ae1
409c348e
40bd051a
40beedd9
40818c80
40b4fe1a
40d10782
40c53393
408d3761
40b075aa
409b5db6
4075da2a
4084e1f4
40071562
00000000
00000000
00000000
00000000
00000000
00000000
00000000
00000000
00000000
00000000
00000000
00000000
00000000
00000000
00000000
00000000
00000000
00000000
00000000
00000000
00000000
00000000
00000000
00000000
00000000
00000000
00000000
00000000
00000000
00000000
00000000
00000000
00000000
00000000
00000000
00000000
00000000
00000000
00000000
00000000
00000000
00000000
00000000
00000000
00000000
00000000
00000000
00000000
00000000
00000000
3f3f20c4
00000000
00000000
00000000
00000000
00000000
00000000
00000000
00000000
00000000
00000000
00000000
405e5eb2
3f2cc6c2
00000000
00000000
00000000
00000000
00000000
00000000
00000000
00000000
00000000
00000000
00000000
00000000
00000000
3f79b061
3f289907
3f65c9e1
00000000
00000000
00000000
00000000
00000000
00000000
00000000
00000000
00000000
00000000
00000000
00000000
00000000
00000000
40a9f5b5
3edecf36
00000000
00000000
00000000
00000000
00000000
00000000
00000000
00000000
00000000
00000000
00000000
00000000
00000000
00000000
00000000
4043547b
00000000
4010c1b2
3f9a514b
00000000
00000000
00000000
00000000
00000000
00000000
00000000
00000000
00000000
00000000
00000000
00000000
3ff46be2
00000000
00000000
00000000
00000000
00000000
00000000
00000000
00000000
00000000
00000000
00000000
00000000
00000000
00000000
00000000
00000000
00000000
00000000
00000000
00000000
00000000
00000000
00000000
00000000
00000000
00000000
00000000
00000000
00000000
00000000
00000000
00000000
00000000
00000000
00000000
00000000
00000000
00000000
00000000
00000000
00000000
00000000
00000000
00000000
00000000
00000000
00000000
00000000
00000000
00000000
00000000
00000000
00000000
00000000
00000000
00000000
00000000
00000000
00000000
00000000
00000000
00000000
00000000
00000000
00000000
00000000
00000000
00000000
00000000
00000000
00000000
00000000
00000000
00000000
00000000
00000000
00000000
00000000
00000000
00000000
00000000
00000000
00000000
00000000
00000000
00000000
00000000
00000000
00000000
00000000
00000000
00000000
00000000
00000000
3f5b3f3a
00000000
3f8e4079
3ff955f8
00000000
00000000
00000000
00000000
00000000
00000000
00000000
00000000
4080ef24
4092658c
405da1fa
401cc5cf
405cdf0e
00000000
00000000
00000000
00000000
00000000
00000000
00000000
00000000
00000000
00000000
00000000
400cc668
3f9ba4ee
4008cb92
00000000
4081157f
3f647e06
00000000
00000000
3e1dc848
4022ebbd
3ff2eb62
00000000
00000000
00000000
00000000
00000000
00000000
00000000
00000000
00000000
00000000
00000000
00000000
00000000
4055da08
409854f9
3f4438d0
00000000
00000000
00000000
00000000
00000000
00000000
00000000
3ec94cb0
3ed028ec
3fe56bb6
00000000
00000000
00000000
4018f30e
4022183d
3f239458
00000000
00000000
00000000
00000000
00000000
00000000
00000000
3fff0ab6
3e57d338
4049080a
3d95da60
00000000
00000000
00000000
406419d8
3f1267c4
3ec47b50
405a4fa6
40431946
408d5524
402bf1aa
00000000
00000000
3f4945e0
40881fca
412c253e
4026eef4
00000000
00000000
00000000
00000000
3e7848b8
00000000
00000000
00000000
4045450a
4033e300
00000000
00000000
00000000
40823c51
40d245d2
4090b8b8
00000000
00000000
00000000
00000000
40d02b8e
00000000
3ef2b884
3ff6b9be
4087f2f8
401c9db4
00000000
00000000
00000000
40abf86e
4083084e
40a19e4b
00000000
00000000
00000000
00000000
3f8a76e0
00000000
00000000
00000000
3fa46698
00000000
00000000
00000000
00000000
408263cc
4083dc6d
40718faa
00000000
3e3ffee0
4012aaac
3f765d74
00000000
00000000
00000000
00000000
00000000
00000000
4006f28d
00000000
00000000
3f98638c
4106480f
408d0715
3f4581a0
00000000
402aeaf4
00000000
00000000
00000000
00000000
00000000
00000000
00000000
00000000
00000000
00000000
00000000
40543216
4002b9cd
00000000
00000000
3f0312f2
00000000
3fd9e482
00000000
00000000
00000000
00000000
00000000
00000000
00000000
3f997d68
402bf926
40d11b7a
403218b4
3e6d5230
00000000
3f2a5578
3d186040
3fe691f4
3e4b3b68
00000000
00000000
00000000
3e6e4358
00000000
00000000
00000000
3fb0eaac
40856553
400a3960
00000000
00000000
00000000
403d23b0
00000000
403aef68
00000000
00000000
3f30f3d4
3f918232
00000000
3f9b742e
00000000
3f932134
40c81df4
3f9a455a
00000000
40b6c581
3e943044
40427812
3fa3b456
00000000
00000000
00000000
00000000
00000000
00000000
00000000
00000000
00000000
40630e8a
3d03f6a0
40554420
40bc5bde
40d18682
40a3d3df
3f6416a4
40316c8c
00000000
00000000
00000000
00000000
00000000
00000000
00000000
00000000
3fc1f642
00000000
406ff872
40da9298
40f015b0
40b2015d
4009df66
00000000
00000000
00000000
00000000
3f394b3c
3fd440ac
40122a80
405191b2
3f212aa4
401cbfed
00000000
3ed9d828
40194d1e
4009798f
00000000
00000000
00000000
00000000
00000000
00000000
00000000
3e9b437c
3eb7cab0
00000000
00000000
3ff2c61e
3fb90d5c
4020e049
4076eb3f
40aaac12
409129b6
40a80760
40d79c0e
40bd4950
40c77036
40ae5132
40c21e42
40b01dee
40985026
40a13dd4
409dd212
40b6ae78
402499b9
4043e93d
40eff362
40eafa9c
40ee4c3e
40d04918
4109b1d7
410b17ae
410c4290
4101a80e
40f22110
40fd96ae
410a7f42
40f4a438
40f56fb4
40dbf5c2
4061fa2d
4055b943
40f3f400
40e75eb2
41026502
4124bf7f
411bc719
4106efb6
4109f324
410004b0
40f07c0e
41108718
4114a4a6
411aa6a4
41073090
409c3b36
4009dbd9
40491fd5
40d55888
410000b2
411bb604
410ebd56
411490a0
40ebbbae
41140f27
41026c5d
41057be0
410e16fa
41161abf
412cc0c7
40ee8442
4099a924
40042ebe
402141b7
40d3cfc2
411ab0c9
4108ecbd
40fdc9e8
40f9ec02
410f4a16
411c4784
411a6f19
40fba5f4
410d3077
40fb8d40
412de7e9
40f5cce0
40ee71e8
3fe14a4e
3fd2fc8c
40a9659e
40eb9832
4108e1d5
40effe08
40f9008a
40fff398
410c4d33
40fc35c2
40ddcc68
40f51758
40d77c40
410857cb
41199ed8
40dbd2dc
3f76fd5c
400a3931
40a3e12a
40ef5934
40fc5fca
410340c4
410ec255
4100b9e0
41110b6b
40ee02f2
40e6a0a4
40de6a9a
4104f39b
412e3c5d
41269fa9
40c05564
405a40bd
404b6681
40e467d6
40d9586a
40fa1502
40cf7a06
40d15baa
41098459
410f3d42
40df67cc
40f53b88
40e0ae8a
412aeb18
414305b7
411a7984
40c8e460
406050e3
4087fdf6
40f10974
4108d478
4117c354
40d2da5a
41068e5f
410fda72
4120053f
40f9364c
413ccace
411f3c4e
4128e3fc
41353f23
410e9c99
40ac7a94
4052aedd
4001bcb7
40e16ed2
40f06ed0
411c422f
40c1395e
41200ceb
40feeada
411de26c
41175bd5
414bd603
41250de1
411ad61f
41159601
40d214de
40b20afa
4039dc5b
407a8c0b
4107ab27
40f6ec2a
41072b0a
40d8db8c
410f1104
40b6c642
41079c83
412b996e
412331c0
41049b53
41117078
412202ba
410423e3
410db8ee
4061ef19
40a12666
40e07b30
41117dd7
40ec2054
4102a84c
40bdfc34
40cfa068
40fb9de2
41406d0f
410a84bb
40e7bb3c
410adc48
40d6714a
410dbb2b
411a38c4
40756ee3
40af3940
40af3afc
40ec4838
40dbf2ca
4102442a
40b14f7c
40da2e60
4117ce56
41456fdf
4125259b
410a16c4
410e7afc
40d5fdc6
411fec4b
410eb6dd
4065f0c5
404e9ceb
409b8430
40df1a92
40a4cc20
4103ffe9
40e0db18
40fc5eea
40f635bc
413b23ce
410a6d2a
410253f8
40bcb2a4
40bdee48
4116d9c7
40b45144
4088172a
400295c2
40c84cfa
40ccf108
40adf6ce
4101c706
40f698f2
40e910ec
410518d8
4111c780
40e6149c
40fa09b8
40b9d3c0
40958b7a
40d44f0c
40ad7fd2
405659e3
3f9eddb0
40347a83
40655a19
409d65c2
40a4996c
40aaa136
4098953c
409b6e80
40a31690
407c7cc5
40a91b50
4002d2bc
408cfd16
409510ec
40348505
3fa735f8
3f1b4e20
40929c5a
40ccfd22
4100b559
4106e0ea
40ce18cc
40fcc256
40a690e7
408d4752
40c06594
40a86278
40235cac
4031f648
40748dcc
4080be7f
3e201320
40575856
40a19ffc
40a3885c
4122da72
41103f69
40d47ebe
411583dc
412a1866
410eb094
40dc25b0
40ccae84
4104eaf5
40edc1d0
412130cc
40e5ed68
40091062
4041ce78
411d4cdf
41373e5d
418c4302
41900daa
41884df7
41a62cb1
416674a0
4167974a
41465c56
413a197d
4151f156
41079ad0
414c2c02
4103f2d7
40aef257
407fb2e6
41218d05
41106034
418ac46c
416282e6
416e8956
414e01ad
416d5910
4169e71e
412c7702
416aefa0
41731ddc
41509c34
41097f0a
40c779c4
406e9564
407da8b8
411df252
41538785
418ef07a
4173903c
416a08d6
41907466
4172894c
4182abdf
4147945c
41904eba
41605ecd
418167b3
41023e25
4085b5b4
00000000
3fd99788
40b64ea0
41097860
4132eede
4152003a
415801a0
41450e9e
415740a1
417e6f70
411b7b10
41394371
41187a8d
413e9b60
41354c39
40b6a5bf
00000000
3f88ab70
402456c4
411d08f5
4135054e
4161565a
4194c513
417b2ca0
4184341c
41244b6f
4128cb5f
41287295
415380a3
41505e75
4175968c
40d2eae0
3f9e55ee
40611494
40abd53d
4121d72d
41562555
414d5fe1
419247c2
4147befe
4137d138
41026dbc
4141db29
416d9124
416502c6
4192f494
4199f21a
4127a141
3fc3232a
408b1d6b
411f5658
415f20cd
41803c31
41348c92
41688638
4143b8b5
414eca4d
41660b40
415fcfc5
416aae38
41989ea4
4183f6e9
417e0c0a
41328113
403331c0
40c0afdc
41210f58
412f96c9
4155e428
4121745c
413d1b8e
41794a86
416ddb3a
41a028ab
4180d414
419236cb
4189668d
417110d6
41858e6f
41115744
40509b8a
40e77172
41315b25
41532c1a
4190d968
4169d1f6
4124e953
41699cc0
4164face
41ac758a
4174342c
41817ad0
415a1307
412949c3
416932a2
414c4192
411dbad1
410e134b
410740ae
4142ea05
411d3fc5
41498852
4125b6d8
41882e58
419c1e37
41ad986e
41b40c4a
418d1bc8
417e22de
412606e9
4185a5b1
41493741
410d2a31
41048b22
4109c7e7
414d0d72
411cec6b
41643dce
413918db
414f226f
41a0f3bb
417e74da
41cd7cc3
414f4869
41679ad0
411b01d2
41821252
415944b1
4141e501
40dd770a
408c2ac2
40c392dc
4134d29e
416a4b14
413bd544
414cd9db
4192546d
419e22f8
4193d631
411a8869
412855c5
40defe5a
40cdd4b4
4119a4f4
406c8b26
405d7dc4
40f399b8
4117b772
417d38b8
418e3ddf
4134973b
414b0f73
41418b78
4159b9f3
40faecce
405ff2e8
40b5da89
4052bf40
411c072d
40dad5b8
40385920
4003c7c2
409e7852
4116d40d
41108f33
40f4ab28
40f2a9bc
40ded142
41033dde
40f5d32e
405d8f68
3e964448
3ff7e48a
3ea827d8
400faa34
3f8deb4e
4006afd4
4024c7e1
40902fdc
40a8f56c
40c291f6
409cfb42
40cb2c38
40de9524
40bdcc1c
40c17ebc
40bd2932
40ad28f8
409c6d34
4098c36e
40aeab08
40a88db6
40049f87
407eba6b
40b917f0
40a5d600
40daf9fc
40f055a8
40f37572
40cdaabc
41062c2d
40b87726
40e2744e
40a87bd6
40e485d0
40cd5912
40de8518
40d6d00c
40052b97
4028be63
409efdca
40feb500
411470a0
41068c30
410bcf51
4111cdb5
41115759
40f287d0
40c46566
41067fb8
410bc06e
4109b1a9
40cb1c22
40d7ad32
3fcdc9ac
402c2c17
40e5673e
40ff87f6
411d0049
41035d89
4113def0
410c4864
410886a3
41041e13
40f2207a
41099363
41322d2a
4113ee1a
40cd8948
40d7687e
3f5c5e7c
4016d71b
40f01e80
40f10d30
41367349
40edf87a
40dcfdc2
41062903
4131ae8f
410fe3d2
4104b038
40f1d482
410bd38c
411fb9b7
40c86e4e
40e71648
00000000
402f5c3f
40bcaf46
40dccf60
411b0642
40f9a8ee
40fd28c2
40c20dba
40ee81d0
40e49514
40c86880
40ae8b02
40d82a92
410ec7ac
40f2a460
40b04fe2
3fe81752
4055023f
40c893b6
40fe3dc0
40e625de
40e7a720
41097e77
41055855
4117b3ef
40b3ece6
40c40418
40caf1c4
41177e95
4121c8d1
410c9751
40e6632e
3f26669c
40397e71
40bb03aa
40e7a3aa
41012ad9
40a8c8ee
4125b781
40e5a69c
40f64f7c
40c667a8
4107f503
40f81008
412ebed5
411db304
41139cd8
40fcb2a4
4021db99
4028a547
40c43836
410a4d8a
4110ba54
40f84638
41229edc
41044097
4118703d
410d06dd
41243d06
4129b53e
412bab5d
4111a1ef
40e79292
40fd5e86
3fca8fec
405292e5
40b7fd90
40f39ef0
410ae258
4106507e
410385b4
40eaab1e
41266b4c
41361860
411469a7
4111d793
411bc438
40d814ae
410009bd
40a2bcf8
3f882488
408e18c0
40bf2ee0
410ec502
4124f805
41179f5d
40ae8b86
40ef71d8
410c6e20
412a27a9
410edc1e
411c7b44
40fe0918
40e69874
410a43f5
40f49f28
4059d22b
40aa360a
40b6f560
41171670
411bc068
40ae4e42
40920978
41096829
411813b0
41207c14
410ac031
40f0d08c
40e41314
40b19a96
4109bc53
411055a3
4031d9a9
40b78ee6
40dc32c2
40f392b2
41032e9d
4096f8d6
40bca7e2
40e550c0
4121b02b
413a3a05
411cd281
41080e2b
40f23f58
40d7f594
40f42566
4100b654
408b2864
409e5f72
409b0f28
40a47aa4
40e1fdc4
40d65eb8
40c2d9ce
40e3979c
410ff385
411eb7b4
40e72190
4101c53d
40f09716
40d3f54a
40b966ce
40b672e8
404947d7
407460cd
4060128f
40bcdaa0
40b624e2
40e15c60
410371f8
4100ace0
410b40c1
410dba67
410c0cb3
40c95b80
40bbccee
40cb6214
40dcf76c
40c3c13c
4033132b
00000000
3fdf1684
3ffbde2e
40972798
40aa57f4
408565fc
402331bd
40894cc2
40bdeb54
407d3fd3
401b7685
406bb231
40048637
404d4351
3fee2750
00000000
40034256
4082717f
40a9fffe
40c2a7ce
40c1c4dc
40b84f14
40db535e
40e2cb6a
40e569e0
40d35f92
40a061bd
40b26ea4
40a8fdd7
40afd670
40bf0a88
3fdf32a4
406aae06
40f184f2
411b4377
41226421
411de5a7
4132ccd7
4133bb30
4120e2ee
410747a7
4124c116
411adb50
4120afb5
411921ba
410f228c
4124191e
40600e9e
4079c99c
40cb4a12
41062441
4131db47
412961ba
413dd47e
4126f0ef
411e53a9
4110aa7b
40fc03f6
41169438
41313d64
411ce678
40edcf6a
40e9b9e4
3ffe0f24
407f787c
41195ec4
411a2926
41362fc3
4111ba9b
413aae48
411c881d
411299fa
410c5a6d
411c04e8
4126aeae
41328eb5
41188b49
40e47aec
40d4798a
3ff39df4
406a4be2
40fb7742
411aa7ed
41293a14
4126cdfb
410afb1f
410b0906
413879e2
41406792
4104d5e9
411b8a26
41180dcc
4145c93c
4103904c
40d4ba18
40029e12
4064ba9e
40bd120e
41018e91
410c9d04
410e3278
41070a7c
410e9ab0
4138d484
4109839a
40cf22f0
40de99f4
40ffd554
411c035f
41111d07
40fb8bfc
4020d29e
403f18c2
40ba87fa
411ad216
4101d881
41027b59
413c75d9
411de9d7
411503d7
40eeeae6
40ee5fc0
41143852
412492e9
412cdcb0
4115bc58
4110f987
400f3f6c
40504024
40dd9ad6
41081591
4105a923
40ddace0
4132669d
41167224
41222d0d
4100f3be
410187df
4105959b
412144dd
412e882b
413ecabd
411151e2
402800ac
406ef04e
40fa8e16
4100ad9f
411ab388
40df6d7e
4130e502
4106f606
412b823d
412405c7
41163739
413328ca
414a7d39
413d3367
4146d1ea
40de0474
40933c43
4084b1f1
4104ce83
41198552
4138cf7e
4109e2cf
410b3703
4124cf37
413dc89d
413eed8a
4133444e
41358e16
411ac931
4129d2db
41191d9c
40daf3d0
3fc2c3c4
40b66650
40f46af6
41287b9b
4131061b
410dee5e
4105b67a
4111fff6
411716f1
4128ee36
4142089a
413d3fcd
411e04b0
4114baa4
410e3c5f
41140dd4
406dfefa
40b6b204
410e9682
4124f665
4126af95
411262e2
40e386c2
4116af5f
410bc21f
413e9d22
412ff7c4
4105e92b
40ec4be0
40fe264e
41109166
413858d8
40623d1c
40c26420
40dda926
40f1639c
410bf9e4
410d8d2b
40b11446
40f95bb8
4122d7de
415fe97e
413c1017
4129c2fd
4125941c
40fdac1c
40f09b20
412e2872
40cf2992
40be6050
408f4f0e
40dcb9b8
410ec7e0
4103a1f5
40f0dc12
410386cf
41067cfa
4157d65a
412339ad
410a5feb
4104229c
40ee2dc8
4115f814
40f24b74
405563a4
402e8840
40ab6183
4103a75e
4112a610
41194eea
411dabc3
411480a6
410f010a
412c6eee
4125c60b
40eb583c
40d21278
40ba4922
40da5080
409e8ff7
405410e2
00000000
40658b30
40a1a9ba
409617ce
40670cea
40b84e72
40941796
409619f0
40a425ef
409bd3d6
4050fd76
40806628
407dd62a
40a426f1
40805f4c
3e88f238
3f9f0aee
40debf84
411404d3
414b3c8a
4142af3e
410dae52
40d217aa
400f0b3c
40981fb8
40a6e94e
40a532ea
4069db9c
40240238
4072bffa
40889ad8
3d6f25c0
40540b5e
40c13530
411699e0
416f9fff
415e75ff
4140a8c3
40bac9b8
4113db6f
412dd4e6
410b0b52
409be57b
40c06fee
410068af
41042176
4107f8c3
401d65fe
404a8d76
412aaea2
413a908e
41902da6
41a20f9c
419ba73a
415a250d
4109c85c
40ffc640
40f35838
40c2d392
40b00142
4129eaaf
4115f7b4
4154098e
410ce946
3e6ae810
406763d8
00000000
412d2837
414f59cd
418d8670
417eda87
418e5318
418ff692
41291486
41363948
40fe9f28
412c3761
4170732f
414839db
412176c3
00000000
4041bdf6
3ed0a570
4115d5e6
4154b6a7
41870364
4191c1f6
41426f21
4163cc13
415e3cb1
417a5565
412a48f7
40aa36be
413c104e
41362900
40e303d6
00000000
3ff1840c
401275fc
40f5882c
414a325e
4156e4a1
41964b92
41316faa
419cdcf2
418ba7d4
41856d52
412a5c92
40ea6922
41580a68
411459e2
40a8466a
3f46040c
00000000
3ff48878
412d788f
4158de31
41600779
415bd0ef
40d3e050
40ee9cb4
40e47608
412979f1
40ffb162
414e3742
416576f5
413750a2
40f08494
40941d11
3fc0e6d0
4081f14b
414f38f6
414d417b
4135fb43
40f539b2
3fbd08c4
4016c7aa
40858241
41431089
41959292
41c1306e
419a2f9e
41486c9f
41155af7
4106f2dc
413f6892
4167d0c9
416b3773
4110b034
4126488a
4106bfd6
40bb1df2
4117df1d
40e9b37a
413fb435
415db859
4197ec9e
415d5da1
4157d6a0
4106f1ee
40bdcba2
40faa5b2
40df52ee
40e953aa
4153e292
4161379d
4116d216
3faa1252
4134d3fd
4132d48c
4184b530
41910ab6
414c902d
41694c6d
413a2580
4107aaaf
40db058a
4114df2f
411ec0a6
4146537e
4179d19f
4159ca77
4117da8c
4165e2e7
419eb54a
4198f1aa
4123bf1a
4100ba01
40b42c42
418bac0c
4184bc38
4164968b
40fc5d00
40f2e2e4
4110d856
4106f370
4159434d
414a923f
41215a76
41abade4
41bbcd06
41f03e1c
418d3e4e
414f3baf
4106b28b
4172907f
419ebdc8
4184aa42
41050097
4177d479
417b9bf9
4188d142
418039d8
416b51e1
4126c73a
41a6a0b2
41a480c2
41aada24
413749c2
40df92fc
40acdfdd
4130585b
417e81a7
4170d367
41235be8
418688de
418e14b8
417235f7
4168cfef
4177718f
4153c0ae
41db0050
4197febc
419b9fb6
40ebaeaa
4031623a
4018436c
409a0032
40e8573a
40d425e6
40d11eb6
416e3c11
417efc25
417c4b03
41381650
40d95514
40a72f29
4105210c
40475524
40aabecf
4042185c
40222bf6
40bb5d40
40dd9916
4093f14c
40484138
40d72df6
412ec479
4105da21
407ea128
40b7347c
40f7b5b2
4110ad24
41040181
3eefcc48
40bcc604
4060cfdc
3f305590
40c466f8
4083b327
3f8fa44a
3fe39ec4
00000000
00000000
00000000
00000000
00000000
00000000
00000000
00000000
00000000
00000000
00000000
00000000
00000000
00000000
00000000
00000000
00000000
00000000
00000000
00000000
00000000
00000000
00000000
00000000
00000000
00000000
00000000
00000000
00000000
00000000
00000000
00000000
00000000
00000000
00000000
00000000
00000000
00000000
00000000
00000000
00000000
00000000
00000000
00000000
00000000
00000000
00000000
00000000
00000000
00000000
3f8af2be
00000000
00000000
00000000
00000000
00000000
00000000
00000000
00000000
00000000
00000000
00000000
00000000
00000000
00000000
00000000
00000000
00000000
00000000
00000000
00000000
00000000
00000000
00000000
00000000
00000000
00000000
00000000
3f5a7120
00000000
00000000
00000000
3ef06ccf
00000000
00000000
00000000
00000000
00000000
00000000
00000000
00000000
00000000
00000000
00000000
3fa936e7
00000000
00000000
3f7d514a
00000000
00000000
00000000
00000000
00000000
00000000
00000000
00000000
00000000
00000000
00000000
00000000
00000000
00000000
00000000
00000000
00000000
00000000
00000000
00000000
00000000
00000000
4029364e
3eabaf13
00000000
00000000
00000000
00000000
00000000
00000000
00000000
00000000
00000000
00000000
00000000
00000000
00000000
00000000
00000000
00000000
00000000
00000000
00000000
00000000
00000000
00000000
00000000
00000000
00000000
00000000
00000000
00000000
00000000
00000000
00000000
00000000
00000000
00000000
00000000
00000000
00000000
00000000
00000000
00000000
00000000
00000000
00000000
00000000
00000000
00000000
00000000
00000000
00000000
00000000
00000000
00000000
00000000
00000000
00000000
00000000
00000000
3fc479b2
00000000
00000000
00000000
00000000
00000000
00000000
00000000
00000000
00000000
00000000
00000000
00000000
00000000
00000000
00000000
00000000
00000000
00000000
00000000
00000000
00000000
00000000
00000000
00000000
00000000
00000000
00000000
00000000
00000000
3ebb7ec7
00000000
00000000
00000000
00000000
00000000
00000000
00000000
00000000
00000000
00000000
3f854af9
00000000
3f1b1b3a
00000000
3f62e14a
00000000
00000000
00000000
00000000
00000000
00000000
00000000
00000000
00000000
4092bf7b
40ceafea
402383f1
3ff25739
40525dd7
3e1e9376
00000000
00000000
00000000
00000000
00000000
00000000
00000000
00000000
00000000
00000000
3dac9d42
3fdc2113
00000000
00000000
00000000
00000000
00000000
40df63e9
4125762e
413bc0b4
4136b2dc
40d7f41b
40b1f233
407de580
40cb94fb
405b919e
4081e85c
4004e060
4015086a
3fffb674
40208566
3f421854
40135d44
40c86bf7
41312dd8
418bb326
4166f5a0
412e2cf8
41279442
4123b3cc
41423904
4115e8ce
40978fe3
40ba92a9
4108801e
412a90fa
40f602b7
40bd135b
400017f8
40f2a2dd
41137a40
41808bf7
41855b97
4195b006
4167ff1a
41014adc
4120149e
410625ce
40ae8d1d
40d0bfd5
40e8af2f
412c6868
411ef4f4
41006e08
3fb50f62
40656c12
400666e8
4149efaa
416ba840
413fcb04
417b955e
4190afdf
419946fe
4154508a
41518370
410a78fe
4103b2aa
41465d30
414cd414
40ffd5bb
00000000
3fef0ef8
00000000
4117703c
413545ca
415abad4
418ff681
4111440e
418ea76a
415b7c22
416efd2e
40efb789
40f0f41d
41264a18
40bb76b1
40f29b87
00000000
00000000
00000000
40f85581
417f1ec6
415d87b8
417596ce
4134ec88
4191e29c
416da444
4152dfde
4101d530
4102470e
4166dd9e
40e65875
40aeb502
3ffb53e0
00000000
403282fa
40cf21eb
41653a80
4143ad62
415b3fe8
40816107
40db1215
40d80473
4133fc9e
40f6895d
41373a70
415b4b2c
410bb6e2
40b1a117
4093835b
400f7f70
40ea17e9
41109ff8
414f1a5e
41372d46
40c199b3
4023e0ba
40781792
40c52525
41505e28
415d6c84
41da5ea0
4198c968
41401dfa
40f6a96d
40b882ad
4114b43e
413f741c
41561666
410c3cf6
414d6bfc
4072d4b4
407ec41a
40da6543
40d9acc5
414d1b3a
414849f8
4184e872
418ab698
41455396
40e0edaf
40bca5d3
40c117db
408399a4
411516ae
4127a5f4
4148578e
40efe041
3f6c152c
4121bcf6
411a91d4
418ab49f
418a0680
4161d268
41659630
4128b534
41119a34
40e826d9
41161794
40f84f8b
41567fd6
4153d0d8
4123073a
411eb554
412a5ec0
4191b4fa
41704900
414d0dba
40fdb043
4041225c
418fbd64
41820588
415927d8
40ed9ce1
40d68931
410b869e
4100bc82
4180ecd7
41457c34
41366fec
41aa59b7
41a057ff
41e94d96
418017c4
412e3816
40c04e41
41813beb
418d8c41
41947671
40d72771
416dd0fa
4180fd25
41651dda
4180277a
412cddd2
41020386
41990809
415b54b8
419b9703
4110525a
40e23895
4097ec77
41252e3c
415c24fe
414e703e
411f62d8
416da564
41867195
416e6c32
417737b6
4145fcc0
414b447e
41c46455
415c39e4
418a55f6
40fc7e2d
3fd720f0
3fa942fe
40998674
410d4db6
406910d4
40e19c4b
4178347a
4181be39
4180cd7e
414f7bea
40c331e5
40bcd14f
40f98253
40799a2c
406994fa
3f805848
3fee0c94
40a7ca73
411409ae
4077202e
3fa46e9c
40a4f9a9
41180f28
40c67ad1
40464ad0
40a02d7c
40da8427
40b70439
40cf364b
00000000
3fee64dc
00000000
00000000
3f5c7cbc
40bf4f93
3f89be88
4003d968
00000000
408d5357
411bf4a4
414038e5
4136b34c
40ec1564
408de6a5
3fa9d788
40a28991
40b4a1b0
4095f013
3f896ba8
402ed4ec
404388ea
403a1452
3f772498
3f0e8aa4
4096fc24
412671d4
417fbdc3
4162f1fd
412bf5e8
4120be2c
4112219a
4135d15b
411858a4
40d2a1f0
40c88c1a
4109c0d5
4153babc
4096a3ca
4076285e
40413c98
41244f39
40ec6652
4196e656
41843270
4192f4e6
416dfe0b
40febbe2
4120ca40
41185f4d
40d3b9a8
40c41238
40b2e247
410e7e7f
41286150
40ef0e9a
4069c8b0
3fb52364
4075630c
4122ced2
414c0835
4161e167
4161aeeb
418289be
419410c4
41494f0e
416cb73b
40f0f498
4147792a
416660cb
41313807
40c5e8b2
3dab7520
4041389a
3f8b710c
411e291f
41323004
41787321
418cb914
412f8cdd
417f9e4d
414f5e28
419678f8
40e7a7d4
40ce5810
410e47d8
410c30ca
40ae667e
00000000
3f4993bc
00000000
411f519f
416398cb
4187bc52
4182f8b8
41535190
419b3c54
41649edd
41685cd9
4123b963
40fcb62c
414cc603
40c23494
40984768
00000000
00000000
40144f0a
41041a27
41736393
414ec7ad
417352e9
40b906c1
40fc1828
410b4b46
41479e68
40c86b4a
412a89e6
4157dbb3
40bc359a
40a7daa7
3fffa8a0
4024a296
411a4a82
413961b3
4179c9cb
414396e6
40d94e4e
40025b04
40865244
40b7c9a9
413fde0a
4168a06f
41add606
41a16cea
41153446
40ef5cc8
40a8135f
411b093c
410d87bd
4144d5fe
40f67450
4157cc6b
40e3a7e4
40cc5480
40ddfbf8
409622cd
41280f6f
417dafe1
4180fa94
419d1982
4132d8f3
412b1f94
40ba6e34
40fdf3b8
40f367fc
413ae887
40aec9af
413e2761
40fce070
40901305
413e35eb
412931ad
41981cee
4172e7eb
4168d3d5
418527ee
412824db
4106d593
40fac5c0
41118a1e
412431a5
4158745c
4159a023
413db50f
415a0f62
4132a129
41ac6b04
417ac7f9
41668d71
411466d9
40d47bc4
41563660
4168cc1b
41635679
40e7365e
410002a9
4127839a
40de0bae
416873cf
41346673
416c0741
419c7c48
41d602fc
41dcab4a
41872502
414e9d18
40b9b79e
418c5690
41978d76
4190a6d2
41061609
41203b8f
417f28b5
414f665a
4188db6a
414b3357
410f8bba
41953744
41814a3c
41a888f8
410b1338
41309ad1
401881a4
414a4975
414b35ad
41749333
40daeb9c
415e69d7
415f662f
417eb03d
415c6970
41596eab
41606357
41bc9132
4198c9de
418c323a
41107821
405d6fbe
3fd6cc44
40a45833
410d883a
4033ef5c
40c5f290
41861898
418858ec
4187a1b2
41237c04
40c9b62c
410ca1fc
40fff00a
407bd574
3fa2533a
3fe5938c
3facf31a
40110e30
40bcb5e0
4025d25a
3ef49840
40c9dcd8
412033fe
40da259c
402e2d8a
40df1c26
41027413
40e460c0
40c990a8
40535794
4025bb52
3fe487d2
4000e2dc
402443f0
40ca1d90
4017d2aa
4013f74a
3fe7d39a
40aa2244
40ae6efe
408d1e8a
409e671c
40b3a404
40f4be20
40dd6388
40c4f7e2
40de25d6
40b50764
405ad567
40829b94
40a26020
4075c53b
00000000
408cb972
40addd8c
4102f9d4
411ac272
4109f4a0
41059687
413304b7
412b8052
411bf445
40e25fc2
411093ed
410e80ad
410a150b
4100d8ad
40f6099e
404511d5
4070161d
40d4259c
412d81b8
414eaafa
41675a58
416ee286
41569913
413eb1f7
412df6bb
411a50e7
413f5470
413e157c
4124abc9
4114a077
40c1d998
40aecb86
409cfa36
4121851d
41222306
4140d61a
41391e82
41227116
413fe983
41373c90
4121ec59
412d6454
41387d34
416f4a88
4134ed69
410dedc3
40b47a3c
00000000
4066d7e7
410d4d5c
414472b7
415b1263
414c20d3
411f4c97
414035ce
4150b634
41777efa
413f81d9
413c4765
414be51e
41629b78
40e5d12a
406d9567
3ed982c0
401b7709
40f09ac2
40e5257a
411b8a12
4117f23c
412500f5
412cfffc
4148138b
412a281a
40cb8d22
41122d00
4144befa
41512d1d
41360e09
404797f5
00000000
4028dfed
40f27e88
4100a637
41158677
412dc095
4164afb8
417059c8
4156820e
40fde1e2
411197d4
4114f5df
41602898
4147ebea
4145dc7c
40b4f97e
3fd2e056
4083012a
40b3e626
410d1615
41497f0d
41492700
4173ef5a
4144a5e4
41292edf
41156205
41419bb5
413a408b
413d8888
418cee75
4137a171
40fadf42
3e64d7a0
4080c7de
4105d29c
413b7b38
412229fd
4111e86b
413ef907
411e9579
414b1414
414ca928
413c742c
41500e1c
41803963
4171001e
41574cd2
4115aa0b
3fb42f62
405d2519
41061f9e
411e98b0
4116beef
4110eaa5
4149da0b
411f162a
415a5d88
416a3c68
416cd6f0
41752156
41646936
413c181d
413a3dbd
412a1ae3
3fdbd8cc
40d1dd28
411eb65f
41352809
415854d0
41254f9e
410902a5
413b0af8
416c87cc
417b6ff8
41474870
415fb026
414dc88b
41257169
415eb69e
4146a17a
40c1d000
40f76a48
40e8e06a
412449b7
4127428a
4112bf95
40fcd08c
4162bd5c
4154e72f
41935b2f
41756f22
41480a01
412db53b
410bab55
414b512a
414aeab7
40a8ac88
40cd6214
41042b1d
4108714d
40c649a0
4124936f
41186fc1
4125939a
416d434c
418d4020
4194fb55
4141957c
414fdc6e
410f9eaa
41429139
414767c5
411cc322
406fe5e7
401238f5
40c3b828
410aab22
412cee7f
411bc17a
41164aeb
41597719
4179c4f8
4149a4bf
4132688f
4120c04e
40f17708
410924e6
410844d8
40abee98
400f3f9f
408f0b30
40f5f9ee
413b69c0
413fbc16
41176282
412866a3
414e68c8
413abad0
40b652c0
408554fe
408a3246
40941728
406b0539
40a7ef54
3f7ddc80
3fd0dc72
40514345
40b5029c
40e805cc
40bf8c6c
40ea6108
40b00ce0
40c12924
40c72f04
408b2dc6
3f90a444
3ffc06aa
3feb8b52
40765ad3
403cf559
3ff28046
3ff3c41c
409754e6
40b481b9
40a92e56
40b0db63
40fcef04
40d93292
40d65134
40bd1e98
40bf3b56
40b3cbed
40b3826f
408d501b
40bf450c
40aa836b
40133ada
404fd6be
40a87ec3
40ecbada
40cefeb6
40cf76ca
40d85bde
40eb2224
4102e05b
40f5738e
40e2edda
40d78756
40fdf1f2
40def1aa
410162f0
40f38c16
400d62f6
401c304a
40e9f99a
410ddffc
41038fdb
41398855
4120fa17
413453a3
41142dd7
40ea0afc
41004eca
411b00f8
410e6eb6
41169233
40e38aee
40b42480
40473db2
4084f7b4
40db88c8
4102505d
40f0089c
410812b7
411091be
410287a8
4117e977
40df0552
40ecdb3e
410e7884
4128fcea
41211abe
40fb4b22
4116b92e
4007f92c
405734b8
40e08a3e
41184b97
41107249
4106919e
4117f75a
41179477
41321554
4129efba
41135876
41149847
41275f3b
412f4ab5
40da2e62
40e112c8
4029b59c
40292be4
40cfb724
40f56324
41291482
40e88e50
4117b3e5
40e6353c
4140f277
410f4dbe
40b24752
40cb707a
40e3d108
41305fb5
4100b9a2
40cc75b8
405f2794
4007f74a
40d3d50a
40d8f4f8
40e779f4
40f8d278
410ac5de
411523f9
412dee85
40e69d12
40bb1778
40d53164
411ec855
411788ed
411706a9
40b95afa
4029fcb2
403ecd30
40b923f1
40cbcfc2
4107148e
40f13e9e
412c9102
40f16d26
410a3fb2
40b6ded0
410d421d
40f135b4
4124cd11
4121b031
411ec4e1
40b6f482
40b31977
3fc8df80
40dea082
4104b8ff
41175c43
40ef6bf4
4124b9b4
410c4602
412187b8
411b0bdc
4118c67b
41100693
41311a01
41270645
411693f4
40c74f4a
409170e2
400b5a26
40c13000
40f2d9ba
4119dae1
40e2ad14
410a564c
40e086fc
412c44f9
410adc49
4137c223
4103d2cb
411ed7f4
41248169
40ffa076
41078cc5
40414612
406aefae
40fb6958
4125aa32
412a5771
41234a9d
40ee0ba6
40fc4e02
41154273
411fe2fb
411c1f9e
411edebf
410b26f9
4105712d
410ac077
410ec6be
40367270
40a073ee
40b3da12
4121a603
410642df
40d104fa
40d3173e
410ace40
40fac304
41441f05
410b4e54
4123b36f
40fa35b2
40af67c1
4114eac5
41074cef
408580d2
4094be3e
40c89718
41196d43
4103c704
40fd6abc
40e6d2f0
40ebf1bc
4112478c
41444275
4117c58f
410938a4
40e26c92
40e1ecee
411bb509
411bef47
40e886fe
4062f1ee
40bf50b4
40ba1346
40cc2e9a
40b8c103
40d8832a
40ccf5da
40f08812
414af197
411f146f
410823db
40ea1098
40d5d478
40f7e48c
40bdca62
4084d724
401caed6
40d19c8c
40c8856c
4100802c
411374a2
4105c4b2
4106492a
4107e9c6
412b3cf3
4110854b
40bb6311
40bcb8c6
40f6e4f2
40a6f929
40bf1f4e
406731be
3f4ac4c0
405bde28
404e5af8
405ea710
40602568
40c491a6
408fa02d
40a10843
40b543e5
406b90b0
403fd974
405cea6e
400bff30
4069019a
400b688c
3fba78bc
402fa44c
40bd3c8b
40b1b83b
409f6187
40fd2a9f
40d9aa99
40e16731
40d4ea9f
40e24137
40e15507
40e59839
40e87c33
40e9b78d
40dfdb5f
408fbc51
401d50c0
401bc2a4
410215b6
40ef6917
40e4b033
40d6dbd5
40e623dd
40e45805
40c194a3
40ae054b
40ffdf43
40edecc9
41058f00
40e23a3d
40c665bc
408d01e8
404d00f4
4061565c
4102610d
40d9bc35
40e0da1b
410516cd
4102b12c
41009dd9
40e9b5a3
40da456d
40e96af7
40e6e60b
411d0c8d
410abcb7
40e76bff
408647dd
3f16c822
40814454
41103fe8
410b585c
4105be16
41096e9e
40fa8cf3
40db197b
40ebeb41
40412502
40bd17cc
4104cd68
4104acc7
40d68159
40ac46ff
40b91978
3ffa05b9
407669d8
40e3206b
411d7964
4116e7c9
40c88909
40bc845f
40f2623f
412957f6
40f3b429
40d7d01b
40c85345
40ec1df5
41014418
40dbce4d
40d641a3
40091326
402a80c6
40928ffe
40d17937
4104013a
40c13451
410adefa
40c56ba7
40e8bd89
404f30a6
402f3a00
409fa5fa
409fbfc0
40a95367
40a4d7df
40929066
402a4258
4084fc61
40a367ed
4103b7cc
41098867
40cc21ea
40f2b905
40cb70e1
40e13d97
40935d3a
40a12b7a
40e5b8e1
40c636a2
41078751
40e6afef
40a51783
3ef6a340
407be6a0
40c6cfe4
40de7c11
40ddec51
40974539
40f27701
40fc6867
410cbb93
40dcff9d
40b7f908
40aa63dd
40fae9af
410ad3e2
4111e14e
40f08b65
40764954
403fd358
40c2b149
409fac71
40f0895b
409494f5
40fb1327
40cb0244
4107c69b
40f0d035
40d65a57
40fb0aeb
413e47fe
41107ea7
410425a8
40a779b5
3fe87e6d
40856a30
40fd88d1
40db7e11
40f0ff17
40979321
40eb365f
40d52735
41088eba
41097ef9
410c0083
40d9ec2b
412c5b29
41088756
40f26f23
40198f62
00000000
4055a0c8
41032abf
4109ebe7
40f7ae7f
40e8417d
408877b2
40d66bc5
40e36d55
40dafa7d
40adae5d
40eb2c77
4101f4a1
4109cea2
4117af51
40cef51a
3fc7e577
40c5de9a
40ba282d
411d570a
40e40839
40e999df
409f400b
40a78d92
40eef2bd
40f5004b
40c576f6
408e33f1
40b1c1a9
40c27503
41062710
40ac9292
40555c40
4096cd4e
40bfe85c
40e41601
4083ce31
40bacdd6
40d6f057
40b54047
41215139
4119caf3
4101aae9
40fa7135
40ba242c
40c90135
41247aa8
40d9a819
404bdc48
407c1dfc
408d5ce7
40a8d233
40e271a9
40bfd31e
40a98257
409d5278
40f9069b
4126f5c0
40bccf2a
4104e9e9
40d97c5f
40c23d8e
4105bc85
40a905fe
40423986
406d0a38
40b6e47b
40a7fd21
40c21655
40bd9361
410b74af
40e4a805
4114c33a
411914d0
41141e44
40c68af6
40dac49b
4095c221
40d06c1b
409f83a1
402100b4
3fae5d4f
3faa4f3f
3faca3b7
405c9b2e
4083f81a
404b3dfe
400556b0
405e1a38
401d5b98
406512a6
4016ad44
403b3152
400ad800
404baee0
3f59065a
3f9495d5
00000000
3f5195fc
40b89916
40fd4bf3
4033c1fa
40005882
00000000
00000000
00000000
3f5eac54
3eaeb4b0
3f22b5e8
00000000
00000000
00000000
00000000
3f2393c0
3ff1c94e
40bd4280
410b00ce
41313672
4109e916
3fd5eb8e
409302bc
40c4cfc9
407f9e9e
3ec824f0
3f9e7f34
4099f06b
409900a1
4103ed7e
3fd807cc
408ce8dc
40949662
40b28d44
4127843a
4161742a
412bd73a
40f1d07d
40223f82
40800d72
3ed54de0
3e608be0
00000000
4052deda
4071e4fe
410357d6
404af9aa
3f8f6e00
405e4ee2
3d6d5980
4046a922
412058ae
406b92a0
40e51409
40d9b94f
4113726c
40ceaf31
40cc9181
409252cb
410c3736
411aa5be
416785cc
411d9ddc
00000000
3fb12020
00000000
404cb4b8
40c160f9
40c142b9
4124f308
41230566
4110f3e0
40f1221b
40eee083
40a03a02
3edbe110
410064c6
410acc76
4098e185
00000000
3c8be180
00000000
4080f2d4
410d2c1a
4133b1ee
41006902
409c2db8
4160ca2c
41059a90
410e5766
4064da96
00000000
4129edc0
41325720
40d7ce5d
00000000
3fcba578
00000000
3fd1713c
40f45bc9
40509f4c
40dc303b
00000000
40b59db2
4029502c
3ffefc16
4080325d
40035992
4121ea7c
41200334
3f714654
3fa8d844
404fa14c
00000000
408e3614
410c1ea2
40511f64
40875e83
3e9f8b38
00000000
00000000
40cae80f
41326e26
412ecdb8
4172a762
41108878
40fa9f21
40af2142
40857d66
410eb89c
405238d6
40be8abf
4020f2fa
40508ed8
00000000
3f4acbf8
3d639aa0
40c3ef33
40dcf3ab
40de2979
40fb6839
40e9d1bb
40c410e8
40796962
3fa29f28
40acdf3d
3fe0b176
40876e60
40c2c054
3f9513f4
00000000
3ffa28e2
40962def
40e85a39
40c31d04
412114d2
4090d32a
4117779a
40f21d69
405fc60e
407d6e06
403ecc4c
41016b96
41071fe6
40fa7669
3dace520
4036dc8c
411a730a
412d22aa
409d36f4
402d0586
00000000
40c0cb39
41208180
40c5c755
40b6d47f
408bb1b1
00000000
40d44d23
4103cec2
40a6d012
40d641df
410ec1b8
4174289c
418d5c70
41181c54
411852d8
40054316
415a82d6
418c5c5e
41313818
4085d9da
40ae188d
4126a91c
41459ca2
40e7f663
40e329f3
40aa0f23
41182bce
4114e3c8
411fd324
4047d5d4
3fcf765e
00000000
40d4c55b
413db9ce
40c39169
40d42827
417b6dfa
41854a3f
41497232
40a5a59e
40db19f7
4116c9be
4164209e
412697ca
40ff6839
3fcf7142
00000000
00000000
00000000
40ce76e9
3e5aeec0
411dfd46
41749c84
41467c8c
4121d4c8
411de29a
40367b82
404bdadc
3e126400
3fe847c8
3e8e0928
3f54b014
00000000
402889bc
3fb4d1dc
00000000
3f91e53e
40b545f8
4107ab58
4062f376
3e0d31f8
401ebda8
4093d224
3ffa1f7a
40452fec
403fb0c2
3fa5a8b6
4009fff9
3d824a60
4088e9a9
3fb63fd4
40958761
00000000
00000000
00000000
00000000
00000000
00000000
00000000
00000000
00000000
00000000
00000000
00000000
00000000
00000000
00000000
00000000
3f997b98
00000000
00000000
00000000
00000000
00000000
00000000
00000000
00000000
00000000
00000000
00000000
00000000
00000000
00000000
00000000
00000000
00000000
00000000
00000000
00000000
00000000
00000000
00000000
00000000
00000000
00000000
00000000
00000000
00000000
00000000
00000000
00000000
00000000
00000000
00000000
00000000
00000000
00000000
00000000
00000000
00000000
00000000
00000000
00000000
00000000
00000000
00000000
00000000
00000000
00000000
00000000
00000000
00000000
00000000
00000000
00000000
00000000
00000000
00000000
00000000
00000000
00000000
401a832a
3ec3a8e5
00000000
00000000
00000000
00000000
00000000
00000000
00000000
00000000
00000000
00000000
00000000
00000000
00000000
00000000
401f32c1
3ffcce07
00000000
00000000
00000000
00000000
00000000
00000000
00000000
00000000
00000000
3f63c906
00000000
00000000
00000000
00000000
404f8b8a
40359476
00000000
3f7ae888
3f28e0bc
00000000
00000000
00000000
00000000
00000000
3f996977
00000000
00000000
00000000
00000000
00000000
402b2397
3fe52b41
00000000
00000000
00000000
00000000
00000000
00000000
00000000
00000000
00000000
00000000
00000000
00000000
00000000
00000000
00000000
00000000
00000000
00000000
00000000
00000000
00000000
00000000
00000000
00000000
00000000
00000000
00000000
00000000
00000000
00000000
00000000
00000000
00000000
00000000
00000000
00000000
00000000
00000000
00000000
00000000
00000000
00000000
00000000
00000000
00000000
00000000
00000000
00000000
00000000
00000000
00000000
00000000
00000000
00000000
00000000
00000000
00000000
00000000
00000000
00000000
00000000
00000000
00000000
00000000
00000000
00000000
00000000
00000000
00000000
00000000
00000000
00000000
00000000
00000000
00000000
00000000
00000000
00000000
00000000
00000000
00000000
00000000
00000000
3ea97613
00000000
00000000
00000000
00000000
00000000
00000000
00000000
00000000
3e10b72e
00000000
3f8dec2d
00000000
00000000
00000000
00000000
00000000
00000000
00000000
00000000
00000000
00000000
00000000
403777e5
4037f41a
3fb7120f
00000000
40083c14
00000000
00000000
00000000
00000000
00000000
00000000
00000000
00000000
00000000
00000000
00000000
3f9cf615
3fcc3b78
3f1f106a
00000000
3fb0b455
3e98b89d
3f86c4f6
40c801b8
4111a11e
41535e39
4137205d
40f2716e
40b3694d
3f09400c
40cd1c04
40af9ef4
409310cb
40111c36
3fb96a7a
400dab48
4040475c
00000000
400d91c8
4100eed9
411fe3ee
4182d6f8
416c713c
4113099b
4101ca80
4127017e
41459d72
4115350e
40e1e132
40864392
41085448
412377e2
40f2f7b8
3fc991b6
4034a996
40ee0296
4117d520
419acb40
419e4723
4199d45f
414f8811
410d2f92
41038514
4117a36b
410f0d9a
40af20ab
41157cec
4104be73
413dc2bf
411be033
401feb92
405dc8a2
00000000
4128f7d8
410ffe3a
419db476
4174b2fa
418b2838
41b3bc1b
415fd8da
41583b7d
4113f56e
41454685
418d77f8
414c9652
4102dc97
00000000
3fc6a0c4
00000000
4106eb42
411eef02
414295bd
4189b67c
412b7894
41848910
415a4990
4183641c
41069ef8
4063bc6c
414435e5
41111a3a
40900f3c
00000000
3f9d02b2
00000000
41062ad7
415f2cae
4152166b
4189915f
412d62ff
419a2bcc
41838280
41647982
410c4981
412bbe09
418cf034
4096de96
40c2a5da
3fce35a6
00000000
00000000
40c2cd04
416e9570
4154c256
414868f8
409d1362
40caad2e
40e95cb8
41179dcc
412e9961
414f4c3b
41620f58
409455ee
40d70dfa
409aafe9
401243ec
41004ed8
4143981e
4153faa0
4143891e
40eace92
40347192
3ff6b334
40b9d168
4164f4bc
418657be
41bea753
419af912
40fc79ce
40c1133a
40ca6854
4112c1ac
41387964
4172768a
410d0687
4127822e
4060e29c
408db171
40974232
40c3de18
416a87e6
4135b239
41a35560
416fe248
4155ba22
4107e2fd
40e577bc
41160c36
40848dc9
40f6598a
41251e01
41599530
40cd821c
4023334c
4124c15a
4109d9ca
418983c7
41813584
415f14da
4189d93b
41607642
410a16f0
40e0f302
4112ff7c
41442cb5
4152f0f7
41792652
413c1d01
411aca5e
41380cc3
41b40c0f
4189dfa2
4149125c
4107b527
40dbf830
418dd385
4180d1a5
418920fd
41023f96
408286c7
41099579
40efa636
416220d6
41603486
4161f6d4
41b5de81
41be13e2
41d1ea8f
417fafbe
412862b2
40a90132
418e33fa
4197772e
418ce4d9
40f6c9bc
4158d32e
416aeadc
4186f9d4
41822bf2
414f455e
40fc9e7c
4197edb3
418a390c
41af5a17
411e1cdd
40e5810e
408becf0
41350c0d
4157546e
4157dd26
40c7338a
4181266d
4179ce3c
41442d8d
41600ac4
41756b6e
4141af83
41b86ac4
41625dea
41970872
40f7a9a2
3f27fdb0
401c4b00
40823036
40ccc738
40f92124
40e2bea0
4150069a
4185f0be
4169a304
415e8bba
40e8b62c
40ef3e06
414dc460
3f14b10c
400072bc
400c20ee
3fb34770
409c77ae
40b693e9
40495cc6
3ffdbd7c
408bf6b5
411aa27e
4100401d
4089c07a
40bfe0e0
409d5715
410ea0d3
40f0b10c
3f7d629c
40725322
00000000
00000000
401862c0
40eb92c4
00000000
401f803e
4015ca3a
40c512df
40b6edc5
40b903c4
40d9da4f
40f3ada8
40d40a61
40fac527
40ac3131
40b83aa6
40a12ceb
40905f7a
40c15dbf
40a19f9a
40bd0c19
404739a6
406841b6
40ae6b0a
40cbd4b9
40d5c6c3
40b9c197
4116dab7
40ef79cf
41291226
40ed271b
40d01834
410df06b
4119a06c
41270660
410c35e6
40da6e36
40527c08
3fdd57c5
40c7ef35
4101639f
4124d534
4129d4ad
41153717
4112109a
4113c6f5
41078db3
41062bdc
411590ee
413a952b
40e22bff
40de963e
405b5ed2
407def8a
405ecccc
40eb47c7
411786dd
4126d4f2
40f9e91d
40e4eb79
411ca1ca
4122b506
40cb436a
40cc2ace
410f5838
413f850f
40ff47d5
40aed287
402a151c
00000000
408e0c45
40e3790b
4112ea9b
410ccda0
41003fe7
40d791b8
4103c97e
410e8528
40dbbecc
40bfc66c
40a50690
40c7838c
40ea8aed
40a60575
4088000f
3fe5246d
40657240
404d5f8a
40fdaf4b
40ef478a
40cc45bf
40b4bc42
408b792a
40c9ab06
40c96b1b
3fe5be51
40b77d1c
40cfaa1d
41174341
40a2d196
401ce238
00000000
40490074
40a760dd
40d415a0
40db45a9
408f444e
411e5a21
40e16503
411198cd
4092204c
4095b792
410d75f6
40fc7d2b
41281ac0
412c600e
40c2fe31
3feb6001
407c173a
407bddf8
40ccaf07
40d0d953
40b77fb8
413adcf1
4106af8c
41079b88
40d1e369
4107766a
40f1f5cd
411967b8
413e25d2
410f1ee5
40c9443a
00000000
40072d00
40f5c711
40ee5b68
41048d8e
40f6ba3f
411372fe
410827f6
412e0d6d
413f2a35
410d094a
40eb84d7
4145fc64
413756ee
4107f4bb
40c1593e
3ffdad01
402f669c
40885ae6
40e783df
40e62ab7
40dc9adc
40eeb247
40d3ceb8
412cc344
412ae73b
4132f678
40ec000d
413ce789
411b59ee
41059984
404dfc60
4039c766
409bf175
41002824
410f027f
410cd833
40bfdf2b
40cdd076
40fb6be9
411d6810
4116ab5c
41112224
40f90a8d
4124fdbb
412d4217
412f1175
412a026f
408eccd0
40ba61b3
40b1238b
410573e4
410f3716
40a2e182
40cb3252
40ec6df3
41132726
411f1259
4113d77d
40fa751b
40912def
40a5d46a
412666e5
4113948f
40ad411d
40ab28d9
3ffae2d1
40c0057c
4067f75a
40dc57f0
40cddb8e
4104c967
414786bf
4144d5f3
4131b55a
4102bcf4
410fd876
40c18dc6
410c8e9b
40d31394
40e5e191
40131d7a
3f1d2973
400853bc
402ebf50
4106c30c
40dc1b60
40f87181
4104ac96
4147f465
4126dc3a
4118cffa
40e240b7
40e4fe2b
40f1fa4f
40bc15df
407afec0
00000000
00000000
40a95767
40b44a4b
410ddb74
40c92b16
411422ec
41054710
410d4975
40ee40bd
3e182fba
401f6996
3f206673
3fde09d1
401af320
4059acea
00000000
3fc2aee5
3ff291bb
4068f2ae
408bdc04
4098f1c4
40464e46
40694276
409027a8
3fef05ff
3dc741bc
3f0b4fa0
00000000
4003594c
3e72f7e4
3ef2db62
00000000
00000000
3f5f66aa
3fb34305
3fd2d5c3
00000000
00000000
00000000
00000000
00000000
00000000
00000000
00000000
00000000
00000000
00000000
3e5a1090
00000000
3f927ee3
4018cfa2
3f50039a
00000000
00000000
00000000
3ebbcc04
00000000
00000000
00000000
00000000
00000000
40517a0a
00000000
00000000
00000000
00000000
401b8a34
00000000
00000000
00000000
00000000
00000000
00000000
00000000
00000000
3f63dff6
3f016056
4065f470
3f3d5cfa
00000000
00000000
00000000
3f998f75
400b7c9e
404c7226
4002c1c4
403fa7fa
3f0d14bc
401961f2
00000000
00000000
00000000
40e5c165
4112c27c
406b4c20
00000000
00000000
00000000
00000000
00000000
00000000
4026824a
00000000
3f8e25b1
3fc90ea1
00000000
00000000
00000000
40b3031e
40eef2f3
40a924d4
00000000
00000000
00000000
00000000
3d262d60
3f533e6a
00000000
00000000
405df8b0
403c2736
00000000
00000000
00000000
4022d6d6
40c89a58
3fbc9f37
00000000
00000000
00000000
00000000
00000000
00000000
00000000
00000000
00000000
3f8d89eb
00000000
00000000
00000000
406c066e
40c1af35
40aefcb7
3f713e12
3fa29f63
3fd66327
00000000
00000000
00000000
00000000
00000000
00000000
00000000
00000000
00000000
3c9ee340
00000000
40d21d84
40e640f3
3fc5bcc3
3f2f5782
3ff7d3b5
00000000
3f0f23ac
00000000
00000000
00000000
00000000
00000000
00000000
00000000
00000000
00000000
3ec3986c
3f8ea399
00000000
00000000
00000000
00000000
40065c36
00000000
00000000
00000000
00000000
00000000
00000000
00000000
00000000
00000000
3fe2f88b
405399ea
00000000
00000000
00000000
3f06fcfc
00000000
3c765680
00000000
00000000
00000000
00000000
00000000
00000000
00000000
3f111764
40ea8aaf
00000000
00000000
00000000
00000000
408712bf
00000000
00000000
00000000
00000000
00000000
00000000
00000000
00000000
00000000
400e3e0a
4107f15c
3fb3546f
00000000
40229bd0
4007a196
4019f3f4
3f07d958
00000000
00000000
00000000
00000000
00000000
00000000
00000000
00000000
00000000
403ecd50
3ff3c051
3f75ae5a
41180625
41142489
405c32fa
3f377a92
3f72fcfe
00000000
00000000
00000000
00000000
00000000
00000000
00000000
00000000
407481bc
00000000
4035a7ce
40e2a875
40ccea65
409ca997
3fb7e0b1
00000000
00000000
00000000
00000000
00000000
400c54c2
3fd21133
4095b574
3f8935e1
40485fb0
00000000
4006c06a
3fbf6661
3fbe6099
00000000
00000000
00000000
00000000
00000000
00000000
00000000
4044dbe4
00000000
40108ef6
3ee9fab4
3fb29915
00000000
3eb6603c
00000000
00000000
00000000
00000000
00000000
00000000
00000000
00000000
00000000
00000000
00000000
00000000
00000000
00000000
00000000
00000000
00000000
00000000
00000000
00000000
00000000
00000000
00000000
00000000
00000000
00000000
00000000
00000000
00000000
00000000
00000000
00000000
00000000
00000000
00000000
00000000
00000000
00000000
00000000
00000000
00000000
00000000
00000000
00000000
00000000
00000000
00000000
00000000
00000000
00000000
00000000
00000000
00000000
00000000
00000000
00000000
00000000
00000000
00000000
00000000
00000000
00000000
00000000
00000000
00000000
00000000
00000000
00000000
00000000
00000000
00000000
00000000
00000000
00000000
00000000
00000000
00000000
00000000
00000000
00000000
00000000
00000000
00000000
00000000
00000000
00000000
00000000
00000000
00000000
00000000
00000000
00000000
00000000
4083bb3c
00000000
00000000
3d423092
3f78863e
00000000
00000000
00000000
00000000
00000000
00000000
00000000
00000000
00000000
00000000
00000000
3fa5a446
4035385a
00000000
00000000
3f3f06ea
00000000
00000000
00000000
00000000
00000000
00000000
3f7a331c
00000000
00000000
00000000
00000000
4076d0d0
3fb2fd5b
00000000
00000000
00000000
00000000
00000000
00000000
00000000
00000000
00000000
00000000
00000000
00000000
00000000
00000000
00000000
00000000
00000000
00000000
00000000
00000000
00000000
00000000
00000000
00000000
00000000
00000000
00000000
00000000
00000000
00000000
00000000
00000000
00000000
00000000
00000000
00000000
00000000
00000000
00000000
00000000
00000000
00000000
00000000
00000000
00000000
00000000
00000000
00000000
00000000
00000000
00000000
3d254672
00000000
00000000
00000000
00000000
00000000
00000000
00000000
00000000
00000000
00000000
00000000
00000000
00000000
00000000
00000000
00000000
00000000
00000000
00000000
00000000
00000000
00000000
00000000
00000000
00000000
00000000
00000000
00000000
00000000
00000000
3fa1ae34
00000000
00000000
00000000
00000000
00000000
00000000
00000000
00000000
00000000
3ff89e6c
00000000
00000000
00000000
00000000
00000000
00000000
00000000
00000000
00000000
00000000
00000000
00000000
00000000
408f59b2
40a7bb86
40af41f2
3f38df5d
40438180
00000000
00000000
00000000
00000000
00000000
00000000
00000000
00000000
00000000
00000000
00000000
3fea52f9
3eefe4c4
00000000
00000000
3f6f8ba0
40083f8f
00000000
4057de1b
4102c1a2
413f119e
410aad05
40a915fc
402412d1
3f63d568
404f96b3
3f927a28
3e598c80
3ed29978
3f3b24f4
3ea88968
4009cdc1
3f8e5ca4
401e631f
40cab3a0
40d47260
41387144
414508cf
410d3810
40f5e2a4
40ada60e
4107bce5
40a940c4
406cd68f
3f790cd8
40a59684
40bef990
41095e53
404868d5
40907784
4103541e
40db7300
414639c1
4186adf7
4151ce58
410be3a1
40d8e6da
40b67e82
40209fbf
407172f5
40141d83
40b11746
4112e166
4100a6ab
4064bc7d
3e533200
4011ccf1
00000000
4132f9d5
41166a4f
41658589
413d8259
415e1b26
41814d3e
41220510
40ea2858
3fd54922
40f50472
4135f26f
41269b81
40f70728
00000000
3fdeb9d2
00000000
4093915c
413f8fc5
410e1980
415541cd
40845e46
417219e5
411efbb0
41484fd5
40d2fbe8
40ac94f8
41191b32
40815b74
40590e61
00000000
00000000
00000000
40bb49ae
4122e704
414aa80b
41836823
41210ca5
416b81a3
414625c8
41423ff3
4099f596
406dab39
4178022f
41271c65
403e5ac1
00000000
00000000
3e9d1780
400cf26f
4143b187
412d63b8
40ef9794
40260a8f
40da88f0
4090d768
41031637
40a9ef16
40e69a30
41125eeb
40ee6528
4076e5fb
4027cda3
405a1729
40c0f70c
40daa5ea
411d4c03
40e88718
40b08416
3ebb1d78
00000000
4018f55b
40f6c2a0
41552c5e
41a2e18d
4191f535
4116d758
40b9aafe
41091847
40ae04d4
411010d0
414d5514
40c69e98
40d24a34
409045ea
40372831
4034afcf
40d668e2
415f6bb7
40a05b9e
417461ed
413244d2
41183856
403b1b1d
40e9857c
409eb4ac
40834e96
40ea7da0
40dbba1c
40e7d5ae
3f862984
00000000
40be3cce
41014761
41775bd9
4145de57
41322c85
4128b04c
41278289
40fbaffe
409f9298
4106bc81
40bc6874
411f82f1
4130f0ce
410f039e
4119d548
40c38648
418bf52e
41563a0e
410f70c1
40d0d536
3f2013f8
413c28d7
419d2979
4113e9e4
40cb6ff6
40b6a924
40f36e4c
40ca64a8
414dc131
410287eb
40c34c82
41709237
41ad4496
41c46f03
4114382c
411e8950
4079a9e7
415f1a7f
417540e7
41821124
40c44618
411caa42
416001fb
416da089
4181e9d0
4114ad6a
40ab35ac
418e53c4
4129e678
4193259d
41007f23
40d8db42
3e4f2cf0
41284667
4145925e
4103d3a7
411ebc7b
416fd16f
41957620
41100a50
411be53c
41143cb8
41660497
419a961e
416082a3
416d0361
3fd01908
00000000
3ff6b7ca
4031e6f9
40173d59
405e56cb
40e66020
418fad2a
41767951
4155a5e1
411bb6c0
40be251a
3eaa7d00
40713349
00000000
3ff7c236
00000000
00000000
40586ba9
4095fc3c
3ed973f0
00000000
40fee2c4
41276a61
40bb4316
3f0126f0
40a5694c
40ac56d2
40f03f84
40a03342
3f8ad05c
3e16c990
3f1572a0
00000000
3fe6855c
403f99f9
3f1bddf0
4027d85f
00000000
403b8fae
40c3f622
40fdc91c
410671a8
40ab78fe
40df2ce4
40b125f0
40ab30c4
40790792
4088df7f
3f634644
406541c6
40825e4d
406f4c76
3f4d6dc4
3faf037a
40dd4c52
4117425a
413a4a05
4114d845
4131c49c
41468457
4132bf48
4126a323
410aeed7
411442c4
4118a41c
410bd4fb
413ef1ed
41096668
40dfbf82
404639a2
410158ac
412b46b4
41992b2b
4192c472
41a2e340
417e2448
4145ebff
41416d5d
412df40c
412523a3
414f7479
4125b3d7
4128a587
411b1625
40d4ea52
405120a6
40ec8acc
41410a86
41719f88
416bebf2
4174b1c6
4184861e
419068e9
41839dd2
4135027f
4165d31a
4164f090
41592ad4
414f6ca6
4081d2ff
40c7d156
401d0626
410c1fd6
411f7801
4167e1e2
416aed12
4151fa2d
418afef2
4179db88
41869089
414f5883
4167b2ac
415ae399
41318686
40d8286e
40c57fac
40633c96
3f830b62
4034d922
40af0598
413995e7
413e780f
4176b05e
416c02e0
415f0f2e
4184d05b
414f55a6
41690050
414c79a1
413cf084
410b2806
40a238de
4045276e
3eae2d48
4038d202
410670c6
412f5105
41529e15
41801d46
416fa7d2
41296550
41358307
41336666
41459984
414e3fdb
41673516
413b69b7
410ae96b
40872724
40425f4a
40dabc48
413ac036
414652ef
41708d6c
416c34d6
4123ce01
412a570d
41258752
411a490c
413d26de
418898f7
419a31b3
41964267
413e74ce
40914669
40ce75c6
412c12a3
4142c4a5
4172defe
4141e239
4166382e
4122ddde
415f02a1
415e1a26
412eaf50
415a6ad4
4186ec06
41995fce
418b83f0
41402a1d
40f3f1a8
406764f8
4116b070
411e7622
415e4b10
411f163f
41374a31
4125f9ad
414f2712
418d11d1
41721ae2
418d9e08
41841232
4180edd4
41884175
411eff92
40da6194
40c7f220
4122bf2e
415e0ff2
41658310
41521f75
416f2e0a
41872bc8
41606c80
41995461
418d34a2
417d4e0a
414d1929
4141cea7
418646d9
41640512
415ab309
40e118a8
41048e69
4130df81
4114ff60
41596e4c
4139cfd5
4170ffae
41a7e16a
41c07d4f
41cad3c9
418cb040
415575b1
41046fb3
41880e25
419d1fc5
418198cf
41148f4d
4120ec2a
41316b9f
41467a2e
41772bc4
412ace7a
41433669
41a3dc36
41a52c9e
41b4feb2
41744c92
4157e056
411684dc
4149f43b
4186c918
4186920a
40870bef
40fb7492
412fe751
414e6cfb
416a4130
4142e3b6
415a8aaa
41ad498b
419f04f9
41a8f64b
4145888d
411a883a
40ec29ac
411a8652
4117b322
40fd0b26
40243e2a
4119bbbf
4183bd71
415ec334
4160b39a
412e3396
4142766a
413caab3
410c5ba0
40c56cda
4011deda
402b3b0a
406ab56a
40f2368e
4054e6fe
408c202c
3fcc142a
40e9fd1e
410ff7d7
410ca4b4
40ff0e60
410e1b40
4104d35e
41158f22
40d64254
40b3ed01
407a7c2e
3f8deffa
405f39f8
40bd29ef
408c476d
4029a80a
3fdcb092
407b4498
40b79432
40f132a6
40e8b503
402f357d
40cc60f2
40c96317
40eab5ab
40ffdd28
40ca4628
40360d1c
40b3b823
40db71a0
4047a362
4024c04f
3f17822c
408b0bee
40c33ab2
40f3cdc0
40b8a79a
41164414
415afcd1
4122318d
40bf1c43
40ace259
40ffe48a
4116d5cc
40bae1b9
4119cead
401aaaba
4070a3c6
4084309d
412bad1a
4122c0b9
412a1389
415cf1f9
416f8c16
4181ca37
413c6069
4150ed52
41110fb4
41189a85
413033cf
40c0fe60
4111c89a
40bcc6e2
4099b97c
4063de86
40b56699
4106ea8f
41856fe3
4109b6ff
411d3a18
410f99aa
41034a05
410001ef
4104a140
410ef66d
41464c6e
40e3bf9f
40c422e8
3fe84470
40004f5c
409558e2
40ea5e4f
41320fbd
412f077f
413eff33
410d632c
4141a3e3
413590ab
414937a0
40fb5ebb
4139fe13
411c4189
4119ebf2
408dae76
3f17e07e
00000000
40511f62
40bafaae
410b0743
4100dc40
40cbde94
4115060c
41153438
414799f7
408e05a5
40a06a39
40bcc002
4118cdbe
4113db10
40a58178
3e4b2656
3fd9c9be
3ff1a971
40a41e1f
413336e0
4100c72f
411f1c41
41690c06
41285f53
41248ac3
410df24f
40f9a101
4126e718
411828fb
413bf2e0
41421a16
40c8bdfd
00000000
3f4c8065
40971be1
410a2181
41158ad8
41196477
41300c36
4116b131
41234958
40f791d7
410ea14c
40c758a5
4139045e
4175732b
414c16ab
40fa4d60
3eb14c83
4060461e
40e53f2a
411742a9
410fd443
410720b4
412b22db
413297d6
41657a93
4109cb5c
40fa3cfa
4122dbde
414eabbe
41859bc8
4172dce7
40c16578
404b8cc2
3fed9d85
40cf602d
41056f1c
4124791b
40f8f4a6
41168f02
40f38dc5
41373458
415e206f
4145f6c8
41442cd5
4139b40f
412589e9
415bf3ea
4095422b
3fc469f8
4089fc3a
40d1bd7b
410c30a7
410af192
4076e380
4129d2e8
415f8028
415671f8
41570847
412aeae4
4131149f
413c52a6
41419f06
4159a30b
41264260
4106e6fd
40b472b1
40f3663d
4128aee7
40a0cf11
40ff2e30
40f06267
412b994a
4144635c
418717d5
4179b436
413cb605
413998ff
40de4342
4135baef
4128b65a
411c034d
40c76c9f
40826bf3
40e56483
411778f2
414739d1
41010057
412a63e5
415f6f1d
4169c675
416ba26c
41416039
4151dfd9
40de55a9
412be26c
412d5ada
411199bc
4055eb2c
00000000
40c3dbef
40c0a33d
415a1bae
413fd7ea
4113a8cc
4149d801
4180f1a5
414be75e
41017acb
41154d58
408d9c13
4118c0fb
40a82866
4093c73b
00000000
3f5798c2
410ce007
412ada24
411e128a
40d973ee
411bd4b0
4130821e
4127d028
40b3e1e6
403803ce
40234611
00000000
4085438c
4065b1ca
4064aa1a
3ed5c762
3fce8386
40856384
40af6623
40dfde26
40a64cbf
40a656cf
40c2465b
40e24233
3fcabb27
3fe13afe
400e05c3
3f917d26
40249178
408a478d
409f91bc
00000000
408b2dc4
40ac98de
4100d1df
4102c1c2
402d8421
400c68a7
00000000
4044cdf3
3fc74d7e
00000000
00000000
3f74bee4
3ebfc1c0
3ff354e6
00000000
3ffb2dda
40994bca
4111726b
41112c77
414b4789
4100c56c
40d6b9a6
40f05c0a
40eeebe0
3fac1db6
4046c25f
3f1392cc
408f96e6
4102eba2
406e4d5f
40022127
3fa4b14c
4106f87e
4097ca26
4155826a
4128d31f
412c4df2
4118c5a4
40aa4292
408ce1c6
4035b851
4046e597
3fadf290
40477b29
412c0467
410bd9a9
40c37294
00000000
3f8064f2
00000000
4132f544
4134678f
4157f148
414f6e6e
412a10bb
416fba2c
41212909
40fd105e
4042bce3
40a38226
4156e328
40d6ac1e
40f0045a
00000000
00000000
00000000
3fcd9922
40d46d3c
4119f84b
4154cf32
4082668c
412fbdef
41048cb9
4134c9a2
40306ad3
403ef5c1
411870c0
41467bec
40be6aae
00000000
00000000
00000000
40972fc2
413495f9
412885e2
4189344a
412a9fe0
417e36c0
411d51aa
410b4e41
4064e5c9
40b30e66
4131695e
40b37644
40a605a2
00000000
00000000
00000000
402d5f25
413ef34a
4101755e
40c29276
3fd68cf8
40e27126
408e47ee
40bcd486
40a5e79a
408a64e6
416bce8e
4020d26b
408b2cc2
402c006d
00000000
407dbe5f
40c6a3ae
4109d33a
408f448e
4045c695
00000000
00000000
40015fd5
41291335
41191ad3
4185a1c2
415d761c
4108bc48
40e0d0e0
40d379a2
40b1f178
4111fcca
4100bdb0
411e0117
40a898fe
3f86b99a
00000000
00000000
00000000
4107a04d
40ee835a
4170e1a2
4119c084
412d6e1d
40c5b65c
40756561
40c56f92
40381301
40c63b26
40be0dae
4105e08e
3fa51008
00000000
40a5d460
4088d538
411f695e
41383859
4113d84d
41324ecb
41424d6e
4107f7c2
4090d904
402e1c81
40856010
40f3a0e6
411e0224
4110db2b
40ba2952
40c25e86
41829b27
415cacc7
40e20d2e
408bb56e
00000000
410c774c
412b42d9
41275fa9
40976350
40ae227c
411a008a
40e8a676
4109290d
4117e6e5
40be6300
414c4c11
4189d47d
41932f2f
413cd650
40f1f266
400a87dd
4184f7fd
4166f4da
41449c32
40a9203e
40f9c3e0
4138cace
4126832e
411c7d0b
41189805
409de65c
41865115
410007cb
416330fe
405a1611
40642535
00000000
41440dcc
410f849b
412c7d06
40a35a14
416ffb40
418db017
411f406c
412181f3
413649e2
41217c71
419564e6
4143420c
413e5421
3fda0718
00000000
3f19b64c
4035ff4f
4009edb9
3fe8bbf2
40d31ae8
419788d0
416d2684
41835a31
4104fa2b
40a567f0
3fd165ca
40bc52c0
00000000
3f8cb860
3f933f4a
00000000
3fddc812
40362ab9
3fa86d1e
00000000
40eac0b2
412ba52a
41086d45
3f41bc64
40cf3b0c
40919592
40fb71e0
40e95fee
00000000
3f718f5c
00000000
3fab32ce
3f609678
40d6fbd2
00000000
3f92503e
3fb1e3ef
40bcd1cf
40c62f30
40d313a3
40b70610
40ea40f9
40dae21c
40f9dc13
40d88726
40e2f79f
40eb07cb
40bb592a
40cdd306
40cec4e2
40a49684
406adc7e
4066c630
410e2842
4108463a
411e3bed
4111dbf6
412f42ff
413bc512
411d8c0e
4121fd12
40fd2843
4108aa00
413c45c2
411010eb
4122e016
40e0a637
409b7548
3fdd0ded
410871b2
411ca759
412e2e54
4122afcd
4158db3e
415286a0
412b2327
411e8dff
4111ca8b
41176bd3
412b1011
410a75ac
4107c3d9
40a3e868
401f0ebc
408f818e
410a9532
412022f0
4123e6f1
41194ab8
4127ee45
41111153
410e9c4f
40ef55b9
40f5816f
4116ebc0
413a40b4
413061ed
4101b3ae
40aad8b2
4057bfee
4014979a
40d71a33
413207ee
412c5518
40e3976b
40f7e4c7
41306816
4160a722
4129c806
41137385
41152161
410355eb
4121ee98
4111f9ba
4077f58e
4070ad30
400019b6
40a08194
411755bc
411efce6
40e7c799
411eaeb2
40e5d17d
413d866b
40d9b797
40e67ce7
40ec7f31
41074193
412e4cdf
40bfa004
4089274e
40919489
40718926
40afc5c3
41106e5a
411e8676
40dc6737
41185202
411850e1
413232f9
41125fa2
40ce6f57
410082e4
410441ac
414b5d22
41149cb4
4119f218
401df73e
408cb41f
40b8c2e3
40e89715
41142521
40cb3919
41278643
410f83fc
41301f0d
4107a52e
4101391c
410f7bd4
412cb727
414eb644
412a0d93
40ccda2e
4077b292
40094ed4
40c55556
411dfc38
41056c0f
40e857d5
412d63b3
41236705
41370e6b
4118810c
412be4c4
411aa625
416dbe1b
41541421
412c75c0
40c1401e
4081be89
400d17c4
410dcebe
40f99e47
413026a7
4102bff7
4105a6a2
41055c6e
4131c3ae
415f3aae
41452553
41278df6
41309c7a
411b3838
411ff2cb
4086b780
3fc1181f
40831839
40f0f8f9
411a2883
4132161d
412341b9
40e1cab7
40d32a5d
410f6020
4120ff18
41183705
41239e70
412460fd
413232b7
41392736
41078b98
40a7b20c
40ae8c56
40d82b9c
412f8c1a
410f86d7
40dd4f4f
40c528c7
41192575
4123c5d0
413d3e03
4109f692
411dedb9
41054b92
41064c8e
41599b22
4114de16
40ea513b
4078909e
40755f10
4121014a
40e14c21
410f4309
40fe8937
40f83791
413fc392
41443d1f
4169e4d1
4131ceee
41060b78
41079f90
412a016a
4109963e
40dbfb61
3fcb20c3
40cf634a
40d8e7c9
410c6b01
4136315b
4115646b
40ee8879
41186ea8
413b360b
41133466
411352d9
4101eef7
40c4d87a
4108cd99
409c539d
408831d0
3ff2c137
40a6c314
40d800ad
40f8074b
4111a91a
411214c6
41179798
4129f0b5
411a3a13
41200e9a
40dee2ad
408eab7f
40928893
40a54377
409457b8
40c43b35
00000000
3f4724d2
40657dd0
40799252
40b0cc78
40581364
40887372
407cf506
40c9b18c
4081c713
407b98c4
405e6750
40857f06
4097e1f4
40492944
40385df4
00000000
40d036d0
41227654
412d4137
40e7f9ce
40a57800
3e36ac30
3faca20c
4092655a
40a1e810
4013d7b9
40462847
3fded1a8
3f576808
3fc8f180
00000000
3fee53f2
40a02276
41167cea
4157f0f1
4160a83c
40e30384
40ca206c
40cb73a0
41049a65
4096e8fa
40317dbd
3df62500
40bdd2d2
40abbb00
40fd1614
3fe975a6
4049b0b5
40c1452c
40d9a3b6
4107b784
4122e0f5
4161a29e
40ee6a64
40f13052
409ab1a0
3f1ea758
3f76c040
3fe9d9be
40dd2814
411b1313
41159ac7
40ccf65a
00000000
3edb6030
00000000
40a2044c
4144868e
41319855
413b6419
413df9a5
416f373e
413dd558
40c6241c
4081c1f6
40ed433a
414f9ba5
41384771
4094d3d2
00000000
00000000
00000000
40b286fc
4080d8b2
4111174e
4142c217
408df636
41467913
412e0aea
413ceb36
4094be02
40bb0b96
412d1623
4130ab6b
40d2394e
00000000
00000000
00000000
405cc5a5
411de177
41092831
414ac0be
410903e7
418fc3bb
41241001
410059fd
401ba7a1
40a0e9f6
414d7912
410b8637
40824170
00000000
3e149180
00000000
40639957
412faf26
41014165
4107a6d3
3fbb9d08
40384a03
4081e18a
407fae9f
40c9afce
40cd4dfe
414a3fd2
40b9c212
40bbb7dc
406a237f
3fe5f8de
40c63948
4103875f
40d1866c
408a141c
400c8789
00000000
3e804ce0
401b67b1
4110856d
411933c0
41a8dc28
416ede06
412e215b
40c85d6e
40f7620e
40d347de
4102649c
40db7d96
40f4f7a0
40ab4146
00000000
00000000
3fba67d2
4038d643
40ff22d0
41225632
412d29f1
411507e2
4124969f
40a5ca38
4047946f
40b3e694
4097a990
40ed90b8
40fddd78
41080ca3
00000000
00000000
40817f9e
40a8ebf0
412148f0
4133711a
410ea232
40ca1b12
412d1c57
40dcb16a
40c1d75a
401ce853
4070721d
40c48c40
4104e11f
40e1ec9e
409a5e3a
40d5211e
41644984
413343b5
4103f853
409d321a
00000000
412c2244
416c91e4
412c5fbd
40aaa996
408f4c3a
40c1bd38
40e88d0c
40ada4f4
40f5f4be
4113bbd8
415e1f5a
418d44be
4190b690
4131dfe9
40c928d6
404f3ce5
4186970e
418e4065
415f00c0
409e306e
411aed06
414557ea
4132125e
412ebb0e
41186954
405aa677
4163c114
41410e39
417da87c
40bbed88
4088e66e
00000000
40b74a20
411c7588
411bf1e3
411f76be
4189b414
415c1410
4129e377
40fc2ef4
411d5c43
41115a39
4183125f
40f03898
41017b11
3f21215c
00000000
00000000
3f2decd0
40789b5f
3fdc38f2
40fc6ad8
415abf90
41563c5e
414a005f
4110b513
40c17018
3fe4180e
40959326
00000000
3e92c7d8
4037cfff
00000000
4097ac3c
4059451d
00000000
00000000
40419acd
410508e6
40cc8d2e
3f2e787c
401911c5
407758e1
4081e57e
40bc9c6a
3d93c260
00000000
00000000
3f715938
3fb14086
40c124e8
3f9adc4e
3ffa681e
00000000
411057c7
410f0787
414bb0e8
413e2df8
40c33e94
40886d24
407f0445
40de03ca
40ccdaa4
40cd1a90
40373b27
408968f2
402ca611
402cf951
3ecb91c8
3fff764e
40a897e8
41304c35
4193f293
415b3fc9
4152586c
40b59fde
414ee322
4121d488
411b78df
4081c522
40abb600
4102fc0c
411fb13c
40af5fac
40d9ade8
3f36bd68
40f317ac
410f3250
415b4a5f
41748393
418b0134
414282c7
40ca4864
4104260a
40d17658
40a097ae
404bc4bb
40bc3988
4121926a
41435bfc
4110bb6c
404fd8ad
4081a882
00000000
41183944
418353e4
41781ee3
4180f47a
41619e53
4199ed1f
41579673
414e435f
40c7717a
413af25c
417b099f
41229614
40f36e50
00000000
3dc75d80
00000000
40bb6596
4116c07b
414b76ec
4161c6d3
411be0f8
417fd3a7
416bc403
41761869
410388d9
40ad5f7a
4117cef6
41383181
40fdca2a
3f34fa50
00000000
3fe5f5d6
40c368f2
41572455
413a0fb6
417a2047
4155d7c1
41991faa
41642939
41747c59
4115f807
40e3d50c
414b58be
40bf9198
40b43c56
40145b3b
00000000
400d52cb
40eeff02
4142a27d
4130a944
4151099f
3fdfc13a
40d7cfda
40f78238
413a5a3f
40ea400c
411451e7
41656cb7
410d7f7a
40d70550
404cb291
4022eb29
40b413ae
4137945c
414725b4
41386fa3
40a6d7bc
3f8fb506
4006b67f
40c7cdb8
413c9365
4189de6f
41afe4e6
418de34d
414a1488
411b9b45
40a00cd4
41403eeb
4103f323
4122bda8
4120356a
41222fa3
409ed486
40875be8
4109b8a5
408a5216
411893ff
419790f4
4181c963
4176d2d9
4148c726
410d7419
40969daa
40e9356a
40b0e318
40f90262
41713d97
41150188
409bebc0
00000000
410d9f16
40e02730
416352a7
417b58c5
41345323
4135d1ce
4123471a
412594ca
4107d7b8
40d45dda
4105097b
41271445
413b8fea
4111bf16
41003a25
415cd5df
418212e7
418d97fa
41515436
40bb5d64
408e4852
4162b4c7
4155d060
41652c4f
40b6ac64
40ee1ddc
411328c6
40ac1880
4121e567
415c52b9
411ba6ef
41a69717
4197bffc
41d851b0
4163cc0b
41316fa3
40c59e90
41927084
4191961c
41a5b474
40e36400
41628845
4157dd4d
412f8e89
41714b03
413df621
40d8fade
41987bee
4159a95f
41ac4d91
41084f74
40b3e298
3ff4bece
4121cd4e
4149fdcd
4184e473
4106b1b8
417c5407
417fb165
416df0f9
41669fc5
4146576a
41284448
41c0c15a
416b0d77
417c08d7
40a23fe4
3f93bc0e
3fe7d43e
3ffa4946
412eab66
409a0cd8
40eb44ea
418025a0
417be24d
417ca083
4147b730
40cada12
40e470ae
40ca252a
4007ba5f
408c642e
00000000
3f9cb568
4071d129
408d36ce
3f9c835e
403664b1
408ba736
4117421f
40e65ba0
3fa40360
409b80ec
408a3e2e
40f5d7e0
40969296
3fa0c982
40044b19
00000000
00000000
3fd456b8
403e6ef1
00000000
3fef891e
400f19c6
409be7b2
40ac1b8b
40c35e1b
40dcc453
40e29823
40c51e36
40c1985e
40f264e5
40f32027
40e6c979
40b0790b
40c2341d
40c253b3
40e341e5
403622a0
40a4f657
40e24ac9
40d0ae75
40e7b58b
40e98167
4125c32e
4109233a
411058e1
40d4518b
40efe035
411464c6
412bb5d7
4100526f
40ff0f37
40e648a9
4093422f
40aef7e9
41143bb2
40fb4b4d
40feb4f3
4117afe8
41283c1d
410e6685
412c86c2
410c9ee5
40d62bcd
40fcbd11
410f3099
411f4c09
40f1ffbb
40cdff31
4004ebc6
40842105
40f909f7
4123fb6a
4106cd4a
41010cf1
40f8bf45
40e5ec5b
410e3c44
40cbecf3
40f18d39
4100298f
4128dfc7
412ef05d
40e7acb9
4106e1c1
4063c32c
40680332
40fe9d25
4108d133
4110402b
41182683
40fe6767
40fb5c71
41249504
410a08ea
4112eec9
41159ebc
41122586
41489c9a
40ff85d1
4124ec2a
3ff6776d
4051682a
40c55067
4107a231
410257ac
40d4b109
40b6e7a4
40e8412d
4121f591
40b3defd
40c1dd8e
40a78e35
40de82df
411ddbbd
41015448
4110d034
40a24883
40592786
40bfb85c
411b0f3b
410ed9f9
40eb2baf
410586f3
4108a150
411fc04e
40dc7d11
40cbbdff
40f0d261
4114be25
413a42fd
413108fd
40f839fb
4001acd2
4088df8a
40d13cef
40e9cb7b
410b9d78
40abf3a2
410d0ab1
41054ef3
411ecf21
40dba8d7
4104f670
40d31a8f
41295fa3
4119a4b2
413478f0
40f3e365
40852cbb
40b425d4
40dc52af
40e1ad63
410b6c5c
40d79637
41063136
40f98de3
41136579
41094e05
41137ffd
4126c195
4156c300
4126079b
40ee6399
40e326ad
4088f429
40a857fd
40f9520b
41025818
4100c2c1
41019ca7
4104735c
40e72b3f
41138a7b
413f621d
4127c5a8
4106e09e
41357b9c
4111908e
40cbd107
40a853fb
402a8018
40b47085
40f8500b
412584cf
4107770c
41065a83
41049f7f
40c962d5
40f9e931
40e90ab3
41121d83
4105b563
4104e23e
410d9b82
40fdc521
41051125
40885bbe
40d92dc1
40f7590b
4106634b
410906cd
40d24bd5
40a3e6d6
40941d7b
40eddb95
411c6932
40ecce97
410e0869
40faf78d
40da8825
4107bc26
40f66a75
407ba558
40e2286b
40d9a78b
40e5da87
40f46647
40ea1aa9
40a7b9ee
40d054fd
4115515e
414027b3
411f4831
41171e67
41042e13
410ed030
411fd7e4
4100249b
4090526e
40bfee1e
40ca0e8a
40a894c0
40b4704b
40d3a60d
40e4a5fb
40fae007
40f40f7f
41259cb9
40bd7d51
40f6edf7
40c0fa98
40e421e5
410509d2
40ae225a
401ec256
409525fb
40b54aee
40d2fc5b
40e3e909
40dc5415
410de897
40ffb415
411dea76
4127878e
41272d88
40d35541
40d5dbdd
40e64cf7
40ecd661
40e8b3c7
406d7510
400f320a
40592e06
3fe23027
407ee90e
40b187a0
4081a2b9
405e00e0
40a05a0a
40bd5153
407f0a00
4091d975
408abf29
40750240
4078a4fc
4084afcd
00000000
40557b42
40a28d55
408cc278
40a9f53a
40a25ef0
40b5c91f
40ec43ef
40dfc0b7
40f25c27
408ed682
4089670b
400d253c
409e0a2e
408c6681
405a1192
00000000
40105b58
40ad2494
40b2260d
414e551c
40b7e1e1
40f2fa8d
4138e49c
4109241a
4111e3ee
40fbe309
40fd4219
4119abb4
40f159c1
41190fe6
40cb9e43
3f93c3d8
403f8a80
41162a1c
4103cfe8
4175f6d8
41801b03
4191dbd1
4180781e
414a5646
4122f482
412ad6b6
412eb684
41584d1a
410a5b74
412c50aa
40c9ace1
40413832
404a9c6c
41129754
4112cfa8
4174dadc
41341ce8
4138ccde
4139f820
415d7dda
41480100
4136b5e0
4130beb2
4160cc28
41226e9a
412466fe
406bdb86
3ff66a30
4043ccae
41177dba
41211594
417ec1a2
41452214
416a55b8
41682f46
41552074
4183018d
4140ecf6
414af4e2
413f9ed6
4167cd38
40be9bd3
3f9edfa2
3eb1c050
4021d2a2
40a8e548
40cdbd7b
4146edfa
411d9fac
4135e378
41268a66
4176a4d4
412519a6
411a4adc
410414aa
4117c124
416c9c5c
41078d14
408b3989
00000000
406cd8bc
405af646
4103704a
411ce4fe
414cded0
416dc9da
4155af2a
41653da0
410c04b6
4115a490
41348a0e
4140b0e0
4185da7e
41118bde
40c836e1
3fa46fc2
40a89715
408554b6
411ed5ce
412b710c
412d69be
418b6520
41167716
41342a9e
4114d0ca
413f23b2
413f86ee
414f2fe8
4183e8e2
414d30c8
40e70129
3e330180
409dacd8
40cb85c7
413dcbf6
413d88a6
41120d78
415c98a2
412634f2
4160079c
4142197c
415715d0
413eb3c8
417d8742
41803099
417c0b54
4101c87e
3fd4459a
409579ee
4105967a
4102b6c0
4155bcc2
4111963a
412798e8
41326db0
415a6014
416c28ca
41752fd2
415d6986
4166173e
414a6f0c
417826b0
4106b936
405ab94a
40bfab54
41152764
413c895e
4172e7cc
414b95c0
412e699e
415bbf56
41522d54
41896ef4
41571970
41645e8e
41429b50
414c3da4
41796a34
41397102
40993e53
40edd447
40e7acd3
41352cee
40f8dadd
412f2e5a
4135ab20
415aafce
41818732
41a8d3b3
418fbbc1
415c1cbe
412dd1ec
41082236
4158d2fa
4120c538
41092034
40fc0703
40c79b2f
41260528
410d1e46
414e3b58
410e2b10
4132acc4
418bed12
41834947
419aa5ef
414b1884
414b39e2
411661c6
4157ce1c
415032be
412c34d4
409607a8
400f43a6
40e50dc9
41123ce6
413d38ea
41152db0
412856ec
41795220
4160d2a6
41830d6b
4148fa74
412b867c
40fd1c01
412836ba
40a0c262
40af7669
4010684c
40749c32
4118b680
412bef42
414db2fe
4137cd32
412989e4
4146fce2
411f888c
41093cac
40630db8
40746a3a
40ad317a
40f2d277
3fd46d98
402390b0
3ea9eef8
4090bcb3
40bc3f17
40cb6b5f
40b90df5
40f747ef
40e53917
40eb4a35
40c90d7f
405c4384
40470592
3fbb8918
3ee32c48
409842f4
400ebf72
402ea9fa
00000000
00000000
00000000
00000000
00000000
00000000
00000000
00000000
00000000
00000000
00000000
00000000
00000000
00000000
00000000
00000000
00000000
00000000
00000000
00000000
00000000
00000000
00000000
00000000
00000000
00000000
00000000
00000000
00000000
00000000
00000000
00000000
00000000
00000000
00000000
00000000
00000000
00000000
00000000
00000000
00000000
00000000
00000000
00000000
00000000
00000000
00000000
00000000
00000000
00000000
00000000
00000000
00000000
00000000
00000000
00000000
00000000
00000000
00000000
00000000
00000000
00000000
00000000
00000000
00000000
00000000
00000000
00000000
00000000
00000000
00000000
00000000
00000000
00000000
00000000
00000000
00000000
00000000
00000000
00000000
00000000
00000000
00000000
00000000
00000000
00000000
00000000
00000000
00000000
00000000
00000000
00000000
00000000
00000000
402151a0
00000000
00000000
00000000
00000000
00000000
00000000
00000000
00000000
00000000
00000000
00000000
00000000
00000000
00000000
00000000
3f1cdb42
00000000
00000000
00000000
3ff11f5a
00000000
00000000
00000000
00000000
00000000
3e2133f4
3fb43674
00000000
00000000
00000000
00000000
00000000
3f8f6e0f
00000000
00000000
00000000
00000000
00000000
00000000
00000000
00000000
00000000
00000000
00000000
00000000
00000000
00000000
00000000
00000000
00000000
00000000
00000000
00000000
00000000
00000000
00000000
00000000
00000000
00000000
00000000
00000000
00000000
00000000
00000000
00000000
00000000
00000000
00000000
00000000
00000000
00000000
00000000
00000000
00000000
00000000
00000000
00000000
00000000
00000000
00000000
00000000
00000000
00000000
00000000
402d5104
00000000
00000000
00000000
00000000
00000000
00000000
00000000
00000000
00000000
00000000
00000000
00000000
00000000
00000000
00000000
00000000
00000000
00000000
00000000
00000000
00000000
00000000
00000000
00000000
00000000
00000000
00000000
00000000
00000000
00000000
00000000
00000000
00000000
00000000
00000000
00000000
00000000
00000000
00000000
00000000
00000000
00000000
3fec8ba4
00000000
00000000
00000000
00000000
00000000
00000000
00000000
00000000
00000000
00000000
00000000
3fe0735a
409b8cb0
40739273
00000000
3ffad6f6
00000000
00000000
00000000
00000000
00000000
00000000
00000000
00000000
00000000
00000000
00000000
3fb85ef8
4036d076
00000000
00000000
40061fa4
3f219c61
00000000
00000000
00000000
00000000
00000000
00000000
00000000
00000000
00000000
00000000
00000000
00000000
00000000
00000000
00000000
00000000
00000000
00000000
00000000
00000000
00000000
00000000
00000000
00000000
00000000
00000000
00000000
00000000
00000000
00000000
00000000
00000000
00000000
00000000
00000000
00000000
00000000
00000000
00000000
00000000
00000000
00000000
00000000
00000000
00000000
00000000
00000000
00000000
00000000
00000000
00000000
00000000
00000000
00000000
00000000
00000000
00000000
00000000
00000000
00000000
00000000
00000000
00000000
00000000
00000000
00000000
00000000
00000000
00000000
00000000
00000000
00000000
00000000
00000000
00000000
00000000
00000000
00000000
407e5e07
00000000
00000000
00000000
00000000
00000000
00000000
00000000
00000000
00000000
00000000
00000000
00000000
00000000
00000000
00000000
404fdae8
3fc16d07
00000000
00000000
00000000
00000000
00000000
00000000
00000000
00000000
00000000
3eaa7df9
00000000
00000000
00000000
00000000
00000000
401496da
00000000
00000000
3fefade1
00000000
00000000
00000000
00000000
00000000
00000000
00000000
00000000
00000000
00000000
00000000
400e689f
00000000
00000000
00000000
00000000
00000000
00000000
00000000
00000000
00000000
00000000
00000000
00000000
00000000
00000000
00000000
00000000
00000000
00000000
00000000
00000000
00000000
00000000
00000000
00000000
00000000
00000000
00000000
00000000
00000000
00000000
00000000
00000000
00000000
00000000
00000000
00000000
00000000
00000000
00000000
00000000
00000000
00000000
00000000
00000000
00000000
00000000
00000000
00000000
00000000
00000000
00000000
00000000
3f89d594
00000000
00000000
00000000
00000000
00000000
00000000
00000000
00000000
00000000
00000000
00000000
00000000
00000000
00000000
00000000
00000000
00000000
00000000
00000000
00000000
00000000
00000000
00000000
00000000
00000000
00000000
00000000
00000000
00000000
00000000
3e5ea488
00000000
00000000
00000000
00000000
00000000
00000000
00000000
00000000
00000000
3ee676a2
00000000
00000000
00000000
3f1795f9
3fa42f90
00000000
00000000
00000000
00000000
00000000
00000000
00000000
00000000
40c451e8
40bcbfef
408959d4
3fe5d639
3ee16d34
3ec3e6b8
3a435400
00000000
00000000
00000000
00000000
00000000
00000000
00000000
00000000
00000000
3f413da4
3fe0e9df
00000000
00000000
400ce18c
00000000
4064b5bc
40bbb07f
40d6b818
40966f4e
41039b2a
41037346
40edd9ca
40de9676
40d2ee2c
40e657ba
40ff07a8
40e2c20a
40cc33da
40bcf66c
40c3491a
400f0780
408c3285
410a47ef
40f364bc
41028593
41192216
410bd896
41132975
410c772c
41088ace
40ef7b46
41187527
412534f4
410401e9
40cc8638
40dc7b60
4044098c
40a8002f
411ce99e
410b63d2
41240ba5
4129bf99
413dcddc
41092edd
41149841
40f0a7d0
411613f6
41024fc8
412e1535
4122d035
40d925a8
40c618be
403d09a4
409c2d85
411796e9
4100510d
40feb488
40e2930c
411721b1
4117b0a8
410aff0e
40b9fa9b
40d401a2
411e9f7b
41254813
41206d43
41086e93
40bb6733
4018cf0a
404a4a86
41046700
412fd08c
41088495
410f927a
40ff3028
412c3339
411ab73b
411c0409
40fb52a2
41033889
411f2e4b
413052d8
41172539
410c3ae7
4003f3f4
40651234
40ceb314
410c69c0
4122ae24
40f550d8
40ceda9e
40d0b528
412f1c1c
41008fb3
40c384fc
40d61186
410e38e7
412a1c8e
40fb5cd2
40efc0fc
4015bd66
409d2aa6
40c68856
410b1d5c
4110a7c9
40e5858a
410ebebb
41233dee
412b4dfe
40c100b8
40c38337
40da1772
4120f2ae
414b94ca
41079d43
40fbe988
401eae38
40b8dd5a
40c3b31b
40e0a72e
40f6e986
40ea3b44
410dd27a
410cc72b
4119d319
40f8597e
40f09018
40d616dc
4130abd0
414f5cc5
41003a4c
40e29494
402b23d6
40a61717
410a8093
410dadd5
411441c8
40d49536
4113a7d8
410139ef
4130723c
410af511
411bc8ed
4123c275
41406596
4128a694
41127983
40ae0034
4053cd36
40988fff
41068648
40ec4aa6
4117cf45
40f0527e
41235bda
40e0f222
413127e4
412c6acd
41331868
41185ef0
41398517
411fb886
410109a7
40c7c24d
3ff3d311
40a9ae4c
41211181
4106c0ec
413c774d
4120a92b
40b9be4f
40cdefbe
410de9b7
4140365c
410ac32f
410a8356
410fd391
413039a3
4118d48a
41209be1
4046dac4
40b703bf
40e71c54
4123f88c
41074b89
40f4cdb2
40bbf8d7
4103a290
41236e22
411c014c
4127bdad
41004de5
40d31040
40ea874a
4124701c
4100dc53
40082310
40df69e0
40e58b6c
410cc6f9
40f66a6e
4112a6a7
40babcb8
4101deac
4139f040
4133c7c2
412cd089
411358eb
410339f0
410201d4
4129a50b
411b1d64
4088321e
40bf71d2
40a8386e
40c61d9e
40f11ca6
40da3bfa
40c637a7
40ed847e
410978fb
4134c775
41118d96
4119b31d
40cdb8ba
40ede768
41026d22
40d3d6fc
405b7b36
4075f1fe
4098e870
40b00d9f
40abb960
40f40eb0
4107d4f8
41040d9b
4115565d
410ec837
40ed69b4
40f45590
40c9855c
40e33a6a
40bdaf88
409f151a
4039cce6
3fbb1391
3ffb8c89
4037cc28
40754c46
409df5f5
40af6b74
405b70c0
40a17c41
40bb9353
4098a540
400e0620
401e45f0
40363360
404689a6
3f6d759e
3f70a04a
00000000
401062c9
40b09508
40ed01b6
40d7a0d6
3d2dc180
00000000
00000000
3fd19018
00000000
00000000
00000000
00000000
00000000
00000000
00000000
00000000
400a6e1b
40b3b368
410f0608
40e39744
3fee34ee
3f85ea0e
00000000
402b1811
400ac6c3
00000000
00000000
3fe7696c
400a107d
3fedff26
400e5d89
4006b903
403dbce5
40d7cea4
4106a995
4103b638
411c2d8c
409e5f4a
4022f8a3
4099a510
3eb56e98
00000000
00000000
403ef7ed
40c176a4
40f1b000
3faaa69c
3f74b6f0
00000000
00000000
402d25f7
41056504
40e42952
41246823
410ae18d
41423380
409c1544
40c1f2e2
00000000
4022e031
41305053
41720b17
40efc29a
00000000
00000000
00000000
3e5d8400
407b32fd
40be20be
40ea45e0
408e6324
41168df5
4132b97a
40de1d32
00000000
00000000
40df4972
4108b5d2
40970e4c
00000000
00000000
00000000
00000000
40c7ab5c
4090b378
4115216e
4093cc36
4120c307
41190d9f
40601b05
3febeffa
00000000
40ee6ca2
40a64ef0
410c324c
00000000
3ed2b530
00000000
3f777ab0
40a81b98
408594ca
403a8f29
00000000
401eafe1
3fb053da
402042f1
40102c9f
00000000
41112f41
41067c12
4087c8b0
3f8a90d4
4068ed6d
3f8ecebe
3f43733c
40aa47fa
3fd4a9c2
00000000
00000000
3e6bf470
00000000
40789081
40808c14
413d2501
41374955
41069c14
40ebd164
4034d239
40ee27de
4099ffb8
410414ff
404d84f3
3f59681c
00000000
00000000
00000000
00000000
40953452
40927ee2
408e1cfc
40aa65f6
40964834
4031d8f7
40049cdd
400f942d
40051987
4083113a
40963d9c
4024b345
3f85c3f2
00000000
00000000
00000000
40c6b0ce
40e48ffa
40dbfd6c
40bab75e
40e7ccec
406adabd
3fe1c416
00000000
408e5aba
3f4fe8a8
410a3f81
4041fa79
408e3f5a
00000000
40944f68
4112bed3
40945fbc
00000000
00000000
41140276
412ffb32
411fbfe6
40477fe3
3fbfcc38
401a0879
401a6d91
408e79b0
40dccfb4
40368aad
4124f630
410551b2
4164c2b1
40c1a62c
403d8cd7
00000000
40e63098
4163a0f9
4143e735
404b36a5
412c76f0
410782bc
412901ef
40ad9628
40c66c64
3f4937fc
40f1b85c
4123b979
411992b8
3fd27520
3f34b754
3e961190
40189217
412c88ef
41096e42
40a837d2
418a5428
41582df3
413b7c22
40a0c066
4122a94c
40b3c946
41232aa5
40a8026e
3fb36afa
3e63c180
00000000
00000000
00000000
409624e2
00000000
40ece31c
4119922d
4176a55d
41351445
40f16cfa
4001fa31
3f67d624
3f51d734
00000000
3e243ac0
00000000
3f4fcaf8
401b1979
408943f6
00000000
00000000
402d78c9
4108e0a8
408e6f9a
3e9f2d98
00000000
3fa4a908
404a3be9
3ff3c582
00000000
00000000
3f0abf54
3f3f0c1c
3c9d2600
408cdf10
3fd6a3c2
00000000
40080468
4093397a
408f3670
4022dec6
4081b040
408fafe9
4066fe36
40a1d104
4090c3d1
408f9f4e
40893c88
4093b124
408c40a5
40817a3d
402800c4
4018048a
40674bd0
41111078
4107ea32
40f0503a
410434b6
410081e7
40fe1730
40d7a434
40e5cd7a
410dd95d
4105dbb8
40fd94b4
40f5b770
40f5035c
40d6c59b
40a5e611
409c7539
40e81686
40e0df6e
40aaef51
41087a2f
4101a44f
41030c20
410f933f
40e58ada
40e183c0
40d4c9aa
4114e200
410f9a0c
40f7383c
409c4b2d
3fe8350f
4088a181
40f3a426
41067c86
40b7ec06
4100fe8b
40f907c0
4101789d
40bc72ed
407a0c48
40d41d70
410532e6
41063bd0
40ca7502
40c7309f
40e9fe56
402b1628
4097fce2
40b2ea15
411c102f
410c6eea
40e26358
40c6c711
40bd9c2f
4108ee40
40fc2c74
40c76638
40bcfe43
40d2d8e6
4101d501
40ce0eec
409861b2
4086d3ad
409067c2
4088a98c
40d77b96
40e37a2a
4090ac80
40e2926c
40e83f96
40cb0123
404702e4
40a4895a
40ba7b1f
40e06db0
40f87604
40c64615
4051588e
400d135e
40a2db83
40b11a9a
40e7110e
41147024
40c15e20
40fb7bf0
40db5572
40d81549
40afb7be
4095d0aa
40ebf406
40c04363
411a0655
40d48400
40b9ce13
403b9f68
409ee293
40f90730
40c43330
40e72512
4089c409
40db4936
40cc3d33
40ce0fe3
40c6f3da
408b75fa
40aa8830
4115dda6
4104a4dc
40fa50dc
40e37bb4
4046b474
409b2b58
40f7a47c
40a5250d
40b2fb61
40d16747
41084f03
40dd2d72
40ef0da6
4105e2ea
40c8510d
40e7e07a
415adcb5
4127732b
41114af0
409748aa
4021773a
40b535ef
410c4b43
40d3ed7f
40e30494
40ffb916
40d72049
40ee422e
411219b0
4112995b
41062ce2
40ed89ce
412c9544
410c7bac
40bbd4ce
40445960
3f682ede
40c2399e
40fd58c4
40e9cdf8
40b43a49
40f93da4
40a802a9
404b7e94
410bccac
40d0d199
40e3e91e
40fcf140
4100f8db
40e70fa6
40f50678
40c10e8d
4081ead3
40dc1562
411369e2
4105c0a5
40ce3f69
40ccf70a
40a66116
4083e14a
40faad80
4100a996
408f7f4c
40b66960
408d6ca7
40e43968
410dce0f
40d9e933
409b3afe
40adbe49
40db0c19
40caddde
40a96904
40c2ff98
40b1711b
409925c6
410e0908
413ed98a
40df27de
410d669d
40becd04
40e3134e
410c7cbf
40e23816
40b0197e
40cbc68e
40cb882b
40a09571
4102a927
40dbdc10
40db1ae2
40a85ecf
40f498d0
4111e216
40a115aa
40f9c000
40a3f78e
408e608e
40e09ca0
4091e4bf
403cb262
40691c6a
40c1c5c5
40a9a07b
40d3f313
409588d8
40dc274c
40dd8440
41183f41
4111f4a6
40ea0a74
40cc2c2c
40c4c3fc
408bcb1a
40b8abb3
40c6f8a0
401a017c
3f8ae0c1
4002fba8
40457e4c
40764608
40113d90
404667e2
40647b36
4051eb10
4039a05c
40a5ba77
4018da0a
3fe5782b
4066566e
408254ac
403826d2
3f6d9f6e
40155cf2
409f8179
40b53e4c
40cf63f1
40ddbeeb
40b5d469
4106ff70
40d2aab5
40ed5a7d
40d2d139
40b17d00
40b9f199
40a4ddd4
40c1e733
40a623f6
40115e86
404f1bb2
40dccf0f
41006b72
41016e6a
40f10357
410105a4
41164598
4102e7ec
40cca6d9
40c1aab5
40e08f71
410e2844
40ef4489
40dfceb5
40cbb243
40813057
40609abc
41090f18
40f14feb
4131d78e
413cc6c4
41270084
4140aa74
4119cadc
4126da74
41093a3a
4121787e
41229db4
4127c6f2
4118bbb2
40b7ade1
3ff1b864
40817569
4102d486
411b2bf2
414b9142
412411e4
41272ea0
41241254
4110c9aa
41060632
40f1e02b
412a9516
412065e4
41267c9e
40dcde81
4090687b
4039aa7a
4087cf48
41003af0
413d4496
4124bdda
412464a6
4116b65a
41287aae
41462146
413e3b48
40ed5efb
41248a18
4117c1be
41554d72
411b3670
40c5f4ed
3f966620
405ec02c
40b7530d
40e2f051
41040734
411b0be4
410e0712
41048b86
412870b0
40ca49a5
40c37163
40cf1dff
40f72a2b
41225dd2
410f849e
40d831fd
3f653134
4081a90d
409dc8a3
410e8642
410a8bf8
41233c46
412bf036
411341b8
4127961c
4112e878
40dde0d1
41120c06
410832e6
414f5c82
4136fbe4
40d39581
3ffb6814
406974ca
40f34c61
41017388
41018ee0
4106ab92
412c9d16
41117d9e
4123c90a
40d2a2e5
41172d50
41153264
4142f0ea
4136b0e6
4146e0e4
40fe7e5f
40897cf3
407ba618
40ef9351
40f3aca5
412107f4
40f5f221
412ca88a
411a2b82
411f9054
41192d1c
411db7e6
4148b6b6
4157159a
41369614
4128ae0e
40c8327f
400fd31e
408a8868
40efdf23
411784e8
412318a8
410e8d94
40fe3233
411082e0
4123fc88
416f26f4
413b91dc
413a51c4
41330a5c
4108b1ea
411aceb0
40bf6ba9
4008bf00
40a3d66f
41080aa8
412ede62
41378f2c
4112c5ec
411709ea
4105a012
4125510e
412ad7fe
411e7b94
411d465a
412aa5cc
4118262c
412af4c4
410b2c5a
409533e7
40b9df99
40f96905
412a0b72
4108cf80
4116c27e
40e59093
4105c2e6
412938f6
4157790e
4139a858
410e4948
41204bd4
40e3c895
412b466a
411e1130
406c42ca
40bb18db
40bfa12d
411940e2
40ea76db
41088904
40cd3667
410d9d9e
41455b64
41638004
412b02d0
41287134
411b9208
40d8cdf9
414272c4
411c6228
40ab8357
4096515a
40a4bb3f
40dd4afb
40e62b33
410cb6fe
40d862e5
40f02b8b
411e3234
414c1f44
411ab966
411e1a52
410b4130
40dbbb77
411602f8
40cb256d
407345cc
403ceb9e
40de3b89
40dbf231
40fe8677
4120b800
411e239a
41161460
411377c6
413e7d22
40f5c1f3
40da4aaf
40c50b9d
4088c2f9
40d8163d
40cc69f1
403939ac
3f7b8a10
402e630a
4052cf98
40a597ad
40b1980a
406eae28
406e3720
4099ae76
40b58b6c
405cdad4
405115a4
405d6cc2
40060392
402f5982
4034f560
3e245a90
401b070d
40b2a2ae
40d744f8
40e8299c
410a340e
40d16dec
4103f45b
40d90894
40eef79e
40edc510
40c934c0
40a73414
40be329a
40ccd002
40f0efa8
400502ad
405c28a7
408a6ff2
40bb7aaa
41087b1a
40b22422
40ef5468
41014c96
41042cb5
40ed7a28
40ad7f02
40ea1672
410f4390
40f9399a
40e5bd34
40d71270
403e0b53
407b66af
410f3050
4110037e
41376106
414b5e58
414ec1eb
4153cb80
413a2598
41397255
410cf2d8
412c14e2
41236b31
41247cc9
41054317
40cee19e
4042d733
405be747
40f9fee4
4103f169
414a891d
41135ca4
4122429c
41151563
4126cd6f
410a4f7f
40f7acd4
4113fd47
41338716
4123bb41
41165476
40e071bc
40666887
406ece77
40ff57c6
412b02ff
412e9918
412f825d
41273fce
41288594
413c0dd0
41482f9b
4123c9b7
4128e315
4133f70d
4137e2ac
40f2f122
409b4670
3ee51a40
400b8ab9
40cc5fba
410c7bef
4107bc76
410d71df
4114b3ff
40fe5328
41262d79
40ee37de
40f4b630
411105db
40e343ce
4128ef51
411878b6
40bbe3ea
4009e809
40454b29
40c7f1f0
411aa0e8
410bc144
4105a45f
413fab12
411c5057
41280f36
410209d5
40f5d0b4
4104811d
411b1e0f
4137e588
4138c0e5
40f24eee
3f8b2a54
409aa384
40a9c156
4106aa13
412b5d39
40fd9df4
4145d84a
40f9c882
413240d1
40e3b2c8
4115af86
411d090d
413a7cfb
41603d76
4149f7ef
4105dd45
402bc459
40a77fd6
40f1df52
412438c3
41367403
40ef6d46
413a2015
413cbc84
41448555
4137feb7
41263877
414bb60c
413b688b
414c9de5
41355233
40cda884
400f2563
407fc1c9
40d231a4
4127e167
4134aa97
4114f467
41176665
4121e719
4127d733
415f9dfa
41640efc
414ffc80
4152e0f9
410a1cc6
41193b80
40f034ba
401d8ca3
40cb8cd8
40ff30ae
412bbfd6
41497790
4130df79
41140c32
411f6010
4127ac28
41384cc9
412e2689
41188f0c
41180746
410ff637
412a8fe6
41155686
409b7096
40daaf7c
40d7d620
411802cb
40e84e60
410e7a8d
40e7e20c
4125222f
4139f758
4180f1df
414cec4e
412c8111
411cac9e
40cdbfb2
41035fe0
412a7992
40a2ae5e
40b9935e
40abd0ac
410a8e40
4100e968
411bf6eb
409775bc
4122f8e1
41319c6b
416c92f6
413b6552
414f125b
4125abf0
40ff2fcc
4135bb7c
412fb593
40dc8b14
408f9064
403049bd
40d95cb0
40dad938
4112709c
41148314
410caa38
41389447
415f6510
413869c7
41134b5c
4102ced0
40cf5e34
4116b9bc
408fdaec
404c20c7
401dda2b
40965546
4103d272
41071931
411ef71c
410a1799
4111939f
412750ef
41252039
410deb31
40b91966
40ced94e
40b1d906
40f34188
40b5459c
404c43d9
3dabf960
3fe58be2
400b3b5d
4092148e
40855d54
408b4dd0
4041cc57
4091809c
4087494e
402694af
40454fcb
3fc31a7a
3f52df28
40068dc3
3fa36e38
3ece7130
3f7c37d1
00000000
00000000
00000000
00000000
00000000
00000000
00000000
00000000
00000000
00000000
00000000
00000000
00000000
00000000
3f0b091f
00000000
00000000
00000000
00000000
00000000
00000000
00000000
00000000
00000000
00000000
00000000
00000000
00000000
00000000
00000000
00000000
00000000
00000000
00000000
00000000
00000000
00000000
00000000
00000000
00000000
00000000
00000000
00000000
00000000
00000000
00000000
00000000
00000000
00000000
00000000
00000000
00000000
00000000
00000000
00000000
00000000
00000000
00000000
00000000
00000000
00000000
00000000
00000000
00000000
00000000
00000000
00000000
00000000
00000000
00000000
00000000
00000000
00000000
00000000
00000000
00000000
00000000
00000000
3e939080
00000000
00000000
00000000
00000000
00000000
00000000
00000000
00000000
00000000
00000000
00000000
00000000
00000000
00000000
3f6f2e37
00000000
00000000
00000000
00000000
00000000
00000000
00000000
00000000
00000000
00000000
00000000
00000000
00000000
00000000
00000000
00000000
00000000
00000000
00000000
00000000
00000000
00000000
00000000
00000000
00000000
3f4e2a2e
3fb84e0e
00000000
00000000
00000000
00000000
00000000
00000000
00000000
00000000
00000000
00000000
00000000
00000000
00000000
00000000
00000000
00000000
00000000
00000000
00000000
00000000
00000000
00000000
00000000
00000000
00000000
00000000
00000000
00000000
00000000
00000000
00000000
00000000
00000000
00000000
00000000
00000000
00000000
00000000
00000000
00000000
00000000
00000000
00000000
00000000
00000000
00000000
00000000
00000000
00000000
00000000
00000000
00000000
00000000
00000000
00000000
00000000
00000000
3fa9e5bb
00000000
00000000
00000000
00000000
00000000
00000000
00000000
00000000
00000000
00000000
00000000
00000000
00000000
00000000
00000000
00000000
00000000
00000000
00000000
00000000
00000000
00000000
00000000
00000000
00000000
00000000
00000000
00000000
00000000
00000000
00000000
00000000
00000000
00000000
00000000
00000000
00000000
00000000
00000000
00000000
40063944
00000000
3d7ef270
00000000
00000000
00000000
00000000
00000000
00000000
00000000
00000000
00000000
00000000
00000000
401204ee
3fad1614
00000000
00000000
00000000
400c654c
00000000
00000000
00000000
00000000
00000000
00000000
00000000
00000000
00000000
00000000
3facdf88
40255ab0
00000000
00000000
40975132
3f41a421
40013a47
4093c1e4
40aa2b6c
40e32bc8
40f3f942
40935be8
40f85620
40adecec
40f143e6
40eea680
40a5e758
40549c19
40971d32
40c2b49c
40b922ce
3ecb3f60
406f0455
4084c16e
40adc6c2
4117bdc1
40e7870e
40fab8fa
41336475
41199415
4103c016
40c325a4
4104ebda
410e8032
40e5d0de
4114bebb
40dd4072
400cdbbd
407794b3
40c19ba6
412b551b
413edc90
4134114c
4170ee6c
41511173
414e92f3
412f666c
411948d7
413e5c1b
41408f8f
411b75ce
4112f906
40e15dda
4001a33b
40526069
40ec986e
411faeaf
4164d03a
412b406e
412f9b21
412c2727
41376cfc
412f83bd
4112cc69
414d2d20
415d2b8a
4150cb82
40fa0bb6
40b7e980
00000000
408cc02a
411225f4
413019f9
418300ff
4130c2f5
4158c5f0
4141ea9e
415cba42
41632fbe
41464876
413cd779
413b560f
4150ec93
4100ae32
408ea268
00000000
4005deb1
40d83050
40fada06
4114a40b
4135884f
411b2f27
412361e5
415e5e94
41192046
411139d5
40fa0920
411d2aa6
41513b19
40e3c2e0
406be17d
00000000
3fea1642
40b3cd3a
4103fe7e
411aba81
4131508d
4162d064
413fcd95
4167cd44
41088d28
410cf75d
41086eaa
4125a28b
41519737
415caa82
4081f0ec
00000000
406e0ee3
40836f1c
4111223b
41364261
41107f22
417cdf3c
4117e4d3
411a0f0d
41012535
4128f987
41379400
415001bf
4174599a
415f9c90
410e3f03
3e566840
407a16e9
40ee995a
4120d4b6
414b781a
40e47304
41614a14
413fb1a7
41635850
415115bd
41396eb4
4155db56
41681e5c
4172de90
41434155
41126967
3f867114
4064a93b
4104af8a
411cbd36
4144f753
41163d30
4111f2ab
4129f80d
414f1022
4192b046
4157ee61
4169f8ae
4138aff2
4116ae82
414726f4
40d8858e
3f6ed9e4
40cae858
40df261c
414b6a6c
414f6bcc
414d53b3
40fb4aea
414fd242
4142b6ea
4180dd40
414cee24
4160ba98
414373d6
411b9df1
41568bbf
4122f4e3
4086e73a
40deb3b4
40bcc7d6
413a529d
410332ae
40ebd6f0
4120281e
414688ef
41621c66
41811dbb
41828214
41535d40
411897f5
4107bf89
414edda9
41381d11
40a01dcc
40ae8044
40ca8b0a
410c73e8
411973c2
41203abf
41040b83
413123f5
416f20e6
41856926
41814ff7
4130a370
413fcf93
40f780ba
410dfacf
414fd95f
4110f7a9
409ca4e8
40ab5b8a
403decb3
41222d66
41380401
410c44d6
410d7d82
415e71c4
41855b88
41400d10
4136aed3
411b8882
4105104b
410852ec
40ddc94a
402d2b87
400a40c3
40447787
41050e52
4135f7a7
41304c4b
41205f27
41259e9e
4132ebea
412b9861
410748f9
4087972c
404fa9ff
4098c580
40c88306
40af9128
3f9e220c
00000000
408207fc
40a90826
40fbd82e
40e8560e
40ccc1e6
40c35820
40edd5ca
40b93ed0
40b0d25c
3fbfbce4
40710735
400b9577
407877eb
4019d021
3f48979c
40537d94
40c0b510
40afd86f
40bd27dc
40e1aafe
40d7d504
40f9c5ba
40d9dd5c
40d9b924
40e9ec32
40cf5cd6
40a54e61
40a71f1d
40d0cdbc
40aeed64
406512bc
4024eb92
40ddb5ac
40ff5c34
410e72cc
40c1fad6
40fd136e
41198640
41159644
40d8e670
40c9dc2c
40f7c464
411c2e4c
40cbb044
41001fea
40ab73cd
40a7bdd4
40792a38
410f1053
4110249e
4120025c
413d25bd
41391a76
412c1610
4114868f
411ea7f0
41012fd9
4116e310
4133c813
411a05a9
410a1415
40b0d7cd
4060a4ae
4072f8a8
40d9d6d6
4113c566
414b3262
411edcb5
412a7c96
411741e8
41134867
41094f67
40eefbf0
411b2a32
41218b01
41475a9f
40fb9b44
40e01f4a
4056827a
4084c40a
41066dc9
412d8562
4136a30c
412c77c7
413db21d
413a3224
413eb485
412fb3bf
4119a32b
4117bbb6
410471ba
414aef18
410a930a
40ce7098
405cb67c
40429e1e
40b1d5b9
4112363f
41131739
412062f0
40f427d8
411a41ae
4131086d
40cba7ce
40eb5c42
40b904e5
40f5f070
412931a4
41136f0c
40d0b5aa
404a0044
402ddcea
40a554d0
410a8a97
410d2620
4113dab5
412b3469
4119f94e
4127dd8e
40e70e80
40ee68d4
40f6737c
410dd231
414790c6
413ca841
40f4840e
406a00b6
405b6e34
40d6fa42
40f8ac70
4107ae5c
410b8b07
41261f8e
410c2895
411b7504
40e5818e
410ed471
40f9f6dc
41392297
414d8ed9
4129c540
4124f126
408605e0
4081df9b
41117d76
410f4526
411a283d
41144640
413583d4
412b47bf
4137d4d6
4127e4a5
4125318f
41230676
41517d17
414f81bf
41217099
40e98ec0
40ba7d05
404304f8
41064fff
4105f96f
4125b5a5
411858ca
41236ac0
4117348f
4125d596
414fc8cf
4156e104
414748a6
41477b58
41194ae2
40fb9a1a
40b177af
40997f2f
409dce05
410c19b4
41388b1a
412d6dbe
411a1965
410e342b
41042d85
41250c1b
4139a294
411b6d92
41250091
41314949
41338e0d
412ed676
40d495de
40b646b0
40b6085c
41048e6f
412b8b3c
4105400e
4123e04e
41052a72
40ce80ce
411ba1a0
4147263b
4147fb36
41054bbd
41187667
40f57e8a
41217f82
410a82bc
40d1a3a2
40b5d14a
4106b9ae
410db04b
410ad80b
4119a120
40e80fce
4112d5af
41407cb4
414cc1d8
413e0744
410de2e5
410633f0
40ecd64a
412e52d8
4132a5da
40cef7a8
4096ede9
40ccf02c
40cf4568
4105e2a4
4112b380
40efe752
4104a98f
412a64a8
41585566
4120898a
41295744
40f5098c
40f61026
410d306d
40e60ba6
409ac49f
405b71fa
40dcd932
40f73ffe
40e17a1a
411c710d
40ee1c82
411d3e6b
411f3a19
413a2aa0
410f02e0
40f7cfa0
40f976a6
40c2e40c
40d79236
40cb7418
408a7f2e
3fe7f18a
40a58c1e
406e06ce
40a94f8a
40ce2308
40ba13d8
40c7e874
40b1e17f
40d698cc
40a02f0f
40ba3238
4090d708
40a456f2
40a69a3c
409cfc36
40423c92
3f3dc1ce
408c9823
410e520c
413396b3
413ba9fc
41051842
40d2cec3
40987881
40aec761
40e05069
40c0dc6c
401cf882
407ab314
40821c5a
4092baef
3f8b6e4b
400000e8
41071ece
41193a7b
41590ed0
414ecb5f
414ffdd5
41686adb
41428ddf
4133524a
410c77ce
40e07e8b
41066493
410d863e
41448f12
410ae8f0
408496c4
40892aa5
414e2186
412e77e5
41be3ecf
41ae03ee
41b258a5
4190ee43
413f801a
415a92f0
4149b405
4121e641
41405ecd
4113c2e7
41375017
411ec090
40f52d73
401b28d0
41167f59
40b5ff10
4189065e
4165bfc1
41980844
41939dca
4184af93
418d5111
41535921
4164c6e5
4152162a
4133ec63
4166b9ad
41107ddb
40b3f3ae
400a5088
41056e5d
40f2669d
4160b887
41828a52
4194eeff
41a34770
418197e8
41981887
414a4684
419150c5
414e87c6
41169c7a
40dc1d4d
40d0f091
41017e96
3fca2ed9
406d065e
40c796f1
413ebb3c
41636ab9
41846a78
4189cb92
41494be7
418b3e6d
4169463f
41851428
413c5dbf
41058b35
4120d386
40e060e7
40545598
3f828c99
00000000
41006159
411fba4e
4159e03a
418b6807
4184ded6
412be264
412df880
412621b2
4150518d
415d11f2
41798e3d
414f7253
412ec393
407f485a
40865676
4089e2d5
413344c3
41692081
41761cfb
417404bf
41304aaa
4113a8f0
40c62573
41161c0f
41808962
4192006f
41aab213
41ac34b7
413ae1bf
40a0a025
4109bdd8
41320984
414d96de
418a6f33
41373e66
417d5b9b
410abf05
411bcd1a
41167f71
40ef1d2b
41713817
41949b53
419f3aec
419e9a88
4133048d
40dc9e77
40a9780d
4112d861
4135cf8f
415b490d
41139fa5
414be852
41428f20
4114bb5e
41836a2f
4163a367
419155da
419933ff
4183e86b
419e6836
4145c23e
41007303
410619e9
41510f03
41495418
41811883
413f9989
414f39e8
417e02d3
416ef515
41b64c64
418917cc
418f15e0
414a684a
413bda52
418d8741
417ac631
41749b23
40fa7ee9
413482ea
4135e340
41231c61
418e5dde
414a9082
41875b55
41bc03d8
41c8b7e9
41e3525f
418ba34a
417f0c63
413c2cf4
41902a62
419ee010
4189ad54
412cad1a
41565dd0
418b1ad3
416b47d7
419d03a9
41531708
4156122d
41c1e45c
4183a9b0
41d838a9
4160466f
4155b25c
410a462e
418e9cfb
418676be
417f98e1
410da86a
4126398e
418344a9
4168743f
415cb0fb
41626e98
417bf47d
41cd28e0
41a0bf9c
41bde790
413a2b38
41140793
40c9e9e3
411a30ce
412522f4
40d49921
40a2de2d
4150e0f3
416113aa
4180025c
41707afd
41452573
41312ea8
4153113e
4114627f
40ec2027
4081870c
406db456
40a4be5d
40bffea6
40a9303a
40402c90
407f391a
4105ce2b
411aac7b
40d3c3df
410d5b15
4104ca03
411527c4
410d9c21
40ed52a3
40e5477f
3fe0cea9
40591682
40802412
40d9f0dd
403b57fc
407e4094
401e6d5e
40cf560e
40e26cce
40bb92fa
40bd723e
40c1b00e
41025639
40d8cfbc
40dc5aac
40d44c3c
40a784f0
40a0a0f5
40ab8bb4
40a73206
409e308f
3f2806dc
40970095
40f17500
40ecd70a
411d2446
41249e51
4106fe81
41279b84
4103bae7
410aae17
40e4c3d8
40ff37b8
4106e3a3
410eb179
4108418e
40cf5d8a
3fda5bf4
408edade
40f49a64
411032cc
413e94e3
4164340f
41713cad
415e62f3
412290ce
410b5a54
410cb510
413121de
412b4909
412ae33a
4119486c
40c204f6
404bdda4
4082100e
4111c28a
412bec98
414a6742
4130f6e5
413841d5
4133b588
41403d09
413eaa0c
410975aa
412accef
41398c32
412bf632
40fd97b2
40e160dc
3f8861f6
407c949e
4105456b
412a543c
41501574
41347cd8
413f228a
41426d7f
4151c9b1
41520578
4120d1ec
41385bb9
4129aa6b
4144d169
410bdeb4
407b919a
00000000
404326c2
40f3171c
40ff2f0c
411403c6
4139d5c1
411446a3
410f6f72
411fe222
4129cc39
40f5bfc0
41007300
410d8c15
413c1636
4127a6b2
40ae074e
3f93fdb4
407aa8ac
4101fd6a
410ed72b
411036f9
413df262
413dc461
413b439a
4157408d
41060732
41061b79
41054ca3
4139158b
415582bc
41490205
40b8dd60
3fa1def6
409c88e2
40f14a64
40f489ac
410eb0b0
41177448
41623485
4126ee5c
41232023
40f688f0
41117dcd
412ebb59
415a4ba1
416691b5
416886a3
40fe2a38
3fc7c648
40a1e556
40ff0cc2
41237c81
412c88f4
40f6485a
412ccb8d
411c92eb
4131c810
412829bb
41499813
414f082e
416a77c1
416b177d
413a9647
4106e47f
3ef01360
40ba056c
4113a783
4116368f
413a6cbc
41185b77
412d02bb
412029f7
41511df1
41640361
414431b5
415c0b9d
413c59db
4120c61e
413577da
41008ab8
3fa2ce96
40c27c00
411a66a6
413ba064
41496328
415b2cfd
410c63af
412557cd
4131984d
417013a3
41420720
413274d0
4125963d
411b58c2
414e39a6
41378ed7
4099889b
40f7de38
41007f1a
412dccf4
4112bff2
4123ac8d
410c4917
413bdcc7
414cd0a7
417c62bd
415a0bef
412d7216
412414f8
40d91bd6
414d55de
413d03b3
406f723e
40db0e6a
41038de2
41383c77
4112fe5e
412490e9
41072778
41174d1a
41625a2d
41843d70
417f5891
413342c7
412d8472
40f35408
41432e12
4130b24d
40c1cc08
40b29f2a
40d15702
40e98848
411c9b81
41350e16
41069f34
4121b957
41429c2f
41681a69
412df09f
412ba91a
4108b788
40dc912a
4111dc52
40eb7a3a
4056ead4
4090a849
40b9313e
410548b1
410a2a84
411f58df
4119e6c2
4116220b
413753f9
413a9c0f
41047560
40a80e59
40c11540
40bd600c
410c015d
40b3889e
3ff63478
3fc27bac
405d28ba
407d44da
40c11e1c
40b322ce
40b28da2
40b4a65c
4097be01
40b486b4
40a36b7b
408536d1
405a75e6
4028294c
40b5d982
3ffee538
3ea217e8
3ffcc55c
409e88e1
40c1f55c
40c9f17a
40d7aa92
40f80ee6
40ef3aa8
40d894dc
40c4043e
40da4e14
40b5c759
408e7f38
409e7693
40b5a39c
40aa6f45
4061e20c
407917b8
40e9bc7c
41009b5d
40cb30bc
4109c321
4111c3cc
410eb121
4120c501
40f32c92
40eb8a94
4122b068
411cb7f9
410b65ec
40f689e2
4103c755
4083827a
4094f316
40e2e3ea
40ee8552
411441f4
413ca814
4131535c
4127fd11
41152da1
412176e1
40fce8ac
4106a301
411b1f4f
410b8f7a
40d5656c
40aa27c1
3f9affde
4091af92
4106ce8a
4113451c
4122d299
4105488a
40f8be0e
41146f9b
4112625b
410b69ff
41102a3e
41196d11
412fe856
411b1bb0
40d609fe
40b19c5e
40193348
405b3b56
41023e69
410c79d0
410add97
41087893
40f58904
4117526d
41253237
411346f1
40eb9e58
410ff744
41221252
411dc88f
410444ee
40c6127e
3e9d3038
40482f1a
40b16063
40dbc2f2
40f8a8a2
4106fc63
4101551a
41061986
40ef03fe
41014054
40cca90e
40e99526
410b3b95
41170953
41150d0c
40a7204d
402dda88
4031ae70
40ccdd40
410e3318
410d1522
40f2d690
41076e18
410e1370
411958e6
41027446
40ea351e
40e9befa
411a9274
41332c16
412dd83c
40fdd952
3fdfdfe6
4090492e
40e29d2a
40e56ae6
410025f2
40ebdcba
41108da5
4107a702
410e21a3
40d8cd26
40d45d70
41028d00
412f3a58
4142f19e
412292bf
4108673a
3f4f5f48
40a0e46f
40f6f0e2
40ddfbb8
410d9f30
410a59cd
4108e696
410a7129
4125c542
410aad66
4119b684
41310a09
414f5f07
413989e3
410f2697
40afc704
400596e4
409e6f3c
410423a6
410c54d3
41146ad3
40c8beba
410a3738
40cbc77e
412c131b
4122147f
4138e53e
412744ed
411ab84b
40f807ee
41074ea1
40acb8eb
4008d25e
40c12ba0
40fe35a0
41084d71
41258be7
41118e65
410b6d28
40e0dcea
411502a9
412b73ba
4124e2b2
410868cf
4119e239
41040f8d
41005dd6
410fbeda
40afae1b
40dcc088
40f1213e
40fe3d56
410a22b0
410440f1
40959dae
40f5f428
4102d1df
4147636b
411a5fe7
410817b3
40e2f088
40bcb356
41156138
41173673
3ffe30ac
40c492da
40cd8b68
40e0126c
40e84d5a
40f6ec40
40d07a22
40edbeaa
412ee382
41412e7b
412a9b65
411de2fb
411392cb
40ee51fc
4118fd64
411b3523
40b89293
4090c559
40a7195c
40ddd8b6
40c8af60
40fa5cf8
40ce3cde
40f70070
41131416
4135fc33
410ba311
4106aa3e
40bf295c
40d8918e
40fec2ec
40b484fb
3f9612ec
40913649
409a736c
40dae260
40ce9cfc
410213b2
40eb629a
4103f3ae
411d6c7f
40ee39da
40cc49dc
409ff627
409e3c0c
40550a68
40e05fca
4090289d
3fc54be6
3fcbc338
40173e3e
4007b148
40859b9c
4097d779
4087fbc0
407e22e8
40880418
40c98a56
40959afe
4084364b
402258ca
4081976e
40882ec7
40003658
00000000
3f801850
40c1434e
40d1fab4
4114c5a4
4131f4b0
4098b020
00000000
3ef07c18
4087ec46
40903dd2
3fdecb42
4036b3d9
4028bf5b
4008a039
3ebcfd00
00000000
00000000
4061487d
40eb6134
4126283a
414eca45
40d296c2
4087dd3c
405ced71
40ca6572
406948d5
3e23f8c0
3fbc184a
40c68708
4071a4f9
40a724e8
3f92130e
40999c2c
41018c66
40e21e96
411d2fbd
416a1440
413f2272
40eae9a2
40202f3f
407284a1
4050ca63
00000000
00000000
408f341a
411655ee
41064cfa
40c7e738
3eef99a0
4037a1d3
00000000
40c65dae
4141bb79
40c4e326
416e27a4
40f8a302
41361d0c
410da80e
410b2170
3fd388f0
40bdcf4a
41827152
413b451e
40c19a9c
00000000
00000000
00000000
4094ca82
4115ab94
41305c81
4124fa32
40938bc0
4151b468
414a8180
413ff371
3fdb790a
3f9783ca
414f7401
411a2fe0
4100f489
3f62e220
00000000
00000000
4086c3ce
4111325e
4135cd5c
417788ea
41245fcc
417b2ce6
4129fce0
413e540a
40a9f31e
3ea814e8
41321857
40fa4d60
406ae65b
3fc74042
3f30dda4
00000000
409c6312
4117f6fa
40ed0d4a
41195381
3edda5a0
40a7fb36
40638c95
40fda7ba
3fe5a846
40c0d16e
411d0aed
40b97d74
40e15b32
3f27ac24
3e26e0d0
4088b74a
40f60862
41076db6
4063f82d
3f479688
00000000
3f14f308
40810a0e
4115f7ab
4139c194
4185b72e
41573197
40db3c6e
40fa6cb6
40dddba0
41141bbc
40fbf5a2
40a0af76
40c596cc
40506a79
40064dc7
3fd08b1e
00000000
3fcd5906
411a1495
4119e543
4132bfc1
41164790
40ac00ae
41000fd7
40a56c06
40a77b2a
402faf01
40cb0858
4116f35b
40fc0448
3f36be00
00000000
409b737a
4092d09e
411d61af
41224be6
411ec49e
4106e55e
4112b473
40c075d8
40d7bcda
40b7ead4
3fcf494c
4111d52d
41270c4e
40f9100e
407c107f
405d4ecb
41342f99
412b4eb5
40e46ff0
3faed130
00000000
4135a2c3
4161de5a
40be3b2e
40a7a5b8
4090d394
3fe887aa
40bbe8fe
41166f55
41009d8a
4111c849
41714cb2
41825f6f
41ad49e0
41378c81
40ab8866
407959bf
4163e508
41773166
414d2195
40f1d2bc
411e9d94
412e9b97
411e6634
4139fc43
40f8cba8
403c3e51
414bf373
4130ea49
414287f6
40a41f7a
40bf6d2a
00000000
40d61768
413ca98c
410f72fb
411d7e5a
4186f4bd
4187bc0e
414e8f26
41326f79
412f22aa
411beed2
41848ff9
412d3859
40fd059a
00000000
00000000
00000000
401f01df
4060f29d
00000000
40fcd21a
41839578
418876fc
4149b2f4
40db29d2
4053f731
4067e325
3f9c97ea
3fb7610e
00000000
00000000
00000000
4033274b
40ba8240
00000000
00000000
40a4c0aa
40f6a93e
40c53680
3f02228c
3fcdbae8
407e796b
40818040
4002e83d
3fbc9b20
400f723d
00000000
3fff0e0e
3fe9376e
40842b24
3eb1a250
3fb64f6c
3eef3d36
00000000
00000000
00000000
00000000
00000000
00000000
00000000
00000000
00000000
00000000
00000000
00000000
00000000
00000000
3f4e9bfd
00000000
00000000
00000000
00000000
00000000
00000000
00000000
00000000
00000000
00000000
00000000
00000000
00000000
00000000
00000000
00000000
00000000
00000000
00000000
00000000
00000000
00000000
00000000
00000000
00000000
00000000
00000000
00000000
00000000
00000000
00000000
00000000
00000000
00000000
3ec73496
00000000
00000000
00000000
00000000
00000000
00000000
00000000
00000000
00000000
00000000
00000000
00000000
00000000
00000000
00000000
00000000
00000000
00000000
00000000
00000000
00000000
00000000
00000000
00000000
00000000
00000000
00000000
00000000
00000000
00000000
00000000
00000000
00000000
00000000
00000000
00000000
00000000
00000000
00000000
00000000
00000000
00000000
00000000
00000000
4007fd42
00000000
00000000
00000000
00000000
00000000
00000000
00000000
00000000
00000000
3fab2a8b
00000000
00000000
00000000
00000000
00000000
00000000
00000000
00000000
3fb79bd6
00000000
00000000
00000000
00000000
00000000
3f7a32ba
3fbd728a
00000000
00000000
00000000
00000000
00000000
3ea3037c
00000000
00000000
00000000
00000000
00000000
00000000
00000000
00000000
00000000
00000000
00000000
00000000
00000000
00000000
00000000
00000000
00000000
00000000
00000000
00000000
00000000
00000000
00000000
00000000
00000000
00000000
00000000
00000000
00000000
00000000
00000000
00000000
00000000
00000000
00000000
00000000
00000000
00000000
00000000
00000000
00000000
00000000
00000000
00000000
00000000
00000000
00000000
00000000
00000000
00000000
00000000
3f9049b3
00000000
00000000
00000000
00000000
00000000
00000000
00000000
00000000
00000000
00000000
00000000
00000000
00000000
00000000
00000000
00000000
00000000
00000000
00000000
00000000
00000000
00000000
00000000
00000000
00000000
00000000
00000000
00000000
00000000
00000000
00000000
00000000
00000000
00000000
00000000
00000000
00000000
00000000
00000000
00000000
3fcf85b2
00000000
00000000
00000000
00000000
00000000
00000000
00000000
00000000
00000000
00000000
00000000
00000000
00000000
404369e0
40b658d2
40679e0a
3f968358
4026db26
403da06c
00000000
00000000
00000000
00000000
00000000
00000000
00000000
00000000
00000000
00000000
3f2cf432
3fd82372
00000000
00000000
400eeba9
3fd3ea5b
00000000
40b2f135
4124ec96
4138d550
41210012
40ef808d
406287f0
404ae8da
4086acd7
40b0475a
40983ce0
4075489a
4053983a
40628722
4045f072
3fb9fa54
403d2978
40b6e9ba
41026fdc
417932d4
4169f854
4127acbe
40ba335d
40c7a5e1
41030706
40d38625
405b3ab4
409bf2af
40b5e7bd
4128935c
40c9e5c5
4049ab98
3f32d264
40ff4745
40e8ae0f
416ec2d6
4181922c
4131ffce
41162e0a
409dc18e
40b6f834
40729dba
401dbbb8
400c6448
403a1496
40d349c9
40ec8599
40b7d3bc
403037c2
407e8f0e
3ec58e80
4126fdc0
413a07e0
4163c908
4165ce2a
416e54fe
417b255c
410955a0
40f3d9cb
40b4c997
412c6140
41448aa2
414bb716
40f2224f
00000000
3ed3b8d0
00000000
40a877e9
41084232
41276b04
41560e0a
40fdb289
41649e18
414f1b18
4144a78c
40524330
4041e074
410b3d1e
411c51a2
41174c5e
00000000
00000000
00000000
40c73b6b
4135e4dc
41564662
4120a86a
410fa1b0
41888b23
41712c5a
413bc052
40af4c47
40a367ce
415ff462
410e1f56
40b34626
3ea8d750
00000000
4019619a
40a3399f
4130c196
4124bd2c
413cedce
4051c304
40a80a93
4050c7a8
40cb8673
40258b6a
41023128
411d1bd4
413644b8
40a8a40e
40798ba6
3fac5496
40c5eef3
4117a432
41158a20
40f6c271
40a57e6c
3f71dea8
00000000
3fb2245a
4128f258
415cbdba
418bc55b
41a70bcb
4110460e
410958da
4076f722
40f9023f
412828c2
41376a50
405edc8e
4100e06e
40207e00
3f0814e0
408eb76d
40a32823
412be102
41416b78
415933b0
41584b98
415081e0
410bcfd6
40cf8375
40a6726f
40af51a2
40c1d841
40f91fc1
410ca6fe
40ecb515
00000000
411a0918
40ccccaf
4147c4ae
41626486
4138f2c4
410d6a3a
40e428ed
41281c26
40b335ed
40ef28af
40f80d3f
411ba460
414bfdf4
412b6660
40ce4f9f
41004fe8
4188ae73
4143933c
410d044e
408f0c06
3f500aa8
4142e73a
41803022
412f2a80
40edb0f9
403437f8
40c7eacf
40fc92b3
41422080
413237f0
41253638
419eccfd
415f91e4
41a80fc2
4147d852
41281888
4048d632
41538ee0
417552aa
4194b7f0
410caeac
41328994
41385238
40ef4273
4109aef6
40e74ed3
40d94d83
41ae93b6
415d4e52
41ad2f18
4116565c
40ce8a77
3fcd27f8
4116dc0c
4137a6b6
4144698e
41015242
41854f0f
41721aa6
413e7728
41722f96
4156735a
414c5f0e
4191042b
4135befa
414ab9b4
40867a90
00000000
00000000
3f382234
40833c08
404c6396
411d30c6
419034fd
41617e24
4139cfaa
411ee37a
40e479a1
4095f44c
40da6619
00000000
3eb56cf8
00000000
3b8a5200
401fede0
408476e4
3fb465ce
3e99aaf8
408efd29
40f991f9
40c8b669
4023fcea
4091b823
40590d88
40d98597
40a3ba45
4047eac4
3fa82178
3f6f1d04
3f595be8
403c8a7a
409142ea
403c594e
3f68cc34
3fff1f2a
4043dbf3
409aa1e4
4085b1c2
406bb108
40a36fa4
40e4a849
40d03187
40c6a048
40ad3d2c
40c02d46
40a115e9
40b24471
40879db4
40adb072
408a0598
4093f035
40ff52f5
40f8d99f
40df2bba
40be0c6d
4119bc63
41265b3d
410aa7b1
4107d206
40e44d25
4104968c
410ad315
40ec9c6b
40e3b465
40d33c81
4096fa38
409ae9b7
40f968f3
40d330b6
410202d8
41059bd2
41377526
4112e9ed
410a01b8
4103d6c0
40d22224
40f703c9
411d1fa0
410534dc
41085df1
40a68f8e
3fd6b610
40643e8a
40cefc98
41238c4d
410c6609
40f736f5
40e71d0f
40b99673
40f2e8a3
40dc73b6
40e8c733
4100744f
4115aa7d
4114ad1f
40bd85e5
407e06ee
401b11b0
4062e9a0
40f430f9
410c60b5
4104da36
40dc914c
40ec2599
410677cc
411e13ee
410bc0d9
40fae7cd
40f38fa5
40fff5d5
411cf96a
40ccf065
40f00b91
400fb6bb
401388e4
408b1ad2
410c63bd
40f9e649
40d2fff8
40dbbe3d
4120ab49
4111c3be
40ddf1f6
40c6319c
40999ba3
40dda71c
410b8413
40de269f
40b28764
40672d3a
3fe161dc
40963db6
410cf8d2
40fa3239
40e348de
40eca78d
40fbe4a7
4127f0f4
40dbcdc0
40a7e0ad
40a20dc1
40f21b39
413602d8
41171b32
40b66063
403cb4a9
40a316fc
40c12a4f
40daf319
40d3d2c1
40b767f3
40f38777
41056626
411586c7
40cf36e2
40c0ed1b
40c5cbcd
4120432d
412cf432
411b0036
40bbcd11
401396fa
409ce7b8
40ad5912
40e7481b
4107f8b1
40dee5e1
41296e22
4102ed16
411ded0c
40f39add
410fc7fc
411934d0
4140743e
414c1f1b
41069dc2
40a7d504
40837291
40840ab0
40b081d9
4105a7fe
4109f7b0
40924630
410a81f4
40f0b3b3
410e3816
41289f21
41385e0e
410f3621
411f82c9
410bd4b1
40b9e934
407354f2
406ae960
408e5b44
409fa342
40e2ccba
40ce442f
40f7f5a9
40d902d5
40bb4c59
40cd923c
411c5bd3
410a568d
410b8298
4116a1fc
411f36e8
40f3667f
40c9fa09
4093c4cc
40b8f7d2
40eac74b
41062bd7
40e3ce8b
40d2e552
4094b1c9
409aef5c
40db61f7
410f3f8b
410a50b4
41017e98
41051f66
4108bd9f
411be86b
410cec99
4084ac2f
40b45d18
406ed1de
40fb1075
40f5a987
41021e7c
40c9132e
410b0f44
410446c6
41167e94
412b6faa
40f1508f
40f4c747
40cbbec5
4119e873
40f4b25d
40991834
40855a4e
408bd22f
40e6f3a5
40fa8cad
40ec12d5
40dfb5e7
40f3a3e9
410b98c9
4129e130
40c3b40d
410e2897
40c75c16
40bf976c
41080265
409c6cf9
4034b872
409ea16d
405db9fc
40f37843
40d8d62b
40e51d5b
40c9632d
41002b91
410fdf10
4119a3ca
40eb2713
40fb639b
40b2f3f5
40a70765
40b665fc
40969943
408ef942
3ff0d006
40640dac
40781c22
40bd7bbb
40af3d85
40c26108
40a552ae
40d8eee5
40b66ba6
4097969d
40701392
408ad2e9
408bb0eb
40c16ec8
4096f36e
3fffd90a
00000000
40b774c6
41146018
4149d2c7
412bde1a
40ef4b4c
40435ab1
3f2ab358
408daeae
407b4297
4026f485
4000c501
3fd72ec8
3f9fcab6
3ff08762
00000000
3f8acffe
400ae4d9
40ee9df0
41260517
413e2477
40dc7446
4056524b
407aef53
40ae4254
40a12008
3e98ded8
40057849
40b3554e
410608fa
4036cc57
408aeca4
40101835
40e2e52a
408b66e6
41271f72
4121c59a
413bd014
4102e8d7
401afab5
40a37e5a
404c1e1b
409df082
00000000
4092bfc8
40e2bc52
4101e1c1
405e47df
3fb19210
00000000
3ef616e8
41059da7
411e9ef9
4168e7c9
41245057
41489c4e
417fa143
40c7576e
4117c570
3fdefe16
40ef8ae6
4120cc77
4160ff8b
40f13b20
00000000
00000000
00000000
3efdb250
40e633be
4114b33e
41373bf4
411af297
413ec4a8
411671da
40f35f2a
408da38a
3ff7d9e2
41296db3
412517c7
40a82e4c
00000000
00000000
00000000
40601aa1
415760a1
40a16d2c
41662303
40d70aba
41463053
41155862
407decf1
40cb20ea
3f4c2408
40b7bf00
40b55da6
40f8b29e
00000000
00000000
00000000
4069e84b
41281611
40e5cfe4
40a1d90a
3f6cfd48
4057b021
40bd8126
4086f05c
40519571
408afd46
413261f9
409f5bf4
40d7548e
00000000
40708805
4045adbb
3f8e961a
40f13514
4081a578
3f6afbc4
3eb12e80
4035cf1f
402ce74b
409ccdac
41346e8f
41685baf
4187136a
411aacd3
4122ef67
40c53e1e
40f40de0
41264ba3
41289960
409336f6
40a7cb0a
3ffe984e
00000000
404ef7cf
3fa8df1c
40ecf7ee
4118f0b0
413da37c
4116be32
40e06a00
40a3784a
40747e17
3fd9fe44
4095405c
40b9c68e
410e14b1
40dbe0de
40b8b092
00000000
408e36c6
404ca71b
41380e69
4101016c
4147a077
41354e77
40c1025e
40496c45
40ba7dc2
408e0bb4
4101afc2
40a57fd4
4119fcf3
40e7ae0e
408d6682
40acd914
4124a3a9
416b808b
405c3125
3f3cedc4
404752db
414531bb
41537f8a
413fbeac
401cd783
40bd4710
40c575fc
3fcd4b4c
4123eb28
4136ac7d
40aaca30
415926e0
4143a656
41967bb8
40eae8e0
40c3b630
3f0bf048
4128f246
419f16f8
4135abf1
40e4286a
410424d1
412dbde8
4151db78
411b77cd
40c88988
4080e314
4152d03a
4115eb49
4153576f
40a13e20
40211613
3ea2b778
40ab841c
4136b1f0
4113da5d
4105b691
4161e4b9
41319c38
4143a1e7
4137f76f
40dd3f52
411dd0ed
416e57bd
41096e36
40edafa6
40a8c174
00000000
3ea01bb0
3ea3bce8
40e7f702
3f12348c
40aa58cc
414d7385
415a7170
4142fe01
40fc0a62
40c5dc92
40430fed
3f40b8c8
3f2260e0
3fbc1e2c
00000000
00000000
3ff02286
40a7f970
3ecfbc10
3e8eeda0
40898e2e
40fbf998
409ea292
3e805ac0
404a93c3
40784ba9
40941fe0
4001893b
00000000
3e84bc78
3e1f91e0
00000000
406b5bcf
4038d743
4054ebd3
00000000
4018b41f
40afb46e
40cc73e2
40ab7d74
40bd543e
41030acc
40f5e472
40d70350
40defbd2
40d46756
40c9e224
40a635fc
40b3f564
40ce7f00
40ce1aa0
4052a61f
403dc425
40d57d36
40d08d00
41008961
40f6f064
4112845a
4106db23
410763dd
40ec50a6
40b9db4c
40e26682
41091d2a
40fe1532
40ecf032
40cd89da
403feb01
4033d593
40ece5ba
41031fd3
4114ae9a
41303491
41412d6d
41221d40
41145fd4
4104ccc1
41084b1c
410f7b4b
4113c042
4119dbfa
411bdae9
40b93814
403b31c7
4011ca23
40c89e8c
410be1f2
410e4d69
4113c42b
40df4476
41153e50
41173c1c
41008507
41039b72
41222c46
412a896b
41226319
40f0150e
40b3a490
403e4869
406d8b67
40e33990
411655fd
410ec6ff
4105eb60
411b7dd6
4118d64e
4122d17a
41166e8d
411b6157
413392e2
410ff156
412aec32
410c3245
40ce096a
3fcab1da
40548771
40b33a5e
410415e9
4103102e
4108aa1e
40d5beb6
40c9e89c
41389778
40f8e148
40d47db6
40cdd84c
40d649ea
412e088c
4109a1e7
40e5da90
4034eeef
405f73cb
40a73b4a
410940a7
4107482c
410e9311
410fd243
4119bc73
41333107
40ce36d6
40cdd08e
40f356a6
4107ccb0
4146eba3
411f7448
40b215fe
4040e9fb
4060bd7b
40c412a4
40d2fbde
41045797
40c9beb8
412da8c8
40fdd3c2
410bda14
40b87466
4111c2be
41067ba8
411f863f
41413207
411c8122
40ce4cca
408374ea
40294be1
40e4b996
410752ab
41132bf6
410a4cd4
41253d29
410dfb7c
412785a4
411ee8a8
4130fc94
4123fd25
4135f88b
4136770c
4104f014
40cb7aca
4048ffe9
40344dd1
40fa5350
4102fbcf
4114f824
410354b2
410c322c
4102375b
411c834a
4146a1b4
413b68e6
4122a1d5
411984a1
4107c137
4101dc04
40bd8060
402687cb
40691fdf
40e49b1a
410b8db5
412aaf67
4126be18
41039fdb
40ef4f30
41183b02
413af989
411c3c79
411ff370
410eceac
410a33ab
41141b46
4109bc6c
409ba5b2
409c6018
40f3a22c
4129e465
40f57018
40e98b06
40c37218
40ecc1b2
411b21a9
414a4e24
413b78d1
41272438
40e31570
40c0c64e
41152c0d
40ecbfb4
4085527c
4095ecbe
40daf1de
411b315a
40fd7bc2
410abc33
40ca88d6
40f8689a
4120c615
41479d98
41319f4a
410dbf58
41006c9a
40d5f560
410e7a64
410b271e
40bc8a52
404958a1
40c98926
40ce34fa
40eb865a
40fc39de
40ca10e0
40f1aa72
4117fd01
41351aa6
40f52cfa
410c0c3d
40d5fb30
40e30bb4
4103bf8e
40b62da4
407ecfc7
40033109
4081c562
40be44cc
40e91b2c
4102af6a
410132c8
410d2b65
410ca3a3
4123f954
410234bd
40e3fe42
40b2dd86
40bb2574
40f42c7e
40cf3690
4070d7c3
3ea7ce88
403fa96f
40482c37
409a6c00
40919da0
409ce6f4
408c7476
4099a328
4090309c
40514c3f
403a0c4d
4036b585
3fc9ca0a
4075393b
4003f31f
3f2049fc
400e159c
40882a31
40dd2a5a
40d0d3ec
40e2e1a0
40fd95aa
40f948fa
40e46848
40d04eae
40e1d49e
40e0ec0c
40c43910
40bea797
40bdf936
40b1155a
408e442d
4054b38c
40e560a8
40b428a1
40b105d9
40cc3aa4
4110fad6
41153afe
40dcae64
40f017fe
40bc1cdc
40d8a768
40e0ef60
40e53d5a
40e03718
40f4553e
40827ae8
4064f4cc
40e8bb34
40fdbcc4
410a9692
4132d05a
4128f7eb
411e201b
4113a53f
40ffa0ae
4101ec98
41225ce1
41188433
4113b5a7
40e890e2
40bc224e
405430dc
406adaf6
40f0ef3c
4111735d
41098e81
41191b31
41136052
411e7da9
40f7c5ac
40e5c600
40f40e9a
4126649e
412fb8c0
4110802d
41176de4
40f6d666
408ae832
40863751
40f69f28
411eb73d
41121c58
41057bd7
41083606
4104a744
413cfc74
412410e6
4109c948
411b3afd
411fc8cb
411edd32
40e75688
40ddbf9c
4086ec9e
403db414
40dd006e
410ff953
411369c1
410b0538
4111825b
4126b7a8
410e6c1f
40f2a36e
40967875
40e76a86
41165c3f
40e3ec1a
4104c4fc
4107da4f
407bffc2
401a0072
40dd6988
4100440f
40df1d9c
4101cc37
4110e32d
4120d16b
41157a19
40f18164
40b921ce
40f2889c
410a0422
411adef0
410bd8b4
40e40c6a
4033c42c
40253932
40de0f10
40d0a0e4
40e3ce0a
40fbbd90
410cd07a
4107c698
41045606
40e49d18
40d2ea08
40e2bc9c
413f88e7
4116e253
4135bf48
40f0d1e8
4097a980
40033f7c
40f39244
410803e5
4120e30c
410f319d
411d675f
4114bfb3
412ee777
410c1874
4109adf1
412ada83
413d49ca
4122c7ee
411019bf
40cbf842
409abe80
40963ae9
41121b6e
4108be37
410dc5a8
40da64aa
410e2aa8
41189f71
412d461f
41269ca0
4127d91f
4127baea
4126687c
411b916b
40facb20
40aeb632
406b92b2
40451aba
410001b6
412394de
411f479a
4121aeea
41001c53
40d35008
4107f4a5
412669a4
414219be
412a6ffc
410dead4
40fc8622
40fedfd0
41079bfe
40b380a8
409dee97
4116125b
4119e7e5
410336cc
40f47122
40ea48d8
4110af74
41049169
412a8996
411eeeb3
40fdbb22
40e3816a
40f0e4b2
40fe3582
40fd33e2
4088edd9
40aef17c
40dd1c8e
41176d39
41036d18
410c3f5c
40c7b452
40dd887c
40fc34f6
415429d6
4131dfc1
4108ef78
410bc3ba
40b9e650
4106c86e
411ae282
40d94890
4059e468
40a21d7c
40cc0fc2
40fc628a
40f93c74
40db3b6a
411408ed
411a4a4d
414a7584
410da760
41074002
40d10582
40bc4050
41074f1a
40b043e8
4070ad96
40228784
40d068fa
4108ce7c
410b9627
41006edc
41003055
410ccd26
411e5748
41297e78
40fd1228
40e73686
40c341f4
40cd182a
40e2b23e
40e0e5a4
408b1c52
3ee5b0cc
4086115f
40acf70f
4098cd49
4089ab01
40af52c7
40b2b088
40a717a7
40c66184
40aa2c04
4037387e
406c2ffa
4031f7b4
40852030
405cfae2
3faead79
3f8376c8
40f0b9f8
41195ae8
4164cec9
414b751f
40e8e972
40d5a1ea
404c7f31
40e03aa6
40f8d3ea
4097f9f6
40290ead
407f25f5
40ac80c6
4083b1e0
00000000
40298b09
40f3af7e
413dd3dd
416a42ad
41767fc7
412c8a53
412e69be
4136792a
415dc797
4114f3e0
411c770b
40e8e9e6
41270e23
41379d3c
410aded4
4091dea0
404c4d87
41348cdb
4127957f
41a15767
41970034
41b4fd30
418b577f
411d97dc
4149756b
410acee4
4129d9dd
40cfb0e8
41100a7e
41312866
41506022
41174b3a
4080cab8
409937ac
407289dd
414ffa08
416751e7
4197be14
41865488
41972dae
41a07fc3
416df743
41684a5b
41264171
415290d2
4189463a
4148143c
4126110b
3fcc5a9a
4087e2cc
403fef01
40e3500c
415dd1a5
4185c61e
4198155d
411f2815
418be885
4183efca
4191aa46
4105d7b6
40e69a44
4152d703
41120266
40d461b4
00000000
3fb791d6
4000e35d
4110edb0
416d98fd
4185647b
41952585
4167ff8f
41a6f947
417c3705
41932a8e
41325839
410a5a91
415abbc5
40ea8ffe
41000b91
3fa8f192
3ec790d8
407cf2f1
41037ec3
417b2191
416f7983
41685fb7
410a6cb5
41110d33
411a33dd
41417321
4112053e
41427b05
4187556c
4102ac7b
40f3a8aa
405cee83
409fcf38
410bdf4f
414859bf
4159f123
414e1062
40f8e398
40c49e5a
405eb6e7
40b8e8da
4151d51b
419a2de2
41d1e47e
41beb38b
411bd60f
41103793
410f4670
412bbae3
4138d30a
418c07e2
413b56d7
41566315
4128bc43
40ce0f5e
40f842d6
40d91466
4182b089
4167df53
41b7b66b
4194e7c5
413de284
411128e8
40f258ce
412121ab
41079b2f
413edb48
40f482cc
41543d81
4113467a
4034af7d
413c4c5a
41300225
418f5224
4184f9b9
4184cdf4
418a9fa0
41492d21
411aa0e4
40ef3e7c
412d3524
412d0981
416b8655
4184db8e
4175e8fd
4126ad57
41519f2e
41a985dd
4197bf5e
416e13e5
411d91d7
40e53b70
417adf03
41964ac8
418a33ab
4112c538
411e0ba1
41109b32
40bfba7c
4167dc1b
415fa36b
4166ed67
41a6c4b8
41c98f00
41dba0cf
41846af7
4155a4c7
410ec826
4194e364
419cc3be
418cd20d
41051a83
4152d8e1
419184c9
4182cecb
419ef2f8
4159e22d
413514d8
419afce6
419ad48d
41b1c858
4144f874
41130fc1
408e1ec6
4155b81b
4198ac30
418c9c33
41063c94
416f2681
419132c1
4158fa6d
41897b5e
416790ef
4180a4db
41dc48c7
41a24b7a
419686e7
40df05d2
4084e616
4016b189
40d8f166
41070589
40ada240
40d1aba0
4189eaef
41921ce2
4186125f
414f61c4
4111b2b1
410f1d66
4110d0c8
408cab10
4098829e
4058827f
4016d3ed
40c678ac
4112acf9
4087c9a4
406c4f23
40befa16
413168bd
41103fb5
409d53e8
40eff1bc
410165a1
410d04c0
41161ea6
40572faf
40163441
3fa1133a
3f3db970
405c96d1
40b05b1e
3f5f35f4
3feaa9d2
00000000
00000000
00000000
00000000
00000000
00000000
00000000
00000000
00000000
00000000
00000000
00000000
00000000
00000000
00000000
00000000
00000000
00000000
00000000
00000000
00000000
00000000
00000000
00000000
00000000
00000000
00000000
00000000
00000000
00000000
00000000
00000000
00000000
00000000
00000000
00000000
00000000
00000000
00000000
00000000
00000000
00000000
00000000
00000000
00000000
00000000
00000000
00000000
00000000
00000000
00000000
00000000
00000000
00000000
00000000
00000000
00000000
00000000
00000000
00000000
00000000
00000000
00000000
00000000
00000000
00000000
00000000
00000000
00000000
00000000
00000000
00000000
00000000
00000000
00000000
00000000
00000000
00000000
00000000
00000000
00000000
00000000
00000000
00000000
00000000
00000000
00000000
00000000
00000000
00000000
00000000
00000000
00000000
00000000
00000000
00000000
00000000
3f2c1fb0
00000000
00000000
00000000
00000000
00000000
00000000
00000000
00000000
00000000
00000000
00000000
00000000
00000000
00000000
00000000
3e94b6b4
00000000
00000000
00000000
00000000
00000000
00000000
00000000
3fb6cc3e
00000000
00000000
00000000
00000000
00000000
00000000
00000000
00000000
00000000
00000000
00000000
00000000
00000000
00000000
00000000
00000000
00000000
00000000
00000000
00000000
00000000
00000000
00000000
00000000
00000000
00000000
00000000
00000000
00000000
00000000
00000000
00000000
00000000
00000000
00000000
00000000
00000000
00000000
00000000
00000000
00000000
00000000
00000000
00000000
00000000
00000000
00000000
00000000
00000000
00000000
00000000
00000000
00000000
00000000
00000000
00000000
00000000
402c923c
00000000
00000000
00000000
00000000
00000000
00000000
00000000
00000000
00000000
00000000
00000000
00000000
00000000
00000000
00000000
00000000
00000000
00000000
00000000
00000000
00000000
00000000
00000000
00000000
00000000
00000000
00000000
00000000
00000000
00000000
00000000
00000000
00000000
00000000
00000000
00000000
00000000
00000000
00000000
00000000
3e3be4b5
00000000
3e491022
00000000
00000000
00000000
00000000
00000000
00000000
00000000
00000000
00000000
00000000
00000000
4063b0d2
40ad71a9
40243ea4
00000000
4041b192
00000000
00000000
00000000
00000000
00000000
00000000
00000000
00000000
00000000
00000000
00000000
3f1dce4c
4007b223
00000000
00000000
40103b3c
00000000
3d834d60
40c8cbd2
413e6e4e
4150d0a9
41358f3b
40dc6f02
408762d4
406dd6ad
4073910f
40a1bf1c
40a68232
407e2477
3f67e3a8
40481333
404f0aa9
3fdd1c82
3f04d3bc
40a64d4e
411324b5
415a0201
414256a2
4117e682
4112b166
4113a08e
41358ebe
40a03eee
40ace5d4
408ce1c4
40e7ea22
412abdc9
4101f385
4052b8a3
404a1ef7
40cb75c8
41250149
418e05b2
418034ee
418b4260
41397a3f
40e4b116
410e6a10
40df764e
40d6d32a
40a9b7e8
41128f7c
411188f0
41066b78
411b8916
40258ae9
407b0b29
3f7398e4
411a5f0e
4140eb4f
416e8748
417b1340
4159adfe
41913570
413889b7
414ddef1
40a37404
4169d194
41699654
415363a0
40936e0a
00000000
00000000
3f1882c8
40805b70
40ebe602
4174684e
4183198f
41262fc3
417682b8
41229ea9
41870405
40cdd306
40cf7b1a
4136fcb1
411b6511
41174bec
00000000
00000000
4031422d
40a95bec
418447d6
41404568
416e542a
4109bf15
419a125d
417db70c
4140abc6
412880fe
40a6f548
414135d8
40e67186
4047798d
00000000
3e84a308
4054757d
40bed196
4152ef89
411d165d
4156d8eb
4087c64e
40ba1912
40b85ac0
41005324
410570b7
412a4086
415b3dd2
411f091f
40ef09ea
405b9321
40b413ec
403ac0d9
40fcd738
4162d340
40db94f2
40b6b0e2
3f9ffd16
40626b2d
404e041d
4159cf20
41709054
41a5eff8
41ad779c
4136b5f6
40ffeeec
40e5ca52
4128db1c
414f5f1f
415e06ec
41103762
40e5d788
404ddaf7
409365f0
4110f1f9
40baa752
411542da
41275305
416b13d0
4150b7e0
4128dd2f
413ae081
407226b7
40cc167e
40f142a0
411738b2
4127b9c2
4139a064
41008310
00000000
4125d3c4
40dafee2
4174fefc
4141699f
41592438
41444a5a
412ccdf1
411d4615
40fcfefe
40e7199e
410eebda
412bbfd1
4125d581
4114be23
40bf0584
413a4c60
418b5ba0
41863d69
4142f2be
41057218
40907384
41824497
4191eed7
4154ab6d
40b76954
40e8dd92
40d750a4
40ceea30
412d9479
41432df7
412dee92
41a0734a
419c69f8
41cd5f5b
41771f0a
412dd5b3
40a16a0c
41847827
419e24c1
4190d7ea
40869034
414a2dc5
417eb46e
413ee2d3
41798482
41355cc5
4115b480
4193fe70
4173e498
41ab4345
41013d86
40d66f0e
3fe17f8e
41179803
416a7066
414690f3
40f6686c
4190082e
418a9d77
41519eda
41414d6e
4125d7af
414e5ed1
4195abce
41689850
416b1b14
40ce9344
3f975c64
3f8b0214
40430805
410df51b
40ab3766
40c074c8
418778f8
413e7bcd
416169b0
414e1707
40ee47f6
40895bc2
40d84d52
40225365
00000000
40332ce1
401e48f9
4071dd55
409f85d4
40267677
00000000
40a4704a
4107b165
410dd647
4036cf57
40be6c5c
407b5fa5
410e99a2
40d392e4
40067363
40785a4f
3eb26ff8
3db1f400
407c65d3
40bf05de
3feb19e6
401222d5
3fb65219
408f41f7
408f5706
4080833b
40bc26ee
40b9492b
40c3b7e0
40891cec
409be0a1
40ac0673
40a629c6
4082f3d8
409260ee
40963db2
40906e42
407b4f7e
4077d702
40db0b95
40f541ad
40dd8a81
411bc05f
4103647e
412bdbbd
4100fbe4
40f02fbd
41004ef7
410b0506
410e4a3f
41035ed2
410a1987
40d2f525
40aa2f37
40636e94
410744ae
40f47d8d
4100fab7
4105df24
41256961
4129637d
410cb53a
41096b8e
40d2f9e9
410eae1a
411ebea0
41019496
410d37a2
40e4caa9
404e2b38
408ca468
40ccda85
410307d4
411ff3e3
4115c92f
41245e72
410276e6
41029798
410d57eb
40f599bd
40f20123
41191a37
4116e00a
40f047ad
40db7cd1
40a62914
408b29f0
40ed99c3
41255b69
4122b91a
410870c0
41019d09
412c9f0d
411505cb
410cad69
40db4f93
412079c0
4107cfb0
412f3296
4117ebd2
4101cb35
408702bb
40547e88
40c8cc2e
41099746
41015578
41053bd8
410339f3
4116f704
411252cc
40f00167
40d53ff9
40e9a993
410d61b7
4112b0de
410a48a7
40d5c86f
4098bf33
4010a4ce
40b0ce4a
40ec16bd
40ea1773
40ff43a1
41199a33
40ee2f69
411e0338
40cc36cf
40d415d5
40f0a91d
41063a90
410d7cff
414099d6
41078c2a
403a3b20
400b1502
40cc4a01
410ba54b
40ed5995
40bc2c35
40f782a3
410fb161
410542c0
40e4c637
40cef315
40db2fff
411e2c61
41291073
41256f7a
41148a53
408d8007
406fe5dc
4109250c
40fe78d9
411799cc
40ead155
410e230c
4111b802
4134184c
40f131ab
410ef64d
410b78db
413c4600
4137726a
4101d38b
41042399
409be449
407be782
41225aeb
4106c01f
411a9533
40db9cf7
411cebef
41090be2
41221a55
41221851
413e7b38
4120fec8
41251c06
410c6201
410d5818
408382ef
40895f38
40609450
40d85509
410e19f8
41112db9
40ffcd11
4119c00b
40f525e1
41017882
41289721
41246851
411794cb
411be21d
410a8b8f
41009580
40fe8831
409809fe
40c2b60f
410da360
412cc0b6
410f5fa2
40d79215
40ea5647
40cce8b7
40ddbc1b
411b4c24
410167a5
40e2affb
410f8fb3
40f6e2fb
41080bc0
41048976
40900485
40ba3b88
40d1b525
40fe1b75
40e61e11
4100dda9
40e2b47f
40f86fc5
410f7313
413f21ed
414ca50c
410f4e2d
4110e984
40c4e43e
4101f6ba
410fc481
40b184de
40859214
40cb6f07
40cbac33
40c0ebd8
4107d9ba
40c457c2
41075976
4109ed0e
415cde00
40f3461f
410f07dc
4102198b
40c7c2db
40fab0db
40d00749
408084ff
4042a82c
40a3fe79
410ed2d4
40e9a665
40e302ed
40f1497f
410dcd60
4106be17
412375da
4122920c
40f90b21
40d09e9d
40a651c8
40fe7c71
40d40dcd
406a9f12
3fe60167
40a9fa9f
40a761cb
40bfae95
40ca83d6
40c22c2c
40eda90d
40c105e1
40fbb8ab
40a5ef4a
40ddbeb1
40b879a3
40aec891
40b14cd7
409d4f8e
3feb316b
40334ac0
40b02d1d
40c59e0b
40be5f84
40c27c29
40f04365
40c7bf2b
40b6bab9
40b3f478
40d4078a
40c3e79c
4096dac7
40931d09
40b3e63e
409a4d3f
402aae85
40825474
40f66105
40ec5dac
40c95e11
41028bd2
4129d046
412094cc
41233a33
40fbe2c3
411535f7
4112c1c0
41191f59
41092cb1
41257e40
40e91082
40a994d3
407cfa31
40dee85a
40dd6f69
40df5e25
40fabf73
412d5afb
410e3395
411abea9
40fa6435
40d6cb99
41139500
41217a9a
410cbb88
40ce335d
40a662ba
402f1bf6
405733cf
40ae4172
40efa3a0
40d8c134
40cc212c
40ad1d66
40ebe757
4105bd74
40dffb64
40ce0896
40e6dfe8
411f6064
40eec49d
408172e5
40941324
402b2b7b
4083c1f2
40b8f62d
411adfbb
41018d84
40add2f3
40ec1d15
40dbd542
41186d0c
408ec543
40c2cf22
40c10e0c
40c75a21
410ce57d
40a01dc6
40857162
40159aa4
407ff62d
40c4953a
41134464
40ad8a9d
40f031cd
40aa9487
40a31044
40df9171
409259dd
40a05744
40b0ce5b
40c9e0e2
411c35a5
40dc67e0
405afc8e
408686a0
4069d77f
40b26771
40f6b165
40d447b3
40a65aba
410a8949
40e380b9
4115e0dd
40a15bda
40b0b875
40a1f206
40efa89c
412cd21c
40fec5b3
40beb5e7
402be3c3
4058bb17
40b9f6f2
40cd1d17
40d3a63f
3f9b3bb2
41086d29
4101b1f6
40ea9df0
4085f780
40c7b72d
4092f919
4127c220
413b8969
40f40d59
40e91adc
3fe8868c
4060bb96
40c91d9f
40ef1228
4101963d
40dbf0a9
410da192
40f92e5b
4114c694
41087652
410775ce
40c47319
414ffb23
411d9609
411638ff
40d8829d
4025c9ca
4094d344
41053672
40a07452
40deb3c9
40e3e45a
40f34c9b
40f593b1
411ef40b
413e10bf
411bb209
40cd2a09
4113ad70
410ab62d
41000495
402113d1
401858e4
404df295
40c238b6
410f3e18
40dd4569
40cbc93e
40a7c0d6
40b624bf
411c7b2c
41086339
41186d2d
40e1a291
410b8076
41112f3a
410e2c61
40fa6173
4104f491
40b0f445
40e3a884
410ee512
40e850db
4084656c
409f21ec
40dfbff0
40ee3f11
40f59d9d
40ddb5a0
40cf4e4a
40d20c6f
40bda29f
40e9a349
40da6895
406fdb2f
40ac618f
40cace67
40e8b6e8
40f6061f
410f9c54
40f8445d
40b317ce
40c9f2a9
412a0013
4116cf9c
41118c0e
40e224e3
40edaf05
40ba7727
4098d8e6
4096773e
4055911b
40a1629d
4055edca
4083715a
40f4258f
40b2e33a
40f71ed9
40fcadf5
412aa45d
40aa6d4a
40fa15c1
40a2d086
409f14f6
40c60f72
40ab49b1
409773b8
3fa1706a
00000000
400052cd
403b88dd
4090e8e5
40adaea3
40ef380f
4105ce33
411797ce
41080157
40844e7d
40a4b7f8
40613292
40964533
408ddf7a
40a3aa12
00000000
40329260
40462f4f
40ada54c
409069b0
408d47eb
40b031a0
408b78d9
40dbdff0
40b62787
403f53d7
401e894c
40abcc31
405c2640
40975843
4032d922
4052cc25
405fb5c5
40992d52
40b6c020
40d99224
40af132a
40d4779e
40b9aeec
40ce4ed2
40d6a8be
40b77f36
409b78b2
40964ddc
40b689a0
40adf642
3fa70328
401cb7c3
40f44758
40b3e930
40dce23e
40db2020
40dca77e
4112231c
410e4a3b
40cc7b8a
40ff2096
40f7d5f0
41095264
40d149e6
40f39c46
40f3c1fe
407b9c31
4074435f
410317ad
40fc5b20
410f8187
412dfa2d
4123d97f
411c38fe
411abca3
40f252a6
41015e44
4118505a
411d7215
411e1bd3
40ef2fac
40f882c4
406488cb
403dd2ff
4100eea5
40deebe4
41311b9b
410774dd
412221d1
41144fe3
40f0e61c
41175f9a
4107b345
4123d0d2
412c4de5
4125232c
41201fb9
40b8088a
406297c5
4079d2b7
41095f2f
4117fe8a
4124a0b5
4120d2ad
4119e42e
411b2d12
41225ee5
4122aa62
41158f34
411974cb
41215be6
413acc56
410d2147
40bc66f4
3fd1389e
404e2e05
40d856fc
4106c7b6
410887b4
410d62e7
41020ee0
410e5553
412ada62
410a53de
40a5520c
40b7f136
40fa2140
4122ff38
411e9c15
40be7876
405d386f
405a6285
40906bdc
41050c7a
40f8a61c
4109d7c9
4133cf0b
41216576
411ce5a8
40da5d9e
40de34ee
4108d38c
4116ddf3
4131be7a
41116044
40c95248
4019f117
406546af
40c79ff8
410f6dec
4109687b
40cda578
412bc848
40f591a0
4109c8b8
40d9cb56
4118f441
40f6bf10
4128128e
412f9f67
411c805a
41153bf2
406fac7d
406975bd
40fa6f72
41099bbc
41316611
41064879
411af038
41137625
4126ab3a
40f9cfd0
411dc865
41243ca6
4137395d
41402e02
4117c3c8
4108c3f8
406d649f
4071b01b
410b2d3c
40e13aee
411db36a
410ee758
41060736
41173a33
4130512e
4143678d
412b35eb
411f4697
412ef4dd
410be3d1
411c6080
40d2127a
403713a3
406cfba3
4105f91e
41355f2d
4128b8a0
41161bd3
40ed7818
410834a0
41170fe7
411fbdba
41438681
411ea13e
410e45e1
410c0445
4110cdd9
40f14f0a
408b41d2
40a51046
40da0f1e
41269c74
40fe64f8
40fbd416
40d85a4a
410e364c
412aa14a
41230dea
41431d1b
410262ae
410424e7
40e4127c
40fdde62
410c6c28
4095ff24
40ae45fe
40f733d8
41051971
410fb60f
4107f6f6
40b74af4
40f18460
4118a161
4146f044
41395acb
41082c85
410767e1
40fee304
411215f0
4115577b
40b87e74
408c1060
40a976ce
40a80cb0
40c61de4
410a6b66
40c9f29e
40fa5ce8
4126621f
413ac161
4127dc76
410437c7
40ea20d6
40fc980e
410f3aec
40bef5ca
409fcbba
40597e51
4099dc5c
4106641d
40fa4f78
41127361
40fcdda4
4105cb34
4128df0e
4122ee00
41154277
40d210fa
40bf6e22
40d5643a
41022248
4096cb48
404a9573
3f7561e8
4075e50f
409c8dc2
409acf60
409c0d44
409c4bc6
40a9e6ae
4094c950
40af9944
40a1664a
405759e1
403c607b
40460557
405cb125
404fbbf9
4026eda9
00000000
40b3db70
41245d74
4157ee00
413c1205
40cbe8e6
40844900
3f9e94d4
409457d8
40979a6a
408751e0
40696ab5
40122e15
4020d0cf
4081b28a
403e66d5
00000000
404f9d77
4117916a
4132a1d8
411e72b3
41286820
4109c4ce
40f2911c
410fac76
40a1410e
4067d3a5
407de3c7
40da0472
40f31124
40bb0222
40cb2960
402b0c03
41281b2b
410cc585
41584136
4182ba96
41738284
41660490
40dbe5aa
41297d22
40bb6d62
408e3bf4
40070bc1
4119d724
413d2abc
41351007
40ccd896
3e8fde60
00000000
3f2d98f8
40d2389a
412c8616
415b6af8
415656bd
41436165
41732dfc
4130df40
41114ce0
403116b5
411c9489
41482162
414b0d69
412ce626
00000000
00000000
00000000
3fd58fbe
411876a7
414ef19b
4155385a
41024fc3
414f2171
4126f541
41735ac2
40b17ad6
408dc5f6
4140423d
41643e6a
40eccacc
00000000
3ffaf516
00000000
4085a9d8
4120d9f8
41145c95
417fbfa8
40e878e2
41641aba
4144c873
412398bb
40b26a70
4065f77f
4175fd6c
4144aec9
4112313f
00000000
3f41babc
3ff75abe
40984eda
4141d1a1
41106d39
41260a6a
4085e0a8
40e74cc6
40e29116
409c1a2e
40e87bf8
4149ed5d
415c639e
410dfc99
4110f19a
3eab5638
408a3b6a
409497fc
4100dbda
41458118
409dea28
40a3f5a4
40346c4f
3f411074
404fb4f5
4125b7f1
4156f277
41b3f0f1
4190e57d
41302e5c
415d7bce
40bceb5a
4118fc32
41021540
4142fe95
4101b45a
40ed776a
3edbb330
3f7720ac
400b16b9
403a5ddf
41449031
41041ab2
41740e3c
41353722
4121460d
40ec0f2a
409cc01c
40b06c48
40bb5820
40bd04ca
411e3edc
4125ff30
40905390
00000000
40a4f2e0
40ab7eac
4175aa7a
41453d8b
41574c61
41565c60
4140289c
411a4524
4083b2ee
40e363f8
410bd2a2
4110298f
4145e2a6
413a86e1
410ebeea
40f76d96
41741f30
41319692
4119079d
404e476b
3fc13858
41522133
4189c010
4192b42c
409333be
4107edf8
40b6d7f6
3ff31572
416469f8
412a3822
410d37ec
416a0672
41ae8376
41bd128a
41668df2
412b2fc6
4085ef60
412cf63b
418561b7
41993f05
4095b7f0
415df110
4163a974
415f24ba
4159eb9e
4136cda3
40d9b5c4
41592a28
413c3ff3
418a91a5
41085738
40bf3e48
400820a5
4131bd9d
413229f6
4139f7e8
40e2a092
418bec6f
41811090
414f40aa
4115af4c
414d534f
413d8683
419a19a5
4155d2fb
4167a832
407dbc5f
00000000
3faeaede
3fe50762
40ccfe48
40a17b34
40afaeb8
4176c934
41468d04
416856fe
41246485
40e991c8
40549033
40c75094
4034ae51
4026288f
409c7676
3f7e6ca0
3febd582
40f8b87a
40b4d54a
3fe691a6
408f245c
40f22d9a
409784b4
3fdc1c06
4041e1cb
3f4dfb68
40afa60e
40b248aa
00000000
00000000
3f728518
00000000
00000000
40060ded
3f96fa9a
3fef96f2
00000000
00000000
00000000
00000000
00000000
00000000
00000000
00000000
00000000
00000000
00000000
00000000
00000000
00000000
00000000
00000000
00000000
00000000
00000000
00000000
00000000
00000000
00000000
00000000
00000000
00000000
00000000
00000000
00000000
00000000
00000000
00000000
00000000
00000000
00000000
00000000
00000000
00000000
00000000
00000000
00000000
00000000
00000000
00000000
00000000
00000000
00000000
00000000
00000000
00000000
3f8892b2
00000000
00000000
00000000
00000000
00000000
00000000
00000000
00000000
00000000
00000000
00000000
00000000
00000000
00000000
00000000
00000000
00000000
00000000
00000000
00000000
00000000
00000000
00000000
00000000
00000000
00000000
00000000
3fba721f
00000000
00000000
00000000
00000000
00000000
00000000
00000000
00000000
00000000
00000000
00000000
00000000
00000000
00000000
00000000
4037ccc2
00000000
00000000
00000000
00000000
00000000
00000000
00000000
00000000
00000000
00000000
00000000
00000000
00000000
00000000
00000000
00000000
3fc87dc1
00000000
3ea5e46f
00000000
00000000
00000000
00000000
00000000
00000000
3feb58e5
00000000
00000000
00000000
00000000
00000000
00000000
00000000
00000000
00000000
00000000
00000000
00000000
00000000
00000000
00000000
00000000
00000000
00000000
00000000
00000000
00000000
00000000
00000000
00000000
00000000
00000000
00000000
00000000
00000000
00000000
00000000
00000000
00000000
00000000
00000000
00000000
00000000
00000000
00000000
00000000
00000000
00000000
00000000
00000000
00000000
00000000
00000000
00000000
00000000
00000000
00000000
00000000
00000000
00000000
00000000
00000000
00000000
00000000
3f1fe069
00000000
00000000
00000000
00000000
00000000
00000000
00000000
00000000
00000000
00000000
00000000
00000000
00000000
00000000
00000000
00000000
00000000
00000000
00000000
00000000
00000000
00000000
00000000
00000000
00000000
00000000
00000000
00000000
00000000
00000000
00000000
00000000
00000000
00000000
00000000
00000000
00000000
00000000
00000000
00000000
4004f49b
00000000
00000000
00000000
00000000
00000000
00000000
00000000
00000000
00000000
00000000
00000000
00000000
00000000
406dba56
408f1184
3f91d7f5
00000000
40740fa3
00000000
00000000
00000000
00000000
00000000
00000000
00000000
00000000
00000000
00000000
00000000
3fdba7d8
402b361f
00000000
00000000
409c3107
3f678de4
00000000
00000000
00000000
00000000
00000000
00000000
00000000
00000000
00000000
00000000
00000000
00000000
00000000
00000000
00000000
00000000
00000000
00000000
00000000
00000000
00000000
00000000
00000000
00000000
00000000
00000000
00000000
00000000
00000000
00000000
00000000
00000000
00000000
00000000
00000000
00000000
00000000
00000000
00000000
00000000
00000000
00000000
00000000
00000000
00000000
00000000
00000000
00000000
00000000
00000000
00000000
00000000
00000000
00000000
00000000
00000000
00000000
00000000
00000000
00000000
00000000
00000000
00000000
00000000
00000000
00000000
00000000
00000000
00000000
00000000
00000000
00000000
00000000
00000000
00000000
00000000
00000000
00000000
3e62261b
00000000
00000000
00000000
00000000
00000000
00000000
00000000
00000000
00000000
00000000
00000000
00000000
00000000
00000000
00000000
4029fd9a
00000000
00000000
3e894d6b
00000000
00000000
00000000
00000000
00000000
00000000
00000000
00000000
00000000
00000000
00000000
00000000
3fd5cbb9
00000000
3eaeda62
00000000
00000000
00000000
00000000
00000000
00000000
00000000
3f935db9
3c5f5460
00000000
00000000
00000000
00000000
3d3d3e78
00000000
00000000
00000000
00000000
00000000
00000000
00000000
00000000
00000000
00000000
00000000
00000000
00000000
00000000
00000000
00000000
00000000
00000000
00000000
00000000
00000000
00000000
00000000
00000000
00000000
00000000
00000000
00000000
00000000
00000000
00000000
00000000
00000000
00000000
00000000
00000000
00000000
00000000
00000000
00000000
00000000
00000000
00000000
00000000
00000000
00000000
00000000
00000000
00000000
00000000
00000000
00000000
3fdf12e3
00000000
00000000
00000000
00000000
00000000
00000000
00000000
00000000
00000000
00000000
00000000
00000000
00000000
00000000
00000000
00000000
00000000
00000000
00000000
00000000
00000000
00000000
00000000
00000000
00000000
00000000
00000000
00000000
00000000
00000000
00000000
00000000
00000000
00000000
00000000
00000000
00000000
00000000
00000000
00000000
3fabd533
00000000
00000000
00000000
3f16364e
00000000
00000000
00000000
00000000
00000000
00000000
00000000
00000000
00000000
4090f7ea
4065bcae
407083d7
00000000
4031a8ab
00000000
00000000
00000000
00000000
00000000
00000000
00000000
00000000
00000000
00000000
00000000
3f83d273
3fb87380
00000000
00000000
3f8d95dc
00000000
00000000
00000000
00000000
00000000
00000000
00000000
00000000
00000000
00000000
00000000
00000000
00000000
00000000
00000000
00000000
00000000
00000000
00000000
00000000
00000000
00000000
00000000
00000000
00000000
00000000
00000000
00000000
00000000
00000000
00000000
00000000
00000000
00000000
00000000
00000000
00000000
00000000
00000000
00000000
00000000
00000000
00000000
00000000
00000000
00000000
00000000
3e1f29a0
00000000
00000000
00000000
00000000
401fa91c
00000000
00000000
00000000
00000000
00000000
00000000
00000000
00000000
00000000
3fcb6583
40ae2097
00000000
00000000
00000000
00000000
00000000
00000000
00000000
00000000
00000000
00000000
00000000
00000000
00000000
00000000
3fd69fe5
4083a077
402413e6
00000000
00000000
00000000
00000000
00000000
00000000
00000000
00000000
00000000
00000000
00000000
00000000
00000000
00000000
409c083c
3ff4d9f7
00000000
00000000
00000000
00000000
00000000
00000000
00000000
00000000
00000000
3f8c93f3
00000000
00000000
00000000
00000000
40a7bfee
409a7d3d
3ea5a470
3fe0dbe7
401d8cdc
00000000
00000000
00000000
00000000
00000000
00000000
00000000
00000000
00000000
00000000
00000000
40359fd2
40b81ce9
3f2ccd1e
00000000
00000000
00000000
00000000
00000000
00000000
00000000
00000000
00000000
00000000
00000000
00000000
00000000
00000000
00000000
00000000
00000000
00000000
00000000
00000000
00000000
00000000
00000000
00000000
00000000
00000000
00000000
00000000
00000000
00000000
00000000
00000000
00000000
00000000
00000000
00000000
00000000
00000000
00000000
00000000
00000000
00000000
00000000
00000000
00000000
00000000
00000000
00000000
00000000
00000000
00000000
00000000
00000000
00000000
00000000
00000000
00000000
00000000
00000000
00000000
00000000
00000000
00000000
00000000
00000000
3ebba574
3f3c5a42
00000000
00000000
00000000
00000000
00000000
00000000
00000000
00000000
00000000
00000000
00000000
00000000
3f010f9a
40ae077d
40eff7be
40b04e2c
00000000
00000000
00000000
00000000
00000000
00000000
00000000
00000000
00000000
00000000
00000000
00000000
4037cd44
40dff518
409ed8a0
3fce632f
00000000
00000000
00000000
00000000
00000000
00000000
4082495b
405bc8d2
408460b1
404784a6
402868c0
00000000
3f98cf35
3e6f02e0
00000000
00000000
00000000
00000000
00000000
00000000
00000000
00000000
3fb01809
405038a2
3ea298e4
00000000
3f1da3be
3f0a38c0
00000000
406ed497
410654bd
413f3616
41000518
40ca954c
40589cbd
40037463
40a33cfa
409d0c24
406691db
4038d4cd
40175487
4019bfd7
402b5305
4006a3c3
3f85c94a
403d76df
4137e015
414c1825
4155eff9
41198533
40b74aaa
40cdc7ce
410804ed
40e17880
40c043a0
408310d2
40ea7d2c
40f553c0
410bdb65
407fa7c9
4076aca7
4101385c
410b12fe
4153aa5b
4197e498
418899ec
41522b13
40f72096
41156032
40c00e4c
40aefeda
403c9c49
411aa539
412dc964
410c8d25
40be212e
3f189c30
3edb44a8
3fc918b6
4126bbc1
41196e0f
415d92ec
4135b65e
4160796a
417646f8
4150b9e7
41295539
40e505c8
4134e277
41452d25
41478107
41178a82
00000000
3f4e377c
00000000
40823efe
41503110
410d96e5
415eaa6c
410c7508
418804cd
414aee61
41708048
41000934
408b0ea2
413bf1ec
4129b0ff
40b5507a
3c959b00
3e3b8310
00000000
40b9c2b0
412a9780
4174738c
418576af
41491424
418c4167
418601bb
417a4ad0
40c1a2c6
40afb308
413da856
41027f28
40e5a448
00000000
00000000
3fd7b4c6
40d1c2fe
41465d96
41414957
41344066
3fe95a1a
410f4096
40f7aede
40e717ac
409389a4
41300abe
414626f9
40890de4
40c0fed2
3fb3d6c0
405c4529
40a13aa2
411b096e
416a44cc
40e522ca
408f1dca
4011b6dd
40089e59
401e838b
4110c3bf
417531c6
419035ed
41a9d160
412b82d1
41085627
40d29104
4106921f
40ec904e
413035ae
4125e108
4115c713
4096a062
40375879
4066083f
3fe223ac
41643abc
4104483e
4195dcb1
4169862e
413a72f2
41316ee3
40abf6a2
40a35948
410740a3
411337f6
40fe7b4a
412afb74
4086671e
3f37254c
40bd57e0
4114120a
415df550
41516080
4165b770
41550b49
41387773
4132f473
409bb600
40e8d726
40d2aa92
412d1920
40ec93fa
4183b0b4
411d3e44
411999d2
41905091
41827f09
412ded5c
40a14414
4049af2f
413cb292
417017a2
4155f90c
40b0fc50
4104cac2
406ee36b
4025ccc9
416c14ca
413990d5
410e3a49
41898b52
41c4fe46
41cd7ae4
416fcfca
412ff2d0
40afa53c
41576289
41a2c73e
419cbde1
40d09cd0
41414b8d
4137cad6
416d0654
41886c20
410131af
410d0c75
4195d56f
416ffcae
4176ec00
411eb0ec
40fdcb4e
405049df
41195211
4187b965
41765964
40f47222
415bf623
418598b0
41479304
4136b911
4160291e
4168185e
419f7fd4
417862f4
4187ac2f
4098e640
00000000
3f518f04
40a71bd8
408ad61e
4081eec2
40a1329e
41816377
419489ae
415f8510
413179c9
410320b1
40cc56a0
40e4ba02
4066b39b
3f48ee7c
3fd170ee
00000000
3fd51350
4085b9b2
406aa8bf
3fea455a
40c413e8
41101e00
40baf870
404eefdb
40ad5884
40bae018
40c3c290
4104aab7
3f34f828
3ec7d320
407d0de5
00000000
40104c5d
40a3819e
402924e1
3ed90028
4014ebaf
408732ac
40ad4ec2
40bc348c
40d21642
40cb4abe
40f87b30
40a8838e
40bd5bbe
40acf636
40a0d662
408f0740
408151a6
409d8274
409b3ac2
40633f31
406ea6ef
40dbdf3c
409c92d4
40dd101a
40bd9284
40d6ddaa
410a1660
40faa1b6
40f94f14
40d9860c
40c7b452
40f700bc
40deec68
40f0d9a6
40f30692
40541913
404a80a5
40c575f2
40fa2d8e
41215b7e
4120aee4
41229eb3
411ba22e
411a2c5c
4107c47d
40fab260
4122e5ab
41111f70
410af847
40de0c7e
40df22a4
403e80dd
40532dc7
40f10ac2
40f2dfb4
411f9914
410bad87
41167ebc
412993a6
410b1ac5
41105ebc
40e23ffc
411d179c
41239be2
41312f33
41078171
4102d1dd
4080b47a
405f36b9
40ec1488
4108c519
411bbf30
41161516
41114036
41074f42
41248481
411afed0
41137cfe
411f3b01
410bf743
410b2e15
40edb216
40989dbe
402083b1
401493c9
40b77298
40edab38
40f14a20
410695ff
40fa902c
40dd16ee
410c0de8
40f5a2f2
40ed2298
40c6b1d0
410055ec
410ed11e
4117cc9d
40b8d954
3faf3cc0
4033f923
40b2ae28
40e5f172
40f5a864
40f534d2
4118c4ae
410be529
411cc825
40f60be2
40b17fec
40e4bf92
4101f3fd
41350886
4113c4d9
40e3b4e0
402ba391
4059fdf3
40c590bc
40ec445e
410882c9
40d7fa96
4125d63e
40fcb516
40dcf084
40bb4446
40fa893a
410590ee
412e6437
413b2a14
411a2ff8
40ddc52e
403060c9
4065afef
40f0cfe0
41061f32
4122abfb
41004bc2
412973df
411d4f84
411fa3e7
4115f920
4127dcbd
4130c90e
413e2c55
412ec28c
40e65eb6
40dd7ed0
404e52d3
4081d6f6
40dd09fe
40f5b1c8
40f89660
410f0f7a
40f3220a
411de798
410bb20e
4155b0c2
412c8889
41322bb3
4134b5f7
40f42f02
4109a333
40ae76fa
401bca7d
409da704
40e4a62e
41194bf4
4115c107
4130a4c5
40ef650e
40e80cc4
410866c8
410f5922
41285add
411a5738
4115ecd5
40fddaa4
41156d0d
410332e3
408b2aae
40c3bcb8
40f2de76
41126953
40fd4a02
40e27544
40d94ebe
40de1f02
412856e5
41111f85
413d4470
40ff57e6
40e32bb0
40e1bfa8
4102b3fd
4109ce66
409f2cb8
40a4ffa0
40cfb1e4
4105894c
410ff980
40ef054e
40cf2b5a
40f604ec
4117c169
415ab060
412a7c5c
410e7372
40f21dac
40d2172e
410b67d0
411ba451
40c14226
4091c35c
40ca319e
40920ba4
40de4f0e
410ac534
40de25a8
40e7b60a
41164ce8
414b3736
40f56b42
4104d85c
40dc69e6
40d94990
40ddf94a
40b9a54c
405a590d
4088e6fc
409ed322
40dc72d0
40fb2478
410726d1
40eba23a
41047a71
411b21a0
41198e7d
41035e2a
40ca649c
40a96c30
40a56650
40e46e46
40e56124
40817816
3f474c04
4024ecab
4082a764
4094af72
409ec6da
4097d6dc
40a8f164
40950088
40a94622
40b7908c
408925dc
4085eec4
406dac97
4095f9b6
4069afd1
3f912012
00000000
00000000
3f4b5578
00000000
00000000
00000000
00000000
00000000
00000000
00000000
00000000
3e0efbf0
00000000
00000000
00000000
00000000
00000000
00000000
00000000
40800b4a
3fa10b74
00000000
00000000
00000000
00000000
00000000
00000000
00000000
00000000
00000000
3df63c90
00000000
400a8d61
00000000
3f8f3c4e
00000000
00000000
00000000
00000000
00000000
00000000
00000000
00000000
00000000
00000000
00000000
3e993bd0
00000000
00000000
00000000
00000000
00000000
401061d7
00000000
3f5c3694
00000000
00000000
00000000
00000000
00000000
3f11f692
40bc12cf
40f7d784
3fc467c6
00000000
00000000
00000000
00000000
00000000
00000000
3ea1f7f8
3fa1b00c
00000000
00000000
00000000
00000000
00000000
408a48aa
40fd48f2
404b8d62
00000000
00000000
00000000
00000000
3fbed570
00000000
3f2a9b26
3e87895c
3fd03354
4046cdb6
00000000
00000000
00000000
4062c164
410d2da2
40890bfa
00000000
00000000
00000000
00000000
3f2bf2fe
00000000
00000000
00000000
00000000
00000000
00000000
00000000
00000000
00000000
409ca42a
40977657
3f44bc48
3ed2e900
3dbdc270
00000000
00000000
00000000
00000000
00000000
00000000
00000000
00000000
00000000
00000000
00000000
40a59c74
40baf84e
3f642078
00000000
40036cbd
00000000
00000000
00000000
00000000
00000000
00000000
00000000
00000000
00000000
00000000
00000000
3ffed6c0
3fd1d638
00000000
00000000
00000000
00000000
3fee8c5c
00000000
00000000
00000000
00000000
00000000
00000000
00000000
00000000
00000000
4029cadf
3fc6dbe8
00000000
00000000
00000000
00000000
3f894610
00000000
00000000
00000000
00000000
00000000
00000000
00000000
00000000
3b521600
00000000
00000000
00000000
00000000
00000000
40022b2b
401c3508
3fc0f3f6
00000000
00000000
00000000
00000000
00000000
00000000
00000000
402cf037
40c51a50
3fd35bd2
00000000
4008c9c9
3fcbf9cc
408063f1
00000000
00000000
00000000
00000000
00000000
00000000
00000000
00000000
00000000
00000000
40279302
00000000
403f21f0
41353885
40f77c36
40a75bc4
00000000
00000000
00000000
00000000
00000000
00000000
00000000
00000000
00000000
00000000
3f6d2260
3df6f790
40cc799e
40e5176a
40bf4608
3f2c6a78
3fbd017e
00000000
00000000
00000000
00000000
00000000
403f0bd0
402cdd23
408012fb
00000000
3f1f755a
00000000
3fe3a15e
400e9acb
00000000
00000000
00000000
00000000
00000000
00000000
00000000
3fd86942
3f4c86cc
4041f27e
3fdd30fc
3fa8275e
407c0338
3e0884f8
00000000
00000000
00000000
00000000
00000000
00000000
00000000
00000000
00000000
00000000
00000000
00000000
00000000
00000000
00000000
00000000
00000000
00000000
00000000
00000000
00000000
00000000
00000000
00000000
00000000
00000000
00000000
00000000
00000000
00000000
00000000
00000000
00000000
00000000
00000000
00000000
00000000
00000000
00000000
00000000
00000000
00000000
00000000
00000000
00000000
00000000
00000000
00000000
00000000
00000000
3ede5782
00000000
00000000
00000000
00000000
00000000
00000000
00000000
00000000
00000000
00000000
00000000
00000000
00000000
00000000
00000000
00000000
00000000
00000000
00000000
00000000
00000000
00000000
00000000
00000000
00000000
00000000
00000000
401c0d5f
00000000
00000000
00000000
00000000
00000000
00000000
00000000
00000000
00000000
00000000
00000000
00000000
00000000
00000000
00000000
3ea01c54
00000000
00000000
3f20023d
00000000
00000000
00000000
00000000
00000000
00000000
00000000
00000000
00000000
00000000
00000000
00000000
00000000
401c812d
00000000
3f0aa13f
3fc0fdba
00000000
00000000
00000000
00000000
00000000
3f47059b
00000000
00000000
00000000
00000000
00000000
00000000
00000000
00000000
00000000
00000000
00000000
00000000
00000000
00000000
00000000
00000000
00000000
00000000
00000000
00000000
00000000
00000000
00000000
00000000
00000000
00000000
00000000
00000000
00000000
00000000
00000000
00000000
00000000
00000000
00000000
00000000
00000000
00000000
00000000
00000000
00000000
00000000
00000000
00000000
00000000
00000000
00000000
00000000
00000000
00000000
00000000
00000000
00000000
00000000
00000000
00000000
00000000
00000000
00000000
00000000
00000000
00000000
00000000
00000000
00000000
00000000
00000000
00000000
00000000
00000000
00000000
00000000
00000000
00000000
00000000
00000000
00000000
00000000
00000000
00000000
00000000
00000000
00000000
00000000
00000000
00000000
00000000
00000000
00000000
00000000
00000000
00000000
00000000
00000000
00000000
00000000
00000000
00000000
00000000
00000000
00000000
00000000
00000000
00000000
00000000
00000000
00000000
00000000
00000000
00000000
00000000
00000000
00000000
402eb621
40846921
3fb26ee0
00000000
403ff8a3
00000000
00000000
00000000
00000000
00000000
00000000
00000000
00000000
00000000
00000000
00000000
3e886e4a
3f61ccd2
00000000
00000000
4079fc7d
3f5b8730
