3f935842
3f52d0d5
3ff8cb6c
3f806614
3f5ee19c
00000000
00000000
00000000
00000000
00000000
00000000
3ef32a80
3fe9dc93
3f463524
3e9be20c
3f123b5d
40843f57
3f9cafd4
00000000
00000000
400fb110
00000000
00000000
00000000
3e01e760
3f17c1a7
00000000
00000000
3fac974b
405134dc
3f11e4cc
40447c22
40641298
00000000
00000000
00000000
00000000
3e276538
3f7bd40e
00000000
402fde57
00000000
3f1bf638
3f3e6fbd
00000000
3f0d1c85
00000000
00000000
00000000
00000000
00000000
00000000
3dd66f80
3f0f87ef
00000000
00000000
00000000
3f230192
00000000
00000000
00000000
00000000
00000000
00000000
403e3764
00000000
00000000
3fb9acd0
00000000
00000000
00000000
00000000
00000000
00000000
00000000
00000000
3f86fe98
00000000
00000000
3f372688
00000000
00000000
00000000
00000000
00000000
00000000
00000000
00000000
3fabee9e
00000000
00000000
00000000
3f3356bc
402d4927
00000000
00000000
00000000
00000000
4008c092
3ebcd288
00000000
4006801f
00000000
00000000
00000000
40231e96
00000000
00000000
00000000
00000000
00000000
3f9f0e64
00000000
00000000
3f0eb7fb
00000000
00000000
00000000
00000000
00000000
00000000
3fa55c38
00000000
00000000
00000000
00000000
00000000
00000000
00000000
00000000
00000000
00000000
00000000
4007fade
00000000
3fc7e866
00000000
406cc654
00000000
4019669e
401846a4
00000000
40007c1c
00000000
00000000
3f444c33
00000000
00000000
00000000
00000000
00000000
00000000
00000000
3fb7dc82
00000000
3fff6698
00000000
00000000
00000000
00000000
3f0a3d47
00000000
3f9495e8
3f1f4e04
40045d18
3f016009
00000000
00000000
3f4b6d72
3edbf2fc
00000000
00000000
00000000
3fcb8b4f
3f0e326d
00000000
00000000
3e1bbcc0
3f152232
3f43c036
3f750c42
00000000
00000000
00000000
00000000
00000000
3ef88eb4
00000000
00000000
00000000
00000000
00000000
00000000
00000000
40323110
3d312f00
00000000
00000000
00000000
00000000
00000000
00000000
00000000
3fde838a
00000000
00000000
3e6de110
00000000
00000000
00000000
00000000
00000000
00000000
00000000
00000000
00000000
00000000
00000000
00000000
00000000
00000000
00000000
3ece32a4
3f269e64
00000000
3fa5eabe
40191476
00000000
00000000
00000000
00000000
00000000
3ff0c994
00000000
00000000
00000000
00000000
3f91aa45
3eb555f8
3f467a04
00000000
3f6aef12
00000000
00000000
00000000
00000000
00000000
3f9f78a3
00000000
00000000
3f9412d2
00000000
00000000
00000000
00000000
00000000
3e981708
00000000
00000000
00000000
00000000
405d39aa
00000000
00000000
00000000
3f9c346e
00000000
00000000
00000000
3e3e9c18
00000000
00000000
00000000
3fc5dc8b
00000000
00000000
00000000
00000000
3f8b2dee
00000000
00000000
00000000
00000000
3e3b9008
00000000
00000000
00000000
00000000
00000000
3e798fd0
00000000
00000000
00000000
3fa61c5d
00000000
3fb01f6d
00000000
404445db
3f0dca04
404ee3a0
386f0000
00000000
00000000
00000000
00000000
00000000
00000000
00000000
3db4bd90
00000000
00000000
00000000
3fbd7859
00000000
00000000
3f864c5a
00000000
00000000
00000000
3e88c3ec
00000000
00000000
00000000
00000000
00000000
00000000
00000000
3fada529
3f9d66c9
00000000
4021177a
00000000
00000000
3e410f20
00000000
00000000
00000000
4016e283
3fe7acf6
3f5ca429
00000000
00000000
3eac4aa8
3f23b49a
40313470
00000000
00000000
3f0b1c6d
00000000
3fa6b72a
00000000
00000000
00000000
00000000
00000000
00000000
00000000
00000000
00000000
00000000
3c55c800
00000000
3f9af0f2
00000000
00000000
40244e2c
00000000
00000000
00000000
00000000
3fa59a79
00000000
00000000
00000000
00000000
403ae65d
00000000
00000000
3fe1036a
00000000
00000000
00000000
4003b44a
00000000
00000000
400ddee4
3f0bd123
3fb8c5cf
3fad89da
00000000
00000000
00000000
00000000
00000000
00000000
00000000
00000000
00000000
40135554
00000000
00000000
00000000
00000000
00000000
00000000
3f701806
00000000
00000000
00000000
00000000
00000000
00000000
00000000
3de827f0
00000000
3fa11b0f
3fc437d8
00000000
00000000
00000000
00000000
3f33bda8
00000000
00000000
3f240ee6
3d9a2000
00000000
00000000
3f906b4c
3fe39b4b
3ef3fa20
00000000
00000000
00000000
00000000
3fcdba3a
3efc580e
40214f19
00000000
00000000
00000000
00000000
00000000
00000000
4004d5fb
00000000
4004142d
00000000
408ec906
4035c526
00000000
3e948308
3eeb37ce
00000000
00000000
400af663
00000000
00000000
00000000
3f5df339
00000000
3f3cde12
3f8e7bf6
00000000
00000000
00000000
3ea6f994
00000000
3f5da2f9
3feca0ae
3f1ef6ae
403e6986
00000000
00000000
3f28788e
00000000
3f28adbd
00000000
00000000
00000000
3fdc557b
00000000
00000000
00000000
00000000
3f2c8e69
00000000
00000000
00000000
3f231309
00000000
00000000
00000000
00000000
00000000
00000000
00000000
3e95e830
00000000
00000000
3f0a3471
00000000
3f27af08
3eba1d64
00000000
00000000
3fee3884
00000000
00000000
3f9ca05b
00000000
00000000
00000000
00000000
00000000
00000000
3e0ee058
00000000
4015861e
3f9ce46d
00000000
00000000
00000000
00000000
00000000
00000000
00000000
00000000
3f6083ac
00000000
3fbc752e
00000000
3f8b0516
00000000
3f88ddb8
00000000
00000000
00000000
3ecef45a
00000000
00000000
00000000
00000000
40beac62
00000000
00000000
00000000
3f348879
00000000
00000000
3fa5a386
00000000
00000000
3f55fced
00000000
00000000
00000000
4010d4bc
4049afb9
3e8afed4
3e4fcc78
00000000
00000000
3eee9904
3f5b9048
00000000
3f91604d
00000000
00000000
00000000
3f6f0b13
00000000
00000000
00000000
3f1ff2b4
00000000
00000000
00000000
3fb9ef6e
00000000
00000000
00000000
00000000
00000000
00000000
00000000
00000000
00000000
3f8b524c
00000000
00000000
00000000
00000000
00000000
00000000
4069d30e
00000000
00000000
00000000
00000000
00000000
4000f92e
00000000
00000000
00000000
4009f530
00000000
00000000
00000000
3f806b1e
4066d2b8
00000000
00000000
00000000
00000000
00000000
00000000
3e90c8b4
3f69e158
00000000
00000000
00000000
00000000
3f904ebb
00000000
00000000
00000000
4025dbee
00000000
00000000
3f7f765e
00000000
3ffe24ba
00000000
00000000
00000000
3fbab5ef
00000000
00000000
00000000
3fc41d6a
3f6e5beb
00000000
3f182c95
00000000
3f4cdc8c
00000000
4035c4c6
00000000
00000000
00000000
40421d80
00000000
00000000
00000000
00000000
3e8312b4
00000000
00000000
00000000
00000000
3fdc4bb1
00000000
3c693680
00000000
00000000
3f049b33
00000000
40344b69
00000000
40164fd0
00000000
3fce20a2
00000000
00000000
00000000
00000000
3ecb8eec
00000000
4022ed62
00000000
00000000
00000000
00000000
00000000
00000000
00000000
00000000
00000000
3f24bf22
00000000
00000000
00000000
00000000
00000000
00000000
00000000
3f79f868
3f13b66c
00000000
3f9123aa
00000000
00000000
00000000
3f68e7c2
00000000
00000000
00000000
00000000
00000000
00000000
00000000
00000000
3f2f603d
00000000
3eea203c
00000000
3ff50c94
3f21cf4f
3f8c1c5c
00000000
402a93fa
00000000
3ea5d6b0
3f676cee
00000000
00000000
00000000
00000000
3fa9e6fb
3e2c0168
00000000
3ff4192e
3fae9b4c
00000000
00000000
3ffab5b8
00000000
00000000
3f5f2776
00000000
00000000
00000000
00000000
3ee72e32
3f1f025a
00000000
00000000
00000000
3fac94fe
3f43ef67
00000000
00000000
00000000
00000000
00000000
00000000
3dc9d510
00000000
00000000
00000000
40562828
00000000
00000000
00000000
00000000
00000000
00000000
40056f44
3eb4a0b8
00000000
3f97532f
3fc6797b
00000000
00000000
4009de85
00000000
3f0a419f
00000000
00000000
00000000
3da58790
00000000
3f936094
00000000
00000000
00000000
00000000
00000000
3faf400d
00000000
00000000
3e9f9cf0
00000000
00000000
3fc9d4ec
00000000
00000000
4069170e
00000000
00000000
00000000
00000000
3efe29b2
00000000
00000000
00000000
00000000
3e2491d8
00000000
3fc75e4c
00000000
00000000
00000000
00000000
00000000
00000000
00000000
3f6f88ad
00000000
403833f2
00000000
3fa3fffc
3f86a944
00000000
00000000
401133b8
00000000
00000000
00000000
3eb8b950
00000000
00000000
3f10e2bd
3f07a0d0
00000000
00000000
3fbd6a9c
00000000
00000000
00000000
00000000
00000000
00000000
00000000
3fe6ea3c
403439ea
00000000
00000000
00000000
00000000
3fdb4530
00000000
3c843440
00000000
00000000
00000000
00000000
00000000
00000000
3eba4d18
00000000
3fd71131
00000000
00000000
3f7b0eee
00000000
3f14c6b5
3f4735c5
00000000
00000000
00000000
00000000
3ea823d4
00000000
00000000
4039bd8c
00000000
00000000
00000000
3e951a94
00000000
3e0f98a8
3ecca488
00000000
3f574e09
3fa8c85a
3f7115be
00000000
00000000
00000000
3f434d79
00000000
3fa876a1
00000000
00000000
405b8d82
00000000
00000000
3fd9351e
00000000
3fed28d8
3e8a35ec
00000000
00000000
3f255a0a
00000000
00000000
00000000
00000000
4024ef10
00000000
00000000
3f69d195
00000000
3ea9dee8
3ffd5435
00000000
00000000
00000000
00000000
00000000
407e6b2c
00000000
00000000
00000000
00000000
00000000
3f55af2f
00000000
3f9543a6
00000000
00000000
00000000
00000000
4055b1fd
00000000
4007ba61
3ec171b8
00000000
00000000
40326da8
3fe3ee20
00000000
3eb52ba0
00000000
00000000
00000000
00000000
00000000
00000000
3f088a75
00000000
3faa45cf
3ec8dd64
00000000
00000000
00000000
00000000
400e95c5
00000000
00000000
00000000
3ec2663c
00000000
00000000
00000000
00000000
00000000
00000000
3ec82458
00000000
3b711400
00000000
00000000
00000000
00000000
00000000
00000000
00000000
00000000
3e049fe0
00000000
00000000
00000000
4092349e
00000000
00000000
3f0a5e29
00000000
00000000
4029d900
00000000
00000000
00000000
00000000
00000000
3eeba318
3f0c7919
00000000
3fce8252
00000000
00000000
00000000
00000000
00000000
00000000
00000000
00000000
3f5293cf
401c7156
3f9f913d
00000000
00000000
00000000
4049d12e
00000000
3f0fb44b
00000000
00000000
00000000
00000000
00000000
00000000
4056cea2
41006bb9
40ccdc5f
406e9b63
00000000
408d5e2d
411505e9
4046b8e2
4088b4aa
40b7dd20
410c84e2
4104afc1
403855e8
40cbf484
40b5065e
40e83749
3f8a80ac
3f2894e8
41105f7b
41383015
00000000
40fb25c4
410e0444
4102c5c1
408660c6
3f4e2876
411ae8c2
4118a2b0
40bc7bae
00000000
40ceecb6
404f4650
3f7a3b40
00000000
00000000
00000000
3c84e370
40f37ca6
401afdee
3d3e9d10
00000000
00000000
406b93c1
00000000
00000000
00000000
00000000
403129b1
00000000
00000000
411cb39b
400687d7
00000000
40ae112c
3fa038c2
40ac81f8
3f0e6f3c
40bf40de
40c6872c
40b9ed7e
00000000
00000000
00000000
00000000
00000000
00000000
3f6d4436
00000000
401bd9c1
00000000
00000000
00000000
00000000
00000000
4104776f
4038e13a
3d83acd8
00000000
40802401
3ff972e6
00000000
00000000
40f393f5
00000000
00000000
00000000
00000000
409bac40
00000000
00000000
00000000
408e3f10
40a5e70e
00000000
00000000
3f6fb6da
00000000
40309e93
00000000
00000000
40346c9f
3f72eb5c
401376a4
00000000
41155450
3fc96b12
40b23413
40f8c9b4
00000000
403e49bd
410c1763
00000000
00000000
3e5e5472
00000000
412cfeee
4064ab3a
4052e59f
00000000
00000000
00000000
00000000
00000000
3e1d9fdc
00000000
00000000
3ea3fd49
411f38b2
40b75588
403fd22a
00000000
00000000
400d3d1c
00000000
00000000
00000000
40369e5d
00000000
4037c2b9
40b643e4
3e4758b2
412d1379
403c71d4
00000000
404a29bc
00000000
00000000
00000000
40099ba3
4080420c
00000000
40a7857c
40c12497
00000000
3f6f00c2
00000000
4106bee2
40d9dbfc
412c7e83
40c95b10
408847bc
4077cc69
3fba90cd
00000000
00000000
3fe39ce4
00000000
3d2a7b18
00000000
00000000
00000000
00000000
00000000
00000000
00000000
00000000
40aa8ef2
00000000
3fd73a8c
00000000
00000000
40aa8a70
40bf58d3
00000000
00000000
3f3017bc
00000000
401e93eb
4155182a
41114973
4103c352
40274039
4046dcc7
00000000
00000000
00000000
00000000
00000000
40ab3676
3f274fa8
00000000
00000000
412d4249
00000000
00000000
00000000
00000000
3e4f088e
40500e9a
00000000
4081fe7c
00000000
3f9cb7e3
413e029a
40b44649
3d9cec60
3f957fc3
00000000
00000000
410c84e8
40ad03b4
40f6c010
4082e3c7
4098135c
410fbeb8
40ba8f8f
00000000
00000000
00000000
3cc2d510
405e1f87
40320bb5
401c53d2
3f60ff44
40a28ca2
40c9c875
3fa21577
00000000
3f44498e
00000000
00000000
00000000
40bfdfbe
00000000
00000000
00000000
4103f527
00000000
3f98e3d3
3f5924ae
4023fe19
40f88c00
00000000
00000000
40a2da34
41038f64
40abb6c8
40d56678
00000000
408ccd10
3ff4448a
3fa261c9
00000000
403963a4
00000000
00000000
00000000
400031c2
404b0e4d
00000000
3f5c58a0
00000000
40e9617c
00000000
00000000
3f7af27e
4041e1b0
410ccf59
410c8148
3e808961
4154f242
3fbe3769
405e23c9
00000000
00000000
40442b3a
40d686df
00000000
4132ea74
00000000
40c461fe
40d02329
4095cc81
00000000
40255e96
00000000
3d521ca8
00000000
00000000
00000000
00000000
00000000
00000000
00000000
00000000
00000000
00000000
00000000
00000000
00000000
00000000
00000000
00000000
4026561e
4148115a
00000000
40c5d994
415d1713
4117c012
3e985515
41313961
40ff7d94
40f02bdf
402e214d
00000000
3fd51b0a
4041ea06
00000000
3f95e1ea
00000000
00000000
00000000
00000000
00000000
414127b7
41093de9
4100aae9
00000000
4009f157
00000000
00000000
40fbfbda
00000000
40a55d2f
00000000
3e2fb61a
410e0315
401cb4ff
410d91cc
40685e2e
401c11de
00000000
4145e3ba
40adc833
40f36f40
40e10416
40cbff11
409ac6e1
00000000
403ad8e6
00000000
00000000
00000000
00000000
40c398e0
3fc9dcf1
4106b325
4016991f
3f9c4a7c
00000000
00000000
00000000
3f989728
409d132c
00000000
00000000
3fc020c2
40b37c36
00000000
3f9f93b6
00000000
3e39a7de
00000000
40ad774b
4170e8eb
3faad7f8
00000000
00000000
00000000
409eea8c
3d912b0c
3f69dd1e
00000000
40c1f25c
3fd31fad
4044ed40
00000000
3ed20d89
00000000
405f652a
40e67cfa
40cd9796
3e5030ca
00000000
00000000
00000000
00000000
00000000
40e2106e
40898ba7
00000000
40277b3a
41007d18
00000000
00000000
00000000
40919940
00000000
00000000
00000000
00000000
3f118936
00000000
00000000
00000000
41055479
4105088b
4129eb56
00000000
00000000
00000000
00000000
407c1d71
3f348960
40b3a011
00000000
00000000
00000000
00000000
00000000
00000000
00000000
00000000
4083315e
40732351
3f0cedd6
00000000
00000000
00000000
00000000
408452b8
40014e0c
00000000
00000000
412143bd
00000000
00000000
00000000
3f683b10
40015ee3
00000000
00000000
00000000
00000000
4088f58b
40286990
4015f639
00000000
00000000
00000000
00000000
3f527ac8
00000000
4121bded
404ab398
40a3f130
00000000
00000000
00000000
00000000
00000000
00000000
00000000
00000000
40a80b49
00000000
3f362152
00000000
00000000
00000000
00000000
4094ca4a
40a8075a
4058ad30
00000000
00000000
406d5a45
00000000
3f87786e
00000000
00000000
3f24888c
00000000
00000000
00000000
40518232
00000000
00000000
40dbf163
40428e46
401ad159
3ebfb0e5
41358e22
408448a6
00000000
40ff0f4e
4059719c
40b92639
3fbf21a2
00000000
00000000
403adf27
00000000
40d3e395
3fd92c3a
00000000
40e7c976
00000000
00000000
00000000
00000000
00000000
401b6362
40b5eea8
40490448
00000000
40b4ae6e
40e0e25a
40199824
00000000
403d4359
00000000
402b6157
00000000
40e38f1f
00000000
40e5c710
00000000
3f1679c6
3f0e38dc
00000000
00000000
411c3d43
4063b8a6
00000000
40edf19c
410d08ed
00000000
3fabd5fa
00000000
40703f33
00000000
00000000
3fb8ce85
00000000
4077fbf1
40b10fdf
00000000
00000000
408235f4
3ef92a0b
40e96dff
40ef5ec9
408eb29e
00000000
00000000
40faf426
4081b698
3ed37d7f
00000000
40a7d5ee
00000000
00000000
00000000
4131686c
3f688c40
40e05121
4117faac
40bb4668
00000000
00000000
00000000
3df5f6d0
411f9742
4122e3f7
00000000
00000000
40163622
00000000
00000000
00000000
404ac91b
00000000
00000000
00000000
00000000
4096b83b
40bae74e
40f2b544
40b78e3a
00000000
00000000
410522a9
4005d9b4
3f488d18
403d98af
4169aef1
4116dd8c
00000000
40832da6
00000000
40357e55
4096befe
00000000
3f6c9312
3ff55e8e
40b19ad5
00000000
00000000
4055ab16
00000000
413e2d41
00000000
00000000
00000000
4039d5c9
00000000
00000000
4117cd83
4054b861
40ad7197
00000000
00000000
00000000
40361224
00000000
414c6f15
00000000
00000000
3f09f08e
40494115
00000000
00000000
41090f61
40da58b2
409491fe
3fa7d356
407a6211
40a4f21f
00000000
403e6405
40075fcc
00000000
3fc0767f
00000000
00000000
00000000
407d24a3
3faf053b
40ed4973
401624ab
3fdd5a92
4020e8a7
00000000
40946c78
00000000
00000000
40a89b3a
40eeb5a7
00000000
00000000
405b4d67
4028b14a
00000000
40e7c8bb
00000000
405c744d
00000000
00000000
402543a5
408ab247
00000000
40b038e9
4051b7b5
3f90abe7
3fc79d36
3edfda89
00000000
00000000
00000000
00000000
00000000
00000000
3f2aa4f6
40957b50
40e6b635
402afe6b
3c47aa20
00000000
402d9158
3ee6185f
00000000
40b16cd4
00000000
3f7938c4
4113cbab
00000000
3f007b7c
00000000
00000000
40d6f596
00000000
408ecb66
40108745
4083c0a8
4085ca39
00000000
00000000
40022ada
00000000
00000000
404cca78
00000000
00000000
402d0d6e
404eacc0
409788e9
00000000
00000000
00000000
00000000
4140b7b0
408b85ba
00000000
4089e959
00000000
4040907f
00000000
3f857512
3f2d88f6
00000000
00000000
00000000
00000000
00000000
00000000
3fee939e
00000000
00000000
402e6dc0
40e8ae81
3fd28c0f
00000000
00000000
00000000
00000000
400b2a46
00000000
40369bcd
00000000
405b926a
00000000
00000000
40906910
40e58bde
00000000
409823fa
00000000
4073a6e7
3fb455dd
40a3a88b
00000000
00000000
3e4e9d4a
40b4bf80
40d8f99a
40a1bfc4
40b37648
410cb4f1
00000000
3f1a5a1a
412145ce
00000000
00000000
00000000
00000000
3f9695db
415313f8
00000000
408e74da
40fa319e
00000000
410e91d9
00000000
00000000
00000000
00000000
400b5357
00000000
410f3e87
3ff116b0
00000000
3ebad993
00000000
40c8d13b
40775655
00000000
408b4fe3
3f2a2f74
00000000
00000000
00000000
3e44f802
3f9df836
00000000
40a39b0a
00000000
00000000
3f8c0d76
00000000
00000000
00000000
4098b027
00000000
00000000
00000000
413f6699
00000000
40f0cd1e
00000000
3f9324de
40a65115
00000000
408f0770
40bcfa4f
00000000
00000000
00000000
3f8f8316
412c36ee
4105ac47
00000000
00000000
00000000
3f5fe03c
00000000
409f5771
40c5b74e
3f82f496
00000000
00000000
3f8b47d1
00000000
00000000
40e0c563
00000000
00000000
4085ea47
00000000
00000000
00000000
40c60f24
40f6025a
405a71e5
00000000
412b1e9e
00000000
00000000
00000000
40a9af51
00000000
410ed5d2
40c5f13f
00000000
40667804
00000000
40ba4fea
00000000
3f1f3daa
00000000
00000000
00000000
00000000
40a10124
4022e463
3e896081
00000000
00000000
4087d211
00000000
408e54e2
40b3d3e6
00000000
40068ffd
3ed8587b
40127bc3
00000000
3f9ee3a1
00000000
406801a7
3e5b3f0e
00000000
40df4fc3
409f52cf
408a29b3
3f991a79
00000000
00000000
00000000
40c208e2
40c6dd4c
40554b0b
3e210b44
402be7c6
00000000
00000000
00000000
403e98f9
409f8bc7
40343777
00000000
00000000
00000000
00000000
400e17e0
3f380246
00000000
406145e4
400a00c5
40886d24
4167cfac
402e9a1b
00000000
3fb86022
3f3572d6
00000000
3f008704
40ff3dd8
00000000
40c57eca
3ff8c1d2
411396ea
00000000
00000000
00000000
00000000
00000000
4044170c
40f6ef94
3f982c90
40dd7162
00000000
3e513a6a
4134b50e
404b6b17
00000000
4016ccec
40118ac2
3cc33ea0
4001f10c
00000000
00000000
00000000
00000000
00000000
3fbb1c39
00000000
4067c898
410f3d49
411a271d
3f044cfc
402e88af
00000000
40253ac5
40442821
00000000
00000000
3fb1fa83
3e8fc53f
00000000
3cd9b1d0
00000000
40de72d8
00000000
00000000
00000000
00000000
400c171c
40198b25
403d72a6
4087444d
00000000
40b05504
3e703d36
00000000
3e4c8362
4030a64f
4116f4b5
40b8e104
402a9d52
00000000
00000000
00000000
00000000
40a68975
3fb9b5c0
00000000
00000000
00000000
404dbf01
00000000
3fd7b36c
40840289
00000000
00000000
3f8aa794
3f9da1aa
4017b2ca
3f1acf44
00000000
00000000
3f2bd870
3fbe8d32
3f94d21a
3ecd1530
400d621b
3f94d772
3f8e514a
00000000
3ee78658
3f9f6f22
3f448e80
3e880ea4
3f9822cc
3e8df68c
3dba8690
00000000
00000000
3f8b5690
00000000
00000000
00000000
3fadeb6c
3f9d5c60
40125510
3ee7b118
00000000
40112644
3f7b4378
00000000
00000000
3fb39732
404282d2
3f6fccb8
00000000
3fdae294
00000000
3f14a858
3ed88db8
3fb33a2e
3fa47476
3ff047cc
00000000
3f8e611a
400660fa
4023e688
3f974134
3f1105b4
400432f8
00000000
3e98e268
3eb85904
3ff2fd3c
3f417fac
00000000
3ea2f66c
3f61dc44
3da88c50
00000000
3f2eb664
400cbb4c
3fe6d964
3fc5d840
00000000
3ea4c27c
3f2538ec
00000000
3fe3e868
00000000
00000000
3fac504c
3fcfbef4
00000000
3f7cf150
405e82d0
3fe74e9a
3faf7e44
3d7b8720
00000000
3fea2b90
3fdad86a
401b4acc
40101b09
4055fc8a
3f86d44e
4022743e
3fecf58a
3f6922a8
00000000
3f737c24
00000000
401afc06
3ee4e570
3ec9ab9c
40116e01
3fd3ac1a
403aeb90
3f300270
4030afae
3feea842
3ff9856e
3f8a9340
3f86620c
3e968e60
3f2beaac
3fe70874
3da9bca0
3f07f09c
400350e3
3f32066c
3ed23b44
3f3c2e1c
3fcb847c
00000000
00000000
3e039470
3fd2a6cc
00000000
00000000
00000000
00000000
3e9b6eb0
3dc58600
00000000
3ecef334
40413ab2
3fa542d6
00000000
3fc3d91c
40069e10
403ea314
3ef19398
3fabf742
3fab2b2e
00000000
3f8df19a
3fc7821e
00000000
3f7fe718
3f085edc
3e7924d0
403cdd46
402b690a
3f3fc9d8
3f4d3fa4
402ea7b8
3fa889b8
00000000
3f63b054
3fad625e
3e7441f8
3e0afb80
3e45f1e8
401dbd72
00000000
40233134
401e1b56
3f87dff4
3fe22f06
3fc0ad18
00000000
3f637d38
3fd66fa8
00000000
3db5bc90
3ff5a6e8
40270750
3e833940
3de3f0f0
401a3088
3f07a91c
3f3e198c
3fb529c6
3fe7a728
00000000
3fa80a6c
3eea3740
3f4b407c
3fd60666
3fece5d4
3f17e3d8
3fa2a228
3f71eac8
3c9b7700
3f1fc618
00000000
00000000
3f93aec2
00000000
40341e6e
3e8dbe70
3dd62a40
401d4d26
401dc692
3fb1948c
00000000
3ef0cb00
00000000
3f1e28d4
40209210
3fb66c90
3fd10488
403c68ea
3edce858
3ec5eca8
00000000
402afdc4
3ff84df8
3fe09058
3f93023c
3fb03e16
3dc92300
3f89e5be
3f9e88ae
401e99ae
3fcf756a
3f20d384
00000000
00000000
3f3acb3c
3f83b162
3e4c2d38
3febe406
3f896f2e
3fd56eac
3f90d472
3f6f1e8c
407854e8
4038cd2e
00000000
3f56186c
3fbb11e8
3f0447e0
3e7c9c80
00000000
3fd10c0e
400f7538
3f4f9f50
3ef31850
3b502600
3fe66e3e
00000000
3e80edd0
3f9dbb8e
00000000
3f8c9dca
3d3abcc0
3fd9ce2c
3f201cbc
40016fa8
00000000
3df72b00
3f45b28c
3f989a8a
3dc7f450
00000000
3f34617c
3fb6ed1a
3fdd713e
00000000
3fbe2f00
402f6b50
3fa7898c
3f7a4764
403fa784
4007c775
3ff3dd84
00000000
3fe38e32
3fe32940
3fd9344e
407227a6
3fdb9552
3ee86888
3fc69038
3f89ce86
00000000
00000000
3ec607d0
00000000
3d6303c0
3f523b48
00000000
3e803c50
3f355f3c
3ffdf2c6
402d5f38
3b992800
3f509acc
3e404230
3f98410a
3fbd6a74
3e8b43b0
3f311da4
3f47c6a4
00000000
00000000
00000000
3f5c4f18
4021744c
3f7771a8
407348d8
00000000
3f29d64c
3f17284c
3f3b37cc
3fd8b1ec
00000000
3ef30aa0
3f208a28
3f43d7e8
3fa3d138
3ff3ee5e
4018cb51
00000000
3f11330c
3ff2871e
3f514c18
3f09cd58
40093676
3fb4c708
3c6a2500
3f8464b0
3f9176da
3ecc9024
3f95416a
3f09a584
00000000
3f079eb0
3ef92648
3fb03ab8
3f007e04
3ed6a560
3f785400
3fe8b3a8
3fb94a6e
3eb1f51c
3fa3b828
00000000
3fd39f9e
3fb8cb46
00000000
4068ee32
3f6e0a9c
3feaa914
00000000
00000000
3f8d5cea
403649e6
4025198a
3f56792c
3fbddc9a
3fa8bd44
3f9ef5a8
00000000
00000000
3e2c63b8
3f063748
3fe179c6
3f80fddc
401e7df6
3fe356a6
00000000
00000000
3ea34784
400becf1
3f9d2e36
3f0f6be8
3fc37cd8
3f21dde4
3f2b60ac
00000000
3f05b874
3f75603c
3f83d88e
4005d76b
3fc2d508
4015fdba
3d709420
4015b0e4
3fe9aeb6
3fa5b042
3fc89448
3f08ddfc
3f90f17c
3fffb2ee
400c0619
00000000
00000000
00000000
3f016e18
3fbdbc00
3f64540c
4012d518
4005e41f
3fabef16
3f8e5f94
4027aa9c
3ffab936
3fae6300
3fae64f8
400a8430
3fbd5a4c
40158492
3fe666aa
3f546b34
00000000
3f69c770
3fcaa01c
3f616b64
3faa5270
3f7ed420
00000000
3f2cc468
400aa283
4003c317
3e924d40
3fbc3162
3fe3eaf2
3f902724
400115b6
3fbeb7d6
3db42380
3fafd7d0
3f6b5fbc
3fb0f3f8
3f8ce6e6
00000000
3f282b88
3efbb3e8
3f186518
3e6fcfc0
3f8438e8
3ecc859c
3f419abc
3e8a2714
00000000
3f0ef0b4
3e3517b0
3fbe5840
3db5ede0
3f267b78
00000000
3fe11c5a
4060e7ec
3f896bae
00000000
3fada9c6
3fe1b136
3d9a4020
3f5925d4
3f1f1cf0
400f5cfd
00000000
00000000
00000000
3f938f4a
3fc9766c
3fc334b6
3fda83ec
3f1649e8
3f6acf3c
00000000
3e737540
3ffdde50
00000000
3fa42df8
3ff40d08
404d09be
3fc4a014
3c8caf00
3fc544f0
3f222a84
3f4f645c
00000000
00000000
3f462758
3f893956
3f801b16
00000000
00000000
3f0d90b4
3f4b170c
3f91db7a
3f83165a
3f3bae80
401fa70e
3fefcaee
00000000
3ed454a4
3fe9d63c
3fc078fa
3f638fc4
3f0977c8
00000000
00000000
3f2372c4
400c6394
00000000
3f350f50
00000000
404d70ec
3f0b850c
3f537508
3e28cb10
00000000
00000000
3fdf85fe
3f8be54e
3f83fcaa
3fb0d55a
401e60ac
40360070
3f4cdf78
3f681598
00000000
3eeddc58
3fa8f86a
401217a8
3afe8c00
3ef9dae8
4035e6ba
00000000
3ea3efe0
3e259068
3fce3f56
405fcac2
4057037a
00000000
3f78ae8c
40057590
3e5f73b0
00000000
3f4a7ef0
3df394d0
00000000
403b9d02
3fabaa0a
3db11200
3f95c73c
3f060770
40096f3f
400123d5
3ff0c7e0
3fc5c2c0
3f0637d8
3ea72f50
3f8bd5b8
3f81b2e0
00000000
3f8e969a
3f8b2388
402153f4
3f9862f6
3f2592f8
00000000
00000000
3ecedd8c
3eb4054c
3ea1fb64
4036986a
40416134
4012ee8d
400b60d7
3fd15d16
3fae3f84
3fd7c6c2
3ff2eac6
3f1be0d4
00000000
00000000
00000000
3eef1830
3fcce6c6
3f620df0
3cdb6600
3fcedf0e
3fe5971a
00000000
00000000
3e3bfbf8
3f93f39a
3f0f1cc8
3f824f32
00000000
400f0704
00000000
3ee68fe8
3fe854da
3f8276f6
400604a9
403531e8
00000000
00000000
00000000
3f1071d4
3ff1dd9c
3fa9c6da
3fe5c4a6
3fc9d064
3f1bd808
3f52e2a4
3ef6bb40
3f8c0268
3fbf43ec
40253950
00000000
3fd9f536
00000000
3fb02506
40001a43
3fa26f6a
3f9d3baa
3f772b54
40027425
3f4cfef8
3fdcac70
00000000
3f899c7a
3f5d392c
402df332
3e8958c4
3f495adc
00000000
3fc36218
40340fb0
3f9fd958
3fda7948
00000000
3e1f65b8
00000000
00000000
3fef75f6
3f25f158
00000000
3f80e02c
3f5d2bf8
3f8dbbf4
4069b3b4
3ea751b8
401d1914
40075012
3ff5c16a
3f97c958
00000000
3e0e9c30
3fa64884
404af79a
40095f71
4020af74
3fb9ad62
00000000
3efa5e88
3f645374
3edb87c8
3d9e4880
00000000
3eed26a8
3f89964a
3f108684
3fcdf142
40801f83
3ffe7cca
3face058
3fec74d4
3fcd1a9e
00000000
00000000
3eca50f4
3fa7cafa
4001007c
3e89fedc
40279ec4
00000000
3f0da1a0
403d1828
3fffb036
3fa08654
3eee60c0
00000000
400ffd32
3fe787d2
3f4a1900
3fbf2048
3ee4b7f0
3f283f0c
3f991f50
3ef2a450
3f49dcb0
400e8c85
3fe18dfe
3f1ee604
400d6c26
3f72d0f8
00000000
4050e76a
00000000
3fd7fce6
00000000
3fc5d988
3f29f184
40187ec7
00000000
3ed837e0
3ff1b10e
3eb30070
400433e6
3f7c41fc
3ff99c5c
3f1cc274
3fec1d32
3f611200
4024b876
3fbab5d4
402b8a8c
3dd5fa10
4045a94e
40249776
3e92628c
402c5368
3f9b5bd2
3df29550
3e8a91c0
00000000
00000000
3fbdfe8a
3fdef4ee
3f1cbe7c
3f85ee66
00000000
00000000
4028d48a
3fa4ff0a
3fbb3400
404db126
4016d48b
00000000
3f8c768c
3e016980
402edb90
3fc64402
3fe0e8dc
00000000
3e24cc58
3f836190
3fe87bd6
00000000
00000000
3f0501c4
3e80141c
4009c097
3dbd76b0
3ee45618
00000000
401fb718
3e11ad60
3fed1ee8
3fa8ffca
3f8e2356
00000000
403b6712
3fde4a40
00000000
00000000
00000000
3e009330
3fb65840
3fb7e5e4
403be5a8
00000000
3f28d158
00000000
3fa4191c
3fe04266
3f9b8b24
3f2f57c0
00000000
3ec418ec
40485730
3f9ef3b2
3f04196c
400815b1
3fc1f228
3eaf9660
3f277b08
3f972d04
3f2f7038
3e7ee2c8
40371624
3fd7cd7a
4008ebcb
4008d569
00000000
4008441f
00000000
3ff3ff90
4059618e
3f725408
00000000
3f5983cc
3e9ef3f0
3ead4fd8
00000000
3fb075a4
3fa7f364
00000000
3f2c2508
4000a7a7
405946c0
402cb02c
00000000
3f57b8c0
3f294dbc
40179cf3
00000000
3eaf30bc
3f6e396c
400a4e55
3f3c15a4
3ca4d3c0
00000000
3e71f490
00000000
402d4066
3ff7910a
4013511a
00000000
00000000
3fc11e32
3eabba00
4005c741
402b292a
404d2764
3ed04cd4
3ff5d380
3fc91468
3ff40656
3bc54600
3e562d98
3f72433c
00000000
3f668360
400e8c35
40088d4d
3ed5fa28
3f3a28ec
3dcfb770
3d4eb260
00000000
3f7d562c
4007350f
3fe03750
40054bac
40459058
3fc572da
00000000
00000000
3ebec0e8
3e886ffc
3fb102b8
00000000
3fd6f380
00000000
00000000
3ff7c8c8
3fe0ac62
3f8116f6
3ef7eee8
3e5335b8
4040fa4e
3feaa7a4
3f07ad18
3fbe0df6
3ec9e1d0
00000000
3fe5b256
3fdea286
3ead442c
3fe6610c
3ff6170a
3ff667e6
00000000
3f38193c
3ec5b990
3f5a0980
3f7c1ec0
3faf75e6
3faa8050
3f192fe8
3f94ebfa
00000000
3f1526dc
402db34a
3ffdc65c
40332508
400de9fb
3eb1e8f0
4023faba
4020f3de
3f9d526e
3fd98402
3e0f6b40
00000000
3f838f30
00000000
400dc2ce
00000000
3fd86316
40098283
00000000
3fadc8b4
00000000
00000000
3f1ea908
400132bd
3f8e426a
3f85a832
3fcb6bcc
400ceb13
3f363538
3f77b160
3f9c65ea
00000000
3fd661fe
3e470b28
00000000
3fa87c0a
3dcb0320
3f86daa0
00000000
3ee453d8
00000000
3fca979a
404d8714
3fb90cc2
00000000
3fe368da
3fc1c41e
400faab2
3f9de83e
3f5945a4
3ea58460
00000000
401c34f6
3fff0dcc
400997f7
3ec4e250
3ffa94aa
3fd10598
3fa871da
3f928cea
4008f7af
3f913ec0
3ff7e75e
00000000
401d8198
3f180ff0
3fc5df92
3eabe09c
00000000
3f7044dc
00000000
3fe4d1b4
3f7e41e8
00000000
3f424510
3ffa5572
3fcfa902
3f9a129a
00000000
00000000
3d707ca0
3fb4af70
40054bf6
400045cb
3f9b3588
3e4d8440
3f47cda0
4029fb96
3f3219e4
40308864
3f945310
3e37d1b0
3f078b14
3f3c6854
3f9d8b96
00000000
00000000
3fda5fbe
00000000
3fb07baa
3ff6af42
3f7d6524
3fc7b818
3ed1f3c4
3ff8db1a
00000000
3fa7c740
00000000
3d2a56a0
3efc8310
403ec89e
3f47181c
400ac0c5
4002290e
400320f2
3f0e0a54
3fa8e932
40338f6c
400bc8d2
40002d89
3f0699a0
3ddd92e0
00000000
40075caf
00000000
3fb60388
3e013510
40a7acb3
41604f81
41504319
41217dac
409af670
3fb58d94
00000000
40db7227
4147e819
4128e913
40c8b760
4140e1c3
41161f45
40d77f08
00000000
400a2cba
4108ed8e
40da3caf
40f55f1b
40e8bb64
4105e314
40c7ed03
40c32149
40bcf211
4122e32e
40f9d572
409ade86
40bf3f3a
41320afa
41108ae7
410ce779
400beda4
00000000
00000000
00000000
00000000
3fc4e93d
406aab0c
3fc3d74f
00000000
40497d29
40bb65d5
00000000
00000000
00000000
00000000
3f85d692
00000000
00000000
4064b3db
40810edc
405ab0e0
409bf00f
00000000
00000000
00000000
00000000
00000000
3dd5f8ee
00000000
00000000
3ff70e57
3ed284d6
00000000
00000000
00000000
40a85383
40ab75fc
00000000
00000000
00000000
3fa1ec30
00000000
40b3f067
00000000
00000000
00000000
409d05b0
3fa661df
40e37c74
405bc7a5
406f0fa3
00000000
3ec2b31d
3f29393c
3fa07228
40789aa7
4031713b
401060b5
400c774b
3fe0848d
4120b207
41221e72
00000000
00000000
00000000
00000000
403f4c9a
00000000
3f95b38b
4011647c
4067470f
40aea771
3fab2d7d
40915b7b
412f628e
40a9689d
40917026
40230587
00000000
00000000
4085dfb4
00000000
00000000
40b15016
40231bb9
3f54fe74
408011b5
4003a721
00000000
00000000
409c990e
00000000
00000000
00000000
00000000
00000000
3fe97f3a
00000000
00000000
00000000
40ab0f7f
40330b89
00000000
00000000
409f2588
3f928779
00000000
00000000
403028c0
00000000
00000000
00000000
00000000
00000000
00000000
3fabc7de
405d2c66
40daf970
00000000
40eda9a3
40b8ce2a
00000000
00000000
3f5f6373
3eda100f
00000000
3fb3c31c
3f9d9323
406f6de0
00000000
4114011f
40fba231
3feb8d61
40babf51
406ec6a9
00000000
00000000
00000000
00000000
00000000
3f1e1275
3f8b58f9
00000000
00000000
00000000
00000000
4060b4be
00000000
40b62344
00000000
3f05c391
3f56539d
00000000
3f956315
41147093
40bdb36b
40cd69cc
3dbb4902
3ec0843e
00000000
00000000
00000000
3f891713
00000000
40879b74
00000000
00000000
40df1185
402d7099
00000000
00000000
403bab3c
00000000
00000000
4154077f
40d92c84
40f97ac1
00000000
00000000
00000000
00000000
40c4b652
40765be7
00000000
00000000
00000000
00000000
41146764
3fbf1118
00000000
00000000
00000000
00000000
00000000
41054fb6
402e954d
3f9bc8f1
00000000
00000000
00000000
00000000
3c48e824
4106175b
403bdae0
00000000
00000000
00000000
00000000
00000000
00000000
40ecc21c
00000000
00000000
00000000
00000000
00000000
4079cb3a
00000000
00000000
407ea221
00000000
00000000
40866259
4103cccf
40dd1653
00000000
00000000
00000000
00000000
3eb1227c
00000000
00000000
00000000
00000000
00000000
4050d0fc
412e7248
3ee85462
401400bb
00000000
00000000
3fe732f8
00000000
3f9e8e11
40a021e6
410bc207
40ffe4c8
00000000
4030d66e
409c9523
3c1c1d1c
00000000
00000000
00000000
00000000
00000000
00000000
00000000
00000000
00000000
40825465
3f599f36
00000000
00000000
00000000
00000000
00000000
00000000
407a60b1
3e48d802
401779bf
00000000
00000000
00000000
408c6067
00000000
3fc977c3
00000000
4052853f
00000000
00000000
3fc62049
00000000
00000000
41637016
412ead0f
40deef81
3e86ba94
40bc1cc5
00000000
40ae129e
00000000
00000000
00000000
40124b19
00000000
4034222e
00000000
00000000
00000000
3ffd3034
00000000
3f7f6274
3ed0c051
4095b3d6
40778c74
404a3422
00000000
00000000
404b1d68
4089ee64
40759b38
40b79d1b
00000000
00000000
00000000
40ba5193
4124991f
00000000
00000000
00000000
00000000
00000000
40fb94b0
4114c835
411ccb53
401d1038
00000000
00000000
00000000
00000000
00000000
3f3a1f65
4124c165
41341d29
4089e2f7
00000000
00000000
00000000
00000000
4098ec3b
41028c55
3de081b8
407488c3
40a78316
00000000
00000000
40c30253
3e5fbbd2
00000000
00000000
00000000
40a41995
00000000
00000000
00000000
00000000
40d3a237
00000000
00000000
00000000
40483230
00000000
3fa37f13
00000000
3fb3f4b7
00000000
00000000
40d6bac2
40a38fcb
40931620
00000000
408dcab9
3f24faba
00000000
3fb3928c
40888fd5
400f3c20
410a4474
4106fe5a
3fbfeb95
00000000
00000000
4100164e
00000000
00000000
3d7b18ad
00000000
40ab2918
40c199ec
00000000
00000000
00000000
410eef04
00000000
3fa09305
00000000
3f55702d
00000000
00000000
40322191
00000000
00000000
00000000
00000000
00000000
40610aed
400a2e80
00000000
00000000
00000000
40a7e00e
4093912f
00000000
00000000
00000000
3fefa94a
00000000
40694f88
40a0089b
3dd539a0
00000000
402b040e
00000000
00000000
00000000
00000000
403f14cc
00000000
00000000
00000000
00000000
40582c41
3f8f6840
00000000
00000000
00000000
3eebe08e
00000000
405ee766
3ff83e28
41347824
40972352
41550451
3f7a74b2
00000000
00000000
00000000
00000000
00000000
00000000
3f7acd2c
3f54c25e
00000000
00000000
00000000
00000000
3f8d26ef
00000000
3faac8b8
00000000
413b9917
40b61971
00000000
00000000
00000000
00000000
00000000
00000000
00000000
00000000
00000000
00000000
00000000
00000000
00000000
40c5fcb1
00000000
00000000
00000000
00000000
00000000
00000000
00000000
40543ad4
402ac79b
40ae7b9e
3f48fc82
41274a87
4082cd17
00000000
403a6b6a
00000000
00000000
3f17bc11
00000000
40fdba24
00000000
00000000
00000000
411b7f53
4184a24e
414f980e
3fabc9d4
00000000
00000000
3fa7cbf9
00000000
00000000
00000000
00000000
3dd9e8ce
406cdd9d
00000000
4045aaad
00000000
00000000
410a537e
40bbd71f
00000000
00000000
40437977
00000000
00000000
00000000
00000000
40ae8751
3fe1835c
40882609
409eaa71
00000000
00000000
00000000
00000000
00000000
3e25f76c
00000000
00000000
40372f5c
400b30bb
00000000
3fedb000
41006b2b
40ddfa68
00000000
00000000
00000000
00000000
00000000
00000000
00000000
00000000
409ced9e
00000000
00000000
00000000
00000000
00000000
00000000
00000000
40268e31
00000000
00000000
3f4a3ebe
40bb6b23
4107926a
00000000
00000000
00000000
3e0ad35b
00000000
4043c99f
40182b42
40225ab4
40d96884
40f93993
00000000
00000000
00000000
3e1c3066
40115333
00000000
00000000
00000000
00000000
00000000
00000000
3f64cc59
405f0e36
3fa3ae24
00000000
00000000
00000000
3f0a51e7
00000000
00000000
00000000
00000000
00000000
4072f716
3dbcd132
00000000
3f6f162a
00000000
00000000
00000000
00000000
4061638f
3f95e028
00000000
00000000
00000000
40b73107
40e28704
40d8fb24
3f8b7718
405c55ac
00000000
00000000
00000000
00000000
404dd6b3
413b134d
409f8b4e
40b6916a
40c31366
3fc8d28d
00000000
3e8f645d
3f6fe675
00000000
00000000
00000000
4050af49
00000000
3f8eafec
40eca6d2
40a46fce
40577196
3f35e59b
00000000
00000000
00000000
3e357f46
00000000
413bd6a6
40edb4c4
3faaae7a
00000000
00000000
40fad20d
00000000
4094e696
3ebce92c
00000000
00000000
00000000
40e04aad
40f2e603
00000000
410f7841
00000000
00000000
3e2a73f5
409d7d4f
3f0a7e5e
00000000
41155ac4
3f2d9fc8
00000000
00000000
00000000
00000000
00000000
00000000
00000000
00000000
00000000
00000000
00000000
00000000
00000000
3f26e04d
409550b7
00000000
00000000
00000000
00000000
401d2130
406ed590
40458561
402f163b
40c7c9f0
4012a2b1
40698349
00000000
00000000
00000000
00000000
00000000
4094b60a
3f3a09a9
4008c522
3f363dba
00000000
00000000
00000000
00000000
40b2fdc0
41605658
407616b9
00000000
00000000
00000000
412be87e
401714c3
00000000
00000000
00000000
00000000
00000000
00000000
00000000
4098bfad
00000000
00000000
00000000
00000000
00000000
00000000
00000000
00000000
40a2962c
00000000
00000000
404d17cb
3f037242
00000000
00000000
00000000
00000000
3f2d9662
00000000
3e1fe672
3e879b1b
00000000
00000000
00000000
3efa8da0
00000000
00000000
00000000
40ad6aa7
40c61d0a
3f99cc75
406c70ed
4110271d
4033b388
406bc197
40ffe9c8
00000000
00000000
00000000
4085b1fd
409bf766
40d51f5a
00000000
00000000
40974e30
00000000
40304d66
40991b63
00000000
00000000
00000000
00000000
4014719e
00000000
3f209d86
00000000
00000000
00000000
40edbcf7
4105fc99
3cccce2a
00000000
00000000
402dbdda
40ae70ff
00000000
00000000
40900f8d
3e61ab16
3f2614ee
00000000
00000000
00000000
3f52924d
409a81ef
3fce12ec
40319858
00000000
00000000
4068ea35
4024f4f1
400ff743
4110514e
40de4e91
401646a2
3e3d45d4
00000000
406ea1a0
00000000
00000000
00000000
00000000
3f48130e
4030ff0e
4043bb47
00000000
00000000
00000000
00000000
00000000
00000000
3eb8d79a
4006cd7f
00000000
3eb81f08
00000000
00000000
00000000
3faa081c
00000000
00000000
3daed48a
40694b5c
00000000
00000000
00000000
410647fa
40898cd7
00000000
3ecf4390
3e9f1658
00000000
00000000
3eefe970
3fa95f9c
00000000
40e0db19
40271ed3
00000000
00000000
3f3ec729
00000000
00000000
00000000
00000000
3e3359fb
4020d9d9
4028a5bc
00000000
00000000
40915995
00000000
40c029d9
409b5403
3ff1e35f
4009a3e4
00000000
00000000
3eaac04e
41089459
40c12538
00000000
00000000
00000000
00000000
00000000
00000000
00000000
404960ef
00000000
00000000
3e296704
00000000
00000000
00000000
00000000
00000000
408dbd4e
00000000
00000000
00000000
00000000
3ff54ed7
00000000
00000000
00000000
00000000
00000000
00000000
3f93e64f
00000000
00000000
00000000
3f6542ce
400de7c7
00000000
00000000
00000000
40f578ed
00000000
00000000
3fe24cc9
00000000
00000000
00000000
403c069a
40117cc3
00000000
40415d23
3fc2275e
00000000
00000000
4091a9ab
407e1f57
409df251
00000000
00000000
00000000
3fc86073
00000000
00000000
00000000
00000000
3f3769ed
00000000
00000000
00000000
3f213122
4084c220
3e9d7087
00000000
00000000
409df4ba
41256d91
00000000
00000000
00000000
00000000
00000000
3fdcca69
40afb047
40e89321
402f0014
00000000
00000000
3e5f6eaa
40dac0c6
00000000
00000000
3feba206
00000000
00000000
407fbaff
00000000
00000000
00000000
407a2f6f
00000000
00000000
00000000
00000000
409bca0c
3fb4055a
00000000
40d65866
00000000
4010b18c
00000000
00000000
403715e4
00000000
3e0e74db
40887b82
00000000
00000000
00000000
00000000
40a9a72e
00000000
40fb468f
00000000
00000000
00000000
3da44c8e
4093329e
3ef9da86
3fb84b81
40adfcef
00000000
40b451cd
00000000
00000000
00000000
00000000
401cd49b
00000000
00000000
403ddfc0
00000000
00000000
408fd06c
00000000
3fbbe374
00000000
3f236a5a
40369511
4091f00b
00000000
00000000
00000000
00000000
00000000
403974c2
00000000
40c3f850
00000000
00000000
00000000
4065486f
00000000
00000000
00000000
00000000
4100259f
00000000
40fd2bd8
405b43ef
4086d04f
401338e4
4000d94b
00000000
3fbebcd0
00000000
405bfac8
00000000
00000000
00000000
00000000
4061a57c
4043df7a
40d803d2
00000000
00000000
00000000
4110e481
00000000
00000000
00000000
409511d2
402da3b2
00000000
3de04394
4140cb96
40de44d2
40525141
40366adf
40030feb
4028223f
00000000
00000000
3e827c0c
3fdb9740
40946c55
4036d432
3f827770
40cab350
3faa31fd
404a9a10
00000000
4097314b
00000000
00000000
00000000
40365a62
4095665f
41145e5d
4074dce8
00000000
00000000
403cfbd7
40e9b8b8
00000000
00000000
40808e2c
00000000
00000000
00000000
41116afd
407de5ac
40a56ee0
00000000
00000000
412e372d
00000000
00000000
3e9df5fc
3f2d7fa0
00000000
40730c74
00000000
40665bac
00000000
40af83d3
3f06a277
40f304fa
4079cd17
40f69f90
4109d23e
3eeb3274
40e70018
4003c998
00000000
400b61c6
3fc4f836
00000000
00000000
00000000
00000000
00000000
00000000
402d5e42
00000000
3f0ba950
4038fe7d
00000000
3ecb3782
40214508
40c9612c
00000000
405497b0
00000000
00000000
00000000
400638e1
00000000
40fe4a39
3f213bb4
00000000
00000000
40c1f7ab
3ffa30c3
00000000
00000000
00000000
00000000
40141f1b
4116761d
00000000
00000000
4102cdb3
410a521a
00000000
00000000
40df4198
3fc4c509
40bf9a91
00000000
3fb24f0e
00000000
00000000
4128d5c2
3f27affa
4018d353
00000000
41032f93
00000000
4105d8c2
00000000
00000000
400bd1f0
4145dba5
40d03ad8
40dd605c
406103a9
3f2fcdca
00000000
40862ed9
403ca42f
00000000
40f7bf2a
40a7a9b4
00000000
3f941688
40dacfc2
00000000
3e85c250
00000000
00000000
4105e2ba
00000000
4062ab98
401f8315
00000000
00000000
3f920782
40df8019
3f93c4db
40e0b177
00000000
00000000
00000000
00000000
00000000
3e22bf56
00000000
00000000
00000000
00000000
40feb965
00000000
40b9be44
00000000
00000000
3fd1f4e2
00000000
3f974ac6
3fc9779b
00000000
00000000
411d4872
00000000
00000000
00000000
40f3ca18
3e7638db
411072fd
00000000
40ba5f19
41676999
00000000
00000000
00000000
40c25541
00000000
00000000
3fb2de9b
00000000
40d957f9
00000000
00000000
00000000
00000000
40841c2c
00000000
3fc0b7bc
40af664b
3f4e22ef
00000000
4136f306
00000000
40c781ca
00000000
00000000
00000000
00000000
00000000
00000000
00000000
3dfa193c
3e4aca6d
4031e69c
00000000
404230a7
40fcd489
411303dd
3ef3516c
40a067e8
40acb7af
00000000
4123165f
00000000
00000000
00000000
40c33510
00000000
411b75ed
00000000
00000000
00000000
3e73ba53
00000000
3ddf2966
4091e65a
411a7811
40c3fc8a
40365ef4
00000000
00000000
40c2832d
00000000
40d61a85
00000000
00000000
40f15c06
00000000
4085c69b
00000000
00000000
00000000
40b4fbb9
4092200b
00000000
41412cbb
40e73b5d
41161f97
00000000
00000000
00000000
40a4a2d8
00000000
00000000
4105652d
40863c08
00000000
00000000
00000000
00000000
00000000
00000000
40a69e8a
00000000
4099ca48
00000000
00000000
411b5665
40ab87ba
3f2a0d2f
00000000
00000000
3e973778
00000000
40366bea
41018e28
00000000
00000000
00000000
00000000
00000000
00000000
00000000
4120ef1e
00000000
4153514c
00000000
00000000
00000000
4034ad6c
4091bddd
411fd4af
00000000
3f8e371c
00000000
00000000
411317dd
00000000
40f60d79
40bbff6c
00000000
40b02f6e
40db8e66
00000000
00000000
412f3251
3fd20fb4
00000000
00000000
00000000
00000000
3a337380
00000000
00000000
3f4ef2fc
4057a9b9
4042d637
00000000
40058ee4
3fae8ab6
00000000
00000000
00000000
00000000
406ad265
408ff904
00000000
3fe34207
3ff061cc
3f946b30
00000000
00000000
408d8bb4
40c0ef74
00000000
40bc2bec
403ff6f9
00000000
409c75c1
40072935
00000000
404f9be0
40b32ba0
00000000
4086107b
408a0fe8
00000000
00000000
40031888
3ed64b66
00000000
00000000
3fadf030
00000000
40845f82
00000000
4094ca30
00000000
403f0441
00000000
3fb00d9c
40aec18f
00000000
40ef03ae
4072b9be
3f80e8b9
00000000
40558beb
00000000
00000000
00000000
00000000
00000000
4029f71e
00000000
4068b59d
00000000
00000000
3fe86b3b
00000000
400c5837
00000000
00000000
00000000
3f15021e
40860ad4
00000000
00000000
00000000
4081705c
00000000
00000000
00000000
00000000
00000000
40c9938b
3f919f7e
00000000
4071b203
40ec45b4
4114b6e6
40905250
00000000
40ab2522
00000000
40b9bdd3
40255ba8
00000000
00000000
40d8840d
00000000
40a594d1
3fa65ed9
4025bdcb
00000000
00000000
40b0ead1
00000000
401b00ca
3fc1a201
00000000
00000000
4061ea8c
4062ead1
4109e6e2
00000000
3fdfc23c
00000000
409d22cd
00000000
00000000
3f9cab58
00000000
40912fe9
3f2062f5
00000000
41374c75
3fe61021
00000000
3fe4efae
00000000
00000000
3db63c06
40bf064e
00000000
40b5ccec
408f4ca8
40ed47db
40630b1c
40d618c1
00000000
3f2de384
00000000
40fa36c9
00000000
00000000
00000000
00000000
40e1ce97
00000000
40785fb5
00000000
3f4b9221
40ccc821
4138423a
00000000
40cc0752
40f6f88d
00000000
3f23158f
00000000
00000000
00000000
409e7e47
3ff5cd37
00000000
41050b80
3fc872df
40aae25b
00000000
00000000
00000000
00000000
3ef4649e
415648d5
3e63cfc3
400d71a7
4108f06c
00000000
00000000
400431c9
412c04f8
00000000
41002fdc
00000000
00000000
3fc0a371
401e773d
40b5babd
00000000
00000000
00000000
41139a91
40849ad6
40fc2a8e
00000000
00000000
40c03edf
40d91a4a
3fc1b6ea
00000000
00000000
3fb02535
40277fa5
00000000
4038f1ef
00000000
00000000
4087bd1d
3d05a8ac
40b59208
3fa45dfe
402038d1
00000000
409453d2
00000000
40831476
00000000
3eb18030
00000000
40915d61
00000000
00000000
404c90f9
00000000
41010cfc
3f363b7d
41477ab2
00000000
00000000
3f95e220
00000000
3f0be7fa
40e2b379
3fdc0621
00000000
40e5035c
40872c7b
40afb102
00000000
4010e6a9
4026e48b
403693ce
00000000
3fb33632
00000000
00000000
40418cf7
00000000
4108e142
00000000
00000000
3f04670a
00000000
412cc9a8
00000000
3fa7b18b
403e7e47
409118f8
00000000
00000000
00000000
3f67e7d1
00000000
414c2c95
00000000
00000000
3f85e0f4
00000000
4083f7aa
00000000
410037d2
3f55e8a3
00000000
403dae3c
00000000
00000000
3f3b93b9
40425dbb
3ffe37ad
00000000
00000000
00000000
00000000
00000000
41055fc7
00000000
40080630
00000000
00000000
00000000
00000000
3f86a343
3f6cacbd
00000000
415ebabf
00000000
40c5ac3c
00000000
3f7d2a85
40e29f13
00000000
00000000
408a60b5
4065161f
40a75514
00000000
00000000
00000000
00000000
00000000
00000000
40a1d289
3cccd708
00000000
414dd1dc
40a87cbf
00000000
00000000
00000000
4021e9c2
40c48a29
4092f804
00000000
4109e0aa
00000000
4078fca6
00000000
3f976411
00000000
00000000
00000000
00000000
00000000
40b6615d
00000000
00000000
00000000
00000000
40b488fd
3f7b0d29
00000000
00000000
00000000
00000000
00000000
3dd5f9f6
00000000
00000000
00000000
41010d46
3f8e526f
3f43a33d
00000000
3f12e50a
40c31dad
00000000
3fa85bc4
00000000
40088733
3ff9053d
00000000
404841b9
40febd87
00000000
4100b74d
3dca103e
40c5ff0b
412bc4d2
40a121a4
40bf95b8
3fddeaf1
00000000
00000000
401e5c56
4031a459
3fcf4d48
40e33231
40b8c026
00000000
00000000
00000000
00000000
00000000
00000000
00000000
00000000
00000000
00000000
00000000
40bc29e1
00000000
00000000
00000000
406a349d
00000000
00000000
00000000
3fd0bd0e
00000000
00000000
00000000
4084bdaa
00000000
4003e4f1
00000000
40ce91b2
00000000
3fe628c5
3fa4479b
00000000
00000000
4090020e
40a4ce1d
00000000
00000000
3f6170df
40120c86
40b6fb97
00000000
00000000
409b09fc
00000000
00000000
3fc75748
40c1bbaf
00000000
00000000
00000000
410cd77c
00000000
00000000
00000000
408785f7
00000000
00000000
00000000
00000000
00000000
00000000
00000000
00000000
00000000
00000000
408fc2f7
4083cd62
00000000
415dbba1
00000000
00000000
00000000
00000000
412031fd
40ea0e92
00000000
00000000
00000000
3e978334
00000000
3fba4787
415c01db
3ff5747f
40ab076b
00000000
00000000
00000000
40b9946f
408cb3f0
00000000
00000000
00000000
4110ef85
00000000
40607b86
00000000
41492d1b
409a9113
00000000
407fb39e
00000000
00000000
00000000
412212be
00000000
00000000
40375bd0
3f6ceba3
00000000
00000000
404caa07
413ceb71
00000000
3f79f16b
40a688e9
00000000
00000000
4075d617
3f9e9fce
00000000
00000000
40c3c61c
00000000
40b6520f
00000000
402c187d
00000000
00000000
4029635f
3f517411
00000000
00000000
00000000
3fbf9194
00000000
3f2bf1bd
413cb644
40764cc8
00000000
406e42e7
40ddb8c6
3fa37d85
4096b727
00000000
409fd8d6
409a26a5
00000000
3f239290
00000000
00000000
40ae00c1
4096c196
40cff223
00000000
00000000
00000000
00000000
00000000
40213ff8
412e4d60
411bcef7
3fbe1d45
3fabb695
00000000
3fe12435
41562c6d
400d085a
00000000
00000000
3fb1ba9e
00000000
00000000
00000000
3f27afd9
00000000
00000000
00000000
00000000
4149c1a5
40a6d49f
00000000
00000000
4002108b
00000000
00000000
00000000
3f1b06f8
00000000
3f1861e6
412c9dcb
40dcde8b
00000000
3e9d96e4
40a42519
00000000
40e0168b
00000000
00000000
00000000
412402ba
00000000
414b74ca
00000000
40a84138
00000000
408b9b73
400f6294
4053e7cb
412d5b7d
00000000
40ecf92f
00000000
00000000
4052b39e
00000000
40413002
41042e4b
3f07bbbd
00000000
405c909d
3fe77219
00000000
00000000
411ee8d7
00000000
00000000
40736385
3f185115
00000000
40a3e220
00000000
00000000
40aa6645
00000000
00000000
00000000
3edf3024
40da5c72
3f80c524
40f4cd56
00000000
40bc020a
00000000
00000000
00000000
00000000
4075f656
4086df28
00000000
4033db08
00000000
4118520f
40bbdef5
4090159c
40c080ae
00000000
00000000
3eaf80ba
00000000
00000000
40daa3b3
40ed58eb
40041d82
00000000
405a8174
404f2852
00000000
00000000
00000000
3ff98bca
00000000
00000000
3f7e2525
40437dea
40b1dbe7
00000000
00000000
404b3a60
00000000
00000000
00000000
00000000
3e4baac8
00000000
00000000
00000000
40fcb031
4092ac0f
401a724e
409c6fd6
413d42be
00000000
3c9fe7a0
00000000
3f0fad6d
4162e3c3
00000000
3f21cbbf
00000000
3fdbd366
40bc053e
00000000
40af3e47
3fe169b8
410501c8
00000000
00000000
00000000
408c91bd
00000000
407e50fc
400bab07
402f1460
00000000
00000000
408edf90
40b7f01a
3fdfe312
00000000
3feaadb6
00000000
411e5439
3fddadbe
4009a856
3fcd602c
3ff7e062
404f2620
00000000
3eaf84b6
00000000
00000000
3fe3056a
00000000
412cb4ac
401ea691
00000000
401ea5dd
40fa483f
00000000
3fc5bec2
00000000
3ead49f2
3f6d9627
00000000
40be5d5a
414bb398
41070a66
00000000
3de61338
00000000
40f586f7
00000000
4105e497
40fea83d
00000000
407d2ba6
00000000
00000000
4140175f
409f112c
00000000
3e9b61fe
409143eb
406c0424
00000000
410acdd3
00000000
3f90aff2
4090bfae
40842cab
00000000
3f262cc7
00000000
3db52318
00000000
3f888ad8
3f675a6f
3edfba36
00000000
40a68dea
00000000
4000a687
00000000
00000000
00000000
4097da21
405ce3c0
3f908314
4035ef1d
00000000
411438b4
3f0c4ccd
3f8847b0
40d9febd
40b7f2cc
00000000
00000000
40b49a8c
00000000
412ff8af
3f110aa5
00000000
41168332
00000000
4146ebfa
3fabd062
4056e0f0
00000000
00000000
3f9c8bcc
40aecbac
00000000
41364bf4
00000000
00000000
00000000
40d82df8
406e6a88
404f94a7
40e7a1f0
00000000
00000000
3f1411e9
4073d12e
00000000
3e8a2968
3f9f4bdc
3fd603fc
402d53e1
402529ad
411d9bd0
00000000
40eefde7
00000000
3e830f6a
40d11a2a
00000000
40c64742
00000000
3fef39f4
40405b06
00000000
3f94d374
3fdf46ee
00000000
00000000
00000000
40b6c8af
00000000
403ca3c7
3fa46a6c
40c066ef
40bda9d7
404b9816
00000000
00000000
416279eb
3f2c8171
00000000
00000000
4129642a
00000000
3e0b2e90
410230f3
00000000
4150fa23
3e69f8a0
4026377a
00000000
00000000
00000000
40995a71
40873a48
00000000
40d26c5d
00000000
00000000
00000000
00000000
3ff66d3c
406860c4
00000000
00000000
4138893c
00000000
409a03bd
00000000
40860cab
00000000
40f6127b
40a1c46a
40dd28d5
00000000
406db934
4053b8be
00000000
40bbeb7e
00000000
00000000
40a1bee3
40d567f7
40aa7bea
00000000
00000000
3f933aa6
40d12bab
00000000
00000000
00000000
00000000
3fde56ce
00000000
00000000
00000000
00000000
00000000
00000000
00000000
407680da
00000000
40a7d733
4043ed64
00000000
40531524
40798a72
3f84be8c
40e0f440
408b3739
401caec2
00000000
410797a7
00000000
3e4d1df8
00000000
4061b8ac
3fbe7242
00000000
00000000
413aecd9
00000000
40c311e2
00000000
00000000
3eaa544a
3feb9654
00000000
41032a1d
00000000
403ed7a2
00000000
40a7bf88
00000000
4130f662
00000000
413bae5b
00000000
405b9130
404c95c0
3fe71232
00000000
00000000
40d5cdbd
400a1d60
3fdd552e
4089ef81
00000000
00000000
406f3b8e
00000000
40371cf1
00000000
00000000
3d4122e0
00000000
00000000
40baaabd
4095dd6e
00000000
00000000
4113ae9c
00000000
3fd139be
00000000
4081174a
00000000
4102106b
4106bbdc
3f5fa67f
40a84555
3ffb74ca
00000000
00000000
00000000
3f1c66af
4045ecc1
40a11e75
40842d74
00000000
00000000
40b42de9
00000000
4094650c
3bc38780
4055c814
00000000
403cfa93
40a32c0f
00000000
3f395c33
00000000
40cc2d56
00000000
4028af88
00000000
40a69ec0
00000000
3f73c787
3fcfd96a
00000000
414498c1
00000000
00000000
3e9bdcca
3f34800b
409f345c
4035410b
00000000
3f32f439
00000000
00000000
00000000
00000000
41029a7c
00000000
00000000
40b9a8fa
410ee852
00000000
00000000
4158e09b
00000000
00000000
416d105f
412438d1
00000000
40f2aabf
00000000
00000000
00000000
402de661
00000000
00000000
00000000
3f87691c
00000000
401f3a38
00000000
404f3b86
00000000
411904df
00000000
00000000
40470ae0
410dcf54
00000000
00000000
40a23933
00000000
40ffa51b
3e4fb12c
4127501c
00000000
40d501cb
41633958
40484414
00000000
00000000
00000000
4183723f
4000cb1a
00000000
00000000
00000000
40d6e9fe
3f4a5e57
4018f840
4146be40
3f9c59b4
00000000
00000000
00000000
00000000
40b8f7d7
3fbba7fc
3fe0e17c
3e36de0c
4031eabb
3fed635c
00000000
00000000
00000000
40ba3e2d
3f7c37f7
40b2b0fb
00000000
411e3d18
3ef04ac6
40ba2623
4024cd2e
408d6399
3db3e478
00000000
411759c1
408bfc8e
00000000
4090150d
3ed6854e
00000000
00000000
407d2838
3ffd3a4c
40adcc83
00000000
4117afdd
00000000
00000000
40768b72
00000000
3f083e97
00000000
00000000
40f6363b
40fa8267
408a4a9e
40dad2b8
00000000
40ba1514
40a5d95c
00000000
00000000
4130c9e0
00000000
3f8292e8
00000000
3ef69ce2
00000000
40e83840
00000000
00000000
00000000
40ad83c7
4034170b
00000000
408215fc
411faac0
00000000
4033c3ee
40069101
00000000
4072c910
40251fca
00000000
40ca4245
3de8f6b8
3fca80e2
00000000
40da28e3
00000000
00000000
00000000
416a0cfb
3fd67ff4
00000000
409b7bda
00000000
413e8adc
00000000
40787c38
00000000
00000000
409917ae
00000000
00000000
40b06ffd
3e02c76c
4057fbf8
00000000
40e1a353
00000000
40cd0490
408880f0
00000000
00000000
00000000
00000000
409a27e9
00000000
00000000
40553162
00000000
413c0dec
40d49c1b
3f8f9694
00000000
41187220
00000000
409e9556
4067c642
00000000
00000000
41176ced
00000000
3f5527e7
00000000
3fc00078
4106cb15
00000000
3fa26888
4102c089
00000000
40b359d6
40f7df79
00000000
413b5fab
40e31b33
416a9872
00000000
4108f0f2
00000000
409838d8
3f4451e5
41419fb3
00000000
3fd6857c
00000000
3f28c95b
3f12ce55
00000000
409d1bc8
402c850f
00000000
00000000
00000000
00000000
402f1df8
3f988402
3fd3f6c0
00000000
00000000
00000000
00000000
3f797b95
411c837c
00000000
414efb5f
3ecbe12a
00000000
00000000
404d4239
4040cb62
40baaffa
00000000
3fd62d7e
00000000
40849a17
40ddbeb0
00000000
4162c86d
00000000
00000000
409c63af
40bbd80f
00000000
00000000
4077ea24
4121294b
00000000
4102c891
00000000
00000000
4081ea1b
00000000
410a5824
00000000
411107ba
3feba35c
00000000
40d2d0e1
4001ec45
41268f18
00000000
00000000
00000000
40aa94cc
00000000
00000000
4091def5
403ec4fb
40c2e97d
00000000
00000000
409148b2
408131de
00000000
416fb803
00000000
00000000
00000000
411e49c1
00000000
3f1f2617
4026bd83
00000000
3fa0aad2
00000000
40d92135
00000000
00000000
40bda3d4
00000000
00000000
00000000
4035cb69
40ea3139
00000000
40f3ff23
00000000
40eb3305
00000000
41259e84
00000000
3f12b4bb
40261be8
00000000
00000000
00000000
404cd0d5
00000000
3f7546eb
40b36c51
00000000
00000000
404b3fc8
00000000
40e62ffc
00000000
3fb8faa8
00000000
3ed0a346
00000000
00000000
00000000
401b5156
00000000
00000000
40d7a0bc
40789628
00000000
410eabb3
00000000
00000000
4093fd9e
00000000
40ab3173
40831a40
3faf7d96
3ea24ef2
3f09c617
00000000
3fce94e2
41015252
00000000
00000000
41037e7b
4089301c
41558306
00000000
408ef67d
402367ea
400405a1
40ba5d5f
00000000
40d12ae8
400c2ad3
40a04df5
00000000
3ee835ba
00000000
00000000
41454bf8
402cf2c9
00000000
00000000
40823732
40a3c2ed
4068f42c
400383c0
00000000
3f0bba05
3fc54aa8
00000000
404f20ed
40312d71
40489c22
4087868d
00000000
410b791a
41192fd4
3ff7238c
00000000
00000000
00000000
3e94aaa6
00000000
40c9fdf0
00000000
00000000
3f435f0d
3fee3440
40d9e4f7
40351ee7
00000000
00000000
41001166
00000000
410ed2ca
00000000
00000000
40347712
3f6cccbd
00000000
40f0b6a9
3f265d33
4012ae9c
00000000
00000000
3e301cc4
4084689d
409c94c0
00000000
00000000
00000000
3dbed0d8
00000000
00000000
40174060
400a033f
3fee71b6
00000000
412b6e62
00000000
00000000
411f4a5d
3f3829eb
00000000
401242b5
00000000
409e3d67
401bb790
40127606
41427210
00000000
00000000
00000000
00000000
00000000
00000000
40fa0077
00000000
00000000
40c912f1
40532fe6
409028b3
3ff1db08
00000000
4095ed02
00000000
40e8a1c1
00000000
00000000
412cb93d
00000000
00000000
00000000
00000000
00000000
414a3d0f
3fd4f91a
00000000
41331d87
00000000
40a71bed
00000000
3f941508
40399b14
3ff44758
3fda7ebc
00000000
410206a2
00000000
00000000
4067893c
409e7704
40baaa91
00000000
00000000
00000000
3f99e37c
40c7bd46
00000000
3f2267f1
3faa4322
00000000
00000000
40518c89
40f14b2d
4073c5bc
40fdbaff
00000000
40d1a1f2
00000000
406cef3e
4187b105
00000000
4052921e
409fff02
00000000
3fc109a8
00000000
00000000
40b1ff21
00000000
00000000
4162c8be
3f2ebe5f
3fb6fe18
00000000
40bf8af6
00000000
40816831
3fbf21ba
00000000
40cfc7ed
40c3ec8e
40785b0c
00000000
00000000
00000000
3f63fe31
00000000
40ba07f3
00000000
40d30b1d
40b48425
00000000
40312370
411e2782
00000000
40d5f8c4
411dfdd1
3f504dd7
4011b822
40b6cd1f
40b6575c
00000000
00000000
00000000
40b896dd
4080e2c8
00000000
408d4e98
00000000
00000000
4126972c
00000000
00000000
00000000
40e9f313
00000000
40c97f19
00000000
40bfa7e6
4105ec52
3f131e4f
00000000
4041a0da
403f6e0e
40b8d9bb
00000000
4098cf34
3f276187
00000000
40c8334e
00000000
00000000
00000000
4138170f
00000000
40706ab0
4089063c
00000000
416b0a85
4098c852
00000000
00000000
00000000
40e23fb5
3f451b6f
404dad9c
00000000
40adfb75
3faaa978
40ba32c7
4089b24c
00000000
3f53628f
4142b3c1
40cf9926
40a1094c
00000000
00000000
3fd21c06
40317b6b
00000000
00000000
00000000
40992797
00000000
00000000
414892d8
3eb8c5be
400fc155
00000000
00000000
00000000
00000000
405db5fe
00000000
40cf813b
00000000
3f9b1980
00000000
40dbe2d4
40d1af6b
00000000
40aa62ca
3ffb27a0
3f8012d0
4098e4fe
00000000
00000000
00000000
3fc966ca
00000000
00000000
4129d8bd
3e9b9892
402de233
00000000
408821ff
3f70de07
00000000
407cb886
00000000
41161323
00000000
40d07716
416718cb
408b6e7b
00000000
3fb7bc74
00000000
412db328
405c409e
40890ca7
00000000
406fa748
3ff45392
00000000
40a7b74f
00000000
40e09bde
40b3b8c8
407cc74f
3f6e798e
00000000
40074a46
40f44bc6
4049a5c0
40ac7f66
3fe8a63e
4115ca3c
409b699a
4005c095
402ec12a
402f43f9
40d9495c
00000000
3fabd202
40f6469a
40dc53d4
00000000
40fbc696
4073ad8b
410165ba
3f78a5c6
3fd89b2e
40c717ac
410eae27
3fea89b8
3faaedf6
402e4ba7
400f8dfd
406a7de1
00000000
00000000
00000000
3f02d49a
40bb0640
00000000
00000000
3febf3ca
00000000
40697fbb
00000000
3f8c3cc7
00000000
00000000
401812a9
3fa16d0a
00000000
40cc6378
00000000
00000000
4015a2be
00000000
40718b01
3e85f894
4070ae0f
00000000
406cbb59
00000000
3feed84a
00000000
3ebef46c
402b3ffe
00000000
3f0ce95c
00000000
00000000
00000000
00000000
00000000
3fe692ec
00000000
40bbf0ea
4027ce2f
4046b29d
00000000
40824f32
408612d0
00000000
00000000
4051d9e7
00000000
3fc3fac2
00000000
3e0fbbb0
3f9f53ba
402fb6f6
00000000
3e1d2d84
3ffb6202
4028711a
00000000
00000000
3e7ec610
40c0fc2e
3ea2d288
3fe15eba
00000000
00000000
40a4a4e8
3eda6d90
00000000
408ed9b0
3f7fe702
3f3e484c
3fbc8f8e
405bb9ad
00000000
40d1e170
00000000
00000000
401e9f4d
00000000
40befa58
404d72cb
408ef23e
00000000
3f691834
00000000
00000000
00000000
40244a92
00000000
00000000
00000000
40d31a9e
40a3f410
4012abf1
3fbefc26
00000000
00000000
3fa80b42
00000000
00000000
3e014b44
00000000
3ebc1660
3f224096
00000000
40a1557a
3d8bd6b8
3fd781a2
3e49a650
3fd37dba
3f1c504e
00000000
3ee9036c
4024a919
00000000
3fa24192
40217272
00000000
00000000
00000000
40807f00
402faddc
40a4ae50
3ea5cb8c
40b19782
400cfb75
400ea591
00000000
00000000
00000000
3e502730
4089c894
00000000
00000000
00000000
00000000
00000000
00000000
00000000
00000000
40626813
00000000
403c857b
00000000
3f23abde
402787fa
40ad7334
3fcda454
00000000
40443430
00000000
401844c2
40653ae7
40715399
4048a592
40a7a5c8
40b9f9e0
00000000
3fc14134
00000000
00000000
00000000
40105e5a
3d3883a0
00000000
00000000
402bfa8f
404faebb
403f362b
00000000
400ed372
3f7c7e28
00000000
3e9e38cc
404e1edd
3f81c830
00000000
40b79c14
40219a81
00000000
3f351966
3f8882d1
00000000
40bb7360
3faada7c
3ea83984
00000000
402b349d
40aca73e
409923c2
3f975df4
00000000
00000000
40342c85
3f00e760
3fec45bc
409eaf74
00000000
3ea8a860
408e358e
3fcf95d6
00000000
3f8d0c8c
00000000
00000000
00000000
3f227730
00000000
00000000
00000000
400a4a9e
00000000
3f554090
3e16ff08
40293362
4044086e
00000000
00000000
409c121c
403987a8
4071e963
40abf730
00000000
3fea9672
3f369110
4068ff09
00000000
408cc158
00000000
00000000
00000000
00000000
3e761eb0
00000000
00000000
00000000
3ff90cdc
4031dc58
00000000
3fa8104e
408251d0
3fd5327e
401ba828
400dfe96
40bcb818
3e993588
3f45d290
00000000
00000000
405e64b9
40683407
00000000
40d822a6
00000000
40cea2c8
40963bcc
00000000
00000000
00000000
00000000
400e9742
00000000
00000000
00000000
00000000
3ee2dcec
00000000
00000000
00000000
00000000
405ad6ab
00000000
00000000
00000000
00000000
00000000
00000000
00000000
40fb4558
3de16a00
4088ada4
40adf2bc
40b2ff2a
00000000
40f072a0
40cfe144
40230f86
3f9ec4fe
00000000
3f513eb0
3b60d800
00000000
3fdc2d6c
00000000
00000000
00000000
00000000
00000000
40bb694c
40776af1
40c21e02
00000000
4045707a
00000000
00000000
4067b3f3
3f19bf2a
40076863
00000000
00000000
4056af19
40b7bce2
403646a2
40108744
3ffca948
00000000
40951a8c
40c3df48
40493f53
3fb61890
4083e706
408648c0
3f4045c8
3fe972ae
00000000
400b55f0
00000000
00000000
4091ea96
4022e121
3fd4e772
00000000
40265be3
3ed65278
402a030c
00000000
3fca0392
3fabf580
3fc54fb4
00000000
00000000
406a8a2d
00000000
403417cc
3fb18100
00000000
00000000
40389319
4114f744
3de69ba8
00000000
00000000
00000000
40abfb54
00000000
3d87daf0
00000000
4035e04c
403697da
407fbf6d
00000000
00000000
00000000
3f8b9d67
400d6de0
3f8d6214
4060ca09
3f5c2f02
00000000
00000000
3fa395b8
00000000
40860ea6
40138b35
00000000
3f955f4e
409fc7e8
00000000
00000000
00000000
40b4d064
00000000
00000000
00000000
00000000
00000000
00000000
00000000
00000000
4002025a
40176b8d
408639ae
00000000
3f210490
00000000
00000000
402d3553
00000000
408f0026
00000000
00000000
00000000
00000000
00000000
00000000
00000000
00000000
3ff154b2
3fcdae58
3f5ebd6e
00000000
00000000
402aebeb
00000000
00000000
4041dae9
4017255c
00000000
406d3f59
3facb45a
00000000
00000000
00000000
40137137
00000000
40055c78
00000000
00000000
403a04cd
00000000
40598985
00000000
3d0cfc40
00000000
00000000
405f2ccf
00000000
40ca41dc
4035f227
3fea66a2
00000000
00000000
00000000
00000000
3ff0431e
40189024
00000000
00000000
3e1b9a30
00000000
3f0eee30
00000000
00000000
00000000
00000000
40b08936
3feaceec
00000000
40551def
00000000
3fd2272e
00000000
00000000
00000000
3fb1dc70
3d5cd1e0
3d4b6420
00000000
00000000
3f7b7c26
3fbeb02e
00000000
40535a6b
4082ad24
00000000
3fac4264
40e190ce
3ed6babc
00000000
409b01aa
40014893
400293b3
3f7e61f8
00000000
00000000
40a03dae
00000000
40d033ea
00000000
00000000
410a34d4
00000000
3f1c7b64
00000000
00000000
40102179
3f83d5d7
00000000
40d25316
00000000
403503c4
40017c0d
40e2ad48
00000000
00000000
3fdbe87c
3e450b10
00000000
40a2eab2
3ea934d8
4088a636
3febc5ac
3deaf7f8
4059e9c1
00000000
00000000
40b30edc
3e8b6f98
00000000
407f5395
4098d0e0
00000000
00000000
00000000
3f8a2b24
00000000
3d66b970
4049aebb
00000000
40b492de
4007e9b9
00000000
00000000
4052b2c5
00000000
403e1f73
408000cc
3faeb86c
3edaa868
3fd7c4fe
40c11fa8
401f144c
4051c371
00000000
403f049b
4046235d
3f273890
00000000
40191e79
4012839c
407b6933
409b3ede
40667bc7
00000000
3f84c92c
00000000
00000000
40ef118a
4099bcae
3faba55e
00000000
00000000
00000000
00000000
3fa1a112
40012503
00000000
00000000
00000000
00000000
4058c9cd
40767b33
40a7f584
4000ada4
00000000
00000000
3ffe42a0
3e2460e8
40192225
4026c74c
408e4374
403b9899
00000000
403aa2fa
00000000
3fecb6c4
3e313100
00000000
00000000
402b57ed
3f80e210
00000000
00000000
406022d5
00000000
40482dfa
00000000
00000000
00000000
3dabd6c0
4024472c
00000000
40390def
40097d2d
40efaaa0
00000000
00000000
3f3d2a40
00000000
3fc1f69c
40a710e2
3fec1016
00000000
00000000
40372d00
00000000
3f5bf5a6
40854f9c
40a1ccca
404d8dff
00000000
40523b65
407c427f
00000000
3fcce594
3f0c34a0
00000000
40367043
00000000
3e3d8c08
00000000
00000000
3e9f77a0
40844060
3f2d820c
00000000
4038628a
00000000
409459d8
3f20838a
00000000
40cdca34
3f85a938
00000000
3df36340
3fd8f33c
3e789730
403b92ac
3f8186f4
409d008c
3faacc84
00000000
3f25dd46
3f0e3c1c
402a44de
00000000
400923a7
4061304f
3f83c648
4015c5f7
00000000
3f2c66cc
00000000
00000000
3e50b7a8
00000000
00000000
3ff42f2c
40fd7ebe
00000000
4062a161
00000000
00000000
401f1ac4
3f4193f0
00000000
406dd81d
00000000
00000000
40704fc5
00000000
3df8dd30
00000000
00000000
40384d75
00000000
3fc8c07e
3fd85e90
401bf0ad
3f2fceaa
00000000
3f4e2820
00000000
00000000
00000000
3f8eda44
4017a358
00000000
3f918c19
3f84c2b8
40cb724e
00000000
3f8b5465
3fc7d1b4
00000000
4083643a
4053526b
00000000
40c17134
00000000
4038a045
00000000
3f450090
408b8d14
00000000
00000000
00000000
00000000
3fdf5cf4
00000000
00000000
00000000
00000000
4046d3b6
3f8fe9d4
3fcb6956
00000000
3e6b7ca8
00000000
3f545906
400a8596
00000000
4047e72d
00000000
4056fdc9
00000000
00000000
3f3d4e08
3f03a60c
00000000
4023354c
00000000
4009b3b0
00000000
401aaf50
00000000
3fa4f256
404f598b
00000000
400bf91b
40bd7474
00000000
409f869c
00000000
40183048
40a8c2ec
00000000
00000000
00000000
3f9a3e58
00000000
409bb408
40a0e6a2
3e2aeaa8
410a973d
3e75a660
3fce2b60
00000000
3fc121a2
00000000
00000000
3fa07e86
00000000
40a23e70
00000000
00000000
3f099762
00000000
4056ca61
3e6472f8
00000000
3f21d6b2
401940a6
00000000
00000000
00000000
3f881321
3fb1cc26
00000000
3fd86b14
40087163
00000000
4037b3c5
00000000
00000000
00000000
4046b5c3
3f8fd26b
00000000
3ed12b00
40d74332
3e5557e8
400bdf19
00000000
00000000
40b81b28
00000000
00000000
4094bd36
00000000
00000000
00000000
3f32550a
403ab571
40f8314a
00000000
00000000
00000000
40877218
3df02970
3ff0e6a8
408a79fa
3f416bc0
00000000
00000000
402655d6
00000000
00000000
40957fe6
00000000
00000000
3f473258
00000000
3e4cfcc0
00000000
4071f0f5
3fec19c2
4065955d
4066c49b
405ae109
00000000
00000000
3fccecd2
3f9d46b2
400bb7f2
40afb18c
401cd3f4
00000000
00000000
00000000
3f63fe6e
00000000
4005fed9
00000000
3f7390aa
00000000
3ee2cb4c
3fcc5a62
3fbb74ea
3eb34fc8
4045abf0
400e1aa1
401f31d3
00000000
3f3a9772
3f84756a
00000000
3fcfd0aa
00000000
3ff81d54
00000000
402d4e2a
00000000
3fc432ba
4025f570
00000000
40d2ef82
4068c0c5
00000000
3fc06880
00000000
402707e9
00000000
4054df5b
3ffbff78
00000000
400b7107
40229bf8
00000000
00000000
00000000
3fd1e338
40c6f908
3ffd340e
00000000
00000000
00000000
3fb0dfa8
00000000
402a2d23
00000000
4099c37a
3e5fdc50
00000000
40afa5e0
405442e9
00000000
3ee6ee48
00000000
00000000
00000000
407c9181
00000000
4030264f
3e3d9500
406c8bb7
00000000
00000000
00000000
00000000
00000000
3f11cbea
406e51ad
40473b37
410248ff
00000000
3f492620
4068143d
400c84da
00000000
40147109
3fccb9fc
3fc2a8f0
00000000
00000000
00000000
00000000
3f4a195c
00000000
40849bf2
00000000
408eb956
40c4f916
401a9d5c
3f6ea254
402bc68d
00000000
40c06ac0
00000000
00000000
00000000
3d9a6ee8
4011ea12
00000000
4066e68f
00000000
408c7ccc
00000000
00000000
00000000
00000000
00000000
3f499384
00000000
40935d44
00000000
40a30762
00000000
3f1aeaec
3e790318
4094700e
3f70d1dc
402c5e82
3f035e50
3ead5480
00000000
3e06f5b4
00000000
3f83296d
00000000
3e3b7850
00000000
00000000
40f2cd24
00000000
404b8a15
405821bf
00000000
3f87f8b2
41076860
41028830
3f97d2c7
3f8ae321
00000000
00000000
3fab9ca1
40926186
406756b9
00000000
40021406
40a0baf0
00000000
00000000
00000000
40a98bff
404e87da
00000000
00000000
4101af68
00000000
3f2b06c2
3ec95f46
40a1288c
40cf3597
00000000
00000000
4093577c
40b6a4a4
00000000
00000000
00000000
00000000
00000000
00000000
3ea330d2
00000000
00000000
00000000
40fd5131
404d60f4
00000000
40b31ecd
00000000
400d4f78
400e8192
00000000
00000000
407a97e1
00000000
3f87a6ff
3fbde769
00000000
00000000
00000000
00000000
00000000
00000000
00000000
4073d8d5
407a1360
40909c9c
00000000
00000000
3e72d288
4026b6d2
40f1221c
00000000
00000000
3fcb2369
402ff8ea
40c2f1bc
00000000
00000000
00000000
00000000
40dcb656
3ebef7ca
40e723a5
400a6bca
405866b8
00000000
402e400b
408f94e6
40294ebc
00000000
00000000
4018154c
40be9cac
3f493914
4097b8bd
40afff0b
4014d894
00000000
00000000
00000000
00000000
00000000
40d513c2
00000000
00000000
3cdd0780
3f97fa99
00000000
40c2ad2f
3ff1334c
3fee1933
3fb8eea5
00000000
00000000
4091c835
00000000
00000000
40a2312d
00000000
00000000
400423e0
3f94406b
00000000
402b8c35
41293a3a
00000000
00000000
00000000
00000000
00000000
00000000
00000000
00000000
00000000
40a528bf
00000000
3f053a2c
00000000
40baf1a9
00000000
4068721a
00000000
00000000
00000000
00000000
00000000
00000000
00000000
404f7279
3f79bc04
3fd079ce
3efacf89
00000000
4122effb
00000000
00000000
40a4a6d6
00000000
408ab2fb
00000000
00000000
00000000
00000000
00000000
405d25aa
40ef2a47
40e4a9fa
40f9925f
40454147
3f2fc5af
00000000
3fe6ec11
00000000
00000000
3ecf80ca
00000000
00000000
401eb7e3
00000000
00000000
4080d0b6
00000000
40030ac4
00000000
00000000
00000000
00000000
40637242
4066376d
413f1943
00000000
00000000
00000000
00000000
00000000
00000000
00000000
3fe9184e
40666589
00000000
00000000
00000000
4083f04b
00000000
00000000
00000000
00000000
00000000
41123669
40b9f3ca
4055b9cf
00000000
00000000
00000000
3f85cedd
3ecfc55c
00000000
00000000
00000000
00000000
00000000
410ab006
00000000
00000000
00000000
00000000
00000000
00000000
4080a9ea
41003ae2
40bbb64b
3fd5102a
00000000
00000000
00000000
00000000
3fe214b2
00000000
00000000
00000000
3ff5b38a
00000000
00000000
3f306e72
40ba98fd
00000000
00000000
00000000
405dc810
00000000
40ef9c57
00000000
00000000
4091c829
00000000
3f5abdd4
40e244eb
409dfcf8
401f5f94
3e96c6cc
00000000
3f7ac417
00000000
00000000
3d254060
00000000
00000000
00000000
00000000
40458c81
410302d2
3f404e99
40a8ce2b
00000000
00000000
00000000
00000000
3f393778
3fbef88d
4078d3ff
00000000
00000000
3f0b8e2e
00000000
00000000
00000000
00000000
00000000
00000000
00000000
00000000
00000000
00000000
00000000
4003ae50
00000000
3e2ab4e0
00000000
00000000
00000000
401aec32
00000000
40b64f64
00000000
40e64b97
00000000
00000000
4092fdc0
408ceeac
3f9dc2e3
00000000
3fa0dae3
40ca1b14
4059bcc1
00000000
3fd1c2fa
00000000
00000000
41669b91
40a35f0b
00000000
00000000
3fae2cd8
00000000
00000000
00000000
00000000
3f7fc46f
00000000
00000000
40860227
00000000
00000000
406f73e7
40b836e8
00000000
3fe8447a
00000000
3ffb28e0
00000000
408e6468
00000000
4054d457
401f82ea
00000000
40827ae4
3ff48d84
404dce67
00000000
00000000
409462d8
00000000
3f804f8e
00000000
00000000
00000000
00000000
00000000
40783751
40bccef0
00000000
00000000
00000000
00000000
00000000
3f3bec9c
00000000
3fe2d2c1
41259551
00000000
00000000
00000000
00000000
40ab321c
402a28fa
40ad7308
3f40519a
00000000
415ef456
00000000
00000000
40f8a6e0
400eba3a
3df81240
00000000
40ddda9e
00000000
00000000
00000000
00000000
3f8aabfc
4115bfbb
00000000
3e51d5e0
00000000
3f856df5
00000000
40250780
3fcf8356
4126d44f
00000000
40680d31
00000000
00000000
3fd7ecda
3e7b8224
4001554e
3ff2fe1d
00000000
40357384
3dc269f0
00000000
40d0938e
3f998de2
00000000
00000000
3fe0a68c
4060cd4c
4010ba54
00000000
40963b1e
40e9ac60
413cb8ee
00000000
00000000
00000000
40208534
40a17dca
00000000
00000000
00000000
3f042414
00000000
4088ca3c
40ed9809
00000000
00000000
00000000
3ef5221f
4053579a
41243b04
407ea74b
4001b6a2
40a12c7f
3d2ae6e0
40d0885c
00000000
00000000
00000000
3f7bb6d4
3fe8a352
00000000
410df99f
00000000
00000000
00000000
405e4829
00000000
00000000
00000000
00000000
00000000
00000000
3f089a32
00000000
00000000
401a8306
3fa21805
00000000
00000000
00000000
3fd4701a
00000000
00000000
40bc3d54
41501545
00000000
408c802a
00000000
4081ede4
00000000
00000000
00000000
3fb2fdf3
00000000
3f9fb859
409aa5bb
00000000
00000000
00000000
40b34f40
3fdd167c
40060854
3f745846
00000000
40b48ca4
40b156fc
00000000
407419ab
00000000
00000000
00000000
00000000
409adda0
00000000
3dc7cc88
00000000
3f0aefb8
00000000
406b79b2
4027421d
00000000
00000000
00000000
00000000
00000000
00000000
00000000
00000000
40213c52
00000000
00000000
415f556b
40901ee4
00000000
409923f1
00000000
00000000
00000000
00000000
3fecffee
409becaa
00000000
3ffdf969
40a2f888
41274b54
40a6488b
40c4834f
00000000
00000000
00000000
00000000
3ffcf032
00000000
00000000
00000000
41222d31
00000000
00000000
00000000
00000000
40c72b4c
4099772c
403ace3b
00000000
00000000
00000000
00000000
00000000
00000000
409c0415
40112c4a
3fdcf8c2
405889bd
00000000
00000000
00000000
00000000
00000000
00000000
00000000
00000000
00000000
40d59d8a
00000000
00000000
4069c0b1
414a41b3
3ef3f0f2
00000000
00000000
3fa158f6
3fec7e69
00000000
00000000
00000000
40acdc2c
00000000
00000000
00000000
00000000
00000000
3f8b2920
4097feb0
4028ec24
00000000
00000000
00000000
413ab55f
40aed11f
00000000
40588522
3f2d0700
00000000
00000000
3fa5d6e8
40e7f191
3f936411
40ffacdd
4020db39
3ec285d6
00000000
00000000
40a834f0
00000000
00000000
00000000
00000000
00000000
00000000
00000000
40420f06
401e2a0a
40573cbe
00000000
00000000
401b6cfe
00000000
3fcbbf52
00000000
40926e8e
400967d2
00000000
4076e631
00000000
4081ff58
407eb461
00000000
00000000
3ea51f50
4068e8c0
00000000
4016edb8
00000000
40c067ca
3de3a578
40d703a2
00000000
4102a718
00000000
40ac2fb5
40a5755f
00000000
00000000
408837ea
00000000
40713200
00000000
00000000
407fd535
00000000
00000000
400b0d37
00000000
00000000
00000000
00000000
404dcac6
00000000
40942cc2
00000000
40025978
00000000
405cf172
00000000
00000000
00000000
00000000
00000000
4132c85f
40c18e27
00000000
40db1014
3f8424db
403a11e4
00000000
00000000
00000000
00000000
00000000
40555c6d
40646d36
40a0948e
00000000
41260744
00000000
00000000
3faf1f82
406c0758
00000000
4022a648
411d27a2
4000857f
404adbb0
00000000
00000000
00000000
00000000
00000000
00000000
00000000
3ffa8d97
00000000
00000000
00000000
00000000
4097b5d8
00000000
00000000
00000000
00000000
00000000
408d7a48
00000000
411e95d3
00000000
00000000
40767cfe
00000000
00000000
00000000
00000000
00000000
40a15064
00000000
3e77af80
41106277
00000000
408587da
00000000
3e012904
00000000
40e6bf42
4102abea
00000000
00000000
00000000
00000000
41116861
00000000
00000000
00000000
00000000
41063290
00000000
00000000
405f9eb0
40feb4b8
40861483
00000000
3fff4a00
00000000
00000000
00000000
00000000
3e8f7bd2
410eb9ce
3e997084
400b7927
00000000
00000000
00000000
40003a0a
00000000
4090871e
40473ba1
00000000
00000000
4073e410
00000000
40db15e3
00000000
00000000
00000000
3f8ed1cc
3e0b6604
41070876
00000000
00000000
40027835
406645dc
00000000
40607271
40a5713a
00000000
3f591772
3f5601ca
00000000
406bd271
3fb11345
00000000
4069d07f
00000000
00000000
00000000
00000000
00000000
3f06c488
00000000
00000000
3fb2b98c
3f38f08f
00000000
402993dc
00000000
00000000
40a24253
3ff69c74
00000000
00000000
00000000
40b914ee
4004b41e
403efbcf
00000000
40249ce0
3f454ffd
3f306e80
00000000
4074712b
4053d804
3f499ace
403f515a
40bb29eb
408fc878
00000000
40075d7f
41278354
00000000
00000000
40e13bee
00000000
40d0d28a
00000000
00000000
4044a1a2
00000000
00000000
3ed38484
41281425
410a4ea0
00000000
00000000
00000000
00000000
00000000
3f360fec
00000000
00000000
00000000
00000000
00000000
00000000
407d3d18
00000000
4008ea56
3fb78610
00000000
00000000
402f4234
00000000
3f61d92a
00000000
00000000
4036ccaa
00000000
00000000
3fa71690
00000000
3fe3203d
00000000
00000000
00000000
3ffe2f3f
00000000
4027bac9
4115cdc9
00000000
00000000
00000000
00000000
00000000
3ff069de
3e240088
4083cafc
00000000
00000000
00000000
00000000
409fb4c9
40c5b8aa
00000000
4012e52d
00000000
00000000
3fac0cae
00000000
405b44e4
4097d38c
00000000
00000000
401b31c2
00000000
00000000
00000000
00000000
407c4edb
00000000
00000000
408fb2c1
00000000
00000000
00000000
00000000
00000000
40e1dda7
00000000
00000000
00000000
00000000
00000000
00000000
00000000
412707c5
00000000
00000000
40add05a
00000000
00000000
00000000
3f3baefc
00000000
00000000
00000000
00000000
40c27445
40849357
3ec7567c
00000000
3fecd0d4
00000000
3eaeb4c4
00000000
00000000
00000000
3fdc01a4
40d1be24
40d04d26
00000000
40207570
00000000
00000000
40098a72
00000000
00000000
00000000
00000000
00000000
00000000
00000000
400c37a9
00000000
00000000
3f7958a8
00000000
3fe1652c
40ccae21
00000000
00000000
3ffc6b7f
3f3ac5b0
40866937
00000000
00000000
00000000
00000000
00000000
00000000
41569b1a
40fe83d3
00000000
00000000
00000000
00000000
413ec0bd
00000000
00000000
3fbe00f0
3fc2c9c4
00000000
00000000
00000000
00000000
00000000
3fe7498c
00000000
00000000
00000000
3f5c5b15
3db014f0
00000000
00000000
3feacfc4
3fcc6ecc
4125f60a
00000000
40955546
00000000
3f069326
00000000
4148be6e
00000000
00000000
00000000
00000000
403f9604
40482985
3f80646a
00000000
00000000
00000000
00000000
00000000
3f3a2ea2
00000000
00000000
00000000
00000000
00000000
00000000
00000000
00000000
3de7a850
3edb5122
00000000
00000000
00000000
3c31e780
00000000
00000000
3eda6452
00000000
00000000
00000000
00000000
00000000
3d872190
00000000
3ef6b6e8
402ebe28
00000000
00000000
00000000
00000000
00000000
00000000
00000000
3f6634b1
00000000
3fd2b954
00000000
00000000
00000000
00000000
00000000
00000000
00000000
00000000
00000000
00000000
3eff86b6
00000000
3f7ef881
00000000
00000000
00000000
3e470b90
00000000
00000000
00000000
00000000
4002166a
00000000
00000000
00000000
00000000
3f2117d0
00000000
00000000
00000000
00000000
00000000
00000000
3f005b0b
00000000
00000000
00000000
00000000
00000000
00000000
00000000
00000000
00000000
00000000
00000000
00000000
00000000
00000000
00000000
00000000
00000000
00000000
00000000
3ed3bcb8
00000000
00000000
00000000
00000000
3f6b4a99
00000000
00000000
00000000
00000000
00000000
00000000
00000000
00000000
3fd1d6e8
00000000
00000000
00000000
3e1c4ac0
00000000
00000000
00000000
00000000
00000000
00000000
00000000
00000000
3db45500
00000000
00000000
3e8ece14
00000000
3f33a7bf
00000000
00000000
00000000
00000000
3e9123d0
00000000
00000000
00000000
00000000
00000000
3f526468
3ea44f10
3ec49450
3e58ba60
00000000
00000000
3eac5e34
00000000
00000000
00000000
00000000
00000000
00000000
00000000
00000000
00000000
3f98b58a
00000000
3c36d100
3ecc5d5c
00000000
3fa60a9c
00000000
00000000
00000000
3f0831a8
00000000
00000000
00000000
00000000
00000000
00000000
00000000
00000000
3fc06b2e
3d45de60
00000000
3c0eb200
00000000
3f2a7b8c
00000000
00000000
00000000
00000000
00000000
00000000
00000000
00000000
00000000
3f233633
00000000
00000000
00000000
3f378cbc
00000000
3f823ee2
00000000
00000000
00000000
00000000
00000000
00000000
00000000
00000000
3f0fa1bb
00000000
00000000
00000000
00000000
00000000
00000000
00000000
00000000
00000000
00000000
00000000
00000000
00000000
00000000
00000000
00000000
00000000
00000000
3f20ad6b
40035450
40011d29
3f16c10a
00000000
00000000
00000000
3f418ea3
00000000
00000000
00000000
00000000
00000000
00000000
00000000
00000000
00000000
00000000
00000000
00000000
00000000
3ec171f8
00000000
00000000
00000000
3eb67e2c
00000000
00000000
3e85a818
3e48a508
00000000
00000000
00000000
00000000
401a6176
00000000
00000000
00000000
00000000
3fd90d77
00000000
00000000
00000000
00000000
00000000
00000000
00000000
00000000
00000000
00000000
00000000
00000000
00000000
00000000
00000000
00000000
3fb308a8
00000000
00000000
00000000
3eb6aee0
3f973676
00000000
00000000
3ef19b4c
00000000
3e7576c8
3fa34552
00000000
00000000
00000000
3f05334a
00000000
3f499eca
00000000
00000000
00000000
00000000
00000000
00000000
00000000
00000000
00000000
00000000
00000000
00000000
00000000
00000000
00000000
00000000
3fa52cac
00000000
3e80978c
00000000
00000000
3e720db8
00000000
00000000
3f72b4c6
00000000
00000000
00000000
00000000
00000000
00000000
00000000
3e667230
00000000
3f81a7c0
00000000
00000000
3f770185
3e068e20
3eab0f00
00000000
00000000
3f913b82
00000000
00000000
00000000
00000000
3d05e140
00000000
00000000
00000000
3e80ec44
00000000
3e92f934
00000000
00000000
3f8cbd3b
3f6667c1
00000000
00000000
00000000
00000000
00000000
00000000
00000000
00000000
00000000
00000000
00000000
00000000
00000000
00000000
00000000
00000000
3f7e1327
00000000
00000000
00000000
00000000
00000000
00000000
00000000
3f279b75
00000000
00000000
00000000
00000000
00000000
3fdd9b3e
00000000
00000000
00000000
00000000
00000000
00000000
00000000
00000000
3e33aef0
00000000
00000000
00000000
00000000
3e9de670
00000000
00000000
3f336dbc
00000000
00000000
00000000
3f1286fb
00000000
00000000
3f1ce9a8
00000000
00000000
00000000
3f87ef90
00000000
00000000
3e911174
400db87c
00000000
00000000
00000000
00000000
00000000
00000000
3ebe2ef0
00000000
3eb4fa78
00000000
3e764ab0
00000000
3eed40fc
00000000
00000000
00000000
00000000
00000000
00000000
00000000
00000000
00000000
00000000
00000000
00000000
00000000
00000000
3fdda314
00000000
00000000
00000000
40277962
3e37b3d0
00000000
00000000
00000000
00000000
00000000
00000000
00000000
00000000
00000000
3f2847ca
00000000
3f86af60
00000000
00000000
00000000
00000000
3ebdc3a0
00000000
00000000
00000000
00000000
3f5136b7
00000000
00000000
00000000
00000000
3ef05fcc
00000000
00000000
00000000
3fc328c8
00000000
00000000
00000000
00000000
00000000
3f80d6a3
00000000
00000000
00000000
00000000
3eb90254
00000000
00000000
00000000
00000000
00000000
00000000
3da4cf70
00000000
3f49f870
00000000
00000000
00000000
00000000
00000000
3de686f0
00000000
00000000
3e7bd0c8
00000000
3eb14348
3fce2e2b
00000000
00000000
00000000
3eb77790
00000000
3f723804
00000000
00000000
00000000
00000000
00000000
00000000
00000000
00000000
00000000
3ec4e884
00000000
00000000
00000000
00000000
00000000
3e8acec4
00000000
00000000
00000000
3f216219
00000000
3e0ee370
00000000
00000000
3fbfd2d3
3f89c633
00000000
00000000
00000000
00000000
00000000
00000000
00000000
00000000
3f8dd394
00000000
3f6b7076
00000000
3e3f20c8
3fa05d9c
00000000
00000000
00000000
00000000
00000000
00000000
00000000
00000000
00000000
00000000
00000000
00000000
00000000
00000000
00000000
00000000
00000000
3f852b48
00000000
3ff5ba55
00000000
00000000
00000000
00000000
00000000
00000000
3da53b70
00000000
3e8db01c
3fa4b40a
00000000
00000000
00000000
00000000
00000000
00000000
3f52e9ae
00000000
00000000
00000000
00000000
00000000
3eecd86a
00000000
00000000
00000000
00000000
00000000
3f039d43
3f92717e
3fade1a0
3e2d0b40
00000000
3f50f370
3db527a0
00000000
00000000
3ef323a4
3e6addb8
3eface90
3ea6b1b0
00000000
00000000
00000000
00000000
00000000
00000000
00000000
00000000
00000000
00000000
00000000
00000000
3f8cebc5
00000000
00000000
00000000
3f52df34
00000000
00000000
00000000
3ff73b08
00000000
00000000
00000000
00000000
00000000
00000000
3edb65be
00000000
00000000
00000000
3f4e8194
00000000
00000000
00000000
00000000
00000000
3f3a4f1f
00000000
00000000
00000000
3fce8dc7
00000000
3e8dc5e4
00000000
00000000
00000000
00000000
3f29f5f2
00000000
3eeebf5a
00000000
400d3265
00000000
00000000
00000000
00000000
00000000
00000000
00000000
00000000
00000000
00000000
00000000
00000000
00000000
00000000
00000000
00000000
00000000
00000000
00000000
00000000
00000000
00000000
00000000
00000000
3eaa5618
00000000
00000000
00000000
00000000
00000000
00000000
3fa7dd3c
00000000
3e4a4658
00000000
00000000
00000000
00000000
00000000
00000000
00000000
00000000
3e28d388
00000000
4007e42e
00000000
00000000
00000000
00000000
00000000
00000000
3ed06758
00000000
00000000
00000000
00000000
3f9a37a0
00000000
00000000
00000000
00000000
3d48a3c0
00000000
4024045c
00000000
00000000
00000000
00000000
00000000
00000000
00000000
3f12c45c
00000000
00000000
00000000
00000000
00000000
00000000
00000000
00000000
00000000
00000000
00000000
00000000
00000000
00000000
3f4b51d4
00000000
3faf4a3e
00000000
00000000
00000000
00000000
00000000
00000000
40196bae
00000000
3f097051
3c8708c0
00000000
00000000
00000000
3f1d6f67
3ec7fe50
00000000
00000000
00000000
00000000
00000000
00000000
00000000
00000000
00000000
3e991634
00000000
00000000
00000000
00000000
00000000
00000000
00000000
00000000
00000000
00000000
00000000
3f952156
00000000
3f436e5a
00000000
00000000
00000000
3df01120
00000000
00000000
00000000
3ea8acc4
00000000
3e29af48
00000000
3d331c60
00000000
00000000
00000000
00000000
00000000
3f73bb62
00000000
3f0fb10c
00000000
3ebafde0
00000000
00000000
3f870e52
3eb62ba4
00000000
00000000
00000000
3df0a530
00000000
3f85a233
3f3c3a87
00000000
00000000
00000000
00000000
00000000
00000000
00000000
00000000
00000000
3f29f2a6
3ee109ac
00000000
3dbe3620
00000000
00000000
00000000
00000000
00000000
00000000
00000000
00000000
00000000
00000000
00000000
00000000
00000000
00000000
00000000
00000000
00000000
3f8f0e01
00000000
00000000
00000000
3f1228df
00000000
00000000
00000000
00000000
3f8acfc4
00000000
00000000
3f14a3cc
00000000
00000000
00000000
00000000
00000000
00000000
00000000
00000000
00000000
3f846726
3cdf2b00
00000000
00000000
00000000
00000000
00000000
3f8c76a0
00000000
00000000
401d7b94
00000000
00000000
00000000
00000000
3f83eb65
00000000
00000000
00000000
00000000
00000000
00000000
00000000
00000000
3da0ea60
00000000
3f168887
00000000
00000000
3f2635f7
3e6620b0
00000000
00000000
00000000
00000000
3e2fe0d8
3f92be72
00000000
00000000
00000000
00000000
00000000
3f96c90e
00000000
00000000
00000000
00000000
00000000
00000000
3ff2ba6d
00000000
3f7438af
00000000
00000000
00000000
3fcda7f4
3d406f00
00000000
00000000
00000000
00000000
3e085de8
00000000
3d87cc00
00000000
3f2fd0b0
00000000
3d5b75c0
00000000
00000000
00000000
00000000
00000000
3eaa0104
3fb2c1e9
00000000
00000000
3fb3bcb7
00000000
3eaaf8f8
3da09df0
00000000
00000000
00000000
3f5a9fa0
00000000
00000000
00000000
00000000
00000000
00000000
00000000
3e99fc18
00000000
00000000
00000000
00000000
00000000
00000000
3f0d5a28
00000000
00000000
00000000
00000000
00000000
00000000
400de231
00000000
00000000
00000000
00000000
00000000
00000000
00000000
3f82ccc4
00000000
00000000
00000000
00000000
00000000
00000000
00000000
3ea3fc08
00000000
3e2aaff8
00000000
00000000
00000000
00000000
3f613e15
00000000
00000000
00000000
00000000
00000000
3f355a30
00000000
00000000
406006f3
00000000
00000000
410be72e
410596cd
40c794e3
00000000
40ec7341
41510b2d
410d5641
40283ae1
4061ab49
4018e688
3f75aabf
00000000
00000000
00000000
40c144f7
4088d0d5
405ffab0
40b67eea
404234a9
00000000
00000000
40a93ff7
40cf61c5
405c9131
3fdb2a38
40101e50
40dd6851
40d7595e
00000000
00000000
40832123
00000000
00000000
00000000
00000000
40fc07eb
402141dd
00000000
40c9611f
00000000
00000000
00000000
00000000
41237741
407d6989
00000000
402c0762
40b344d5
40cd0baa
402e5e2d
00000000
411be554
00000000
00000000
00000000
40922e97
4074e683
00000000
00000000
00000000
00000000
00000000
3fa916ea
4096f5b5
402db51c
401a4250
00000000
00000000
3ff2d8b4
00000000
417f280e
00000000
00000000
3fd8530c
410229b4
00000000
3fca39f0
40bf8899
408500b2
403ae848
3fc40c05
00000000
4069f460
40eb3fe3
4124f319
4096a763
40cbd386
00000000
4113e6c1
3ff6b73c
00000000
00000000
4024589c
00000000
40b69590
00000000
00000000
4120e913
40fbe0d6
408f2499
00000000
412ee248
40afa6dc
412a47eb
4116e7fc
40cddd66
3c9855fd
401d1c77
00000000
00000000
00000000
40f471a2
00000000
3f8ff0c6
00000000
3f552618
00000000
00000000
00000000
401cdad9
00000000
00000000
00000000
3fb8726f
40ca4cbc
40cba81b
00000000
00000000
40f26e47
00000000
00000000
00000000
3f12a1e7
00000000
00000000
00000000
00000000
00000000
00000000
00000000
00000000
3f4ee16f
3e878db3
00000000
417b7bdc
416510ed
00000000
4047833b
4034ab69
00000000
00000000
00000000
40d4ce7c
40904853
4087c4f8
00000000
4145b574
401383ef
415e5f0e
409a9520
00000000
40386ea5
00000000
00000000
00000000
00000000
00000000
00000000
4026bd89
40e017b7
00000000
00000000
40fd7e03
00000000
3ffd17c8
3b363158
00000000
00000000
412171cb
00000000
00000000
401491cd
413a14c7
00000000
40b5e5f2
00000000
3fe239d0
40472f84
00000000
00000000
4102e762
00000000
40aa738d
00000000
00000000
4116b366
413044c0
3f2222cd
00000000
3ec826dd
00000000
00000000
4104fd35
409f6110
401e289e
40e48df9
405da3ed
00000000
00000000
41043e88
00000000
4083d412
3fefb9b4
00000000
00000000
4142ec58
00000000
3fb52b67
00000000
4040a645
00000000
00000000
00000000
00000000
00000000
40c35a7d
3f91511c
00000000
00000000
00000000
415388a2
4160ed32
00000000
00000000
00000000
00000000
00000000
00000000
4052fd9b
401076b2
00000000
402c6d95
00000000
40c786d6
3fe938aa
3f82b0aa
4111adc0
00000000
00000000
00000000
411cca15
00000000
00000000
40059dcd
00000000
3fe6f4ff
00000000
00000000
00000000
00000000
00000000
00000000
00000000
40de93ee
41864f11
3fc7f39c
406bae4e
00000000
40940633
00000000
00000000
00000000
3fb62f42
406fe25d
41780101
00000000
00000000
40dbdbd3
4102b93c
00000000
3f2eaae5
40c975e5
402cf539
00000000
00000000
00000000
3e6adcc1
00000000
00000000
401884db
00000000
00000000
00000000
00000000
00000000
00000000
00000000
403d3b08
00000000
00000000
00000000
40afd357
4151f390
00000000
40cbd55a
00000000
40980d97
00000000
3f689f26
406ccf3a
00000000
406f052d
41271956
41449e27
406ec7bb
4043cd37
40beb8db
00000000
402a9953
40a754ad
405d2a4a
408f1fa6
41124fec
3ef87c7f
00000000
00000000
3f2da05e
00000000
3ef9782a
40e90018
408ee3aa
3faa7591
3f8d67ea
3da666be
00000000
00000000
00000000
41382457
406bb504
40da2751
00000000
00000000
41500211
4124f3c0
00000000
413591d8
00000000
00000000
00000000
00000000
40312a6b
40afb3db
4138492d
40b97edf
00000000
00000000
00000000
00000000
00000000
00000000
4023a385
40288a0d
3e8f6325
406a35b8
410ffc9c
00000000
00000000
00000000
3fbdf35c
3fb28251
00000000
40c7265f
00000000
3f86b2bd
00000000
410a1143
40d9c080
00000000
00000000
40705b2b
41454fe9
00000000
00000000
00000000
00000000
410eafaf
00000000
00000000
00000000
414249c4
3eeb60b0
00000000
00000000
3fc7324e
00000000
00000000
40a01f0a
41141544
4086cacf
401162d5
40ba4743
00000000
3fe04573
3f912fce
407657cd
00000000
40b280cb
4142bf50
4133194f
00000000
00000000
404f74ee
00000000
3f08d46b
00000000
00000000
400d4d08
40cee97e
4025b906
00000000
00000000
00000000
00000000
41478982
407df9d4
00000000
00000000
00000000
3f945941
00000000
00000000
00000000
00000000
00000000
00000000
408d950c
3bf74941
00000000
3ff6f82d
40868fe3
40275a4f
00000000
00000000
00000000
00000000
00000000
3efc14e1
413bddb5
00000000
00000000
4066ab43
00000000
00000000
00000000
00000000
40ef7792
00000000
00000000
00000000
00000000
40dab4c1
3f8b6860
4000b136
00000000
3fb9fa62
00000000
00000000
4057383b
00000000
411385d8
411611ca
417eb171
00000000
3f68ba72
403fbb72
00000000
00000000
00000000
00000000
00000000
40dccc54
00000000
00000000
00000000
404d5c39
00000000
401584a6
3fc41213
00000000
40c26d24
41023382
00000000
00000000
402fa6de
4083efa7
00000000
3fe5c78e
00000000
00000000
00000000
00000000
00000000
401dcd81
00000000
41061534
00000000
00000000
00000000
00000000
00000000
402b2bed
40b2c5d9
3da3a79a
40a3ba61
40e6b0c4
40b3a385
4069a723
40dd6495
00000000
3fb8861b
3fe84969
40861d6e
408800a1
00000000
41908ea2
00000000
00000000
00000000
4107a4df
4178880a
41b1e44d
00000000
00000000
40660884
00000000
00000000
00000000
00000000
00000000
412da6c9
00000000
40001720
40f7d637
00000000
3ff956cd
40d2fc36
3fc20eea
00000000
3efbfb1b
3f902572
00000000
4108dbe4
00000000
00000000
3ecb8649
00000000
00000000
3fd64183
00000000
40172421
00000000
00000000
00000000
00000000
40180bc0
40f92a30
4120a4aa
3e015769
3ea876fd
408354cf
41453dce
40e3b251
00000000
3f8d0473
00000000
00000000
3f08db31
3f3c6f21
00000000
00000000
40e0b3d8
00000000
00000000
3e002ace
40812f43
00000000
00000000
00000000
40584afd
00000000
00000000
4073af0f
00000000
40eef88d
40c74c67
00000000
00000000
00000000
00000000
40bd71e1
40982a71
4079f93d
40162dbd
40ac1c56
00000000
00000000
00000000
00000000
4114fa05
00000000
411149d6
00000000
40147a2f
00000000
00000000
41153276
00000000
40e0b305
4010afb2
404847aa
00000000
410f461f
40c21f52
406688a6
00000000
406164b2
00000000
4100e7fe
4102443d
40718dfd
00000000
00000000
00000000
00000000
00000000
3fd1d0b6
00000000
00000000
00000000
00000000
00000000
41990813
40aaaa7e
40f65a03
4063bad9
00000000
00000000
00000000
00000000
41145d51
41520bde
3f07b778
408c56f3
409a77da
408d4288
00000000
4080f6e4
00000000
00000000
00000000
00000000
00000000
00000000
40885d6d
4175e543
4083ef48
00000000
00000000
3f85cd5f
00000000
00000000
00000000
00000000
4106e165
00000000
00000000
00000000
00000000
41247443
40b66305
410e5807
00000000
00000000
00000000
403db8f6
40a92773
40a205ac
00000000
410a2ccf
4089de97
00000000
00000000
4067e27f
00000000
00000000
41038a2c
3fe328d1
00000000
4092f930
00000000
40b21e74
00000000
00000000
00000000
3fce961a
00000000
00000000
00000000
00000000
40c58afc
00000000
40f6af27
00000000
40dc03a1
00000000
00000000
00000000
404b0b75
00000000
412f694e
40c9335b
00000000
4101aac6
3fef403a
00000000
00000000
00000000
00000000
00000000
00000000
00000000
00000000
00000000
00000000
40f8a662
40ab257d
3f66dc11
41637ef8
411b2b4b
00000000
40c1905c
00000000
4116bc9b
00000000
40460afa
00000000
00000000
3fe528cc
401c53b1
00000000
00000000
3e7b1841
00000000
412c5bb3
403d3f15
40add7e7
00000000
402517e0
00000000
40d118c2
4092d9f8
3eccaf92
00000000
411b056a
40a627c9
00000000
00000000
00000000
00000000
00000000
00000000
411371a6
00000000
00000000
00000000
00000000
3fc96954
00000000
00000000
00000000
00000000
40a9cf51
405ffc62
3e0f5c4f
41092ed0
4009b000
00000000
4110cc36
00000000
00000000
00000000
4115900e
408fcdf0
413cbb47
40b22067
00000000
3fd466fd
00000000
40a60e63
40f96d8a
404edd49
00000000
00000000
00000000
00000000
00000000
00000000
00000000
00000000
00000000
4143f81a
41326307
00000000
00000000
409ea1ad
4008c074
401156fa
00000000
00000000
3e910eee
3e643243
00000000
00000000
00000000
00000000
00000000
4126a5af
3bfe315b
40ea7f3d
00000000
00000000
3fc54b9f
40e915a7
406b2d34
40c28bf4
4148312e
00000000
414f8de8
408a8fea
3fc35b5b
00000000
00000000
00000000
00000000
4035e30f
415b9478
4147a46a
00000000
00000000
00000000
00000000
00000000
00000000
00000000
00000000
00000000
413b1c58
4071f81b
00000000
00000000
4124c2d0
4006d323
3f1a6069
00000000
40100493
00000000
00000000
40b8f629
408ead4a
40c511ef
392c1a60
00000000
403b75bc
3d606459
00000000
40a9aaa5
00000000
3f55db86
40f8505e
00000000
00000000
3f60ce85
40695683
00000000
00000000
00000000
00000000
3fcc459e
00000000
4006eddb
00000000
00000000
4113fd97
00000000
00000000
40939b7a
3d8ec3b0
40ce2abe
00000000
00000000
41277f9b
418c84fd
40948cfd
4086b523
00000000
00000000
3efe28d9
00000000
40ec4164
00000000
00000000
3fb570cb
00000000
403cd3a6
00000000
00000000
00000000
00000000
00000000
00000000
00000000
00000000
3ed8dbfe
4106454b
40c6ea15
00000000
00000000
00000000
00000000
410761e6
00000000
00000000
00000000
00000000
00000000
00000000
4157bc4f
3ff275ef
00000000
3e0b986d
00000000
40803276
40fa531e
40e2e9b1
00000000
00000000
4083f623
40ce76ee
00000000
00000000
40146407
00000000
00000000
40845ce9
411104dd
40af1b18
40cb349c
00000000
00000000
3f191920
00000000
00000000
00000000
40c4d09a
00000000
4102c4c2
00000000
00000000
00000000
413d9a5f
409e32d1
40862ecb
00000000
00000000
40d50ce9
4070e99c
00000000
00000000
00000000
00000000
00000000
4091a019
00000000
4151e8de
3f3550c0
00000000
3e816861
406f60ca
00000000
00000000
00000000
40d031da
00000000
40041d5b
40571597
3f8485b6
4114b1cd
00000000
40b0c64a
00000000
00000000
00000000
4011c7b8
402f2c4b
412d1399
4020c4a4
411b9d33
3f5fb4fd
406fef0f
00000000
400b0021
40b86df4
00000000
403db629
00000000
4034dfa1
00000000
41232793
00000000
40c66634
00000000
00000000
40f18d68
410e9cda
00000000
00000000
00000000
3e10fd90
00000000
00000000
00000000
00000000
00000000
406d9f35
00000000
4011e0c1
00000000
40cb0048
00000000
00000000
00000000
40644b96
00000000
00000000
3f6d36a7
00000000
3f7049a7
00000000
00000000
00000000
40067d1b
00000000
408091c7
4098ba7f
00000000
40828c4b
41230a96
4139f9dd
00000000
00000000
00000000
416b02da
00000000
40149052
412d473b
40cd6480
408cbb04
3f4fd0f7
00000000
41364fb2
4120a2e4
00000000
00000000
3fd8567d
00000000
00000000
00000000
40e92d26
40f02740
00000000
00000000
402d7d18
413bca1f
411d0c63
40ed32af
00000000
410696b7
00000000
411b4de0
00000000
40b592de
412da87d
408cd48a
4115a774
00000000
00000000
408701d1
00000000
406fb0a7
4100a031
400eac5e
00000000
40d9da54
00000000
40833134
40e37308
3f0ae1bd
00000000
00000000
00000000
3eb848bb
411db3e4
00000000
3ff882bf
40d8f70a
40d117be
00000000
00000000
00000000
413dbc89
419be710
00000000
00000000
00000000
40bf8c33
00000000
00000000
00000000
00000000
00000000
00000000
00000000
3fcd7cce
40328101
00000000
40684bd8
00000000
00000000
3fd9a9fd
00000000
40244975
411f45dd
41a59ef1
00000000
41071f16
404c5ee7
00000000
403dbfbd
00000000
00000000
00000000
4092276f
407a315f
00000000
40d60d2b
40dc0fe0
4151c2b4
00000000
41a3adaf
40d22bb2
40140326
40d99a8c
00000000
00000000
4102105a
00000000
00000000
4133994e
00000000
00000000
00000000
413632b7
00000000
00000000
40e9cf0f
3f50eb28
00000000
00000000
00000000
00000000
00000000
00000000
00000000
00000000
416b0999
415e51d9
405a8d1a
41360aaf
00000000
415463c5
4193f412
40e4a133
00000000
00000000
3efb6d3d
4145784c
00000000
00000000
403e2fd9
00000000
40e7f93a
4107d947
00000000
00000000
40901fe3
410db38d
00000000
411cad37
00000000
00000000
00000000
00000000
00000000
00000000
00000000
412298fd
4073882b
40e61428
415057fe
00000000
00000000
00000000
4146d898
00000000
00000000
4154d0d8
40668269
00000000
407705b6
00000000
3fd462d5
00000000
4191fdd6
00000000
00000000
00000000
00000000
00000000
400711b2
3dc7d43b
00000000
00000000
00000000
00000000
00000000
00000000
402305bc
41165a5c
4194cf63
00000000
3fae23a8
00000000
00000000
40694bae
00000000
00000000
00000000
00000000
4133c573
4124c513
40f61b2a
41261ea0
3fd51345
00000000
00000000
3f8a578d
40e4ab63
00000000
40c96628
00000000
00000000
40d9610d
00000000
41433a47
3fe5dd65
412f1c39
3fd85980
00000000
00000000
41026ae7
00000000
40ca3a72
4145f543
41682ff7
00000000
3fcb04f3
415d7c91
40bc59a9
00000000
00000000
40af8e95
00000000
403dac06
00000000
41070c01
410fa098
404610fd
3f612430
00000000
00000000
40def648
00000000
00000000
3fde1e01
00000000
00000000
00000000
00000000
409e301a
00000000
00000000
00000000
00000000
00000000
4116d8eb
00000000
00000000
00000000
40b851d5
417ef907
411951ea
3f618bee
40c4808c
40825ef7
413e1358
3fe912cd
00000000
40af5224
00000000
4192bc50
40b406f0
3dfccd2c
00000000
3e996677
40ce5b97
00000000
4092783b
00000000
00000000
00000000
00000000
00000000
00000000
00000000
00000000
00000000
00000000
00000000
410b2200
00000000
409177f0
4179e52a
40fa3187
00000000
00000000
00000000
3d4b8aff
00000000
4119a1ab
40797a8b
416f147f
00000000
00000000
40505a4f
00000000
418d7506
00000000
00000000
414ff31a
00000000
402adc3b
00000000
3fef15a1
00000000
00000000
00000000
00000000
00000000
00000000
408f0240
00000000
411e1158
00000000
3e80ce59
40ea4066
00000000
41309fd2
00000000
00000000
00000000
40190ef8
41435038
40a27540
410cb6a2
3f6c1781
3ef9d6be
41594bef
00000000
00000000
3faed0e2
00000000
405009f6
4085f37d
41041bde
00000000
00000000
00000000
00000000
4164bccc
405488a7
3f305189
415468f1
3f5da8aa
00000000
00000000
411c8359
3fe47065
413491ba
00000000
4185dbde
00000000
00000000
00000000
00000000
00000000
401fa5f5
4082a535
3f145b2f
00000000
407f330b
00000000
00000000
00000000
00000000
40e9d727
4098633a
3f829221
00000000
413d0e9f
418fd2e0
414f2575
00000000
00000000
00000000
40f06aef
412a270f
00000000
00000000
00000000
402834c4
00000000
418377c9
40eda65b
00000000
40e178bb
00000000
410fa8bc
41076d94
418522ec
40087217
00000000
4116adf7
3fcf4574
40908721
00000000
3fe04777
00000000
414af542
4100e015
4080b069
41a7946d
00000000
00000000
41041bc6
40bd410a
00000000
40e0233a
40944ffb
414d27b9
00000000
40fd363d
40b11be9
41476b98
409cbadc
40c51f6b
00000000
00000000
00000000
404cc9e8
40e9c822
411e83f4
3fb4ffcb
4184286a
40e9c3ff
00000000
00000000
00000000
410adb65
00000000
00000000
00000000
410ce772
418f9cb5
411cad48
00000000
00000000
41098346
40bee48c
414dcbbc
3fbf4e13
40b60365
00000000
40b22b37
406c58aa
00000000
4027c5f4
416727dd
00000000
00000000
00000000
00000000
411406d8
00000000
405e0a3f
407e5eb0
4150dcc1
00000000
419219f4
00000000
00000000
00000000
40168669
00000000
00000000
00000000
00000000
00000000
00000000
00000000
00000000
417d6f90
00000000
3ffeb3af
41062989
00000000
00000000
00000000
00000000
00000000
409210f8
410ced7d
410955e6
401318c0
00000000
00000000
4112be6a
412191ad
00000000
00000000
3fa1e5d8
4103a99c
00000000
00000000
00000000
417a3471
00000000
00000000
00000000
00000000
404a72e2
00000000
413d58a3
41240121
00000000
00000000
00000000
00000000
00000000
40e95ba0
00000000
413a1f58
00000000
00000000
00000000
00000000
4124e9a9
3fbee753
00000000
00000000
00000000
00000000
00000000
00000000
00000000
00000000
00000000
41480bce
00000000
00000000
40f0ea0c
40807e1d
00000000
00000000
3f67a21e
410908b0
00000000
3f190a35
00000000
00000000
405e1f90
40e46fe7
4190678b
3f600706
4109bcfa
00000000
00000000
41050083
40785941
00000000
415ef44e
41309752
414876fe
40afa340
40a2fb57
3e6a9c70
00000000
41452782
00000000
00000000
00000000
40d00a06
40a037c0
00000000
00000000
00000000
00000000
00000000
00000000
00000000
00000000
3fd8eefe
00000000
00000000
00000000
412486c9
00000000
00000000
00000000
41526f46
3fb59c09
00000000
4053ab01
00000000
4059c81d
40463cb2
41683cae
00000000
409a1686
41508733
00000000
3f8463d4
3ea7d846
41403cc6
40a37772
416fb4f6
00000000
3f162f71
00000000
00000000
4125a1db
401cd09b
40b30737
40ffb49e
00000000
00000000
00000000
00000000
00000000
00000000
00000000
40cbf64f
00000000
3fa61342
40feb7ab
409bcc0f
40a05338
3f7ebf07
4054081a
00000000
00000000
405a5132
405a00db
4021e3c5
00000000
411132a5
00000000
40dfba57
4138d5e1
410fe31b
00000000
419c6708
411f7887
00000000
00000000
00000000
00000000
40a1cd7a
3f934a41
4097d372
4052310a
00000000
400360e4
405d1492
00000000
00000000
40f5901a
00000000
00000000
412c92cf
406a4b3b
00000000
41843b1f
00000000
415e3d1f
00000000
00000000
00000000
00000000
00000000
413cd6ab
00000000
00000000
40ef1eab
00000000
40858185
00000000
00000000
00000000
00000000
00000000
418f6ee8
00000000
418ef122
00000000
00000000
414893f8
00000000
00000000
00000000
00000000
4123527e
41b1dd76
3f8603f1
00000000
41714544
40fc75d8
40e5374f
3fc76a07
00000000
00000000
41004bae
00000000
00000000
00000000
00000000
3fae3f40
40d0f166
00000000
00000000
40ed46fe
00000000
414e958c
00000000
411f1a56
416e98ed
409210a4
409607fa
00000000
00000000
00000000
00000000
00000000
414c8a3c
00000000
402cc7e9
00000000
417235ce
00000000
00000000
00000000
418d3b1a
40f51dc6
410113e7
4136e9d4
4107e059
00000000
4118a69b
00000000
41cba1ca
00000000
00000000
00000000
402c7c45
41875d0a
412536e1
00000000
00000000
3ec607cd
00000000
00000000
40f10614
00000000
00000000
40a858d1
41367f6a
00000000
00000000
00000000
00000000
41aadc3f
00000000
00000000
40082916
00000000
00000000
419375a3
40df21cd
408cafdb
4093f19c
41276a86
00000000
3f8bc0a0
41094534
4019549b
00000000
00000000
00000000
4155572d
00000000
3eae20bb
3f29e257
4164eda1
40a5e681
40942b4b
00000000
40bbeef8
00000000
419fa39c
418ccd4d
415b0504
00000000
40eb4946
3fac96f7
00000000
4194bc26
4110fd46
00000000
00000000
4090f9ee
00000000
403287ea
00000000
00000000
40422632
3f6e2f42
00000000
410dc324
41976dc3
4106fa5c
00000000
00000000
00000000
40d48306
41747f7c
3e49ac5e
00000000
408425b7
00000000
00000000
00000000
00000000
00000000
40ffa520
410f8fff
400d0075
00000000
00000000
418df1fb
00000000
41054f80
40f21b79
3feace6e
00000000
00000000
00000000
41334058
00000000
40197359
403a4ad0
00000000
4088582e
3f82f82a
00000000
00000000
418010ee
00000000
00000000
00000000
412a51a2
00000000
41439ce6
00000000
40ffacc7
00000000
00000000
405f0452
00000000
40e4bc26
412db799
00000000
40894362
00000000
00000000
40f3fbb9
00000000
00000000
00000000
00000000
3db09320
4106e395
00000000
41311a5c
00000000
40373e01
4082d2e6
00000000
410984de
405b5b57
00000000
40ee3de7
00000000
00000000
40bcad4b
412a0870
4014bebe
00000000
3fd40d53
00000000
00000000
00000000
00000000
41773965
411772a8
00000000
413a553f
3f987888
4055c5f6
40ac008a
41242d64
40d9f942
00000000
00000000
4113bc93
415a0c0c
411f1f8f
00000000
00000000
00000000
00000000
41a67f18
00000000
00000000
00000000
414e8d37
40bbe35c
413f4888
406f339d
404a5ba9
00000000
00000000
00000000
00000000
00000000
3eae4cbf
00000000
00000000
40103e26
00000000
405210d9
00000000
00000000
415d1ba9
40c6ee1a
00000000
3f4ab2c4
00000000
00000000
4169dfb1
00000000
00000000
00000000
00000000
00000000
4114bed2
00000000
00000000
419b9f5f
00000000
00000000
3fec3990
00000000
00000000
414b175a
00000000
413c23aa
00000000
40e963b8
00000000
00000000
00000000
00000000
3f6eeec7
407810d5
00000000
00000000
40684d5b
00000000
4030cd90
00000000
00000000
00000000
00000000
41670515
4090b73a
40d49385
00000000
3e148f58
40525699
414b5fc8
00000000
00000000
00000000
4122788d
00000000
40f3a3fa
3f589b3f
3f304590
3f14f530
3ffc2afa
400b0135
4000a167
00000000
3fe2cf88
400e78dc
401978e4
3f1d965a
3f883e72
3f8f5ae7
3f894e82
3e097780
3ea7026c
3f5120be
3fd031d0
3f9e278a
3f992aff
4003b3bb
3f6fa1d8
3fa803b4
3ec0def4
3ff2d581
3ffde6dd
3fc63516
3f515538
3fb4a0ff
3fc043e6
3fcf1716
3d0b46c0
00000000
00000000
00000000
00000000
00000000
00000000
3ed5c194
00000000
00000000
3e6ed7e8
00000000
00000000
00000000
00000000
00000000
00000000
00000000
00000000
00000000
00000000
00000000
00000000
00000000
00000000
00000000
00000000
3ecb7b88
00000000
00000000
00000000
00000000
00000000
00000000
00000000
00000000
00000000
00000000
00000000
00000000
00000000
00000000
3f5e03a3
00000000
00000000
00000000
00000000
00000000
3dfdb520
00000000
00000000
00000000
00000000
00000000
00000000
00000000
3f0b557e
00000000
00000000
00000000
3ee3ba8c
3db05330
00000000
00000000
00000000
3dde9360
00000000
00000000
00000000
00000000
3ec5ffe0
00000000
00000000
3deeeb90
3fa9b224
3f8f1be5
3f94eeab
3eb6128c
00000000
00000000
00000000
00000000
00000000
00000000
00000000
00000000
00000000
00000000
00000000
00000000
00000000
00000000
00000000
00000000
00000000
00000000
3f57f0e8
3f664261
00000000
00000000
00000000
00000000
00000000
00000000
00000000
00000000
00000000
00000000
00000000
00000000
00000000
00000000
00000000
00000000
3b74ae00
00000000
3f48f6c0
3ea26f70
00000000
00000000
00000000
00000000
00000000
00000000
3f53370c
00000000
3f194cdd
00000000
3fac7f8e
3ed97a54
3f7cae54
00000000
00000000
00000000
00000000
00000000
00000000
00000000
00000000
00000000
00000000
00000000
00000000
00000000
00000000
00000000
3e1b79d8
00000000
00000000
00000000
00000000
3ddabd10
00000000
00000000
3f1d69c9
00000000
00000000
00000000
3f0a37d2
3ee23358
00000000
00000000
3ed800f0
00000000
00000000
00000000
00000000
00000000
3f500da2
00000000
00000000
3e2aa928
00000000
00000000
3f126f0d
3f34edd5
00000000
3e992e30
00000000
00000000
00000000
00000000
00000000
00000000
00000000
00000000
00000000
3f0bbbf8
00000000
00000000
00000000
3f521f21
00000000
00000000
3e066bb0
00000000
00000000
00000000
00000000
00000000
00000000
00000000
3d91a7b0
3f4b3710
00000000
00000000
00000000
00000000
00000000
00000000
00000000
00000000
00000000
00000000
00000000
00000000
3f3c8e20
00000000
00000000
3ed08980
00000000
00000000
00000000
00000000
00000000
3eabacb8
00000000
00000000
00000000
00000000
00000000
00000000
00000000
00000000
00000000
00000000
3fafbfab
00000000
00000000
00000000
00000000
00000000
00000000
00000000
00000000
00000000
3f89d9b4
00000000
00000000
3f714acf
3fde2112
00000000
00000000
00000000
3ede3340
00000000
00000000
00000000
00000000
00000000
00000000
00000000
00000000
00000000
00000000
00000000
00000000
00000000
00000000
00000000
3db355e0
00000000
00000000
00000000
00000000
00000000
00000000
00000000
00000000
00000000
00000000
00000000
00000000
00000000
40159d5a
4008f10a
3f398f7e
00000000
3d836320
00000000
00000000
3ede5f34
00000000
00000000
00000000
00000000
00000000
00000000
00000000
00000000
00000000
00000000
3f007056
00000000
3e64cdc8
3df9d780
00000000
00000000
00000000
00000000
3f223160
3f340e92
00000000
00000000
00000000
3f5bb393
00000000
3f7e46a2
00000000
00000000
00000000
00000000
00000000
00000000
3fae201a
3f80abe4
00000000
00000000
00000000
00000000
00000000
00000000
00000000
3eb0c3a0
3f22d33b
00000000
3e5091f8
00000000
00000000
00000000
00000000
00000000
00000000
00000000
3b2b8c00
00000000
00000000
3fe10eb2
3ee49714
00000000
00000000
00000000
00000000
00000000
00000000
00000000
00000000
3f4fd4b0
00000000
00000000
00000000
3e95a598
00000000
00000000
00000000
00000000
00000000
00000000
00000000
3f7a27ad
3f1026e4
00000000
00000000
00000000
00000000
00000000
00000000
00000000
3f1b8e80
3f9b39e4
3ffec021
00000000
00000000
00000000
00000000
00000000
00000000
00000000
00000000
00000000
00000000
00000000
00000000
00000000
00000000
3fba6dd1
3d85bee0
3e0147f0
00000000
00000000
00000000
00000000
00000000
00000000
00000000
00000000
00000000
00000000
00000000
00000000
00000000
3e8788f0
3f2cfdb7
00000000
00000000
00000000
00000000
00000000
00000000
3f0d53d8
00000000
00000000
00000000
00000000
00000000
00000000
00000000
3dccbdc0
00000000
00000000
00000000
00000000
00000000
00000000
00000000
00000000
00000000
00000000
00000000
00000000
00000000
3f83ac96
3eea1740
3fdd5897
3f288c8b
00000000
00000000
00000000
00000000
00000000
00000000
00000000
3d8822e0
00000000
00000000
00000000
00000000
00000000
00000000
00000000
00000000
00000000
3fca74d6
00000000
00000000
00000000
00000000
00000000
00000000
00000000
00000000
00000000
00000000
00000000
3f2e309c
00000000
00000000
00000000
00000000
00000000
00000000
00000000
3e0afe50
00000000
00000000
3e03e510
3e720540
00000000
3ec59c0c
3f933b40
00000000
00000000
00000000
00000000
00000000
00000000
3f2cce47
00000000
00000000
00000000
00000000
3feea658
40260b52
00000000
00000000
00000000
3ed8ddec
00000000
00000000
00000000
00000000
00000000
00000000
00000000
3cd80540
00000000
00000000
00000000
00000000
00000000
00000000
3ec022c8
00000000
00000000
00000000
00000000
00000000
00000000
00000000
3f813a61
00000000
00000000
00000000
00000000
00000000
00000000
00000000
00000000
00000000
3e3dcd10
00000000
3ebede24
3f8e402d
3fd2f946
00000000
3e4966d0
00000000
00000000
00000000
00000000
00000000
00000000
00000000
00000000
00000000
00000000
3e8753a8
00000000
00000000
00000000
00000000
00000000
00000000
00000000
00000000
00000000
00000000
00000000
00000000
00000000
00000000
00000000
3e648d28
00000000
00000000
3f5fa29b
00000000
00000000
00000000
00000000
00000000
00000000
00000000
00000000
00000000
00000000
00000000
3f1a453e
00000000
00000000
00000000
00000000
00000000
00000000
3e97edf0
00000000
00000000
00000000
00000000
00000000
3e510358
00000000
00000000
00000000
00000000
00000000
00000000
00000000
3e362160
00000000
00000000
00000000
00000000
3f7d5f9c
3f86ed8a
00000000
00000000
00000000
00000000
00000000
00000000
00000000
3f5c0469
00000000
00000000
3f94e38f
3f11f565
00000000
00000000
00000000
00000000
00000000
00000000
00000000
00000000
00000000
00000000
3ed9ee44
00000000
00000000
00000000
00000000
00000000
00000000
00000000
00000000
00000000
00000000
00000000
00000000
00000000
00000000
00000000
00000000
00000000
00000000
00000000
00000000
3f58583f
00000000
3f5e0334
00000000
00000000
00000000
00000000
00000000
00000000
3e258920
00000000
00000000
00000000
00000000
00000000
00000000
00000000
00000000
00000000
00000000
00000000
00000000
00000000
00000000
00000000
00000000
00000000
00000000
00000000
00000000
00000000
00000000
00000000
00000000
3e898a34
00000000
3e94df54
00000000
00000000
00000000
00000000
00000000
00000000
00000000
00000000
00000000
00000000
00000000
00000000
00000000
00000000
3eaffd7c
3f8072b6
00000000
00000000
00000000
00000000
00000000
00000000
00000000
00000000
00000000
00000000
00000000
00000000
00000000
00000000
00000000
3c8f3ec0
3d8f1180
00000000
00000000
00000000
00000000
00000000
00000000
00000000
00000000
00000000
00000000
00000000
00000000
00000000
00000000
00000000
3ecd3798
00000000
00000000
00000000
00000000
00000000
00000000
00000000
00000000
00000000
00000000
3e6f0250
00000000
3ec6b550
3ee11b20
3dcc6ec0
3fbe75e6
00000000
00000000
00000000
00000000
3e8ed580
3f305ba3
3d1ff900
00000000
00000000
00000000
00000000
00000000
3eb726e4
00000000
00000000
00000000
00000000
00000000
00000000
00000000
00000000
00000000
3efeb888
00000000
00000000
00000000
00000000
00000000
00000000
00000000
00000000
00000000
00000000
00000000
00000000
00000000
00000000
00000000
3f36e3bc
00000000
00000000
00000000
00000000
00000000
00000000
00000000
00000000
3ef63380
00000000
00000000
00000000
00000000
00000000
00000000
00000000
00000000
00000000
00000000
3f92673b
00000000
00000000
00000000
3d699060
00000000
00000000
00000000
00000000
00000000
00000000
00000000
00000000
00000000
00000000
3ef52788
00000000
00000000
3ec4756c
00000000
00000000
00000000
00000000
3f9103b2
00000000
00000000
00000000
00000000
00000000
00000000
00000000
3eec41a4
00000000
00000000
00000000
00000000
00000000
00000000
00000000
00000000
00000000
00000000
00000000
00000000
00000000
00000000
3fc555f8
00000000
00000000
00000000
00000000
00000000
00000000
00000000
00000000
3f92565e
3f8fc268
00000000
00000000
00000000
00000000
00000000
00000000
00000000
00000000
00000000
00000000
00000000
00000000
00000000
00000000
00000000
00000000
00000000
00000000
00000000
00000000
00000000
00000000
00000000
00000000
00000000
00000000
00000000
00000000
00000000
00000000
00000000
00000000
00000000
3f72c1ef
00000000
00000000
00000000
00000000
3e97c0e0
00000000
00000000
00000000
00000000
00000000
00000000
00000000
00000000
00000000
00000000
00000000
00000000
00000000
3f89e2f0
3f3a4b92
00000000
00000000
00000000
00000000
00000000
00000000
00000000
00000000
00000000
00000000
00000000
00000000
3ea5c744
00000000
00000000
00000000
00000000
3f836562
3e090d50
00000000
00000000
00000000
00000000
00000000
00000000
00000000
00000000
00000000
00000000
00000000
00000000
00000000
00000000
00000000
00000000
00000000
00000000
00000000
3edf8b24
00000000
00000000
00000000
00000000
00000000
00000000
3f1e42ca
00000000
3fad622e
00000000
3f95ef24
00000000
00000000
00000000
00000000
00000000
00000000
00000000
00000000
00000000
00000000
00000000
00000000
3f729b8e
00000000
00000000
00000000
00000000
00000000
00000000
00000000
00000000
00000000
00000000
00000000
00000000
00000000
00000000
00000000
00000000
00000000
00000000
00000000
00000000
00000000
00000000
00000000
00000000
00000000
00000000
00000000
00000000
00000000
00000000
00000000
00000000
00000000
00000000
3ff4a46a
40bf1095
00000000
00000000
00000000
4002939f
00000000
00000000
407adc3d
3e704906
410e767c
00000000
406ce4df
4003c3bf
3f8318f2
00000000
00000000
00000000
402c8f86
3deeef9e
00000000
3fee612a
00000000
3f3fa674
00000000
00000000
00000000
3fed9b8e
00000000
3e23684e
3fafea4a
00000000
00000000
3ffa567b
40494264
4064815e
40322b9e
40148f6e
3f8e6478
00000000
400d7f02
00000000
00000000
00000000
40837e4c
00000000
00000000
409b6f37
3f998ad0
00000000
403b6ee2
00000000
40a7d9d8
00000000
3d55d464
00000000
4123bace
00000000
00000000
00000000
407eb501
3f3d1bf9
404b0931
00000000
40021394
00000000
00000000
3fb337b0
00000000
00000000
00000000
00000000
00000000
3ae72400
4077ae98
00000000
00000000
00000000
401c1638
3ede4e76
00000000
4061fa7c
00000000
00000000
00000000
4031753b
00000000
3fa40a6c
3fd7f14d
40ae98ba
00000000
3f840914
3f58b728
3fd85a8e
00000000
00000000
00000000
3ddba14c
404d8d47
400bdb64
00000000
4040a81e
00000000
3ee755cb
3f408888
00000000
00000000
00000000
00000000
00000000
00000000
00000000
3f7d73c8
3e032c02
403de4f5
40163802
00000000
4063b6d3
3f081afe
00000000
3fd073b7
3eda8752
40a85832
00000000
3f688f95
00000000
3ecf1bb4
00000000
00000000
3fe4f09b
4094d7bb
405d523f
3ff8cd1c
00000000
00000000
40d867e1
4030d313
40a9154e
403cb849
409441a7
4103d952
4082ada4
40b27df3
00000000
3ff05e33
3e8f2a8f
3f5b8f48
00000000
00000000
00000000
00000000
40b272e2
00000000
4040798b
00000000
00000000
00000000
3f536c34
00000000
00000000
40113a3c
00000000
3fcfae63
00000000
3d0fec80
3d0dfbb8
401b651f
40696ef6
00000000
00000000
00000000
00000000
00000000
00000000
00000000
40023060
00000000
00000000
00000000
3fcdf4b1
00000000
00000000
4098c656
00000000
00000000
402f6fa8
00000000
3f0ca85a
3f42ab5a
3f30813f
3fbc8cb9
00000000
00000000
00000000
3f60323b
41076f88
00000000
00000000
00000000
00000000
40464a89
00000000
00000000
3f932478
40555ddc
00000000
4016022a
00000000
4064693f
00000000
4064b708
3fa7c4cc
408f0c29
3f175f39
3fe39cfe
3eff9739
00000000
00000000
3f9ee799
40300b8a
40a92b9f
00000000
00000000
00000000
00000000
3ec219f1
407961d7
00000000
00000000
4082002c
00000000
40b154ca
00000000
00000000
40881983
40854ea6
00000000
407748d0
00000000
00000000
00000000
4003b5d9
00000000
00000000
00000000
400264aa
00000000
00000000
00000000
3eeb047c
40bba598
406dfdb1
00000000
40000f38
4097b8d2
00000000
40943bfb
00000000
00000000
408de12d
40afa83c
3ff674af
4065a7c7
00000000
408d1f14
3f687559
3fc49bce
00000000
00000000
409494df
402d40d6
4060053c
40e8b876
00000000
409b85fd
3f8d6ef1
406eb421
40e5fff9
40877e45
409752ef
00000000
00000000
00000000
00000000
00000000
00000000
3ec7a8d4
00000000
00000000
3f2c102c
3f6703d3
401be9a9
00000000
3ed50d1c
00000000
3f47ee9c
3fa7401e
40139442
40196e6c
4045aa3f
3fafd9cf
00000000
00000000
00000000
00000000
00000000
401a17b2
40562cae
00000000
00000000
4013b5f6
00000000
3f98a17a
3efaf038
00000000
00000000
00000000
00000000
00000000
00000000
00000000
00000000
00000000
00000000
00000000
00000000
00000000
3f14979b
00000000
4064aba0
00000000
00000000
00000000
40072cb0
3f560a47
00000000
00000000
3fe061c9
00000000
00000000
3f6cb1bb
00000000
404eb1e0
3d116508
00000000
3f5e8d70
3fa53dbb
3f38991f
408b769b
40a776d2
00000000
00000000
00000000
3fb74de4
40040834
4029d105
00000000
4045957d
00000000
40b0bafb
3e51bfa6
00000000
00000000
40f3dd25
4036b728
3faffa59
00000000
00000000
4040b22e
00000000
3f9fb683
40f3012f
40308c9f
00000000
400badb4
00000000
00000000
00000000
00000000
00000000
00000000
3f3a57d9
404bf3a5
00000000
00000000
40288b10
4094b5fe
00000000
3f5678e2
40318cde
409d498e
3f7c5dc0
00000000
00000000
00000000
00000000
3fa233da
00000000
40cafaa2
00000000
00000000
00000000
402a716f
404f74ea
4018d996
40012ce8
3fb0085f
4106f124
3fb1a58c
3f9eab28
00000000
3f2a1430
00000000
00000000
401545aa
3e4b3d35
408f53d9
40939e70
00000000
00000000
40382967
00000000
00000000
4053baab
403008ea
00000000
00000000
407a22b9
00000000
402dabc8
00000000
3faca891
4098dfa4
00000000
3f5bd992
3f6bb293
00000000
3f86e6ec
00000000
4089d5a0
00000000
00000000
00000000
40963857
40545419
00000000
00000000
00000000
00000000
00000000
3f8bdf24
4088ed55
3f9bf73e
4037553f
40b20b60
408f74b5
3cd45d80
3f7c1946
00000000
00000000
40cefc5b
00000000
4063955f
3f4f00ab
00000000
4092eb2f
4048c3d5
00000000
400960c2
3f0cd938
407f2432
00000000
402ec684
00000000
403a636f
00000000
00000000
4005f27a
00000000
00000000
4012645f
3e9745ef
00000000
00000000
00000000
00000000
3eb2bb1e
4060ede8
00000000
3f23d4e0
00000000
4059880e
00000000
00000000
3ff56825
401503bc
401ba46d
00000000
00000000
00000000
3fb21d5b
00000000
40026054
00000000
00000000
00000000
3fb32948
40bb7627
00000000
3fe3d823
3f91f432
00000000
00000000
00000000
00000000
00000000
00000000
40548834
00000000
00000000
4075affb
3fb44115
00000000
00000000
00000000
40b7a39d
00000000
00000000
402007b1
00000000
00000000
3fa3122d
00000000
00000000
4040f257
40760e92
00000000
40cb5f38
00000000
00000000
00000000
3f5af39e
3f0f40c6
00000000
00000000
40167916
4026a436
00000000
00000000
3e6e132c
407135b7
40380cb2
00000000
00000000
00000000
3ef29e28
00000000
00000000
40c2c987
3f08be19
00000000
00000000
3fc4759a
00000000
4065b4e4
4041c1b1
3fbf8993
00000000
3d6d2be4
00000000
40c19fd8
40aaaca1
3e5520af
00000000
404b59a2
00000000
00000000
3fd15f84
409b5b8d
3eed9200
3f8bb208
00000000
00000000
00000000
00000000
3fd66b92
40088542
3fae2345
00000000
406debda
3e7074ec
4034a727
3fb5442a
407f6c88
00000000
40c1590c
00000000
00000000
00000000
3febfd42
40dfffb4
3f888146
00000000
00000000
00000000
40061b99
00000000
00000000
4107d382
00000000
00000000
400a0a6c
00000000
00000000
3e817178
40c3a68d
40a72ecf
00000000
4023060a
00000000
00000000
00000000
00000000
40472018
00000000
00000000
400b92d0
00000000
400e3fb8
00000000
00000000
3f7b432e
00000000
4000831a
407efc47
00000000
00000000
405673cc
3f94ca48
3fa56b14
00000000
00000000
00000000
405aa15b
00000000
4042dfa8
3fd0f0a0
3f22a1fb
3fd748fb
3f6d1108
00000000
3fd2bb88
00000000
40266150
3fdbb117
00000000
3ff0c3b4
00000000
00000000
3e0d3e22
00000000
3c779c70
3edb4bce
3e74cc29
00000000
3e83c294
401bef6e
00000000
40d091ec
4025f9f0
00000000
00000000
3fdb8601
00000000
406b4d9f
3ed85194
3f2b2921
400bda2c
3d250670
00000000
3fb16400
40172947
00000000
4051915b
4085d89c
3fd5f900
402bc8d9
00000000
3f830823
3e1eb146
00000000
00000000
4047d9c1
40a4e992
00000000
4019fadb
3ffba883
00000000
00000000
00000000
4087ce95
3f07b191
3f038d9c
00000000
40ed515b
00000000
00000000
00000000
00000000
00000000
40a0538e
00000000
3ec8bdea
00000000
4084b71e
00000000
00000000
4045dede
40250fa4
3fb9f54c
3e9905f9
3fa33f72
00000000
40a0d40c
3f9c7b7a
3ff0daaf
00000000
3f83ec70
00000000
00000000
40619924
40917780
00000000
40036655
40e8c284
3f7a6215
400fa8b4
00000000
4040d22f
40676477
00000000
00000000
00000000
3f3f83cb
3fabf3a7
3fb7c631
00000000
00000000
40aabd08
00000000
00000000
404d2d59
00000000
00000000
4004c7fe
00000000
00000000
00000000
00000000
00000000
40a6e3f5
3fa16bdd
00000000
3e081111
00000000
00000000
00000000
00000000
00000000
3fc0fcab
3e9b6546
00000000
40bf96f9
00000000
3f807a60
4001051d
00000000
40159dd9
3fe7765a
400c4b8a
00000000
3f8cf0b6
3f259d9a
3f10fd9a
3e83130e
3fed19d6
40c645a7
3fee7f3c
402beb47
00000000
3d32fd24
402ca47c
402c9f5c
00000000
4005bbc9
00000000
3e7b7698
40b108e7
40cd8f8a
00000000
3e9e3a1f
4103532c
00000000
00000000
3ef8a326
00000000
40687de0
4015c10f
00000000
40e75882
3fba9cbf
00000000
00000000
400da03c
4114eaa6
3f61f18d
00000000
00000000
00000000
3e93774d
402bd656
00000000
3f41c5c8
00000000
00000000
3f8c45a6
401a6b65
4106d38a
00000000
408ceb3c
3fcaa666
00000000
3f6876ff
00000000
3e5b2a3c
3fb89b3b
3ff2988a
00000000
00000000
00000000
00000000
00000000
00000000
400abcfc
3e92757a
00000000
00000000
00000000
00000000
3fa477ac
40acea4e
401c7687
00000000
00000000
3f4bbfab
3f3c61a2
40a2f326
4008ee6a
3f5627e7
00000000
4004e9c4
00000000
00000000
00000000
00000000
00000000
00000000
00000000
402b3c66
00000000
3fa68b3a
00000000
3ff859bb
400e4da5
3d0f5cb0
3ffb6d2c
3f0bdc02
00000000
4086cf01
00000000
00000000
3f0c1ae1
00000000
404510d7
00000000
3fcf8d75
00000000
3faa4f70
3fa016ee
00000000
00000000
00000000
3fa3f121
40953d3b
00000000
00000000
00000000
408c85d7
405c800f
4042c423
3ed90509
3fc2cabb
00000000
00000000
00000000
00000000
00000000
00000000
00000000
40c738cb
00000000
40ab765b
4094ecd1
4080dd89
400dd00f
00000000
00000000
00000000
3fc80a87
3f9bfec1
4080df86
40be3a52
40f89bc8
401964c4
00000000
00000000
00000000
00000000
40896258
00000000
3f7956d4
00000000
4046fd46
00000000
3e910296
00000000
409059b7
409d7792
00000000
3fea1e90
4086f4a9
403182a2
00000000
3e8576de
00000000
00000000
3feee63c
00000000
00000000
00000000
00000000
3fdbccbf
3f6e8686
403335a9
3fdef8c7
00000000
3fe7751c
00000000
40490d57
00000000
3cabe8e8
40d6e539
400ed94d
4086b2aa
3cbfe9c8
00000000
40007658
00000000
404ee8f2
00000000
4081e5b2
00000000
3f8897c3
00000000
3fa35b4b
00000000
3dfd8578
3fc5ae30
41119f0a
4037ef3e
41061bba
3f97b3a0
404b4f81
00000000
40868bd4
00000000
00000000
40df6c93
00000000
00000000
3fe3b366
40d3e838
3df8d5e0
00000000
00000000
3f734272
00000000
00000000
40021b7c
409f7ac2
00000000
40857862
00000000
3f8e4d1d
00000000
00000000
401afa1e
3eeb8e6c
401082b2
3f946e05
00000000
3f08f372
4031ef8a
00000000
4010bffc
00000000
3fef4879
00000000
3fed8f7d
00000000
40a6bcc4
00000000
3ea82e58
00000000
407d93bc
00000000
4087298a
3fb1a473
3fdacb19
00000000
3fadaf45
40694b26
00000000
00000000
3f7a123a
40acbff5
00000000
40d06a5d
00000000
40605a52
40a5c51b
3f4cf446
00000000
405c4c58
00000000
400045b4
00000000
3f98474b
00000000
00000000
00000000
3e4cc4e8
40de9c7e
00000000
00000000
00000000
40ff27d6
3f551e02
4090c286
00000000
3fb4de0d
4049431c
401133ba
00000000
400029a8
00000000
00000000
402a149e
40425da2
3f981313
3ff6fba5
3fafbcf7
4089f84f
00000000
40127436
3fde9147
4012bc1a
407d5eac
3f190142
40a7902a
3f1b96de
40d1fe2a
40011216
3efe6684
00000000
3fa719fd
00000000
403311bc
3f63607a
400720ea
3fef7e77
00000000
40ee7940
00000000
3fd91013
402a9712
3fea5bf1
00000000
00000000
40593d0e
00000000
40169118
00000000
00000000
409d977b
4027b646
00000000
3eaa4da4
3fa47375
00000000
3fdc2781
00000000
410213d7
00000000
3fa58fb9
00000000
00000000
40162412
00000000
3ff9c6ab
00000000
408a781c
40d6f2e6
00000000
3fba46e3
4083e482
40e5e552
00000000
409a8856
3fa4e9ff
00000000
00000000
3f92bd97
00000000
3ee44a60
3fcb1c0d
00000000
40103876
401b96c4
408852fb
00000000
40c1056a
00000000
00000000
00000000
4032708e
00000000
00000000
00000000
00000000
00000000
404a7cde
40680e52
3fa5fd33
00000000
4104e7a3
00000000
3fa8abf3
403f18fe
00000000
00000000
4083c992
4098589b
401733e8
00000000
40d821c2
00000000
3fff8039
00000000
400b9fa2
400f3492
00000000
406e829c
00000000
4012cc0e
4019c8de
40b53fce
00000000
407f0498
00000000
00000000
00000000
40917d46
3f121722
00000000
40a28520
40b4b0e4
00000000
409b6391
4065eac6
00000000
00000000
40b7105a
00000000
00000000
41079711
40392fd4
3ff88011
407cc906
00000000
40ba0f65
00000000
407b75ea
40912c3b
00000000
00000000
00000000
4067c12c
3f6453d2
40a3d93c
00000000
3ef413bc
00000000
00000000
00000000
00000000
3fab1b97
3f50c156
3fea44db
00000000
40ef6928
00000000
405c97f4
4018c18c
402c0d30
3f605202
00000000
00000000
40c16d14
00000000
00000000
40ce5d19
4006dec4
00000000
00000000
408ffc3f
00000000
3ceef880
3e8a7044
00000000
40bde9af
00000000
00000000
3eb0cb1c
40aa64f6
403edf94
00000000
3f995f03
00000000
40af3b77
00000000
3b7e2200
00000000
3f59eae2
3f80a055
00000000
405acda6
40eea0b0
4024d556
00000000
410dcbd6
00000000
40fccb50
00000000
3ed1f450
40852dab
400fae9a
406c0484
00000000
00000000
407be114
00000000
00000000
00000000
00000000
40126c78
00000000
00000000
405d07f0
00000000
00000000
40b975c7
00000000
00000000
00000000
3eae6e2c
00000000
40ac5393
00000000
409020d8
3f3ac10a
401dc816
00000000
00000000
3ee7ac90
40bb17c1
40532644
405bbae2
3ff28e99
00000000
4087a8b2
00000000
404628c2
40253a64
00000000
3f7f7b9e
40284262
3f7b2e12
00000000
00000000
3fc44c91
00000000
401b739e
00000000
3f667e5a
3fdc0db5
405b8d74
00000000
400a018a
00000000
408d5f5b
40a83bfe
3f45af1a
3ffac681
401cffe8
00000000
00000000
00000000
3f84fe19
00000000
406c79f2
40ac43e7
00000000
40b386f6
00000000
00000000
4059900c
00000000
409c40a2
00000000
00000000
3fb36beb
00000000
00000000
406e7662
4026670c
00000000
3f148f82
00000000
403722d4
00000000
00000000
401b248a
00000000
412540d7
3fde0a5d
4000ad00
00000000
00000000
00000000
4013eb12
402c830c
405c00be
406bb2f4
00000000
410e5a0a
00000000
00000000
3f982fc9
3fe3d067
00000000
405c5b3a
00000000
40651854
40b63671
00000000
00000000
3f6eae4e
40c306d6
402912fa
00000000
00000000
3f945bdd
3f6e4582
00000000
3ee63ae0
00000000
4056de94
00000000
40a2b708
40166f2c
00000000
00000000
4011f824
408f78ee
00000000
40a64900
402add9a
4034bfb2
404ce7e0
00000000
3fe96f07
3ebfac28
00000000
40bb2fcc
40833bb2
00000000
400260ec
40820e48
3f629a92
407fec6a
404a08aa
00000000
00000000
40c90be9
3f1bcb9a
00000000
00000000
00000000
3e038ee0
3f374702
40cee7e4
00000000
3febd8a9
00000000
3f281d7a
00000000
408ec82b
407805b8
3f867ef1
3fe5786b
3fa23519
4013545e
3fca9143
00000000
00000000
4021e22a
3daea7b0
401806de
00000000
410dcb45
00000000
405abc12
00000000
40a61e37
00000000
00000000
3fa5b02b
4081f1c4
3fe0338b
00000000
00000000
00000000
404888d4
40ee31a8
00000000
3d4ad360
00000000
40268794
00000000
3fe9ec8d
4062ad60
3f46bfb2
3fd3f1ef
40017fc0
40b90d94
00000000
4081bb85
00000000
4032ce7e
3f989599
00000000
405f1e36
3ff218d9
4031b0b8
00000000
00000000
00000000
40f248a4
00000000
40d02835
00000000
40897b9d
40018e0c
00000000
3fd68cf5
4010cccc
3ebf03e4
40498c80
00000000
3ebe2694
40124d54
00000000
40bec8a2
00000000
40812d5c
00000000
40e04868
404becb4
00000000
3ff31493
00000000
3fc36a7d
00000000
00000000
40e26584
00000000
3f9001e7
00000000
40895364
40395cba
00000000
3fdab007
3f545c32
00000000
00000000
4073dea2
3f060836
40427e3e
00000000
402b33c8
3f5490d2
410c6e46
406a29c8
3f59f6d2
00000000
3ef5dd00
408512ba
00000000
40046fcc
00000000
00000000
00000000
40b5ed1b
404ccfbe
00000000
406df0b8
00000000
409f110f
401c828c
3ffe97af
3c662680
40b6a7cd
00000000
00000000
4039e61a
00000000
3e4ef250
402bd41a
00000000
40988683
00000000
00000000
407e580a
00000000
405a5f4c
40bd9bde
00000000
400643da
3faf6c59
40eedf8a
00000000
4021c816
00000000
40193760
3f020a62
3fc21e5f
3eece48c
00000000
4032a05c
00000000
3f3ba536
00000000
40a01c79
4071ced4
00000000
00000000
00000000
00000000
00000000
400558f2
401ce462
4034959c
00000000
3ee05118
00000000
40069288
40b20048
00000000
40990414
00000000
405b0f98
00000000
40fe7332
00000000
4053e26c
40b9098b
3e26c420
00000000
00000000
3fd2afdd
00000000
4086d2e6
00000000
403b3622
00000000
40a9b02c
00000000
00000000
40467bf8
3e865574
400378d0
00000000
00000000
00000000
4042b580
00000000
3f7f2336
3fee708d
3f994b59
00000000
40d44e94
00000000
409ed229
00000000
3dd99750
00000000
00000000
4091da6f
3f516a2e
00000000
00000000
00000000
40eea200
4095eeec
3f8cea29
402d6000
00000000
4022ece6
3f89ecfb
00000000
3fca39b1
00000000
40fd6d3c
40158554
00000000
4061ea20
00000000
4021cfce
00000000
40d54be2
00000000
00000000
3fe71439
400e9e98
00000000
3f867cc5
40a68506
401744a4
3fe725a1
3f4e3f66
00000000
3fc23cd9
00000000
40c24498
00000000
407709e6
40c385f9
3f3d62ea
00000000
3fd17265
4038fabc
4053f5b4
00000000
40da6d9e
00000000
406511c8
00000000
404023a4
4083a958
00000000
00000000
40747064
00000000
3f83964b
3fd2d147
4020745e
00000000
4094684d
40958665
00000000
40a1e41d
3fccd595
00000000
40c831e6
402919a4
00000000
3f529a1a
00000000
403d1f22
00000000
3fd5e4b3
3ed27b78
404097aa
3ed3564c
40a3a1ca
00000000
3ebb9168
3f88ae11
3f60799e
40d48a84
00000000
3f661366
405a49e8
403e6aa2
00000000
00000000
00000000
3fae34fd
00000000
3ec99578
40381324
3f8a8cc5
401260f6
3f3932fa
4089ac6f
00000000
00000000
3f839df3
40563bd2
40b418da
40bf17aa
00000000
00000000
4062b2da
3ecd3f64
40fdcf42
00000000
00000000
3f0be762
00000000
40b81032
3fedf795
00000000
40c25f7a
3f377d02
3fac2b3f
3f7afc4e
4006242e
3fa1a833
3f7711d6
00000000
00000000
4076ed86
403873be
00000000
407f554e
400aa88e
00000000
00000000
400b7df4
00000000
00000000
409496b1
3ea949cc
00000000
3d40ff40
00000000
3feed665
3fa1bba3
3f938e91
00000000
00000000
406cfbae
3fa0a8cd
3f53c50a
00000000
4020e34e
00000000
00000000
4014a226
40423ef0
00000000
40346d28
00000000
40c675ff
4060e6da
3fc4cbc7
00000000
3fb14e71
3eb04b10
00000000
40e3d1f2
00000000
00000000
00000000
3fca3a9f
400cebc8
00000000
00000000
40158324
00000000
00000000
3fe68abb
40cf31a1
403ac3ba
00000000
00000000
3fb2ac2b
3fa06cf5
3f1c03ca
00000000
403754fa
4064ded6
00000000
00000000
00000000
406470c6
00000000
40647126
3f48154a
4082b45a
3e714c10
00000000
40d4985e
00000000
40e66ea8
00000000
40a345b6
00000000
00000000
401238a6
3ff477ab
00000000
00000000
00000000
40a49aa6
3fcdd49d
3fb4c69d
40cfae74
00000000
00000000
00000000
4011ebde
00000000
00000000
4079631c
4004d0a4
3e88f4d8
00000000
40d739e6
00000000
3fafaabd
00000000
40fddc0e
3e8f89ac
00000000
40d0ded3
00000000
00000000
00000000
411b6789
3f0a2c4a
00000000
3f07b954
4061af08
00000000
4031fa3a
3e17f928
40e0e5ac
00000000
3f5b0992
406101b4
00000000
400fe974
00000000
403614b0
00000000
00000000
3fdd6c29
00000000
401cf51a
40108830
40571522
00000000
3fafddf5
3ffad2c7
4042e5ce
4054b638
3e910bf4
409c4fed
400364de
00000000
400bf194
409bc27c
40830ff0
00000000
00000000
3fb19d59
00000000
404c5394
00000000
3d03c120
40890e0c
00000000
00000000
3f982485
3faaebad
00000000
3f5acdc2
4010447c
00000000
3ff84681
3fdb3df3
00000000
3fe5f7d5
3fadfcc5
403b3b9a
3fa522d3
00000000
3fd14c29
3fbc8bef
00000000
40bba4a3
40460946
00000000
00000000
40287482
00000000
3fd953a7
3e76cf60
00000000
00000000
40c1198a
404516ac
00000000
40a97843
40018256
00000000
3ff876b7
3ef1de50
4084cd56
00000000
00000000
40a8859d
00000000
3f9d3647
40dbc916
40409376
00000000
4052e45e
3f2cebde
00000000
408ef679
00000000
00000000
00000000
40b62ded
00000000
40e72dd6
00000000
408f0587
3f22ba6e
40800a7c
4030c5b4
00000000
3fc9341b
3ef04ee0
401b0926
40174918
00000000
40abb70d
00000000
402f2678
403490bc
3eb74510
40bd05f3
4080de7a
3f592246
3eec1640
00000000
40c2827b
3f9d6f97
00000000
400bc4c2
3f8d9d73
00000000
40388c42
3fd15571
00000000
3fd87d4d
00000000
40016430
00000000
00000000
404328f2
00000000
40da9b40
00000000
401a4fb4
3fb7905b
3f94ae23
40a8b0ec
00000000
40682cda
406742d4
00000000
40bc2756
00000000
3fea5dab
3f224fd6
00000000
408973b5
00000000
3e648cc8
00000000
00000000
00000000
00000000
00000000
00000000
00000000
00000000
00000000
3e989d3c
00000000
00000000
00000000
00000000
00000000
00000000
00000000
00000000
00000000
00000000
00000000
00000000
3fd34e06
00000000
00000000
00000000
00000000
00000000
3f9ade8b
00000000
00000000
00000000
00000000
00000000
40980eac
00000000
4063c22c
00000000
00000000
3eaf22e4
00000000
40a22079
00000000
40355d00
3f31fec1
3fa6fb0a
00000000
00000000
00000000
3eeebec9
00000000
3e5d6c72
3fe908e7
00000000
00000000
00000000
407f52aa
00000000
00000000
00000000
3f91c980
00000000
3f8efc48
4093e769
00000000
00000000
3f05c14a
00000000
40520270
00000000
40908585
00000000
00000000
40a35ee5
00000000
40830a48
00000000
402e2482
400a638d
00000000
00000000
3f89e94f
00000000
40368d40
00000000
3fce3758
00000000
00000000
00000000
4027b99c
3f88fd30
00000000
00000000
3e76729e
40385f3a
00000000
00000000
406af7a2
00000000
3f46aa86
4086aa8a
00000000
00000000
00000000
00000000
00000000
00000000
4014b25c
00000000
40b334fb
00000000
00000000
3fc9375c
00000000
00000000
3e3c9cc0
00000000
00000000
4028d986
00000000
3f8af25d
3f6c5477
4062a9aa
3fbfa9e1
3f5b4a31
4090089b
3f9ffc8a
00000000
00000000
3e3c11b0
00000000
00000000
40bc6b91
00000000
3f9f6a7c
00000000
3da49368
00000000
400b36a0
00000000
00000000
00000000
00000000
00000000
40249abe
00000000
409bbf3a
00000000
00000000
00000000
400a2af4
3f8676db
00000000
00000000
4056c9bc
00000000
401ad455
3f9d1d02
404694cc
00000000
00000000
00000000
00000000
4079f6ae
00000000
40208a4e
00000000
3f0cbc8e
408d3889
40225e9a
3e7cb366
3f61574c
402f3742
3d1501b0
3f5ee3a1
3fc3a640
00000000
3f96e822
00000000
4054160c
00000000
3dc60e30
00000000
00000000
407620fc
00000000
3ea3fb98
403d642c
3f968a24
00000000
00000000
00000000
00000000
405d0cf2
00000000
00000000
3f0219e8
00000000
3f216668
00000000
40902c51
00000000
40c9aeb6
00000000
00000000
00000000
00000000
3f817846
00000000
00000000
00000000
00000000
404db9d4
00000000
00000000
400b7a7c
3dd3e2e0
00000000
3fccf0ce
00000000
3f2c4ac7
4024630c
00000000
00000000
00000000
00000000
00000000
408fe116
40883ddb
00000000
3e49bf6c
3e82bba6
00000000
00000000
00000000
00000000
00000000
3ec8911c
3f14ce0f
3ee21f86
00000000
3fd119c2
00000000
00000000
00000000
400569f0
40d2bd23
00000000
3e45e738
3f2e7924
00000000
3f002824
3ebcd38e
3f0ad9d1
4022e83e
3f3f06be
00000000
3f177e7a
00000000
4056b4d6
4049a6d4
00000000
4093168d
00000000
40507bec
3e96fc6d
00000000
00000000
40211586
00000000
400bc998
00000000
3fa071a0
00000000
3fbe8f35
00000000
00000000
00000000
00000000
00000000
3e6da670
00000000
4073e71c
3d08d010
3ffe4000
00000000
3f353f98
3f1ec502
00000000
00000000
00000000
00000000
4098760f
3f0a0057
409bc659
00000000
00000000
00000000
3fd3ee48
00000000
00000000
00000000
40bbedc5
408f8d10
00000000
404a03ca
00000000
403c2c80
3d8730b0
4029b014
406d7c52
402e9f00
00000000
40875e0f
00000000
00000000
00000000
402a6fca
00000000
00000000
00000000
00000000
00000000
40159f68
3ed0c613
3f8c06c1
00000000
00000000
00000000
00000000
00000000
3fe71aa5
4009c7bd
00000000
00000000
00000000
00000000
00000000
00000000
3effad90
3ef7ad18
3fbf9af2
00000000
40389934
00000000
3ed07897
00000000
00000000
00000000
00000000
00000000
402171ea
00000000
00000000
3eec12ba
00000000
00000000
00000000
00000000
00000000
00000000
3fd104cc
00000000
00000000
00000000
00000000
3f2e2db6
00000000
00000000
406ec14c
00000000
4002eeaa
3ed64dbc
400dd9c2
00000000
00000000
40c8886e
00000000
00000000
00000000
401a15d0
408501b0
00000000
3fba804a
00000000
00000000
00000000
3c8a3880
00000000
00000000
4061db64
3e15e4f0
401fcf8a
00000000
4051c51c
3e53939a
3ff18bd1
40a97036
00000000
3f423df1
00000000
3f6a3a36
00000000
3ea98345
40b213b5
00000000
00000000
405f8b2e
00000000
00000000
40057538
00000000
00000000
00000000
40b9f4b6
00000000
00000000
00000000
4081935f
405fc89e
4061ab64
00000000
3f00b6ab
3f4ed551
4098c4b8
00000000
00000000
00000000
00000000
00000000
00000000
408b7832
401a4ba6
3f3d2147
00000000
00000000
3f2d9232
00000000
3fd5062a
3ebeb84d
401fea50
4030468c
405cb9c4
4003d6a3
00000000
00000000
00000000
406972e6
00000000
00000000
3fa3f1e8
00000000
00000000
3fe68077
3ec74e0b
00000000
3fd3e994
3f944145
00000000
00000000
40c6763e
3f8f9c60
00000000
00000000
00000000
40d7c196
00000000
40287d08
4019721e
00000000
3eee59ba
00000000
4040c9f4
00000000
00000000
00000000
00000000
3fc3dad6
3eabc273
00000000
00000000
4024a790
4009fbc4
00000000
40eabc15
3fc8f3ae
400c6420
00000000
40a80073
00000000
40387b68
00000000
3eef691f
400979a6
00000000
408d398e
00000000
00000000
405307a4
3f5bfee4
00000000
40bb1007
00000000
3fd0eaf0
00000000
3eccb31e
00000000
3fbe860e
3f256425
00000000
40329332
00000000
00000000
00000000
00000000
3fb15f72
00000000
3fc53723
00000000
00000000
3fe1de88
3d5ffe40
3f95e8f2
00000000
40bf064b
3f46ffcf
00000000
40320cba
3e858991
409204bd
00000000
00000000
00000000
00000000
00000000
405287c0
3f86d891
3fc42ecc
00000000
409c69c0
40b6a357
00000000
3fb04df2
00000000
00000000
00000000
3ecc757e
00000000
3fa80646
00000000
401b2642
00000000
3f937b4a
00000000
3ff004af
00000000
3f0bed36
00000000
00000000
00000000
00000000
00000000
3fcf2f6b
00000000
00000000
00000000
00000000
00000000
00000000
00000000
3eff9ad9
4054c16a
00000000
00000000
00000000
409aad04
00000000
3ee05581
00000000
403b7dc6
4011d01c
00000000
00000000
40620232
40bb53af
3dfc3268
3f40d803
00000000
00000000
00000000
00000000
40951c03
4083fc65
00000000
00000000
00000000
3f93d858
00000000
3ee31f39
40b2fa6e
407c2006
00000000
00000000
00000000
40363b54
00000000
00000000
00000000
00000000
00000000
00000000
407187ec
3f85fb0c
00000000
00000000
3fe9fec1
00000000
00000000
00000000
3fdf7215
00000000
4070cd92
403df58c
00000000
4016f700
00000000
40ab38dd
00000000
40614ebe
3f001cac
00000000
3f6ce574
00000000
4088b158
40843212
3fa5b4cd
00000000
3f0f3a80
40b8309e
00000000
00000000
40107450
00000000
00000000
00000000
00000000
3f19eec1
00000000
400f7be5
40e72f47
3ff6eb2f
00000000
00000000
00000000
00000000
00000000
40234d50
00000000
00000000
3f8f700d
3fafca53
00000000
3fa97b36
00000000
4007bbbe
00000000
00000000
404f03e4
00000000
00000000
00000000
407d1e58
00000000
3d3cdb40
00000000
00000000
40602542
00000000
401457da
00000000
3fd8fd0f
00000000
00000000
00000000
40b84b80
00000000
40467ae6
00000000
40941f94
3e9b179b
00000000
00000000
40139566
00000000
00000000
00000000
4042f828
00000000
00000000
402aa588
00000000
3f6552bf
403eb78e
00000000
00000000
40a66dae
00000000
4000dd2d
3e878055
00000000
3f93b8cf
3fd558fc
00000000
00000000
40114b1c
3ecab9b1
00000000
00000000
00000000
3f9fcb12
00000000
00000000
00000000
00000000
00000000
00000000
400809d5
00000000
40b1be93
00000000
3fd3c844
401343d3
00000000
40214915
3febabd9
3fa1d9bf
00000000
4016d90c
00000000
00000000
00000000
00000000
00000000
405f1fcc
00000000
00000000
00000000
3f9e959c
40a38789
00000000
00000000
404bcf7e
402705ec
3f9652c6
3ecdfe5c
3f8d32bd
40b23555
00000000
401e4c7e
00000000
3eeb952c
00000000
00000000
00000000
40b71ef4
3fae73d9
00000000
40d17612
00000000
407f1228
00000000
3e75f364
3fc99fce
3f26d272
00000000
00000000
00000000
3fcc17ca
40408fc8
00000000
00000000
3fa7a710
403a0778
00000000
404e258a
00000000
00000000
4068b98c
00000000
00000000
00000000
3f8f3996
00000000
4097b703
3fb86c20
00000000
3eeb106b
00000000
00000000
4096446e
00000000
00000000
3e4bbd18
00000000
3fa5a57f
4042d33a
40766bfc
4040b6f2
00000000
400871a3
00000000
40704490
3fb34cf4
00000000
00000000
3f1c5a2f
00000000
408948d6
00000000
40a835ee
00000000
405916d6
00000000
00000000
40b52003
3fc61d74
00000000
40b15293
3eef8ac2
00000000
00000000
40881615
00000000
00000000
40735158
3e34fc00
00000000
00000000
00000000
3f8d8180
400b5708
00000000
40e8df64
401370d4
00000000
00000000
00000000
40a7c845
3f3d0656
3e0f994c
00000000
00000000
400b83f4
4000ee60
00000000
3eec6736
00000000
00000000
00000000
00000000
3fcb6f5a
403de55c
3f87705e
3f1f1b42
00000000
00000000
3fbf6b2c
00000000
00000000
40ba2895
00000000
00000000
40398ad0
00000000
00000000
400326ed
00000000
401ec192
00000000
4026d226
00000000
3ec30c5a
00000000
3fab2c0a
40b5d27b
00000000
00000000
00000000
3f15be5a
4089ad5f
3fd0ea2b
3edccb65
00000000
00000000
3f5fd668
00000000
00000000
00000000
00000000
00000000
00000000
00000000
00000000
00000000
00000000
00000000
00000000
00000000
40eb3272
402dc064
00000000
401bf632
00000000
00000000
4081cefa
3f866aac
00000000
3ed3c154
400cc966
4067f6de
00000000
4045bbae
00000000
3d2e6cc0
00000000
00000000
3f931eb9
40594b34
00000000
00000000
00000000
40fe26f3
00000000
00000000
41122438
00000000
3ef12760
00000000
3eb2d12b
00000000
3e3393bc
00000000
00000000
4032f14a
00000000
00000000
405b7270
407284a6
403295f6
00000000
00000000
00000000
3f6e47a5
00000000
407036fa
3fb895fa
00000000
402d5fe2
00000000
00000000
00000000
3fe66bf3
00000000
3d240310
00000000
3f66a6f3
00000000
3ffd9a08
00000000
4026c654
3f2dd048
40ab7d00
00000000
3e18915c
409cd9df
00000000
40b8b4da
00000000
00000000
3f42d511
00000000
00000000
3e81b240
00000000
408268da
00000000
3f27a583
40898596
00000000
3f8bec09
00000000
3e49d6a4
00000000
3f8a48d3
405250ec
3ce41520
406d4202
3db78370
00000000
3e92d639
00000000
400769c6
00000000
4021b55a
00000000
00000000
00000000
00000000
3d99f668
00000000
00000000
3f412dd7
406ff944
401f5a06
406d086a
00000000
00000000
3fee0d4b
40d02df2
00000000
40b6fe3c
3eada1a3
00000000
400ff1a0
40f706e8
00000000
00000000
00000000
00000000
3f96e91d
3ef770cd
00000000
40790aec
00000000
4092e7ee
00000000
00000000
00000000
00000000
3f7a379c
00000000
00000000
3fe87524
00000000
00000000
4066f234
00000000
401d56d9
00000000
3f5f33b8
3f5c68a2
4072a6ea
00000000
00000000
00000000
00000000
40844f45
402d5482
3f7fa454
412a530f
00000000
00000000
00000000
3f407c50
409961aa
00000000
3edb29b5
408d7676
41120b08
00000000
3f9e75a1
40bf7398
413f4022
3fca3fde
00000000
00000000
400bf76a
00000000
00000000
00000000
00000000
00000000
00000000
00000000
411373df
41676269
4064c3e9
404389fb
40e413f3
411c4353
3e0265ae
00000000
00000000
411aa11a
40c28ac2
00000000
40d7bf54
40b0c1c7
4026098a
408c3ba6
40ae686e
4049f2c7
403171dd
40733251
00000000
00000000
00000000
40975c01
4130a598
3e382c05
4056898b
00000000
40bfa0d3
00000000
403f87bb
00000000
00000000
00000000
00000000
4023d92a
416aa047
3e2227a0
40062c97
4017b436
00000000
40c9b3cc
00000000
00000000
00000000
00000000
00000000
00000000
4150e36e
3e12d698
00000000
00000000
409bb958
40f24c2a
00000000
00000000
00000000
40963744
00000000
40b3f63c
41009c3d
412dab22
00000000
40dd3fa1
40aab9bf
40dff9e3
00000000
4027cdd6
40390937
4089e727
411fea2b
3ef20eef
00000000
414d5c90
40896822
00000000
00000000
40c58367
00000000
00000000
00000000
00000000
00000000
40c26125
00000000
403a37b4
40328f9e
00000000
00000000
00000000
40ce7b44
00000000
00000000
40b43294
00000000
00000000
00000000
00000000
00000000
00000000
4089912f
00000000
00000000
3e83de36
00000000
00000000
411dc270
41645530
00000000
409b1593
40ed7769
4146efc1
00000000
00000000
41204963
00000000
00000000
00000000
3ff80c1b
00000000
4008d6ae
00000000
40a499d1
4101cad3
00000000
40dff270
3f0f02d2
40a4968d
00000000
00000000
00000000
4129b5a0
410a2247
40a1bd32
414a61e4
3fe2c1b9
40a10859
4098e2fb
00000000
00000000
4121332b
3ff87e3f
00000000
411cb400
4125347f
00000000
40bff6b2
3e4b695a
00000000
40c73584
4053a132
41573f91
00000000
00000000
00000000
3fc2b84f
3f3206ac
405f27c9
40915ced
00000000
00000000
00000000
00000000
00000000
00000000
00000000
4077446a
40ead39b
00000000
408c1677
00000000
3d21a9d8
00000000
00000000
00000000
3fd727c1
401bbd84
408d26d0
00000000
00000000
413281a9
00000000
00000000
00000000
40e8869c
404280cc
00000000
00000000
40d89a8a
4027273c
00000000
00000000
00000000
4093d7eb
00000000
00000000
00000000
402db363
40bd9dfc
00000000
00000000
3f7421ea
00000000
40cccef6
00000000
411ec3e4
405cf6c0
00000000
00000000
4192b36c
00000000
3fcb9238
00000000
40d9143c
00000000
00000000
3f2983ae
00000000
00000000
00000000
00000000
3fb0d32c
00000000
3fdedfd1
3fbd8614
41024baa
00000000
40a1ff57
00000000
00000000
4095a69e
00000000
00000000
00000000
00000000
4000f2ad
40d08deb
00000000
3d5d7946
00000000
00000000
40fe5fef
40755add
410fb5db
4140ec3c
40139a62
411af87f
00000000
00000000
40eab0d5
40454fb3
3fa0df42
00000000
00000000
00000000
3edea07a
3f86b9e3
00000000
00000000
00000000
00000000
3fa97896
00000000
40889200
40e68f92
406406d8
00000000
3e920214
3eedaffb
410c6692
40ac03c9
406932b7
407277f4
3fab4afb
00000000
00000000
3f9aafe2
00000000
00000000
40af3afd
00000000
00000000
4088f5b0
00000000
3faa6900
00000000
00000000
40a7cf6b
00000000
00000000
00000000
403f2963
00000000
406404ca
00000000
00000000
00000000
40087fd0
00000000
00000000
3fdb0789
4120be5b
40da1ebf
413b4e49
00000000
00000000
00000000
00000000
40e98430
41268850
40b1c569
40528b8a
00000000
00000000
40b1416c
3e9af416
401e3252
3f30d334
00000000
40f0427c
411f9424
00000000
3de7a6d8
00000000
00000000
00000000
00000000
00000000
00000000
4090b18a
00000000
00000000
00000000
00000000
40b40c89
40c09a06
40e96be1
402db170
00000000
00000000
00000000
00000000
40c804e8
406294a0
00000000
00000000
40fa58a1
3c941694
00000000
00000000
3f88ff32
3f239d1a
00000000
412b1d46
406f1be8
00000000
406d0647
4114bdef
40ea8847
4126adca
407d6c59
00000000
40262381
405cc98d
00000000
00000000
00000000
00000000
00000000
404f6d55
40d78ac9
00000000
3fa761d7
00000000
4004a743
00000000
40ac42dc
40bd2380
3fee4124
41338748
00000000
40cdfe3e
409c53b0
3dbb1562
00000000
3ee7dafd
00000000
00000000
40f9d382
00000000
00000000
3fae3606
4050142d
408b329e
00000000
00000000
40d84faa
00000000
00000000
00000000
00000000
4100fb93
40296f18
3e92810a
3e17befb
00000000
3fc283f1
4025d9b2
3fe990fb
404e087e
00000000
00000000
00000000
00000000
00000000
00000000
4094fff8
40ebba54
409e666f
4085698a
412f327d
417639ac
3fc6f123
411cab0a
00000000
40a4d38e
3f28bb78
40b1a707
3f5b4a4c
40c5e68c
4084aaf5
3f704d88
00000000
00000000
4158fc71
00000000
00000000
00000000
00000000
00000000
4113a31e
40b2f359
4174e667
00000000
3fb100ee
3f1154b6
4179c544
00000000
00000000
3fd80a01
00000000
40666a9a
00000000
00000000
40c3bba3
00000000
00000000
00000000
00000000
00000000
4003fbdf
41091ab7
00000000
40b51cf2
00000000
406026c5
40cb29b7
00000000
4103e38b
40049a1c
3c95df60
40d2b465
00000000
00000000
411071e1
4081a3d1
00000000
00000000
412f496f
400b0589
00000000
41253591
00000000
00000000
3f82e3be
40adb0d7
00000000
00000000
00000000
40c593ab
404496cf
3fefb6b0
00000000
00000000
00000000
00000000
00000000
00000000
00000000
00000000
00000000
40bd61b7
40ee9525
40f1e8e5
4100c5e5
40aebe96
00000000
00000000
00000000
3d542cc6
00000000
00000000
00000000
00000000
413f1969
41551122
3f399af2
3f75d522
405843cf
00000000
40322d0a
4108ee4f
41566492
00000000
00000000
40cd30bf
3f4bae02
00000000
00000000
4093924f
41530c14
407434ef
00000000
3edfc0c0
00000000
4088280a
409a992a
00000000
4125d89e
41176eea
4063f281
00000000
3febebe6
00000000
405bea9f
00000000
00000000
3e1b8ec2
3f223730
00000000
00000000
00000000
00000000
00000000
40bd0eac
409d3c82
00000000
00000000
00000000
00000000
00000000
40a9ec5d
00000000
408a3141
00000000
40a24d03
00000000
407551bd
400e9498
4075b437
00000000
00000000
3fab042b
00000000
40294705
00000000
411724a9
4169d63f
00000000
00000000
40bfa0e9
00000000
415e8214
40889249
00000000
4102450a
00000000
40001ffb
00000000
00000000
3f0a0916
00000000
40dd4776
00000000
00000000
00000000
00000000
00000000
4003f184
40f73631
3eed562d
00000000
40a03c60
3e84f54d
00000000
3fe92588
4088d775
00000000
00000000
00000000
00000000
00000000
4030a188
40b59844
40686432
40ba870f
00000000
3f70c714
00000000
40abad91
00000000
00000000
00000000
412e51d6
00000000
4135351f
00000000
401a38e3
40aa7f8e
00000000
00000000
40fa7872
3f771980
40688cd1
00000000
3ed921a4
00000000
3fdfdf25
407da309
408c7bd2
4175c320
00000000
3f866e6c
40abb4b3
4109ca2f
00000000
00000000
00000000
40d1592e
40773ad0
405b0a33
3f025bee
3f5c0738
403de9c5
00000000
00000000
00000000
00000000
00000000
00000000
00000000
00000000
00000000
00000000
00000000
00000000
00000000
40fb695f
00000000
408d4f52
40b47a90
00000000
3f2556ca
408dec55
00000000
00000000
406dbcd1
00000000
407c6e29
40caa135
00000000
00000000
4060b4e8
00000000
4053051b
40016898
3ea61f94
00000000
3fdd1dda
40e3dc72
411f894f
411be285
400f59fc
4110cb10
40db81bd
41529794
3f4b8fa6
40f86daa
404e50ba
3fa33723
00000000
00000000
00000000
410089c8
40847227
4128728a
4088cf20
00000000
400347d5
00000000
3ddb6684
40bf04bd
406abfac
00000000
00000000
3f8530ea
00000000
4114bc75
3fd0ebe7
00000000
00000000
3e3c71c2
40bdc4fa
405552b9
00000000
00000000
4031bacc
00000000
00000000
00000000
40870606
00000000
40e88331
40543b4f
3d96e9c0
3f99ffcb
00000000
00000000
409ae790
00000000
40f667d9
401410c0
00000000
3e808d9e
4157f285
4032ca8d
408cbf71
00000000
00000000
00000000
00000000
400c160f
3e8987d0
408eaac1
00000000
00000000
3fc7eccb
00000000
402eb847
00000000
00000000
40632d2b
00000000
00000000
00000000
00000000
410ca81d
00000000
3f7a5a4e
00000000
3fc5bd83
00000000
4027461a
410f350b
00000000
411f5747
00000000
00000000
00000000
3e5e6088
00000000
409c7b4c
00000000
00000000
3db2c9f4
40474f94
409b5d52
40aab71f
4051f1f9
00000000
40c0a77f
408026ba
00000000
00000000
4130c983
40d8d2bb
00000000
00000000
3eb622fa
3e3ac43d
00000000
40b00762
00000000
409ddea1
00000000
3f945b1f
40b3cf0b
00000000
00000000
41010f3d
408849a3
00000000
00000000
4021ca20
40bd408e
00000000
00000000
40dd0eef
4115ef08
00000000
40443b44
00000000
00000000
40bd336a
00000000
00000000
00000000
00000000
40aec86a
00000000
40b5a0de
40795db7
3f8eb0be
00000000
00000000
00000000
40e00173
40926d61
00000000
409b1701
00000000
00000000
4096d0cf
407e9d87
00000000
40120b28
00000000
40b3cfdf
40fd101a
00000000
00000000
00000000
3f2a40da
00000000
00000000
00000000
00000000
4147231a
40ee7229
00000000
00000000
00000000
00000000
00000000
00000000
405173da
40bbc347
40bb58ea
40ce4760
00000000
405574c4
411c3908
41124592
414169ac
00000000
401343ff
00000000
3fe07be3
00000000
00000000
00000000
00000000
00000000
00000000
00000000
41077e65
00000000
00000000
00000000
00000000
00000000
00000000
00000000
40791b05
00000000
3edb9e6b
4152ea44
00000000
00000000
3fd4bcf0
40c3ac94
00000000
3f582cca
00000000
00000000
00000000
3fd9ef4e
3f605804
40aa3814
00000000
41305bb4
00000000
00000000
405d023a
40cad832
41280954
00000000
40c05acc
00000000
00000000
00000000
00000000
3fccf569
41357abb
00000000
4110e582
4084b8ab
3f7761ba
3f9ef263
00000000
4105c4c1
40949954
00000000
40e70e9b
00000000
404800b8
3f8fe96e
00000000
00000000
00000000
3ee295d3
00000000
3ff1a1f5
00000000
40c60a6a
4024e1c8
408f4e72
00000000
00000000
00000000
3fc7b333
00000000
4048fef2
40982c93
00000000
00000000
3e38de0f
40e8458e
40a26463
4146d2fc
00000000
4041c16d
4004101c
4101e79f
