40a6264d
40902773
40ab664d
40afb6d1
40886022
40acb61e
404ccb8c
4097f3bb
40597efa
408a3daa
40c553b2
410c81c9
40a41c97
40d89c45
4098916b
40eeb36a
40c194f7
40dae505
4081a272
4040c51e
407af294
40866881
40737334
4045f4d4
406be258
40644682
40a5baae
40930b1e
410c60c7
41010693
40c36c59
3ff7c3d5
40e0918f
4101bd7b
40760bc0
00000000
403aead2
40a9dabc
40ccfd46
40c69a89
3ecf9a50
409b628a
407dcefe
40c90604
40f7b32d
405f0886
40dca9c0
4091a155
40875670
408b3b81
402852fc
40b69311
40e85e88
400a2094
40d1312b
409c47db
40e0fc4f
40892923
407d653a
405894ca
40a6edbe
40314584
3f0f534c
3f7ccdb0
4017bc34
40cb3a6e
4098c6dd
3fda8847
40f0b57d
40782744
40069022
3edbb742
00000000
40da44e4
00000000
41182301
40395cfa
40e7c777
3faa25cd
4085f07e
402c66f4
40cb4863
4030057a
3f81e5e2
3ebb67ec
400a6c16
405ebcbc
4051ed6e
4127f279
40f4d2df
40f26f0c
404b0f2a
409e2e4c
3eda6ac8
40f49d75
3f1b37a6
4001b3bc
40d7a8bd
3fec52d7
3f25b9b6
40b85969
4099fc53
40b413a1
40ba13a5
40d055b6
408742c0
3ff1dbb7
409555d9
4087d10c
40a87161
4090c286
4080ed88
402755d6
404929b4
40ac24e3
409d6ec1
403141c6
40d9c571
3f9a315a
3efc113a
00000000
3fe9bf5d
40220afc
409a9b14
3d9cc2f8
3fc03208
407706c2
3f69f848
3fa1d7f5
40911cd7
407bc5c2
40cb508d
4084fcdd
3ffb0ad3
40b895b0
40b81f71
40da8749
40aa26c3
40a7b0b3
407dbcf8
3fef8a99
410cbaff
40d742cf
40bb1487
4016c29a
3f683dea
40b3fe8e
408834b2
40f9e361
00000000
40ca35fb
408973db
40a8f334
406b927e
4118572d
3ed19d26
40cd4f01
402cf1bc
410bd912
4019de9e
403657cc
4126a8a4
408fc492
408ba069
401e5334
3f53999a
408d9ba6
40e841dc
3ed3faa8
3f8e59f8
40dd731c
41106f72
40e43218
409b1e18
4091a034
40920c21
40c1ad43
3ff8df7f
40acf803
408c7eb4
00000000
40776c3e
40201dd2
402da850
402c95dc
4091e776
3f250322
40c3421b
00000000
40bef1e2
408f061c
401594b6
3e71d4e0
40f055ee
4087ecad
40a06fba
40a8a1c6
3f0ed269
40a26cae
3fac32b1
40734470
4099d277
40a7782f
3fce6bc0
40b02b4f
40c97d31
3f5f6f06
4130043c
3f88e940
40e74644
3e749600
4050e1f2
40e0c3da
4084ed13
408041e0
40c17e6d
410072f4
00000000
40dbedce
3fbf2e85
40e8b27f
40b58fce
40e173b9
3f05c923
3f3ea806
40c77b0b
00000000
40721f9a
4023804e
40b84820
40bf4d15
408aeae6
3f8c8763
410c19bc
40e37d32
4006449a
40d2744f
40c4f552
4006841e
00000000
40232dcc
404b6610
40507ac6
3f98cb4b
40ba0363
3fa50765
4043053c
401b0128
4058087e
4042ddcc
3fafa77c
3fd3fee3
4068820e
40377244
40c57dfb
4046db06
4094cf56
40fe2fe9
40108b6e
3f5852fe
40b4fe6a
00000000
409b35be
40dbdd38
4067e4bc
407ecdd4
3f555a62
4022c208
401293f6
405cb9ba
40c583f8
41251b3e
40ada85f
40e31f91
4084ad06
40af2a38
404c9ccc
40d19ead
4020cbfa
40ccd57d
3ff78841
4046b710
40803b6c
40a0149f
408524d0
409763a1
407b0408
4013308e
4092875a
40fa699b
41017922
409d1db3
40c5aaa6
3fbe42a7
40f76a21
4050cc42
410ffcaf
40363298
40c0c5ef
4083cf66
00000000
00000000
3ff49b11
3fa5e8e3
407e513e
408356a8
40c35333
40b96013
00000000
402de096
3eb8242e
40ef656a
408ffa65
400aba64
403c655e
40c508f7
408ab7f6
403f288a
40b1b6b8
402a8a8c
40c09210
41191703
40773c80
409e9f1f
40026ba8
408bed61
00000000
40a1b4ff
405770dc
4093a3a0
4109dc48
407a6b22
4089d5bd
403653a6
406958ee
40c3cdce
40aef7ab
40c72bfa
40002ec4
4020e3ee
4081a04b
4035e120
40ba72b8
406d1198
3f59b6aa
40b6a3ed
4096a913
41018c7f
405ace04
40dd630f
40e993f3
00000000
40c2ec12
4112f287
40de7e0c
400a03f8
40af367e
3fe64117
406f85f4
4021e584
3f711b18
4032eace
408b55be
411abfbf
4029301a
40bd79b7
40a1443a
40bf4c6a
3faf3a26
40b8616e
3ff07347
40130962
40749296
4031764c
4034296e
00000000
4084d3eb
3fda3ad1
40744734
405cf942
40f1d796
40834b30
405ca0ac
4086bbe9
4123a9f7
412fd16f
410da792
409c485f
40a994ea
4033f458
40494ac8
402ee620
4083734b
40259936
40772be6
3e928b9a
40a4917a
40e5f6a7
3ff811d5
40789a22
3f8111ce
404f459c
40c6aed5
41026df7
40a0dafc
40cca6c1
406e202a
4104f1ba
4070d31a
407bf584
40c6559b
00000000
3f56a150
408a6f63
40f4273b
00000000
40df7084
40df94cb
00000000
40414792
410fdd26
00000000
40c0cc6f
40553c14
408a4134
4044dc54
409e1726
405e45f8
41011b36
4023f00a
40c980af
40420b54
00000000
402ebb9e
3fed4a1d
3ed2a332
3fee8d3f
40138442
4055aed2
3fc02b4c
40acb930
40647654
3f55569e
408c9dbd
40ac63e8
4064c420
3feb5e6d
402008cc
40aad8ac
40c71416
412a99e5
40a876bf
3f9d0b27
408ddd1a
409318d8
408acee3
40a6d59c
408b6b39
4078134e
3cb82840
40381524
4081c714
40784e02
4117f2b5
40161730
40ac0367
3fc05e3a
40b995a7
3fc50fb9
40d2e4de
40b67ed5
3e12d400
40d334f3
40c535dc
40efa58c
40566180
408616e5
400e585c
40172100
3f869da6
00000000
40f73c5f
40162572
3fec79df
3ff31e87
40333b70
408a9d5c
40181cbc
406f493c
406421aa
40de9fd0
3f7bbeb2
40a7533c
4092f92b
409d3990
408aa218
40a7cf36
40ade5aa
409e8dc9
3fabee78
4083f12a
40bdd30d
40b9d645
408a46f2
40a6410a
3fa52b50
40160dd4
403c2a56
409cc87f
40901362
40afbce7
40979ede
407be428
402cc0f6
41200fdf
3fa52b73
3fe78361
40dfcc17
40aa99cb
4058d6a6
40896562
402ceafa
4004eede
408f3312
40976ad4
40a6f672
00000000
40f60d8b
00000000
409a9453
3fac4459
4118ff96
40b88317
40997ae4
3fa01b65
40dfca52
40b128ac
40404010
4023811a
40baeccd
403202d0
409d41c4
411cb5eb
3ee9f190
4017a502
40ff7d65
3f24f79e
4094a656
40be285f
408eba45
403c0eba
40842a0b
408899c4
3edf5068
411c3b3b
4010f240
408a2c53
4116d85b
402b05dc
408a50fe
3fb6661a
404187ae
4106f44f
4082be07
409caba6
40e30dcd
4012325a
4131695c
40ee3e24
411605c7
3f4e2858
40d2c05b
408d7632
4098071d
3f26c1fc
40491ca0
405a163c
40a9c808
40827e5c
3fc2a88c
407c8bf6
3f9f9ff3
407d2ab6
40a10b5c
40a6136d
40e38886
3ff7cb2b
40a387b4
409417e9
3fd5e2d5
40206eea
408bb2dd
40a4d323
409437b8
40a3959b
40aebedf
40e8bc65
402b4fba
4066133e
3fb4c162
401df30c
3e897f48
40a59529
400a59e4
40e64ff1
40816e7b
40516894
00000000
40a1c486
41351931
40af0e2a
412d9f9c
40288126
40ea163a
4021301e
411dfdbe
402d36a8
40ae5483
41010be2
4105caf0
405dba7e
40743f08
3fb0a69a
3f81c9ab
40adf350
40875da0
41076ee4
400ff8e4
401f3620
3ffadb81
3fe11e03
3fe39267
4092f384
4074f87e
4020f168
3fe40f5b
00000000
409f52ea
408ceb43
3f88406f
40a80073
40a17f40
4099b014
4000553c
40b67f7c
403141c6
4105b7a5
40b9fbe9
40b52563
4057ffea
40bbaa9d
00000000
4112603f
3f1e4a9e
40e8adb7
40a70144
3fa37c5f
407a96be
400a2a16
40975d1a
409d22ab
3f9bfc73
406a11da
00000000
40061c42
40230c18
4056438c
411b14cd
40b13154
40d8a03f
40dd8a3d
403106c2
3f5891cc
41088a90
00000000
4085440d
40597a70
3f8900d5
3fed7811
40173fde
401c088c
40b63300
3fb343ee
40cc2a6b
00000000
408e3000
409fdf72
4018bb2e
409dd802
407de51e
3fba3021
407ec886
408fc515
403113de
4017556a
405bc1ea
406636ca
4086bbcc
4075d8d8
3f2c569e
40882461
40785ab2
406d3f3c
3f940eac
406e96b8
40d18ddd
40ae1143
40547630
40a12fdb
404077aa
404b6654
402d4efc
40b6ef9b
402f66be
40780ff8
00000000
40ec50e9
4113565b
4109fa99
409968a2
4099008f
40a24efb
40ef8c67
409ea895
4046800c
40cacfb8
407be0ae
40313192
3fdfd2c9
3e83ffda
404e02ee
40251c08
4087c594
40dc426c
4080b10a
00000000
4068d288
40fd502d
409af8bb
405a20f0
40e438dc
407749d6
40699d66
40a5f947
40985f94
40ff71d9
4029630c
3fad9650
4050d458
4098516d
4076c7e0
40969017
3f82dae3
3feeab41
3e450234
3faa99e7
404d8ade
401eb4d6
401586e2
406c0184
409f9660
400cf85c
409828d2
40940821
3e89e7a4
40a9ca44
40ae2412
40393188
3ff5d875
4095451b
3f184d43
40a10513
40793e32
40305484
3fab1363
4092493e
3f04ce1f
4049bd4c
404cead8
3fc5673c
40854778
403ac530
40076d5e
3ff951df
4096d8b4
405e5ea0
40b22f4d
40a50afa
408516d5
3fd701bd
4092fed9
405a8a58
4001c85c
40984600
41092a02
404526de
40b56be4
3ff962f3
3ffcc725
3f4b690e
40b98878
411e1ddb
411ec907
40477aba
4046b0c4
40930a34
3f7b8a7c
401e2bac
4072f03a
40b53036
405e4a66
406e9a3c
4069d838
40fae437
40cee445
40f80faf
40241f96
40c3b9d7
4076f0fe
40e61c38
00000000
409f016b
409b9dd8
403c6840
40432edc
3f073847
3fff64ff
00000000
403d620e
406e99b8
40c25686
402158de
3fdae11b
410968d1
3f93d123
409e218a
00000000
4111ea97
4010af02
3fe9d51f
40d78ef8
4098ea91
409b88c2
40829184
40c4a526
4029cc40
00000000
3feca487
40ad0458
3fe394b3
40eade18
4020494c
3fec8e95
4057f322
40962663
40604e84
407a1f74
40e35d2c
407ee1d8
40ed089c
3fb9bb50
4042d006
3e66a4a0
3f3c6528
40aa3d91
406b99b4
410ebeac
40153d1c
3f6aba54
40ad0f19
40a1537d
3fa2b682
40647b18
40120d2e
40b0ec60
40c57bba
40a23ba4
40c71851
40b25830
409f019e
4035c34c
40c25c5f
00000000
404baf1c
40e9768f
40efa5c6
401af8a6
40a77e4a
409660c5
401e9ee0
405cb7b0
00000000
40a7561c
3fac5ccc
40bba6e6
3f6a2b8c
3f62a49e
40f2037c
40cc7f8c
4107bc9f
410dd0aa
402b3d18
40c02803
405d4468
40709c62
3f4564e6
40d805a1
40731562
4056fc64
40953b94
4043abbe
40dc10e0
41180dc6
40493880
40363ab6
409d3672
40a0ae12
404b0486
3f9cf894
40bc0adc
40362364
40f59dad
408a62d1
411579c6
409a2a8b
40372f12
40924275
3f8343ca
405637be
40d4937b
00000000
3ff535cb
3fca28a3
3f192af7
404d4b34
40077520
3f884dad
40528cb8
403973e8
40b340bd
4087c93a
40a4300c
405e3f2c
40e21a4d
410206d4
40a8d51d
4088ff8c
00000000
4098df5f
3f0d2b29
41078da7
40293f2c
4102a310
40ec9d5d
40888d5f
4027abd6
403824ec
409a482d
4018769e
40a21d9c
408bb752
40d52dfe
40bd733f
3fc620da
4001fc72
3fd66601
40ad00a5
00000000
4090c8cc
3f613234
3f982412
40994974
40090198
40a1f458
40d1de7e
404fbf94
3fe16007
3ff28e0f
4108cd9b
405a0800
40fdae2f
40695208
408f1adf
405697a2
4098e5f2
4089ddce
40e9c134
40e551e5
40420164
409f4205
4090471b
3f1095b3
00000000
40077870
00000000
3e94bd54
3fa01628
4015f364
00000000
4043780e
00000000
40109950
00000000
40122d7e
3e9934dc
00000000
3fb070ad
00000000
40862447
4064d4e6
400f4506
00000000
3f830d01
00000000
408a3502
00000000
40163822
00000000
3ff6d1d5
00000000
3fe5047b
3f39cb9c
00000000
3f9c66e9
3ff9b985
40bcba59
3f1f34ee
4080a62c
40604f06
3fe4fb85
4008037c
00000000
409562a6
4092e7bf
3ff5ec6f
408e2f08
40a755f2
404010d6
407d39de
3fc7ecef
4091f3c6
406857d0
400c8a18
3f5c5f24
3fdd68df
3f881e3c
406dd360
3ed7ef58
00000000
3fcd968d
4034a812
3fb05537
403d4102
40ce0999
40a33a81
402079dc
40d113d3
41291494
41032be0
40a17db4
40c9c5cb
41024604
40efd83d
40d1f35c
4101f3d2
4116b595
40e76067
411e9f50
40c257d2
40b8ee70
404171fe
40fbe7b7
40c4d1c9
409be77e
40896cb3
40e9cddd
410d85d7
40d1f7e7
40959063
40a35580
40c24ca0
4093e9da
40a93586
40693c92
40b06a31
4098926f
40de41df
409afdcb
41141be8
40dc84f6
40de3904
40a1deb2
40c61c07
412b37c6
4031329e
402d12e2
406d76be
4083d504
409dea62
409a4fec
412c5497
40efe95b
40f80579
40f39bf3
4087baed
4115d601
40c00ffd
3fafae03
4063c58a
40695ef0
402325fc
40b5e4fe
40ca8312
41500807
40c4a8aa
40efa03f
4103d98a
40bf3f52
40dd95d4
4084b8be
40bfa5d2
40cee3d9
410ec622
40dd7a06
403f2bd6
41069e67
410615ef
40ebd1a7
3fc4f76b
4120ed55
40c85457
40e5bd7e
409d99e9
40d4b435
408e1409
40cb1973
40a0ee25
40a73149
40ea91df
40f39147
40ae4e58
4045a416
40d9462d
403a2e00
40c97d2d
411665d7
40b66c56
40df244e
40d4988b
40052db6
40be12e4
405a8e00
4080782f
41106f27
40437cea
40b65684
41396466
409b75d5
410f7aab
41039dbd
40e8e66f
41393922
412c3991
412a0c86
41071e30
40f4d7c9
40fe99b5
40e5221d
40654a40
40823e00
40be1297
4060bf6a
40a89f8f
40aec5c3
40a9c660
40af11ac
40a08a4e
40d85033
40dee3c5
40a2effb
4055e77e
40046b82
40ba105c
40c5d77a
40922db9
411ca441
4113b051
40a1c339
4099d1cf
40c129bd
41030100
40a9b355
40ee338f
40f2e4c1
40fb91fd
40e278f7
40f67393
40fd6921
40767168
405fe7a2
406de67c
40564188
40a225ba
413adb25
40e9cd0d
402eaab2
40b20311
40d1a0ee
40dd4167
3fc02bff
412dfeca
400fd7a6
40c1dead
405721a8
40e22136
403f4900
3fd35867
40d40a1a
410da942
410c4475
411a2288
410fa05f
4061f4ac
4112475b
40ddc62c
41057095
410457bc
40e158d8
411e00eb
4116c861
40f05931
412d9613
411ad51d
40a7b7b6
40404798
40b77bff
410b4f9b
40d79db5
40c16b9d
40d7bb17
40e6edc3
412df8e1
40d4217a
40beae55
40b00fa1
40c95084
403e3e48
400e4658
4039475c
40baae02
411532a5
40e580d4
406b6576
40bb453c
411698f8
40c73586
40ca3eec
40ef29f5
412ec2a5
40ede693
403062c8
41583e89
4062b472
40f424e3
4017a214
41025ef0
40991046
40256cb0
407bafc8
409e9360
00000000
405be516
401d54c2
409e200b
40dc2fc0
40bbf18a
4097c744
408e8104
40fb0049
408b9602
40570ff4
40ddd89f
4037d188
40bd7917
40a1a525
40c41b73
40c01075
40902dcc
40c4c6ee
412fba96
40a9595e
40ec9883
40b92850
408e1590
41097d11
410047f9
413fd965
41264be9
40ed401f
40a608f5
40b2d0fc
412bf222
410014be
411b8a52
40cdc52a
3fbb3cc9
410733d8
4094462f
407e4ee2
402badfa
40ba15f6
406c1e9e
3ebdcc20
40cf225a
4071d5ce
40d9c21b
40cae17b
40cdb8c2
40bf91a6
40f59c2b
40a2dde8
40f4957d
411bd861
410a8770
412a80a9
40c3df16
4091d097
40547e46
4065cb96
4085cac3
40a87cd2
40ad95c4
40e6c095
408a5955
40c25a5e
3f53ad14
40ee598f
40fbd413
409ab89c
40c1b42a
40b67dcf
40b60b4d
406b5c88
4008b26c
404412b2
40bd42af
4092ff39
402f793a
3ffb6793
4038a256
40a62c8c
4065f6b6
4107405f
40d35c4f
4143f4ec
411a3d9e
3fb1732b
3ff3332b
4020a694
41037269
410e72e5
413070a6
411c851d
40bee8e9
40836a78
40cc20fc
410064f8
40d4be51
40794d62
40c23285
410147f4
4146230b
411a27db
4107fb17
40d39131
409a5011
403bf850
40f3338b
40c3d42f
40e75e4b
40fb66b9
4074b132
40a5bc02
40075362
40d1b14b
408f5376
4135b4ec
412f7b82
4125012d
41026508
40b3462c
400e2a24
408fe1b1
402425ea
40f67f15
40b8ce1c
40daad73
40f29af1
3fdb5b03
40eb06ad
3f8e5550
40ba9c36
40d8cd36
4129e91a
41062e3c
40ee7f4f
4084f09d
3d155f70
409d4af5
40c9bbe1
412a4662
4121d100
41076ef7
40708644
4023b700
4039796c
3f8cd6b1
407b6616
40b913f0
40873f64
40fa0dc3
401146b2
4103a80f
409913b1
40daf5a0
40bba82d
40a136eb
40e289ea
4083a373
40c7183e
40e48ba0
410b75eb
411084b0
40d46ec3
4107d05b
40d717e4
4101f094
40d3551b
4109e8c7
40da1498
40d12cf1
410d6d27
4087d791
4096aec2
40b63f92
40f37107
403e8e2e
40cf6a48
40c8e34b
40b7e18c
4035b8fe
4101a44c
406b968c
411078dc
40cab871
410057f2
3f76ae9c
40aa188e
4070ab74
40bbda60
4099e116
40edd18d
402d606e
4038290a
40afddbe
4020975a
40f2f4ad
4011b258
4128ce36
407d5734
4114c54f
40aa7d2d
40b44889
4162e4c7
410d41bc
4137cacc
410d6bbf
40ef846f
40be881b
40f1ed63
40e83cc5
412a2b1d
407a551a
40c5072b
408255bc
403bdfb8
40e33adf
41062b0a
40aabb53
409b5954
404c2a50
4082a60a
410f1b5a
40f1a3e1
4140e8fc
40aa3fd8
40e6a0ff
4095faea
41200d8b
410c7b6f
40284dc8
40b27a6a
401ad8c6
409cc264
40a33f76
4134c944
413234c6
4085679a
4078a0c8
406773c0
40ab158a
4063ef22
408058c6
40b0f1dd
40dfad54
4072aec0
40b26aa1
410db4c4
40c90a0c
410fa100
409fe8a3
40aff409
40b72319
407abd9e
407a6c1c
4011e79c
40a8f15d
40db87dc
4111caf4
4100c3fd
412b48c2
410a245b
40ea90e1
410abf9c
4114a099
4089329d
409a1623
40f8290b
4121b2f3
40c05016
404a0f86
4036bc1a
40b673b3
40f031b9
40f20585
407b4cb2
4101f890
3fcfc3e5
40c4de59
40f05d1b
40a83b18
40517766
40d236eb
40652058
40fb3471
40cc508b
4103e89e
411740f5
4105fca0
40a8f3a8
406d7ff4
411209d5
408e7d22
40e80adf
4081ed63
40040e56
404e8088
40dfc3fb
40927ae7
40b9daa8
40eb87cf
4057a460
40eaa10d
41114dca
410d59b2
40ed7de5
40a2d5a0
40ac198d
40a8b1db
40e61b5d
40479c08
40cabe2b
4112f5d7
412339ec
4090d8c3
4083c744
40ac345e
4130bd40
414c9256
41192677
4128c190
410e2c12
4101be90
40d727a2
41018d1d
407e132a
4093696e
40e2636a
40e2f94b
40ccdf13
401d226e
40a436be
40bb06c4
40209a44
4040363e
41142caf
4091f556
40de6dfc
40bebd1b
4086a2ef
40c5fee1
4068475c
407eb9fc
40cbdea6
40cdc8a8
409e54d3
41009081
40c986b6
404f97da
412e77f8
40ac02fc
41247eb3
41072819
40c1fc06
4106aebe
40f7722d
40d30043
40d307e8
40b13034
41507e1f
40ab266f
40975a32
40145484
40ec7dbf
40c7a606
40eb345b
40a74803
404e02f8
40dfe3e0
410b361e
40d261a5
4047fe9c
409a8f4f
410d7b0e
40caa5f9
406f93ba
3ee9bc30
408ab0cd
4026a50a
40cfcd9c
40e7a939
41063f75
4106fae4
409f4140
40ee47a5
40cd2c55
408c1f0f
40aca4e2
40cda97b
40af69d5
40a3e87d
40723894
40bf60e9
3f29be2a
40619710
413b9b3a
406249ce
41265505
40b153c3
40b63320
40865c61
40f46b89
41086ad2
40506002
400a2c7e
41369422
407d80cc
412a0013
40c1eef2
40bbe290
4103dc99
40b92906
40c4bfff
40f997f7
40dd6362
40e127ae
40b15915
40baec05
401be8b2
40983e6b
40b364ab
4086bce7
4145c408
4103259c
40ce9e0f
40bad6b3
40e4ee68
40ef1507
40f7ed05
40993c85
41241f1f
412891f0
40cfab8d
40a35169
40b94ee4
40bd0c8b
40edc219
4076775e
41419567
40bb85a0
409f69f5
402c3f2e
3fa6e80d
40b490f9
40bb8ae5
403f7c8e
409dd9ba
400abb90
3fe2cafd
4086c524
3fcd626b
409df7ca
40d7fb94
410d76d7
40c886eb
40cff558
40c62a44
3f963a8e
4053ca3c
40bfa0b6
40b4ccaf
409151c1
409ba728
407a3ffe
40adabdf
40af1e61
409598d6
4105d840
403f9f36
40b19c97
4098a63e
40eb0d05
411e69d6
410e5f17
40ba2bce
411df2c0
40801c75
41071210
4136a8fb
40eab76f
40cd2b25
400fb720
3fa67a9d
406de2b8
40f1da8b
40edc927
40a1a953
414ec63d
410f8fe4
406a3e5c
408a91e0
40b76495
4073fa5e
40d9021c
40ccc35b
40b61ad6
402e6020
40747054
408ac71b
410f0f16
40de55fa
4078c232
40a10fb7
40ebfced
4108caa8
40a1ac6f
40dfdefc
405ceaa2
40ec4741
406cbe1c
400929f6
40d94022
40aa4cdf
40112ba2
40be4959
408b8892
40abfe89
410563cb
3fad69b3
40862b9e
4100876b
4054b388
4099bf5c
410f38fb
4075a676
40945baa
4114f99e
40e1952f
4097a0ff
40b41234
4087fd82
40a84861
40963e58
40060588
4089225b
41131f9d
409d0e73
40dbcc88
40ab7b61
40af4e37
411c9965
409c9fb2
40f41497
4107898f
40ad332d
40b6d594
3ff1ea6d
40ae449f
40fb3427
40fe5837
4113e8ec
40db607d
41005664
40995e3a
407330e2
40faa4a1
4121698d
41082abc
4102cc3c
40e3f7b6
3fd3e92f
4084bbde
4100850b
40d68062
40b62ec0
4034830a
400a6510
4080e18a
410dda3d
412b8057
41151a8c
40157176
40adaa5f
40d39af9
40ca5c40
404903f0
40e911bd
40e1603c
4019b384
404e0102
40bbb3ac
40e98457
40e0fdbe
40d8a086
411db6f4
41042096
40960b62
411bf890
411646d4
4069d84e
40cc73cb
40f1b73f
40c2ebab
403ae8ec
3f5311de
40c4c02d
4082b51d
3fe89223
40c563e1
40928285
4142aec0
40961a50
3fbd94b9
4100372d
4081d825
40dae845
40a9dc77
40db1fdf
40851f05
406a7714
40b48d29
40bfce12
40a02e17
40b0f4f9
41013d67
4099cf3e
40d6d142
408c3af8
40462e5e
41022334
412b40f0
40d69caa
4098ebe2
40d34968
40ceab46
411b1ae7
410b72df
40bfc833
4108d611
40af28f2
40aad00d
411b9717
41051d49
4141c469
411206fd
410aa557
40b3dc44
40929886
40129962
40d4a1b5
40ed5c67
409872a2
4061289c
403eb628
4042cc4c
409fbf7e
40bb92aa
40ec1f73
410f87cb
40f20b7f
40920d05
40c754bd
40f43615
412f1114
411ce33a
411aa764
40bc3f46
40c21bd1
409642c6
40c66406
40cc40b1
409a9a9b
4016013e
40d3e422
40c10df0
40abbd6f
40b22b5d
4113d448
40c1805c
4059c0fa
411a73f8
40d85012
406d6026
3fb65987
40891b45
409a2117
40dba7e7
409631aa
41029cf3
40a0965f
4083c68e
4038f856
40713f60
40af899a
40ad553f
406cca2e
40c3c910
40ed5723
40e7771d
40f174c3
41489a2c
40f8af1f
41018cf9
40c07232
4100dcf4
408d028f
40c5cc9c
4129dde4
411f5a48
40bd3425
400f59d2
3facdd15
40a1c018
40a467e6
40bc68f8
40d964d5
403c7814
40e0542e
40d686d0
40916dec
4070fc46
40ab4b0c
410e7bac
410b697f
401ca104
4117a625
409732fe
41367189
40bbcf8b
40b7189a
40161490
409dc68d
3ff9bbe9
40c0b16d
40b99c5f
40ba7ea6
41008f3c
41160603
40ca87b5
40c8f816
4114d3a3
40faa4bf
4105fd37
40ad002e
406abd5c
40fe83ab
410f30e8
40745f76
4068222c
4116a67d
40ffdad5
415863e8
410e7eb3
412f4e5f
40b1ca6e
40ce444b
40375d1a
4059875e
4025e528
4074c2a8
3fa418b3
402810ca
404b08b0
40a1e8a6
403cda34
40bf1a60
4046ba16
40edc6f9
40730de8
4108eaad
40c36978
40ae1955
407fe7ea
40ca61f4
40f3aeef
4089ef33
40395b56
3f9012b9
401ca75e
40987695
40c6f581
410144ac
40f057e3
40920e30
40088bae
40938a7a
409f9d68
40a039b5
00000000
00000000
40d7eb98
409cdba6
4138b150
40a46ac7
40a3892c
411536f1
41049d60
41434231
3f24e91a
4113d7e0
4060bc0f
4110d9b3
402bb6a8
00000000
40150ed2
4117ef85
40d158e7
41080c57
40c0785c
40ae2a59
4039e989
40044ca4
40bc2c23
40bae841
4080c252
40ad658f
40fbfbae
409d88ae
41042f22
409c79a6
00000000
00000000
00000000
00000000
00000000
409d4a08
40c65bcf
00000000
00000000
00000000
00000000
00000000
00000000
3f1972e2
40b23881
00000000
00000000
00000000
4075fd27
3f9499e0
00000000
40f7a45c
00000000
00000000
00000000
405eb9a2
40df209b
3fd8098b
00000000
00000000
00000000
00000000
00000000
3f6f974f
00000000
3f7b771e
00000000
4088d0db
00000000
00000000
00000000
414fa755
3f087978
00000000
00000000
40a2dbd5
00000000
403c38c3
00000000
401a11c1
40938df8
00000000
00000000
4014d7ca
410cfdf6
40f22159
3ed03045
40db756a
40f4ab24
00000000
00000000
00000000
3d630d85
00000000
00000000
00000000
00000000
00000000
40823471
00000000
40224d53
40c95ce7
3fb63c05
412c1124
4185050f
40fcf643
3fe5959b
00000000
00000000
3f9d73f3
00000000
00000000
40910e0d
00000000
00000000
3ecc20ac
40ab3df8
403b13a2
00000000
00000000
00000000
3fd321a1
00000000
00000000
3f8f8b8d
40ada723
00000000
00000000
00000000
3f5d13fd
4127402e
3f1105ae
00000000
00000000
00000000
00000000
4030b21b
00000000
00000000
40bf311f
00000000
3dcc675e
00000000
00000000
4071c09e
411776fa
41145125
00000000
00000000
00000000
00000000
00000000
41420c32
3fca85e9
400e6136
4081b094
4115e7f8
4150396e
3f7ed4e0
3f98a3f4
00000000
00000000
00000000
00000000
00000000
00000000
00000000
00000000
40835d57
411c6044
4009f738
40eebc22
406a6d76
00000000
407a8575
3f9e14b7
00000000
3f27da10
40af3109
3efe527f
00000000
40b4e6ce
00000000
00000000
3f28ba8a
40d1e402
40d23836
4100dc32
40d10a2d
406edd40
00000000
3f85d2a8
00000000
00000000
00000000
00000000
00000000
409dc43b
00000000
00000000
00000000
00000000
3fea2d28
3fb78afc
00000000
41845262
4037a204
40fba24e
00000000
00000000
00000000
410579b5
3fcf2d8a
3f3c2ad2
00000000
00000000
00000000
3f7b5ea3
411c5e30
40c75523
400f7684
4062a9c5
00000000
00000000
00000000
00000000
00000000
00000000
40e583d9
00000000
00000000
41073d04
416d3ebe
00000000
00000000
00000000
00000000
00000000
00000000
00000000
40a4a2df
00000000
40b2b5f3
4093b12f
3f047495
40059a86
00000000
00000000
00000000
40289927
3eb46a3b
00000000
00000000
405b42be
00000000
00000000
00000000
00000000
00000000
00000000
400a02bc
3ffd5efa
00000000
00000000
40a4f07f
414dfd8d
4059cd98
00000000
3f40b5b1
00000000
00000000
00000000
00000000
00000000
40714e53
412064b8
40cacc70
00000000
408b8f9f
00000000
40ba788a
412a63b4
00000000
00000000
3f2f0e63
40978a4c
4010cf18
00000000
00000000
4102fb3f
3faed58c
00000000
00000000
40cf5ce7
00000000
00000000
00000000
408478b4
00000000
00000000
00000000
4019f19c
4115a3f2
3ed3304c
00000000
00000000
00000000
400dfc6b
00000000
00000000
4136821a
00000000
00000000
40eb2a58
409b9ad8
418f19e0
40acb3f9
00000000
408c9c2f
4082f6b5
405aa5f0
41202335
410772fc
40a146cb
3fe37256
00000000
00000000
00000000
00000000
00000000
3fccb44b
40f31583
40308a28
00000000
00000000
00000000
00000000
40a5048d
00000000
4103e729
3f358b17
4001575e
40bc8400
40dc5c41
00000000
00000000
409ac567
00000000
405bf0ee
00000000
40006a5e
4009e5d6
41305db0
405ca66c
4113be9f
00000000
4039c471
00000000
00000000
00000000
00000000
3f25fffc
00000000
40ab6657
41557fe1
40afc067
00000000
00000000
00000000
00000000
408ea52f
3f2f72f9
00000000
00000000
00000000
413d4077
412d1b22
00000000
404e5bb8
00000000
40175a9b
40fff172
40dfb0ec
00000000
00000000
40a22c9e
00000000
00000000
00000000
404a5dea
4036952c
00000000
00000000
00000000
00000000
00000000
00000000
410be723
4079bb1e
40542906
00000000
00000000
00000000
4042b03a
00000000
00000000
40dae85f
406963c1
40f5a117
3e7fee87
404600bc
00000000
00000000
40cd855c
3fb96756
00000000
00000000
00000000
400eb4c1
40494b39
00000000
00000000
3fc7cd62
411f9512
3ffd2576
00000000
00000000
00000000
00000000
400bb24d
00000000
00000000
00000000
00000000
00000000
00000000
3f51e167
00000000
40b9bd54
00000000
00000000
40dd2fc5
3fcaf4f6
00000000
00000000
00000000
00000000
00000000
00000000
00000000
3f9e2533
4062683e
00000000
00000000
00000000
409d0322
404c3e6b
00000000
00000000
00000000
00000000
40c0f7a4
3fde53dc
40242c36
3ffcbb38
00000000
00000000
00000000
00000000
00000000
00000000
40487dfd
40e02747
41080fb2
400135bf
00000000
3f8036ff
00000000
00000000
00000000
4114bc7a
00000000
00000000
00000000
40b0c5ef
00000000
3dfc4caa
00000000
409d990b
00000000
40d293b1
405cceb2
00000000
00000000
4047c806
00000000
411accaa
00000000
3f6a5813
3fcc10d0
40379217
00000000
00000000
00000000
00000000
00000000
00000000
00000000
00000000
403f4ddf
00000000
00000000
3fb61760
40aaffff
40a9a4fb
40b5ddb9
00000000
3f2152c7
3d424554
00000000
40815e00
00000000
402fcaf1
3f0ca698
3fac10f3
41018bef
4082d657
00000000
00000000
3f665ca6
40c327e5
4104de42
00000000
00000000
3f319711
3b02d0a0
00000000
3fca5fdf
40d171a7
3f0a5394
3ed54a83
00000000
40d44741
00000000
00000000
407a655f
402a0e13
3f5af973
00000000
00000000
407b628c
4010e88f
00000000
40639e67
00000000
401d501d
00000000
00000000
00000000
3e364118
00000000
00000000
00000000
3f8e8394
00000000
406ff16f
412bc213
412802e8
00000000
3f97211c
40b41eeb
416fbfbb
400cb30d
00000000
00000000
00000000
40b27c74
00000000
00000000
3ea9dd19
00000000
3be935c0
40c75508
00000000
4098045c
40ec3f41
00000000
00000000
00000000
00000000
3f65dab4
00000000
00000000
00000000
403f9d0c
00000000
3f006719
00000000
00000000
00000000
404dcce4
408ad27e
00000000
00000000
00000000
00000000
00000000
40faef2c
00000000
4113bd04
40b8d2e0
3fb396b0
00000000
40e365c6
4126668d
409b15e3
40102fb7
41578a10
3f5d4ccd
00000000
00000000
4011a6a6
412771f6
40fc6446
00000000
00000000
00000000
00000000
00000000
408a50e7
00000000
00000000
00000000
00000000
00000000
00000000
41120f0c
3ffa8932
3fbbee82
00000000
00000000
00000000
41882a29
414063ed
40b4bbc6
00000000
413cea07
00000000
00000000
00000000
40aa9143
40ebc21e
40710538
404a27aa
410000f0
4138959c
4009118d
00000000
3f53ad80
00000000
00000000
400fc455
00000000
3e754eba
3ff9b3a7
4172c7bf
00000000
3eb266e2
40fec4a2
3f8aeb91
00000000
00000000
00000000
00000000
00000000
00000000
00000000
00000000
00000000
4130ed73
40ef8145
00000000
00000000
4009acd7
00000000
00000000
3fad86eb
413ad42b
00000000
3ea5a3d2
40afdcd5
00000000
00000000
00000000
00000000
00000000
3fb039fc
406c6b4c
3ee77fc5
00000000
3f77a206
40171c93
00000000
00000000
401c8b5e
00000000
00000000
00000000
00000000
00000000
00000000
40ba897b
40309e7e
3fa8f46a
00000000
00000000
00000000
00000000
00000000
409126f0
3e3b71cf
00000000
40557277
3fcb0da4
3f040162
00000000
00000000
00000000
00000000
00000000
00000000
00000000
00000000
3fe574ea
00000000
411a3923
3f953cf4
00000000
40d211bf
40ff9cda
3f8226b7
40ada7d2
00000000
3e28a5f1
40e17214
40800f71
00000000
40573941
00000000
00000000
3f9f5614
00000000
4042e017
00000000
4084de1d
411ee077
3f2cc26c
00000000
00000000
3e6c721d
00000000
412c43d1
00000000
00000000
3fbe876c
411e5e4f
00000000
00000000
00000000
00000000
00000000
413497fb
00000000
3e878960
00000000
00000000
3ce0fca3
40116f22
3dd9db8a
00000000
00000000
00000000
3f948776
00000000
00000000
4027e375
4041399e
40be07e7
40c1b306
40a616fb
00000000
00000000
00000000
40620a1c
40f7fe37
00000000
3ff8fb11
3fcf147e
3fa9073e
00000000
41a945fe
00000000
00000000
40b67f1d
00000000
00000000
00000000
00000000
40978119
00000000
40955fd5
3edade1f
00000000
40d2b0bd
3f274776
00000000
00000000
00000000
00000000
00000000
3e2070fd
00000000
00000000
00000000
00000000
00000000
00000000
00000000
00000000
40a806d4
00000000
00000000
40ea3680
00000000
00000000
41184ff8
40e7b05a
4095561f
40aa9903
409dd35b
00000000
00000000
3f5d1b5f
00000000
00000000
00000000
402f5f4d
40fb1b2a
401dc384
00000000
00000000
00000000
3cded111
40c6b2b1
00000000
4095933c
00000000
40b95547
00000000
00000000
00000000
40b9acd7
00000000
00000000
00000000
3e14c139
00000000
00000000
410755e9
3f0dfe88
40903fe2
3fa481a3
4063ec42
401dcff4
00000000
00000000
00000000
00000000
400103b3
41614e26
00000000
00000000
00000000
403a9d8a
00000000
00000000
3e9da39b
3f50070e
00000000
3f5bf0b9
3f940f94
00000000
00000000
00000000
00000000
00000000
00000000
41394215
4058bc35
00000000
401f73b8
4157374e
40ec4d79
3d152292
00000000
405298ca
00000000
00000000
4042ed53
403550c6
407256d0
3fa335a6
00000000
00000000
40a608dd
40dc548b
3fce92c8
00000000
40259cb8
00000000
00000000
3f7c059c
402c063e
40a80ef4
3fd25e3e
40926abf
00000000
00000000
00000000
00000000
40e97eb8
00000000
00000000
00000000
00000000
00000000
00000000
40bbb846
3fa1276f
00000000
00000000
00000000
40de1f90
40e92124
3ff1b865
00000000
00000000
00000000
40bced85
3f76c9eb
00000000
00000000
00000000
4026ab11
401cee33
403b3ed6
3eb5c6b5
40e06be1
3f9e49f0
00000000
00000000
00000000
3e0218e7
00000000
4092fcca
00000000
00000000
00000000
00000000
40d9155f
4073bb1a
3f93fb7f
00000000
00000000
00000000
00000000
4120d05e
4132ba8e
00000000
40795822
00000000
40ee809e
00000000
4001f007
40460a26
00000000
00000000
40397709
4008a62f
00000000
3f494c4f
00000000
3f4e81b5
4019cc56
00000000
3ecc1693
400d5e2a
40939635
00000000
409e2e74
00000000
40495f83
3e8232bd
00000000
40868d0f
40a617fe
00000000
41101c97
00000000
00000000
00000000
404d0a9e
00000000
3f36a3fe
00000000
00000000
3ed40876
3fa5f826
3fd5cffa
00000000
00000000
00000000
00000000
00000000
00000000
00000000
3e56aee5
00000000
00000000
00000000
00000000
00000000
00000000
00000000
00000000
00000000
00000000
00000000
00000000
3f3040b6
00000000
00000000
4092b485
00000000
00000000
00000000
00000000
00000000
00000000
00000000
00000000
3eb974f5
00000000
00000000
00000000
00000000
00000000
00000000
00000000
00000000
00000000
00000000
00000000
00000000
00000000
00000000
00000000
00000000
00000000
00000000
00000000
40d67111
00000000
00000000
00000000
00000000
00000000
00000000
00000000
00000000
408d67ba
00000000
00000000
00000000
00000000
00000000
00000000
00000000
00000000
00000000
00000000
00000000
00000000
00000000
00000000
40824c3c
40882b2f
00000000
4096c5ba
3f481aba
00000000
3e8fd0ec
00000000
00000000
3fa377f6
00000000
00000000
00000000
3e255bb3
00000000
00000000
00000000
00000000
403bda6c
00000000
00000000
00000000
00000000
00000000
00000000
00000000
00000000
3fdc6ea8
406ce122
00000000
403d10ca
00000000
41232047
00000000
00000000
40acbad2
00000000
00000000
3f0f3f99
00000000
00000000
3f82f43c
00000000
40eb38ed
00000000
3fe4b340
00000000
00000000
00000000
00000000
00000000
00000000
00000000
00000000
3e9a36b7
00000000
00000000
00000000
00000000
00000000
00000000
00000000
00000000
00000000
00000000
00000000
00000000
00000000
3ee28d30
3f219820
00000000
3fc91f32
3f48a6ef
00000000
00000000
00000000
00000000
00000000
00000000
00000000
00000000
4108b1fe
40acdf1f
40abbebc
40424c88
3eb36bc9
4036f3b7
00000000
00000000
00000000
00000000
3f851472
00000000
00000000
00000000
00000000
00000000
00000000
00000000
00000000
00000000
00000000
40990982
3ff27d1e
401cef4e
00000000
3da4c314
00000000
3fecaf36
00000000
00000000
00000000
00000000
40599e67
4126fe92
4029b51e
00000000
00000000
00000000
00000000
00000000
00000000
00000000
00000000
3f2ceef8
40064c89
3fe25e80
00000000
3fca7af0
415e8553
3f7a1115
00000000
00000000
00000000
00000000
00000000
00000000
00000000
00000000
3fe0a63c
40b8286c
00000000
00000000
00000000
00000000
3f9ee4cd
00000000
00000000
00000000
41118858
3fc82c4a
40810f3c
00000000
00000000
00000000
00000000
00000000
3e491fe7
00000000
00000000
00000000
00000000
3f9f9b0c
00000000
00000000
00000000
00000000
00000000
3f2429f0
00000000
00000000
3fdf13ce
3f0a9260
00000000
3fe19c10
00000000
404d2cba
405006ed
00000000
00000000
00000000
00000000
3ea812c0
00000000
00000000
00000000
00000000
00000000
00000000
00000000
00000000
00000000
00000000
00000000
00000000
00000000
3eeb397b
00000000
3c346c20
00000000
00000000
3fd01d68
00000000
400a6e83
00000000
3f67133f
00000000
400d0ca2
410c2a16
00000000
00000000
408f2a79
40e380a9
00000000
00000000
00000000
00000000
00000000
00000000
00000000
00000000
00000000
40688331
00000000
00000000
00000000
00000000
00000000
40191033
00000000
00000000
00000000
00000000
00000000
00000000
00000000
00000000
00000000
00000000
40155a1c
00000000
00000000
40865fe8
40f16a22
4108abc7
3f1c6491
3f831218
00000000
00000000
00000000
00000000
4029ca7a
40648b57
40bcba1a
00000000
3f925140
00000000
00000000
00000000
00000000
4124785a
3fa44a12
40d53055
40a0ded4
3f023b51
00000000
00000000
40a00cb6
00000000
00000000
407a6730
00000000
00000000
00000000
00000000
00000000
00000000
00000000
00000000
00000000
00000000
00000000
00000000
40eb4a51
3fec1952
00000000
00000000
00000000
3f4a6fe4
00000000
00000000
3fd5435c
00000000
3fe281d8
00000000
00000000
00000000
00000000
00000000
40712b92
00000000
00000000
00000000
00000000
40234fe1
00000000
00000000
00000000
00000000
00000000
402d3a4c
00000000
00000000
00000000
00000000
00000000
00000000
00000000
00000000
40ba53d9
3f0f132d
3fd0b18c
00000000
00000000
00000000
00000000
00000000
3f40e8e6
4027aa1e
00000000
00000000
00000000
00000000
00000000
00000000
40322a7c
00000000
3fd13dba
40d7abf3
00000000
00000000
00000000
402ff58a
00000000
00000000
00000000
00000000
00000000
3f873112
00000000
00000000
00000000
00000000
00000000
40a33b86
00000000
00000000
00000000
4015f449
00000000
00000000
00000000
00000000
00000000
00000000
00000000
00000000
00000000
00000000
4023ab7c
4014ad1a
00000000
00000000
00000000
00000000
00000000
00000000
00000000
3f264cd2
00000000
3fa7d40a
00000000
00000000
00000000
400fc103
3f510ca2
00000000
00000000
00000000
00000000
404654c2
00000000
00000000
3e73b4ec
00000000
3fec3156
00000000
402b4b52
00000000
4099f4ab
00000000
40b9eb1c
00000000
00000000
00000000
00000000
3fd6a874
00000000
00000000
00000000
00000000
00000000
3e0ec710
00000000
00000000
00000000
00000000
00000000
00000000
00000000
00000000
00000000
00000000
40c673a2
00000000
00000000
00000000
00000000
00000000
40d7f0d8
00000000
00000000
00000000
00000000
00000000
00000000
4032c611
00000000
40edd0ab
00000000
00000000
40b4b2e4
00000000
408cd034
3f07804b
3fb6e7b4
3e123f4c
00000000
00000000
3f66b412
00000000
00000000
3f43dbae
00000000
3fbaf42e
00000000
00000000
00000000
00000000
3e9ecce4
3fc48d78
00000000
00000000
3ee9a166
3dcc61d4
00000000
3f8644d6
00000000
00000000
3ffd9262
41261e9e
00000000
00000000
3fbbbb8a
00000000
00000000
00000000
00000000
3fdaeed2
3f971bd8
00000000
3f98495f
40181427
00000000
3eb1710d
00000000
00000000
3f58902c
00000000
00000000
00000000
00000000
00000000
00000000
00000000
00000000
00000000
00000000
00000000
3f094dd6
40b28d71
00000000
00000000
3fb0880c
00000000
00000000
00000000
00000000
00000000
00000000
407ff6b9
00000000
00000000
4014eff6
4053ac15
00000000
00000000
00000000
00000000
00000000
40759b9b
00000000
00000000
00000000
00000000
00000000
00000000
00000000
00000000
3f413233
00000000
00000000
3f9f004e
00000000
00000000
00000000
00000000
00000000
402bb31d
00000000
4150bf72
00000000
3f635875
40eb533d
00000000
3f36732b
00000000
00000000
3fcf5c74
4031bc7d
00000000
4004706b
40f7db15
00000000
00000000
3e59056a
00000000
404bc8d2
00000000
3f8af909
00000000
00000000
00000000
00000000
00000000
00000000
00000000
00000000
00000000
00000000
00000000
00000000
411615ca
00000000
40b0b574
00000000
00000000
00000000
00000000
00000000
408b18aa
00000000
00000000
40955455
4104c856
00000000
3f5fd4de
40f38689
00000000
00000000
00000000
00000000
00000000
00000000
403364b5
40f4563c
00000000
409ac9f9
00000000
00000000
00000000
00000000
00000000
3fec6358
00000000
00000000
00000000
00000000
3f1ccf42
00000000
3f9e2ef2
00000000
00000000
00000000
00000000
00000000
4081a022
00000000
3f0796f2
4000dc09
00000000
00000000
405559a4
00000000
00000000
3ff943a4
00000000
00000000
00000000
00000000
407e504a
00000000
00000000
3f189b6a
00000000
3f69c1dd
4064bdc6
00000000
00000000
00000000
40819769
40b2ce2d
00000000
409855bd
00000000
00000000
00000000
00000000
00000000
00000000
00000000
00000000
00000000
00000000
3f3292fc
00000000
00000000
00000000
40cf79c9
00000000
00000000
00000000
40cad991
00000000
00000000
00000000
00000000
3fe02aa0
3fc440b6
00000000
40bd54e1
00000000
3f9af2d9
00000000
00000000
00000000
00000000
00000000
00000000
00000000
00000000
00000000
00000000
00000000
00000000
408db7f9
404ec578
00000000
00000000
00000000
3c74ff20
00000000
00000000
4045e81f
00000000
00000000
00000000
00000000
00000000
00000000
00000000
00000000
00000000
00000000
00000000
00000000
3febca5a
00000000
00000000
4093523b
40843877
3fe0b69a
00000000
3ef49537
407b2198
40eb4d02
00000000
40b428d5
00000000
00000000
00000000
408dce94
00000000
00000000
00000000
41047f34
3fc80970
00000000
00000000
00000000
00000000
00000000
00000000
00000000
00000000
3fd5bbb0
00000000
408a4bf7
3e1f8cb4
00000000
00000000
00000000
00000000
00000000
3f834832
00000000
00000000
00000000
00000000
401f155d
3e656dad
00000000
00000000
00000000
00000000
3fadf43c
00000000
00000000
3f8144be
00000000
00000000
00000000
00000000
00000000
3eb8308d
00000000
00000000
3f4d56ca
403b66de
3efafff8
00000000
00000000
00000000
00000000
00000000
00000000
407d79c3
00000000
00000000
00000000
3f97debe
00000000
00000000
00000000
3fc12168
00000000
00000000
00000000
00000000
00000000
4003ef63
00000000
00000000
00000000
40fffedc
00000000
00000000
00000000
00000000
4079be88
4049ac43
3fb44dee
00000000
00000000
00000000
00000000
3fc13eba
4065c01b
4012199d
00000000
00000000
00000000
40e4bb25
3fbc88b0
00000000
00000000
00000000
3e5e2ed5
3f7ce5bb
00000000
00000000
00000000
40cda3f0
00000000
00000000
00000000
00000000
00000000
40837f22
00000000
00000000
00000000
00000000
00000000
00000000
00000000
00000000
00000000
3ead5e2e
00000000
3fe64776
00000000
00000000
404256f2
00000000
00000000
00000000
00000000
00000000
40b470a6
00000000
3f42469b
00000000
00000000
403793a4
00000000
00000000
00000000
00000000
00000000
00000000
00000000
3f5e1642
00000000
00000000
401f9a0c
00000000
00000000
3fd5edf0
00000000
00000000
00000000
00000000
40683f16
00000000
4028303e
4018bf51
40c76414
00000000
00000000
00000000
00000000
00000000
00000000
402b4372
3e2f909a
410e3af6
00000000
00000000
00000000
4111431f
408573da
00000000
401ae665
00000000
00000000
00000000
00000000
00000000
00000000
00000000
00000000
00000000
00000000
40a77117
3e4f2090
00000000
00000000
00000000
00000000
00000000
00000000
00000000
00000000
402c49cc
3fd49a78
3c84ce40
00000000
00000000
00000000
00000000
3f9fc1db
00000000
00000000
403c5dd8
3fe567e6
40262d7e
4002e87f
4062986c
00000000
00000000
401a2317
00000000
4090c70d
00000000
3f157e72
4093ec74
00000000
00000000
00000000
00000000
404c489c
40725439
00000000
00000000
3fa47742
00000000
00000000
407ab689
3f21ca6d
00000000
00000000
3f64d67f
3f0075a8
4060ef90
4000b694
00000000
00000000
00000000
00000000
00000000
00000000
40055139
405ec214
00000000
00000000
00000000
40e917cb
00000000
00000000
00000000
3d8ca416
00000000
00000000
00000000
408d329e
00000000
00000000
00000000
3f9854d3
409d195e
3f212aba
4056b1c0
4048fc02
40e32f63
00000000
3fc9e3e9
00000000
00000000
40765fcf
00000000
402fe8fe
00000000
00000000
00000000
00000000
408701a0
00000000
00000000
3d1adde8
4064c712
00000000
3f497ee6
3fd0b09b
3f4d8970
00000000
00000000
00000000
3f7e27cc
00000000
00000000
00000000
4085c952
407d1838
00000000
00000000
00000000
40a25dfa
41025882
00000000
00000000
00000000
00000000
00000000
00000000
00000000
00000000
4017d4a6
00000000
00000000
4038f626
00000000
3f6f45aa
00000000
00000000
3f3e00ed
00000000
00000000
3f37fefa
4097e6dc
401b97d5
3fcc124a
00000000
00000000
3d8e5958
00000000
00000000
00000000
00000000
40228026
00000000
00000000
40b90227
40d7856d
40e8a471
3eb84e6f
4121a185
40f45338
00000000
3e62e26e
00000000
4005583a
408a992e
00000000
3f07b1b0
4016cf6c
00000000
00000000
00000000
00000000
00000000
00000000
3ffbd232
00000000
3fe4c534
00000000
00000000
00000000
00000000
00000000
00000000
408348e5
40f7999e
3f2b3f37
00000000
00000000
40955f32
00000000
40905606
00000000
00000000
00000000
00000000
3e90dcd6
00000000
00000000
00000000
40c23218
40d16456
3ff31859
00000000
3f04d4eb
3fe19b38
00000000
00000000
4070f917
00000000
00000000
00000000
00000000
3f238f69
00000000
00000000
00000000
40150630
41104667
00000000
00000000
00000000
40f0bf28
00000000
00000000
40e49514
40214e9a
00000000
3fbb86c6
00000000
00000000
00000000
00000000
3ff5c334
00000000
00000000
00000000
40d22a5a
00000000
00000000
3e375098
00000000
00000000
00000000
00000000
00000000
00000000
00000000
4115b49b
408c6478
3fc8b52b
40bf0317
00000000
4019ff51
00000000
3f9d54aa
00000000
00000000
40886f1a
40a269cf
3ff2224c
409dfd2d
00000000
00000000
00000000
4019b321
00000000
00000000
00000000
00000000
00000000
3eee3700
00000000
406d7c27
00000000
00000000
00000000
00000000
00000000
00000000
00000000
405e486b
00000000
4094e831
408b8a4a
00000000
3fd4ac50
40b408db
00000000
00000000
00000000
40b3573c
3fef52cc
00000000
00000000
408b168e
40e08863
00000000
3f9af0fb
3f483c37
00000000
00000000
00000000
00000000
00000000
00000000
00000000
00000000
00000000
00000000
00000000
00000000
00000000
00000000
3f095057
00000000
00000000
00000000
00000000
00000000
40ecc946
40655eab
00000000
3f26debe
40b7093b
00000000
00000000
00000000
3fffd7f4
00000000
00000000
00000000
3d7fa222
00000000
00000000
3fb48d37
00000000
00000000
00000000
00000000
405a8102
405dad90
00000000
00000000
00000000
3f49e0af
00000000
00000000
00000000
3fcafc98
00000000
40600e67
3fe3e18e
40080547
00000000
00000000
00000000
00000000
40d39d8b
00000000
410ae2d6
4094d7f0
00000000
00000000
3fa1cd86
4033d207
40381a90
00000000
00000000
3dd8e429
00000000
00000000
3f9e59c0
00000000
00000000
00000000
00000000
00000000
00000000
40060082
4079b82f
3f265b2c
00000000
00000000
3f20f6d5
3e9028c4
00000000
3ea7adba
00000000
00000000
00000000
4004dec7
00000000
40b1625f
00000000
3da935a9
00000000
00000000
40c8185b
00000000
00000000
3ee856c2
4010ec05
4043b88a
00000000
00000000
00000000
00000000
404258e5
00000000
00000000
4080a292
40cb0bc1
00000000
00000000
00000000
00000000
00000000
00000000
410104b2
00000000
00000000
00000000
00000000
404cdba1
00000000
40810abd
00000000
00000000
411d5f55
00000000
00000000
3db3039e
00000000
40008d77
3f984af0
402775d7
00000000
00000000
405b06ff
00000000
40780fb7
3e6b12d6
00000000
3fc86ee2
4028db29
00000000
00000000
00000000
00000000
41227d2a
3f95925e
4103329c
00000000
3e6ca600
00000000
406f9056
40e81e99
40d132d7
3fcb1598
3fd46b80
00000000
3bd61f40
3f328950
00000000
00000000
00000000
40920f74
3e8b9020
409b84ba
00000000
00000000
00000000
00000000
4026fe18
40e334bd
00000000
4082faf1
408f7f7f
3f45b98d
00000000
3fdfb776
00000000
40a9d6e5
4088aaf1
3bd38b30
00000000
00000000
00000000
00000000
00000000
40a99038
00000000
00000000
3f94eb73
00000000
00000000
3f9a7f0f
00000000
00000000
3f6ae7ae
3ed280d6
00000000
41093255
00000000
3d5ec302
405a31b9
00000000
00000000
3f6d2bd4
3efc15d4
40499edf
00000000
00000000
00000000
00000000
4000696a
403f5a62
409f9488
00000000
3fe4898e
00000000
3e976391
00000000
3f04feaf
408fae7c
00000000
00000000
40c4d58d
400d6c13
00000000
00000000
00000000
402a4531
00000000
00000000
3d7814a6
00000000
00000000
00000000
00000000
00000000
00000000
4017db0c
00000000
3f9b60a6
3ff5dd1b
00000000
00000000
00000000
3eeecad8
4090db49
00000000
00000000
00000000
00000000
4112017c
409fdf7e
00000000
00000000
40a36424
3b73b360
00000000
00000000
00000000
3f736e1f
00000000
00000000
00000000
00000000
00000000
408887ff
40efb12e
409a5748
00000000
00000000
00000000
00000000
00000000
00000000
40b99358
00000000
3fc3f64a
00000000
00000000
3f8cfea3
40de2311
00000000
00000000
3fc3b4ef
00000000
00000000
00000000
40ccbd42
00000000
00000000
00000000
413c3e7d
00000000
00000000
00000000
407fb756
00000000
00000000
3f08d53b
00000000
00000000
3fbbcbff
00000000
00000000
00000000
40bd5962
00000000
3fadc5f5
3f9acbc5
00000000
00000000
00000000
401b9bea
00000000
40e5051f
407527d3
40d4dde1
40205409
00000000
00000000
3ff3a001
00000000
3aa91b80
3fd3edff
00000000
00000000
3fcf45df
00000000
00000000
00000000
00000000
4025b096
00000000
00000000
00000000
00000000
00000000
00000000
3eefd924
00000000
00000000
00000000
00000000
40b02f7c
00000000
00000000
00000000
00000000
00000000
00000000
3fce800d
00000000
00000000
40b4b644
00000000
00000000
00000000
00000000
4098ee13
00000000
00000000
00000000
00000000
00000000
402d2b89
00000000
3f3a7bf6
00000000
00000000
00000000
00000000
408343be
00000000
00000000
00000000
3e5cb60e
00000000
3ff52337
401ae743
3ff62248
40e7df46
00000000
00000000
00000000
00000000
40966659
40727491
3fe278a0
00000000
00000000
00000000
4093c74c
00000000
403f084e
00000000
40b282bb
407c00be
00000000
00000000
00000000
00000000
3f82b18c
400be796
00000000
00000000
00000000
00000000
00000000
00000000
00000000
00000000
00000000
3e9d2d97
00000000
4041f945
40aca31e
4092ba8f
00000000
40bec862
00000000
00000000
00000000
00000000
40818c98
4066f98d
00000000
00000000
00000000
00000000
3f9477d1
00000000
00000000
00000000
4081e432
40a9f241
40861f1e
406c10fb
409099a0
00000000
00000000
3fde9898
00000000
00000000
405fe1b2
00000000
409b3998
3fe4dd13
00000000
40e2a5dc
409233a7
3fb75b0a
00000000
00000000
00000000
3f6c5fe0
00000000
3f420bf1
3e688bab
40237bbc
00000000
00000000
4099d1b0
00000000
00000000
407e2058
3b8262b0
00000000
3ff14fbd
00000000
40ca69d0
00000000
00000000
00000000
00000000
00000000
3efba476
3f740c1a
00000000
00000000
00000000
00000000
404f2bee
00000000
00000000
3fb48706
3fd00c36
00000000
40e8771b
4028ceeb
00000000
3f9a3700
00000000
40104659
408c7b23
40056114
00000000
00000000
00000000
3ff9fdb3
00000000
406b9c38
00000000
00000000
3f7e3dc4
00000000
00000000
00000000
00000000
4022e34c
40c12d0d
00000000
405df8e5
00000000
00000000
4117fa17
4087a9ae
00000000
00000000
00000000
00000000
40d20618
403b794f
00000000
3f92eea4
00000000
00000000
00000000
3fb68621
00000000
00000000
00000000
40d938b0
40160302
00000000
3ff6ccd2
00000000
3f8a5611
407dc0cb
00000000
00000000
40523d54
00000000
40a9286f
412061d5
4002a168
00000000
4021bd8d
00000000
00000000
403297f2
402e4a21
00000000
00000000
00000000
00000000
00000000
00000000
00000000
408ce933
3f0042e0
3f364897
4089581a
4073c548
40546d7a
00000000
00000000
40748833
4080a468
40f9df63
00000000
400f57d7
407d457f
00000000
00000000
40084780
00000000
00000000
40f93f55
3ef83276
00000000
00000000
3eddb1dc
400384b8
00000000
00000000
41094654
00000000
407106ee
00000000
40832cd9
407e404b
00000000
00000000
00000000
00000000
00000000
00000000
00000000
00000000
40913091
402e5c6a
00000000
3f8dcfb0
4017d074
00000000
408017f3
4001211d
40952892
3fb1d23f
00000000
00000000
00000000
00000000
00000000
3fdb257a
3fadbd26
40169fa4
00000000
40560bac
00000000
00000000
00000000
00000000
00000000
402b68fa
00000000
00000000
00000000
00000000
3f9a007c
00000000
3fd1d3e8
00000000
409ac1c4
00000000
00000000
00000000
3fcf0aaa
00000000
4024fa69
00000000
00000000
00000000
00000000
00000000
00000000
00000000
4119fceb
00000000
00000000
403da514
409760d7
40a85b48
410214a0
00000000
00000000
00000000
00000000
40b9a183
00000000
00000000
00000000
00000000
00000000
40313e61
00000000
00000000
00000000
40572768
00000000
40cdef03
00000000
3f26b728
00000000
00000000
3f2d9368
00000000
00000000
3f74bf55
00000000
00000000
403ccac0
00000000
00000000
00000000
00000000
40102d31
00000000
00000000
00000000
00000000
3f37a0c4
00000000
00000000
3d503088
00000000
00000000
00000000
00000000
3d47eada
00000000
00000000
400f0c8a
00000000
00000000
00000000
00000000
40b10fa9
00000000
3ea8f074
00000000
00000000
3cba3bb0
00000000
3dad12b4
00000000
00000000
00000000
00000000
00000000
00000000
00000000
00000000
00000000
00000000
00000000
405728b7
40a09679
00000000
00000000
00000000
3f6d0afe
00000000
40cc51ea
00000000
00000000
00000000
00000000
00000000
40c038ad
00000000
00000000
00000000
40588618
00000000
00000000
3fbc60da
00000000
00000000
3f60b185
00000000
00000000
00000000
00000000
00000000
00000000
3e3044e7
408181f3
40341e88
00000000
00000000
00000000
00000000
3f102258
00000000
00000000
00000000
40407476
00000000
00000000
00000000
00000000
3f63a86c
41298d7d
00000000
00000000
3f22542a
3f5a576f
40dbc41a
401927ab
40d45bf8
40807928
40206701
41265401
3f9756e2
40660407
4087f3be
40b67e4d
407155d1
3f0314ff
4041a332
410e88a6
3fc644ba
3fc600de
407dfe9c
3f5cdc61
401a8980
3f126ccf
405a4f13
40ce2a0b
40f57316
4047574c
401ce297
3fbac45e
00000000
3effb283
3e8c1e71
3ecec205
3fd87f3e
00000000
00000000
00000000
4002704f
00000000
00000000
3edee6ef
3fb286b2
00000000
00000000
4048840f
40b063c5
00000000
00000000
3f8a1f32
00000000
00000000
00000000
3eb06802
40b1c328
00000000
00000000
00000000
3ff091dc
402ee4ed
00000000
00000000
40f97c55
00000000
3fc5fea4
40b24431
409a9ac6
40e8ea2e
00000000
00000000
40218f24
4045bd7c
40e6a83b
40319b07
4028d358
00000000
00000000
00000000
00000000
4074e302
00000000
00000000
4021c986
3fee14c4
3d04f540
402783d2
401815fd
40fcdcec
3ee265c2
00000000
00000000
00000000
00000000
00000000
00000000
4066fd36
4105eb75
401cc390
00000000
00000000
00000000
00000000
00000000
00000000
00000000
3fdfbc22
00000000
00000000
3f27ae76
00000000
00000000
00000000
3f8a020b
3fcdbc26
3e7a2ed4
3f563448
409ce0ea
00000000
40b68165
00000000
00000000
00000000
00000000
00000000
40a176ad
40704ecb
3fb37b30
40459144
40162588
40ba8b3e
00000000
00000000
40dc0d55
402e758a
00000000
408e1823
3f5186c0
00000000
00000000
00000000
403c8518
00000000
00000000
00000000
401c1e15
00000000
402bb0e0
40d36e60
3faacbd4
402a7185
3fb28a3e
3f32d773
00000000
00000000
00000000
3fadc359
40c62900
40285355
3e8438e7
401dfbe2
3fa9fec8
401d3df2
3efdeb00
408ac38a
00000000
41286fa4
40d02ce2
405911ab
00000000
405b3bdd
41252bd5
40bbffa9
4046b46d
3d920dc8
40c15e6f
3de489a8
3e9fad33
4059dd1a
00000000
00000000
407c3dfa
3f86d478
00000000
40cbaa0a
4037bdd8
00000000
00000000
00000000
00000000
00000000
00000000
4043478e
4044818a
3eb0ecd6
3fb4d76c
00000000
00000000
00000000
3fb5bd00
40e24373
00000000
00000000
40a085e6
00000000
00000000
4064f065
4069b101
00000000
408b7fe1
409e033f
40944ad4
00000000
3effd00a
00000000
00000000
00000000
00000000
00000000
40c1a194
40508850
00000000
00000000
00000000
00000000
408a1bdc
00000000
00000000
00000000
400fac35
00000000
00000000
40264e94
40f99c96
00000000
3f9184de
40dd895e
00000000
40641973
00000000
3f6d9c9d
00000000
00000000
3f631d70
4096f474
4007a906
3fe3be16
00000000
40c3727d
00000000
405962fa
409e0fc4
00000000
40cfc08f
3e45a93a
00000000
40b0b235
00000000
00000000
3f1c6f70
40deeeff
4001176b
00000000
40595c28
3e6114be
00000000
3f3aa0dc
40a4a945
00000000
40dc9d7a
404cbd93
40b82ae8
4068a773
400b828d
00000000
3ea87cfc
410df35c
00000000
3fed84a4
00000000
00000000
411ced1c
404b2154
4085f8a7
00000000
4116403e
00000000
00000000
3e3cf869
40223f58
40e3c53e
40ee06d4
3fcf5d8a
00000000
00000000
00000000
40e6b696
00000000
00000000
00000000
00000000
3e85bc09
407ee74b
00000000
40d2a8d2
00000000
412011e2
40a3d274
00000000
00000000
00000000
40e73f04
3f9a2ec9
3f394e72
40b01e01
00000000
408a5255
00000000
00000000
00000000
40986b29
402e7bde
40c25746
3eba4e1d
40bf88d1
4027120d
00000000
402312e6
408f3b63
40cdd627
3ff0da24
00000000
40c6de97
00000000
402ebce6
00000000
00000000
3fa42ace
00000000
00000000
404958dc
404432cb
40e0a38f
402fce44
3d9002c8
3f824ef8
400cc553
00000000
00000000
00000000
00000000
00000000
3fe6632e
00000000
00000000
00000000
00000000
3de0b2dc
40b6a1bf
404015b6
00000000
409ff0fe
3f917516
40a0ae28
00000000
00000000
3ea817eb
3fbe8a8e
40a6da20
40ead2b4
00000000
00000000
00000000
3e8e4ba8
00000000
00000000
3e993bcb
00000000
00000000
00000000
410ce398
00000000
3fa5c528
3fc2ab22
00000000
402d0249
3f708b8b
00000000
3f37008c
408148f3
3fb499ca
00000000
404913b8
3fad7904
00000000
00000000
40600dff
3ffeae56
00000000
00000000
00000000
00000000
404c1488
40cbc8ec
00000000
00000000
40a6dc01
00000000
3f47f7dd
00000000
00000000
3f3004c4
3f6d3ee3
3f9a1c6c
00000000
403aa929
4127f6cf
4054c0ce
00000000
3c751740
00000000
00000000
40ff70f8
4049fd40
00000000
3f351120
00000000
00000000
00000000
40cfee37
00000000
00000000
00000000
00000000
403d5cfa
3f86f6f1
40a18b7d
00000000
406a3c32
41019b89
3f219b85
3faf4684
401c5759
3fe6380a
00000000
400b7213
00000000
4086cdc6
3e13d341
00000000
00000000
3fa5cff2
3cb4d9b0
3d25b5d8
409d547d
3fdd0ca8
40620e6c
00000000
00000000
4121d3ca
40da737f
00000000
00000000
00000000
40649ce5
00000000
3fa8cdbe
3f92ee43
3fbd08be
00000000
00000000
00000000
00000000
40eb7b1f
00000000
00000000
3e872d95
3f5df016
00000000
00000000
40c1d3d8
00000000
00000000
40e81752
3fa015e2
41263bd5
40ce1f9c
4010c5bd
3f40377c
00000000
4088f9b4
3fd9d86a
40039c2d
401dc2b4
4113cd7a
00000000
00000000
40b754e8
40e252e7
411ffea0
40eead5a
3f5d778e
404a3440
00000000
00000000
3fd15560
00000000
00000000
00000000
3fb64dec
4021a9d0
3d9b8cbc
00000000
00000000
4078cffd
00000000
40696127
3f34b114
00000000
00000000
407584af
3f5de47e
00000000
40324a90
00000000
00000000
40b16b21
407636e9
40e11370
400f5f98
00000000
402c1deb
00000000
3f96f299
00000000
40a491ac
00000000
00000000
00000000
4071e3cd
40909b45
414c8723
4026903f
3fb42ee6
00000000
00000000
00000000
00000000
3f99e66c
3d542be0
00000000
00000000
00000000
3f8a1764
00000000
00000000
40f352a9
3e68754f
00000000
00000000
00000000
00000000
4050fed2
00000000
00000000
00000000
00000000
00000000
3fc93662
4054969f
40292fd0
00000000
403f95cb
00000000
402ad05b
00000000
00000000
4110ec29
00000000
00000000
40180c38
00000000
40991a50
00000000
00000000
3ff94e6a
3f880242
40294b37
40f888d4
00000000
40831d30
40a831cd
00000000
00000000
40a27054
00000000
4021f952
4104b728
4075f708
40bf2d0b
00000000
00000000
00000000
404239db
3f07ddc8
00000000
00000000
00000000
40e436db
3ebb96bc
40579c6a
40c5a383
40307075
00000000
40b504ae
00000000
00000000
00000000
405742e8
4017fa6d
00000000
40aa2619
3fc63742
409c7abf
00000000
40889de5
3f926640
00000000
00000000
00000000
00000000
400acf50
400a5cab
40e4c489
00000000
00000000
00000000
4086cf96
00000000
40123c5f
40dfa413
00000000
40c701df
4046dbfb
00000000
4018acea
40112482
407d4f2f
00000000
40c6fd68
4048bc55
00000000
4081ca7d
00000000
40cda5c5
00000000
00000000
40406e75
40966763
00000000
4025c7ea
3f955fd0
00000000
00000000
00000000
40bc8e91
408be8ea
3f52bad1
00000000
00000000
4016c71a
4008b2ac
00000000
00000000
4040b6dd
00000000
00000000
00000000
3f0bfa49
00000000
405d6d18
407c311c
00000000
3fdc6708
00000000
00000000
00000000
00000000
40baf397
3f6aeb12
00000000
40d6df12
40620cd2
4033fd8d
00000000
40013377
4000b249
00000000
00000000
402eb947
40027a1e
3fe40c92
00000000
00000000
40068e9f
3ee47232
400535ac
00000000
00000000
00000000
4047d82f
00000000
3fd8381a
00000000
00000000
00000000
3f3a198a
4106c559
00000000
00000000
40ef8070
00000000
40e219e2
00000000
3f4666bf
00000000
00000000
3ff23a3e
40ce7ab1
4103deaa
00000000
4004b112
3f338ade
40a6cc66
00000000
00000000
3e384495
409e410f
3fc7d656
00000000
00000000
4008468a
40151f20
3f655590
408e131e
00000000
00000000
3ffa045c
406e6477
40437d4a
3f1015eb
40b23c13
00000000
00000000
00000000
405565d6
40767870
00000000
400b5a80
4104b5f7
3fd5cedc
00000000
40756853
3fc11b0a
3f6134d7
40476132
3fd7b79a
40a54572
4093aca2
00000000
406052e4
40104719
00000000
00000000
00000000
40050012
402b195b
00000000
00000000
409ef356
40f0f991
00000000
00000000
00000000
3d2e19f8
00000000
00000000
00000000
3f6177ac
00000000
40c8995b
00000000
40154873
00000000
00000000
00000000
412281f5
404c2426
00000000
3f276a3b
40d85cf2
40bdb06a
3ffe5884
3fd69408
41089ec1
00000000
41188275
00000000
40437f1c
00000000
3e1341a9
00000000
00000000
40e404d7
40af6d6d
3d84b1f8
00000000
3f2617cc
3f97bdf0
3fccdc5c
00000000
3e1f50f5
00000000
00000000
00000000
4104c46b
40b5aafc
00000000
00000000
4078c56f
00000000
00000000
40c62113
3fa037f0
00000000
40d9f5d8
00000000
407261fa
00000000
407c3750
4087b116
3f9f4b39
00000000
4089dd19
401d3fa4
3fd6afe2
00000000
4067174c
3fb0f106
40a38492
40e113cb
3f69ddb3
00000000
3fab6272
405a2f7b
4035a6b2
00000000
00000000
00000000
3fd59d80
00000000
00000000
00000000
00000000
00000000
00000000
00000000
00000000
00000000
00000000
4080b209
3f520384
3ea32827
3fc1b188
408f070d
3f8cd2b9
00000000
00000000
00000000
00000000
00000000
00000000
3e8e6d48
400f448a
00000000
00000000
3eb732d9
3fab0929
40d97dc3
00000000
00000000
00000000
40bba965
3fa34f86
00000000
3f9228f8
00000000
40646fde
3f88a54a
403e9811
00000000
00000000
00000000
3f4f565e
00000000
403030ef
3fcc0ea8
00000000
3f7658cb
4087f8ee
00000000
4100b992
4013cce2
00000000
00000000
00000000
40824797
00000000
3e0a044b
40542538
40cfe7ea
00000000
3f980016
406f09a5
00000000
3fa07678
40c05d06
00000000
404ac852
3ed2f6fb
00000000
403d1fd0
408407dc
00000000
00000000
4006d02f
406d17f1
00000000
00000000
40ffb89e
40bfa6aa
40ccc98c
00000000
3f7e9c78
3f916db4
3faf59ee
413e1cf0
3f3ff348
00000000
4095fb5f
40bec9e9
409c08cc
40cd8835
40c615f6
00000000
00000000
407cc741
00000000
00000000
00000000
40b87511
00000000
00000000
00000000
00000000
405e487c
406f35f9
3e079d9f
40fe395b
401f61a7
3f3662b8
00000000
3dc42350
00000000
40b81e90
40b1415a
00000000
40f5d3fc
00000000
40374d5c
3e9ba5d9
00000000
00000000
410e09d5
3f83a408
00000000
00000000
00000000
00000000
40225166
3f84a32a
403135b8
00000000
40220140
3fbec94c
00000000
00000000
00000000
00000000
00000000
00000000
00000000
3fc8e0d6
00000000
00000000
00000000
00000000
00000000
00000000
00000000
00000000
3f8977fd
3e22d0d3
00000000
00000000
00000000
00000000
00000000
00000000
40dc424e
00000000
00000000
00000000
00000000
408ef9a9
408f9076
40703ff2
40ca41ac
3ffb0f8b
3fbe1947
404f370a
402c51aa
40b95e85
403dd290
40bb9a81
40c4b37a
40944533
40968933
40a1ae27
4038c8b4
40a125c0
40affe3b
40878ce2
40791d36
401b330a
4084a919
40797118
405f4db4
40398878
401422ba
4086b5be
40b71018
403fff64
40a0f226
4064e88a
4053060e
411e194f
412cba50
40977784
408b8aff
40ab8c43
40cdc27d
4119f28d
4055eafc
4173727d
41682ca2
407335a8
40af672e
40e61182
40cfc57e
40000064
3fedc32f
40df195c
412822a7
40e94c8e
410976cf
41155e11
410142a3
40d15102
40c24bc9
410434d1
40ee3610
40f6fe24
402bf138
40299826
4096793d
404642fa
3f698fa6
40166ecc
4092fa29
4025f0b2
40e90374
40a3c516
3fde8e0b
409e771e
00000000
40a606fe
40674f0a
4097fac4
40b7a6a9
411d5829
3f23ab96
3f8de756
40f06e6c
41045d2c
40d12099
40dfd0d7
3fec9fb7
3ec7d6c0
4080f0e2
4004ca2a
4089489c
40d5dae3
40c9046f
4022be1a
410b426d
40a093c1
40dfd7ae
408c1c8b
40544bae
40fd6adc
4098a9f0
3ffeec7f
402e4bd8
3fe4678d
40ecc78e
407f93de
4029a5f0
40e5cd53
412b3a15
3f868eef
3fdcbd03
40d8334a
401ddcba
40105750
40820e6d
40a32058
00000000
40c0340f
40e98b46
40e427e3
40902828
4095b3ad
00000000
3f40e234
400a1510
40f9a9ae
40ae5029
40dd9928
3f99a9a2
3f1aadec
3efe0de0
40a6d1ec
408e261c
3f4a2a36
40a82eef
3fde84f7
4109e07c
40e231ca
3ff9f7f5
40cb82bf
4126d8a1
410e903d
4030a7a8
4113e2e4
3ffb2c35
40fae2aa
408db278
00000000
408621df
3faf2a6b
41091403
40fec7a6
40a6c2be
3efbaeac
40d7b32e
40327e9a
4115bbd6
40914ccb
4115dedc
3ffab26b
411fd007
40afad33
3f728622
40d86cd8
40dace52
40c90c5d
4008b8fe
3fba73e7
400ba1f4
40c73add
41177d0c
3fe8ddad
409ca776
40298ee8
40b1ba8a
408cdf55
40553ea0
00000000
409f4356
4098f417
405b14d8
40867dd3
4125f5e0
40e09cd7
3fd6a55b
411aaf4d
3fa6652b
3f8b98d0
40b723c2
40b72064
40c97d43
40a1da7c
40370594
4036d07a
40278c54
3e06eea4
00000000
40a44754
41209bdc
40e6f787
4081102d
4040b5d6
40c7b0e6
3ef4209c
40ae1947
408e3e15
00000000
3faef013
3fc244c1
410ec606
40833e79
408d94ca
4064331e
3f23cea2
40808fb6
40e1ca2c
40ceb8a0
4006bbb8
40f12746
4090ac20
4127ad5e
40dbb338
4084fb8f
4101952e
40968b78
3fea9375
3ffa66d3
40b91f60
406165f0
40917727
3f38d56a
40297942
402f8e18
40c8a078
409fb148
40eef2f2
40a65da5
40eab7f6
410e6d84
40c1dd00
40ce7283
40afd1d5
3f64f4e8
3f148672
4095e56c
403f622e
4102be86
40bab76b
40833480
401b3cf8
3f08fa92
405deae8
405bf0dc
410c5999
40f810d8
40cc46e6
3fd29387
40365766
403347ec
40ae98a5
40f2ca24
402d7df2
406a1128
4005829a
3f28ac14
3f6ffa9c
40876094
3fffe2a3
40119b78
40c98151
401f975a
3f98eef2
4046993c
40b50580
40df08e3
4119a41d
407cf106
3f734c1a
405b6742
4147903e
41043739
4051a9da
40be1f5b
4106070b
40ad1dba
407c4e36
40dbfd80
40e2e2e0
40df35c0
4038c144
40c23adc
3fd96519
4075036c
410941bf
411ae504
40990184
408c54a1
00000000
40ce9d6d
4035558e
402d130c
4078d93c
4116e8b9
4055be70
41054822
3f46fb08
00000000
3f0a3714
404cfac4
40c5ca89
412a7e23
4086454e
40bdab55
40c3ad05
3fd0023b
4101463d
40f77166
4053ef34
40fd877c
40d070c1
40797666
402a5e1e
3f9e07c1
40ef79e0
404d0fca
40cbb694
40896432
4020c3da
3f431f96
00000000
00000000
40d37db0
40b706be
4059d288
40a806fd
00000000
40a768ec
408aadad
40d1dba3
40f7445a
405c664e
4091824a
4060af8c
404b5e2c
40406a70
40b5e3a2
40b7aac7
40b32b06
3fbce1c7
4112c6de
415db4a0
40db5584
40c09fdf
40e913de
3fd61b0d
00000000
40aeeab3
40220b9e
41211d17
409db8a4
401701a6
401a6d84
4029a554
405451ba
40013510
40a0737f
4083a7af
40e38d88
409caede
40e00346
40a2676b
40971a56
401e314e
3ffe5e1d
40d5a484
404d2a98
409d22f8
40b69b6b
4019af20
408b53fd
4071ff14
413ff5c6
40fcff6e
404ab4b0
3f4d4176
409ee3aa
401f5e46
401c2ee2
4122fc4c
41019632
408f9e2e
4108cc59
407cdd52
3ea2e4d0
40819667
40186e4a
406717a4
40c03db6
3fc508a7
409db22e
40393c20
40c0761c
40cb996a
408a3167
400e8aa4
40d07c6a
40ab553b
40554fca
402f621c
40c47f4a
40fa0a88
40841f4c
40d58e56
409c3416
4096997f
00000000
3f85b2a7
409fb596
00000000
400fff26
40b1b1ad
00000000
3f7d8a3e
41183a6e
40c277cb
00000000
402fde1a
409c4da8
40b236d5
4086a4b1
3f8cdbf8
40de4883
40654d16
40b80700
40c4a738
3fc0a9cb
40579d5a
3fc5f007
400d44e6
00000000
00000000
4096ac44
40b6c5eb
408eb998
40dea961
40c35b85
406f4ebe
40ee0b8e
40866377
3f7c9f2c
3f0e1716
40cba626
40994563
4126d228
409ffe82
00000000
40ac6308
40aa4d15
4108dd89
40a936d6
40cf1554
409b7caa
00000000
402ad3d6
4016a434
40a05bf6
408a3402
40834642
3f997222
40825ba3
408014b2
403f6bd8
41076f88
3f892544
403bff36
40d027e2
40b7dff6
41474c57
408275f8
3f777b90
3ffb3729
40093e48
00000000
4032d094
40cb0607
404d2ff4
406c1622
402d9de8
400d8f56
00000000
40b321b2
402d3e0c
409dafd1
407c2490
40e860ec
40d42bc2
40e774e6
4018cede
404a83f4
3f9e921f
406ba8d2
405b36a2
3f2c6b84
4081fed0
40f102b6
40bef36d
412cb4fd
410123bf
3fea3beb
408accea
408e2b0a
40dab1db
4057fcc4
3f475504
4090d49b
40e3454d
40ab7fba
00000000
40d9d305
404910fc
4085f215
40ba3a7d
40835270
3eaea9a0
40e7026c
40ea5f4c
404253b4
3f2f4578
407b6c2c
40e33c0a
3ffe1d51
3f0fb7d2
3fd1c529
400707e4
40d345da
414bc39b
3f3f3ce8
3e5c0fec
4065ca58
40db9b22
40bac856
4108ad99
3f04800c
3b039200
40eb91c2
00000000
400ecb3c
402ea566
4044d416
40a62b59
40f2bc16
40bb83e2
40b3faff
4035a0c8
41343e7e
40f25b24
41106658
3ff99b7f
40915e6b
3f4a98ea
4086893f
40aff082
40cc327b
40dd7939
3ee6f790
3f6265dc
409815c1
4132c908
40f9833e
4122b165
40a3317f
40c59803
3f2e028c
40e43d8c
402ddae6
4091f276
40cd3af2
3f548826
400d3964
3fc3d9b3
3efa5450
404e8c24
409b4853
404488b6
4122671a
412899f7
402b9326
00000000
40a75f4b
408af475
40a05f45
4089b510
3f7a99c2
40801d1d
403dee24
40da8c5a
402dfd80
3f5acb28
4107f337
4066fb44
402dbe72
3f55579a
3fab7893
00000000
4080ab6b
40e05e3a
409c5e4c
4086c4b9
40d1d1ab
40eabf8e
3f615c9e
4090a6f0
4053b194
40c9ab62
40910e29
41027d52
3e935f58
40a97e67
40760a38
40cf32c9
403730c2
40b00f51
40d1d8cd
41180266
4082cf7b
404bac14
40d40027
40982639
40b69f7c
4032c902
40c8d487
408520c0
409086fe
40c9131a
40178050
40953bb8
00000000
3fda3a73
41052178
3fe3f617
4020d7e0
407c1a12
407f0c86
40814454
3ffd043d
3fee1593
407be4f2
40ad3a05
403fd2d8
4081c0d1
40d3b60b
3f413dbe
40b846c4
40b1501b
4101d0e5
40b94cdc
40a90c17
408cc370
40dca572
409b2ddb
4068df2e
40024580
41041520
405a647a
3ff98aa3
3f715c5e
00000000
4001b140
407b2d12
40a5bf62
4079579a
4104918b
40f40534
40eafa8c
4007d436
4091883f
3fe2dbff
40566598
40d40095
412781bb
40bfc969
3ff403d9
4032331e
4093c2fe
404bd2ea
40a1386e
409b5ba1
408a589a
40ae0103
3f8f6ada
40ad533b
404479ce
409075b2
40814f75
3fb6eddf
4087d989
403a3c2a
4041a9c0
4050b398
00000000
3f9529a0
40f05a64
3fe90dc1
4043c966
4040e1a8
404a394e
3f7364e4
40b9bc1f
40c89efd
4078adcc
40da4e0c
411d96cf
40fe997c
405bdd64
40b64a3c
3ff7eda1
41014ba3
402c81de
40a6915c
3f488396
40e2a009
4090e8a7
40a4dc04
40ef6a8a
40ce0333
40d0529e
413381c2
40b85435
40c7abdf
4075c044
4091e3e1
00000000
00000000
40bbb974
40239cb6
41062b24
40d815ec
400772b4
00000000
40878b4f
401592d4
3fa2bc59
40a996c3
409cfcd9
409e7bd8
40a9efe9
00000000
40256d2c
4129b5a2
405de04e
00000000
00000000
3fa51db3
40f82596
40cb4879
40582656
3fb465ab
40b594da
407b3836
00000000
410b230e
3f6ba4ce
4069bea0
404d1548
4069df84
408684d2
40ca0a81
407abede
40427af2
40cef365
4028c28a
40af6b15
3ed40938
3ffd24dd
40eab30a
410ade15
40a44771
40030048
40b4e8b9
3f7359be
00000000
3ffe347d
3fc80ae7
4093968f
401a57fe
404ae606
407bedbc
40923911
40a0b7b0
406f36cc
4099b3ec
405cd2ec
403b9bec
402af4a0
408412fa
3ffd4ea3
00000000
403dfe1c
411d2b75
40d42534
3d4d6020
40b532dd
4008744a
40a9960f
4104a68a
413285e4
40d5b713
3ed728d0
402a81e2
40b8ffdc
40cdb16f
4091fa26
40d4fab2
4089fda0
00000000
3f913b48
40c98844
413a4e0f
4141540d
4127298b
4090b089
40c8b16e
4040650c
40b69c09
409c0737
40b6e4c2
40718c14
40a1fa9d
3df46ab8
3fdad78b
40cdfab1
4091ce21
40e21a3f
4120b83d
00000000
4026d47e
00000000
40b75e51
3f8b0925
4117aa40
4117d946
40e1b227
40a4a68c
3fcd1a1d
40b08d63
405d7da4
3fdb18e3
40c64be4
410081c0
40880a04
40c47557
403795a8
402dac70
40cfa823
3fe95b83
3f8d5a27
3e06bd20
3e874c78
407265d2
408a48d3
40df1f2c
410733e6
406022ce
403a8212
00000000
40a14a70
3f5b8a02
405046aa
4071cd28
40b0dfcc
40c03109
4016dfb6
404a6d84
41141095
4108e797
408a9738
40cf8dff
4047c5f0
3fd3d895
407b39e8
00000000
41407d54
40fd6e86
40d7f1a1
40c0cfda
00000000
40293766
407f12bc
40ab8cde
409a135a
4061d74e
00000000
3fbbb617
00000000
3fb648d9
4088e2a6
41087f8f
40cedec2
00000000
00000000
3fd00981
40c5e92e
412e34e1
40c1fdfd
404308b6
40d48b19
40aac53a
40891dd7
4045dcaa
40d77cca
3fe0334f
3fd75f93
3edfe3b8
3f9422b5
40cc6b3f
41084fb8
412b67a7
4018d116
00000000
40c2a1cc
402e8c18
3fe49439
3ef840b8
406cc3ac
3f33c7bc
407b5b2c
40d80691
40d75daa
4093bd26
3fcce363
3fd97247
410f1d25
40c0590c
3f10e7c0
401a0fae
00000000
408e7574
40c347e1
40e3c962
40b2a1dd
408f957c
3fe1f74b
410b0207
40eb2890
406190f2
40ab0a12
401c7dae
41261fd3
410161af
407242aa
00000000
3fb10dc1
40d10d76
41089935
3ed23188
3f1b3d6c
40c2eca2
405b0228
00000000
40773c20
40a7c2e5
4050f268
3ec7515c
40138264
408e4da1
40e16783
40a6a682
3fd3beed
409f7236
3ff62401
40a23e66
4082ad9d
40a8201b
400a7e02
409b4c8e
40cf5ade
408cde22
411de863
3ebc3524
00000000
40dee0f4
40e02b6d
40bcaf31
40a6d566
40a83a66
40235e0e
4050ec98
3c3bc140
4104104d
40e523d0
40be9179
4109baca
408eb69b
3f56c594
00000000
40146d5e
402dd596
00000000
00000000
3faa0a1b
3ec6ea2c
4074e6e0
00000000
404a259c
3f128f5e
405e8e6c
00000000
3ec18ec8
40a60e5b
3fb2d8c7
40bde392
401bcb64
40c13d57
406bd7e0
00000000
00000000
3f726b9a
00000000
4087edb3
00000000
406c1cd4
4090377d
4014021c
00000000
00000000
3f729ab2
00000000
00000000
00000000
00000000
00000000
00000000
00000000
00000000
00000000
00000000
00000000
00000000
00000000
00000000
00000000
00000000
00000000
00000000
00000000
00000000
00000000
00000000
00000000
00000000
00000000
00000000
00000000
00000000
00000000
00000000
00000000
00000000
00000000
00000000
00000000
00000000
00000000
00000000
00000000
00000000
00000000
00000000
00000000
00000000
00000000
00000000
00000000
00000000
00000000
00000000
00000000
00000000
00000000
00000000
00000000
00000000
00000000
00000000
00000000
00000000
00000000
00000000
00000000
00000000
00000000
00000000
00000000
00000000
00000000
00000000
00000000
00000000
00000000
00000000
00000000
00000000
00000000
00000000
00000000
00000000
00000000
00000000
00000000
00000000
00000000
00000000
00000000
00000000
00000000
00000000
00000000
00000000
00000000
00000000
00000000
3cf37b20
00000000
00000000
00000000
00000000
00000000
00000000
00000000
00000000
00000000
00000000
00000000
00000000
00000000
00000000
00000000
00000000
00000000
00000000
00000000
00000000
00000000
00000000
00000000
00000000
00000000
00000000
00000000
00000000
00000000
00000000
00000000
00000000
00000000
00000000
00000000
00000000
00000000
00000000
00000000
00000000
00000000
00000000
00000000
00000000
00000000
00000000
00000000
00000000
00000000
00000000
00000000
00000000
00000000
00000000
00000000
00000000
00000000
00000000
00000000
00000000
00000000
00000000
00000000
00000000
00000000
00000000
00000000
00000000
00000000
00000000
00000000
00000000
00000000
00000000
00000000
00000000
00000000
00000000
00000000
00000000
00000000
00000000
00000000
00000000
00000000
00000000
00000000
00000000
00000000
00000000
00000000
00000000
00000000
00000000
00000000
00000000
00000000
00000000
00000000
00000000
00000000
00000000
00000000
00000000
00000000
00000000
00000000
00000000
00000000
00000000
00000000
00000000
00000000
00000000
00000000
00000000
00000000
00000000
00000000
00000000
00000000
00000000
00000000
00000000
00000000
00000000
00000000
00000000
00000000
00000000
00000000
00000000
00000000
00000000
00000000
00000000
00000000
00000000
00000000
00000000
00000000
00000000
00000000
00000000
00000000
00000000
00000000
00000000
00000000
00000000
00000000
00000000
00000000
00000000
00000000
00000000
00000000
00000000
00000000
00000000
00000000
00000000
00000000
00000000
00000000
00000000
00000000
00000000
00000000
00000000
00000000
00000000
00000000
00000000
00000000
00000000
00000000
00000000
00000000
00000000
00000000
00000000
00000000
00000000
00000000
00000000
00000000
00000000
00000000
00000000
00000000
00000000
00000000
00000000
00000000
00000000
00000000
00000000
00000000
00000000
00000000
00000000
00000000
00000000
00000000
00000000
00000000
00000000
00000000
00000000
00000000
00000000
00000000
00000000
00000000
00000000
00000000
00000000
00000000
00000000
00000000
00000000
00000000
00000000
00000000
00000000
00000000
00000000
00000000
00000000
00000000
3ec4adb6
00000000
00000000
00000000
00000000
00000000
00000000
00000000
00000000
00000000
00000000
00000000
00000000
00000000
00000000
00000000
00000000
00000000
00000000
00000000
00000000
00000000
00000000
00000000
00000000
00000000
00000000
00000000
00000000
00000000
00000000
00000000
00000000
00000000
00000000
00000000
00000000
00000000
00000000
00000000
00000000
00000000
00000000
00000000
00000000
00000000
00000000
00000000
00000000
00000000
00000000
00000000
00000000
00000000
00000000
00000000
00000000
00000000
00000000
00000000
00000000
00000000
00000000
00000000
3f567f83
00000000
00000000
00000000
00000000
00000000
00000000
00000000
00000000
00000000
00000000
00000000
00000000
00000000
00000000
00000000
00000000
00000000
00000000
00000000
00000000
00000000
00000000
00000000
00000000
00000000
00000000
00000000
00000000
00000000
00000000
00000000
00000000
00000000
00000000
00000000
00000000
00000000
00000000
00000000
00000000
00000000
00000000
00000000
00000000
00000000
00000000
00000000
00000000
00000000
00000000
00000000
00000000
00000000
00000000
00000000
00000000
00000000
00000000
00000000
00000000
00000000
00000000
00000000
00000000
00000000
00000000
00000000
00000000
00000000
00000000
00000000
00000000
00000000
00000000
00000000
00000000
00000000
00000000
00000000
00000000
00000000
00000000
00000000
00000000
00000000
00000000
00000000
3dfc0538
00000000
00000000
00000000
00000000
00000000
00000000
00000000
00000000
00000000
00000000
00000000
00000000
00000000
00000000
00000000
00000000
00000000
00000000
00000000
00000000
00000000
00000000
3ee504e9
00000000
00000000
00000000
00000000
00000000
00000000
00000000
00000000
00000000
00000000
00000000
00000000
00000000
00000000
00000000
00000000
00000000
00000000
00000000
00000000
00000000
00000000
00000000
00000000
00000000
00000000
00000000
00000000
00000000
00000000
00000000
00000000
00000000
00000000
00000000
00000000
00000000
00000000
00000000
00000000
00000000
00000000
00000000
00000000
00000000
00000000
00000000
00000000
00000000
00000000
00000000
00000000
00000000
00000000
00000000
00000000
00000000
00000000
00000000
00000000
00000000
00000000
00000000
00000000
00000000
00000000
00000000
00000000
00000000
00000000
00000000
00000000
00000000
00000000
00000000
00000000
00000000
00000000
00000000
00000000
00000000
00000000
00000000
00000000
00000000
00000000
00000000
00000000
00000000
00000000
00000000
00000000
00000000
00000000
00000000
00000000
00000000
00000000
00000000
00000000
00000000
00000000
00000000
00000000
00000000
00000000
00000000
00000000
00000000
00000000
00000000
00000000
00000000
00000000
00000000
00000000
00000000
00000000
00000000
00000000
00000000
00000000
00000000
00000000
00000000
00000000
00000000
00000000
00000000
00000000
00000000
00000000
00000000
00000000
00000000
00000000
00000000
00000000
00000000
00000000
00000000
00000000
00000000
00000000
00000000
00000000
00000000
00000000
00000000
00000000
00000000
00000000
00000000
00000000
00000000
00000000
00000000
00000000
00000000
00000000
00000000
00000000
00000000
00000000
00000000
00000000
00000000
00000000
00000000
00000000
00000000
00000000
00000000
00000000
00000000
00000000
00000000
00000000
00000000
00000000
00000000
00000000
00000000
00000000
00000000
00000000
00000000
00000000
00000000
00000000
00000000
00000000
00000000
00000000
00000000
00000000
00000000
00000000
00000000
00000000
3f865843
00000000
00000000
00000000
00000000
00000000
00000000
00000000
00000000
00000000
00000000
00000000
00000000
00000000
00000000
00000000
00000000
00000000
00000000
00000000
00000000
00000000
00000000
00000000
00000000
00000000
00000000
00000000
00000000
00000000
00000000
00000000
00000000
00000000
00000000
00000000
00000000
00000000
00000000
00000000
00000000
00000000
00000000
00000000
00000000
00000000
00000000
00000000
00000000
00000000
00000000
00000000
00000000
00000000
00000000
00000000
00000000
00000000
00000000
00000000
00000000
00000000
00000000
00000000
00000000
00000000
00000000
00000000
00000000
00000000
00000000
00000000
00000000
00000000
00000000
00000000
00000000
00000000
00000000
00000000
00000000
00000000
00000000
00000000
00000000
00000000
00000000
00000000
00000000
00000000
00000000
00000000
00000000
00000000
00000000
00000000
00000000
00000000
00000000
00000000
00000000
00000000
00000000
00000000
00000000
00000000
00000000
00000000
00000000
00000000
00000000
00000000
00000000
00000000
00000000
00000000
00000000
00000000
00000000
00000000
00000000
00000000
00000000
00000000
00000000
00000000
00000000
00000000
00000000
00000000
00000000
00000000
00000000
00000000
00000000
00000000
00000000
00000000
00000000
00000000
00000000
00000000
00000000
00000000
00000000
00000000
00000000
00000000
00000000
00000000
00000000
00000000
00000000
00000000
00000000
00000000
00000000
00000000
00000000
00000000
00000000
00000000
00000000
00000000
00000000
00000000
00000000
00000000
00000000
00000000
00000000
00000000
00000000
00000000
00000000
00000000
00000000
00000000
00000000
00000000
00000000
00000000
00000000
00000000
00000000
00000000
00000000
00000000
00000000
00000000
00000000
00000000
00000000
00000000
00000000
00000000
00000000
00000000
00000000
00000000
00000000
00000000
00000000
00000000
00000000
00000000
00000000
00000000
00000000
00000000
00000000
00000000
00000000
00000000
00000000
00000000
00000000
00000000
00000000
00000000
00000000
00000000
00000000
00000000
00000000
00000000
00000000
00000000
00000000
00000000
00000000
00000000
00000000
00000000
00000000
00000000
00000000
00000000
00000000
00000000
00000000
00000000
00000000
00000000
00000000
00000000
00000000
00000000
00000000
00000000
00000000
00000000
00000000
00000000
00000000
00000000
00000000
00000000
00000000
00000000
00000000
00000000
00000000
00000000
00000000
00000000
00000000
00000000
00000000
00000000
00000000
00000000
00000000
00000000
00000000
00000000
00000000
00000000
00000000
00000000
00000000
00000000
00000000
00000000
00000000
00000000
00000000
00000000
00000000
00000000
00000000
00000000
00000000
00000000
00000000
00000000
00000000
00000000
00000000
00000000
00000000
00000000
00000000
00000000
00000000
00000000
00000000
00000000
00000000
00000000
00000000
00000000
00000000
00000000
00000000
00000000
00000000
00000000
00000000
00000000
00000000
00000000
40f9b0ca
40f0655e
4095bfe5
40a0832a
404f09b8
00000000
409d3cea
3fd67cce
41163465
40aaf0d9
3f91393b
40f73221
40cb1329
408d5724
40b005a0
3fb03265
40e6022e
40e6feda
409ba2e8
408ba765
4095a5e0
40755e7a
4033a9ed
3ec65d31
3f9c3b6d
4032d0aa
4046c989
3faba23e
4086ad5c
41103664
4086d2c6
00000000
4110601d
41282f95
409e99b0
40716cf2
00000000
408efdbe
40ed2556
3f8451a6
40f73773
4008ad71
00000000
407d811a
00000000
00000000
40a65432
40fbfff4
4008e74f
40171909
40887475
408e5d9a
40987cab
40b64d61
40ea1de3
40b2c6f9
40aeac94
40338fd7
413b5806
4096e6e4
00000000
3fca796d
401b85c2
00000000
4087a7dd
3e7b9600
40ea546f
4156fb6a
4049d861
405d1cde
40604654
406e3ccb
4077f92c
40d9da64
4000b2b5
40cc752f
40b32fbc
3f9fa15f
00000000
41215c4b
4106f677
40acb770
3fd55f32
00000000
00000000
3fe7c742
00000000
40bf60ca
3e92e76f
41408871
3f4cda96
412cc3ee
41464b9c
40c34b90
4090871d
00000000
404bf380
410d4497
40db5ad8
40370311
40750120
41685677
40a6faaf
4119615c
40769a50
413104ff
40cad0cc
40331c92
00000000
3fea4492
40bab645
00000000
00000000
00000000
415fe4c5
415202ce
40ba8105
00000000
40f19fdc
00000000
00000000
40ec224d
40340c9f
3f23cc06
00000000
00000000
3f82b678
00000000
40da9df9
40723b1f
40ab343f
4108cf12
40c304ad
3f4f54ac
40af21c4
4103ad28
406d8e36
408656a4
40c8d98f
411cb23c
40a71ad5
408b97d5
40e5c22e
4032977b
40275a33
3ee46869
3f43f7b0
40b5333e
41090012
3f8ff325
4086c184
412b3c07
4176769f
407e4554
40f1d52d
408314c4
40025896
3e250242
402356b0
00000000
40cbaa3e
41023ced
413a081e
410ddad6
410f31bf
412238d8
410d407d
4089217b
40908702
40a0d693
00000000
00000000
411cbe3b
3ff9052a
40828cc3
40fab706
00000000
411c52a1
00000000
40f60a38
00000000
405665e8
408e85fc
00000000
41086b89
40bb59c9
400ce52d
00000000
3f918351
00000000
3dd569c4
00000000
00000000
00000000
40db9f33
41730cbd
4023ec6c
409f4aec
40da8387
4091e90e
4164d1bd
4118ac0b
40ac7736
4035acda
00000000
41424425
40d19f41
402eb5dc
41100f8c
3fe22af9
400835fe
40cf7550
4082f4ee
40bec1c1
00000000
40a5aecf
40b10b52
3fdfa64a
40c5be3a
3fc73815
41030bfa
401c45de
40d94f91
00000000
40c53a97
41160b28
40d7027f
00000000
40702554
3d9fede0
3f73ca6c
404ee531
4075def4
417f9f74
41454063
411866db
40c7a6e1
410949ab
407156b7
3f53ab0a
00000000
40e02e26
4101a09c
410c1c70
00000000
3fd8d008
00000000
00000000
00000000
4044c0b8
40801839
3f49e09c
4066ced9
40b2da39
3f2e9dd4
00000000
3f3f2156
4020a406
40e1815c
41088876
407e4a00
4056ca81
3fe0ba48
3f8b85e9
00000000
00000000
404d274a
40baa8cf
408e4dd2
40a52ce7
402bdafc
4137c485
415d70a3
3fb5e8cf
4106d51d
3fc28ecf
4129186a
41471f9c
41103c8b
406d1732
40ff061a
3ee39d5b
00000000
40892d7d
3ef4198d
00000000
40bf451e
00000000
00000000
4048789a
4027e7ae
40d9c2c0
40b17130
40c6d17e
00000000
4013e8df
410389db
40ea243e
40acc01e
40ebbc2c
40e97e58
4082e6aa
00000000
00000000
00000000
40e230f2
40726df3
40e2dea5
3fac1087
00000000
4005ab1a
00000000
40e10145
408dfecd
00000000
415c493e
408e79cf
40e5be33
40aa152b
00000000
00000000
40ad2431
40012f5d
00000000
3df40908
40b73767
4041c077
3fef9bb4
40930b22
40fd21b2
40c4658d
40f14d08
00000000
4103f1b0
41277e6f
411b494b
40ca4929
40c5eadb
40c1dfef
40d4b1f1
41168275
411a0be7
4038f0d5
40365639
00000000
40a1797b
410f20a7
409bdb39
409bce80
4033ab8e
40f7a0ff
00000000
00000000
40c09000
40be2429
4138bca3
4121efb7
00000000
411d840c
3feb2c06
3f88ee5a
00000000
4101ac06
40297b84
41199680
00000000
41214b2d
408f8ef6
3ffb0d46
00000000
41440240
40b68ccb
00000000
40f7438a
40c38412
403cc4d4
3fda2179
3faefbc1
4098bab7
4030d5e9
00000000
409f6383
40a29106
00000000
4088c353
40afb627
402d39f3
4114266f
40c9d7ea
40b455b2
3ffe2930
405167b8
4122aef7
4012b32f
40874ba7
3f54a104
40bf2d62
3fe14701
40e02ecf
40d5c124
407ad81e
410740b4
404d9c4b
406166a1
3fc93bbb
41361a1d
40b65e7f
40d6b825
40f8d858
40677029
40c1bcec
3fa7efad
41196f6d
00000000
40c428d3
40324297
4093a2a2
40e94b43
4034b468
4005c25a
40772cf0
4066bc7c
00000000
407b6e70
3fe5df2f
4153758b
4106f77d
40eab871
40ec4873
410a09f9
403f24fa
4069fc28
00000000
3fc3d4b6
40534bff
40a49dd5
40398b35
40eae60b
3d2352e0
3f9e1513
40b15d82
3f0973d0
3f7fde30
00000000
41175fc1
4123068f
405a89bf
3e69d6fa
40a97c71
417452e8
4187f2b4
411c942d
00000000
40b8bd2e
4088e8c8
41336807
00000000
40d965f4
407d9f02
40f2f1d9
3f71186c
40b503d9
40b210fb
40faef06
405a4054
4093cc27
40912f08
40510dd6
4145e72b
4112ecf8
41089752
408150e3
414cb14d
40eb883d
41864ebc
00000000
00000000
00000000
401e52ad
00000000
405e76e1
40543769
4049fe9c
3fffd480
40935e9c
40850502
3feff904
40dbc265
40c0242b
00000000
4008aab8
409f2ca2
40ed523e
410109b1
408bf8ba
00000000
40a9f652
3f634b78
4104666d
4138f845
40df51a6
3e6aca0a
400462c9
40d827bd
3f4d701c
00000000
3f7dd0d4
40b2f20c
40c2d78b
40cd828d
00000000
00000000
411eea93
410b9323
00000000
40d9418e
40f7f058
4129b097
40e3acd4
4118cab5
402e620c
40431ae7
3f3ab2de
00000000
00000000
405444f2
40f9122d
411ea075
3e9dcbc5
00000000
40282ea1
408254d3
4169f44e
411d346e
40894345
4112df07
4078c584
40edc6d8
407504a8
00000000
00000000
405bae26
409bbf43
00000000
3ea0dd39
00000000
40c28fb4
00000000
406fd809
4035b0ef
4119fbb2
4047c480
00000000
400db701
00000000
4032413e
40155e44
40253ad1
41593df3
3fbe2365
402ab035
00000000
00000000
4056df35
403f35ef
4002c6e1
410520be
3fc5050f
40801e44
40907d34
410d89f3
40e5fdfd
408f6ec8
41707ad0
3f71704a
00000000
00000000
3f990d90
40a2e79b
00000000
00000000
40758d2a
40448692
401fc847
00000000
3e0cbc60
3fad09ac
40c67113
411dcf3a
00000000
40766506
40d5b0c2
4015644b
40cb21ae
3fa62f04
4106c6de
410d841f
40957839
4021d9d8
00000000
40874bfc
00000000
400871b3
400818c7
403cc64d
40ebe8fe
40ddf59d
00000000
3e16e16c
40ea82c5
40ce8ba2
412b28c8
40b8e8a0
3f852f11
40125363
407553f6
40d8a92f
4003ad0e
00000000
4119c427
40ea156e
40d98f35
40c53e9a
4009e845
00000000
408fb1c8
40352a55
40dd9c78
00000000
4090e4be
413e1c9c
413e8713
40dfae7c
40bca1f5
410f8b71
4039fe8c
4092a21e
00000000
407eeef8
00000000
3f49333c
40d0faa3
00000000
40e6d66f
40c44238
405a3741
3f7fe48a
40fd7660
4106221b
40905717
00000000
401c037c
00000000
411d5fb8
40c754ce
40d46c69
40888dba
404d9bab
40a2754d
40af829e
402808d3
00000000
409f9754
402d0581
00000000
410c28b6
41104bb4
40c153f4
4185d605
41097437
40d66d84
00000000
404144d1
4089ee66
411dc6f8
40823323
40eb21a4
410fe7b8
40335af1
4026ad80
406ce584
41150aa7
403384b6
00000000
40056160
00000000
3f3f9042
40f74316
00000000
41033647
41017551
3ffc15be
40bb8065
403b5931
40abd153
40fbe3b6
3df19538
00000000
41236002
00000000
40168b0a
3facf562
40537d27
00000000
40610571
40dd81b4
40a89876
4162c5e8
4067ff06
3fbe7013
403cb0e4
40b2f9fb
400b8060
40712ff5
3fc4fac9
3ff1143a
406603be
40d64be4
4119c6ef
414a252d
3da42a9c
410078bc
413e4509
40c581b4
40b0955e
40b250f1
3ff88cfa
3f160074
3f8e9d1b
411e3e78
40825ad8
41846ad7
00000000
417d53fe
40f26afb
00000000
00000000
40b757f0
00000000
410af320
41175806
40db1462
00000000
40ba27f0
00000000
4110764d
40056ca9
00000000
3f988691
00000000
4101a0c7
40ed686c
40951c5d
3e357620
00000000
00000000
00000000
3fe0a1cf
00000000
40628cf1
409486e0
416addcf
410109f2
409a3286
3ff28ace
00000000
411f1d44
00000000
409d9731
40ca3f2f
40e3b932
40330ee2
4089e46c
40f274e7
4097239f
40c133c0
40628aee
00000000
00000000
40c99fdf
411b7d79
4139a580
40f6c730
40d8020a
41420e74
41252ebf
41129618
40e032ce
40e7c2e0
40a55b9a
40365092
40bc2fe6
3ea7ead3
00000000
40a8ccba
40a35adc
41969703
40fd20f0
411aab98
00000000
40650e06
411c0bba
417a79f4
40df6e9b
4056315c
410b9085
400363d5
40467378
410876ac
4119b348
3f2a5a92
00000000
00000000
41014595
418f4979
40d441d9
403a86f2
00000000
402bf47f
4051c9a9
40f478d4
3b933620
40b4edeb
403ea4ca
40a836de
410b22f2
40a9f820
3d18de04
403a051a
40f17ce3
4113cf8d
00000000
40538fe1
00000000
40ec3eba
40555abc
413d9326
4152e4a9
40dce40a
00000000
4079bfa4
00000000
40c16dd0
3f5ceaf8
40e1a5d0
404b9e4b
00000000
405d4a75
40cd31e7
40940dcb
3f8876e8
40f03b22
4087afcf
407a6280
00000000
40b689ec
3ef63ff1
40e26046
40e6558c
4135a9cf
400726cd
00000000
40d8d579
00000000
414efcc9
412ebe0c
40b17ab7
412d2ba0
00000000
3fa25f90
40e14690
4108b8ff
408e3dda
40c28ac4
407ec888
40225818
3fa0979f
40294500
41052c6b
3f36031c
00000000
41171921
3f277e4a
40958670
40de18b3
409bcc87
4070072a
403b5300
00000000
00000000
00000000
3c0f0a50
40fcd44a
40c88964
41002a37
00000000
3ee0fe99
406f4095
412bbe0e
408a36b7
40f74fd1
40a48f25
00000000
40867d3a
3f78335e
4016424a
4112118c
00000000
3e57267a
3f9b65ae
40e4fe8a
40c7f6a1
40d01e1d
40ee9211
40b134da
00000000
40bf68a5
00000000
4001e93f
3fa950ec
411f52ac
40f1cba5
410c4ce8
40a557d7
3fe5978a
00000000
00000000
00000000
40fffa34
40a54eff
00000000
3f2a55d4
00000000
4029fc40
3fd60e49
40c3e243
406acbc7
00000000
40fa9b42
4165b8d5
412f8a6c
410882f4
4019dd67
00000000
408f39f2
3fae2231
40a8a605
00000000
40c2a4bc
40ca49f3
41144739
4095f9d5
401552e8
415b5bbf
4067a92c
00000000
00000000
4048fed1
40c649ff
3f5a2852
00000000
411511c1
40e19ddc
4126e974
408576b7
40e18701
00000000
3fd3a040
4004eb6f
40689f48
00000000
00000000
40d631cf
3fec259a
4124c234
00000000
4049b008
40c62c6b
40577125
4147b0f1
401f9749
40090207
00000000
41075706
3ecfdd49
413b55cd
406b4cf1
40f94592
00000000
40d2d70a
00000000
3fc57e24
4066eaa1
3f0a5ae0
3f0eb27c
400043a5
3eb8700f
3fd4ca8e
40428c87
40723073
400312ef
40e8c857
40c21b05
00000000
00000000
4031f019
409cb382
41054e2c
40892f12
40c4b3f1
3fecd6ea
4070ce54
00000000
402901ac
4065bd8b
410505f2
40769ce6
40a0252a
00000000
00000000
3ff9608c
40be703a
40eb748b
00000000
00000000
00000000
00000000
00000000
00000000
3fcdbc8d
00000000
3fdc70c8
00000000
00000000
00000000
00000000
00000000
00000000
00000000
00000000
00000000
00000000
3fd1d555
00000000
00000000
00000000
00000000
3b721940
00000000
00000000
00000000
00000000
00000000
00000000
00000000
00000000
00000000
00000000
00000000
00000000
3f2504a4
3f3801dd
00000000
3f88ab90
00000000
00000000
00000000
00000000
00000000
00000000
00000000
00000000
00000000
00000000
403a8660
00000000
3e5d58f0
00000000
00000000
00000000
00000000
00000000
00000000
00000000
00000000
00000000
00000000
40fa114d
00000000
00000000
00000000
00000000
407e0c87
00000000
00000000
00000000
00000000
00000000
00000000
410279aa
00000000
00000000
40fbc090
409e3bc4
00000000
404518c9
00000000
00000000
40c69724
40037751
3ea2d6a3
00000000
3f536c39
4028b38d
3d163b20
401c18a5
4019c47d
00000000
3f8ae277
410c7d08
00000000
00000000
00000000
3dfe51c7
40ad94fc
00000000
3ff263c7
00000000
40161af5
00000000
400f5394
40c018df
00000000
00000000
40a03639
00000000
3fbfb603
00000000
3faa5b4e
00000000
00000000
401e45e8
00000000
00000000
40b8020a
00000000
00000000
00000000
00000000
00000000
4081e486
00000000
00000000
404b2d9b
00000000
40160ec1
00000000
3f09a345
00000000
00000000
00000000
00000000
00000000
00000000
00000000
00000000
00000000
00000000
3f38e06d
00000000
400170fc
00000000
00000000
00000000
00000000
00000000
00000000
3f9742b4
40528982
00000000
00000000
400cd506
3f9d766a
411eeaa6
00000000
00000000
00000000
00000000
00000000
00000000
00000000
00000000
00000000
00000000
407671e4
00000000
00000000
40b59c0c
00000000
00000000
00000000
00000000
400899ef
3f8667c7
00000000
00000000
4060b0d6
3f336eab
00000000
4084874c
00000000
3dfd6e00
40244b1c
40f993e2
40b74987
40441efc
00000000
00000000
00000000
00000000
403b7e32
00000000
4016fc2a
4056aba5
00000000
00000000
00000000
404cab4c
3f6ccfe5
00000000
3e9bca48
4008f9bb
00000000
00000000
40a22465
00000000
00000000
4020b26f
3fa1e135
00000000
409a70d7
00000000
00000000
00000000
406f7665
00000000
3e355a58
3f99f7d3
4050d048
407c7fc1
3f59c82a
00000000
00000000
404e88d7
00000000
40f8de3e
00000000
00000000
40cc304d
00000000
40086b7e
00000000
3f6d058e
00000000
00000000
3fde477f
00000000
40026389
00000000
00000000
00000000
4067edd9
00000000
00000000
40652403
3fb1d986
00000000
00000000
4087d481
00000000
40de1db2
00000000
00000000
40128abf
00000000
00000000
3f581379
00000000
3fdbde1d
00000000
00000000
40b027bd
40c83a60
40167bb2
3f827879
00000000
00000000
00000000
00000000
3e85b791
00000000
3fc7644a
3e9fa240
40769550
00000000
00000000
410bac89
00000000
00000000
00000000
40995696
00000000
3fddbe77
00000000
3ff77664
403198e8
3f496792
00000000
40b577a8
40308a77
00000000
00000000
3e13733e
3f987d45
00000000
00000000
00000000
40ee3a3d
00000000
00000000
00000000
00000000
00000000
40773ca1
00000000
3f94496b
00000000
3f9a3d8c
40242f56
00000000
00000000
40f09efc
40366413
00000000
4043cd9b
00000000
3f94663f
404a8e49
00000000
3fe5cc79
00000000
40891115
40a3a2f0
00000000
3fa91ed7
00000000
00000000
3fee7675
401a71c7
4082be36
00000000
00000000
412f4806
00000000
40330aa5
00000000
00000000
405652e5
00000000
00000000
3e135e3f
00000000
00000000
3ee22d1e
00000000
00000000
410d9bbb
00000000
00000000
00000000
00000000
00000000
00000000
41041d6b
00000000
3f8ca21e
00000000
3f6b8267
00000000
3f78f91c
00000000
4035f1e5
00000000
408aff88
00000000
00000000
404229e9
00000000
4060c1b8
00000000
4108d3ad
40521159
00000000
00000000
00000000
40253769
00000000
00000000
00000000
00000000
00000000
00000000
00000000
00000000
408b5189
00000000
00000000
3ffba12a
00000000
3fd05417
00000000
00000000
40236c54
00000000
3f54e59c
3f64d0d4
00000000
00000000
00000000
40aabf1e
00000000
3f89dccd
40e33eea
404559ee
00000000
00000000
40fa3a52
00000000
3ff1426d
403fdbde
00000000
40bbae04
00000000
00000000
404960ed
00000000
40b6c362
00000000
3d711c30
00000000
400e5ee7
00000000
410e442c
00000000
3ff6e093
00000000
00000000
00000000
00000000
00000000
3ff068a1
00000000
00000000
00000000
00000000
00000000
00000000
40bcb058
00000000
00000000
00000000
40ee0db4
00000000
00000000
3ff16006
00000000
00000000
00000000
00000000
00000000
40148ab9
00000000
00000000
00000000
402a44f9
00000000
00000000
3e4e1450
00000000
40a9855c
00000000
400371b9
00000000
00000000
00000000
00000000
40696447
00000000
00000000
00000000
40f797e7
00000000
4049af1d
3f20856d
00000000
3eee8c76
00000000
00000000
00000000
00000000
00000000
40f97a1e
00000000
00000000
3f9c365f
40e2eae1
3db5132b
3ea84f02
00000000
00000000
00000000
00000000
00000000
00000000
00000000
00000000
00000000
00000000
00000000
410c2300
00000000
00000000
409b603f
00000000
00000000
4074d2e2
4104b77b
00000000
00000000
40ac917b
00000000
40c8333b
00000000
4092408d
00000000
00000000
00000000
00000000
00000000
414249fb
00000000
4099fb90
00000000
3ff090b8
40c02d92
00000000
00000000
00000000
3f417b83
00000000
00000000
00000000
00000000
00000000
403fe555
00000000
00000000
40fdb01d
00000000
00000000
4104811b
00000000
4057f6df
00000000
00000000
00000000
411b0592
00000000
00000000
3faca923
00000000
40c95705
00000000
00000000
4093d33a
00000000
00000000
00000000
00000000
00000000
00000000
00000000
00000000
40947d25
00000000
409980ef
00000000
4000486b
00000000
00000000
00000000
4006550d
3e834ae5
00000000
406fdf00
00000000
00000000
00000000
00000000
00000000
00000000
40399a14
00000000
00000000
00000000
00000000
00000000
00000000
41327c73
00000000
00000000
3f3ed8b2
00000000
00000000
00000000
3f8e9d6d
00000000
40d85b2c
00000000
00000000
00000000
00000000
00000000
3f01602e
00000000
40207ab0
00000000
00000000
00000000
00000000
40e8b940
00000000
40838c74
406f4fa1
00000000
00000000
40f623e7
00000000
3f2421ef
00000000
00000000
00000000
40ff9ffb
3dce86b0
4092d003
40ca9057
40250cd1
00000000
00000000
00000000
00000000
00000000
3e59847f
400f9e15
3db07c1b
3fd8037b
3ede9666
00000000
00000000
00000000
00000000
00000000
40959ff3
00000000
412d50fe
00000000
00000000
00000000
3fe2d4ff
4083faa2
00000000
40d6ea2a
4092fcc2
00000000
3f37fc6d
00000000
408a2cdb
00000000
409682e5
40e57259
00000000
00000000
00000000
3ffadf19
3ec478f4
4122675a
00000000
40758a4f
408c6408
00000000
00000000
3fdbffa7
405d18fb
00000000
406bfb80
40ecb2f1
00000000
00000000
00000000
00000000
00000000
00000000
00000000
40d6de55
00000000
00000000
408010fc
00000000
402e3338
00000000
3fedcdec
00000000
00000000
00000000
00000000
00000000
3fa80e54
40b17413
00000000
00000000
00000000
00000000
00000000
40d097a1
00000000
00000000
40feb9e2
00000000
00000000
00000000
00000000
402dce52
00000000
00000000
3f43d493
00000000
00000000
00000000
3f538d30
00000000
00000000
00000000
00000000
00000000
40873376
00000000
40806d41
00000000
00000000
00000000
00000000
00000000
413bd4b5
00000000
00000000
4051ea75
00000000
403ba65e
00000000
00000000
3f764791
00000000
4018cb17
40117a30
00000000
408583cb
00000000
408a3a09
411e6549
00000000
407f2f23
00000000
00000000
405f411b
406c366f
00000000
409ce23f
3fc882d6
00000000
3fcab744
00000000
4012490d
00000000
00000000
00000000
00000000
00000000
3f8a261b
00000000
40276d0e
00000000
3fcffcc5
00000000
00000000
412dab2e
00000000
00000000
405ac278
00000000
4110e843
00000000
00000000
40823aef
00000000
00000000
40a9e23c
00000000
00000000
00000000
00000000
00000000
3c104580
406c21f6
40d7f455
00000000
40513515
00000000
00000000
3f6dafbe
3f53eb57
00000000
40c77c6e
00000000
40c81c83
00000000
403d968e
408d08ba
00000000
3f26bab3
00000000
00000000
00000000
00000000
00000000
00000000
00000000
3e76db58
00000000
00000000
00000000
00000000
00000000
3f8391ab
00000000
40b31f3a
3f473d29
00000000
400cacfa
408d438a
3ede252e
4113a68a
00000000
40e918dc
00000000
00000000
00000000
00000000
403e2afd
00000000
00000000
40c35774
00000000
00000000
00000000
40b65678
00000000
3f994c88
00000000
00000000
00000000
4106c19f
40ef5721
4091644b
40a93ef6
40153b03
00000000
4060379d
40c446c6
00000000
00000000
00000000
00000000
00000000
00000000
00000000
00000000
00000000
00000000
00000000
410b59e6
00000000
00000000
00000000
00000000
00000000
40bae82b
405c0a6d
3f8eee54
3fa05182
00000000
00000000
00000000
00000000
407b7a71
00000000
3fa11543
408d0200
40c784ed
00000000
40b4daf1
3ff339cc
00000000
41425ef0
00000000
00000000
00000000
40d0aed8
00000000
40b8dbd4
00000000
402fe2f6
00000000
00000000
00000000
00000000
00000000
00000000
3c210ed0
00000000
4065ce54
00000000
00000000
00000000
40328a07
00000000
3ea5720e
00000000
00000000
00000000
00000000
00000000
3ee86040
00000000
3fecf29b
3f66944c
00000000
3f0595c6
00000000
00000000
00000000
00000000
3ff984e7
00000000
00000000
4055d7cb
409f2adb
00000000
3f9a20ff
402f2e85
00000000
00000000
00000000
40c62381
00000000
40aac861
00000000
3f751844
00000000
00000000
410105b6
00000000
00000000
00000000
3f893951
410047d6
00000000
40970ab7
40f94bdd
00000000
4034db8f
4081f387
00000000
00000000
4026cdb2
402a91b6
410798a3
406c9385
00000000
00000000
00000000
00000000
00000000
41125eb2
00000000
411a23ed
00000000
40a699d9
00000000
414e20dd
00000000
3fae92e1
00000000
00000000
40336045
00000000
40a35bb7
40da52ad
00000000
40002107
40ccdb67
00000000
40d1fb20
3d077be6
403b0b11
40c2017a
3ff7d0fa
41246581
40a54680
403d4364
406a6d49
40db320e
40619362
4084671e
40db2e11
3f9eb5aa
408d0e7b
4112bd21
00000000
40ed9dbb
40cb995f
4031dd70
3fb53f52
40a404a8
00000000
3fe7e0b8
4016d63d
00000000
00000000
00000000
00000000
00000000
00000000
00000000
00000000
00000000
00000000
00000000
00000000
00000000
00000000
00000000
00000000
00000000
00000000
00000000
00000000
00000000
00000000
00000000
00000000
00000000
00000000
00000000
00000000
00000000
00000000
00000000
3f7e59cc
3f7a02e6
00000000
00000000
00000000
3e8af5f8
3f00ac5f
00000000
00000000
402659a2
00000000
00000000
00000000
00000000
00000000
00000000
00000000
00000000
00000000
00000000
00000000
00000000
00000000
00000000
00000000
00000000
00000000
00000000
00000000
00000000
3edee334
4020975d
00000000
00000000
00000000
00000000
00000000
00000000
00000000
00000000
00000000
00000000
00000000
00000000
00000000
00000000
00000000
00000000
00000000
00000000
00000000
00000000
00000000
00000000
00000000
00000000
00000000
00000000
00000000
00000000
00000000
00000000
00000000
00000000
00000000
00000000
00000000
00000000
00000000
00000000
00000000
00000000
00000000
00000000
00000000
00000000
00000000
00000000
00000000
00000000
00000000
00000000
3e96d677
00000000
00000000
00000000
00000000
00000000
00000000
4061e034
00000000
00000000
3d613380
00000000
00000000
00000000
00000000
00000000
00000000
00000000
00000000
00000000
402c2e4f
403a5ebd
00000000
00000000
40926166
401401b7
00000000
00000000
00000000
00000000
00000000
00000000
00000000
3fa0e5e8
00000000
00000000
00000000
00000000
00000000
00000000
00000000
00000000
00000000
00000000
00000000
00000000
00000000
00000000
00000000
00000000
00000000
00000000
00000000
00000000
00000000
00000000
00000000
00000000
00000000
00000000
00000000
00000000
00000000
00000000
00000000
00000000
3f086fc8
3f053aef
00000000
00000000
00000000
00000000
00000000
00000000
00000000
00000000
00000000
00000000
00000000
00000000
00000000
00000000
00000000
00000000
00000000
00000000
00000000
00000000
00000000
00000000
00000000
00000000
00000000
00000000
00000000
00000000
00000000
00000000
00000000
00000000
00000000
00000000
00000000
00000000
3fedb048
00000000
00000000
00000000
00000000
00000000
00000000
00000000
00000000
00000000
3fd6402a
00000000
00000000
00000000
3f43703c
00000000
00000000
00000000
00000000
00000000
3f9bbb76
00000000
3ff08174
00000000
00000000
00000000
00000000
00000000
00000000
00000000
00000000
00000000
00000000
00000000
00000000
00000000
00000000
00000000
00000000
00000000
00000000
00000000
00000000
00000000
00000000
00000000
00000000
00000000
00000000
00000000
00000000
00000000
00000000
00000000
00000000
00000000
00000000
00000000
00000000
00000000
00000000
00000000
00000000
00000000
00000000
00000000
00000000
00000000
00000000
00000000
00000000
00000000
00000000
00000000
00000000
00000000
00000000
00000000
00000000
00000000
00000000
00000000
400e5ae2
00000000
403635d8
00000000
00000000
00000000
00000000
00000000
00000000
3db761c8
00000000
00000000
00000000
00000000
00000000
00000000
00000000
00000000
00000000
00000000
00000000
00000000
00000000
00000000
00000000
00000000
00000000
00000000
00000000
3ef0b0dc
3d61a4e0
00000000
00000000
00000000
00000000
00000000
00000000
00000000
00000000
00000000
3d67e870
00000000
00000000
00000000
00000000
00000000
00000000
00000000
00000000
00000000
00000000
00000000
00000000
00000000
00000000
00000000
00000000
00000000
00000000
00000000
00000000
00000000
00000000
00000000
00000000
00000000
00000000
00000000
00000000
00000000
00000000
00000000
00000000
00000000
00000000
00000000
00000000
00000000
00000000
00000000
00000000
00000000
00000000
00000000
00000000
00000000
00000000
00000000
3fc3b916
00000000
00000000
00000000
00000000
00000000
00000000
00000000
00000000
00000000
00000000
00000000
00000000
00000000
00000000
00000000
00000000
00000000
00000000
3ffb583a
00000000
00000000
00000000
00000000
00000000
00000000
00000000
00000000
3f022f46
00000000
00000000
00000000
00000000
00000000
00000000
00000000
00000000
00000000
00000000
00000000
00000000
00000000
00000000
00000000
3e91c0a9
00000000
00000000
00000000
00000000
00000000
3f35ae61
3e0f2cb4
3f0bb304
00000000
00000000
00000000
00000000
00000000
00000000
00000000
00000000
00000000
00000000
00000000
00000000
00000000
3d87c940
00000000
00000000
00000000
00000000
00000000
00000000
00000000
00000000
00000000
00000000
00000000
00000000
00000000
00000000
00000000
00000000
00000000
00000000
00000000
00000000
00000000
00000000
00000000
00000000
00000000
00000000
00000000
00000000
00000000
00000000
00000000
00000000
00000000
00000000
00000000
00000000
00000000
00000000
00000000
00000000
00000000
00000000
00000000
00000000
00000000
00000000
00000000
00000000
00000000
00000000
3fa85558
00000000
402924e9
00000000
00000000
00000000
00000000
00000000
3d4266d0
00000000
00000000
00000000
00000000
00000000
00000000
00000000
00000000
00000000
00000000
00000000
00000000
00000000
00000000
00000000
00000000
00000000
00000000
00000000
00000000
00000000
00000000
00000000
00000000
00000000
00000000
00000000
00000000
00000000
00000000
00000000
00000000
00000000
00000000
00000000
00000000
00000000
3e6930bc
00000000
00000000
00000000
00000000
00000000
00000000
00000000
00000000
3e60376c
00000000
00000000
00000000
00000000
3fc00a02
3f9578b2
00000000
00000000
3f6410e8
00000000
00000000
00000000
00000000
00000000
00000000
3ee3b156
00000000
00000000
00000000
00000000
00000000
00000000
00000000
00000000
00000000
00000000
00000000
00000000
00000000
00000000
00000000
00000000
00000000
00000000
00000000
00000000
00000000
00000000
00000000
00000000
00000000
00000000
00000000
00000000
00000000
00000000
00000000
00000000
00000000
00000000
00000000
00000000
00000000
00000000
00000000
00000000
00000000
00000000
00000000
00000000
00000000
00000000
00000000
00000000
00000000
00000000
00000000
00000000
00000000
00000000
00000000
00000000
00000000
00000000
00000000
00000000
00000000
00000000
00000000
00000000
00000000
00000000
00000000
00000000
00000000
00000000
00000000
00000000
00000000
00000000
00000000
00000000
00000000
00000000
00000000
00000000
00000000
00000000
00000000
00000000
00000000
00000000
00000000
00000000
00000000
00000000
00000000
00000000
00000000
00000000
00000000
00000000
00000000
00000000
00000000
00000000
00000000
3d633910
00000000
3eb1c75b
00000000
00000000
00000000
00000000
00000000
00000000
00000000
00000000
00000000
00000000
00000000
00000000
00000000
00000000
00000000
00000000
00000000
3ead57f0
3f05d67c
402a6c6f
40762deb
00000000
00000000
00000000
00000000
00000000
00000000
00000000
00000000
00000000
00000000
00000000
00000000
00000000
00000000
3feb7c36
00000000
00000000
00000000
00000000
00000000
3f4bc0ac
00000000
4015e8c7
00000000
00000000
00000000
00000000
00000000
00000000
402d58bc
00000000
00000000
40006473
00000000
00000000
00000000
00000000
00000000
00000000
00000000
00000000
00000000
00000000
00000000
00000000
00000000
00000000
00000000
00000000
3fd7ef52
00000000
00000000
00000000
00000000
00000000
00000000
00000000
00000000
00000000
00000000
00000000
00000000
00000000
00000000
00000000
00000000
00000000
00000000
00000000
00000000
00000000
3fe80d24
00000000
00000000
00000000
00000000
402b2cac
00000000
00000000
00000000
00000000
00000000
00000000
00000000
00000000
00000000
00000000
00000000
00000000
00000000
00000000
00000000
00000000
00000000
3ecb24ec
00000000
00000000
00000000
00000000
00000000
00000000
00000000
00000000
00000000
00000000
00000000
00000000
00000000
00000000
00000000
00000000
00000000
00000000
00000000
00000000
00000000
00000000
00000000
00000000
00000000
3eadbc05
3fed2346
00000000
00000000
00000000
00000000
00000000
00000000
00000000
00000000
00000000
00000000
00000000
00000000
00000000
00000000
00000000
00000000
00000000
00000000
00000000
00000000
00000000
00000000
403cc7c1
3ff5bfea
00000000
00000000
00000000
00000000
00000000
00000000
00000000
00000000
00000000
00000000
00000000
00000000
00000000
00000000
00000000
00000000
00000000
00000000
00000000
00000000
00000000
00000000
00000000
00000000
00000000
00000000
00000000
00000000
00000000
00000000
3e05eecc
00000000
00000000
00000000
00000000
00000000
00000000
00000000
00000000
00000000
00000000
00000000
00000000
00000000
3ed72bfb
00000000
00000000
00000000
00000000
00000000
00000000
00000000
00000000
00000000
00000000
00000000
3fe78b56
00000000
00000000
00000000
00000000
00000000
00000000
00000000
00000000
00000000
00000000
00000000
00000000
00000000
00000000
00000000
00000000
00000000
00000000
00000000
00000000
3f53436b
00000000
00000000
00000000
00000000
00000000
00000000
00000000
00000000
00000000
00000000
00000000
4050e0b2
00000000
00000000
00000000
00000000
00000000
00000000
00000000
00000000
00000000
00000000
00000000
00000000
00000000
00000000
00000000
00000000
00000000
00000000
00000000
00000000
00000000
00000000
00000000
00000000
00000000
00000000
00000000
00000000
00000000
00000000
00000000
00000000
00000000
00000000
00000000
00000000
00000000
00000000
00000000
00000000
00000000
00000000
00000000
00000000
00000000
00000000
00000000
00000000
00000000
00000000
00000000
00000000
00000000
00000000
00000000
00000000
00000000
00000000
00000000
00000000
00000000
3f0eb3aa
00000000
00000000
00000000
00000000
00000000
3f6c38a2
3f980dd7
00000000
00000000
00000000
00000000
3df9f378
00000000
00000000
00000000
00000000
00000000
00000000
3ff5c93e
00000000
00000000
00000000
00000000
00000000
3f276233
00000000
00000000
00000000
00000000
00000000
00000000
00000000
00000000
00000000
00000000
3ff77169
00000000
3ed9ae03
3f4a2faa
00000000
00000000
00000000
00000000
00000000
00000000
3efd07a3
3ffc87a7
00000000
404f368b
00000000
00000000
00000000
00000000
3fa72dd6
00000000
00000000
00000000
406457bf
00000000
407c6178
40167d6d
40c0ac5d
40bb17fc
00000000
400939e1
40702b7a
00000000
40a5da60
4013f9e5
40985105
00000000
00000000
00000000
00000000
3fceaced
4054f84d
00000000
40eee52a
40fe8bea
00000000
3f96066b
3ea4b2d6
407040db
3fd1e835
4055007c
00000000
40e2b46c
40c999ca
40660a5e
4035aef9
00000000
00000000
00000000
00000000
00000000
00000000
00000000
00000000
00000000
00000000
40995ee1
40131009
403f7d26
3f45437a
4020ea18
3f725924
3fe1f489
3f3e0b0c
00000000
40b3e8e4
400bb266
00000000
00000000
00000000
00000000
00000000
00000000
00000000
4088d461
40a714b7
00000000
3d76807c
3f4034bc
3f9da2f2
3f2e9ee8
00000000
00000000
3fe57a70
404097ef
00000000
00000000
40e7fdc0
3f54830c
402518b1
4105e98d
40c9fe3e
4043d03a
40d82a9b
40d32f06
00000000
00000000
00000000
4091a84a
40464f0b
4000043b
40552109
4088e717
3f8fd1c3
3f1ce984
00000000
40b767ae
404b336a
00000000
3fbd940a
00000000
3ff96c65
00000000
00000000
4092ca96
40629ad9
00000000
00000000
00000000
409e17b4
4080d7b7
40934743
40f689cf
3f84595b
3d80a608
3ff0039d
3fae679e
401f48c6
00000000
00000000
00000000
3f47c12c
00000000
00000000
3e8fb6e6
4080ca65
00000000
3fe5abfa
00000000
40c7170d
00000000
40868e32
00000000
00000000
40240176
00000000
00000000
00000000
00000000
00000000
3fae6d72
00000000
00000000
00000000
00000000
00000000
00000000
00000000
00000000
40099157
00000000
3f479b4c
3f87525e
3da3c882
411541ef
40cb463c
00000000
00000000
3f76965a
3f3b231a
40e3c7cc
4097030f
40aa313f
40eac77d
00000000
402e9c14
3f921e12
3f8dd5ff
4058e8e8
3fee2d49
00000000
40ecec5c
00000000
00000000
40a2228a
4113311c
00000000
00000000
401ed943
00000000
00000000
00000000
402ad7e4
00000000
3fbbbfe4
00000000
406b313a
4090b990
00000000
4006f0cb
409486b2
40db1484
3f971e72
00000000
4044bb2d
406dcb40
3d312dd8
40668521
40b990fe
00000000
3f327e94
00000000
40fa95e0
40f15132
00000000
00000000
00000000
40ace335
401cddc0
40b93859
3ef76237
40a64484
00000000
00000000
3e909536
3fd94a51
00000000
00000000
3fa853b9
40465b94
00000000
3ea99395
41187050
3fba760e
00000000
00000000
00000000
4060ef3c
00000000
40c31897
40cd73b2
401eacc9
40b9bc14
3f8c7f2e
00000000
00000000
3f360802
00000000
00000000
00000000
402f9349
00000000
00000000
00000000
00000000
40099a8e
00000000
00000000
00000000
4099291a
410568d2
40a28804
3ec6c007
40e85b28
00000000
00000000
00000000
40c75d70
40bc095f
40649ec8
00000000
403454fb
00000000
403f4391
00000000
00000000
00000000
4089f95a
00000000
4004a410
00000000
3f037b82
40ba0eaa
408d2bcf
00000000
00000000
00000000
3fb92aba
00000000
00000000
00000000
00000000
4085ff37
00000000
00000000
4013dd38
00000000
00000000
00000000
41137b5a
40bb5e6f
40d41b5a
00000000
40a79899
00000000
00000000
4015ab48
40235c6c
4101e773
00000000
3e98af8f
3faf804d
00000000
00000000
00000000
3ed22baf
4060fbd4
41298144
410dc70d
40fed988
00000000
00000000
00000000
40778950
4094cef5
00000000
00000000
00000000
00000000
40c6a55e
410389a5
410418b6
00000000
40376ba9
00000000
40adbd77
40021838
3fc7b6d4
40853254
40836c90
404bf0fc
00000000
40505974
00000000
40d0fe07
00000000
4073a564
3f198052
00000000
00000000
3fcd2776
401c7ea1
3f9d688c
00000000
40a36205
3ff645cb
00000000
4000e346
00000000
00000000
00000000
407627ce
40871b80
00000000
00000000
00000000
00000000
3fa81ef2
00000000
00000000
4028214f
4080d32b
3e481510
00000000
3f8422f0
3fbec3ac
405ba207
4065d2ea
40689aab
3ed99e23
00000000
3e8679c5
406e7410
40a54c64
3fa10544
4015c94d
3f07e1d0
00000000
4037e55e
401df290
00000000
00000000
3ecf5b07
41157e8f
40a47e82
40232734
00000000
40c01132
00000000
00000000
00000000
00000000
00000000
408a8241
00000000
00000000
00000000
00000000
40261326
40fc4e64
40b6ce4e
4065d15d
00000000
00000000
3e544c5a
4105c926
407ae802
40364618
00000000
00000000
00000000
00000000
00000000
00000000
404f6332
4097ef24
401d3939
3fd821cc
40342e8a
3fab2f63
00000000
00000000
00000000
40cf7c7d
40d32e3c
40613220
00000000
40577a4a
00000000
00000000
00000000
00000000
00000000
00000000
00000000
00000000
3f53a280
3f3dd5d0
3fe31601
3fb734ad
3fab1a66
3f6c2550
4082f4de
00000000
3ee5b159
00000000
407a73ec
407e7cd2
00000000
3e7a4e70
00000000
408d16f6
00000000
3f96d7fd
40109dfd
00000000
00000000
00000000
00000000
00000000
00000000
00000000
00000000
00000000
00000000
4058f73f
00000000
00000000
00000000
406abbdc
00000000
00000000
00000000
00000000
00000000
3f84457d
409fcdec
40942ace
404b17f7
40b16874
40f0f2fb
409079c6
00000000
00000000
00000000
40d6f9a2
40846110
406f6d58
00000000
00000000
3fce5c25
00000000
40231e87
3d9e5c18
40262ff2
00000000
409cf43d
412cb797
40031839
406164da
40b30f39
00000000
00000000
00000000
00000000
40a389f5
40a78f2b
00000000
00000000
40c78092
4094cd0e
40ca41db
00000000
00000000
00000000
401ee6bf
00000000
40ea1022
4087945d
00000000
00000000
4010f0e9
00000000
00000000
411a80c6
40acaf8b
3f497990
40518d4f
406c1cf8
3f883815
00000000
403ca88f
402f731f
4054c6df
00000000
403c7440
40f1acbf
40d97086
40c13866
00000000
00000000
00000000
40d73655
00000000
3fa9827a
00000000
40cef381
408c0154
00000000
40abbab8
00000000
3ff85db5
00000000
4105e27d
3cdf1f70
4000137a
00000000
407589eb
404e74ed
3f25bf68
3f608954
4007cbc4
00000000
00000000
3f752e86
4010895b
404b55cb
3fb7dfb4
00000000
3f80826e
00000000
00000000
40538e75
00000000
3fb14754
3f2ec7ae
00000000
3fa9ae5e
40e55039
412edcd3
00000000
00000000
00000000
00000000
00000000
00000000
401c4fcf
402226e4
40dda694
40ab54e7
3fb506f9
00000000
00000000
00000000
4079bd88
4026bb31
00000000
3f908554
00000000
4101791e
40bf8ae5
4043f571
3ff5b919
40425047
40db6d93
00000000
00000000
00000000
409d5319
3fcfabba
40b1bef2
40f97404
00000000
404723b3
00000000
00000000
00000000
40e19780
00000000
40ad62cc
00000000
00000000
00000000
00000000
00000000
4089fcf9
4039be66
00000000
40862ae7
3f063bc0
4045dbd5
00000000
40709c7a
402d0fcf
3fd339b3
3e968c2e
406d3c48
00000000
00000000
00000000
407c05f4
3ef8fd93
404369a9
4027be3a
00000000
40a0abf7
40c27ee5
00000000
40aea2e3
40e1240f
40905a7e
404d1927
00000000
00000000
3faa4138
40016f02
4128ec63
40b7348d
4005f668
00000000
00000000
3f87a8ee
00000000
00000000
00000000
4030687d
3fe18a24
00000000
00000000
00000000
00000000
407be0ec
00000000
00000000
3ebe7caf
00000000
00000000
4036e1de
3e551db6
00000000
00000000
402a2671
409e3286
40502e80
00000000
40118c33
4083ffea
40082bdf
40e2c976
00000000
00000000
00000000
00000000
3fe46783
00000000
4036e1d8
00000000
00000000
3fe9c440
3d08fe2c
00000000
00000000
3f99a381
3f8d77d3
3fb8bc7b
00000000
00000000
4075d1ff
00000000
3f7d33bc
00000000
00000000
00000000
400416cd
40448450
3fcc264c
00000000
3edfb24b
40579b79
3fb1cb37
401d0fee
00000000
3e665bc8
00000000
3eece42f
3f3a8b4e
3f6612e8
00000000
00000000
40af4dda
40266d95
00000000
3ec24977
00000000
00000000
00000000
00000000
00000000
3ef7690b
4076b543
00000000
3e8340b8
00000000
00000000
4002ed94
00000000
40abf003
40897486
00000000
40b89d58
3eddd9db
407830ca
00000000
00000000
00000000
3ee979f3
00000000
40d6c463
4029ce8b
407bd4fc
410e1b9a
40491e04
3f45b132
00000000
402b6cbd
00000000
00000000
00000000
3f6c7f0e
40a17775
40c8198b
4082b485
00000000
00000000
00000000
40a2c090
00000000
00000000
00000000
00000000
00000000
00000000
40d8504f
3c03ec70
00000000
00000000
00000000
3f823904
00000000
00000000
402a41f8
00000000
4044d35a
4008e8b6
3f6e618a
404af0d5
3ff98d65
3f39edf8
3f376814
00000000
00000000
00000000
00000000
3f7d56a8
00000000
00000000
00000000
00000000
40127ffc
400f6ca4
00000000
00000000
00000000
404fd2a0
401b3af1
00000000
4082f980
3fd4835f
00000000
00000000
00000000
40c153fd
409e72a3
40d4d89f
400a4b7b
3fdffe55
00000000
404ab9bb
00000000
3f987d3f
3fb12adc
00000000
40c05c9c
40256bc8
00000000
3e371c50
00000000
4009f233
3f903357
406df290
00000000
40117281
00000000
00000000
40688205
3feb82fe
40735e64
00000000
405859d7
00000000
3f20e970
41133e7d
40abf7e5
3f0fbb20
40dd6617
403a75d6
00000000
3f036c4a
00000000
401fec4d
00000000
00000000
00000000
40901043
3faa99c2
3fae0051
00000000
40787108
00000000
00000000
00000000
3dad916a
00000000
3f663322
4016cffd
00000000
4073ad9f
405df76e
00000000
00000000
4018dbf6
00000000
00000000
00000000
3fa15d97
3fdebf64
40888d66
00000000
40501576
00000000
00000000
00000000
4088a324
00000000
3fce3713
00000000
00000000
00000000
00000000
409b0c63
3ffeb343
406aa9e6
40b22db9
00000000
3ea8839e
40875fe4
4028bdd7
3eba7800
40d34cd1
4004d9f4
00000000
00000000
409f7885
3e836598
00000000
00000000
00000000
00000000
00000000
4082f5a3
4050147c
00000000
408c2657
3f4b2be2
00000000
00000000
00000000
00000000
00000000
00000000
40079740
40686561
00000000
40ba68a0
3f08c232
4121f736
41336b6c
3eefbb0b
00000000
3f15abc0
00000000
3fd00904
3fab79fd
00000000
00000000
3f0f2670
00000000
3ed60283
40a7e15b
00000000
40c0bf7b
40116abd
4027fd4f
3f2bee6c
3f61671a
00000000
3fe78b5d
00000000
4031bb8a
3fd4538d
3ffadf17
3ff06e65
00000000
4103d532
3f8b3f23
40584673
3eb054f7
00000000
3efe7d53
3fd2a030
403267e3
40361a52
40c9be76
4096584b
40a75245
4105225a
407979b2
40a87eed
403e6aed
40d6fedf
4086ae4a
40a618dc
40b83cde
40322a65
00000000
00000000
3f0c23be
40844fe7
40118560
41046cd5
40feb47e
40e676c5
40856006
3f89a2eb
40b1a05a
40f1b32e
00000000
401d81a1
3ed7a07d
3fe15a0c
3f6cb27d
00000000
3fa4e303
3f9666db
401f0990
403978c0
00000000
3ff6642e
40322afd
3f74d15b
3f83dd47
3eefba82
404c174d
00000000
3f95ae8b
40536a6f
3fd11d63
3e0108b6
402e0a69
402ff730
3f2b58e9
00000000
00000000
4032e3be
4062e588
409144a3
40499cdd
3fb64698
00000000
407f3cf7
3fd84139
00000000
00000000
00000000
3f0220d6
00000000
00000000
00000000
401ba823
00000000
00000000
40126d6f
00000000
00000000
00000000
00000000
00000000
409146b4
00000000
3f4e6654
3feb143d
40336260
3f115804
00000000
00000000
3f97d254
00000000
00000000
00000000
3f257483
00000000
4028bfbf
00000000
00000000
00000000
00000000
00000000
00000000
00000000
00000000
00000000
00000000
00000000
00000000
00000000
00000000
00000000
3f62afc4
00000000
00000000
00000000
00000000
00000000
3f38e9ec
00000000
00000000
00000000
00000000
00000000
00000000
00000000
00000000
00000000
3f4d6e2e
00000000
00000000
00000000
00000000
40545f79
3dbbeb71
00000000
00000000
00000000
00000000
00000000
00000000
00000000
00000000
00000000
00000000
00000000
00000000
00000000
00000000
00000000
00000000
00000000
00000000
00000000
00000000
00000000
00000000
00000000
00000000
00000000
401c3175
00000000
00000000
00000000
00000000
00000000
3fc32641
00000000
00000000
00000000
00000000
00000000
00000000
00000000
00000000
00000000
00000000
00000000
00000000
00000000
00000000
3f2b23af
4011abb0
00000000
00000000
00000000
00000000
3f315ff2
00000000
00000000
40b1e287
00000000
408e39c1
00000000
00000000
00000000
00000000
00000000
00000000
3dcc908e
00000000
00000000
00000000
407a32e5
00000000
00000000
00000000
00000000
3f958f37
00000000
00000000
00000000
3cdff62c
00000000
00000000
40205c2d
00000000
3f76ad5a
00000000
3f73967c
00000000
00000000
00000000
00000000
00000000
00000000
00000000
00000000
3fc51eef
00000000
00000000
00000000
00000000
00000000
00000000
00000000
00000000
00000000
00000000
00000000
3f816feb
00000000
00000000
00000000
00000000
3f94b6b3
00000000
00000000
40495a13
00000000
00000000
00000000
00000000
00000000
00000000
00000000
00000000
00000000
00000000
00000000
00000000
00000000
00000000
00000000
00000000
3f68894f
3f9f8173
00000000
00000000
00000000
00000000
00000000
00000000
00000000
00000000
00000000
00000000
00000000
00000000
00000000
00000000
00000000
00000000
00000000
00000000
3f5a2144
3f971618
00000000
00000000
3fdc1e85
00000000
00000000
00000000
00000000
00000000
00000000
00000000
00000000
00000000
00000000
00000000
00000000
00000000
00000000
00000000
3f037ac3
00000000
00000000
00000000
3f157b93
00000000
00000000
00000000
404b3c82
00000000
00000000
00000000
3f38a3ec
3e87ffa1
00000000
00000000
00000000
404397ba
3f9da245
407ef509
00000000
00000000
00000000
00000000
00000000
00000000
00000000
00000000
00000000
00000000
00000000
00000000
00000000
00000000
00000000
00000000
00000000
3f17050f
00000000
00000000
00000000
00000000
00000000
3e5e1f74
00000000
3f30d618
00000000
00000000
4028712c
00000000
00000000
00000000
00000000
00000000
00000000
00000000
00000000
00000000
409a9689
00000000
00000000
00000000
00000000
00000000
00000000
00000000
00000000
00000000
00000000
00000000
00000000
00000000
00000000
00000000
404dee32
3f2cb60b
00000000
00000000
00000000
00000000
00000000
00000000
00000000
00000000
3f9e6fb5
00000000
00000000
00000000
00000000
00000000
00000000
00000000
00000000
00000000
00000000
00000000
3ed96ac8
00000000
00000000
00000000
00000000
3fd47749
00000000
00000000
00000000
00000000
00000000
00000000
00000000
40169712
00000000
00000000
00000000
00000000
00000000
00000000
00000000
3faa2d5b
00000000
00000000
00000000
00000000
4006a449
00000000
00000000
00000000
00000000
00000000
00000000
3f5e2c4e
00000000
00000000
00000000
00000000
00000000
3f28411a
00000000
00000000
00000000
00000000
00000000
00000000
00000000
00000000
00000000
00000000
00000000
00000000
00000000
00000000
00000000
00000000
00000000
3f9eb015
00000000
00000000
00000000
00000000
00000000
00000000
00000000
00000000
00000000
00000000
00000000
00000000
00000000
00000000
3cad49fc
00000000
00000000
00000000
3f28a2ce
400a3ca8
00000000
40087d47
00000000
00000000
00000000
00000000
00000000
00000000
00000000
3f4d0594
00000000
3d664e50
00000000
00000000
00000000
00000000
00000000
00000000
00000000
00000000
00000000
00000000
00000000
00000000
00000000
00000000
3fb006b9
00000000
00000000
00000000
00000000
00000000
00000000
00000000
00000000
00000000
00000000
00000000
00000000
00000000
00000000
00000000
00000000
00000000
3f8db9da
00000000
00000000
3fe496fb
00000000
00000000
00000000
00000000
4012ad2a
00000000
00000000
00000000
00000000
00000000
00000000
00000000
00000000
00000000
40994f5a
3f8dfd36
00000000
00000000
00000000
00000000
3f4f19e8
3f55a3bf
00000000
00000000
00000000
00000000
00000000
00000000
4034e883
00000000
00000000
00000000
00000000
00000000
3f034be1
3f286cba
00000000
3e93108f
00000000
00000000
00000000
3f87dcd3
00000000
3e8e2e12
00000000
00000000
00000000
3f8989e8
00000000
00000000
00000000
00000000
3f53cb77
00000000
409c27b0
00000000
00000000
00000000
00000000
00000000
00000000
00000000
00000000
3fb905db
00000000
00000000
00000000
00000000
00000000
00000000
00000000
00000000
00000000
00000000
00000000
00000000
00000000
00000000
00000000
00000000
00000000
00000000
00000000
00000000
00000000
00000000
00000000
409d37b7
00000000
00000000
00000000
00000000
00000000
00000000
3f99719f
00000000
00000000
00000000
00000000
00000000
00000000
00000000
00000000
00000000
00000000
00000000
00000000
00000000
00000000
3f0f0391
00000000
00000000
00000000
00000000
00000000
3f2f4b78
00000000
00000000
3f47e86c
00000000
00000000
00000000
00000000
00000000
00000000
4098ff6d
00000000
00000000
00000000
00000000
00000000
00000000
00000000
00000000
00000000
00000000
00000000
00000000
00000000
00000000
00000000
00000000
00000000
00000000
00000000
00000000
00000000
3e3dfcf2
00000000
00000000
00000000
00000000
00000000
00000000
00000000
00000000
00000000
408df141
40848ce3
00000000
00000000
00000000
00000000
00000000
00000000
00000000
00000000
00000000
00000000
00000000
00000000
3cb7b83c
3db1e639
00000000
00000000
4057d8e5
00000000
00000000
00000000
00000000
00000000
00000000
00000000
00000000
00000000
00000000
00000000
00000000
00000000
00000000
00000000
00000000
00000000
00000000
00000000
00000000
00000000
00000000
00000000
3fb2b1d7
00000000
00000000
00000000
00000000
00000000
00000000
00000000
00000000
00000000
3fac0b35
3fc5a718
3f4bbd83
00000000
00000000
00000000
00000000
00000000
00000000
00000000
00000000
00000000
00000000
00000000
3f66d3b0
00000000
3e971e00
3f6f4dc2
00000000
4025b46e
3fd9215f
3fbde009
00000000
3ee905e5
00000000
00000000
00000000
00000000
00000000
00000000
00000000
00000000
00000000
00000000
00000000
00000000
00000000
3e0729b9
00000000
00000000
00000000
00000000
00000000
00000000
00000000
00000000
00000000
00000000
00000000
00000000
00000000
00000000
00000000
00000000
00000000
00000000
00000000
00000000
00000000
00000000
00000000
00000000
3fbdee70
00000000
00000000
00000000
00000000
00000000
00000000
00000000
00000000
00000000
00000000
00000000
00000000
00000000
00000000
00000000
00000000
00000000
00000000
3f7c0aa6
00000000
00000000
00000000
00000000
00000000
00000000
00000000
00000000
00000000
00000000
00000000
00000000
00000000
00000000
00000000
00000000
00000000
3fc3ff65
00000000
00000000
00000000
00000000
00000000
00000000
00000000
00000000
00000000
3e300b3b
00000000
3fa95587
00000000
405261f0
00000000
00000000
00000000
00000000
00000000
3f742d2f
00000000
00000000
00000000
00000000
00000000
00000000
00000000
00000000
00000000
00000000
00000000
00000000
00000000
408c2beb
4085c02e
00000000
00000000
400b5477
00000000
00000000
00000000
00000000
00000000
00000000
3fe2c42c
00000000
00000000
00000000
00000000
00000000
00000000
00000000
00000000
00000000
00000000
00000000
00000000
00000000
00000000
00000000
00000000
00000000
00000000
00000000
00000000
00000000
00000000
00000000
00000000
00000000
3dccf530
00000000
3f989259
00000000
00000000
00000000
00000000
00000000
00000000
00000000
00000000
00000000
3f7e29c7
00000000
00000000
00000000
00000000
00000000
00000000
00000000
403fa3fb
00000000
3e870e87
00000000
00000000
40b10375
00000000
00000000
00000000
00000000
00000000
00000000
00000000
00000000
00000000
00000000
00000000
00000000
3edc725d
406c314c
00000000
00000000
00000000
3f1d1483
00000000
00000000
00000000
00000000
00000000
00000000
3fc0ea7f
00000000
40169833
00000000
00000000
00000000
00000000
00000000
00000000
00000000
00000000
00000000
00000000
00000000
00000000
00000000
00000000
00000000
00000000
00000000
00000000
40c35d68
00000000
00000000
00000000
00000000
00000000
403402bb
00000000
00000000
00000000
00000000
00000000
3f480ccd
404643fc
00000000
3f16ad15
00000000
00000000
00000000
00000000
00000000
00000000
00000000
00000000
00000000
00000000
00000000
00000000
00000000
00000000
00000000
00000000
00000000
3f9b2e8a
00000000
00000000
00000000
00000000
00000000
00000000
00000000
3eab1a05
00000000
00000000
00000000
00000000
00000000
00000000
00000000
3d10918a
00000000
00000000
00000000
00000000
00000000
00000000
00000000
00000000
00000000
00000000
00000000
3fbffde0
00000000
00000000
00000000
00000000
00000000
00000000
00000000
00000000
00000000
00000000
00000000
00000000
3f675f04
00000000
00000000
00000000
4058086c
4044872c
00000000
00000000
00000000
40449f67
3ea46fe4
4031e979
3ffee4e8
00000000
3fbefaa4
00000000
00000000
00000000
40323f22
00000000
00000000
00000000
3fa7e4c3
4020de1f
40262ffe
3fa921de
40607d2b
3f377c79
00000000
00000000
00000000
40729ee0
00000000
00000000
00000000
00000000
00000000
40cbf5b8
00000000
00000000
00000000
4006b5c5
00000000
3f049c5f
3f880535
00000000
00000000
00000000
3f42ca68
00000000
00000000
00000000
00000000
404f189c
400895c2
3f96bca9
3d75ecc8
00000000
40d0c8d6
40cc4b65
4134f39e
00000000
40c118ce
40373e8c
00000000
00000000
40147e90
00000000
00000000
00000000
00000000
00000000
3fdaf97d
400e1b20
00000000
40abeb57
3ef77e5e
401836a9
00000000
00000000
00000000
00000000
3f0867c7
00000000
3f4ac0c8
4102c256
00000000
00000000
00000000
00000000
00000000
00000000
00000000
00000000
00000000
3fb1f575
00000000
00000000
00000000
00000000
00000000
00000000
40d26c21
00000000
00000000
00000000
3ee29166
3f823369
00000000
40514012
00000000
00000000
00000000
4087e6db
00000000
402c462e
00000000
00000000
408d772e
40452d6a
40a21003
00000000
00000000
00000000
00000000
00000000
40448861
3f8cc2ee
00000000
00000000
00000000
3f933d39
400b9824
4043b5f9
00000000
405178a4
00000000
00000000
3f8ec7fd
00000000
00000000
00000000
40049a32
00000000
00000000
40548538
40853ad7
00000000
00000000
4006bf75
3fbc5f41
00000000
40085f5a
400ba7aa
00000000
00000000
00000000
00000000
00000000
00000000
00000000
404f8f21
3fa4bf21
3f1fcf98
00000000
00000000
408e37d9
00000000
00000000
3ed6c78e
00000000
00000000
00000000
00000000
00000000
00000000
3f5074e5
00000000
00000000
406020b2
3fbdbaa6
4009a028
00000000
405908dc
00000000
00000000
40265739
401b6986
00000000
40a5a739
00000000
00000000
40905301
4109f708
3fbba23c
404baf0a
00000000
00000000
00000000
00000000
00000000
00000000
00000000
408c4a4f
40916fc6
3fd7b7b1
00000000
3f1aa829
00000000
00000000
00000000
00000000
3eabab0d
00000000
3dd326d6
00000000
409bfbb2
00000000
00000000
3f4831ba
00000000
00000000
00000000
00000000
4105f6b4
3fb9d8ef
00000000
00000000
00000000
00000000
3f8cfae6
00000000
00000000
00000000
00000000
00000000
00000000
408e8b12
4056062e
00000000
4020599d
40093bd4
00000000
3eaa3913
00000000
3f61f88f
00000000
4006994e
4106e212
00000000
3f519788
00000000
00000000
3f17ab98
40f648da
40169c04
00000000
3fe78d74
00000000
00000000
40870572
00000000
3f72141e
402972f7
3f6d24d2
00000000
40173a1e
00000000
40875cc1
00000000
3eead3b8
00000000
00000000
00000000
00000000
00000000
4018a834
00000000
00000000
00000000
4006ef1c
3f5929f1
00000000
408fd15b
00000000
408cd81e
40e3f359
3ea13bcd
00000000
00000000
3f222b0d
4046a332
00000000
00000000
3faf4bbd
40c8d94b
00000000
3e0e229e
00000000
3df6a38a
00000000
00000000
3fa2fdbf
00000000
00000000
00000000
00000000
00000000
00000000
00000000
00000000
40941044
00000000
4063e8a8
3ee0af0e
00000000
00000000
40270367
3f9c40ea
3fcb42f8
00000000
406df3ed
3f138dac
40486d4e
00000000
404a0ecc
3fa813ec
409d562e
00000000
00000000
3e6597f4
00000000
00000000
3faddf01
00000000
3fdd3f28
00000000
3ebad581
00000000
00000000
40319da9
00000000
00000000
00000000
00000000
00000000
40222b0e
00000000
00000000
40a57f95
40cc46ce
408a7fa8
3fad9911
3fecd44f
409abfb0
40153ff3
00000000
40b40457
40ce262b
40f8b6a6
00000000
00000000
00000000
4035aa8a
00000000
00000000
00000000
00000000
00000000
00000000
4046a3ee
400c281c
3e96ae93
00000000
00000000
40870b07
4013a777
00000000
40a0ae4d
00000000
40320723
40be59c2
3fcbc0fb
00000000
403a983c
3f6397a0
00000000
00000000
00000000
3f183d42
4022bb06
00000000
00000000
3ff1b9d8
407ba73c
00000000
00000000
00000000
00000000
404470d1
400680f3
3f53b6e8
3ea93e13
00000000
00000000
00000000
00000000
00000000
00000000
00000000
00000000
3f30860b
00000000
3f7de4e2
00000000
00000000
3fb519e6
00000000
00000000
3f136e6a
00000000
40730c1c
00000000
00000000
00000000
00000000
00000000
405854e7
3fac2204
00000000
3f34baf1
40694a1c
00000000
00000000
00000000
40c0471c
3ff55ff6
00000000
00000000
4025be97
00000000
00000000
00000000
4029e16c
00000000
40581794
00000000
3fc1bfe9
00000000
00000000
3fbbdbf2
00000000
00000000
00000000
00000000
4031bf8a
00000000
00000000
00000000
00000000
00000000
3fb68e05
405f6ef9
40e4b5b0
3ff408b4
00000000
00000000
00000000
40443099
40b50612
3fb34daa
3f8de09d
00000000
00000000
3f08b9dd
00000000
00000000
00000000
40b869ac
00000000
00000000
00000000
00000000
3f90c3c5
3d17c488
40018553
4000fbbd
00000000
404a14f0
40d6f5da
3f262156
3fb1d319
00000000
00000000
00000000
00000000
00000000
00000000
4007b922
00000000
00000000
00000000
400246e1
41145708
00000000
00000000
00000000
00000000
3ffbc786
00000000
00000000
00000000
00000000
3fa31d44
00000000
00000000
00000000
00000000
3fb843ce
40fa399c
40f36676
00000000
00000000
00000000
00000000
00000000
403ec9b1
00000000
3fd3d00e
00000000
00000000
404ce168
00000000
00000000
00000000
00000000
00000000
00000000
00000000
4091362e
40afab6e
408bb569
00000000
40c222dd
00000000
3fb8a29d
00000000
00000000
00000000
00000000
00000000
00000000
406d3832
00000000
00000000
00000000
00000000
00000000
00000000
00000000
3f735746
00000000
00000000
00000000
00000000
00000000
00000000
3fba867a
00000000
00000000
00000000
00000000
00000000
00000000
40c2d4c6
409b5415
00000000
00000000
00000000
00000000
00000000
40c23b15
3eb5e58e
3ffa4c88
00000000
00000000
00000000
404501b3
00000000
404d67c3
40af02e8
40d8013e
40459562
404eab77
00000000
4032380e
00000000
00000000
00000000
00000000
00000000
400329ec
4048bb17
3f535787
4003c351
00000000
00000000
00000000
3fc71043
00000000
00000000
402f5553
3fadb939
00000000
00000000
00000000
00000000
00000000
3e8744d6
40b5b842
00000000
00000000
40d22464
40881278
409f9825
00000000
3f373f70
400cd686
00000000
408263cc
3fc19e8c
00000000
00000000
00000000
3f3292c7
00000000
408943e8
40e2d9aa
409bf053
4005924e
00000000
3f1751e4
3f33c6c2
3f829aa3
00000000
00000000
00000000
40806454
00000000
00000000
00000000
40ae1df3
4093155d
40383a1b
4084fc5b
00000000
00000000
40175ece
00000000
40a408c9
402d40cf
00000000
3f6a92b2
3e82cde3
00000000
00000000
40583453
4004a03a
3fa5141f
408fe822
00000000
00000000
00000000
00000000
40ab4ecc
3df86ae6
00000000
00000000
401d1b36
3fc07ba7
4057bd5a
00000000
00000000
00000000
409ce493
40064d36
00000000
3f4bc4d5
409c2eca
40a41ed9
3f75c216
403967f6
00000000
00000000
00000000
00000000
00000000
00000000
3f9f7fc8
40838bfd
00000000
00000000
00000000
00000000
00000000
3fd7a574
00000000
00000000
00000000
3fbeef4f
40454217
40f9ec55
00000000
00000000
3fb9ef7e
00000000
40c9cb9c
3fb579f7
00000000
3c757420
00000000
3e86f44e
40353495
00000000
3f1dd5ff
00000000
00000000
4015c4f2
00000000
3f98f781
00000000
00000000
00000000
3f0a102f
3fe18623
00000000
00000000
40794b92
00000000
00000000
00000000
00000000
00000000
00000000
00000000
00000000
00000000
3f9ed86e
00000000
00000000
00000000
3f898d26
40187429
00000000
00000000
00000000
00000000
3f10746f
4053e47e
00000000
00000000
4036f7ae
00000000
00000000
3f490ba2
00000000
40b39cb4
404cfaaa
00000000
00000000
00000000
00000000
403ff5e5
3fd1cc7c
00000000
3f82c5fd
40284c7a
00000000
3ef59b56
00000000
3f2569fc
00000000
00000000
3ee2fac4
3f09b699
40bc8d72
00000000
4017576f
00000000
4029042c
40432318
00000000
00000000
00000000
40256b18
00000000
409708b2
00000000
00000000
00000000
00000000
3e3506be
41185fae
3f3f7fe0
00000000
4082d97c
00000000
406f72e5
00000000
408e11bd
406132b5
408358c8
3f027663
4028e0c1
40123185
3f1bf407
00000000
00000000
00000000
3fc9e283
3f2f8862
00000000
3dd686fe
00000000
00000000
00000000
3f041932
00000000
3fa48481
40af24dd
4038b7e9
4102ca50
3f140a6f
40130c67
3fcecac8
408f9383
3f28b123
40506436
00000000
00000000
3e8a5d42
400375ef
403fb2bd
00000000
00000000
00000000
3fe05284
00000000
00000000
40b4267c
00000000
00000000
3fd56c56
404210fa
00000000
00000000
00000000
40b0f9d6
00000000
00000000
3ffbfcf6
00000000
00000000
3f44b6cc
401b4b82
3f7aa4c2
4027c7bf
3f29b575
00000000
4080d5b7
00000000
40dbfc9f
409e4dd6
00000000
40512a22
40c2670f
00000000
406811b9
409ccf91
00000000
00000000
00000000
3ff16f70
00000000
40593476
3f82d27c
3f868c82
4077c68d
00000000
00000000
00000000
00000000
4039154f
00000000
00000000
00000000
4011e1dd
403ab4f0
00000000
00000000
00000000
00000000
00000000
00000000
00000000
00000000
00000000
3feb0ffe
00000000
00000000
4022b67f
3fd4429b
00000000
00000000
00000000
3ff18303
4073664c
4112d4c8
00000000
00000000
00000000
00000000
3e1148c4
00000000
40a7ab4f
00000000
00000000
00000000
3f0f8bcd
00000000
00000000
00000000
00000000
3fd58bdd
3f0598db
00000000
3eecbc06
00000000
00000000
00000000
40be34ed
00000000
00000000
00000000
4125e3be
40894df7
00000000
3e97fd60
00000000
4049b1f4
3cfff230
00000000
3ee0b1c8
00000000
408b0adc
3f6c4684
00000000
40f34edf
00000000
00000000
00000000
00000000
3fb55215
00000000
00000000
3f3f5c93
00000000
00000000
3e50a4ac
3fc4d6a8
405b417d
00000000
3fc9ca27
3e01d556
3f5f5676
3f9ab104
407045e1
00000000
3eeb2d8a
00000000
00000000
40b30cdf
41050d4a
00000000
00000000
4061c8c3
3f5480d6
3f58a686
4080ab86
00000000
00000000
00000000
00000000
402506f4
00000000
00000000
00000000
3ef3a250
4064ab06
3f59b559
3fa125c6
00000000
3fbb2c3c
3f8b32ba
40227374
3f0f683a
4015696c
00000000
3de7c014
00000000
00000000
3fb9ef40
409436be
40b3c73e
40d377a8
40498f1f
3fd842c3
00000000
00000000
4053c5f1
409cb25a
00000000
400eb987
00000000
00000000
00000000
3fbbfd03
3fc8d218
00000000
407785c6
00000000
00000000
00000000
00000000
3f40872d
00000000
00000000
3f82ea32
00000000
00000000
3f2fbe5d
3f5520b9
00000000
00000000
00000000
00000000
00000000
00000000
00000000
00000000
00000000
00000000
00000000
00000000
00000000
00000000
00000000
00000000
4021345a
3fe86777
3fa913b4
404c644b
40bd228b
405ec79b
3fc374cd
3fd076e1
4023b80d
404ddc5a
3fbb3edb
40db98e7
00000000
3fd5bb0a
3f8dacca
409d4c3d
00000000
4034d458
40841568
400f24bf
3f7e6912
00000000
3fda7d47
40ce7105
00000000
00000000
3f717927
40690a1d
3fe7a801
3fd149fc
3f449f8f
40aa16ea
407b6ac2
3f9a9072
40dbafb5
409d3111
00000000
00000000
40dfd472
40c7136f
4060ca3f
00000000
00000000
3fd4ac66
00000000
00000000
40ead776
40cea600
402d48ae
405ada1d
3f86b4c6
40e99234
40bd9160
00000000
00000000
409157dd
00000000
00000000
00000000
41087fe1
40a57422
00000000
403ab2f8
40dfecca
40a874f4
402ff602
3f669469
40be1707
40942bfc
409e0c4f
00000000
00000000
40a71ed7
3eea39bc
00000000
407ae198
00000000
3f3112dc
00000000
00000000
3fa0679c
406b5617
4035efd0
3f33d1e9
00000000
406bbd78
3fee58dd
40418742
40a7e34a
40e769bd
00000000
409bf7f2
406e717f
40878e95
3e947a48
00000000
00000000
40887c01
3f2cc0a8
40bd0eb6
00000000
401abf88
413f62ba
402eca6b
404281f5
40c2929c
4097a8d6
3fc1cb61
40b1a449
412c20f1
40001f47
406851fb
4061ed31
40a8a9fa
4003e5c1
4022304a
40bc2820
00000000
00000000
00000000
00000000
40086926
00000000
40eb3cdb
41160f00
402961db
3fb24ae1
00000000
3f99cd3f
4071316f
3fc970ff
3fbfbbcc
400f3574
40ed443e
3ff63b12
400101ea
402ecd92
40e41ca5
40ff8537
00000000
404a6030
3f9ff35a
3fd5ef22
40a202fa
40827b2f
00000000
40a4f518
00000000
00000000
410b25dd
407c2d57
00000000
3fa02dc6
40cfe698
3f22e3b8
00000000
41024383
00000000
00000000
00000000
3fb4d21d
3f787b5a
00000000
00000000
00000000
40134d4e
411b7e73
40688a53
40840e5e
3f975c68
3f7e984e
3fa8a53d
41191cd6
409e5da7
40839680
3f3ecf76
00000000
40dcfd5f
400a1c34
403f4dda
40925633
00000000
408bdde0
408db923
3fe0a62c
00000000
4100cfef
408c95db
00000000
4096ba1d
00000000
4072a124
3e11de77
3fe0ebed
00000000
40297f25
409a9d20
41196af9
00000000
3f34d0d2
40ee126c
40b1265e
00000000
3f698994
408d119c
409cbe76
00000000
41609026
40bc6af3
40cb077c
00000000
401dcf3c
404da4b0
4014ceae
40c80ba3
3fd91001
00000000
00000000
00000000
404fbd46
403d02c7
409e224c
3f6a302a
00000000
00000000
4013b9af
00000000
40016ef8
00000000
4033f044
40c29a81
400867e8
4083fa1d
40318b66
408f5b46
408bb358
00000000
00000000
3f8051aa
3eb273c1
4116bd96
3e712950
411d10c5
41241e12
40a17d6f
3fb16c43
00000000
40a2cad9
40b5b1bc
3f11c385
40d66355
00000000
00000000
3fb5e262
3fc58440
00000000
4012a030
4022d59c
00000000
00000000
00000000
408cde13
3fcbfa63
3f2e7336
401fda88
4053bf85
3fcf0572
407f8043
40e0466a
40f4275d
40e3d806
407c340d
40b456dd
00000000
3f2e1d12
00000000
00000000
40920302
40c609b8
00000000
3ec99f64
00000000
405b167c
3eff2c78
00000000
00000000
00000000
00000000
3fd670ae
3ef5f60c
00000000
3f929a14
3e7846ac
3f98b5ea
00000000
00000000
4004e4e2
3ff63986
3faed6f3
406b0cca
40657f76
4100afe1
3f57e874
00000000
4055c641
4051bfa8
40f71683
40eaf810
408fd140
40a0ec06
00000000
408f2998
00000000
408883c4
40cb17b7
00000000
00000000
3fc59c94
40ed8c21
00000000
3fa3e184
4010e580
00000000
3f3ea99f
400659b2
00000000
40906f1c
408889b7
00000000
40255fe5
40e6665a
00000000
40a84b4a
40c79c13
4109a452
40609628
3f565edb
00000000
00000000
00000000
40a3c680
40925e28
40dfb1af
3fc8ade9
3f93fa3a
4068dd1c
00000000
40d7b7af
40147ccd
3fbe3c19
403d7510
3ea760f3
4036da97
4041d3d2
4041c6d0
3f8eaab5
40a0d9b9
40c6bd32
4089f1fe
3ffd235b
3fa21fb3
3e8ea526
00000000
4017f937
408602c9
4030bf4d
402051f0
00000000
40801ac0
405d811f
3f0c1f66
00000000
3ed1732e
405884ba
3f40ebfd
4089ca66
408bc9a7
40ad623f
40374332
40657b24
408fc504
00000000
405410e6
3f859d6b
40af601d
40a9fed5
406fa9ae
40840c35
40852fba
00000000
4072c5f5
3f71af57
00000000
3f7e9ce0
407459b4
00000000
00000000
3fd086bd
3eade824
40617a9f
408846b3
40e97504
3f8b82f4
3f0c093b
40240da2
40594eb7
00000000
40ef7140
404f37fb
00000000
40ed0bfc
00000000
4023136d
00000000
3ff12b0d
40e06bf1
40d3f96e
40a6d1bd
3e84eb0a
404bbbce
40146ff4
4134cd7f
4127dc97
3ffcb101
00000000
405e0b6d
409e2aa7
40f07fb5
4045c6c0
00000000
00000000
3fd8dd24
3ff0dc26
4082817f
4019f920
40085d2f
3ffbe42a
00000000
3fdaa3c9
40a02446
413cb28a
3da492bd
3f6bb1fc
00000000
3f32a963
40fc124a
00000000
3fd35aa7
3eb29576
407958da
00000000
409c51e0
41434036
00000000
4064f6cb
3f168657
405c65d8
00000000
40af0e9a
405e5f88
40367ec2
00000000
3f9d1aa0
3ecd20cc
402bc7a1
4107535f
4050fbf6
3d612b88
3f42d493
00000000
3fe2982e
40af42ef
3f2d9873
404ab9a8
40abc8b2
408826e1
4033be2a
3ff45fc3
3f992342
40f00a8b
408b423a
40098deb
3f2eafd3
40e4bbb6
40d37c8b
40a973d4
00000000
00000000
00000000
407396db
405dc517
4030b691
40971b10
00000000
3fb41c98
3f0537c5
3f55cbb8
3fba050f
408cb523
405890a7
3fc8531a
00000000
00000000
4086ab23
40177e3e
4032c82b
3fa0a277
409bd44a
3e99c44f
410e2371
3eca4692
00000000
4040b043
40dbdfd6
4035ce94
3f6a97fe
3fdde77a
3f82d554
3f14e66c
405847fc
406eb24e
00000000
40c50b39
3f128e21
3fc41d72
3fa201d1
00000000
3fab45f3
40c22a7e
40f81031
00000000
3f87a933
00000000
40e00b55
413019b2
4070d1cb
00000000
410785ac
4077d73b
4010c710
3f3080cc
40743f43
40898f50
00000000
408cd068
3fc3b859
3f88d4f7
00000000
409cd69f
403de2e1
00000000
4040fd77
3f6b2ace
408fde03
3fa24901
00000000
402e9091
00000000
3fe5cef5
401210ce
3f58217e
3fac800e
40641975
40861e7d
3fbfc575
40a18e6a
410cf6d6
40ecd41c
40a9f7b2
3fb6b953
40b7ec27
4055a6f9
00000000
4028abfa
00000000
4087f9b7
3fcb3580
3fce6cb7
00000000
3e854a92
406727c8
4017d508
40cd570a
404dd187
3f9b797e
4096b863
40b9d7d3
4026f2ca
00000000
3fe400d2
3f8f6453
00000000
3ffe2dc8
40afa25a
3fdc05c8
3f1d34e7
3eb40d82
40131da1
40eeeb7c
400c9880
00000000
40aaebf5
403b96b5
40b9b7f2
40500c7d
4081c237
3e9f14ce
00000000
40f07457
3f61090b
3f2a37c4
408004f0
3fc2c943
40522754
00000000
3e2f9d92
3fa96c98
401b52f5
40e51219
3f380ade
00000000
40ae4179
00000000
3ee8e25c
00000000
00000000
40d0ab94
3ff6ea02
00000000
4011084e
40dcf4e6
404399f9
40354c47
40976003
00000000
00000000
402d64ca
406942ec
00000000
410d9042
40976fe0
4082f07a
3fc7eb6d
40434b15
4095867e
405b1c24
40e6d6f6
402e7c13
410a552e
00000000
00000000
40106d92
3f91ae8e
00000000
41094080
401c7ca9
3fb4fa37
00000000
00000000
3f01f18c
4083d46b
00000000
3f23bb48
406e2c22
00000000
4080f542
3f7b58d9
00000000
40774789
40edce3b
00000000
403a9a80
3ffdf54c
00000000
00000000
40945fb2
407faa8b
3f9ce8d4
40a409de
4010060e
3f8021e4
00000000
401d824b
40d428ce
4056f0f1
402997d3
3eebb8a0
00000000
40d84f0b
410625ab
3f627bbb
4080605a
3ff2d693
40bbcf57
41036a78
401b3d0a
406f1aac
00000000
00000000
00000000
40cf6cea
40c35834
4081cdb5
410095cb
40fb9679
40edf7d8
3f76fdf2
3f32f703
00000000
3de2fb50
3edfd29d
3f72e3a9
00000000
00000000
00000000
00000000
410bd863
3e43ae0a
00000000
3f6f88c1
3ecf9529
409d5169
40dabe83
00000000
411901de
00000000
00000000
3fa8b8ba
4058502f
00000000
3fe50f94
00000000
404b6b02
41092e8b
3f834687
00000000
4016489c
40457eff
3fa71de6
40c0f11a
00000000
00000000
40f6d511
40a7482a
3f826457
4026ab3f
3f849142
402d5519
409864d6
00000000
3f8dba68
40e4e65f
407921b2
4071ae56
00000000
3fbfd002
40ec3201
400f6c57
40e09851
406d775d
00000000
408d2abd
00000000
00000000
3e5c7fe8
00000000
00000000
40f98dfb
40ea6284
406d617c
00000000
00000000
40cb0829
40975419
3fed356d
40c932d7
3f3bab88
00000000
3f5492ed
3fde6cad
411b8ccd
3fb46957
00000000
00000000
00000000
41152e5f
410975db
00000000
00000000
405ce1ed
00000000
3f1b14f9
40b036fd
40b1786f
00000000
3f3c6293
40d15acf
40bef869
3fe24ff0
00000000
00000000
41178077
3ff27812
40a4dd7b
40f585ca
00000000
00000000
40a9d563
403a0d78
00000000
00000000
3e73b201
00000000
00000000
40a4ad83
40c30193
411bd26e
00000000
00000000
3fd84205
00000000
40101747
407e5dca
3fdefa1e
3febc8ce
00000000
3f65c268
3d8a2b5a
3f565a87
406c88a0
40ce871c
4016a375
00000000
4057fcbb
3f099abd
3fc619c9
411d5408
41033fc4
403a27cd
00000000
00000000
3fd3a3e1
40b7a8dd
3f9d397c
3cbc85b8
40414b2a
40506e40
3fc2b640
00000000
412eb657
3ff21891
40731e56
3ef2c9ee
00000000
40279788
40b76ab2
40b2e87a
40a69362
40829303
00000000
3efe808a
40a1e207
00000000
00000000
40df6f3e
40b2fd1b
404e8dbc
00000000
00000000
40e0ea2d
40816585
40b2ff99
4105c211
4051be8e
00000000
00000000
00000000
409ce35d
00000000
3fac8c26
40b61316
3fb80ae2
40584a77
4101e61a
3e2d96d1
00000000
40544497
40ab2386
00000000
00000000
00000000
40848b80
40a3fdd8
407b628d
40fd5b87
408caaf6
00000000
403a9b12
00000000
40f24aea
40f030b2
3f88f2a0
4084bf5b
3fb5a49e
409b6758
40abaec8
40fcb550
3f5ace0a
401d9708
00000000
40b33496
40b6e21b
40512261
40beadd7
3f938e8b
4010583f
00000000
3eecc1a8
402b758d
3e069e0a
3e138cad
410e90f1
00000000
00000000
4136c081
409e390b
40072dc6
4025a3ba
3fee5d68
4062ca5b
00000000
4059bd12
3e80319a
410d0e7b
41187d6d
3f4f681e
4043550d
3fad1315
00000000
3fe525b6
40943650
40b5a998
00000000
00000000
00000000
409d7b8a
40a67935
00000000
40093dc0
00000000
40186145
410f9fb5
40342a35
00000000
00000000
4031f13e
40e4d7c7
4101cea7
40c57f3e
4091308d
3fc96eb5
40adce22
408ef802
3fc2acc0
400f7aeb
3f9bed16
00000000
3f8948f0
401657ef
40180196
40710e06
3ed51f18
00000000
410f5f67
4076a5df
401e0d79
4073227b
3fcb21eb
403437b1
408fde5e
4052d416
408327c3
3fd38640
3caff4a0
402d6249
409570cf
401913f8
408903a5
411e1368
403d82e1
40120132
3f77eba3
402ae7c8
40015cf1
00000000
00000000
00000000
00000000
3ee28858
00000000
00000000
3e4f52d4
3db0dff8
00000000
3f2863c6
3e87fcc4
00000000
00000000
3eec13dc
4028bcb9
3feb3a7c
00000000
00000000
3f80d66d
00000000
00000000
00000000
3ef9e15c
00000000
00000000
00000000
00000000
3ff94d44
3eeceba4
3f470b7e
3ddf89c8
40096b0c
00000000
40fe8aca
40e47614
4031f0a3
4083ab4e
3edbf374
3f87e812
401e3f2b
3ffcaaee
40dd19d2
402e03f3
3e310478
40b8b32e
40184d4a
408f1392
40705a39
3fa6e755
00000000
3f8dbbe6
40568b0b
405aedd9
3e9bbc68
3f53d7f6
401992f1
408190d0
3f6c8a02
3d856228
40bf4762
40a37aaa
405aa6d3
3f3dd816
410bdb55
40f0104c
40e8f53a
40588600
3ffeef34
40f8cb8a
40baf110
40ae58bc
3f93c09a
40bcf9cc
410e6634
411863ce
41418af0
40bd611c
40a643a8
40b797e8
40d4f3fa
40547865
409d34e2
40adc4a6
4067ecb5
40427685
40468af5
40828c52
40b4c2e6
40c5f228
40192864
400a4452
40e366b4
40fc5838
40a8e774
405e9a1f
40e513f8
4114490d
40ef47be
400b1013
40ac68a0
410224fb
40e26c20
40203250
00000000
40be1d82
3f972926
4096915a
406d2ca9
40996ad4
3fec5436
4062d06b
405f0aa3
40c05430
4017e041
405fa479
40f0eb8e
40c095ba
40ddb272
40e46cd6
412423df
40ce7e8a
3e3dbc7c
404c4bdb
40df7c1e
40e08e5c
40d2be72
40295956
40824cf6
40f96314
41136ea1
408fa8fa
41127220
40bfc9ac
40da814c
4040d6c5
4066355b
408a4600
4016fb85
40e3f32e
40cadb50
40aa4070
40361b06
408542f6
40c96f12
4077d2a5
4011cd7a
00000000
3fa5b381
4071ca9f
409b5c78
4078c0bf
40df1364
40deeea0
412f6962
40a706fc
40957c66
4041daa9
400bd4b7
403ecf49
408458d2
40965342
4103f650
406421ad
40ced04c
40cd8ce2
40a6cd34
410165d4
4189a38a
40ca6b58
4079a1c5
40d082e8
40845024
40f27a18
4111f6f0
40234e0d
4082749a
40806130
40c3eede
40e85f3e
40a307ae
404709d6
40a52630
40f748fe
40863818
3fb84af0
40f5cfe0
40273033
40a41bb6
00000000
40047ed1
407a1d8b
4002fb96
40811d3a
41097f79
40b3dae4
40cb222e
41031033
407c1571
41032e74
411249b0
40e0094a
412917df
414c687b
41029a0c
404e5460
40b2bd16
40bd0684
40938b0c
4083534e
40c2ea4a
40ad52de
3fc9ab88
40e18f72
4032e23b
40e633fa
40a422e2
40bc1a9e
4078f56d
40d3f4be
3fdd1da8
406b2121
4098451e
403a8cfa
3fbb221c
40f974c2
40e26978
40a91dc4
40a5171e
408d030e
402b6f35
40bac146
410ca70a
3ffeaad4
4097d724
41264efe
410371bf
40f3a6f8
4097ba70
40ca9d60
40bfce60
40b5969c
409926ce
407db113
409fce0e
40a83564
40c7245e
4046532c
407986a3
40a2db3e
408eb8c8
4076c537
4088a0e8
403e75a9
40288e81
00000000
00000000
408f5be2
40c79f52
4101be7c
40d1a576
40a46392
3fb68ef8
3fb12c18
40a36728
40e3f77a
40257022
3e9f8c16
4111d149
40ee972e
40f630ce
40df0a64
410278c0
40f8a9e0
40f913c6
4029cc93
40b80676
40347c0a
40ed44c2
3fb8edee
40c46b76
404cb36f
40424bf5
4101c64a
410b5e9d
40c8309a
408ac052
40890b76
3e6f6440
406b1695
40a84626
406f3789
40deb5c0
40b3d9e8
40b4322a
40a98ec4
40e2e45a
40fdecca
409700da
4013f941
411ced57
41246e37
41152014
40f5abb4
40ac2ba8
40b711a8
4074290b
3ffa6ada
40681d93
409b4ac6
40cb0e0a
401b81ce
40965b48
409880e2
40c393be
3fc5087e
3faf625d
40c21894
3f528ade
3f4bc458
3f9e87e9
3fe92ef6
40622507
40ce8852
4120e61b
40900f40
40be6120
3fee50a0
40f2ab0c
40fac4ac
41191705
407eabeb
40a3226c
40c61afc
408be9b2
40c03042
411ef695
41078ec3
41010e96
4090f8d8
3f2129c8
40fad58a
407c4261
4109b367
4011aba0
00000000
3f578630
3ffb0800
407c0fc3
4040729d
3ff026c6
406894ab
00000000
00000000
404b1072
403e5f2b
402a65ba
41017194
400b7e02
3f44ea0c
410decc8
413c915b
41226e85
4104f620
40bec75c
3fa6e157
00000000
00000000
40d7b8b8
410078e3
4107952d
4055dbd1
40808d54
401582d6
408e5938
40b60ca4
3fa7c8dc
40c3ff60
40ab50d0
40e3f44a
41228eb4
40d01498
3f59e1ec
00000000
3fb4fdb8
4025f826
4082a384
4053cd8f
00000000
40b3f256
4087bc3e
3fecc6ac
4034e7d6
40eccbd0
40ff4450
41050568
3ecb1800
400c4946
40bc30dc
3f6dff7c
40934da6
40cd1606
401c08d0
408096c4
40b6eed6
40bb679a
4033f6b5
40d66500
410d3d32
00000000
40b82bb2
41117c92
411b688b
40862d4e
40156d2f
40ad5642
40c95b52
40d74616
40cc252e
4003283c
40388e46
40f71a7e
408af3d8
406b538b
4003cd62
3f9e0764
00000000
40ca7ee6
402521c0
411a909c
3fb3a635
3f0790ea
400d0dfd
40806af4
4082209c
40af28da
40c4eb20
3f8ab1ea
3fe7ff2e
40adf52a
400297bc
4007f308
40ea70f4
40cb15b4
41020615
40e33c30
40f6a806
3f9e73d1
4129fc5d
41148a79
3faa313f
411bda3f
412a752f
40950976
40dad02e
40219e6a
40b62d96
405f2995
40300253
4091504c
408e6c58
4113c28e
411b42a1
40482289
3f87fa9c
401f94b2
4081ae84
40c25b0e
41194a0b
40793da5
4118909e
40e95b52
00000000
400f4a9a
4021c09c
40d93dee
409fb8b0
40a1fd98
408d9cb8
404986a7
4107ef3b
40de5b9e
41115f60
4066a289
40d2c66a
40905284
40ee39a8
40c1d6e0
40fbeb68
40c128a4
409b5502
401d559c
4001055f
40cf430e
40fd2434
40b32d80
40dd82fc
40058156
40364780
40b98066
40ebfbe0
4127df87
415046b1
3fca7a18
3fd4dc9e
40be7b4a
40dd4c56
408f6738
40c4e460
41122380
40e69bca
4092ff8e
40d67320
4111e777
40f2c230
408f99e4
40887470
40885df2
40f751ee
3ff9b190
40888b94
40d38710
40b2eeca
00000000
404d8b72
41020190
41010b9d
40539d01
40d83bf4
40d0da4c
403f669e
401cd7b0
4043b7ca
410ee0df
41077423
406a2659
40568fd1
4124ae84
411b9ad5
40855dc6
4082d4be
4091ea7e
41317540
40992f0e
4017814b
40a157ce
40bd55c8
00000000
00000000
40fe56de
40c24fc2
40386ea1
40b86026
40ba6586
402b919f
40bac0fc
407b3889
4022bf42
407d1b81
408f9bb0
40804f82
40b2e472
40802b38
40e3adf6
40ab5262
41273c16
41331eae
40c82e14
3fcb35b8
4048acba
406f33d7
40960bb6
40773c77
408e0e5e
40ec427a
40edd8d4
401557a4
404302f6
403ca62a
3f1118b2
40850e0c
410b9a5e
413ba828
404b2278
40952690
402052d1
4096bc2c
3f94c284
40126210
40fe1080
40a74fac
402259ef
408e2446
40d34926
40d5b172
40bf5ae8
4072d72b
41211feb
40f8ca94
40e81876
40d51e58
40d20d34
4010fa75
401d3559
40913012
405b7da1
4095ff96
4109e452
4014b25d
409b5f6a
3fd033ba
404549c6
40c139d8
413b2363
40f381ea
40ed2daa
40b1ca92
00000000
00000000
404dca93
405be051
41293870
41254dae
40b17730
4058a967
402513ee
40d2ba18
40605b61
40f29014
4110e93d
4102f388
40dba994
3ff9ec46
40913faa
4082253c
409e443e
413db316
3f9210be
400c26a6
3e7eab48
40ab2b22
40dfa214
40ae1762
4095d2ee
3fa850a9
40e80d40
4083a7ce
40bda3ee
3fecaf12
3f9f325e
40bcdaec
40ecc490
407c4de5
40abd036
3fffa99c
4031bb7a
40d5c644
40bc9f86
411875e6
41010783
40e1b396
40b2954c
40390d08
4095bdfc
406e01bd
408ed2a8
4012da99
40da912a
41127263
40cad060
408a45b6
3e7340a8
40dc7cc4
40d25484
40fbb16c
4083266c
408b5396
4041e226
40ebee0e
4091b0b4
3e8d0fbc
4053b4d5
40a2cb98
40b1cd76
4108599a
404e7783
407986a1
3dd632b8
00000000
407e86a3
40913bc0
40a29934
40b886f4
40522dd8
40a07214
00000000
4084202e
40ae6244
3f359000
40de215a
40886f66
40af43fc
408516b2
3fbc1720
40878ade
40a26218
40b414b2
409d9848
405ed555
40d96b9e
412a3aab
40a1c85e
40962f3e
4049cc62
40af1c5e
40e38f76
405eb4cb
4097185a
40ed0bd2
408da38a
408e88a0
3fbde2da
00000000
40d5dd76
40e5da90
4038796e
40962e3e
4039a428
40b4356e
408238d6
3fc47c02
4117dc5a
4142a865
4108db12
4063d53b
40aa43f0
405e5325
407187a9
3fff6af4
40960da6
3fe1d5b4
4085ca2c
40506897
40afbd3a
40948d30
404eb118
4010bc5f
407ddb55
4098b966
4104e30a
40ed227a
40820d96
40f4483a
40a49b02
40d3fc02
40a22b8c
40e419ee
40e16442
40e21b28
40acd6a0
40cea492
409635cc
3f3692c4
40cf4d46
41131944
411f2c14
40874e2e
3fc585a2
40b932d6
40af2588
40690c93
407cf4f5
40ed1660
407578f1
3fd46b42
40155822
3ffc7606
3f63c620
40198ce5
402cdd87
400f6daf
410cc78d
41419c37
40fad940
40721bbf
3ff9c16a
40d82406
40b1b4b8
40f1ac88
4070bae7
3df10eb8
4051da15
40569085
4068196f
40900784
4092930c
40a647bc
40fb1190
40e032d2
3f7a6d7e
409d69f2
408b9ed0
40b17e10
411657a3
4125dc93
40acb66e
40b22b1c
40f24a54
40be220a
40d064ca
40d4cda0
3f570aba
40274cf8
3fe6afe2
40a6368a
40df3a40
40b1a922
406fb19f
400cdd29
40ac00ea
4028b920
00000000
408d9c8a
40abc43c
409df722
40b48e84
409f0b8a
3f613322
40a1c074
409d2158
4075c98d
40576da0
409ea9de
40d57b54
4092acd4
409127ec
41008015
40586f3b
3f3c8bc0
40a50026
40410737
40bc4fdc
408a8aa0
3f9edfda
3fd594a4
40e72864
40e4149e
4096505a
3fd99e0c
409fa1fa
40b230a6
41070d64
4003102e
405209f5
40914282
408ce292
402c6144
40577a15
40900aea
40e314ee
408e94be
40d67ab2
40aa414e
40493e9d
40ca70c4
40dbcae0
40d1c88c
40ada742
4019a50d
40861696
40a3892e
4037a0d2
41111057
411ecb49
40a6e2dc
400a16ad
4093a3ac
40cedae2
40e589f2
4115113d
40a6fc82
4044293e
40f2a9ec
40161b93
00000000
40cc694e
40fedebc
40178ae2
4003f84c
40557beb
40247516
4088bfde
403bf58a
40ec2604
40c3b4a0
40e94800
409d2d10
40478446
40be3c52
40d8efea
40af2530
414b7f98
3eaab726
3eca0526
3fa94551
40af2b1a
3ff692c8
40e4246a
41031748
410e06da
4091726a
3f8730ac
3f97a0eb
407e1c79
40f7a0d0
40e5f744
409a69ba
406156e3
40dc040c
4075e67f
40a52542
40788fdb
406a067b
3f67965a
40e31f3a
40c4b620
40ba5da4
4094b6c8
403476fa
40ab4dc6
40c36a74
409a4fd0
4110eaaf
40d2d996
409b2472
40e68476
40a1cbf2
410224d1
40be0168
3f1a5ef0
406574af
40e48e5e
4089c738
408effac
404a327c
4058bbbb
40d47232
40bcc99c
406f8b51
4078de6f
40133d2a
40aff0c2
403557be
404862b8
405cb3b3
40fa4f88
407b20fb
409ad9a8
40cfaec6
40b458fa
40289a2e
409b8cac
40c45c02
4147dcfb
40c6dbd2
40b3e80a
409f0e68
40854386
40a276b0
40dbf306
40bf9a78
4076f4e1
40855b80
40f8fbf2
40b8ff02
4127b2ad
413169f2
40715199
409d0bea
40b23aec
4046c45a
40c25d9c
409bf856
407d5b1f
40cdf556
40f00d98
40178d3c
413adde0
4108747f
40e19e1a
40a72c72
4098b65a
408cef14
4001b3d4
3fc97ed8
3fe602b2
3edb35f8
3f48f2ce
40251475
402e12a0
406d8149
40b57724
404f830f
40ba1d9c
406e6707
40a7b1a2
40da3fe4
4035d569
3f54b18e
00000000
406ed3d3
406e0d41
3fcd86c6
400fe868
400104ad
4085fa52
40b0e128
40774657
40f2cb56
40bf7440
403efef8
4055c5cb
3ff6a5d2
40654bb7
00000000
00000000
00000000
00000000
00000000
00000000
00000000
00000000
00000000
00000000
00000000
00000000
00000000
00000000
00000000
00000000
00000000
00000000
00000000
00000000
00000000
00000000
00000000
00000000
00000000
00000000
00000000
00000000
00000000
00000000
00000000
00000000
00000000
00000000
00000000
00000000
00000000
00000000
00000000
00000000
00000000
00000000
00000000
00000000
00000000
00000000
00000000
00000000
00000000
00000000
00000000
00000000
00000000
00000000
00000000
00000000
00000000
00000000
00000000
00000000
00000000
00000000
00000000
00000000
00000000
00000000
00000000
00000000
00000000
00000000
00000000
00000000
00000000
00000000
00000000
00000000
00000000
00000000
00000000
00000000
00000000
00000000
00000000
00000000
00000000
00000000
00000000
00000000
00000000
00000000
00000000
00000000
00000000
00000000
00000000
00000000
00000000
00000000
00000000
00000000
00000000
00000000
00000000
00000000
00000000
00000000
00000000
00000000
00000000
00000000
00000000
00000000
00000000
00000000
00000000
00000000
00000000
00000000
00000000
00000000
00000000
00000000
00000000
00000000
00000000
00000000
00000000
00000000
00000000
00000000
00000000
00000000
00000000
00000000
00000000
00000000
00000000
00000000
00000000
00000000
00000000
00000000
00000000
00000000
00000000
00000000
00000000
00000000
00000000
00000000
00000000
00000000
00000000
00000000
00000000
00000000
00000000
00000000
00000000
00000000
00000000
00000000
00000000
00000000
00000000
00000000
00000000
00000000
00000000
00000000
00000000
00000000
00000000
00000000
00000000
00000000
00000000
00000000
00000000
00000000
00000000
00000000
00000000
00000000
00000000
00000000
00000000
00000000
00000000
00000000
00000000
00000000
00000000
00000000
00000000
00000000
00000000
00000000
00000000
00000000
00000000
00000000
00000000
00000000
00000000
00000000
00000000
00000000
00000000
00000000
00000000
00000000
00000000
00000000
00000000
00000000
00000000
00000000
00000000
00000000
00000000
00000000
00000000
00000000
00000000
00000000
00000000
00000000
00000000
00000000
00000000
00000000
00000000
00000000
00000000
00000000
00000000
00000000
00000000
00000000
00000000
00000000
00000000
00000000
00000000
00000000
00000000
00000000
00000000
00000000
00000000
00000000
00000000
00000000
00000000
00000000
00000000
00000000
00000000
00000000
00000000
00000000
00000000
00000000
00000000
00000000
00000000
00000000
00000000
00000000
00000000
00000000
00000000
00000000
00000000
00000000
00000000
00000000
00000000
00000000
00000000
00000000
00000000
00000000
00000000
00000000
00000000
00000000
00000000
00000000
00000000
00000000
00000000
00000000
00000000
00000000
00000000
00000000
00000000
00000000
00000000
00000000
00000000
00000000
00000000
00000000
00000000
00000000
00000000
00000000
00000000
00000000
00000000
00000000
00000000
00000000
00000000
00000000
00000000
00000000
00000000
00000000
00000000
00000000
00000000
00000000
00000000
00000000
00000000
00000000
00000000
00000000
00000000
00000000
00000000
00000000
00000000
00000000
00000000
00000000
00000000
00000000
00000000
00000000
00000000
00000000
00000000
00000000
00000000
00000000
00000000
00000000
00000000
00000000
00000000
00000000
00000000
00000000
00000000
00000000
00000000
00000000
00000000
00000000
00000000
00000000
00000000
00000000
00000000
00000000
00000000
00000000
00000000
00000000
00000000
00000000
00000000
00000000
00000000
00000000
00000000
00000000
00000000
00000000
00000000
00000000
00000000
00000000
00000000
00000000
00000000
00000000
00000000
00000000
00000000
00000000
00000000
00000000
00000000
00000000
00000000
00000000
00000000
00000000
00000000
00000000
00000000
00000000
00000000
00000000
00000000
00000000
00000000
00000000
00000000
00000000
00000000
00000000
00000000
00000000
00000000
00000000
00000000
00000000
00000000
00000000
00000000
00000000
00000000
00000000
00000000
00000000
00000000
00000000
00000000
00000000
00000000
00000000
00000000
00000000
00000000
00000000
00000000
00000000
00000000
00000000
00000000
00000000
00000000
00000000
00000000
00000000
00000000
00000000
00000000
00000000
00000000
00000000
00000000
00000000
00000000
00000000
00000000
00000000
00000000
00000000
00000000
00000000
00000000
00000000
00000000
00000000
00000000
00000000
00000000
00000000
00000000
00000000
00000000
00000000
00000000
00000000
00000000
00000000
00000000
00000000
00000000
00000000
00000000
00000000
00000000
00000000
00000000
00000000
00000000
00000000
00000000
00000000
00000000
00000000
00000000
00000000
00000000
00000000
00000000
00000000
00000000
00000000
00000000
00000000
00000000
00000000
00000000
00000000
00000000
00000000
00000000
00000000
00000000
00000000
00000000
00000000
00000000
00000000
00000000
00000000
00000000
00000000
00000000
00000000
00000000
00000000
00000000
00000000
00000000
00000000
00000000
00000000
00000000
00000000
00000000
00000000
00000000
00000000
00000000
00000000
00000000
00000000
00000000
00000000
00000000
00000000
00000000
00000000
00000000
00000000
00000000
00000000
00000000
00000000
00000000
00000000
00000000
00000000
00000000
00000000
00000000
00000000
00000000
00000000
00000000
00000000
00000000
00000000
00000000
00000000
00000000
00000000
00000000
00000000
00000000
00000000
00000000
00000000
00000000
00000000
00000000
00000000
00000000
00000000
00000000
00000000
00000000
00000000
00000000
00000000
00000000
00000000
00000000
00000000
00000000
00000000
00000000
00000000
00000000
00000000
00000000
00000000
00000000
00000000
00000000
00000000
00000000
00000000
00000000
00000000
00000000
00000000
00000000
00000000
00000000
00000000
00000000
00000000
00000000
00000000
00000000
00000000
00000000
00000000
00000000
00000000
00000000
00000000
00000000
00000000
00000000
00000000
00000000
00000000
00000000
00000000
00000000
00000000
00000000
00000000
00000000
00000000
00000000
00000000
00000000
00000000
00000000
00000000
00000000
00000000
00000000
00000000
00000000
00000000
00000000
00000000
00000000
00000000
00000000
00000000
00000000
00000000
00000000
00000000
00000000
00000000
00000000
00000000
00000000
00000000
00000000
00000000
00000000
00000000
00000000
00000000
00000000
00000000
00000000
00000000
00000000
00000000
00000000
00000000
00000000
00000000
00000000
00000000
00000000
00000000
00000000
00000000
00000000
00000000
00000000
00000000
00000000
00000000
00000000
00000000
00000000
00000000
00000000
00000000
00000000
00000000
00000000
00000000
00000000
00000000
00000000
00000000
00000000
00000000
00000000
00000000
00000000
00000000
00000000
00000000
00000000
00000000
00000000
00000000
00000000
00000000
00000000
00000000
00000000
00000000
00000000
00000000
00000000
00000000
00000000
00000000
00000000
00000000
00000000
00000000
00000000
00000000
00000000
00000000
00000000
00000000
00000000
00000000
00000000
00000000
00000000
00000000
00000000
00000000
00000000
00000000
00000000
00000000
00000000
00000000
00000000
00000000
00000000
00000000
00000000
00000000
00000000
00000000
00000000
00000000
00000000
00000000
00000000
00000000
00000000
00000000
00000000
00000000
00000000
00000000
00000000
00000000
00000000
00000000
00000000
00000000
00000000
00000000
00000000
00000000
00000000
00000000
00000000
00000000
00000000
00000000
00000000
00000000
00000000
00000000
00000000
00000000
00000000
00000000
00000000
00000000
00000000
00000000
00000000
00000000
00000000
00000000
00000000
00000000
00000000
00000000
00000000
00000000
00000000
00000000
00000000
00000000
00000000
00000000
00000000
00000000
00000000
00000000
00000000
00000000
00000000
00000000
00000000
00000000
00000000
00000000
00000000
00000000
00000000
00000000
00000000
00000000
00000000
00000000
00000000
00000000
00000000
00000000
00000000
00000000
00000000
00000000
00000000
00000000
00000000
00000000
00000000
00000000
00000000
00000000
00000000
00000000
00000000
00000000
00000000
00000000
00000000
00000000
00000000
00000000
00000000
00000000
00000000
00000000
00000000
00000000
00000000
00000000
00000000
00000000
00000000
00000000
00000000
00000000
00000000
00000000
00000000
00000000
00000000
00000000
00000000
00000000
00000000
00000000
00000000
00000000
00000000
00000000
00000000
00000000
00000000
00000000
00000000
00000000
00000000
00000000
00000000
00000000
00000000
00000000
00000000
00000000
00000000
00000000
00000000
00000000
00000000
00000000
00000000
00000000
00000000
00000000
00000000
00000000
00000000
00000000
00000000
00000000
00000000
00000000
00000000
00000000
00000000
00000000
00000000
00000000
00000000
00000000
00000000
00000000
00000000
00000000
00000000
00000000
00000000
00000000
00000000
00000000
00000000
00000000
00000000
00000000
00000000
00000000
00000000
00000000
00000000
00000000
00000000
00000000
00000000
00000000
00000000
00000000
00000000
00000000
00000000
00000000
00000000
00000000
00000000
00000000
00000000
00000000
00000000
00000000
00000000
00000000
00000000
00000000
00000000
00000000
00000000
00000000
00000000
00000000
00000000
00000000
00000000
00000000
00000000
00000000
00000000
00000000
00000000
00000000
00000000
00000000
00000000
00000000
00000000
00000000
00000000
00000000
00000000
00000000
00000000
00000000
00000000
00000000
00000000
00000000
00000000
00000000
00000000
00000000
00000000
00000000
00000000
3f4e91e6
00000000
3f41dc6f
00000000
00000000
3ffe4223
00000000
3faa8f1a
00000000
3fece603
402900d0
3ef23cd4
00000000
00000000
00000000
3f29212d
00000000
00000000
40597cbf
00000000
00000000
00000000
3f9a8655
00000000
00000000
00000000
3fb688b5
00000000
00000000
00000000
406c74d4
00000000
00000000
00000000
414df6fa
41106943
4005f2a6
40532653
00000000
00000000
00000000
00000000
00000000
402be8e1
40660839
3fc2c5cd
00000000
405d3718
4102b722
4081f2a4
40410298
3eb23c40
3f24e5ab
00000000
00000000
408e9af8
40ca963f
402cb002
00000000
3f62b8b0
4153fb7c
40ddbd9d
40686d06
00000000
00000000
3fa89f8b
00000000
00000000
00000000
410e7e39
00000000
00000000
401ef741
00000000
00000000
00000000
00000000
00000000
00000000
00000000
00000000
00000000
3d2ad60c
00000000
3fc2ce36
4087be84
00000000
00000000
405c2268
404f91ec
405dc6fb
00000000
00000000
00000000
00000000
00000000
00000000
00000000
3f54498a
3fa6055a
00000000
00000000
00000000
00000000
406c684d
00000000
00000000
00000000
00000000
00000000
00000000
00000000
00000000
4029e62b
00000000
00000000
00000000
00000000
00000000
00000000
4097f266
00000000
00000000
00000000
00000000
00000000
40823d95
00000000
00000000
40443b7c
400ed0d3
00000000
00000000
4047f029
3f00305c
3fe17abe
40e8124f
40ef85de
00000000
403d30f8
3f80a629
403738b8
00000000
4025fda8
00000000
00000000
4085c0d1
4028fdf0
00000000
00000000
00000000
00000000
00000000
3fe15293
00000000
00000000
00000000
00000000
4087023a
00000000
00000000
00000000
00000000
40a1341e
00000000
00000000
40908283
408a4bdd
00000000
00000000
401915ff
402278e3
00000000
40f74549
40ef4209
3fab7da1
00000000
00000000
00000000
00000000
00000000
00000000
40b9a708
3f04b76a
00000000
00000000
4093899e
00000000
40191371
00000000
410e7922
00000000
00000000
4078107c
4015711e
00000000
3fb4e7b1
00000000
00000000
00000000
00000000
00000000
00000000
3f726896
3da77ed5
00000000
3f075cf5
00000000
00000000
00000000
3f5d665b
408cf9a3
00000000
00000000
00000000
00000000
00000000
00000000
400467ba
40b64151
00000000
3e396fb2
00000000
00000000
00000000
00000000
00000000
00000000
3ebe284d
3fac6dc9
3fd78856
00000000
00000000
00000000
00000000
00000000
3fc1d50f
40a5716b
00000000
402d84dc
4083692b
00000000
00000000
00000000
4042595c
41262d8c
00000000
00000000
40e7d3bf
402b350d
400feda8
3f8eb850
00000000
3fdfdd0c
4096cc65
00000000
00000000
00000000
00000000
00000000
3fb72705
40624227
00000000
00000000
4026a31b
4142ba56
40924944
00000000
00000000
3e962ac9
00000000
00000000
00000000
411195d7
00000000
00000000
3f441e5f
403b38ef
3dec4ac7
00000000
00000000
00000000
00000000
00000000
00000000
3f2060ef
4109dcd8
00000000
00000000
00000000
3ec8c5d6
00000000
00000000
00000000
00000000
00000000
00000000
00000000
40a08c59
00000000
00000000
00000000
00000000
402aac1c
400c4f8f
00000000
40820afa
00000000
4105616d
3ffbb97e
3e6820f6
410e38b3
00000000
00000000
00000000
00000000
4095e8d6
00000000
00000000
00000000
00000000
00000000
00000000
40580170
40de296b
00000000
3d6b4010
00000000
00000000
00000000
00000000
00000000
00000000
00000000
00000000
00000000
00000000
00000000
00000000
3f041949
00000000
00000000
00000000
3ef428a4
00000000
00000000
40032d55
410eed9b
3ff0fab8
00000000
40cae2a0
00000000
3fb488c0
40ab9b78
00000000
00000000
40233524
40ae3fa0
00000000
00000000
00000000
00000000
00000000
4058ab9b
00000000
4091ef11
00000000
00000000
00000000
00000000
00000000
40611b2f
00000000
3fdc3337
00000000
00000000
00000000
00000000
00000000
4092c6d8
4061780a
3fde96d7
40dff500
00000000
40319c26
00000000
40e979e2
4063fe3d
3fc757f8
4092f3be
00000000
00000000
00000000
00000000
00000000
40918fee
00000000
40f72b76
407adeff
00000000
00000000
00000000
00000000
00000000
4015665e
00000000
00000000
4057755a
00000000
00000000
3ec733ca
00000000
00000000
3f158e50
409319b4
00000000
40ac4c6f
3f141e61
400d8845
3ffef262
00000000
00000000
00000000
409f3c9e
00000000
00000000
408267df
00000000
00000000
00000000
4019e194
40c5a0f0
3e9cf0df
3eaa1922
00000000
00000000
40042dd1
00000000
3e616eb8
00000000
00000000
4013dcf2
41119048
3ffb11c0
00000000
00000000
3fb61658
00000000
00000000
00000000
00000000
00000000
410e1b87
00000000
00000000
00000000
40b75902
4027a17e
00000000
00000000
40599856
400142b1
3e24b5bc
00000000
4003ee9e
00000000
00000000
00000000
00000000
00000000
00000000
00000000
00000000
400b86cf
00000000
4046d4b7
3ebbc072
00000000
00000000
00000000
00000000
40650cb6
00000000
00000000
00000000
00000000
410096d5
00000000
00000000
00000000
00000000
00000000
00000000
00000000
40421694
411bb972
4030992d
00000000
00000000
00000000
00000000
413e19a7
00000000
00000000
00000000
40c85694
410fd600
00000000
00000000
00000000
410ae57f
00000000
00000000
00000000
00000000
00000000
00000000
3e89c81a
00000000
00000000
00000000
00000000
00000000
00000000
402bd557
00000000
00000000
00000000
40a941a5
00000000
00000000
00000000
00000000
00000000
4014aa1e
00000000
00000000
00000000
00000000
00000000
00000000
40ed651a
410da0f5
00000000
4057da0d
4009cb2b
00000000
00000000
00000000
00000000
00000000
4033a54a
00000000
00000000
00000000
00000000
00000000
00000000
3fbcfdcf
00000000
00000000
00000000
00000000
40924f0d
412c0831
3ff6cf24
00000000
3ed67646
3f131c31
00000000
00000000
00000000
00000000
00000000
40851686
00000000
00000000
40335086
401001bc
00000000
00000000
00000000
00000000
00000000
3fd73237
3ffc6391
40691d3c
00000000
00000000
3fa558ab
40e1dc71
3ed3baca
3f2dc1c1
00000000
00000000
00000000
00000000
00000000
408af23a
4136a3eb
40556214
40ce8065
00000000
00000000
00000000
00000000
3f5cd26c
00000000
407fa898
00000000
00000000
00000000
00000000
00000000
408c1cf7
4133591c
3f455222
00000000
00000000
00000000
00000000
00000000
00000000
3f4b5879
00000000
3ee34fee
00000000
00000000
3f32f04a
00000000
00000000
00000000
00000000
00000000
00000000
00000000
4000401f
410b50ca
409894e0
00000000
00000000
00000000
3ee8511e
00000000
407d6f71
3f30863b
40aaa9e2
00000000
3f069331
40a92132
00000000
00000000
00000000
00000000
00000000
00000000
00000000
00000000
00000000
4025bd53
00000000
00000000
4088c26b
3fb71bf0
00000000
00000000
3fe99511
3f20c82b
00000000
409f529f
403baa5f
00000000
00000000
00000000
00000000
40a229a3
00000000
3f72a61c
00000000
00000000
00000000
00000000
3ec7de58
00000000
40b278f0
402258cf
3f763b15
00000000
406631e3
00000000
00000000
4013a9f0
40302969
3ffc1188
00000000
00000000
00000000
00000000
00000000
408ba467
4107d3ae
40059d37
41030d01
00000000
00000000
00000000
00000000
00000000
40a465ae
4092c7d3
00000000
00000000
3e661344
40e5f80d
00000000
00000000
00000000
00000000
00000000
3f30624c
3f28a770
00000000
00000000
3f0f787c
400200f4
00000000
00000000
00000000
00000000
00000000
40294f29
00000000
00000000
00000000
40699cf0
00000000
4091adea
00000000
00000000
00000000
00000000
00000000
406f8f82
00000000
406ecb11
00000000
00000000
3f0c2519
00000000
00000000
00000000
00000000
00000000
00000000
00000000
40981e5f
3ff76e77
00000000
3f21a6a7
3e959d48
00000000
00000000
00000000
00000000
00000000
4102961a
3fc1ffed
00000000
00000000
00000000
00000000
410b56e8
4123babd
3e475437
00000000
00000000
00000000
40e548ab
4060eee5
00000000
00000000
00000000
4013c586
00000000
00000000
00000000
00000000
402d984d
00000000
00000000
00000000
00000000
00000000
4102e104
00000000
00000000
00000000
4100f323
40b05069
00000000
3fc46f3e
00000000
00000000
00000000
3f0a2fad
4103ae11
40b2eec1
00000000
00000000
00000000
00000000
00000000
00000000
00000000
00000000
00000000
00000000
3da5de1f
3ff0f2a1
40e243b1
00000000
00000000
00000000
00000000
00000000
00000000
40c33649
40eace07
3f5dc998
00000000
409b7c80
00000000
3f78d432
40be1f83
3f96f6c4
00000000
00000000
00000000
00000000
3f39b84b
3ecebc62
00000000
00000000
00000000
00000000
3fc24a3b
3f184e75
00000000
00000000
3f5879f8
409971fe
00000000
00000000
00000000
40df9874
3fb2da48
00000000
00000000
00000000
00000000
3f5d6d15
00000000
40bebf59
00000000
00000000
00000000
3f87f634
00000000
00000000
4115b39a
00000000
00000000
3f0a32bc
40346a76
40429d22
00000000
00000000
00000000
00000000
00000000
3fc402f4
00000000
3f2c1fb0
00000000
00000000
00000000
00000000
00000000
401d589d
3fabbfd3
401ff3cf
00000000
00000000
00000000
00000000
00000000
00000000
3eaadd51
3f8bac0a
00000000
00000000
00000000
40984ea8
40889837
00000000
00000000
00000000
4087c7bb
402074c0
00000000
401f60eb
400b3424
409af873
00000000
00000000
00000000
00000000
3fd62d5b
403954b1
00000000
00000000
40177da4
00000000
00000000
00000000
00000000
41210e85
00000000
00000000
00000000
00000000
40f09fde
40088a82
00000000
00000000
3ff78f5b
3f79bfa4
41035e8a
00000000
00000000
3f93aa1d
00000000
00000000
00000000
00000000
00000000
00000000
4029218d
00000000
00000000
00000000
00000000
401b8324
403e6b1d
40a1e599
40a6541f
00000000
00000000
3fced89f
00000000
4017fdd6
00000000
3dc02550
00000000
00000000
00000000
00000000
3e3a1d7f
00000000
3fd3079c
41164961
3f2ea578
00000000
00000000
00000000
400fbc43
00000000
4027802f
4094b7ea
3f691240
00000000
3fe1eea5
4082782c
00000000
00000000
00000000
00000000
00000000
00000000
00000000
412e237f
00000000
3ff8fad2
40305d4e
404f546c
403b5ae8
00000000
00000000
00000000
00000000
00000000
00000000
00000000
3ff2366d
00000000
00000000
00000000
00000000
00000000
00000000
4029fff8
3f7e4778
404c2168
3cf355b0
00000000
00000000
00000000
00000000
00000000
40720b48
00000000
00000000
00000000
00000000
00000000
3e2829ac
00000000
00000000
00000000
00000000
00000000
00000000
00000000
00000000
00000000
00000000
00000000
00000000
00000000
00000000
00000000
00000000
00000000
00000000
00000000
00000000
00000000
00000000
00000000
00000000
00000000
00000000
00000000
00000000
00000000
00000000
00000000
00000000
00000000
00000000
00000000
00000000
00000000
00000000
00000000
00000000
00000000
00000000
00000000
00000000
00000000
00000000
00000000
00000000
00000000
00000000
00000000
00000000
00000000
00000000
00000000
00000000
00000000
00000000
00000000
00000000
00000000
00000000
00000000
00000000
00000000
00000000
00000000
00000000
00000000
00000000
00000000
00000000
00000000
00000000
00000000
00000000
00000000
00000000
00000000
00000000
00000000
00000000
00000000
00000000
00000000
00000000
00000000
00000000
00000000
00000000
00000000
00000000
00000000
00000000
00000000
00000000
00000000
00000000
00000000
00000000
00000000
00000000
00000000
00000000
00000000
00000000
00000000
00000000
00000000
00000000
00000000
00000000
00000000
00000000
00000000
00000000
00000000
00000000
00000000
00000000
00000000
00000000
00000000
00000000
00000000
00000000
00000000
00000000
00000000
00000000
00000000
00000000
00000000
00000000
00000000
00000000
00000000
00000000
00000000
00000000
00000000
00000000
00000000
00000000
00000000
00000000
00000000
00000000
00000000
00000000
00000000
00000000
00000000
00000000
00000000
00000000
00000000
00000000
00000000
00000000
00000000
00000000
00000000
00000000
00000000
00000000
00000000
00000000
00000000
00000000
00000000
00000000
00000000
00000000
00000000
00000000
00000000
00000000
00000000
00000000
00000000
00000000
00000000
00000000
00000000
00000000
00000000
00000000
00000000
00000000
00000000
00000000
00000000
00000000
00000000
00000000
00000000
00000000
00000000
00000000
00000000
00000000
00000000
00000000
00000000
00000000
00000000
00000000
00000000
00000000
00000000
00000000
00000000
00000000
00000000
00000000
00000000
00000000
00000000
00000000
00000000
00000000
00000000
00000000
00000000
00000000
00000000
00000000
00000000
00000000
00000000
00000000
00000000
00000000
00000000
00000000
00000000
00000000
00000000
00000000
00000000
00000000
00000000
00000000
00000000
00000000
00000000
00000000
00000000
00000000
00000000
00000000
00000000
00000000
00000000
00000000
00000000
00000000
00000000
00000000
00000000
00000000
00000000
00000000
00000000
00000000
00000000
00000000
00000000
00000000
00000000
00000000
00000000
00000000
00000000
00000000
00000000
00000000
00000000
00000000
00000000
00000000
00000000
00000000
00000000
00000000
00000000
00000000
00000000
00000000
00000000
00000000
00000000
00000000
00000000
00000000
00000000
00000000
00000000
00000000
00000000
00000000
00000000
00000000
00000000
00000000
00000000
00000000
00000000
00000000
00000000
00000000
00000000
00000000
00000000
00000000
00000000
00000000
00000000
00000000
00000000
00000000
00000000
00000000
00000000
3f304c04
00000000
00000000
00000000
00000000
00000000
00000000
00000000
00000000
00000000
00000000
00000000
00000000
00000000
00000000
00000000
00000000
00000000
00000000
00000000
00000000
00000000
00000000
00000000
00000000
00000000
00000000
00000000
00000000
00000000
00000000
00000000
00000000
00000000
00000000
00000000
00000000
00000000
00000000
00000000
00000000
00000000
00000000
00000000
00000000
00000000
00000000
00000000
00000000
00000000
00000000
00000000
00000000
00000000
00000000
00000000
00000000
00000000
00000000
00000000
00000000
00000000
00000000
00000000
00000000
00000000
00000000
00000000
00000000
00000000
00000000
00000000
00000000
00000000
00000000
00000000
00000000
00000000
00000000
00000000
00000000
00000000
00000000
00000000
00000000
00000000
00000000
00000000
00000000
00000000
00000000
00000000
00000000
00000000
00000000
00000000
00000000
00000000
00000000
00000000
00000000
00000000
00000000
00000000
00000000
00000000
00000000
00000000
00000000
00000000
00000000
00000000
00000000
00000000
00000000
00000000
00000000
00000000
00000000
00000000
00000000
00000000
00000000
00000000
00000000
00000000
3c467080
00000000
00000000
00000000
00000000
00000000
00000000
00000000
00000000
00000000
00000000
00000000
00000000
00000000
00000000
00000000
00000000
3f6046e6
00000000
00000000
00000000
00000000
00000000
00000000
00000000
00000000
00000000
00000000
00000000
00000000
00000000
00000000
00000000
00000000
00000000
00000000
00000000
00000000
00000000
00000000
00000000
00000000
00000000
00000000
00000000
00000000
00000000
00000000
00000000
00000000
00000000
00000000
00000000
00000000
00000000
00000000
00000000
00000000
00000000
00000000
00000000
00000000
00000000
00000000
00000000
00000000
00000000
00000000
00000000
00000000
00000000
00000000
00000000
00000000
00000000
00000000
00000000
00000000
00000000
00000000
00000000
00000000
00000000
00000000
00000000
00000000
00000000
00000000
00000000
00000000
00000000
00000000
00000000
00000000
00000000
00000000
00000000
00000000
00000000
00000000
00000000
00000000
00000000
00000000
00000000
00000000
00000000
00000000
00000000
00000000
00000000
00000000
00000000
00000000
00000000
00000000
00000000
00000000
00000000
00000000
00000000
00000000
00000000
00000000
00000000
00000000
00000000
00000000
00000000
00000000
00000000
00000000
00000000
00000000
00000000
00000000
00000000
00000000
00000000
00000000
00000000
00000000
00000000
00000000
00000000
00000000
00000000
00000000
00000000
00000000
00000000
00000000
00000000
00000000
00000000
00000000
00000000
00000000
00000000
00000000
00000000
00000000
00000000
00000000
00000000
00000000
00000000
00000000
00000000
00000000
00000000
00000000
00000000
00000000
00000000
00000000
00000000
00000000
00000000
00000000
00000000
00000000
00000000
00000000
00000000
00000000
00000000
00000000
00000000
00000000
00000000
00000000
00000000
00000000
00000000
00000000
00000000
00000000
00000000
00000000
00000000
00000000
00000000
00000000
00000000
00000000
00000000
00000000
00000000
00000000
00000000
00000000
00000000
00000000
00000000
00000000
00000000
00000000
00000000
00000000
00000000
00000000
00000000
00000000
00000000
00000000
00000000
00000000
00000000
00000000
00000000
00000000
00000000
00000000
00000000
00000000
00000000
00000000
00000000
00000000
00000000
00000000
00000000
00000000
00000000
00000000
00000000
00000000
00000000
00000000
00000000
00000000
00000000
00000000
00000000
00000000
00000000
00000000
00000000
00000000
00000000
00000000
00000000
00000000
00000000
00000000
00000000
00000000
00000000
00000000
00000000
00000000
00000000
00000000
00000000
00000000
00000000
00000000
00000000
00000000
00000000
00000000
00000000
00000000
00000000
00000000
00000000
00000000
00000000
00000000
00000000
00000000
00000000
00000000
00000000
00000000
00000000
00000000
00000000
00000000
00000000
00000000
00000000
00000000
00000000
00000000
00000000
00000000
00000000
00000000
00000000
00000000
00000000
00000000
00000000
00000000
00000000
00000000
00000000
00000000
00000000
00000000
00000000
00000000
00000000
00000000
00000000
00000000
00000000
00000000
00000000
00000000
00000000
00000000
00000000
00000000
00000000
00000000
00000000
00000000
00000000
00000000
00000000
00000000
00000000
00000000
00000000
00000000
00000000
00000000
00000000
00000000
00000000
00000000
00000000
00000000
00000000
00000000
00000000
00000000
00000000
00000000
00000000
00000000
00000000
00000000
00000000
00000000
00000000
00000000
00000000
00000000
00000000
00000000
00000000
00000000
00000000
00000000
00000000
00000000
00000000
00000000
00000000
00000000
00000000
00000000
00000000
00000000
00000000
00000000
00000000
00000000
00000000
00000000
00000000
00000000
00000000
00000000
00000000
00000000
00000000
00000000
00000000
00000000
00000000
00000000
00000000
00000000
00000000
00000000
00000000
00000000
00000000
00000000
00000000
00000000
00000000
00000000
00000000
00000000
00000000
00000000
00000000
00000000
00000000
00000000
00000000
00000000
00000000
00000000
3e59685a
00000000
00000000
00000000
00000000
00000000
00000000
00000000
00000000
00000000
00000000
00000000
00000000
00000000
00000000
00000000
00000000
00000000
00000000
00000000
00000000
00000000
00000000
00000000
00000000
00000000
00000000
00000000
00000000
00000000
00000000
00000000
00000000
00000000
00000000
00000000
00000000
00000000
00000000
00000000
00000000
00000000
00000000
00000000
00000000
00000000
00000000
00000000
00000000
00000000
00000000
00000000
00000000
00000000
00000000
00000000
00000000
00000000
00000000
00000000
00000000
00000000
00000000
00000000
00000000
3e2690e4
00000000
00000000
00000000
00000000
00000000
00000000
00000000
00000000
00000000
00000000
00000000
00000000
00000000
00000000
00000000
00000000
00000000
00000000
00000000
00000000
00000000
00000000
00000000
00000000
00000000
00000000
00000000
00000000
00000000
00000000
00000000
00000000
00000000
00000000
00000000
00000000
00000000
00000000
00000000
00000000
00000000
00000000
00000000
00000000
00000000
00000000
00000000
00000000
00000000
00000000
00000000
00000000
00000000
00000000
00000000
00000000
00000000
00000000
00000000
00000000
00000000
00000000
00000000
00000000
3e9e467d
00000000
00000000
00000000
00000000
00000000
00000000
3e864c42
00000000
00000000
40f9855d
3fe161ba
41330db1
40819dbe
3fb714cc
3ffb3037
00000000
414108dd
40e813a5
00000000
40d44c2c
40c52402
3ec47359
3f2533b4
400852f7
41098d2d
412b019a
3f8a55a1
401c545d
4017b69b
40c27191
402c0687
401f194e
40d9450e
40e5aec3
408427dd
40323ff3
40b43b4b
412bf38d
40df1bf1
00000000
00000000
41047900
3fc2e78c
403be441
40928cb0
00000000
406cf47c
00000000
00000000
4098c224
00000000
412bd878
410702e6
3f867cdd
40b2d22d
40f0cd2a
4002c471
3fae40d5
405167f9
00000000
40b864a0
00000000
00000000
3feee305
4091786b
4034ed8e
3f91021b
3fc71cd0
00000000
41017f85
4064f8d1
3fa745f7
00000000
4029b182
40f144a1
4068ab92
407792f0
00000000
40c3a3bb
406afba1
40bc45a3
3fdb7808
40617673
3ead7626
409b7d3c
3ff07b51
40d2e369
3fdc98f7
00000000
00000000
40674a11
00000000
40a65f34
4066c883
3f6f2084
00000000
40b8c6ad
417787b4
3f9c6dc0
00000000
404154ff
00000000
00000000
408ae6a8
00000000
40861605
404e4436
410319da
00000000
405c1f37
400885c5
3faa0755
4033120c
00000000
40ba563b
00000000
4043f77f
400f64b4
00000000
3f052e06
3e0b5ee7
3f4c1e36
3f8ba8f7
40edad77
00000000
3e2c49f4
4116641e
00000000
00000000
40b9f467
40473c14
00000000
402c2d20
40ac4ad8
40d3bd24
4062b6fd
00000000
405c077c
00000000
41157652
409e22c5
00000000
4015c201
3faa96d0
3f835710
40b46460
407358b5
00000000
00000000
00000000
40846c6f
40ad451f
00000000
4052ff0e
4056cd42
404eccc8
40b08a74
4033854b
400de3a8
414ad25c
3e351566
40026312
00000000
40e12e75
00000000
3ff7dc39
4083f078
40c7850a
3fc8fab6
408a48c2
4070a8e1
40c2e8df
00000000
4083ab83
406d2a8d
40a5f243
3f8377f0
418fc535
409c6d3f
40b565ed
4107a0f8
4112d415
00000000
40c20aea
00000000
3eda1cd1
40c4c9f8
3f193156
40b2111d
00000000
402be2f6
00000000
4107c68f
411376f2
40db0caf
3ff78fbf
401b8282
00000000
3f26eb84
00000000
3ebd573a
40b620ff
4070644c
40fef7be
00000000
00000000
406cdab9
00000000
411cfc76
4061d453
00000000
3f35dd7e
40a45909
40b06c81
40d98a52
00000000
4108c9fb
400d0fee
00000000
408fafb0
41019fa2
405fe7a2
405ba149
00000000
4001958f
00000000
40df11e9
3ff51a6b
402a0a0e
40bfe69e
3a9d6c40
4095cf79
00000000
3f2088fa
408e543a
402bb221
40be416c
3fd49019
401b80f0
00000000
00000000
40717ed4
41052090
00000000
00000000
40cd7c42
00000000
00000000
00000000
413cab21
00000000
00000000
00000000
40cf0c1d
4049daea
407776f0
40e76142
3f79b0a6
00000000
3faccd5c
00000000
412630b6
40dd2391
41046e88
3e049cd0
40d5e8f0
4064e38a
40fe76b4
00000000
40f61e01
40649520
4075c372
3fc6ce8f
40691248
4075f3cf
409e1fe8
00000000
4086be10
40d547ac
00000000
40a8829d
00000000
3fd16a01
4061fb53
3de70fb6
40fce570
00000000
00000000
00000000
4060c33e
40739f84
40178dd5
40d53201
00000000
40866ad9
00000000
405bb219
40d5e0aa
408ad880
401cddaa
40d1355b
40d6cf19
408aaf76
3fec6ff2
409afd43
3fed6dbf
40a1552d
408fb557
00000000
00000000
4089c22e
41025e32
412cc029
40d9284a
408cb84b
40b21e1f
406f68d8
00000000
4110ed5a
40246c2d
40dd0081
3e8e9946
3deb7b48
40accc8f
415ba448
00000000
00000000
00000000
00000000
40b3704a
4089fa92
4070aaf4
3f92314f
40335ee4
3fc8ffc7
00000000
40c355c4
4055d23e
40a61441
411421e6
40b4b850
40818b33
00000000
00000000
00000000
406a7c21
00000000
00000000
40767180
00000000
00000000
40ff2d18
3ff9b82f
3f24b98a
4005f3d3
40dc686d
00000000
00000000
3f2315ee
3f8ab867
00000000
40f9518d
00000000
40e76e24
40dc2c5c
00000000
3fa1fb11
4008c4ec
00000000
407f94cc
410bcc11
3fe5a0f0
4060b19d
00000000
400a8c66
3f446a90
00000000
40f77f4d
4103bed5
40b26988
00000000
405721e8
00000000
3fe9660e
40be8060
3f2274de
00000000
40524d49
00000000
416c16b5
41063da8
3eb0cfcc
00000000
40bc8fc8
40c9c904
00000000
00000000
00000000
403b1e7a
40f1e39f
40effe9f
00000000
00000000
40627e61
40d23e0d
410411aa
3ea73afc
4126b9c7
00000000
00000000
409f36f7
3f20a6e6
41232620
40ece1a1
3fe9eed8
00000000
00000000
40fa8d21
3f9eede7
00000000
00000000
00000000
40fc0f79
40b4f1b2
00000000
410fc4f1
4132992f
3f931a2e
408447c1
3fa83e2d
00000000
409db215
40de6b80
400a9639
3ebd161e
00000000
40802e36
00000000
409d9f3a
408a5e23
00000000
00000000
00000000
00000000
4022c88a
40da7bf4
3ffaaed3
3f9aae16
4104cac6
00000000
3fc4e5cd
00000000
40b45f57
00000000
00000000
3f90e5f2
40122b50
4180fece
407feba8
00000000
00000000
40eb7532
407360f6
3c07cbf8
3ff43bbf
3fd65ae8
4056ccd3
00000000
40cffd49
3f20b5da
40c27c3b
3df10dfa
3fbed970
00000000
400d7a38
4081bf4c
40a67943
4091802c
00000000
3e9c0ab2
410d2976
3f833a83
40a7011b
401bad16
00000000
4138f681
4032ad78
3fa02413
00000000
41769085
3eb9f9d2
40e4df11
40b19dcb
00000000
40bbdbba
41135a5e
40c73c85
00000000
40895dc6
4088f2d3
00000000
40ae75c8
40aace57
413af6de
00000000
3e5b68c6
00000000
4080c9a3
402ec47e
4033e72f
40912c36
41648318
00000000
00000000
40a0e7d5
40a07f9f
00000000
00000000
3f8e5376
40fe60de
3ff88e05
3f9500b6
00000000
40505896
3ec27463
00000000
401bad70
40f3476a
40a4355b
00000000
4043c8ee
40722420
40bc454f
3f7ad37a
403c65ab
00000000
40164cc8
405630b9
405aef53
3f48d3e0
412bdd24
4084a543
40aa09dd
4098780c
408a2115
00000000
411b660f
00000000
40f3dc77
40822afc
40b3aa23
406905c3
40a3146a
3f424d3a
40baa387
00000000
00000000
40e02b87
408d2e2d
412bd326
00000000
00000000
3f714fca
00000000
40a97526
3fd889a5
410ff143
00000000
00000000
00000000
3ff969a5
4113b06b
00000000
00000000
00000000
40294a48
400ea28b
3fdad69a
00000000
3f97b062
00000000
40b043cb
41032565
40a1d47f
3e684cc6
406d61e8
40a337fa
00000000
3fd47291
00000000
405da3f4
411ef00c
41060c92
408f0b33
40c04462
00000000
4058d974
401308ee
40dea8a3
417af4c7
00000000
00000000
3fd5e559
40ecc76d
4003f13a
00000000
40adb499
411023ff
40703337
3f57fb98
00000000
4028fcd1
00000000
4114175e
00000000
00000000
00000000
40ca6235
40bbe3f8
402aca4b
4048a23c
00000000
3fa3f26b
405ea8e5
00000000
3fe8c8ed
00000000
40a5c684
40943632
40060aa2
407e7494
00000000
40b028ad
400ffe37
40bcf2ed
41039abf
40758264
00000000
40222410
00000000
00000000
405fec9b
40b2ed63
40024e93
00000000
40cf6847
40cd9d6d
00000000
00000000
415402f9
40cd49f1
408130ce
40ee1d81
40272b97
3fa4a881
4017a01a
40eb5cf7
40025447
00000000
40cc1825
3f8ec30b
40f09f7c
00000000
00000000
4010ca66
00000000
00000000
40856ac1
00000000
00000000
40894c20
3ff00852
00000000
4046038e
404f311c
00000000
411b5b65
401f00a5
00000000
40f85985
00000000
4048b90e
00000000
00000000
402a33cc
40d25b3b
00000000
3f9e37eb
40feff5c
00000000
4092600c
407e12cc
40b063ba
00000000
00000000
40b3495a
41043e05
40088104
408ba3f2
00000000
4103bc38
4062e7ce
00000000
4048990d
3e4fabc4
406271e8
41657786
00000000
00000000
413fe50a
3fef1c0a
4059eb8e
00000000
408544a4
00000000
4050b497
40b307f3
00000000
3ebfcf31
40f13c60
3f905309
40a9ff6b
00000000
00000000
3f629b7a
00000000
4094a50d
3f6a88b2
4036b2e7
403689a4
40a45396
00000000
00000000
40857cd8
406a16eb
3fa06c9f
4079b686
4111874a
40ecc547
00000000
00000000
3fb5cafa
414a8d0a
00000000
401f6af9
410a7d27
40a43576
401032fc
40c0f565
3ece056d
401c5b04
400aec87
40983e24
41171b42
40a0a9f5
00000000
00000000
40b017cb
410822ef
418c07d0
00000000
40c5b34f
4057e7f9
40dd1dca
4084347c
00000000
40ae8c87
00000000
40a5f5e9
401f5620
4097f79e
00000000
41122ec5
410a87a8
415723d0
40fc6715
00000000
4075e7a1
40495dbe
3f9e50ec
406e6fb3
40b783e5
00000000
00000000
403b5571
3fad6ac1
4045ed5e
00000000
40296b9e
00000000
3ff1bd77
3e81c876
40b8bf44
4059b4b2
00000000
00000000
408df4c3
00000000
00000000
00000000
00000000
410853bb
40c5b3f4
40df75d7
00000000
00000000
00000000
40e1fb4e
00000000
413c1db3
40cea2b6
00000000
3ed0b019
41693fd9
3f4e9d6a
40177d10
3fec6cae
40fa4ed3
00000000
40ecc0af
3edc5a79
40ada0d4
4143d60f
3f914973
00000000
400ce8af
40eeeb8d
410d5615
40970aab
40dc58c8
00000000
40190acb
00000000
4020bedd
00000000
41189193
00000000
406f339d
40ec699e
405d7300
00000000
409650ce
41674418
4066661a
00000000
00000000
40defa9a
3f801790
40c93d67
40a2c9f9
410ee8f1
40c79372
00000000
00000000
40b41173
40b769ed
40d256ac
00000000
40e38d0d
408d1f79
40167f86
00000000
40056843
40d6064a
40ce781e
00000000
40a1c239
00000000
409aab41
00000000
409dccbe
00000000
00000000
40cb649b
00000000
3edca797
00000000
40018207
407e552e
40637aff
3e2492da
3f58fa9e
3f18ad26
3e512ffe
40e4ddf0
408ae963
40905a51
00000000
00000000
40b3544f
00000000
408de4ae
411bd927
00000000
408a7a27
3f561eda
3fdac732
40bf8949
41347739
00000000
00000000
00000000
00000000
4080dc0e
00000000
40acd594
41228401
00000000
409b7ede
00000000
3fe975f4
3f62ad36
00000000
40bb913e
4104f633
00000000
3fd7de53
4165f196
3ffa179b
40d3adbc
00000000
00000000
3f28671a
4012e2f5
410087de
410c35eb
3db75da0
40c67eaf
403ee177
40af61cd
00000000
40626f17
00000000
402f6268
40bcb964
40b220fa
00000000
3efa0c39
00000000
412db84e
40e5c6a6
4026489d
410d3fc2
00000000
409035db
00000000
40a70a7f
408fecf2
00000000
00000000
4136b22b
401daa34
4105a6a8
40b1eda1
3dcde658
40a66ecb
3f2776f6
40813c00
00000000
40f2fd58
3fdc0088
4160f2ff
40e682fe
00000000
40b38286
3f8136d9
3d426170
40b571c6
00000000
40f2e5d5
40395e62
00000000
00000000
00000000
00000000
3fc5f0c6
40eb8e2a
40ea20bd
409556e0
402cfddf
4033a7bb
401bfa41
41062c25
41136ceb
00000000
41270bc1
00000000
3f8beba1
3fff18ad
00000000
40347e35
4001f082
4068e1a6
41050048
415d71c0
00000000
403d45e1
00000000
40827ef0
00000000
403ffe48
3edaac15
4098c7e1
3fa5da05
40649ccd
00000000
3f03b828
3f4feb80
00000000
00000000
00000000
00000000
00000000
3fdd4737
00000000
00000000
3f9ea2fd
00000000
3fea5a19
4005853c
41200d92
408898df
4053c49c
00000000
00000000
40b44393
00000000
3ca12940
3f848440
3fddc507
40082b7c
3f5ad05c
00000000
00000000
00000000
3f62dd83
00000000
00000000
00000000
00000000
00000000
00000000
00000000
3e8a916a
00000000
00000000
00000000
00000000
00000000
3ec7e30c
00000000
00000000
00000000
00000000
00000000
00000000
00000000
00000000
00000000
00000000
3fb102bc
3e089a18
3ed8e062
00000000
00000000
00000000
3f9890c4
00000000
00000000
00000000
00000000
00000000
00000000
00000000
00000000
00000000
00000000
00000000
00000000
00000000
00000000
00000000
00000000
00000000
00000000
00000000
00000000
00000000
00000000
00000000
00000000
00000000
00000000
00000000
00000000
00000000
00000000
00000000
40c0e895
00000000
00000000
00000000
00000000
3f38181f
00000000
00000000
00000000
00000000
00000000
00000000
40808bc4
3fcc793c
00000000
00000000
408986e0
00000000
00000000
00000000
3f8c0be8
40037304
3f0f2c01
00000000
3fc35ce4
40019834
00000000
00000000
00000000
40103ada
00000000
00000000
3d0bed80
00000000
400b369d
00000000
00000000
3f0a8d2f
00000000
00000000
00000000
00000000
00000000
00000000
4059de01
00000000
00000000
3e8feb4e
3f80c760
00000000
00000000
00000000
00000000
00000000
00000000
00000000
40625182
00000000
00000000
00000000
00000000
00000000
00000000
00000000
3ee9f5c2
00000000
00000000
00000000
00000000
3ef9f896
00000000
00000000
00000000
00000000
00000000
00000000
408c6ae6
00000000
00000000
00000000
00000000
409649a9
00000000
00000000
00000000
3ec718d4
00000000
00000000
00000000
00000000
00000000
40582e58
00000000
3ef68d5e
3dbf7458
403b5c03
00000000
00000000
40c6b09c
00000000
00000000
00000000
3fac60de
00000000
00000000
3ebbd2fe
3e55ae6c
00000000
00000000
00000000
00000000
00000000
3fd32094
00000000
00000000
00000000
00000000
00000000
00000000
3ea83b7c
00000000
3f5e778d
40604dea
00000000
00000000
00000000
401799fa
00000000
00000000
00000000
00000000
00000000
00000000
00000000
00000000
401e499c
00000000
00000000
00000000
40b79ac1
00000000
00000000
3f25a0a1
00000000
403950c4
00000000
3f439349
00000000
3f8e774c
00000000
3ff1e2b8
00000000
3fd19488
00000000
00000000
00000000
00000000
00000000
00000000
00000000
00000000
00000000
409537ab
00000000
00000000
00000000
00000000
00000000
00000000
00000000
00000000
00000000
3ff390c4
00000000
00000000
3d138d30
00000000
00000000
00000000
00000000
00000000
00000000
00000000
00000000
00000000
40915f4b
00000000
40174e68
3f64248f
4097a133
00000000
3fee414e
00000000
00000000
00000000
00000000
00000000
404cf78d
3eccae9c
400e164e
00000000
00000000
00000000
00000000
405eadea
403ee726
00000000
00000000
40841813
3f6ae8d5
00000000
00000000
3e472bc4
4021f812
00000000
00000000
00000000
400005af
00000000
00000000
00000000
00000000
00000000
00000000
00000000
3fd2d4b4
40b14918
00000000
3f9c05a4
00000000
00000000
00000000
00000000
40439a8c
3f58d973
00000000
00000000
3f394753
00000000
3fe7a470
00000000
3f87c28c
00000000
00000000
00000000
00000000
3fca2d68
00000000
00000000
00000000
00000000
00000000
00000000
3f72c0fb
00000000
3f44d493
00000000
00000000
3fad82b4
00000000
00000000
00000000
00000000
00000000
40a9ef71
3f67ee6b
40050388
00000000
00000000
00000000
00000000
3f67346f
3fb0a650
00000000
00000000
00000000
00000000
00000000
00000000
3ee4856e
3fb63a78
00000000
00000000
00000000
00000000
00000000
00000000
40061705
00000000
00000000
00000000
00000000
00000000
00000000
00000000
00000000
00000000
00000000
402ba4a6
3cc43800
3e7ac418
3e073d70
00000000
00000000
00000000
00000000
40057444
00000000
00000000
00000000
00000000
00000000
00000000
00000000
00000000
4040ddd1
00000000
406a0590
3ff48628
00000000
00000000
3ecde79a
00000000
00000000
00000000
00000000
3ff91e7e
00000000
00000000
00000000
3e72999c
40b14c89
00000000
00000000
00000000
00000000
00000000
3fa48d90
00000000
00000000
00000000
3f10b599
408f8491
00000000
00000000
00000000
00000000
00000000
3f8aa4d0
00000000
00000000
00000000
00000000
00000000
408223f4
00000000
00000000
3fe6268a
00000000
00000000
00000000
00000000
00000000
00000000
00000000
00000000
00000000
00000000
00000000
00000000
3f4b3a49
00000000
00000000
00000000
00000000
00000000
00000000
00000000
00000000
00000000
00000000
409af7f1
3f9b625e
00000000
4021498f
00000000
00000000
3f9f6dc0
00000000
00000000
00000000
00000000
00000000
00000000
00000000
00000000
00000000
3f51ddcd
400b89ad
00000000
3f850472
00000000
00000000
00000000
405f29fc
00000000
3feee316
3ef1e83a
00000000
00000000
00000000
00000000
3f126505
407fce80
00000000
00000000
00000000
00000000
00000000
00000000
00000000
00000000
00000000
00000000
3fbbb4a6
00000000
00000000
00000000
00000000
3f459e25
3ff7474e
405da8e4
00000000
00000000
00000000
00000000
00000000
3cefbf60
00000000
00000000
00000000
403975cc
00000000
00000000
00000000
3feabf4c
407cdc88
00000000
00000000
4072c53e
3e881014
00000000
00000000
00000000
00000000
00000000
00000000
00000000
3fc4be12
3ec1c87a
00000000
00000000
00000000
00000000
3dce4f58
40a71085
4084f56d
00000000
00000000
3f1936a9
40755e00
00000000
00000000
00000000
402e4e77
00000000
404c04b5
00000000
405a3ef3
3fc267e4
00000000
3faf576e
3ed47914
3f434bd3
00000000
3d429cb0
3fc37fa4
00000000
00000000
3fe92cb8
00000000
3e85231a
00000000
3b9be880
3f9b7d72
00000000
00000000
00000000
00000000
00000000
00000000
00000000
00000000
3f629b63
00000000
00000000
40f8d79b
00000000
00000000
00000000
40b622af
00000000
00000000
00000000
00000000
3ef86c9a
00000000
3f28f8a5
00000000
4067a684
00000000
3d865c88
3fa59b48
00000000
00000000
40017bdc
00000000
00000000
00000000
00000000
4000281e
3f86270c
00000000
407e4872
00000000
3fb4ee0a
3fa6b946
3f5034d9
3f914582
403520cd
00000000
00000000
00000000
3ee75e16
00000000
00000000
3f89cb7c
00000000
00000000
40615ba0
40ea324b
00000000
00000000
00000000
401e6dad
00000000
00000000
00000000
3eb54d38
00000000
00000000
00000000
3ea24e9a
00000000
3dcd6e28
00000000
3ea74824
00000000
00000000
00000000
00000000
00000000
402856d5
00000000
00000000
00000000
00000000
403fce49
00000000
00000000
00000000
00000000
00000000
407dbd72
00000000
00000000
3f8746f6
40a09441
00000000
4012d46c
00000000
00000000
3e64d648
00000000
3e2e7ef8
00000000
00000000
3f4e9edb
00000000
00000000
00000000
00000000
00000000
00000000
3ed848f6
3fe9ca42
00000000
00000000
3f281a49
00000000
3f87f506
00000000
00000000
00000000
00000000
402097c8
00000000
00000000
3f05d287
00000000
40984395
00000000
00000000
00000000
00000000
00000000
00000000
3f51b639
00000000
3d46a990
3fe6f514
3ef2b072
00000000
00000000
00000000
00000000
00000000
00000000
00000000
3f91b722
00000000
00000000
00000000
00000000
00000000
00000000
00000000
00000000
3de438f0
00000000
00000000
00000000
00000000
40b13cba
401419ed
00000000
00000000
00000000
00000000
3fd7a8fc
3f88b50c
4083417c
4048b202
00000000
00000000
00000000
00000000
00000000
4078b3c0
00000000
3f84cb78
3eb1f144
00000000
00000000
3f5a8a4b
00000000
00000000
00000000
00000000
00000000
00000000
3f11c6f1
00000000
3fb95556
00000000
00000000
00000000
00000000
00000000
00000000
00000000
00000000
00000000
00000000
4010f1ad
00000000
00000000
00000000
00000000
00000000
00000000
00000000
00000000
00000000
00000000
00000000
00000000
00000000
00000000
00000000
00000000
00000000
00000000
00000000
00000000
00000000
00000000
00000000
00000000
00000000
00000000
3fee68e2
00000000
00000000
00000000
3f1b2449
00000000
00000000
00000000
00000000
00000000
00000000
00000000
407f11d8
00000000
00000000
00000000
00000000
00000000
3f7edd57
00000000
00000000
00000000
00000000
3fdf0e44
00000000
00000000
3fdb22d4
00000000
00000000
00000000
00000000
00000000
3fdbe160
00000000
00000000
00000000
00000000
00000000
00000000
00000000
00000000
00000000
00000000
00000000
3f601c0b
3f84cef2
00000000
00000000
403cbca0
00000000
00000000
00000000
00000000
3f635e95
00000000
3e2142c4
3ef86f0a
00000000
00000000
00000000
40265bea
4086ba4f
00000000
00000000
00000000
00000000
00000000
00000000
3f038355
00000000
00000000
00000000
00000000
3f83a8a2
00000000
3fc8a06c
00000000
00000000
00000000
00000000
00000000
00000000
4011c398
00000000
00000000
00000000
00000000
00000000
3ff803c6
3fde94d2
00000000
4001df96
3e9a8a36
00000000
00000000
3ee1b286
00000000
40091859
400f98e4
00000000
00000000
40206f78
3f9ce1ee
00000000
00000000
3f0dd877
3fe1af3e
00000000
3feaa026
00000000
00000000
3feba5a8
00000000
3dbd2fc0
00000000
00000000
3fe585c8
40b9a26d
00000000
00000000
00000000
00000000
3ed817a2
00000000
00000000
3f1c1807
00000000
4049f15c
3ebfe81e
00000000
00000000
00000000
00000000
00000000
00000000
00000000
00000000
3ecbd7f8
00000000
40679b94
00000000
3f80d9c8
3fbff532
00000000
00000000
3ff6100c
00000000
3e969c3c
00000000
00000000
3f04b2f1
00000000
00000000
00000000
00000000
00000000
3df79e40
405908ae
00000000
3fb92446
3f351477
00000000
00000000
00000000
3d3f9570
3e57864c
3ffefdce
00000000
3f5defd5
00000000
407ad53a
00000000
00000000
3fc9ae96
3c9e8960
3e9ecef2
3fa9a702
00000000
00000000
4065be84
00000000
00000000
00000000
00000000
00000000
405f3534
00000000
3fdd112c
3e56ee68
00000000
00000000
3f65d3fb
402bb7e5
3fc07890
00000000
00000000
3f9df3f4
3f7ac263
00000000
406bd600
3ff38f8e
3f711911
00000000
405a9924
00000000
3f56f991
00000000
40190fa2
00000000
40990440
3f506085
00000000
3ee7f8fa
3f6a63a9
3f042d0b
00000000
00000000
3d9cc6d0
3fe5fdfc
00000000
00000000
00000000
4077a50e
00000000
3f7f7199
00000000
40348861
40815b01
00000000
00000000
3feb3bee
3f7566dd
00000000
00000000
00000000
3d221f20
00000000
40971da7
40315b84
40ede266
410396ee
405f3ed5
40e445f7
40c7458c
3f0cba6d
40cffd52
406ffc2d
414cad2e
412a7949
4066cdc4
41500dd9
00000000
410fc32b
41022f39
3f85b95d
40307c5d
40de2470
40af36ae
4105d022
3fb9484a
40efdefa
40a1a2f1
404e5f31
404ecb30
40918727
412d44b2
40d1ee1c
40a859ba
411e33a8
40feec85
40c75fa2
41030e91
00000000
00000000
406f099a
40235ea1
3f17f63f
40dd464b
3f878847
41029b6d
00000000
401fbfc0
00000000
00000000
00000000
3fded205
4052ca8b
00000000
40a18a73
40d4ca91
403ec2ed
4013992a
40c3a4ee
408ea1e1
4048dd39
3eea4464
00000000
40b07c85
3f4e4635
00000000
404bd5d5
00000000
00000000
40a263a5
00000000
00000000
40e38b0d
00000000
00000000
00000000
3f1c136c
00000000
00000000
40a2d0c0
00000000
405a0bdc
00000000
3ef55812
3fbd9dda
406cb092
00000000
00000000
00000000
00000000
3f7e5429
40e3e350
40e61c97
3f7d32af
40890a14
4072ef49
4102112a
40d9eccf
00000000
00000000
4077b738
3fee984b
4003c06f
40305c6a
00000000
405707e9
410c7a1d
40258a26
40b9f6ad
410b3dfa
411aedc9
4074d20f
407c5a9a
410af8e3
3fa77b70
00000000
3fe16638
00000000
00000000
40539ca6
41026098
3fba97b9
00000000
3ee39fee
00000000
4021b6a4
00000000
40bc62d2
00000000
00000000
00000000
409d9409
00000000
40d227b4
403b9b48
00000000
00000000
40eba7cf
4089fc04
400895a2
00000000
40e6c020
4003ad7e
00000000
40df1429
412a2d90
3f00212e
41197e4d
00000000
3d975a51
4060e7a1
00000000
403193af
412065c9
40a4948e
00000000
3ffebf98
413c3e38
00000000
406c24b0
3ea816fd
408f7451
3f5ba938
40fe63a4
00000000
41268490
40398993
4161ec41
00000000
00000000
40e3eb3c
4091bb52
00000000
00000000
3f65c861
00000000
00000000
3f1178f9
00000000
00000000
00000000
41077508
00000000
00000000
41284a1f
00000000
410b7962
00000000
00000000
00000000
3f7e5609
3f039238
4029ab01
405624ae
00000000
40c45803
00000000
401ed8ab
405531fa
00000000
410e42fa
00000000
00000000
411f68da
3fa7aa16
00000000
00000000
3e76bac2
3ee90634
00000000
4071dd52
40a508af
00000000
4120c633
00000000
40ff01e3
00000000
40618df9
40a76abc
4035d074
00000000
40b89e62
40c84bf8
405d2856
00000000
3ffbc15d
00000000
40254feb
3ecd987c
3fbfb36d
00000000
409fc369
00000000
00000000
00000000
408a14ab
404e156b
3fc77e4b
40cfd838
41075ac2
41129f23
40bbfdf1
00000000
00000000
40504bb8
00000000
3f9a0e3c
00000000
3fbd3548
00000000
00000000
3fc26a9c
00000000
403fe8b4
418078bc
00000000
00000000
3e85e587
3e0e0f0c
3ee2efec
3f5027a0
00000000
3ff1bfc5
00000000
00000000
00000000
40fce440
00000000
00000000
00000000
00000000
40d9c0ca
40088b45
4108c4fe
3f07944a
3f9a5d91
4073d4d3
417314ea
00000000
3edcb17f
3ee92d9a
418ab63d
41264df6
3f4ee893
3b5b0920
415955aa
406124c3
00000000
00000000
405eedf3
00000000
4019e4b9
00000000
00000000
00000000
40cffa2f
00000000
40f2a05e
00000000
00000000
40a64256
00000000
00000000
40f3939b
00000000
40fc384f
00000000
00000000
00000000
00000000
40c2a8e5
00000000
407d7532
4005762d
00000000
00000000
00000000
40776466
403ee6d6
00000000
4112069b
40cd5004
40b797fa
404060b7
00000000
00000000
00000000
4064c0f5
00000000
00000000
00000000
4066a2dd
00000000
41596d70
00000000
00000000
00000000
00000000
00000000
401f53b7
3ec4b668
410297b3
00000000
40a4adbb
00000000
00000000
40f68320
00000000
407f370e
00000000
40b0731d
4150886c
40a401cc
40b7ae17
00000000
411fb1ff
00000000
00000000
40135daf
40566739
415afac3
40f9bf3e
3d857d63
402dea4c
00000000
409f067f
00000000
4092e85b
00000000
417aea5f
00000000
40e7bbbf
407a8391
403e0bb1
00000000
00000000
40332e5a
00000000
3d966577
413b1982
00000000
00000000
40b8b785
408451b3
41090272
00000000
3faa7f8b
408c5417
4025f85a
00000000
40ca2c26
4002ebf1
411a69cf
00000000
401accda
00000000
4058df19
00000000
4063d75f
3e82453e
41778ff9
00000000
00000000
00000000
41211dcb
40e2620d
40f7b07d
4081a371
40f74579
00000000
416e1583
41470837
00000000
40a63842
3fbbe831
410a40fe
4087091a
4050ca30
00000000
40d23e2d
00000000
00000000
40f501b1
404af7c2
00000000
407ed5f4
40b32f09
00000000
403d2394
00000000
415636af
40d41b31
410b5380
00000000
40250106
00000000
00000000
00000000
00000000
40c9432b
00000000
00000000
00000000
00000000
00000000
00000000
40112047
3ff7e24a
00000000
4086dd79
41300d86
00000000
402b9a8d
40ca3e72
40f26859
40b19d83
00000000
00000000
40ab5595
4092e834
415bf33d
00000000
401e3785
00000000
00000000
401238e9
405b89b5
4012f4c2
4075dbc9
40730647
00000000
40cbd035
00000000
410f8577
00000000
3f817885
40046c2f
40787feb
41213708
414b6055
4007bcaa
00000000
405fac30
404cf0da
402510be
00000000
00000000
00000000
00000000
4088eddd
00000000
00000000
3f82c8d4
00000000
3d62bb08
00000000
00000000
40a2ad33
00000000
40ee84a6
00000000
4028e32d
00000000
00000000
00000000
00000000
40d7c34b
00000000
40bb41ce
00000000
4090bc41
00000000
4091e374
00000000
40df2cbb
00000000
00000000
40d46cd9
00000000
3f3225f8
4087c7da
40590d8f
00000000
413af313
00000000
00000000
40da654d
00000000
00000000
00000000
00000000
406807df
404e74ec
00000000
3f13fa48
3eb68f4e
405a6c82
413ed2fa
40b8d72a
00000000
00000000
40b263e8
00000000
407140d1
00000000
3f994430
40b46aab
4092cac0
00000000
00000000
40b08678
404acf57
409835e0
00000000
00000000
40bea796
3fd75a76
3c964380
401a4239
00000000
409e19cf
4097751f
00000000
416d41c3
00000000
00000000
00000000
00000000
406cb820
412ce7e9
3e9d6789
405b31b9
408943c1
4092f019
40eda382
4026a708
00000000
00000000
418eee84
40c0d226
00000000
4093ed26
00000000
3e47a26a
404b604d
40ae8c2d
3f5851cf
4060644a
00000000
00000000
405e3da5
40a75f5c
40a256c0
3ea43794
4054a20a
00000000
3f2068bc
00000000
40fd83f2
3fd673f2
41103a68
00000000
40a1158f
00000000
00000000
406c2c27
402e4e12
40ec617a
00000000
00000000
40ac55f0
405a3b78
408d528e
00000000
40e5cc15
00000000
409e4f5a
4036c734
408dd340
412c8443
00000000
40aabdc4
40d6df3a
00000000
3ef34fc6
401027bd
00000000
00000000
00000000
4099fc0b
00000000
400a52dc
00000000
00000000
3fa89572
40d2aafa
40a75f75
00000000
00000000
4037a965
401cca3d
406e54c5
00000000
3f5f8caf
3dc8236d
00000000
00000000
00000000
00000000
40b09432
40f6b6d1
40d06933
41069c73
00000000
00000000
00000000
3f7286fa
40df6daf
40e03a0b
00000000
3f66aca1
3f9a4cd9
00000000
3ff6bcbc
4013808b
00000000
00000000
00000000
3f77c435
00000000
4025c629
40ae733c
40a92f5d
4188e3ed
403402df
4061550b
00000000
3edb8e3d
00000000
00000000
3fe1eb02
40c4fa98
00000000
3fcb7cf8
3f9c56bd
00000000
3fac8d22
4092f6bb
3ee820fd
41727f88
00000000
00000000
410d0cb9
00000000
400a3a7f
413ed28f
00000000
40cc8e5d
40a24923
406112cf
402c71b9
00000000
00000000
4109f1dd
3e8d1ddb
00000000
405565ad
00000000
4009f8d5
40341701
40be95f1
00000000
41814b82
00000000
00000000
3fd6bdcb
00000000
40235171
00000000
40e360bd
40999795
408c58c9
00000000
41290e8f
40275088
4101032e
00000000
4110ecd8
41416e10
3ff20eb8
40aef9c6
40a98280
00000000
00000000
412d9f3c
00000000
3ffe9de8
40073e98
00000000
4081da65
3f999653
00000000
402c5673
406ea8a4
40a50af0
41113f88
411c1e85
4007bae4
4099d816
00000000
415539b1
00000000
00000000
00000000
3fc61c1e
3ffc8a56
3f9be752
3de34695
00000000
3d45d79a
00000000
00000000
00000000
3dc08a0b
400c27dc
00000000
40dd0aa9
00000000
00000000
40e47c73
00000000
411d75ef
00000000
00000000
00000000
41121ab5
00000000
3ef938aa
3d308960
40adf233
00000000
415d4a78
00000000
00000000
00000000
00000000
40af066a
40856766
00000000
411f426b
40865b31
405a4156
4022b727
3f12f236
410b5643
00000000
4057def0
3f053dd3
00000000
414a1652
40117a26
4099d28b
40cd275c
4041eb04
4092b3bb
3f468cd5
402e85f5
4114f122
3fb643a9
00000000
4008ea94
00000000
4096afbd
4089129b
00000000
3faaebc7
00000000
405a985d
412adba5
40c476dc
410a02fe
3f446d7b
4050e271
00000000
00000000
408de6cd
4080a0bf
00000000
3fddde15
00000000
00000000
00000000
400d9921
4048abf8
4015f0f0
4089f1c5
3e9e85d2
3f45d43d
00000000
3d440e66
40fb982c
3fce4975
40fc74dd
403c203b
00000000
40986d2a
00000000
3f9b665e
00000000
00000000
40e0c144
00000000
00000000
40a21f0f
41099470
00000000
40b0a0e2
00000000
00000000
00000000
40a4f6ca
00000000
410702ac
00000000
00000000
00000000
00000000
4097a481
3f52472a
4089baa9
411cf5b5
00000000
411ffd4a
00000000
00000000
00000000
40e34b60
407a09f4
40e81489
00000000
00000000
40c9300f
3fc68119
3e249b1a
00000000
408c261f
00000000
40ab0537
00000000
3ee6493d
00000000
40f2cde3
00000000
00000000
00000000
3f18e45d
3facc3d9
00000000
00000000
4104c961
00000000
40128479
3f9b2754
40e7f3fb
412e2706
00000000
40a7444f
4076e261
408ed757
40339f1c
405245d0
40851081
3f14c61d
00000000
3f5cf64f
40d10d89
3e8b10da
4127962f
408fa530
3ff88d3f
00000000
40109f13
40aea064
00000000
3fcc7af2
40f0e8b9
3f56d959
40c15f56
00000000
408a5fd1
00000000
40bce582
40270787
00000000
405b687d
00000000
00000000
00000000
00000000
00000000
411289e0
40401d2d
00000000
40f5ead8
41835d47
404fa8a3
4082974a
00000000
00000000
410b5796
00000000
00000000
3fd666a3
00000000
410a0b5d
3fae6a70
4080e005
00000000
4116c0cf
00000000
00000000
00000000
41239e8c
4083a3f1
40a521fc
00000000
412e03b5
00000000
4077e1f0
40d7d5ad
00000000
3ffc7a5c
4029906f
4045b5fe
00000000
00000000
3fa9008e
40759a88
00000000
00000000
00000000
40582974
41291b2f
3fe8ab2d
40a28811
00000000
411278f4
3feeea26
00000000
00000000
40ff568d
00000000
3fbbc45b
3fa586cc
00000000
4083ca9c
3de7cc75
4025f2b1
00000000
40147fb2
00000000
00000000
40269ad6
4097982c
402fc423
3f0821ef
401b670f
00000000
00000000
3ea12ac6
3e4246a4
40c7d8d7
4103ea5b
40c3b575
40a63fbf
3f90bd55
00000000
3fedf5cc
00000000
3ff25211
3fc6cd11
4069c0ad
00000000
00000000
00000000
00000000
407b27c2
414fd522
3f55c314
00000000
00000000
00000000
00000000
00000000
00000000
40a37f12
40032050
00000000
3efebe66
00000000
00000000
00000000
00000000
00000000
00000000
00000000
00000000
3f1f91cd
00000000
00000000
00000000
00000000
00000000
00000000
00000000
3fef1f9d
00000000
00000000
00000000
00000000
3f94edb7
00000000
00000000
00000000
00000000
00000000
00000000
00000000
00000000
00000000
00000000
00000000
00000000
00000000
00000000
3f143f65
00000000
00000000
00000000
00000000
00000000
00000000
00000000
00000000
00000000
00000000
00000000
00000000
00000000
00000000
00000000
00000000
40855451
00000000
40561399
3e7169e0
00000000
400c2416
00000000
3fd940bf
404ca9f3
00000000
40895f5a
40865a38
4038f848
00000000
3f8bc722
3f9e5d23
3ea027ee
00000000
00000000
00000000
00000000
00000000
00000000
400cea9e
3e5f3208
00000000
00000000
3d845516
3f4e5130
00000000
00000000
00000000
408aa6ec
00000000
4049567c
00000000
00000000
40927afe
00000000
00000000
00000000
00000000
00000000
3fdbd582
00000000
00000000
00000000
3f8768a0
00000000
00000000
00000000
00000000
40560669
3fff9173
00000000
00000000
40879ffc
3fd85dce
00000000
00000000
00000000
00000000
3bd18820
00000000
400cd20b
00000000
400390e9
00000000
00000000
00000000
00000000
00000000
00000000
00000000
00000000
00000000
00000000
00000000
400214c7
00000000
408186a0
00000000
00000000
00000000
00000000
3f503c49
3f3b12a9
00000000
400f47d9
3c82ccc0
00000000
3e60cb4c
00000000
00000000
407b6753
3f6bdcd7
4038c425
00000000
3ff7c093
00000000
3fa57b80
3f1c090a
00000000
00000000
40a4bafb
00000000
00000000
00000000
00000000
00000000
00000000
00000000
00000000
40270513
00000000
00000000
00000000
3e35a73a
4033d1c4
00000000
00000000
404508bc
00000000
00000000
00000000
00000000
00000000
00000000
3fa67b25
00000000
00000000
00000000
00000000
3f5238b0
00000000
3fb7ae41
401f87bb
4021a014
40750ce2
409d8608
00000000
404f5612
00000000
00000000
400095c1
00000000
404aaf8e
3fbeaddc
00000000
00000000
00000000
00000000
3fcd0d45
00000000
00000000
00000000
3f39a226
00000000
00000000
00000000
3f6badbe
4088ad67
407c0c9f
00000000
00000000
3e18ddd1
00000000
00000000
3e561ec0
404bc0f2
00000000
3ee67589
405a16fc
00000000
00000000
00000000
00000000
00000000
00000000
00000000
00000000
00000000
00000000
00000000
00000000
3f9d39d4
3eac0840
00000000
00000000
3e912bc0
00000000
00000000
40392bee
00000000
00000000
00000000
3ff5f622
4036396e
00000000
00000000
40655bb7
00000000
00000000
00000000
4090d5b1
4073a1ed
00000000
3fe7bed6
00000000
00000000
00000000
00000000
40dc0a44
4033b2e4
00000000
3f3ddc18
00000000
00000000
3ecde1f3
00000000
3e8136ae
00000000
00000000
00000000
00000000
00000000
00000000
402a6ff8
00000000
00000000
00000000
00000000
00000000
40a0f399
00000000
00000000
4064e6ff
00000000
00000000
3fbce35c
3fc7429f
00000000
00000000
3fca2f18
00000000
00000000
00000000
00000000
00000000
00000000
40508e77
40320fe5
00000000
403dd4ce
3f4d6078
00000000
00000000
00000000
00000000
00000000
3c0786c0
3f3457dd
3ff51016
3fa0d57f
40083f54
408290d6
00000000
00000000
00000000
3f7bd2d7
00000000
40da8e48
40885a69
00000000
00000000
00000000
3d6039fc
3fc1f258
404bcdcf
00000000
00000000
3f89b342
3f987d98
00000000
00000000
00000000
00000000
00000000
3e96eb1c
00000000
3ff03ec5
405698a4
00000000
00000000
00000000
3f737cdd
3fc2f251
4026dd17
3f712eab
00000000
00000000
00000000
00000000
00000000
00000000
00000000
00000000
3fa5ffa9
00000000
00000000
3dac8483
00000000
00000000
00000000
408ce2f8
00000000
00000000
00000000
00000000
00000000
3f94e83d
00000000
00000000
00000000
00000000
00000000
400362f4
00000000
00000000
3f99079d
40692c1d
40968139
00000000
00000000
00000000
00000000
40029dec
00000000
3d9a8888
00000000
00000000
00000000
00000000
3ee6208e
00000000
00000000
00000000
00000000
3f6b12cf
40416ca6
00000000
00000000
4097f985
00000000
00000000
3fe0cb24
00000000
00000000
00000000
40200589
00000000
00000000
00000000
407b0894
00000000
405f699e
00000000
00000000
00000000
00000000
00000000
3fd853e7
402e13c5
3fd90a47
00000000
401a2b04
00000000
00000000
00000000
00000000
3fc1bf93
00000000
00000000
00000000
40983ec2
00000000
00000000
3da2eced
00000000
00000000
3f99eb9a
4053232d
00000000
00000000
00000000
00000000
3f88559c
3f6bf83c
40660c83
00000000
00000000
3fc6ba58
401e17bb
3fd75619
40a95831
00000000
00000000
00000000
3fd1b97e
00000000
400adb35
00000000
00000000
00000000
00000000
00000000
40f8724f
00000000
00000000
00000000
3ebd3ffa
3e5cdbc8
3fd1b270
406a50a5
00000000
404004b6
00000000
00000000
40037053
401c45dc
3db6e8c7
00000000
00000000
00000000
00000000
40a52353
00000000
00000000
40001c89
00000000
00000000
00000000
00000000
00000000
3e0a64cc
3ff70cff
00000000
00000000
40c42713
00000000
00000000
00000000
401c3acf
3fc0ecec
4034848b
00000000
00000000
3f834b0d
3f5b884d
00000000
00000000
00000000
00000000
401d0af4
3f50945d
00000000
3f7b7e88
3acf0180
4003d267
3fb5612c
00000000
00000000
00000000
410ffec0
00000000
00000000
00000000
40039f79
3fe1ae90
00000000
3fe55014
00000000
00000000
00000000
00000000
00000000
00000000
00000000
00000000
00000000
00000000
00000000
3eefde22
3ef3a098
00000000
00000000
00000000
00000000
40195bae
00000000
00000000
00000000
00000000
00000000
00000000
00000000
3e611efd
00000000
407e5278
406d4161
407aac9f
00000000
00000000
00000000
00000000
00000000
00000000
00000000
3fdff52f
00000000
00000000
00000000
3f1ab835
402d2059
00000000
40d15650
00000000
00000000
00000000
3fa6efee
3f024e84
409174ca
00000000
3f2bed13
00000000
00000000
401b916f
00000000
3e75a93f
00000000
3f7a0f9d
00000000
00000000
00000000
40410deb
00000000
00000000
00000000
3fdde7dd
401cf5c2
00000000
3eaaedd4
3fc68da0
00000000
00000000
00000000
00000000
00000000
4073f4fd
00000000
3f395577
00000000
3f93254e
00000000
00000000
3f6c003e
40d8f57a
00000000
00000000
4009e71a
00000000
40071044
4090e6ee
3eeab1ee
00000000
00000000
3fe58b73
00000000
00000000
00000000
00000000
00000000
00000000
3f2c143c
00000000
00000000
3e010abc
403e8f65
00000000
3f47ade0
00000000
3f5e14ed
00000000
00000000
40a6927d
3e90aff8
00000000
405b8747
00000000
00000000
00000000
406d0135
401f2584
00000000
40a262b5
00000000
00000000
00000000
406dbce5
00000000
40060f47
3fda7472
00000000
00000000
00000000
00000000
00000000
40101d9d
3fb54051
4059aeef
00000000
00000000
00000000
00000000
00000000
00000000
3f52f4e4
3fba0550
00000000
3f6ff5ed
3fa4ab21
00000000
00000000
40069426
00000000
00000000
00000000
00000000
00000000
00000000
40a2a3b9
00000000
3ff4b992
402bb887
00000000
00000000
3fcac667
00000000
00000000
00000000
00000000
00000000
3ec3e3aa
00000000
00000000
00000000
00000000
00000000
00000000
00000000
00000000
00000000
00000000
00000000
00000000
40fab9d6
00000000
00000000
3fcfbc1a
00000000
00000000
00000000
3f967597
00000000
3f5bc3ea
3fe69f75
00000000
00000000
00000000
408460ed
3f1874fa
00000000
00000000
00000000
3f246d9a
408f5009
404d37ec
00000000
00000000
3fa4c471
00000000
00000000
00000000
00000000
00000000
00000000
4081d090
3f2c3f87
00000000
00000000
3f4848fe
4051140e
00000000
00000000
40a4d884
00000000
3fc1ca89
40538d6d
00000000
00000000
00000000
00000000
40a9f961
00000000
00000000
3e84d5c8
3fb03e88
408292c9
4075d33b
00000000
402c707f
00000000
4068b29b
00000000
00000000
3fcef9c7
00000000
00000000
406c62ce
00000000
00000000
00000000
00000000
40f8a5ac
00000000
00000000
3f643362
40034979
00000000
4094d680
00000000
00000000
00000000
3e0837f2
00000000
40790f46
00000000
00000000
3f130ff8
40976bcb
3fa74d1e
00000000
00000000
00000000
00000000
00000000
00000000
00000000
00000000
00000000
00000000
40c9ded1
401f59f5
3f61b125
00000000
3fa41003
00000000
00000000
40945054
00000000
00000000
00000000
40610f66
3fa0d701
00000000
00000000
00000000
3fc108ec
00000000
00000000
400dab1a
40be55a9
00000000
00000000
00000000
00000000
40652974
3b28d2c0
00000000
00000000
3ef0c390
00000000
3e8092a6
00000000
00000000
00000000
00000000
00000000
3f9c4dce
00000000
4033f8f2
3e0a4572
00000000
00000000
00000000
00000000
00000000
00000000
3eb2da2a
407423d9
00000000
401ebcf7
00000000
00000000
4024271e
00000000
00000000
00000000
3f083fea
00000000
00000000
4086885a
00000000
00000000
00000000
00000000
00000000
00000000
3f73c5b9
40ab4db7
3f82af90
00000000
4010e2cc
00000000
00000000
00000000
00000000
401c326e
00000000
00000000
00000000
00000000
00000000
00000000
00000000
40964f0d
00000000
00000000
00000000
3f6d4b07
00000000
00000000
00000000
00000000
00000000
00000000
40374b9b
3f8b5147
00000000
00000000
00000000
00000000
00000000
00000000
40324c27
00000000
3f05740d
00000000
4073563b
00000000
00000000
00000000
00000000
00000000
3f3a1b79
00000000
4076bc9e
401a7e15
00000000
00000000
00000000
00000000
00000000
403082d1
4006cfe5
3f430d50
00000000
3fef2b2d
00000000
401093df
00000000
00000000
3f5b0e41
3f10fa39
4097af21
00000000
3f0613c8
00000000
3f220a7c
4088c308
00000000
00000000
00000000
3f023e96
3fb6fc59
400659e5
3eb00e03
00000000
3ec80db8
00000000
3e22b164
00000000
40297c54
3db9dbb6
40555dbc
00000000
00000000
00000000
00000000
00000000
40cf55ce
403d92a8
00000000
401db29e
00000000
00000000
00000000
00000000
408f163b
3f47a5ac
402e8d99
3feb3fa1
00000000
3ffd413d
3fde9774
402e962a
3fb75896
40c77cdc
403f4bac
3f58e2b4
3fc62f09
3f7515a3
40bcce4c
3e5650ca
4030b3db
00000000
00000000
00000000
00000000
404170bc
3fc1f13d
00000000
408955a6
407f9832
00000000
00000000
00000000
40b547e5
40a36d08
00000000
00000000
40cdb49e
40671ecc
4071ba27
3fbcb621
3f55cccb
401bf39f
00000000
00000000
4021b774
00000000
40e01152
40ca8d7a
408a1b55
406288f9
3f0a5452
409cee0f
3f58c681
00000000
3e90bd51
00000000
3fa5f19f
4015b76a
3f5c5da1
4064aa59
401ad710
404c14e7
3fca081a
406edab4
403733d2
3fe5058a
40b16e19
00000000
00000000
00000000
00000000
401b97a8
00000000
4081dca5
00000000
4073d22f
00000000
00000000
00000000
00000000
00000000
00000000
00000000
00000000
00000000
00000000
00000000
00000000
3ef6c161
00000000
00000000
00000000
00000000
00000000
00000000
00000000
00000000
408578ca
40829b7e
40124a6a
00000000
00000000
40491b76
3fbc6c1b
00000000
00000000
00000000
00000000
00000000
00000000
00000000
3f45d777
00000000
406c4168
00000000
40115fe4
3ea08fca
00000000
3e913ae3
00000000
00000000
00000000
00000000
00000000
40646669
40b68d6d
00000000
00000000
3ff46420
00000000
408af417
00000000
408f242a
00000000
00000000
00000000
00000000
40305032
00000000
00000000
402735cc
00000000
3f01cbbd
3e985e6d
4073214d
00000000
4100ea60
3ee64afb
00000000
4047b46d
3f809349
00000000
00000000
00000000
00000000
00000000
3e695d1e
3fba9c91
00000000
40007a48
00000000
4086c91a
4002307b
40bb4420
00000000
00000000
40939c94
3fd49da9
00000000
00000000
40b1967e
00000000
4030e69e
40c860c2
3f231973
3e5a112e
00000000
40bee06b
401fa3e8
00000000
00000000
00000000
00000000
4085994e
40505cff
00000000
00000000
00000000
3f93c2df
00000000
4042e9de
00000000
408e2f59
00000000
40d2dcef
3f800493
00000000
3fd4e8c9
3fad4050
00000000
3f94d654
00000000
00000000
3ce5f988
00000000
00000000
00000000
4070f056
00000000
00000000
402d6ccf
406de1f7
3ff6e8de
4023a601
40d64da0
00000000
00000000
3fbdd3ab
00000000
00000000
3fcd69be
40ea668d
00000000
3fea4290
3e4949a2
3fea6873
3fbf3256
00000000
00000000
00000000
40710890
403e6328
00000000
00000000
409c293f
00000000
00000000
00000000
00000000
00000000
00000000
40897a53
4020ea4c
3ff63c10
00000000
00000000
00000000
00000000
409a5213
00000000
00000000
408e7021
00000000
00000000
40aff10a
00000000
403a71c4
00000000
400eb80a
3fbe0acb
00000000
00000000
3f8d7622
00000000
3fab92da
40fcb437
40014ab7
00000000
00000000
401bf4f2
00000000
00000000
00000000
40134d4e
00000000
00000000
4083b8c4
00000000
00000000
00000000
00000000
408c40ac
40d2ae05
00000000
00000000
408329da
00000000
40add293
00000000
40c86d5a
40935379
00000000
00000000
00000000
40ea7e91
3fa0b4cb
00000000
00000000
3e49e6ce
402c9061
3f9f6443
00000000
40701c28
00000000
00000000
40969036
00000000
411424bb
00000000
3f7b066f
00000000
00000000
40752ef5
3fc90648
00000000
00000000
4096e875
00000000
00000000
00000000
00000000
00000000
00000000
40472abf
00000000
3fce78a9
408b1b32
00000000
3f917e4c
00000000
401cd647
00000000
3e292e08
404fc799
40e48e0d
00000000
3fa85f19
00000000
00000000
00000000
3fac78b5
40229ac3
3ff94650
4031a6e4
00000000
00000000
00000000
40b922cc
4130f210
3fcca661
404cc390
00000000
00000000
00000000
4099d7e0
40c1c551
3fb0676a
00000000
00000000
00000000
3e89f255
407e9b91
00000000
3fe2f86e
00000000
40b0cfa3
409dbfec
00000000
00000000
3fc0811a
00000000
408bda37
00000000
00000000
00000000
00000000
41169956
00000000
00000000
40fb5464
00000000
00000000
00000000
3ee7907d
00000000
41229485
40db1662
00000000
00000000
401fefa6
4030ea62
00000000
3f96649e
00000000
403b5a17
3f3ae0ca
00000000
00000000
00000000
40a323cf
00000000
00000000
402d273c
00000000
00000000
3f86e38c
3ecc4a70
40304767
00000000
3f6571ec
00000000
00000000
403b77de
00000000
00000000
00000000
4022e5b3
3f821605
402ca34c
4007145c
40ac9ff5
00000000
4021e4d7
00000000
00000000
4108d8f1
00000000
00000000
40a500cc
00000000
00000000
00000000
00000000
40d5d255
00000000
00000000
00000000
00000000
00000000
3ef3e2df
3e233dc8
00000000
00000000
40afbc6a
3f20cbe7
00000000
00000000
3f9890b8
00000000
3f97f981
4106b19e
3f9aa737
40a6f02f
408f451a
00000000
402e2bf0
4060ba70
00000000
3f269683
4108bbae
00000000
3f13ce71
00000000
40b5b913
00000000
3fe47e0d
40723b62
3c83c580
3fdf3acc
00000000
40798a93
00000000
3fc3b3cd
4058c1db
00000000
4028139d
00000000
00000000
00000000
00000000
4095d1e0
407a49d1
00000000
00000000
3fd2cd99
00000000
407f538d
4008c1d6
00000000
40e00cd2
3fee4f69
00000000
3fd455b7
3fcdcfdb
3ecca1f0
00000000
00000000
00000000
404562ea
4016f206
00000000
3fef2ed4
00000000
00000000
3f152f48
00000000
4007c4aa
00000000
3f285444
40937e96
00000000
00000000
00000000
00000000
409a530e
00000000
4037deae
40e5eb77
00000000
00000000
00000000
00000000
00000000
40aecc6c
3fb19689
00000000
40a0b9e1
3f654ccc
00000000
00000000
3f481b45
00000000
40eb3032
00000000
00000000
00000000
00000000
00000000
3f55f2da
401c4bb0
00000000
00000000
00000000
40ca1ecb
40b9bb8c
00000000
00000000
00000000
40172596
00000000
40c811d0
00000000
00000000
00000000
41237f06
00000000
3ee6585b
4008b13a
00000000
406f86e7
00000000
00000000
402b80eb
00000000
410cb39b
40913b8b
00000000
40c3a99e
401792b3
00000000
00000000
41063281
00000000
00000000
40ebb651
00000000
00000000
00000000
41284a6f
407e2209
00000000
40aaebec
00000000
407fb5c3
00000000
00000000
00000000
3f7fe175
3f2cd43e
00000000
40a49937
3c7623a8
00000000
00000000
4087f586
00000000
405d45b2
00000000
00000000
00000000
00000000
3f3e86eb
40770b1e
3d9221dd
00000000
40498974
40201a11
00000000
00000000
00000000
00000000
40090d6a
3ccee814
40418580
40db3d6c
00000000
00000000
00000000
40e4b162
405f17d9
403741a5
3fcc86a8
00000000
3ed568c9
3bcf45b0
00000000
3f783307
40df9624
00000000
4078727e
00000000
406a7fc7
4050178b
00000000
40d681b8
3f9999df
402b4d5d
00000000
3fa18d3d
00000000
40aa9039
00000000
402f7c98
3e21c8ba
406fb0e2
40b33df5
00000000
00000000
00000000
00000000
00000000
3fcfdb83
4074a668
00000000
408c7504
40a1538b
00000000
00000000
00000000
00000000
00000000
3e9ceeea
40740540
4091fa91
00000000
3f9f5c2b
00000000
3dc567db
00000000
4134fb97
00000000
00000000
00000000
409aedd4
40d35de4
00000000
40bdf658
00000000
405b0cf4
00000000
00000000
3f0e018e
3f5a330a
402d78b0
407b35ff
40be5200
401af6f8
00000000
40db80ed
00000000
3fbe38a2
401cea6b
00000000
00000000
00000000
40c1b01a
00000000
00000000
3da493c9
40564e2b
00000000
00000000
3cdf9ec8
00000000
40b84a4a
408d21d4
40bb9352
3f83af29
00000000
00000000
00000000
403bb871
3fa8a77f
00000000
409d0bf8
409ed73d
3f738ff9
3e05b826
00000000
409d437e
00000000
3f7ba787
40370bec
00000000
3f9ae578
00000000
00000000
00000000
00000000
3fd3fbeb
3fd5ea18
00000000
00000000
40c5fe19
00000000
00000000
3fc41cd2
40e2d0ee
3ed766ef
00000000
40e82472
00000000
00000000
00000000
00000000
00000000
3f416d80
3fea0e17
00000000
00000000
40764e74
00000000
404d3f55
00000000
40812c27
00000000
00000000
00000000
40bb8056
00000000
00000000
3f67ac77
00000000
00000000
00000000
407ea02d
00000000
405ea19b
400b23d4
3fefb937
404e59b4
402c941d
40713f41
3fe1e6a9
00000000
3fa894b2
40b88591
00000000
00000000
3f3191d4
40b51708
410ab362
00000000
40fef31e
3eed619f
00000000
00000000
00000000
00000000
4033f950
00000000
3f5249a0
403f22e6
3f217347
00000000
00000000
3f041f19
00000000
00000000
00000000
00000000
00000000
40cf07a3
40beb466
40687aa1
00000000
00000000
3ee8efab
00000000
40695669
3fbcb3ab
00000000
40cd07d1
00000000
40b4d175
3f4de43f
00000000
00000000
00000000
00000000
3f9a160f
00000000
3f42a3c1
3f01c16e
3fd7d89d
00000000
00000000
00000000
3f8e5401
3f9d33dd
40a84248
00000000
00000000
4118443d
40662ce6
00000000
3ebe06a8
40c39440
3fbd25bd
00000000
00000000
00000000
3fc2d824
00000000
3f313475
4064314b
00000000
3f654c4c
00000000
403fb561
412b55a3
40c98e40
00000000
3e7ae05a
00000000
3f8186fe
00000000
408f727b
00000000
4045f2cd
00000000
40824f95
00000000
00000000
00000000
40dd161c
4130154c
00000000
3fc08057
409aa571
00000000
4084fc9a
40ecd691
401958d8
00000000
00000000
3f97e924
40a6e6b2
40bf7e6d
00000000
409de06a
3f179c47
00000000
40386369
40c2f90b
00000000
3faf63b0
40823575
00000000
00000000
3fdc2f32
40fca12e
00000000
00000000
00000000
4098bb1f
4017e9c5
40acc8b1
3d35a8f2
00000000
00000000
00000000
00000000
00000000
00000000
40658425
40bce112
00000000
00000000
3feb4eda
3d18cc1a
40397c3f
00000000
00000000
4152c391
00000000
00000000
00000000
00000000
40ea75aa
404cd259
00000000
4023f7ef
00000000
4088aa45
00000000
41226044
00000000
40b20ed3
40227c8a
408d0ed5
40808de7
00000000
40a557db
40f4cde4
3fc1b5e8
00000000
00000000
00000000
408a1aae
00000000
40457914
3fc68645
404394ce
00000000
403fe338
00000000
40aa40d8
41260a1b
00000000
40b99884
407870c1
00000000
00000000
00000000
3f81f186
3f35d2f6
402ca5f7
406eedbe
40f9e091
00000000
00000000
40055c34
00000000
4005f1a0
3fce5416
00000000
00000000
4061745b
40a37cd4
40b3d720
00000000
00000000
3b443680
3e9e7c27
3f513574
00000000
402a08ab
406ad601
00000000
00000000
3e81f4d4
00000000
3fed4c4d
00000000
00000000
4010b4eb
00000000
00000000
40ae09cc
00000000
00000000
40c6df91
3e8725d3
00000000
3ecba42a
3e45197c
00000000
40926b8f
00000000
00000000
4020f41c
3fbb45d6
00000000
00000000
3fd51699
407f43b5
3e46223c
3fc308f5
4069dabc
3d39a67a
40a8e0e7
00000000
00000000
00000000
40d2a3d4
40e82b05
3f870f26
00000000
00000000
407c1d73
41275983
406b858f
4092a59c
00000000
00000000
40e0fcfe
3ec192e6
00000000
00000000
00000000
00000000
3f11e8c3
00000000
00000000
40624b7e
00000000
3fd565df
3e2f9592
00000000
00000000
00000000
00000000
00000000
4014ff9f
00000000
40338b2e
3f5e1c81
00000000
00000000
4024dd26
00000000
00000000
408497f5
00000000
4006b51b
00000000
00000000
00000000
00000000
00000000
00000000
3f1629a9
4090c6a1
00000000
3e2ee15a
00000000
3fbb7a66
3e37d742
00000000
3efec26e
00000000
00000000
00000000
00000000
00000000
00000000
00000000
00000000
00000000
00000000
3f356110
00000000
40d324da
00000000
00000000
00000000
00000000
00000000
00000000
00000000
00000000
00000000
00000000
00000000
00000000
00000000
4036bd6f
00000000
00000000
00000000
00000000
00000000
00000000
4020b018
00000000
00000000
00000000
00000000
00000000
00000000
00000000
00000000
00000000
00000000
00000000
00000000
00000000
00000000
00000000
00000000
00000000
00000000
00000000
40d858d3
40829df9
00000000
00000000
00000000
3fa30615
00000000
3ff56803
00000000
00000000
00000000
00000000
3ff3a067
00000000
00000000
00000000
00000000
407a6fb8
00000000
3ffa3e5e
3ff814c1
00000000
00000000
409187dd
400b4dd6
00000000
00000000
00000000
00000000
00000000
3ec46ef2
404eea35
00000000
00000000
3e9ac834
00000000
00000000
4033f443
00000000
00000000
00000000
00000000
3f8f58ef
4110f4bc
00000000
00000000
00000000
00000000
00000000
00000000
00000000
00000000
00000000
00000000
00000000
00000000
3fabcb57
00000000
00000000
00000000
40417132
00000000
406aeca7
00000000
3e9607b2
00000000
404722fa
00000000
00000000
00000000
00000000
00000000
00000000
00000000
00000000
00000000
00000000
00000000
3e96986e
00000000
3f883e6a
00000000
40353795
00000000
00000000
00000000
00000000
00000000
00000000
00000000
00000000
3faf101f
00000000
00000000
00000000
00000000
3f0a1b71
00000000
00000000
00000000
00000000
00000000
00000000
00000000
3fc6ec1f
3f82300e
4082e6b6
00000000
00000000
00000000
00000000
00000000
00000000
4022edcd
00000000
00000000
00000000
00000000
00000000
00000000
00000000
410073be
00000000
00000000
00000000
402e4c24
00000000
40bbf939
3e076d56
00000000
00000000
00000000
00000000
00000000
4063c06c
00000000
00000000
00000000
00000000
405e4ff6
406e8c4e
3f6fda0c
00000000
00000000
00000000
00000000
3ea14941
00000000
00000000
00000000
00000000
00000000
00000000
00000000
00000000
00000000
00000000
00000000
00000000
00000000
00000000
00000000
40980b6c
3fe333e7
3fe0b0ca
4036a25e
00000000
00000000
00000000
00000000
00000000
00000000
00000000
00000000
00000000
3ea30bd8
00000000
00000000
3e7b15b4
00000000
3fe11592
00000000
40085008
00000000
4099e35a
00000000
00000000
00000000
00000000
00000000
3e6d250e
00000000
00000000
00000000
3fe3b2fe
00000000
00000000
00000000
00000000
3f2a3f33
40910e28
00000000
3feedd9f
00000000
40159a2a
402bf44e
00000000
00000000
00000000
00000000
40058455
00000000
00000000
00000000
00000000
00000000
00000000
00000000
401d6585
00000000
00000000
00000000
00000000
00000000
00000000
00000000
00000000
00000000
3ff4e21b
00000000
3fd7729d
00000000
3de3b8e0
00000000
00000000
00000000
3f40571f
00000000
40877737
40d5c5c6
40de3aac
4045af54
00000000
405a2d42
00000000
00000000
3f89640c
00000000
00000000
3db5efb2
4002c8aa
00000000
00000000
00000000
3f5df326
00000000
00000000
00000000
40459b5c
40109349
00000000
3ff0f3a5
00000000
00000000
00000000
00000000
3f52a946
405debe2
00000000
00000000
00000000
00000000
00000000
00000000
403e525e
00000000
00000000
00000000
00000000
00000000
00000000
00000000
00000000
00000000
00000000
00000000
00000000
00000000
00000000
3e7f79e2
00000000
00000000
00000000
00000000
00000000
4076f680
00000000
40cd9062
00000000
00000000
00000000
00000000
00000000
00000000
00000000
00000000
00000000
00000000
00000000
00000000
40785320
00000000
00000000
00000000
00000000
00000000
00000000
3ff23983
3e552131
00000000
00000000
00000000
00000000
00000000
00000000
00000000
400098bf
4072f018
00000000
40307634
00000000
3f911d30
00000000
00000000
00000000
00000000
00000000
3f25b1c6
4093d178
00000000
00000000
00000000
00000000
00000000
00000000
3f9241c7
00000000
00000000
4082b8a1
4090e3f5
00000000
00000000
3fea57ad
3f85d463
4091b1f6
00000000
404e8b64
3e8e850e
404f3563
00000000
00000000
3f4a093c
00000000
00000000
00000000
40195fb3
402aeaff
00000000
00000000
00000000
3e989c60
00000000
4020130b
4042e564
00000000
40442cf2
00000000
3fff0187
00000000
00000000
00000000
00000000
00000000
00000000
4014b0a9
00000000
00000000
00000000
3e3ed3d0
00000000
00000000
00000000
00000000
00000000
00000000
00000000
00000000
00000000
00000000
00000000
00000000
00000000
3b8b68e0
00000000
00000000
00000000
00000000
00000000
00000000
00000000
00000000
00000000
4084dce1
40265d45
402652ac
00000000
4061b073
00000000
00000000
40419bcb
00000000
00000000
3f8db6db
00000000
3f301d32
00000000
00000000
4031329f
00000000
00000000
4021922d
00000000
407a6425
00000000
00000000
00000000
00000000
00000000
3fd66f58
00000000
00000000
00000000
00000000
00000000
00000000
00000000
00000000
00000000
40737018
00000000
00000000
00000000
00000000
00000000
40353780
00000000
00000000
00000000
402776ad
40143596
00000000
00000000
408c9d5c
00000000
00000000
00000000
00000000
40a898bd
00000000
00000000
00000000
00000000
00000000
00000000
00000000
00000000
3f1c5fd9
00000000
00000000
40041aba
40222a55
00000000
00000000
00000000
00000000
00000000
00000000
00000000
00000000
00000000
00000000
00000000
00000000
00000000
00000000
00000000
3ffd8ebc
40169fb0
00000000
00000000
00000000
00000000
00000000
404d5d80
00000000
3b5f8180
00000000
3e8705c1
00000000
00000000
00000000
3e816246
00000000
00000000
4000d9c3
00000000
00000000
00000000
408e61ab
00000000
00000000
00000000
00000000
00000000
00000000
408e3218
00000000
00000000
00000000
00000000
00000000
00000000
00000000
40f002b2
00000000
00000000
00000000
00000000
402b20d8
00000000
3ecf842c
00000000
00000000
00000000
00000000
3fc0e18a
00000000
00000000
00000000
00000000
00000000
00000000
00000000
00000000
00000000
00000000
4059fb00
00000000
00000000
00000000
3fe9d526
00000000
405b909b
00000000
00000000
00000000
00000000
40515470
00000000
00000000
00000000
00000000
00000000
00000000
00000000
00000000
4044c1e8
00000000
4079441f
406647c4
00000000
00000000
4000fdde
00000000
00000000
00000000
00000000
00000000
00000000
00000000
00000000
00000000
00000000
00000000
3fcd8a28
00000000
00000000
00000000
00000000
00000000
00000000
4010d3cd
00000000
00000000
00000000
00000000
00000000
00000000
3fe5524e
00000000
409d6f85
00000000
00000000
00000000
00000000
00000000
00000000
3ffe14fc
00000000
3fc8c484
00000000
00000000
4066f427
00000000
00000000
00000000
403cf842
00000000
00000000
00000000
00000000
00000000
3fc2dd3e
40fef9bb
00000000
00000000
3fb3e0f4
3f72cc21
3fefa4ab
00000000
00000000
00000000
00000000
00000000
00000000
00000000
3ee07232
00000000
40b90e7d
00000000
00000000
00000000
00000000
00000000
00000000
00000000
00000000
00000000
00000000
00000000
00000000
3ea9d1fc
3f9bc201
3faae7ce
00000000
00000000
00000000
00000000
00000000
00000000
00000000
3fee7749
40ebddf5
00000000
40aab99e
3fec082c
00000000
4050c3b6
00000000
00000000
3fd43869
00000000
3f9caf78
00000000
3dc7775a
40e0a5be
400a066a
00000000
00000000
00000000
405d4e6d
3f6477df
4060b9a5
3fafad0f
00000000
3d56a988
00000000
00000000
3f207b54
3e3f8a40
3ee63bc8
40ff1a94
3fb79796
00000000
3fa6be32
00000000
00000000
00000000
00000000
00000000
00000000
00000000
00000000
00000000
00000000
00000000
00000000
00000000
00000000
00000000
00000000
00000000
00000000
00000000
00000000
00000000
00000000
3fa7aeb7
40a00666
408e4854
405c4fee
00000000
00000000
00000000
00000000
3d7a0ce2
3fd2c4aa
00000000
00000000
00000000
407f3eb3
00000000
00000000
00000000
00000000
3f5eb092
00000000
00000000
409c11d0
00000000
00000000
00000000
00000000
3f8f4ccb
00000000
00000000
00000000
00000000
00000000
3fd09301
00000000
00000000
00000000
00000000
00000000
00000000
00000000
00000000
4095b8ff
400b27b9
00000000
3fc90085
00000000
3e50a684
3ff19d06
00000000
407ce95e
40b450b6
00000000
00000000
00000000
00000000
00000000
3fc719cd
00000000
00000000
00000000
00000000
00000000
3e2147bb
3fd2e16f
00000000
00000000
00000000
3fba36f2
4081ef46
00000000
00000000
3f9c265c
00000000
00000000
00000000
00000000
00000000
00000000
00000000
00000000
00000000
00000000
00000000
00000000
3f4c2ba3
3fdfd40f
00000000
3fcf73e6
00000000
00000000
00000000
3fd8328a
00000000
00000000
00000000
00000000
3f04b859
409390c4
3fdf4dc1
00000000
00000000
00000000
00000000
00000000
00000000
00000000
00000000
00000000
00000000
00000000
400a548c
3ff39edc
4079a709
3ef35d0a
00000000
40b92fae
3f8216e1
00000000
3fe0dd5f
00000000
00000000
00000000
00000000
00000000
40677d93
00000000
409d4250
00000000
00000000
00000000
00000000
00000000
00000000
404f5ad2
406ecb22
40745cb5
00000000
00000000
4018e4cf
400cfe30
40310743
40572526
00000000
00000000
00000000
00000000
00000000
00000000
00000000
00000000
00000000
00000000
00000000
40989a1a
402b05c4
00000000
3eba3e44
00000000
00000000
00000000
00000000
00000000
00000000
00000000
4091e10d
4023d478
00000000
00000000
3d9b8222
3f977164
00000000
00000000
00000000
00000000
00000000
4056bb35
00000000
40a676ba
3fc7b1fd
00000000
00000000
3fbb8869
00000000
4015df82
00000000
00000000
00000000
00000000
00000000
00000000
00000000
00000000
00000000
00000000
00000000
00000000
3f9adb3f
00000000
00000000
3fdaa123
00000000
407b4361
00000000
3ff83463
3eb490f8
00000000
00000000
00000000
00000000
00000000
00000000
40260b25
3fcf4547
00000000
00000000
00000000
402d16f1
00000000
00000000
00000000
00000000
4040de3f
00000000
00000000
00000000
409c3f42
00000000
408058bf
40406313
3f925e3f
3f0bdaef
00000000
408a41e0
00000000
00000000
00000000
3fd90276
404ebe53
00000000
00000000
3eb16528
00000000
00000000
00000000
40a21e49
00000000
3faa5dd4
00000000
3fa04af8
00000000
3fdf42a6
00000000
3e3c49dc
3ebc1088
3f3235b3
00000000
00000000
3fb63551
00000000
3fa26062
00000000
403b9591
3fb298e4
40951609
00000000
00000000
00000000
00000000
00000000
00000000
3fea3a38
00000000
00000000
00000000
00000000
40233c96
00000000
00000000
00000000
00000000
00000000
00000000
00000000
00000000
00000000
00000000
00000000
00000000
00000000
00000000
00000000
00000000
00000000
00000000
00000000
00000000
00000000
00000000
00000000
00000000
00000000
00000000
00000000
00000000
00000000
00000000
00000000
00000000
00000000
00000000
00000000
00000000
00000000
00000000
00000000
00000000
00000000
00000000
00000000
00000000
00000000
00000000
00000000
00000000
00000000
00000000
00000000
00000000
00000000
00000000
3f682218
00000000
00000000
00000000
00000000
00000000
00000000
00000000
00000000
00000000
00000000
00000000
00000000
3f3b10a3
00000000
00000000
00000000
00000000
00000000
00000000
00000000
00000000
00000000
00000000
00000000
00000000
00000000
00000000
00000000
00000000
3f0c3ef2
00000000
00000000
00000000
00000000
00000000
00000000
00000000
00000000
3ed1abd4
00000000
00000000
00000000
00000000
40944f88
00000000
00000000
00000000
00000000
00000000
00000000
00000000
00000000
00000000
00000000
00000000
00000000
00000000
00000000
3fce5f28
00000000
409b52aa
00000000
00000000
00000000
00000000
00000000
00000000
00000000
00000000
00000000
00000000
00000000
00000000
00000000
00000000
00000000
00000000
00000000
00000000
00000000
40826729
00000000
00000000
00000000
00000000
00000000
00000000
00000000
00000000
4022841c
401f21f9
3e854301
403d4d44
00000000
00000000
00000000
00000000
00000000
00000000
00000000
00000000
00000000
00000000
00000000
00000000
00000000
00000000
00000000
00000000
00000000
00000000
00000000
00000000
00000000
00000000
00000000
00000000
00000000
00000000
00000000
00000000
00000000
00000000
00000000
00000000
3d83a788
00000000
00000000
00000000
00000000
00000000
00000000
00000000
00000000
00000000
00000000
00000000
00000000
00000000
00000000
00000000
00000000
00000000
00000000
00000000
00000000
00000000
00000000
40138ced
00000000
00000000
00000000
00000000
00000000
00000000
3f8aaf96
401849de
401434c8
00000000
00000000
00000000
00000000
00000000
40140e07
00000000
00000000
00000000
00000000
00000000
00000000
3ec613a6
00000000
00000000
00000000
00000000
00000000
00000000
00000000
3e9cc494
00000000
00000000
00000000
00000000
00000000
00000000
00000000
00000000
00000000
00000000
405a886f
3f142031
00000000
00000000
00000000
00000000
00000000
3bce4200
00000000
00000000
00000000
00000000
00000000
00000000
00000000
00000000
00000000
00000000
00000000
00000000
00000000
00000000
00000000
00000000
00000000
00000000
00000000
3f83a07e
00000000
00000000
3f3dee38
3dc7a658
3fa593be
406fa794
00000000
00000000
00000000
00000000
00000000
00000000
00000000
3f3f1ad9
00000000
00000000
00000000
00000000
00000000
00000000
00000000
00000000
00000000
00000000
00000000
00000000
00000000
00000000
3fb2df2e
00000000
00000000
00000000
00000000
3d6fa230
00000000
00000000
408bb58d
400bd005
00000000
00000000
00000000
00000000
00000000
00000000
00000000
00000000
00000000
00000000
00000000
00000000
00000000
00000000
00000000
00000000
00000000
00000000
00000000
00000000
00000000
00000000
00000000
00000000
00000000
00000000
00000000
00000000
3db76800
00000000
3f34a188
00000000
00000000
00000000
00000000
00000000
00000000
00000000
00000000
00000000
00000000
00000000
3f9f31a6
00000000
00000000
00000000
00000000
00000000
00000000
00000000
00000000
00000000
00000000
00000000
00000000
00000000
00000000
00000000
00000000
00000000
00000000
00000000
00000000
00000000
00000000
00000000
00000000
00000000
00000000
00000000
00000000
00000000
00000000
00000000
00000000
00000000
00000000
00000000
00000000
00000000
00000000
00000000
00000000
00000000
00000000
00000000
00000000
00000000
00000000
00000000
00000000
00000000
3e73881f
00000000
00000000
00000000
00000000
00000000
00000000
00000000
00000000
00000000
00000000
00000000
00000000
00000000
00000000
00000000
00000000
00000000
00000000
00000000
00000000
00000000
00000000
00000000
00000000
00000000
00000000
00000000
40860023
00000000
00000000
00000000
00000000
00000000
00000000
00000000
00000000
00000000
00000000
00000000
00000000
00000000
00000000
00000000
00000000
00000000
00000000
00000000
00000000
00000000
00000000
00000000
00000000
00000000
00000000
00000000
00000000
00000000
00000000
00000000
3e47adca
00000000
00000000
00000000
00000000
00000000
00000000
00000000
00000000
00000000
00000000
00000000
00000000
00000000
00000000
00000000
00000000
00000000
00000000
00000000
00000000
00000000
00000000
00000000
3eaf8a38
00000000
00000000
00000000
3f4d3908
00000000
00000000
00000000
00000000
00000000
00000000
00000000
00000000
410d161d
3b193500
00000000
00000000
00000000
00000000
00000000
00000000
00000000
00000000
00000000
00000000
00000000
00000000
00000000
402c454f
00000000
00000000
00000000
00000000
00000000
3e62df5f
00000000
00000000
00000000
00000000
00000000
00000000
00000000
00000000
00000000
00000000
00000000
00000000
00000000
00000000
00000000
00000000
00000000
00000000
00000000
00000000
4081acd1
00000000
40338106
00000000
00000000
00000000
00000000
00000000
00000000
00000000
00000000
00000000
00000000
00000000
00000000
00000000
00000000
00000000
00000000
00000000
3fb55990
00000000
00000000
3ea18ea9
00000000
00000000
00000000
00000000
00000000
00000000
00000000
00000000
00000000
00000000
00000000
00000000
00000000
00000000
00000000
00000000
00000000
00000000
00000000
00000000
00000000
00000000
00000000
00000000
00000000
3eff5ebb
00000000
00000000
00000000
00000000
3ec4fe08
00000000
3f071d85
00000000
00000000
00000000
00000000
00000000
00000000
00000000
00000000
00000000
00000000
00000000
3fe8aa06
00000000
00000000
00000000
00000000
00000000
00000000
00000000
00000000
3f5a9c48
00000000
00000000
00000000
00000000
00000000
3f7a1bdb
00000000
00000000
00000000
3fc89a10
00000000
00000000
00000000
00000000
00000000
00000000
40525581
00000000
00000000
00000000
00000000
00000000
3fd9875c
00000000
00000000
00000000
00000000
00000000
00000000
00000000
00000000
00000000
00000000
00000000
00000000
00000000
00000000
00000000
00000000
00000000
00000000
3fcc9916
00000000
00000000
00000000
00000000
00000000
00000000
00000000
00000000
00000000
00000000
00000000
00000000
00000000
00000000
00000000
00000000
00000000
00000000
00000000
00000000
00000000
00000000
00000000
00000000
00000000
00000000
00000000
00000000
3f152336
00000000
00000000
00000000
00000000
00000000
00000000
00000000
3fdd94ea
00000000
00000000
00000000
40320cb0
00000000
3e9da9fa
3f8a22ac
00000000
00000000
00000000
00000000
00000000
00000000
00000000
00000000
00000000
00000000
00000000
00000000
00000000
00000000
00000000
00000000
00000000
00000000
00000000
4030ab5f
40529254
00000000
00000000
00000000
00000000
00000000
00000000
00000000
4023a312
00000000
00000000
00000000
00000000
00000000
00000000
00000000
00000000
00000000
00000000
00000000
00000000
00000000
00000000
3f41ee1e
00000000
00000000
00000000
00000000
00000000
00000000
00000000
00000000
00000000
00000000
00000000
00000000
00000000
00000000
00000000
00000000
00000000
00000000
00000000
00000000
00000000
00000000
00000000
00000000
00000000
00000000
00000000
3f1f0245
00000000
00000000
00000000
00000000
00000000
00000000
00000000
00000000
00000000
00000000
00000000
3f210e5a
00000000
00000000
00000000
00000000
00000000
00000000
00000000
00000000
00000000
401eefb0
4008ac75
00000000
00000000
00000000
00000000
00000000
00000000
00000000
00000000
00000000
00000000
00000000
00000000
00000000
00000000
00000000
00000000
00000000
00000000
00000000
00000000
00000000
00000000
00000000
00000000
00000000
00000000
00000000
00000000
00000000
00000000
00000000
00000000
3fb48d16
00000000
00000000
00000000
00000000
3e0fa59c
00000000
00000000
00000000
00000000
00000000
00000000
00000000
00000000
00000000
3f345422
00000000
00000000
00000000
00000000
3f8fab3c
00000000
00000000
3f0387b1
00000000
3f73b6f5
00000000
00000000
00000000
00000000
00000000
00000000
00000000
00000000
00000000
00000000
00000000
00000000
00000000
00000000
00000000
00000000
00000000
00000000
00000000
00000000
00000000
00000000
00000000
00000000
00000000
00000000
3f4f6182
00000000
00000000
00000000
00000000
00000000
00000000
00000000
00000000
00000000
00000000
00000000
00000000
00000000
00000000
00000000
00000000
00000000
00000000
00000000
4016b93c
00000000
00000000
4028ba34
00000000
00000000
00000000
00000000
00000000
00000000
00000000
3facc9b8
3cd2d040
00000000
00000000
00000000
00000000
00000000
00000000
00000000
00000000
00000000
00000000
00000000
00000000
00000000
00000000
00000000
00000000
00000000
00000000
00000000
00000000
00000000
00000000
00000000
00000000
00000000
00000000
00000000
00000000
00000000
00000000
4004cd8c
00000000
3e57d31e
00000000
3fcf7c0c
00000000
3f04cfcf
00000000
00000000
00000000
00000000
00000000
00000000
3f6f3d38
00000000
00000000
00000000
00000000
00000000
00000000
00000000
00000000
00000000
00000000
00000000
00000000
00000000
00000000
00000000
00000000
3dd346bc
00000000
00000000
00000000
00000000
00000000
00000000
00000000
00000000
407344db
00000000
00000000
00000000
00000000
3e22d4c0
00000000
00000000
00000000
40900d29
00000000
00000000
00000000
408fdbe7
00000000
00000000
3e444a9c
00000000
00000000
00000000
3fca7da9
3fb2464b
3f988499
00000000
00000000
00000000
4063d9db
00000000
406f359e
00000000
00000000
00000000
00000000
4064b0bf
00000000
3d084604
411beac0
4017e07b
00000000
3f8a9872
00000000
40ebafb2
00000000
00000000
00000000
4097ab88
00000000
4030c8b2
00000000
410d8c3b
00000000
00000000
00000000
409477ea
40b0da6c
00000000
3f4fc08f
00000000
00000000
00000000
3f1d2df0
00000000
00000000
40381b93
407de677
40a04d54
00000000
408879c0
4138e488
40ececed
3fef3c85
3f23d60a
00000000
4036fb69
00000000
00000000
40bdfca6
40d01e5c
00000000
00000000
00000000
4099358a
00000000
00000000
00000000
00000000
40a6d587
00000000
00000000
00000000
00000000
410734b0
3fd2c5a1
00000000
40cc7f2c
00000000
00000000
00000000
00000000
00000000
00000000
3fcd0881
00000000
3ffe3e27
40fbfcdc
3edb6324
3e271430
00000000
00000000
3f5b9d9c
400932b4
3e8f5bfb
00000000
409372f7
40c10488
00000000
00000000
3ffc0eca
4091df14
408c156f
3f70866d
40f3b7fc
00000000
3fe73efe
4045137e
00000000
404d4562
3f00b712
00000000
00000000
40f3e66a
00000000
00000000
00000000
00000000
00000000
00000000
00000000
40817b89
3f9a35d4
00000000
00000000
00000000
40c352f8
00000000
00000000
40dcf121
00000000
40c863de
00000000
3ef0753c
4072d472
3face242
3f5673d9
00000000
405c7208
00000000
00000000
00000000
00000000
00000000
3ff84a5b
41828152
00000000
00000000
4013dee2
00000000
40c5d2a8
00000000
00000000
40321995
4086f71d
00000000
3dc66336
00000000
40e2f53f
40375a83
40516b05
3fff350a
00000000
00000000
00000000
40490fa4
00000000
00000000
40658199
00000000
41404045
3fb75a0c
00000000
3ff9f90c
00000000
3ffd4436
3e81405a
00000000
3fa8431f
41031450
4024ec10
00000000
3fe24a0c
00000000
404b5496
00000000
00000000
412f5d72
00000000
00000000
3fe6c067
00000000
402d0dbf
00000000
40e3604e
00000000
3fae4967
00000000
00000000
406e5b9d
3fac7f04
3d6dace2
40e9fbb8
00000000
00000000
3fb65d70
00000000
408a50ec
404e948c
400cd8e1
00000000
00000000
4116db41
409cf504
00000000
40a016ef
00000000
00000000
00000000
3ff75c82
00000000
00000000
00000000
410fc0e3
402deea3
00000000
40c4b8d1
00000000
3fcf83fc
00000000
00000000
3d8a59ef
00000000
40390d34
415dba9c
00000000
3f95127d
40bf7868
00000000
00000000
00000000
40364a4a
00000000
00000000
00000000
40c98652
00000000
40a70974
00000000
3ffdd1be
00000000
00000000
00000000
00000000
00000000
40d1dcbb
00000000
40818be4
00000000
00000000
40c0c28d
3ffbd0b0
41205837
4100afa5
40842f40
40a7f39f
40ba5bda
00000000
4094da9b
40d9b04f
3f09c943
00000000
408523fc
402163ce
3f521805
00000000
00000000
00000000
00000000
3fa2edd4
3f6c1892
00000000
40cdba3e
00000000
4058fb83
00000000
00000000
401e0fde
00000000
3fbd44fc
00000000
4055e97d
00000000
00000000
402a29a3
00000000
00000000
4094480e
403de697
3c9c33c8
00000000
410eeca1
408bd642
40b7ab8a
3f85f010
3fbd8b89
00000000
3d085168
00000000
40a2adf6
00000000
404ee0ae
3f89c383
41023e4f
00000000
00000000
00000000
00000000
40f126d3
00000000
40d96dac
00000000
00000000
41781f0c
00000000
00000000
00000000
4018c026
40569a30
4098785a
00000000
00000000
00000000
00000000
00000000
3eb9bb38
00000000
402b7ed4
40c347bc
00000000
00000000
3fb6b5bf
00000000
00000000
3f7f0110
410544e8
40d2fea0
40660d7f
00000000
00000000
00000000
00000000
3e94130c
00000000
409c79df
40c273eb
00000000
4128d9b5
40412550
00000000
00000000
40e27219
00000000
00000000
00000000
00000000
40922fd8
00000000
00000000
00000000
4090ecac
3fbee1ea
400ffccb
40921af4
00000000
00000000
00000000
00000000
4046e887
00000000
40b689c1
00000000
00000000
4040f4cd
00000000
3d0e3580
00000000
00000000
4017fdb4
40a7eb61
00000000
00000000
00000000
00000000
00000000
00000000
00000000
00000000
402d16eb
00000000
408bac14
00000000
00000000
00000000
40f6c126
00000000
404cbf14
00000000
00000000
4013cf97
00000000
40d35979
00000000
00000000
00000000
00000000
00000000
4040146b
00000000
403524ab
40476c58
3e0e0ad7
40bde3b5
00000000
00000000
40938f4e
00000000
00000000
00000000
40131213
00000000
40c86284
00000000
00000000
00000000
00000000
40393d4a
404c65c0
40ab9228
00000000
00000000
401ed489
00000000
400dcd03
3fe548e6
4049e167
00000000
00000000
3fdc5357
00000000
40a02d08
00000000
40ceb486
00000000
00000000
4015b80e
00000000
410d0785
00000000
40c69130
00000000
40e9819e
00000000
40bbe078
00000000
4098cef8
00000000
41049a8a
00000000
3fbdaea5
3fb2efc5
00000000
00000000
00000000
00000000
406ccb07
00000000
00000000
40da1d51
40b9c4a2
40c8463f
00000000
4129bd5c
00000000
00000000
3fe942c3
00000000
00000000
00000000
410eb5f0
00000000
00000000
40c078a7
00000000
40830719
3fed505e
00000000
00000000
40325bd5
00000000
3f348f7f
40d6b9fb
404c9e92
40954d5b
00000000
40c7202d
4084d6c1
00000000
00000000
00000000
3f3f13a3
00000000
00000000
00000000
413f3ec0
00000000
00000000
405bd68c
00000000
4110f8e6
00000000
3fa74824
3f63fd20
3fb9962c
00000000
00000000
402e60d4
402d4779
00000000
40ff1f99
4027d6e6
00000000
40d66b8c
407f376f
00000000
00000000
00000000
00000000
00000000
40575fd0
40d7a9c8
00000000
40e58180
00000000
00000000
00000000
3f063752
00000000
00000000
00000000
00000000
3f381410
00000000
407c81aa
3f7c0284
00000000
3eaeb0e3
408c7e97
410909ea
3fb0257b
00000000
40dbb4f3
00000000
3eae83a8
3f2b66a9
40f9d107
3ec75868
00000000
00000000
3f1bf1c7
40120f27
403b4a16
00000000
00000000
00000000
00000000
00000000
00000000
3e34e391
00000000
00000000
404283c7
00000000
407480d4
00000000
00000000
40f23ee0
00000000
00000000
40a458bc
4075c7aa
00000000
00000000
408c8098
00000000
00000000
400efad6
00000000
40d6d567
412bef94
00000000
00000000
00000000
418d7a36
00000000
00000000
410a4979
00000000
407613b9
00000000
402299e6
00000000
4083f2fb
411bf772
00000000
40c765b5
00000000
40eef8e8
00000000
00000000
00000000
00000000
00000000
40d348a7
00000000
00000000
40381dab
411a709b
00000000
00000000
00000000
3efcac78
00000000
00000000
3ffc3d10
408179cd
00000000
409f4ab8
40c09688
00000000
408f1d3d
4001d089
00000000
00000000
40c08836
00000000
00000000
00000000
00000000
40bd40ab
00000000
4123b8aa
00000000
3f5d757a
00000000
40a5c2a2
00000000
00000000
3e7e2e92
4077597f
00000000
41106f2a
00000000
40b556a7
00000000
00000000
00000000
4003f82e
00000000
3e76bd7c
40da6e2f
3f60c200
00000000
4067f7ca
00000000
00000000
40b3a136
00000000
00000000
00000000
00000000
00000000
3fbde26b
3f6fc259
3f8b6ab7
00000000
4043872a
4162d44b
00000000
00000000
00000000
00000000
4017da48
00000000
3ec5a408
00000000
00000000
40103ef3
00000000
00000000
00000000
00000000
00000000
00000000
3f3f4545
41161f53
401cf251
00000000
00000000
3d8bce5c
00000000
00000000
3cc2d758
00000000
00000000
402b60bc
00000000
00000000
40158a2d
3f121509
00000000
40e7a549
00000000
00000000
40474026
404e1646
40abb4e7
00000000
00000000
419dce08
00000000
40340f46
3f110fa1
40533ef8
40a9e9e4
3fcef6d6
40bb8f5c
40846da7
00000000
00000000
3f12277a
41541cf4
00000000
3f337cef
40bf5869
406a0b50
00000000
408d290e
4019bf19
00000000
00000000
00000000
00000000
412fefe3
00000000
00000000
00000000
00000000
40fedee4
00000000
00000000
00000000
00000000
00000000
00000000
00000000
00000000
00000000
405d5803
00000000
00000000
00000000
00000000
00000000
40b229fd
00000000
00000000
4112cfa7
00000000
414723dc
3fecb625
00000000
3f33b9be
40bce810
406ee2ae
4050d8f4
00000000
409350f3
00000000
40388c29
00000000
00000000
00000000
00000000
4106d62c
40ab17e3
40a8d38d
00000000
00000000
00000000
00000000
40238411
4099ef03
3ed999ec
00000000
00000000
00000000
00000000
00000000
40ed36b5
00000000
00000000
00000000
408313cd
00000000
00000000
4005ee2d
00000000
40fb3532
4045e0b9
00000000
41021a62
3f656882
00000000
00000000
00000000
41172902
41065132
3cfc80a0
00000000
3fb7a70f
3eddee22
4087a392
00000000
4107012a
00000000
00000000
409ac7f4
40b9c83c
00000000
00000000
40abbfcd
00000000
00000000
00000000
3f8b14fe
00000000
401a2c15
00000000
3ff5681b
41081042
00000000
40c3beea
00000000
3f724470
00000000
40be6a70
00000000
4008ff83
410089f2
00000000
00000000
3f2e6b7a
40accb8b
00000000
00000000
3f1523b7
00000000
00000000
3e8de48f
4047ff22
00000000
3e36829d
00000000
00000000
00000000
00000000
00000000
3f007d5b
00000000
00000000
4022a4ad
40289b74
00000000
4112da7b
40c64f59
409563c6
00000000
00000000
406d389b
00000000
410972a7
00000000
00000000
00000000
40aeda5f
4065d56d
4067b6ad
00000000
00000000
00000000
00000000
3fb77b3f
00000000
41033c9c
3fa67dfd
40b49e1e
3d861e66
00000000
40845500
3f491df2
3f1c05b6
3f37a78e
00000000
404ffc03
00000000
00000000
00000000
404a8218
00000000
00000000
00000000
00000000
41197384
413bccbc
00000000
00000000
00000000
3f68d574
3e73e89a
00000000
00000000
3ebb4fa8
00000000
3fbb4e76
00000000
00000000
4083f552
3e1a57ec
00000000
400567f9
40840c79
00000000
3fced191
40b6a71f
00000000
4116cdc4
00000000
402e1233
00000000
4091bde1
3ffce89f
41148cd5
40c617c7
00000000
00000000
3f9ee436
00000000
40a28a2e
00000000
40054b22
4107e269
00000000
00000000
403e2332
4059ad5c
00000000
40ad7dc9
00000000
40e25dc2
00000000
00000000
00000000
00000000
3d3ca21c
00000000
00000000
3f4e5b4f
3f364b3b
00000000
00000000
405b2e98
00000000
00000000
3e4c9b54
00000000
408b4b37
00000000
00000000
00000000
00000000
00000000
00000000
405e3854
00000000
00000000
3ee15dac
40fbe930
00000000
40cb62e1
00000000
3fbfadb2
40ce5114
3fb6685a
40334d5a
404a31d2
40a5beb1
40e651df
407eb7ae
40d19cbc
40d3e20d
40a56858
40883d0d
408083de
4080cc49
4080f32e
00000000
3feb37ba
4093fbff
40f913cf
40e52fe3
403fcbd3
40a0f03a
409f48fa
40479834
40610510
4067b264
40d13786
4091cc30
3f793e05
403ac48f
406c3a58
3f670e73
3fa313bc
4119dfd9
40d3b6a9
40b33969
401fb3da
400cce6f
408b4e6a
404f1598
4110a81f
4112e641
40b778be
40c1590b
40b77c51
40ddc2cb
4083df0e
40ccf460
40ab4f36
40cb7793
41088d0b
40d00629
408f80f4
41101a86
40f4b385
40fe871b
410f84bb
40ef8ffd
410f0ef3
40c0b1d9
40c104c0
40ad38e1
409ddf44
00000000
00000000
3fdbf896
40300309
40a6e9b1
40874994
40983b7f
3fe85aca
00000000
41096778
410454c4
40fbe907
40338a38
409129eb
4049a2b6
40145013
40b1a434
3ffc2786
40c29c2a
40ad8d81
40502792
408213da
406c429a
40725a8c
40483af2
409087d2
40cf7e36
40860991
3fc7ea3e
3f8b0cb2
3f8f253c
4000143a
400d7251
406697f2
00000000
40889132
40a4dbaf
3fd39bb6
3ff1c68e
4070205c
40b023b0
40a1502b
40cfcb76
40f46f8f
3f8af79e
40511d2e
40a4e265
40544ade
401d19db
408ad1bb
40094d3a
410ac354
41141de0
407c5b20
409b2c12
4097ce47
3f73aa0b
00000000
3f6deae9
4085aef3
40b79b10
40b77a4d
40236648
40670cf6
40bbccd8
40a4b908
40d70299
40cfb2ea
40db6419
40920782
3ff982e8
00000000
3fafe336
407963a6
40b5ac3d
409a538e
3f5c6f5b
40afbd16
40253898
40257c62
4085fe08
3f51e25f
3f7e2599
40ca7056
40cfa202
40bc4987
40ba9af4
3fa607e4
408fdb43
408820f3
4097eb8b
40c0caa6
40900d2f
408d3a88
40959a8c
40cd24a5
401970e4
4057da3e
4087f12c
40900ecc
409f4e51
3f97536c
3ffc2d54
3f490f85
407a3cd2
407d38d6
00000000
00000000
4023e207
40a6dfea
4044c1e1
40b2c445
407a064a
40374550
40507b72
00000000
409ef502
409fad58
408dc035
40f86a47
40c7ec09
401427e9
4055e0ac
408d4638
40a4ca26
40b4a475
40cc1fc0
40a19c8b
403701ae
40855a21
40909889
40eab685
40920874
409f3b4f
40af5b9d
3f89f046
4099c4bc
40a1e0fb
408e1dea
3f8c1e52
3f03f539
3f9737be
4022b93e
401d9f41
4073bef2
4063ff14
3f2e2447
4092b968
3fe823da
403b599d
40805de9
40ea0359
403a4003
400d3090
410586eb
408b41e7
411e124d
41064b3b
40b3cc50
4031039c
3fc4ab6e
3fcc6e1c
3f85b60c
403ec426
3fcfab5e
4021db68
3fd5687a
40cb1a91
40616810
4051dc50
40c80717
4126684c
40bbfe22
3f872c0c
409a9e2b
409224ff
3f98bac4
3e3a2cb4
3fae160e
40ac32c0
4015cd7b
40e05fbc
4119a6dc
408f34ad
40044601
406cf316
40bea721
40c5715d
40d115cb
40860174
3fdfb894
40739092
4036e271
4087130b
40941d4a
409f2f65
4034fc27
40125418
3f9cdcd6
3fdd07d2
00000000
40345dfe
4052c386
40d26d8a
40a4b85c
400f04c6
00000000
4026c49f
3fcd9946
407a9fdc
40848781
401bb2c3
3fdfe5cc
40ddc2f7
40fa1e35
4061a0a8
40b32949
4094f244
40229b99
4107b263
41276c88
409a7830
4114c2dd
4122bdd5
40bbe3be
4069dc02
40bfa976
40c1fd99
41202749
4036be40
406911f4
00000000
3ff280ec
3fa3957c
4006b5a8
3f8261ca
40e62e37
4056ef24
3f4fdf17
00000000
3f988112
40cd0de7
40910ecd
403c45cb
40c490f5
410ed767
40e3babb
40e6ee9f
40870144
41003499
410f402d
4035e98e
4104d037
4102ca7c
40f5e7b7
401a45ca
3f232ca3
401deff0
40fe155d
40bd90e9
41124e44
40ef9967
404ddf52
3f540c5f
00000000
00000000
3fd40910
00000000
40905090
4029276d
40e27a31
41111cb1
4017e42d
3f77c6b7
3e3e548c
3f4880d3
40f085ad
3fec1dd0
40b092fd
40da76fc
401cab2b
40ba31da
40ac0462
40d837c3
4125355a
4122e24c
40fdd2b3
40e5b831
40a420d9
40788ef6
41139ff0
40f3b777
40addc14
40b28870
404e6ef6
408a3812
3fdb7c2c
3f2a2a8d
00000000
3e2950fc
3f73c093
4091225c
40ce369f
40fb0baf
408cf840
40bb471d
401bf47e
406eda54
3fbe82d0
40b6d5e7
40afa9c4
402d57c1
40f8e8c5
40715f9a
410522e2
41155351
4102e878
409bfa49
409a7914
40a772fe
4011b441
3fdf1b8c
40405fa0
40ed92bf
41056f54
4105e847
40d48535
00000000
409abe90
3fd0ca3e
3fa1da80
4030c6af
3fd84cba
40e9f6bf
40555076
40b3f5be
4089eec8
4098e6a3
3e1f828c
4039ccfa
40cb9f65
40b3851e
40467976
409e006e
4099d182
408df318
40ccb3bc
409c04cb
40aecbf0
3fc1f6d8
3f057fcf
4019698a
4006d815
3ee5260a
409fcd00
3f9bb52e
00000000
4048e520
40c074b2
4006530c
406a79a4
4031e306
40db40b0
40a5cf82
40563b82
00000000
401577ca
402d5efe
40f49981
40a313e6
401d39ce
401a9e9c
3fb38876
00000000
3f058e43
3ff823ec
40e26694
40d47bc5
413ebdce
411e2a18
40b95305
3fd47954
401f450b
3e871132
00000000
00000000
4050ca5c
4086def3
408a9a42
40565d50
3fe191ba
3c86d920
405127de
40844c25
4094d584
3fc2c380
408b881b
401c6b66
3f8b0cea
3f03c2d9
40889a83
4107e49c
4024f6c1
3fea9150
3e78a134
00000000
00000000
00000000
4032ba9e
40923e45
40a12d93
40f4ad69
40f3351f
3faf54f2
40257cf8
3ed022b2
3f76e2c1
3f089b4d
3fd86e1c
40618b9a
40425b29
408b21ee
40556ecc
40b8d9cb
4051afae
3fd36302
3f399241
4097c879
40979bc0
41068396
3f82b8d0
408f86a7
409a2648
4083025c
406037ee
408547d5
4098deae
41025ded
402fc683
40532808
409324fd
40cf5a93
405f65a0
40abef3c
4093bb24
3f4708d1
401ab8a4
3fe7aab2
3f80b112
40bbe4ee
40185f44
3d031b10
412bf7da
40975feb
4078a6d4
402f5e4b
40935b32
4066fdca
40ad4fad
406108b8
408f9f58
4100ee4d
40af8665
410bff31
3f9a2150
4042a8f5
00000000
00000000
00000000
410d125b
408a5d28
405946be
40722904
40788542
40e19487
3fdc4688
40dcd8c5
4001871b
4107fc95
3e2aa384
400f6b74
4011c837
402d52d8
40289abe
40902be2
40b978b0
3fc2cc88
4096ee8c
3fbbe614
40f76de1
40996b81
40027d8a
40e498dd
402ae6de
00000000
4092e528
407ab7f2
408f58ce
3f477cf7
403ae8ed
410346c0
41469b05
40fd4001
40cd07ea
4038037d
40c8a3af
4064cc50
4132a50b
40acc417
40efcea3
408e814c
406bba4e
40307ccd
4015f3ab
40854178
40635cc6
409d2550
402adbad
40cc017d
3fbb109e
405cedb4
3ff62e10
40cf1bc5
40c34601
40cb587f
405efc6a
3ee95082
4015cb02
3fc0c52a
40a8274a
40ae1522
3dfc0658
40978162
3f0ed951
402ea56f
4021668a
00000000
403a2cd1
00000000
40bed043
405829ec
4004cca1
40647062
41072e47
4054c216
404200cf
404eadce
409f96c6
40b26297
40e0768b
3faaaa4a
40ee49c7
4115e0f0
40fb3a4d
4058ccc8
4066c4e2
40f6ffe7
40c9d375
40bcb740
40723776
40fd9181
4068707c
40f6ddcb
40248bb8
40a4b631
401fdb1c
40973d4e
4037c773
40c329c3
3fe66dc4
40455e01
401f9929
408123c2
40443a3f
40931125
40cf6b24
403585d6
401ce6cb
00000000
00000000
41037ca6
40b8b3f7
40ebfe2d
40ae0faf
408fbb23
40fa6e8b
40361b65
408071bd
403a49e6
407d104a
40d0376d
40bb214d
40b90e3f
40b10476
407c6224
40acab81
3ffe26aa
40292346
3f5034b9
40827538
40091369
3fca538e
40963c66
40d40f49
3f8c1c18
4090bf6e
408a0a79
409bb0bd
400c183d
3f57c1d3
3a593800
404b1a0e
408f1242
409358a0
40eea141
3e519e6c
40136446
403a8f9c
40d88e77
40624e32
406156a8
40e1d174
40c0b661
40e1eda5
40a71357
40e3948b
40dfd76e
40e4df25
4084dad7
40b987ac
408f5ee9
3f9eba90
40190e5f
3ef56f56
00000000
40acc17a
4082641e
40970a6b
3fab51a6
408646c1
00000000
4084f339
4041fa0f
409522af
40a704d1
40d3a270
40ee4285
41020b47
40856ecf
4078458a
41233e7b
40b35e93
40d11982
4010f5af
3f785d1b
406712a6
40329602
40210471
40ce67f1
3f1c1749
40fe56a1
40e812ef
405d5cfe
3f175dd5
40506b88
4038433b
3f80a6e6
407a6f8e
3fb502b0
00000000
40c03902
3f0a49bb
3fa7fc2c
4097dc84
406b41b8
3f02e7a1
40962943
4092820a
40c2544a
40bc6db7
3fc67094
401c187a
40920318
40dcd0cf
400b7c4a
3ef108f2
00000000
4065d594
3d014c90
409c55e8
00000000
40ae62d2
4119e63b
40550928
410cd982
3ecb4cfa
40647fbe
407ae748
401dcb2a
4095be31
40d070d4
40421454
3fe41834
40ff5d7b
405ef874
401b76cb
406b57c6
3e8b1f26
406b4166
40abf63f
40e23446
4035c072
00000000
400893a8
40533c7a
40598722
40441e47
4024394c
4070d82c
00000000
40a2737c
40727376
40319353
40c6051c
40f76d49
3ffd25e8
40249f37
40140f2f
408bcfa9
4036a928
00000000
3f0b91c1
41083520
412114dc
4084620c
40a2e235
4059d07a
408c6315
40861b21
40c95488
40577784
400e7350
409d08ce
409fdc0c
4068d964
40d1f3fd
40672fb4
405ffa7a
3fb0de48
3f4ae6cb
40e0899f
40bc27c9
410d6399
412d8aee
3fb6b27a
410c4011
40d6d97a
405337b2
00000000
3fb922b8
40412611
403c11ca
3d6d2dd0
40281ac1
40d7925b
406c5f50
40e7da21
40f27751
40b58244
40064d48
40609c5a
405e5ef8
408f2428
4061deb0
4026bab3
40e8a6d9
40c85e62
408b1e3e
40ae0bff
408e4a0d
4027d4ea
403bff67
3fd27efa
40ac830a
40983c61
40a0037e
40c79f6e
40be689b
409a5764
3fee548e
00000000
3e8cd482
40612d2e
3fbfe3bc
408368f9
40b9e2ae
405fe376
40a9e1ed
40346413
409d6ca6
4062d370
3fb82bd6
3ff29946
401b05e9
4090c0f0
404591a3
40c17bc9
40b4708c
414843e2
40bd5c23
40a3a301
40c2cebf
3f5de987
00000000
4026ced4
40125e41
40982b16
40f3fc6b
40f068eb
409e0b58
40a78821
00000000
00000000
3f756dff
00000000
3fbe2e6c
403889ba
3edf404a
00000000
4082bc9d
404a3d2c
403c146f
3f8a4f26
00000000
40cb2db9
00000000
40d4eccb
406cd8ea
00000000
4084e38b
40efc0ad
40b4a0e8
40a91d3f
40b8ca6e
404f2f34
4056df7a
3ee72fc2
40b4f80d
40aaae18
40e28175
40fd5a3f
40927bc4
3fac88a8
40738680
40240e83
40217489
3f115c3b
40d0721f
3f5cc0ad
408af805
405b9540
407d0148
40bdd9ef
407d7bac
40b5b0ac
404b5be6
408578b6
4045af89
3f08da1b
3e3facf4
4071e51a
00000000
3f46045b
40cb45d5
400286aa
3ff4c1aa
40e2cb26
40ed2f17
3f88f296
3fd6999c
3fac89ac
40762244
40fbc189
40e64ec1
407b175c
3f99ab76
3fa1e782
3f357691
3ff6dc9a
4054811e
40a9e19f
40c3d5c7
3fdb35f8
40045931
40064619
4092def9
40305309
3f87e41e
4084b42c
406929da
409e9f8d
3f75bcaf
4068b3b2
40838339
4088824b
400a1d4f
4098a1bb
4002b4ee
40956546
403948e1
405b1d54
408ea1cc
4088beed
40ccce8e
403febdb
4124d471
4103b47a
400554cd
40c99857
407b6292
40c8210e
3f9b94c4
409d0dfb
4064ca6a
3fc8b6a0
408e9571
40b23a82
3fd44ec8
40a03091
00000000
00000000
00000000
4004e75d
00000000
3ee0f3ea
404d5352
3fd7f2c6
401acae4
402f4488
40006447
00000000
00000000
3fc2d1ee
4057f356
409f9cea
3fec4ee2
404de70a
40e74dfb
405751d2
3e201184
4024bbf4
00000000
404c4706
3ff29a8a
401dd517
3f3341c9
40956ecc
00000000
00000000
3f8ce1a8
3f3d2421
3f321fb1
3ef95c76
40020208
4074eb7a
40631f33
3c592960
00000000
00000000
40d2f2db
00000000
40079cc7
401eea09
4088f458
404b1cff
00000000
00000000
40dc02f3
407f4fb4
3f87b8b6
00000000
00000000
3fe20012
00000000
00000000
3fd34a78
405dbe02
00000000
00000000
00000000
40c0c807
3e59d174
40272786
408d5d8e
4187b845
408a35d3
4046844e
40b74f38
40a5f4fe
412d720c
00000000
4197acf5
40c1ba0c
403c44d7
40eb6232
40efa259
40e1a0ba
4071e2de
4025b2ab
4049d8a7
41108002
40e1f4a2
40767018
41056b1d
41059ac1
40c6c984
3ff36f64
405a835e
4093e4e2
410f4116
4082816e
00000000
40b3b405
41231602
404871cd
00000000
00000000
4072991e
41611e4b
40d7300a
00000000
00000000
40dd1cf9
4115d228
3fd35e7e
40d015ca
00000000
4048f5c1
40640ca6
00000000
00000000
40cf05b5
413b11a9
4035d788
00000000
40c3fca2
40dc8bd1
00000000
3f2538be
41006f91
41209c1c
3f34d9db
00000000
00000000
40f5217d
4104bc4c
40769f70
00000000
3ffe9c4e
41295bcf
40f94bf0
00000000
4089e55a
41026bd2
40d5e807
00000000
40908b96
411ad81a
00000000
40343598
40b06c52
402e6f52
40a3def1
00000000
405d8569
414625a2
3f22ffd4
00000000
401d12d4
40aaeaa9
00000000
00000000
41183014
411883ed
40e14d8f
408474c1
400dc9df
40f8f03e
00000000
40208987
40455f22
402829f8
4189e3d9
00000000
3ed08bd8
40dc3984
41479db6
3ef18fce
415cc7f0
40f2e5f0
3f9af210
3ef3c866
4045461e
410ed7b2
00000000
00000000
401cbdab
410a910b
40bf26b3
403d146f
00000000
3efe23c6
40caa48b
4100d593
40f098da
4098eeb1
40e438a4
402cba9d
40902511
40a8b6b5
40034153
4066e1e8
00000000
401d465e
3fa869be
4017a2a9
40350aa9
40f203ce
00000000
409399b1
413829af
408cbbde
404d3487
4171947e
00000000
00000000
40faeed6
00000000
00000000
3f4a968b
410c1a9a
40bcc9d2
403342c6
40757efe
40ac919b
3ebe5bf6
3f63bc67
40170fb2
3f67330d
410a970a
409eb06b
00000000
00000000
408e1ba3
3eabe27c
40ed5cba
41858b28
3fbdf47c
406625a7
00000000
3e914d7e
40c354cb
4141f5d8
00000000
00000000
40894799
00000000
409a1c46
3fee4780
410ad277
00000000
00000000
40bd404b
4084e409
4108113c
403a10ea
00000000
40a76ee1
3fe2c224
40ffd2f8
40a9f34b
41856d1a
400dea1c
3f45fa0d
3fc87922
00000000
00000000
40babff0
40dd076e
40461e1d
410687ec
40b35882
00000000
40914218
416af7fc
40c3e7c9
00000000
4083f324
41010a52
40867da2
00000000
00000000
40ef5187
40af6e56
40a03c21
41307f38
410d4957
00000000
40818f42
3f5afe67
00000000
40ee6298
40d39cb3
4014f357
3d8b27d4
409e0ec6
3da6f80c
40908366
00000000
408cbcd6
412ba50d
00000000
40bca1a2
3f5491ab
00000000
3fa423d4
3f0a19ab
412b86c5
408eadbc
00000000
40e5005f
412c3ea1
40c9455d
40f7410c
4096546e
406fd8a2
00000000
40e67db2
410b87a0
40362ac6
40a6738d
00000000
411285ae
412fd981
40b61c76
401791c2
40ccbb1e
4150c724
3f6e9e7d
4085b888
3ef9d5ce
00000000
40f08bcc
406b44cc
409e926f
00000000
3fd7b8d2
00000000
40cc5116
41067295
41038a4e
00000000
00000000
40efb620
4057c35d
40cef044
3fd217e6
41055834
414abd40
40c93c24
40120ec5
40e5dee2
40be1e74
4114bbdf
00000000
00000000
40bf3874
3f36beed
4024d5ea
3f2b020f
00000000
00000000
00000000
41046999
4009e986
3f73b437
40076df0
3f0a7dfc
00000000
00000000
00000000
410a4c01
41062f1e
4035094a
411bc89d
40b4f700
00000000
00000000
409a1c70
40bcd919
40f2f35c
4105d304
3fa50b0e
400e5cff
00000000
40f4dac6
40afb568
3fe643b8
40d91058
40d420a5
41088308
403b81e5
00000000
3fc1f74c
00000000
00000000
4087ccfd
00000000
3feecd32
41009760
405967b0
00000000
00000000
4137a50d
40da1bec
40936491
4125eb5b
4128322e
40713984
3d8e0df0
00000000
40c952b6
405fc2a7
40f3562c
00000000
00000000
411a359b
408d5ec6
409fbf0e
40918bd4
400738f1
3f26c21f
40dfa9de
40c69b55
00000000
00000000
40be6371
41362d4b
414ebf8a
401535e3
00000000
40d203e7
40997f5a
4081320f
00000000
00000000
3f9a20d2
415195a2
403be1a9
4150c67f
00000000
00000000
3eeafdc0
40ea6f9f
40b74658
410f87da
40c2ad1a
00000000
40e63bc9
40b4ea3c
40fcdc82
00000000
00000000
00000000
4025eacb
406b0710
4080fc69
00000000
3f946042
3f8da484
409f59e7
40caf9f5
40f66344
00000000
40782776
40973e09
410ac6cd
3ff47544
4041e594
3f1eecff
408814ea
4131a79e
4094a86b
4084d2da
00000000
00000000
4067faf7
00000000
40cba51a
00000000
4160c0f3
417c4ed9
4096f63a
00000000
3ff5f1a2
40089871
00000000
40e0604a
3fdec828
00000000
41906743
411e0a2d
3f8f8e3e
00000000
40866356
4091e453
4113e972
40d5e220
410016ae
00000000
40fbc394
3dc59cb0
00000000
4116ba88
41185263
3feab41a
00000000
3f2c998d
00000000
40dd68cc
4128edbd
00000000
4088d142
40c412d1
00000000
41637d4c
00000000
00000000
00000000
4074299e
40c845de
3ec8c766
411254dc
00000000
40c08128
40992eaf
40dc16c4
00000000
408adc21
00000000
41172879
4007f044
411135af
404492f1
00000000
40d58e58
40b4ec44
3fa2cc98
40758fce
40053d0f
40711fa8
412552d8
00000000
40dd19fb
418ef1f6
40cd3987
00000000
40a2b9a8
4123a3a1
00000000
40c5a10f
00000000
3ec69472
00000000
40adf83a
3f023799
3f62b22d
40b2a4f7
00000000
404e6a3e
40a2c356
00000000
3f1d706f
40acd528
40f9d98a
4088fbfa
00000000
40b95c0c
40fa2edc
00000000
3de0d008
3fbbe0c4
00000000
4100bc9a
00000000
00000000
4106e74b
4052cfed
00000000
40802693
413cc457
4093f0cd
00000000
00000000
41473e27
00000000
00000000
40cbf1e0
4116fbbe
00000000
00000000
410c7720
41577905
00000000
40e952b3
408753e0
00000000
00000000
4012a993
413b5398
3fa13cf8
40b6e610
4062bc47
3ff95e50
40f2939d
41451b82
00000000
41402bca
40ca5970
40e87db5
00000000
3fbf1888
409f20ad
405dc6f7
00000000
00000000
410f4756
00000000
400cc131
40cbb45d
00000000
4062392d
00000000
409c7e8b
415f0a9c
400f7263
00000000
40195e86
40d5772f
00000000
00000000
4080b4d1
41547ce3
400a8275
00000000
00000000
40dbe202
00000000
4084a434
00000000
00000000
00000000
3f8e6ea2
40c40701
3fa9828c
4029e37d
41444576
00000000
40c682d1
408fdd3e
3f821a10
40dec00f
411ff3e1
00000000
00000000
3ff18894
40a510a2
411250af
402a408b
40c7855f
401e5ad9
408c57e9
3d451f38
40c9cd32
410b3b4f
40c6257b
40c36626
00000000
40f1ba7e
00000000
00000000
4113ad56
4061a23e
40fbee6c
3f6181f3
4107300c
00000000
00000000
417178c0
40ddd42f
3fc2cf82
00000000
402c05f7
00000000
41923d96
3fe2ab32
00000000
00000000
4115dc40
4156049e
00000000
00000000
40768580
00000000
40f337f6
406890c8
405cb441
3f53cb61
00000000
402b3c3a
409fd030
40364e88
3f472eff
408dd18a
00000000
00000000
40c35bdc
41018861
00000000
40d388b6
40432e63
4146f789
00000000
3f4bd3fd
00000000
3fb8d710
411e97a4
402d0193
4102aaa5
00000000
40c348c8
4088ac9e
404ad087
00000000
00000000
404a7dc4
40e15dab
4059fc57
40f0400d
3ff165f2
410e1386
00000000
00000000
41281dce
00000000
40665e98
4098064f
00000000
3fdf37fa
41173899
00000000
40f9e4ca
4118cd49
3ff817d4
3f5db5c7
4048d15b
40c41daa
3f984c4e
40d0d98b
413736d1
40b2136f
40802cc1
40988386
40e9df61
40616b4b
00000000
00000000
40aa84f2
00000000
4066b230
3fd9b878
3ff5df04
4157334a
405f778f
40e5ae24
40986371
3fc6a19c
3f6bab81
40388b75
3f5cf799
40b523ce
4066aa19
00000000
3f66e4ad
4134c14b
40b28b68
3c9d6450
400d78c7
40c4a566
00000000
40b3348e
40d50728
40abed65
00000000
4037c0f3
00000000
412f7208
4026e008
3f9ca2de
00000000
00000000
40eb3d4b
416634d4
40ba1606
40c3b4a4
4083f1df
4119f0da
41082778
40944af0
3f27d7b1
3f88722e
401bafed
4160232c
4066178f
00000000
00000000
40bd81d4
417a9851
40a75f23
3faf10b6
3f39164b
00000000
3fa47a3e
4180cbcd
411cc8ba
3eb38f4a
3fdd6eca
405feed7
40b91eef
3fafdef4
405de641
40e03bf7
00000000
00000000
4050d6ca
4135a1ca
40517d78
40ea5599
3feb75fa
3f763a47
406086d7
3facc47c
3f8583b4
40a1ebc0
40392734
40402fbf
410b632e
4088361b
00000000
413370fd
403f8847
00000000
418e54a2
40e1b8ed
3b8d81c0
41099aa8
4118f1cc
3f225c38
410b9102
3c9c8f70
402b1daf
40d7c8ce
408b04d1
00000000
3ec36908
41588985
4160a330
40f52a6d
00000000
409da57d
3faea33a
41216e96
00000000
407f9e12
407edc78
00000000
3e35a184
40795b48
403cde42
40047f47
40654840
412f4318
3ec753a2
00000000
00000000
40d8934b
00000000
411509cd
4126f4fd
404033ed
40ecca2a
3fd32b1a
00000000
41013603
406c1182
00000000
3e6976e0
40ba47d1
407a2a48
410634ac
3fa60650
00000000
411256eb
40da6fe6
00000000
00000000
4094e3c6
40da7661
40cb8636
408615cf
4104d382
40444eb8
00000000
412b4057
00000000
00000000
4119c028
402a92de
4030ed97
41096ffa
00000000
40ebafa1
40f39954
00000000
00000000
4091b23c
3fd5cf38
40cfecb2
00000000
413a0428
403abd24
409102bf
40cd9788
00000000
4109c7ce
3ffcf878
400bf5f4
4033c19e
40a9d6f9
3f3bd1bb
40772cd2
00000000
3fd24468
00000000
40ba7d06
40340cf3
00000000
00000000
00000000
40e78074
4141ce44
00000000
408fb276
40befbbb
40ee6c76
3f7ea5f1
4017fd8f
41211d22
00000000
00000000
3f9187d4
410990d6
40a38c1b
3ffb36e0
40b78ad7
3f6fc5d5
402af5e5
40bdc72e
00000000
40972745
3f86b0ca
40f99c4a
3fa8996a
40f18198
403e0c96
4085c128
4033ba0f
3f0bd8bf
00000000
40581f58
402f04d4
40238590
400bf52b
3e8bd88e
40d70e81
00000000
40b5e7cb
00000000
3f97a696
40c2a4e2
4105f2a0
00000000
00000000
3fb2d432
3f41a3e3
4127cb98
4080d1c7
40c76b4b
00000000
00000000
00000000
40319317
409c4070
3fb82546
411e0352
40a94f5c
00000000
00000000
3fc0d130
00000000
40ddd3c7
3dc41a9c
4100dd7d
3fb7a5cc
408e96b7
3fab21f6
40e5f766
3f582149
00000000
40810302
408c8797
40876a01
4083661b
409dfdb7
00000000
40e5a642
3f5e811f
400bd8d3
00000000
40f98ec0
408d4f42
40d4f112
40d941f7
00000000
3f4b4fd7
00000000
411a0236
4065fce9
40333fa0
40576b0e
40f7a82a
00000000
40dbae1b
00000000
40222d4c
403860d5
408c2547
00000000
00000000
3f821124
00000000
00000000
00000000
402f2801
3e8a4748
00000000
3fea6a70
00000000
4058e6e0
40a72880
404fb4e2
3f31cefd
00000000
00000000
401b18e8
00000000
3fd07f1c
00000000
40af8e42
00000000
40d76e80
3f49f95f
00000000
00000000
40e90943
4029c983
40bb382e
3e1fbc59
00000000
3ebacbc4
3e7b1bf9
00000000
00000000
405d68b7
40d5c00b
00000000
403f3fb6
3f316ab0
3ec70d0c
00000000
00000000
00000000
3bc1c92c
3fd284ee
3f2755cc
00000000
405b8eac
3fad33bb
00000000
400dfa0a
00000000
00000000
00000000
00000000
00000000
40206d59
400162d6
00000000
408fdd91
00000000
00000000
00000000
00000000
00000000
00000000
00000000
40224a6d
00000000
00000000
00000000
00000000
00000000
00000000
3fa7c017
00000000
00000000
00000000
00000000
00000000
4032c32d
00000000
00000000
00000000
00000000
4000b9e6
00000000
00000000
400e6cf3
40555819
00000000
00000000
3fa7acd4
407922c7
40821c1d
00000000
3e969372
00000000
00000000
400aae70
406c6297
00000000
00000000
409053ce
00000000
4007af0b
40ced33b
3f6254d3
3fc78374
00000000
00000000
00000000
00000000
3fd2b226
00000000
3f36a8f7
00000000
4019621c
3fedee05
4091eec7
404f1bab
4002ca6d
00000000
00000000
00000000
00000000
00000000
403040cf
4134c326
3e2fe030
3f1eb12c
3ff073ea
412f1862
400db266
40585bae
40243311
00000000
3f225c42
00000000
00000000
3f0abb19
3fffd586
3fac9317
00000000
00000000
00000000
00000000
4037f058
00000000
00000000
400101f5
00000000
00000000
409215a1
3ec6f72e
3f342325
00000000
40a7376c
00000000
00000000
4054cf31
00000000
00000000
00000000
00000000
00000000
00000000
401635c3
00000000
3f8666db
00000000
00000000
00000000
402d29b7
40c1a1bf
402168d1
00000000
00000000
3c2652c6
4035e161
00000000
3feeb9d9
40579631
00000000
00000000
3fae680c
00000000
403af304
4001f3a6
3f8ce110
00000000
408629ed
00000000
00000000
00000000
00000000
3f894ecc
00000000
00000000
00000000
3ff4aa56
403cd559
3fcf5538
00000000
00000000
00000000
00000000
4031bc4b
00000000
3fb381ac
00000000
40968680
3f8333c3
00000000
00000000
00000000
00000000
4087d5e6
00000000
00000000
00000000
404699b8
400b26e1
00000000
4087a370
40eee29f
40da319c
409af738
409e7aed
00000000
3fa97ebc
40c86a8c
407bb6c5
402b71a1
00000000
404ca80c
3f9e9624
00000000
3f8054b0
00000000
401cf0e6
00000000
00000000
00000000
40c96f5f
4003666a
00000000
00000000
00000000
40923897
00000000
00000000
400afd49
3f6b8336
3f67fcb3
00000000
00000000
00000000
00000000
3ebed83c
3ff74066
4069b11a
00000000
00000000
00000000
00000000
3d8824a8
3e662f77
4051ba66
3ec12352
4092e302
3ea43038
3e9a7620
3e05c992
00000000
00000000
3eebf07c
40486014
00000000
3f95ca63
00000000
409538de
00000000
00000000
3fb14e46
00000000
00000000
00000000
3fd66148
00000000
00000000
00000000
3feebeca
413b9f5d
3e1c334c
401eb0ac
3f27a1bd
00000000
00000000
00000000
00000000
00000000
00000000
40578af3
3fa9178a
00000000
401042eb
3ef907a4
3fc128a8
00000000
00000000
3f4c1320
3f7d35de
4010e959
00000000
00000000
00000000
3f7181f2
00000000
00000000
3eedf664
3ff6df7e
40329160
3f6c4e74
00000000
3f9cc446
00000000
409db7af
40660bfc
00000000
00000000
40fce58e
4002e350
00000000
00000000
00000000
404413f9
00000000
00000000
00000000
00000000
00000000
40050649
40d89e66
4085cc56
40a82124
00000000
3edabace
00000000
3f8b680c
00000000
40a800f3
402aa3c3
3f977d35
00000000
408040a7
00000000
3fff9ac8
00000000
3ff85f28
40664099
00000000
00000000
00000000
3f0c811d
3f8b387c
4054c020
409c3b0a
40307b70
3ff66a71
3e6390e5
00000000
00000000
00000000
00000000
40221ff2
3f0dbfb9
3ee2d400
00000000
00000000
40b899da
3fda0661
40f8c037
3f9678cf
3f8fc959
00000000
00000000
00000000
00000000
00000000
409f02f1
40879dc4
407b50f5
402af693
3f21de56
3d200d54
00000000
00000000
3e458772
00000000
3f0bd862
40ffbc99
3e6d6f0a
00000000
00000000
3fd7d6c0
3fb48183
00000000
00000000
41163b60
00000000
00000000
00000000
00000000
409404e2
409f8078
00000000
00000000
3fd17b17
405dbfa5
400d1c9a
00000000
40742a92
3f64638a
00000000
40270e26
40891320
404f2394
4006f194
3fda8a73
00000000
00000000
00000000
402948a1
00000000
00000000
00000000
40467647
40a23fdf
3f7a8470
3f6a8af2
4004d00a
00000000
403feecd
40022556
00000000
00000000
40359bbf
4041f890
00000000
00000000
00000000
4051e799
40283070
00000000
3fb719cf
00000000
00000000
00000000
00000000
00000000
00000000
405b11b7
00000000
3fefd2f5
00000000
00000000
00000000
00000000
00000000
00000000
00000000
3ee750ec
4063f2c9
00000000
00000000
3ffd4f76
402949e8
00000000
3f6577ef
00000000
00000000
408d571a
00000000
3fc4c71b
404440ee
00000000
00000000
00000000
404fd8bc
408d268a
00000000
00000000
400f1bcd
00000000
3ee9ba00
00000000
3fc59780
409edf35
00000000
40805d8e
40781f84
3e9cacc0
00000000
400180ff
4095e45c
00000000
00000000
3f81d3e7
3fc9a54c
3f843307
00000000
00000000
3f4263d7
40afc717
00000000
00000000
00000000
00000000
405b5e43
00000000
00000000
00000000
00000000
00000000
00000000
3ea8c180
00000000
00000000
00000000
00000000
00000000
00000000
3fcd4971
00000000
3dcce506
00000000
406fed16
00000000
403bd8ac
403ee5c5
4011a18a
3fe5263d
403d00e2
405ff64a
40c8faf3
4030bd51
00000000
40087a81
00000000
00000000
00000000
410d6fa3
411c5426
404510fc
00000000
00000000
00000000
408d8e2d
40f35284
40ba6956
408649ff
3fc506f8
00000000
3f5a34ea
40e617c0
00000000
00000000
00000000
4048f518
00000000
00000000
00000000
3ec084ca
00000000
00000000
00000000
00000000
3f9bf6f0
00000000
3f148a6c
00000000
00000000
00000000
00000000
00000000
410bd6f1
00000000
00000000
00000000
00000000
00000000
3f8c2163
00000000
00000000
40776f3a
403d2a78
3f9384fe
00000000
40168eb4
40461a91
410118b6
00000000
00000000
40015a74
00000000
00000000
00000000
3fece6f8
403a0c2b
3fb86aca
00000000
00000000
4072e3bc
00000000
00000000
00000000
00000000
00000000
00000000
00000000
3e613593
4107e73e
3f81e877
4085aa12
00000000
00000000
00000000
408303b0
00000000
00000000
00000000
4089ed36
40c5e28e
00000000
00000000
00000000
00000000
00000000
3decf8a2
00000000
00000000
408a3d28
00000000
00000000
3fd48a82
3fef7ded
00000000
4033557d
00000000
3f8d989c
3ff36d1c
00000000
00000000
00000000
00000000
3f992a6b
4122ce58
40898a92
4053e74f
00000000
00000000
00000000
4010d450
40774218
406c897d
00000000
00000000
3d64bffa
00000000
4099924d
3f432077
4083e0bf
00000000
40dacc55
00000000
00000000
00000000
00000000
405bbb26
3fcac8e3
00000000
00000000
40152cab
00000000
40355355
4009cc04
00000000
00000000
3f33b05c
3fe10a4f
00000000
3f886835
40200061
3f3ea6ef
407830f0
40726780
40123fe2
00000000
4006e29b
407b67ac
00000000
00000000
406cffce
00000000
4002afd7
00000000
3f9cabef
00000000
3ff520be
00000000
405b2a8a
40761b9c
00000000
404b4d3e
3fe7f61c
4016fba3
3f486587
40825cb2
3e434d38
00000000
40050c08
00000000
00000000
00000000
00000000
00000000
406ffe34
00000000
40923eef
3f0ac5c4
00000000
00000000
00000000
404198be
408ee259
00000000
3fcd001b
00000000
00000000
00000000
00000000
401a0280
00000000
00000000
00000000
00000000
00000000
00000000
00000000
00000000
3ede38ce
00000000
00000000
00000000
00000000
00000000
00000000
00000000
40759db3
00000000
3f9338ee
00000000
3fa96388
00000000
00000000
40c79706
41118f6c
00000000
00000000
00000000
40081376
3f48d946
3e53a005
00000000
00000000
00000000
3f5dab01
403ab926
00000000
00000000
3fa817c2
00000000
00000000
4065ad07
00000000
00000000
00000000
40a14c53
40a4e6f0
00000000
00000000
3fb594ea
40b8b032
00000000
00000000
00000000
00000000
00000000
00000000
4076e303
00000000
3f2bc8f0
00000000
3d56b360
00000000
00000000
00000000
3efd482a
4090c71a
40959677
40036e3b
3fffcfaa
402ca360
3f748720
405dbe1b
40c24abd
404e097c
00000000
00000000
00000000
40006787
402a0ad5
404bb0f1
3f28f3f1
412ff967
00000000
00000000
40837b30
405c59b3
00000000
00000000
3f4a0bcb
00000000
00000000
00000000
40076f51
3f0ee59a
00000000
00000000
409a75f2
40781f78
00000000
00000000
00000000
00000000
00000000
00000000
00000000
3f018517
3fc96b52
00000000
00000000
00000000
00000000
3fdb7885
3f62307b
40d309c1
3f9fbac2
00000000
3f827c10
3f3e5451
40e1eee1
409ca959
40fe7643
3d2bddb1
00000000
3ffd213f
3fd3f16f
00000000
00000000
00000000
00000000
00000000
3dfc38f6
40371e14
00000000
00000000
4081915c
3fbca995
3f0270e4
00000000
00000000
00000000
00000000
40d29702
3fed0d65
3fb375c5
00000000
40a55335
3f733310
3fcf1119
40a4a6aa
40241094
40788ffc
00000000
00000000
4043ae59
00000000
3f193923
3fb04f94
00000000
00000000
00000000
3ff39054
409e7489
00000000
40b6ebb0
40daef44
40559dce
3ffc13f0
00000000
3f65b205
400ae997
3f4e131e
00000000
3f85c4e1
00000000
40324f6f
00000000
00000000
00000000
00000000
3f2f06a4
00000000
00000000
00000000
00000000
00000000
4043680e
40d2359d
40c4c91c
00000000
40805450
00000000
00000000
00000000
40be7eb3
00000000
00000000
3ff5a823
00000000
00000000
3e1edcf7
3ec8c182
00000000
00000000
3f60373b
400a26ab
4025af66
00000000
00000000
00000000
407193b7
00000000
00000000
3f312511
00000000
00000000
408a8b59
00000000
00000000
00000000
00000000
00000000
00000000
40fd6b7b
00000000
00000000
00000000
00000000
4094032e
3f2df6f2
00000000
00000000
400bbda6
4043a8cd
404bd705
00000000
00000000
407c07b9
00000000
00000000
00000000
00000000
4102e5c9
3f10a04f
00000000
00000000
3fcffe49
40116367
4093734a
404708bc
3f49b570
00000000
406e40a1
00000000
00000000
3f6a120c
40a7e5b2
00000000
3ee0bca0
00000000
00000000
40d8b913
409f7f3b
00000000
3eff6284
00000000
40b2ee0f
00000000
00000000
410b59ff
00000000
00000000
00000000
00000000
40d2574c
40663409
4034f216
3f57005c
4042be85
406abbfc
3fb08d68
00000000
407dcb0c
3bb74adc
4084d12f
40d9c0c0
3fa93e1f
00000000
00000000
40008305
411d42e5
407bfef2
401288b1
40ce0b81
40ed8419
00000000
3fa65c14
400b224c
40411cf5
3fa28257
401aa091
3f28028e
404982ce
4073239e
00000000
3feab3d5
412e5df0
00000000
40059344
00000000
00000000
4001f28a
00000000
404e8907
00000000
3b92ece0
40f26655
00000000
3fde8b7a
3f619b99
3e8c9649
40026536
00000000
00000000
40682ca6
406c78d8
40633d78
00000000
3d5a9f49
405a544c
00000000
00000000
00000000
3f606fc6
40254a9b
00000000
00000000
3f8ffe98
402a5766
00000000
40accf28
3ef27d0a
3e06344c
00000000
00000000
3ec523ee
3fa265e0
00000000
00000000
00000000
00000000
00000000
407089e4
00000000
40b459f9
3feff916
4039e4b4
00000000
3f4ba369
3f13d704
4103e085
3e58e47e
00000000
00000000
00000000
3ff99c20
4084a4b4
00000000
00000000
00000000
00000000
00000000
00000000
3fb679b6
3f9ffa16
00000000
00000000
00000000
3edf9c20
00000000
3ff8f2cc
40b4e72a
40802908
40968e90
3f09ff5c
00000000
3f80b5c6
3febfeba
00000000
40c02aaf
3e0f42f2
00000000
00000000
4018d111
3edeaf88
00000000
3ffc5dce
40d47434
3fa0635a
40cea4d4
00000000
3fb554c0
40314eb7
40c38dd4
00000000
00000000
00000000
00000000
3ec22d9a
4012a944
4126a0f9
4082a8bb
408e93a4
40da2c7b
00000000
406055e9
406edf39
3f37bc71
00000000
3f80e040
00000000
40a3b45e
40e22147
00000000
00000000
3ee061d0
4059ecff
00000000
00000000
00000000
40a81d08
00000000
40430fd2
3f6cc151
3f0ff10a
00000000
3f23e8da
407beafd
400d110f
41272153
00000000
00000000
00000000
00000000
00000000
00000000
404d6940
00000000
00000000
00000000
40c07724
00000000
00000000
00000000
00000000
3fe04942
408b8ab0
00000000
00000000
413932b2
3e66852e
41107b97
412940ad
40775a48
40511ede
400466cb
3f8ace0b
400eeafb
00000000
00000000
00000000
00000000
00000000
3feca81e
00000000
4048c0db
00000000
3fd8a7de
3f89d7da
40881982
4025b27c
3fbdc0ee
407a3203
00000000
3fc7ac22
00000000
00000000
40cac215
00000000
40732c33
40d3f5c2
00000000
00000000
404122e3
3f98df80
41275bf4
4011fd30
00000000
3faccc4e
00000000
00000000
00000000
408a4d6e
4129169a
4123094e
40d04c50
00000000
00000000
416a86dd
408b3d52
00000000
00000000
3fa83d1a
00000000
00000000
3f8a1c3d
4099b391
3fa88a94
400da16e
00000000
4121bdb1
00000000
00000000
40f77ab6
412a57b2
00000000
40bae80b
00000000
400d5553
41106066
3f97aefa
4022f464
00000000
00000000
00000000
00000000
00000000
40a5d8a0
00000000
405086ba
00000000
410b99d6
40f10436
00000000
00000000
00000000
00000000
00000000
00000000
4118049a
3ff3d776
40efdf3c
4006e9e7
00000000
3f0cfb38
00000000
3fcc25c2
00000000
00000000
4012f6af
00000000
00000000
00000000
00000000
407964a4
40db0852
40940dbc
3ed72edb
00000000
00000000
00000000
00000000
00000000
00000000
00000000
40120ff5
00000000
40eea7a6
40ee630f
403f578f
3fd4f2ae
00000000
3f357550
00000000
4118a827
411442b3
3fae9d2e
4095fc84
40506d5d
00000000
40d9c281
4127ae94
413ab735
4042b8c8
409c338f
00000000
40b0c5ca
00000000
411efb87
3fba9e6e
40a06d80
00000000
00000000
403002ef
00000000
00000000
00000000
40fb435d
00000000
00000000
00000000
3fca0190
00000000
3fda9ed8
3ec1b23b
40b00f14
00000000
3f01151e
00000000
3f18e482
4085957d
00000000
00000000
40dd09c0
00000000
408e81b0
00000000
00000000
40a92c3e
40508f6d
00000000
40b9e721
409e0142
40a784d3
00000000
00000000
00000000
3fafb914
4006f951
409e8c7f
40e55a82
419c2ac1
408abd70
00000000
00000000
00000000
408e0212
4117ea82
40e63056
00000000
00000000
40d291ed
00000000
40e9ce67
401f7d26
3f8ad636
00000000
00000000
409a0642
00000000
00000000
406329e0
403801cf
3fd985fc
00000000
00000000
00000000
4096770b
00000000
40b65839
40ae341b
411bd306
00000000
00000000
41015863
4066c0e7
00000000
40ab265c
00000000
3fcc5e66
00000000
00000000
40e2218f
00000000
41342c0e
405fed12
00000000
00000000
00000000
40a170b6
00000000
00000000
00000000
00000000
40b0f444
00000000
00000000
00000000
00000000
4142c713
00000000
3fd2e0e8
00000000
00000000
00000000
00000000
40f2f1ee
40faf67a
00000000
3ede0fa9
4066e089
00000000
40d8c23f
41456b1d
00000000
414decb8
00000000
00000000
40b27950
00000000
00000000
00000000
410d6d20
00000000
00000000
4046ebab
00000000
00000000
4134dff7
00000000
00000000
00000000
408e40d1
4095fc3d
3f0506f3
00000000
3fcdb06a
00000000
3ff24d14
00000000
00000000
00000000
00000000
00000000
00000000
00000000
00000000
40b22949
3f805492
3f7f8694
00000000
3f7578d3
40037b76
00000000
00000000
00000000
00000000
413756e9
411169c6
00000000
00000000
00000000
407296b3
40286526
00000000
00000000
00000000
00000000
3ff0e956
00000000
40ee399a
40e2086b
00000000
3fbea28e
00000000
4086d70d
40964d93
401fa6b2
00000000
00000000
404d0c3d
00000000
412cb66f
00000000
3f855592
40b7a8f2
411860b9
00000000
00000000
41066fc6
00000000
3fe3fa70
00000000
00000000
00000000
40b49b0b
00000000
40ac6032
40a984f0
4122ddc4
00000000
3e808b06
00000000
00000000
00000000
00000000
4007372e
40b6aa2e
00000000
404d38f1
4131525a
4115b21c
00000000
00000000
00000000
408cfc0b
40b5b23a
00000000
00000000
40d36161
40d17393
00000000
408d3665
40b5061f
00000000
40fcccce
3dc5529a
3e3d5799
3e616ff4
3fcc1aca
4007ce07
00000000
408e27ea
40dcaf1b
00000000
40a9eb68
00000000
00000000
00000000
40915d63
40ad6849
00000000
00000000
00000000
4150a5cf
3feb28ea
40c48612
00000000
00000000
00000000
3de8ecfd
00000000
3f341bbe
4002b733
4095f749
00000000
00000000
00000000
40608796
41329e59
40345ac3
3f78d349
40204f61
3f12a904
00000000
00000000
40bf2612
00000000
40ac24c4
3ebd4dba
40a0ffee
407ac47e
00000000
00000000
404d3259
408dbac6
00000000
408d77a5
00000000
412425c7
3e69bb9c
407b6fec
00000000
3f038ab6
00000000
00000000
40aea849
00000000
3f934e36
40fd5843
41373573
00000000
00000000
40928740
3eaa7a10
406e11cb
00000000
3dc61946
00000000
40423c9c
400a8f43
00000000
00000000
3f01b226
00000000
00000000
00000000
00000000
00000000
00000000
3f9c27b8
00000000
40875242
406a800a
00000000
00000000
00000000
00000000
409158de
4112bf0c
3f8084ec
00000000
00000000
417a8c48
40adc49e
00000000
00000000
40bce480
41330006
401b6e09
410695f8
00000000
40b44804
00000000
40d2c68d
00000000
40a80571
408135c1
412452e4
3fc56a60
00000000
00000000
00000000
4052f884
3fc7920a
40617668
3efd8b0c
00000000
00000000
00000000
3e19f55e
00000000
40eee8d4
00000000
00000000
00000000
00000000
00000000
00000000
3e9da8c7
4036ef14
408d2457
3ff2363a
40c91e24
00000000
40612a32
3fb71020
412bc01f
00000000
00000000
40239356
00000000
400ca019
4131fbe8
3ff4be90
4097971f
3fc8f5da
3f6c054c
00000000
00000000
40d538fc
40e920eb
00000000
3f9ce15c
00000000
00000000
00000000
00000000
401c4535
40f5dbe1
40aa48ed
4081fe7e
00000000
00000000
3fcc29c4
00000000
00000000
411506ed
00000000
00000000
40d80a88
3fd12082
3cc651bc
00000000
00000000
00000000
3fa3e7ac
00000000
00000000
401b22c9
3cbebdb8
40aee2a4
40166967
00000000
3efb35c1
416c8db2
402fc107
410c9c45
40a96e0e
00000000
410c8164
40b218c5
00000000
00000000
00000000
00000000
406c19f8
00000000
00000000
40c559bd
40af2dcf
4031d59a
00000000
3e19c298
40c8562a
00000000
00000000
00000000
40472727
00000000
00000000
40681192
00000000
00000000
00000000
00000000
40a4190d
3fd2bc74
40e1d75f
00000000
00000000
3f9eec58
00000000
41322214
00000000
00000000
00000000
00000000
40795e1c
41844919
00000000
407e1761
40949cae
00000000
40a81050
40fa5ba6
00000000
00000000
40ec8317
4081d3a8
401f7619
403667f2
00000000
410e7125
4130b6b0
00000000
00000000
00000000
00000000
00000000
4071df07
00000000
00000000
00000000
00000000
00000000
40a7410c
3ea72d3a
00000000
00000000
00000000
40c2d11f
40f29a04
41421cfd
00000000
00000000
00000000
00000000
00000000
4089634c
00000000
00000000
403ce45b
40fee0de
00000000
00000000
00000000
00000000
3fa28392
41823b10
40e8d0cd
00000000
3fab1fda
40be6afb
00000000
411851d2
00000000
412bc6f6
00000000
00000000
3fbbccba
40a9a01e
4123f17d
410dcc90
00000000
00000000
00000000
00000000
3f8e51e0
00000000
403668c2
3f7e7b30
00000000
00000000
00000000
00000000
00000000
3f30bf8b
40a3fe8f
00000000
00000000
00000000
4097ee6a
40c020c7
40d27e21
40bd9257
406ea1fe
3d4efc0f
3ef1cde1
408fa9cf
00000000
402d1236
00000000
00000000
00000000
408d2793
411a7156
00000000
4096ae29
403f34e1
3d8b39bc
00000000
40813c6b
400933aa
411f1a72
40d9b09e
412ecba4
40ff15ce
00000000
00000000
3f8ef9be
3ef05d59
408275c8
4104e5ca
00000000
3e6110a6
00000000
3faf7a26
40ec5f5c
40034fc4
00000000
4025116e
00000000
3fec938a
3dc709ec
40c27dc4
418d364f
3fec700e
40293e2f
00000000
00000000
00000000
41044cb2
3fe17378
00000000
00000000
00000000
00000000
00000000
00000000
401753dd
410f95c6
00000000
00000000
00000000
00000000
411da1f2
403e61c3
40af5863
3f78be46
00000000
3e36f72c
00000000
00000000
403accb0
00000000
00000000
00000000
00000000
40320478
401af678
3f907f36
00000000
00000000
00000000
409c85c5
00000000
3fcb580c
3f6e16b9
00000000
00000000
3e8155fe
4096dcec
00000000
40873d81
3ff956ca
4048e076
3ff2fd60
00000000
00000000
40c28ac8
00000000
00000000
00000000
00000000
00000000
40b5ee38
00000000
00000000
00000000
00000000
00000000
40b4acb9
413592e5
00000000
3ffde83c
00000000
00000000
3f394bdb
00000000
00000000
40fdbbd0
00000000
00000000
409f6326
40122881
00000000
00000000
3e44bc38
412d336e
41411360
410605a1
00000000
3faa8e18
3f6b1262
00000000
40f58463
00000000
3f92d23e
00000000
3f00e94c
40f71f95
408316d3
3fbf3e02
00000000
00000000
40ee3d96
400d3527
41064fce
00000000
404cc870
403a8c0c
40568d3e
3f81ef8c
40d1015d
3f1b48c1
00000000
00000000
00000000
00000000
3fae915a
00000000
3f065c11
00000000
409ab1a0
409f28a5
4014bd81
3eb9892b
401720c2
4090a84e
00000000
3fc97096
406a53c2
40b104f1
40ad936a
40ad9ffa
4098d7aa
00000000
00000000
00000000
40166bc8
407cd545
3fc6079c
40a864b0
00000000
00000000
40a1b183
00000000
4088383e
3fccdcca
00000000
00000000
00000000
00000000
401b68b7
40bcc41f
40d77208
3fd9f97a
00000000
00000000
406dfcda
3f376470
00000000
00000000
00000000
00000000
00000000
00000000
40541e40
3f7d8af6
3fa7b06a
401dec8f
00000000
3edea2c3
00000000
3ee92cea
4075e5fb
4065b366
00000000
00000000
00000000
3db5398c
3f6284db
40719e88
3eaa4041
3f0788b2
3f533c06
3ff9d9b2
3ecf93a4
00000000
407f2b7b
3f72f603
3ff833c0
00000000
4054a670
3c84e640
402e6ffa
3f1827d9
40e05290
3f47d18c
40af0187
3fb9f18a
404d624b
00000000
00000000
3ccfa2a8
408044ac
00000000
00000000
00000000
408d4283
405afed2
401ff2b3
40807a8c
00000000
00000000
00000000
3fe6c7cc
3f0eec6f
40436d8e
00000000
00000000
3fd9d560
40b7ab95
40c691d8
4045bce6
405cb05c
00000000
00000000
00000000
407b58da
00000000
00000000
40088b2d
3f8afd4c
411441f8
3e71d423
4077e753
40915860
41108d6d
00000000
3f830ac2
00000000
00000000
00000000
00000000
3df5a4ce
3f1b0c40
00000000
00000000
409fb2bd
40b34d0c
40384bca
00000000
40b9d1c7
4064d684
40267a91
00000000
3f43f2e9
3fd53236
409a76a2
4036c15b
00000000
3fa2a420
4019fb04
00000000
00000000
00000000
00000000
3f2ade4a
00000000
00000000
40e3d45f
00000000
40283769
00000000
409ced0f
40130964
3e77fd38
00000000
00000000
3fbe91cc
3fbb0d4c
40bc19e2
3d408470
00000000
00000000
3fee850a
40bad1b8
4065afe8
00000000
00000000
00000000
00000000
00000000
00000000
3f2cf389
405c9b22
40b66475
3fe4546a
402a8f34
402f72b4
00000000
00000000
00000000
40074cb7
3f140dc0
00000000
406e8655
3fbe24ac
00000000
00000000
00000000
00000000
00000000
40640e17
00000000
3f15bed8
400d3c41
3f5bdfb7
00000000
40e64144
4129b980
00000000
40641612
4061ead3
00000000
00000000
3d5afbdc
3f8a6610
00000000
40b979ea
408b5074
40c0651d
00000000
3f93509f
00000000
40f2641a
00000000
40b91da8
3f76c354
3fb52c6e
3ea36899
403056b4
40d4030d
41304f93
3fb48998
4047d07f
40b1fcea
00000000
4011199c
00000000
4080218a
00000000
00000000
3fe5cf4c
3fa95b14
3e9ce329
40d2ac01
00000000
4044e27e
00000000
402a2d20
00000000
00000000
00000000
00000000
00000000
00000000
3f54ea3a
40c0ca39
00000000
40aa6dd1
00000000
00000000
00000000
00000000
00000000
40730d35
407c139a
3f9a1772
4009f60d
00000000
402fcf79
00000000
3fbe05fc
3d244b94
00000000
3f06d690
00000000
00000000
406b223e
3ecd82ed
3fc8eb92
3f7bc73f
40895ee6
410944b9
00000000
40d44ba7
00000000
40143005
3ff4a170
00000000
00000000
3e6acb04
3feb9ca8
00000000
401e2499
401f1955
3ff50b12
00000000
403cab91
00000000
3f088590
00000000
00000000
00000000
402c37a6
409c6115
3f0aa604
401f008e
3f8b3b20
00000000
00000000
00000000
00000000
00000000
00000000
3fb5424a
00000000
00000000
00000000
00000000
3d594f98
4107623b
402ac2f9
413643de
40a4ecf8
4047848c
3f5669ce
4068464e
00000000
00000000
00000000
00000000
3f18cc4e
00000000
406c029a
00000000
00000000
3f90fd5f
00000000
00000000
00000000
408db1de
411950b3
408d33b4
40f34cdc
00000000
4083d1be
40bac02b
40d51198
3fc595cc
00000000
00000000
00000000
3f6e1233
40f9d36e
00000000
00000000
00000000
00000000
3ccdb400
00000000
4021c3a1
4122062b
408dd599
404731f7
3f732caa
00000000
3e8ce180
3fca3246
3f3ee30f
40495853
410920ae
3fd2d202
00000000
00000000
00000000
00000000
40e28828
40a5ba5e
3f14b960
402a0366
00000000
3f0b8ab0
40397135
40cec82b
4095cf1b
00000000
40247605
00000000
00000000
00000000
3fbf5f62
00000000
00000000
405d5d98
00000000
3f45e1fb
00000000
00000000
3f5b7e99
00000000
3f96660a
00000000
3e67443f
4048ba74
40aa8ef7
40aea9d6
406a1026
400015f7
00000000
3f9ce2de
4025c9e5
00000000
412390b4
00000000
4071e9ed
408705ef
4005ee60
40cf6d97
3eddcefa
00000000
00000000
00000000
00000000
00000000
40a22d75
4089e1d4
00000000
00000000
4027b419
3fad7700
00000000
00000000
00000000
4125b9ff
3f6b6fac
00000000
3ebee6ca
00000000
00000000
00000000
40abbf56
4018aa2c
00000000
407ce92a
00000000
00000000
00000000
3f88d867
4090fae2
00000000
3fbabec8
4004adf1
403c56d6
00000000
00000000
3fd91eaa
40a4a6d4
406c7714
40eede8e
3f3c076f
4034545e
40386c77
400a82c1
40248c9c
00000000
40aaff7b
40705c53
3fbe8b3a
40d48359
00000000
402ead83
00000000
00000000
40441c1f
3fe08a44
3ff309e4
00000000
40dca633
3f306570
4128cddf
00000000
00000000
00000000
00000000
00000000
00000000
3eaae853
3fe9b252
402410bf
00000000
00000000
00000000
3da238da
403be0be
3f602e0f
3fec3b74
4061c22e
404256e7
4086099f
00000000
3fc7a6de
40d37091
00000000
00000000
3f655d9a
3f8f0712
3eea5b98
00000000
00000000
400451e1
40ebeb8e
00000000
40a882cd
4006d7f9
3fd95104
3fc710d2
403c6823
40200a9f
401a3a29
40c581ed
3f035420
40422f33
3fe1078a
00000000
00000000
3f32c704
00000000
409997ec
00000000
3f26741c
3feacd0a
00000000
40b8a369
00000000
4027837f
00000000
00000000
400e4d59
3e8169c1
409347d6
407dd11d
412001a6
40b21887
407c5dca
00000000
3df241b0
00000000
00000000
00000000
00000000
00000000
00000000
3f544ec4
407cd318
3fbbe85e
00000000
408dc753
40d1c140
00000000
3f93e09a
400572e0
404e8136
40bb1701
3f9508ac
00000000
4134d944
00000000
00000000
3fd6f690
3fed7094
3f00d8c7
3edc9496
00000000
00000000
00000000
00000000
3f9e29d0
00000000
400020b7
402b4161
00000000
00000000
404a23cc
00000000
00000000
3f2fb0c2
4095bb92
00000000
401c3fce
405a327a
3f58b0b3
00000000
40532282
00000000
403f0f2c
00000000
00000000
3fb08812
404625bf
40caa6a8
40d62f48
3ff1a214
40cadbb4
00000000
401ac3bc
3ef96ecc
40002f60
3f53431f
00000000
00000000
00000000
411706cd
40289007
00000000
00000000
00000000
00000000
00000000
40247968
00000000
3faf3320
00000000
00000000
403272ef
00000000
3f962c86
00000000
40e228c9
00000000
3e8373d6
00000000
00000000
00000000
00000000
00000000
3d1ad8e4
00000000
3f23ed87
00000000
3fa29ee2
40fe523e
00000000
403b2e02
3fc1383a
00000000
00000000
00000000
403405f7
00000000
3f1f27c5
00000000
00000000
402db5bd
00000000
00000000
00000000
3f0ccee0
00000000
40d712bd
3eaf8fbb
40d20d20
408444b6
40b507ab
404ed1df
40938daf
3db1b7bc
3f24f88c
3fef8908
40195ddc
4065dcd8
3f78cc67
00000000
3f32f836
40bd2ca8
409cc00b
406b51c8
00000000
00000000
00000000
00000000
40fca0b6
409e0843
4106d3d8
406400f8
00000000
3f89374c
403acd4e
00000000
00000000
3f84e254
3faefaaa
3f59d5c9
00000000
00000000
3f8775a3
00000000
3f4af840
00000000
00000000
00000000
40b39945
3f7c671f
4095be21
40ec5c7f
00000000
00000000
00000000
00000000
00000000
00000000
3fd19a4e
3dc4b02b
00000000
402af8b9
3fa44b54
00000000
00000000
4082f6cd
4028650c
3fcb1b1c
3e0858a0
402758f9
3efdc585
3f7d03b6
00000000
40c24385
3f0a6b23
00000000
3fcab044
3f08f140
3fa8e54a
00000000
00000000
00000000
3fc486cc
401f00f8
411f9b0b
40d942da
40137b0b
00000000
4044da54
00000000
00000000
00000000
00000000
411d15b0
3fee099a
4087a8ed
406c14be
00000000
41297a07
00000000
3f8b29be
3f40cbb5
3f381288
00000000
00000000
00000000
40190aaf
4079dc5c
00000000
00000000
00000000
00000000
3f93d523
40b52175
00000000
408e046f
3e09640a
00000000
00000000
00000000
00000000
3f009624
00000000
00000000
40cf16ef
00000000
00000000
403c7941
00000000
3fd55382
00000000
409595cb
3ff378ea
3fdaa2f4
3f96d124
4098b4d0
4051af29
40bdfe22
40be2ce8
4087fae0
413a5139
40064a9d
40ed4913
40a10b33
3e2b926e
3f8c0456
00000000
4084d2cb
4006d817
00000000
40d86da6
40e3b911
40bf67e1
00000000
401a568b
3f2584f5
40a6d1f8
3fa23e7e
406c22cc
00000000
40851b81
3f8e966e
406f461a
40079c4a
00000000
00000000
00000000
00000000
408cf9c7
00000000
00000000
00000000
00000000
00000000
00000000
400405e0
00000000
402405ce
40bbd6e0
3f9ce9c6
40c60ad7
40d0373f
00000000
00000000
00000000
3fd9bee2
00000000
3f094f55
4018b5f1
3fa18970
40f4323c
402f175d
00000000
409d2518
00000000
00000000
3fc9ccb0
4029445d
40cc386d
3d386f84
00000000
3f8d79dc
40154ab1
40f2fc0c
40a94986
3f92cf40
409f3b81
3fa03c58
00000000
3f676649
00000000
00000000
00000000
401e8b7a
402f7086
4041beb5
00000000
00000000
3f8816ba
00000000
40a38c14
00000000
00000000
00000000
40b890e0
409c9e64
41084475
3f9c702e
40572356
3ef326ff
00000000
40389e04
3fb49c92
4089df2d
408f529b
408269d8
401acecd
3efe1416
402c3160
00000000
3f8e08ac
3fa8aac2
00000000
407a6998
407aaec6
40ad5e44
3fd7e31c
00000000
40d27073
3fa906c8
00000000
41124ca0
00000000
3ffce03e
4053716e
3f266690
00000000
3f8ba188
00000000
3f8db2f0
00000000
00000000
3ffab1cc
00000000
40ea3e3a
3ed192d4
3e540551
3fc77ca0
402d8a5e
00000000
00000000
00000000
00000000
4000cd17
4028d25a
00000000
00000000
40c1678a
00000000
00000000
00000000
00000000
4004dab6
00000000
00000000
3f77dc62
00000000
00000000
4056265d
40dfb726
40cb2fd6
00000000
40c10d61
3fb62762
3f54dfe2
00000000
3eaf01cb
00000000
00000000
00000000
407f1267
40a8232a
3fa0c376
40bff961
3f8491d4
3f65f7ac
00000000
00000000
00000000
00000000
00000000
40733e22
404adc83
00000000
00000000
409c5b91
00000000
3febe344
40ff2757
00000000
00000000
3fb47436
00000000
00000000
00000000
00000000
00000000
00000000
3e038e4b
00000000
40cbc153
4125898f
3f8d6968
406eeb05
00000000
00000000
00000000
3e078412
40422c42
3ea31473
00000000
00000000
00000000
3c9f8ac8
00000000
3fb38d84
00000000
4003faaa
00000000
00000000
00000000
00000000
00000000
00000000
40c7f6a4
3f8a8ddc
40bf8803
3f8ded56
40d28679
40094989
4008d317
00000000
00000000
00000000
00000000
00000000
00000000
00000000
40a04c15
00000000
408788cc
4091c8f8
00000000
00000000
00000000
400d08aa
3f42122b
00000000
00000000
00000000
3fde07b8
3f0edc7c
3fba4296
3fcf4ce6
3eb636e6
00000000
3e177f64
3f85d4fb
00000000
00000000
00000000
4050de6f
00000000
3f4d92ba
40195c09
4077d3c1
4074c045
00000000
3ff322f8
00000000
00000000
404ba8d6
4063a148
3fd2137e
40975ab6
00000000
4024d2bc
3e86b8e9
3f8b2210
