00000000
4014a078
41361596
416a7534
416a7534
416a7534
416a7534
416a7534
416a7534
416a7534
416a7534
416a7534
416a7534
416a7534
408b5b0c
3f300510
3fd3d5a8
4124c834
41e0500a
4201e12f
4201e12f
4201e12f
4201e12f
4201e12f
4201e12f
4201e12f
4201e12f
4201e12f
4201e12f
4201e12f
416544c2
412c005a
408ea028
4185ec76
42264a2e
42367e34
42367e34
42367e34
42367e34
42367e34
42367e34
42367e34
42367e34
42367e34
42367e34
42367e34
41b07c3a
41991bc1
40c2a65b
41a1d6c9
4238c27f
4245e722
4245e722
4245e722
4245e722
4245e722
4245e722
4245e722
4245e722
4245e722
4245e722
4245e722
41bd7598
41ab6bfc
40c2a65b
41a1d6c9
4238c27f
4245e722
4245e722
4245e722
4245e722
4245e722
4245e722
4245e722
4245e722
4245e722
4245e722
4245e722
41bd7598
41ab6bfc
40c2a65b
41a1d6c9
4238c27f
4245e722
4245e722
4245e722
4245e722
4245e722
4245e722
4245e722
4245e722
4245e722
4245e722
4245e722
41bd7598
41ab6bfc
40c2a65b
41a1d6c9
4238c27f
4245e722
4245e722
4245e722
4245e722
4245e722
4245e722
4245e722
4245e722
4245e722
4245e722
4245e722
41bd7598
41ab6bfc
40c2a65b
41a1d6c9
4238c27f
4245e722
4245e722
4245e722
4245e722
4245e722
4245e722
4245e722
4245e722
4245e722
4245e722
4245e722
41bd7598
41ab6bfc
40c2a65b
41a1d6c9
4238c27f
4245e722
4245e722
4245e722
4245e722
4245e722
4245e722
4245e722
4245e722
4245e722
4245e722
4245e722
41bd7598
41ab6bfc
40c2a65b
41a1d6c9
4238c27f
4245e722
4245e722
4245e722
4245e722
4245e722
4245e722
4245e722
4245e722
4245e722
4245e722
4245e722
41bd7598
41ab6bfc
40c2a65b
41a1d6c9
4238c27f
4245e722
4245e722
4245e722
4245e722
4245e722
4245e722
4245e722
4245e722
4245e722
4245e722
4245e722
41bd7598
41ab6bfc
40c2a65b
41a1d6c9
4238c27f
4245e722
4245e722
4245e722
4245e722
4245e722
4245e722
4245e722
4245e722
4245e722
4245e722
4245e722
41bd7598
41ab6bfc
40c2a65b
41a1d6c9
4238c27f
4245e722
4245e722
4245e722
4245e722
4245e722
4245e722
4245e722
4245e722
4245e722
4245e722
4245e722
41bd7598
41ab6bfc
40c2a65b
41a1d6c9
4238c27f
4245e722
4245e722
4245e722
4245e722
4245e722
4245e722
4245e722
4245e722
4245e722
4245e722
4245e722
41bd7598
41ab6bfc
3fee7560
414543da
420be36e
421c55c8
421c55c8
421c55c8
421c55c8
421c55c8
421c55c8
421c55c8
421c55c8
421c55c8
421c55c8
421c55c8
41810671
41933200
3fede48c
4145bad0
41dfda1b
41fa3acb
41fa3acb
41fa3acb
41fa3acb
41fa3acb
41fa3acb
41fa3acb
41fa3acb
41fa3acb
41fa3acb
41fa3acb
4181f65e
41a22e1f
40b58e8a
41199250
4184f353
418b3140
418b3140
418b3140
418b3140
418b3140
418b3140
418b3140
418b3140
418b3140
418b3140
418b3140
418b0fb4
41396a9b
41512898
41a240a5
41eb0887
41f008e4
41f008e4
41f008e4
41f008e4
41f008e4
41f008e4
41f008e4
41f008e4
41f008e4
41f008e4
41f008e4
41e652c9
416e551a
414a75d8
41b8f02e
41fbd06c
42019fb1
42019fb1
42019fb1
42019fb1
42019fb1
42019fb1
42019fb1
42019fb1
42019fb1
42019fb1
42019fb1
41f5cf0f
417004be
41451167
41bfea46
4200a6f6
4205d2f5
4205d2f5
4205d2f5
4205d2f5
4205d2f5
4205d2f5
4205d2f5
4205d2f5
4205d2f5
4205d2f5
4205d2f5
41fedb2c
41821508
41451167
41bfea46
4200a6f6
4205d2f5
4205d2f5
4205d2f5
4205d2f5
4205d2f5
4205d2f5
4205d2f5
4205d2f5
4205d2f5
4205d2f5
4205d2f5
41fedb2c
41821508
41451167
41bfea46
4200a6f6
4205d2f5
4205d2f5
4205d2f5
4205d2f5
4205d2f5
4205d2f5
4205d2f5
4205d2f5
4205d2f5
4205d2f5
4205d2f5
41fedb2c
41821508
41451167
41bfea46
4200a6f6
4205d2f5
4205d2f5
4205d2f5
4205d2f5
4205d2f5
4205d2f5
4205d2f5
4205d2f5
4205d2f5
4205d2f5
4205d2f5
41fedb2c
41821508
41451167
41bfea46
4200a6f6
4205d2f5
4205d2f5
4205d2f5
4205d2f5
4205d2f5
4205d2f5
4205d2f5
4205d2f5
4205d2f5
4205d2f5
4205d2f5
41fedb2c
41821508
41451167
41bfea46
4200a6f6
4205d2f5
4205d2f5
4205d2f5
4205d2f5
4205d2f5
4205d2f5
4205d2f5
4205d2f5
4205d2f5
4205d2f5
4205d2f5
41fedb2c
41821508
41451167
41bfea46
4200a6f6
4205d2f5
4205d2f5
4205d2f5
4205d2f5
4205d2f5
4205d2f5
4205d2f5
4205d2f5
4205d2f5
4205d2f5
4205d2f5
41fedb2c
41821508
41451167
41bfea46
4200a6f6
4205d2f5
4205d2f5
4205d2f5
4205d2f5
4205d2f5
4205d2f5
4205d2f5
4205d2f5
4205d2f5
4205d2f5
4205d2f5
41fedb2c
41821508
41451167
41bfea46
4200a6f6
4205d2f5
4205d2f5
4205d2f5
4205d2f5
4205d2f5
4205d2f5
4205d2f5
4205d2f5
4205d2f5
4205d2f5
4205d2f5
41fedb2c
41821508
41451167
41bfea46
4200a6f6
4205d2f5
4205d2f5
4205d2f5
4205d2f5
4205d2f5
4205d2f5
4205d2f5
4205d2f5
4205d2f5
4205d2f5
4205d2f5
41fedb2c
41821508
41451167
41bfea46
4200a6f6
4205d2f5
4205d2f5
4205d2f5
4205d2f5
4205d2f5
4205d2f5
4205d2f5
4205d2f5
4205d2f5
4205d2f5
4205d2f5
41fedb2c
41821508
412bb9d1
41abca9c
41eb4633
41f56a9a
41f56a9a
41f56a9a
41f56a9a
41f56a9a
41f56a9a
41f56a9a
41f56a9a
41f56a9a
41f56a9a
41f56a9a
41ee3fde
41755a74
40ed7781
416d91be
4198b375
419a34a1
419a34a1
419a34a1
419a34a1
419a34a1
419a34a1
419a34a1
419a34a1
419a34a1
419a34a1
419a34a1
418d67b6
40ea89fd
3fd5d476
402a3aa8
00000000
00000000
00000000
00000000
00000000
00000000
00000000
00000000
00000000
00000000
00000000
00000000
410760b7
40969ff5
403776cd
3f5b874f
00000000
00000000
00000000
00000000
00000000
00000000
00000000
00000000
00000000
00000000
00000000
00000000
40b9d73b
3dfd8e0d
3ff2914b
00000000
00000000
00000000
00000000
00000000
00000000
00000000
00000000
00000000
00000000
00000000
00000000
00000000
3fdd12f7
00000000
3f9e1c49
00000000
00000000
00000000
00000000
00000000
00000000
00000000
00000000
00000000
00000000
00000000
00000000
00000000
3f91e386
00000000
3f9e1c49
00000000
00000000
00000000
00000000
00000000
00000000
00000000
00000000
00000000
00000000
00000000
00000000
00000000
3f91e386
00000000
3f9e1c49
00000000
00000000
00000000
00000000
00000000
00000000
00000000
00000000
00000000
00000000
00000000
00000000
00000000
3f91e386
00000000
3f9e1c49
00000000
00000000
00000000
00000000
00000000
00000000
00000000
00000000
00000000
00000000
00000000
00000000
00000000
3f91e386
00000000
3f9e1c49
00000000
00000000
00000000
00000000
00000000
00000000
00000000
00000000
00000000
00000000
00000000
00000000
00000000
3f91e386
00000000
3f9e1c49
00000000
00000000
00000000
00000000
00000000
00000000
00000000
00000000
00000000
00000000
00000000
00000000
00000000
3f91e386
00000000
3f9e1c49
00000000
00000000
00000000
00000000
00000000
00000000
00000000
00000000
00000000
00000000
00000000
00000000
00000000
3f91e386
00000000
3f9e1c49
00000000
00000000
00000000
00000000
00000000
00000000
00000000
00000000
00000000
00000000
00000000
00000000
00000000
3f91e386
00000000
3f9e1c49
00000000
00000000
00000000
00000000
00000000
00000000
00000000
00000000
00000000
00000000
00000000
00000000
00000000
3f91e386
00000000
3f9e1c49
00000000
00000000
00000000
00000000
00000000
00000000
00000000
00000000
00000000
00000000
00000000
00000000
00000000
3f91e386
00000000
3f9e1c49
00000000
00000000
00000000
00000000
00000000
00000000
00000000
00000000
00000000
00000000
00000000
00000000
00000000
3f91e386
00000000
40b80c06
4096e54f
00000000
00000000
00000000
00000000
00000000
00000000
00000000
00000000
00000000
00000000
00000000
00000000
40c9e25b
00000000
3f94123d
4035f04e
00000000
00000000
00000000
00000000
00000000
00000000
00000000
00000000
00000000
00000000
00000000
00000000
4071ce34
404d4534
00000000
403e73b8
4097aef9
40abbe6c
40abbe6c
40abbe6c
40abbe6c
40abbe6c
40abbe6c
40abbe6c
40abbe6c
40abbe6c
40abbe6c
40abbe6c
408ff5d1
00000000
00000000
3fe5a368
4084a5b5
40ab427a
40ab427a
40ab427a
40ab427a
40ab427a
40ab427a
40ab427a
40ab427a
40ab427a
40ab427a
40ab427a
40205941
00000000
00000000
00000000
3fbede78
3ff9cac0
3ff9cac0
3ff9cac0
3ff9cac0
3ff9cac0
3ff9cac0
3ff9cac0
3ff9cac0
3ff9cac0
3ff9cac0
3ff9cac0
00000000
00000000
00000000
3e21f058
4007e1d6
40099934
40099934
40099934
40099934
40099934
40099934
40099934
40099934
40099934
40099934
40099934
00000000
00000000
00000000
3e21f058
4007e1d6
40099934
40099934
40099934
40099934
40099934
40099934
40099934
40099934
40099934
40099934
40099934
00000000
00000000
00000000
3e21f058
4007e1d6
40099934
40099934
40099934
40099934
40099934
40099934
40099934
40099934
40099934
40099934
40099934
00000000
00000000
00000000
3e21f058
4007e1d6
40099934
40099934
40099934
40099934
40099934
40099934
40099934
40099934
40099934
40099934
40099934
00000000
00000000
00000000
3e21f058
4007e1d6
40099934
40099934
40099934
40099934
40099934
40099934
40099934
40099934
40099934
40099934
40099934
00000000
00000000
00000000
3e21f058
4007e1d6
40099934
40099934
40099934
40099934
40099934
40099934
40099934
40099934
40099934
40099934
40099934
00000000
00000000
00000000
3e21f058
4007e1d6
40099934
40099934
40099934
40099934
40099934
40099934
40099934
40099934
40099934
40099934
40099934
00000000
00000000
00000000
3e21f058
4007e1d6
40099934
40099934
40099934
40099934
40099934
40099934
40099934
40099934
40099934
40099934
40099934
00000000
00000000
00000000
3e21f058
4007e1d6
40099934
40099934
40099934
40099934
40099934
40099934
40099934
40099934
40099934
40099934
40099934
00000000
00000000
00000000
3e21f058
4007e1d6
40099934
40099934
40099934
40099934
40099934
40099934
40099934
40099934
40099934
40099934
40099934
00000000
00000000
00000000
3e21f058
4007e1d6
40099934
40099934
40099934
40099934
40099934
40099934
40099934
40099934
40099934
40099934
40099934
00000000
00000000
00000000
3f373c80
3fb7eff0
3fb02268
3fb02268
3fb02268
3fb02268
3fb02268
3fb02268
3fb02268
3fb02268
3fb02268
3fb02268
3fb02268
00000000
00000000
00000000
00000000
3eed3f5c
3d67daa0
3d67daa0
3d67daa0
3d67daa0
3d67daa0
3d67daa0
3d67daa0
3d67daa0
3d67daa0
3d67daa0
3d67daa0
00000000
3fd61102
40b75508
411f9909
4166f661
416a9a85
416a9a85
416a9a85
416a9a85
416a9a85
416a9a85
416a9a85
416a9a85
416a9a85
416a9a85
416a9a85
416f3de7
4088d264
412b47ab
4191512e
41cf97ff
41d267e1
41d267e1
41d267e1
41d267e1
41d267e1
41d267e1
41d267e1
41d267e1
41d267e1
41d267e1
41d267e1
41c9246b
4118ad28
41458c59
41ae1ca0
41f56faa
41fc4b40
41fc4b40
41fc4b40
41fc4b40
41fc4b40
41fc4b40
41fc4b40
41fc4b40
41fc4b40
41fc4b40
41fc4b40
41e65182
41497851
41412d24
41ad2d7d
41f4fc72
41fe823e
41fe823e
41fe823e
41fe823e
41fe823e
41fe823e
41fe823e
41fe823e
41fe823e
41fe823e
41fe823e
41e594f2
414e0e74
41412d24
41ad2d7d
41f4fc72
41fe823e
41fe823e
41fe823e
41fe823e
41fe823e
41fe823e
41fe823e
41fe823e
41fe823e
41fe823e
41fe823e
41e594f2
414e0e74
41412d24
41ad2d7d
41f4fc72
41fe823e
41fe823e
41fe823e
41fe823e
41fe823e
41fe823e
41fe823e
41fe823e
41fe823e
41fe823e
41fe823e
41e594f2
414e0e74
41412d24
41ad2d7d
41f4fc72
41fe823e
41fe823e
41fe823e
41fe823e
41fe823e
41fe823e
41fe823e
41fe823e
41fe823e
41fe823e
41fe823e
41e594f2
414e0e74
41412d24
41ad2d7d
41f4fc72
41fe823e
41fe823e
41fe823e
41fe823e
41fe823e
41fe823e
41fe823e
41fe823e
41fe823e
41fe823e
41fe823e
41e594f2
414e0e74
41412d24
41ad2d7d
41f4fc72
41fe823e
41fe823e
41fe823e
41fe823e
41fe823e
41fe823e
41fe823e
41fe823e
41fe823e
41fe823e
41fe823e
41e594f2
414e0e74
41412d24
41ad2d7d
41f4fc72
41fe823e
41fe823e
41fe823e
41fe823e
41fe823e
41fe823e
41fe823e
41fe823e
41fe823e
41fe823e
41fe823e
41e594f2
414e0e74
41412d24
41ad2d7d
41f4fc72
41fe823e
41fe823e
41fe823e
41fe823e
41fe823e
41fe823e
41fe823e
41fe823e
41fe823e
41fe823e
41fe823e
41e594f2
414e0e74
41412d24
41ad2d7d
41f4fc72
41fe823e
41fe823e
41fe823e
41fe823e
41fe823e
41fe823e
41fe823e
41fe823e
41fe823e
41fe823e
41fe823e
41e594f2
414e0e74
41412d24
41ad2d7d
41f4fc72
41fe823e
41fe823e
41fe823e
41fe823e
41fe823e
41fe823e
41fe823e
41fe823e
41fe823e
41fe823e
41fe823e
41e594f2
414e0e74
41412d24
41ad2d7d
41f4fc72
41fe823e
41fe823e
41fe823e
41fe823e
41fe823e
41fe823e
41fe823e
41fe823e
41fe823e
41fe823e
41fe823e
41e594f2
414e0e74
412ce56b
41a0ae6d
41eb00e4
41f609d2
41f609d2
41f609d2
41f609d2
41f609d2
41f609d2
41f609d2
41f609d2
41f609d2
41f609d2
41f609d2
41dc6301
414badb3
40aa7d4c
41466a13
419a80c3
41a1459c
41a1459c
41a1459c
41a1459c
41a1459c
41a1459c
41a1459c
41a1459c
41a1459c
41a1459c
41a1459c
4180cceb
4127e921
00000000
00000000
3fab66e8
404fc700
404fc700
404fc700
404fc700
404fc700
404fc700
404fc700
404fc700
404fc700
404fc700
404fc700
00000000
00000000
00000000
00000000
4143f63c
4164232c
4164232c
4164232c
4164232c
4164232c
4164232c
4164232c
4164232c
4164232c
4164232c
4164232c
40b3dc28
00000000
408ca129
411b5ce3
41fc703c
420ba62b
420ba62b
420ba62b
420ba62b
420ba62b
420ba62b
420ba62b
420ba62b
420ba62b
420ba62b
420ba62b
41c16a26
40bfb303
40bea035
414fd812
421301ea
421f0ca4
421f0ca4
421f0ca4
421f0ca4
421f0ca4
421f0ca4
421f0ca4
421f0ca4
421f0ca4
421f0ca4
421f0ca4
41e35ba6
4114298d
40bea035
414fd812
421301ea
421f0ca4
421f0ca4
421f0ca4
421f0ca4
421f0ca4
421f0ca4
421f0ca4
421f0ca4
421f0ca4
421f0ca4
421f0ca4
41e35ba6
4114298d
40bea035
414fd812
421301ea
421f0ca4
421f0ca4
421f0ca4
421f0ca4
421f0ca4
421f0ca4
421f0ca4
421f0ca4
421f0ca4
421f0ca4
421f0ca4
41e35ba6
4114298d
40bea035
414fd812
421301ea
421f0ca4
421f0ca4
421f0ca4
421f0ca4
421f0ca4
421f0ca4
421f0ca4
421f0ca4
421f0ca4
421f0ca4
421f0ca4
41e35ba6
4114298d
40bea035
414fd812
421301ea
421f0ca4
421f0ca4
421f0ca4
421f0ca4
421f0ca4
421f0ca4
421f0ca4
421f0ca4
421f0ca4
421f0ca4
421f0ca4
41e35ba6
4114298d
40bea035
414fd812
421301ea
421f0ca4
421f0ca4
421f0ca4
421f0ca4
421f0ca4
421f0ca4
421f0ca4
421f0ca4
421f0ca4
421f0ca4
421f0ca4
41e35ba6
4114298d
40bea035
414fd812
421301ea
421f0ca4
421f0ca4
421f0ca4
421f0ca4
421f0ca4
421f0ca4
421f0ca4
421f0ca4
421f0ca4
421f0ca4
421f0ca4
41e35ba6
4114298d
40bea035
414fd812
421301ea
421f0ca4
421f0ca4
421f0ca4
421f0ca4
421f0ca4
421f0ca4
421f0ca4
421f0ca4
421f0ca4
421f0ca4
421f0ca4
41e35ba6
4114298d
40bea035
414fd812
421301ea
421f0ca4
421f0ca4
421f0ca4
421f0ca4
421f0ca4
421f0ca4
421f0ca4
421f0ca4
421f0ca4
421f0ca4
421f0ca4
41e35ba6
4114298d
40bea035
414fd812
421301ea
421f0ca4
421f0ca4
421f0ca4
421f0ca4
421f0ca4
421f0ca4
421f0ca4
421f0ca4
421f0ca4
421f0ca4
421f0ca4
41e35ba6
4114298d
40bea035
414fd812
421301ea
421f0ca4
421f0ca4
421f0ca4
421f0ca4
421f0ca4
421f0ca4
421f0ca4
421f0ca4
421f0ca4
421f0ca4
421f0ca4
41e35ba6
4114298d
3f9dd3fc
40c6bee4
41e10bba
42007efc
42007efc
42007efc
42007efc
42007efc
42007efc
42007efc
42007efc
42007efc
42007efc
42007efc
41b0c4b5
40c0a6c2
3ee14918
4106bec4
41af8153
41bf68ae
41bf68ae
41bf68ae
41bf68ae
41bf68ae
41bf68ae
41bf68ae
41bf68ae
41bf68ae
41bf68ae
41bf68ae
41870fac
40bbe20a
40dbc792
4120294c
416b3ce0
4176333e
4176333e
4176333e
4176333e
4176333e
4176333e
4176333e
4176333e
4176333e
4176333e
4176333e
417b8962
40a2cfec
4121f423
4174ea82
41a23183
41a5967a
41a5967a
41a5967a
41a5967a
41a5967a
41a5967a
41a5967a
41a5967a
41a5967a
41a5967a
41a5967a
41a08720
40a353c4
413a0656
418ea1a2
41d759d2
41e483e0
41e483e0
41e483e0
41e483e0
41e483e0
41e483e0
41e483e0
41e483e0
41e483e0
41e483e0
41e483e0
41dad05c
412a20f5
41390cd3
4194649f
41dbfeb7
41eb1d98
41eb1d98
41eb1d98
41eb1d98
41eb1d98
41eb1d98
41eb1d98
41eb1d98
41eb1d98
41eb1d98
41eb1d98
41e2b95b
413a13da
41390cd3
4194649f
41dbfeb7
41eb1d98
41eb1d98
41eb1d98
41eb1d98
41eb1d98
41eb1d98
41eb1d98
41eb1d98
41eb1d98
41eb1d98
41eb1d98
41e2b95b
413a13da
41390cd3
4194649f
41dbfeb7
41eb1d98
41eb1d98
41eb1d98
41eb1d98
41eb1d98
41eb1d98
41eb1d98
41eb1d98
41eb1d98
41eb1d98
41eb1d98
41e2b95b
413a13da
41390cd3
4194649f
41dbfeb7
41eb1d98
41eb1d98
41eb1d98
41eb1d98
41eb1d98
41eb1d98
41eb1d98
41eb1d98
41eb1d98
41eb1d98
41eb1d98
41e2b95b
413a13da
41390cd3
4194649f
41dbfeb7
41eb1d98
41eb1d98
41eb1d98
41eb1d98
41eb1d98
41eb1d98
41eb1d98
41eb1d98
41eb1d98
41eb1d98
41eb1d98
41e2b95b
413a13da
41390cd3
4194649f
41dbfeb7
41eb1d98
41eb1d98
41eb1d98
41eb1d98
41eb1d98
41eb1d98
41eb1d98
41eb1d98
41eb1d98
41eb1d98
41eb1d98
41e2b95b
413a13da
41390cd3
4194649f
41dbfeb7
41eb1d98
41eb1d98
41eb1d98
41eb1d98
41eb1d98
41eb1d98
41eb1d98
41eb1d98
41eb1d98
41eb1d98
41eb1d98
41e2b95b
413a13da
41390cd3
4194649f
41dbfeb7
41eb1d98
41eb1d98
41eb1d98
41eb1d98
41eb1d98
41eb1d98
41eb1d98
41eb1d98
41eb1d98
41eb1d98
41eb1d98
41e2b95b
413a13da
41390cd3
4194649f
41dbfeb7
41eb1d98
41eb1d98
41eb1d98
41eb1d98
41eb1d98
41eb1d98
41eb1d98
41eb1d98
41eb1d98
41eb1d98
41eb1d98
41e2b95b
413a13da
41390cd3
4194649f
41dbfeb7
41eb1d98
41eb1d98
41eb1d98
41eb1d98
41eb1d98
41eb1d98
41eb1d98
41eb1d98
41eb1d98
41eb1d98
41eb1d98
41e2b95b
413a13da
41390cd3
4194649f
41dbfeb7
41eb1d98
41eb1d98
41eb1d98
41eb1d98
41eb1d98
41eb1d98
41eb1d98
41eb1d98
41eb1d98
41eb1d98
41eb1d98
41e2b95b
413a13da
4131044c
4189e7f0
41d6de20
41e71310
41e71310
41e71310
41e71310
41e71310
41e71310
41e71310
41e71310
41e71310
41e71310
41e71310
41db6665
41369250
4096ac08
40fc0978
416f6e82
4184220d
4184220d
4184220d
4184220d
4184220d
4184220d
4184220d
4184220d
4184220d
4184220d
4184220d
416f81f4
409d23b4
40d3d208
4124a399
417c37c2
4181ff2b
4181ff2b
4181ff2b
4181ff2b
4181ff2b
4181ff2b
4181ff2b
4181ff2b
4181ff2b
4181ff2b
4181ff2b
416966dc
409ac5f9
41359574
419b34e9
41f73250
4201c710
4201c710
4201c710
4201c710
4201c710
4201c710
4201c710
4201c710
4201c710
4201c710
4201c710
41f59eda
41710280
41500eaa
41aee413
420c1580
4213d9a9
4213d9a9
4213d9a9
4213d9a9
4213d9a9
4213d9a9
4213d9a9
4213d9a9
4213d9a9
4213d9a9
4213d9a9
420dbb58
417f68e0
4148e525
41acc487
420db845
4216285b
4216285b
4216285b
4216285b
4216285b
4216285b
4216285b
4216285b
4216285b
4216285b
4216285b
4210abaf
41848b5a
4148e525
41acc487
420db845
4216285b
4216285b
4216285b
4216285b
4216285b
4216285b
4216285b
4216285b
4216285b
4216285b
4216285b
4210abaf
41848b5a
4148e525
41acc487
420db845
4216285b
4216285b
4216285b
4216285b
4216285b
4216285b
4216285b
4216285b
4216285b
4216285b
4216285b
4210abaf
41848b5a
4148e525
41acc487
420db845
4216285b
4216285b
4216285b
4216285b
4216285b
4216285b
4216285b
4216285b
4216285b
4216285b
4216285b
4210abaf
41848b5a
4148e525
41acc487
420db845
4216285b
4216285b
4216285b
4216285b
4216285b
4216285b
4216285b
4216285b
4216285b
4216285b
4216285b
4210abaf
41848b5a
4148e525
41acc487
420db845
4216285b
4216285b
4216285b
4216285b
4216285b
4216285b
4216285b
4216285b
4216285b
4216285b
4216285b
4210abaf
41848b5a
4148e525
41acc487
420db845
4216285b
4216285b
4216285b
4216285b
4216285b
4216285b
4216285b
4216285b
4216285b
4216285b
4216285b
4210abaf
41848b5a
4148e525
41acc487
420db845
4216285b
4216285b
4216285b
4216285b
4216285b
4216285b
4216285b
4216285b
4216285b
4216285b
4216285b
4210abaf
41848b5a
4148e525
41acc487
420db845
4216285b
4216285b
4216285b
4216285b
4216285b
4216285b
4216285b
4216285b
4216285b
4216285b
4216285b
4210abaf
41848b5a
4148e525
41acc487
420db845
4216285b
4216285b
4216285b
4216285b
4216285b
4216285b
4216285b
4216285b
4216285b
4216285b
4216285b
4210abaf
41848b5a
4148e525
41acc487
420db845
4216285b
4216285b
4216285b
4216285b
4216285b
4216285b
4216285b
4216285b
4216285b
4216285b
4216285b
4210abaf
41848b5a
41301804
419d5e57
42054988
420e3988
420e3988
420e3988
420e3988
420e3988
420e3988
420e3988
420e3988
420e3988
420e3988
420e3988
420812a4
417acbae
4082472e
41264d5f
419d9b65
41a95e44
41a95e44
41a95e44
41a95e44
41a95e44
41a95e44
41a95e44
41a95e44
41a95e44
41a95e44
41a95e44
41a4b28c
411b4e0e
00000000
40159ebc
4148e1d7
41839ad0
41839ad0
41839ad0
41839ad0
41839ad0
41839ad0
41839ad0
41839ad0
41839ad0
41839ad0
41839ad0
40adf056
3f78e988
40803332
4128a340
41c58510
41e5da32
41e5da32
41e5da32
41e5da32
41e5da32
41e5da32
41e5da32
41e5da32
41e5da32
41e5da32
41e5da32
410a821d
4089eadd
406cb008
41477fff
41fbe1c8
420cce39
420cce39
420cce39
420cce39
420cce39
420cce39
420cce39
420cce39
420cce39
420cce39
420cce39
411e0a9f
41124619
40d00f5a
416d5bb5
420c2a40
42161892
42161892
42161892
42161892
42161892
42161892
42161892
42161892
42161892
42161892
42161892
41187223
41105833
40d00f5a
416d5bb5
420c2a40
42161892
42161892
42161892
42161892
42161892
42161892
42161892
42161892
42161892
42161892
42161892
41187223
41105833
40d00f5a
416d5bb5
420c2a40
42161892
42161892
42161892
42161892
42161892
42161892
42161892
42161892
42161892
42161892
42161892
41187223
41105833
40d00f5a
416d5bb5
420c2a40
42161892
42161892
42161892
42161892
42161892
42161892
42161892
42161892
42161892
42161892
42161892
41187223
41105833
40d00f5a
416d5bb5
420c2a40
42161892
42161892
42161892
42161892
42161892
42161892
42161892
42161892
42161892
42161892
42161892
41187223
41105833
40d00f5a
416d5bb5
420c2a40
42161892
42161892
42161892
42161892
42161892
42161892
42161892
42161892
42161892
42161892
42161892
41187223
41105833
40d00f5a
416d5bb5
420c2a40
42161892
42161892
42161892
42161892
42161892
42161892
42161892
42161892
42161892
42161892
42161892
41187223
41105833
40d00f5a
416d5bb5
420c2a40
42161892
42161892
42161892
42161892
42161892
42161892
42161892
42161892
42161892
42161892
42161892
41187223
41105833
40d00f5a
416d5bb5
420c2a40
42161892
42161892
42161892
42161892
42161892
42161892
42161892
42161892
42161892
42161892
42161892
41187223
41105833
40d00f5a
416d5bb5
420c2a40
42161892
42161892
42161892
42161892
42161892
42161892
42161892
42161892
42161892
42161892
42161892
41187223
41105833
40d00f5a
416d5bb5
420c2a40
42161892
42161892
42161892
42161892
42161892
42161892
42161892
42161892
42161892
42161892
42161892
41187223
41105833
3fce762a
40ea0fd8
41b32072
41c9be4c
41c9be4c
41c9be4c
41c9be4c
41c9be4c
41c9be4c
41c9be4c
41c9be4c
41c9be4c
41c9be4c
41c9be4c
3fc77eae
4093e708
40a98911
413e4143
41ae735e
41bd8470
41bd8470
41bd8470
41bd8470
41bd8470
41bd8470
41bd8470
41bd8470
41bd8470
41bd8470
41bd8470
4101de69
410ee334
410409e0
412a1e93
4000b43f
00000000
00000000
00000000
00000000
00000000
00000000
00000000
00000000
00000000
00000000
00000000
41364e6d
40840ba6
40bf83b0
40a16100
00000000
00000000
00000000
00000000
00000000
00000000
00000000
00000000
00000000
00000000
00000000
00000000
40da772c
3f4d3eac
40a55c60
4080705c
00000000
00000000
00000000
00000000
00000000
00000000
00000000
00000000
00000000
00000000
00000000
00000000
410022ca
400e0698
4089178a
404155b3
00000000
00000000
00000000
00000000
00000000
00000000
00000000
00000000
00000000
00000000
00000000
00000000
410f1b16
403ea35f
4089178a
404155b3
00000000
00000000
00000000
00000000
00000000
00000000
00000000
00000000
00000000
00000000
00000000
00000000
410f1b16
403ea35f
4089178a
404155b3
00000000
00000000
00000000
00000000
00000000
00000000
00000000
00000000
00000000
00000000
00000000
00000000
410f1b16
403ea35f
4089178a
404155b3
00000000
00000000
00000000
00000000
00000000
00000000
00000000
00000000
00000000
00000000
00000000
00000000
410f1b16
403ea35f
4089178a
404155b3
00000000
00000000
00000000
00000000
00000000
00000000
00000000
00000000
00000000
00000000
00000000
00000000
410f1b16
403ea35f
4089178a
404155b3
00000000
00000000
00000000
00000000
00000000
00000000
00000000
00000000
00000000
00000000
00000000
00000000
410f1b16
403ea35f
4089178a
404155b3
00000000
00000000
00000000
00000000
00000000
00000000
00000000
00000000
00000000
00000000
00000000
00000000
410f1b16
403ea35f
4089178a
404155b3
00000000
00000000
00000000
00000000
00000000
00000000
00000000
00000000
00000000
00000000
00000000
00000000
410f1b16
403ea35f
4089178a
404155b3
00000000
00000000
00000000
00000000
00000000
00000000
00000000
00000000
00000000
00000000
00000000
00000000
410f1b16
403ea35f
4089178a
404155b3
00000000
00000000
00000000
00000000
00000000
00000000
00000000
00000000
00000000
00000000
00000000
00000000
410f1b16
403ea35f
4089178a
404155b3
00000000
00000000
00000000
00000000
00000000
00000000
00000000
00000000
00000000
00000000
00000000
00000000
410f1b16
403ea35f
40f601ab
41005a2c
00000000
00000000
00000000
00000000
00000000
00000000
00000000
00000000
00000000
00000000
00000000
00000000
415eabb9
40cbc668
00000000
00000000
00000000
00000000
00000000
00000000
00000000
00000000
00000000
00000000
00000000
00000000
00000000
00000000
00000000
00000000
00000000
00000000
40cf746d
410f1076
410f1076
410f1076
410f1076
410f1076
410f1076
410f1076
410f1076
410f1076
410f1076
410f1076
00000000
00000000
00000000
400f4c80
4186a81a
41a9adea
41a9adea
41a9adea
41a9adea
41a9adea
41a9adea
41a9adea
41a9adea
41a9adea
41a9adea
41a9adea
3ecdd958
40618ab4
00000000
40db1bd7
41c0a25b
41d8d080
41d8d080
41d8d080
41d8d080
41d8d080
41d8d080
41d8d080
41d8d080
41d8d080
41d8d080
41d8d080
3f8c663c
403b448e
3f9a3528
41163bc6
41d91abf
41e72416
41e72416
41e72416
41e72416
41e72416
41e72416
41e72416
41e72416
41e72416
41e72416
41e72416
3f1895e0
4035efbc
3f9a3528
41163bc6
41d91abf
41e72416
41e72416
41e72416
41e72416
41e72416
41e72416
41e72416
41e72416
41e72416
41e72416
41e72416
3f1895e0
4035efbc
3f9a3528
41163bc6
41d91abf
41e72416
41e72416
41e72416
41e72416
41e72416
41e72416
41e72416
41e72416
41e72416
41e72416
41e72416
3f1895e0
4035efbc
3f9a3528
41163bc6
41d91abf
41e72416
41e72416
41e72416
41e72416
41e72416
41e72416
41e72416
41e72416
41e72416
41e72416
41e72416
3f1895e0
4035efbc
3f9a3528
41163bc6
41d91abf
41e72416
41e72416
41e72416
41e72416
41e72416
41e72416
41e72416
41e72416
41e72416
41e72416
41e72416
3f1895e0
4035efbc
3f9a3528
41163bc6
41d91abf
41e72416
41e72416
41e72416
41e72416
41e72416
41e72416
41e72416
41e72416
41e72416
41e72416
41e72416
3f1895e0
4035efbc
3f9a3528
41163bc6
41d91abf
41e72416
41e72416
41e72416
41e72416
41e72416
41e72416
41e72416
41e72416
41e72416
41e72416
41e72416
3f1895e0
4035efbc
3f9a3528
41163bc6
41d91abf
41e72416
41e72416
41e72416
41e72416
41e72416
41e72416
41e72416
41e72416
41e72416
41e72416
41e72416
3f1895e0
4035efbc
3f9a3528
41163bc6
41d91abf
41e72416
41e72416
41e72416
41e72416
41e72416
41e72416
41e72416
41e72416
41e72416
41e72416
41e72416
3f1895e0
4035efbc
3f9a3528
41163bc6
41d91abf
41e72416
41e72416
41e72416
41e72416
41e72416
41e72416
41e72416
41e72416
41e72416
41e72416
41e72416
3f1895e0
4035efbc
3f9a3528
41163bc6
41d91abf
41e72416
41e72416
41e72416
41e72416
41e72416
41e72416
41e72416
41e72416
41e72416
41e72416
41e72416
3f1895e0
4035efbc
00000000
40a2e2a2
418e3104
419c5593
419c5593
419c5593
419c5593
419c5593
419c5593
419c5593
419c5593
419c5593
419c5593
419c5593
00000000
00000000
3f1be3e0
40d6cb31
41815ca2
4191d680
4191d680
4191d680
4191d680
4191d680
4191d680
4191d680
4191d680
4191d680
4191d680
4191d680
400b5968
4081ee1f
00000000
00000000
411e7348
41524545
41524545
41524545
41524545
41524545
41524545
41524545
41524545
41524545
41524545
41524545
40231490
3fe0e3ca
00000000
40a6f154
41bbc48a
41e4cf00
41e4cf00
41e4cf00
41e4cf00
41e4cf00
41e4cf00
41e4cf00
41e4cf00
41e4cf00
41e4cf00
41e4cf00
4119489a
40bf061e
00000000
413d74fb
41fe77b2
420f0801
420f0801
420f0801
420f0801
420f0801
420f0801
420f0801
420f0801
420f0801
420f0801
420f0801
413c4e89
40a2320d
3f5d9798
416f9893
420bab5a
421827b7
421827b7
421827b7
421827b7
421827b7
421827b7
421827b7
421827b7
421827b7
421827b7
421827b7
413ad20f
40944afd
3f5d9798
416f9893
420bab5a
421827b7
421827b7
421827b7
421827b7
421827b7
421827b7
421827b7
421827b7
421827b7
421827b7
421827b7
413ad20f
40944afd
3f5d9798
416f9893
420bab5a
421827b7
421827b7
421827b7
421827b7
421827b7
421827b7
421827b7
421827b7
421827b7
421827b7
421827b7
413ad20f
40944afd
3f5d9798
416f9893
420bab5a
421827b7
421827b7
421827b7
421827b7
421827b7
421827b7
421827b7
421827b7
421827b7
421827b7
421827b7
413ad20f
40944afd
3f5d9798
416f9893
420bab5a
421827b7
421827b7
421827b7
421827b7
421827b7
421827b7
421827b7
421827b7
421827b7
421827b7
421827b7
413ad20f
40944afd
3f5d9798
416f9893
420bab5a
421827b7
421827b7
421827b7
421827b7
421827b7
421827b7
421827b7
421827b7
421827b7
421827b7
421827b7
413ad20f
40944afd
3f5d9798
416f9893
420bab5a
421827b7
421827b7
421827b7
421827b7
421827b7
421827b7
421827b7
421827b7
421827b7
421827b7
421827b7
413ad20f
40944afd
3f5d9798
416f9893
420bab5a
421827b7
421827b7
421827b7
421827b7
421827b7
421827b7
421827b7
421827b7
421827b7
421827b7
421827b7
413ad20f
40944afd
3f5d9798
416f9893
420bab5a
421827b7
421827b7
421827b7
421827b7
421827b7
421827b7
421827b7
421827b7
421827b7
421827b7
421827b7
413ad20f
40944afd
3f5d9798
416f9893
420bab5a
421827b7
421827b7
421827b7
421827b7
421827b7
421827b7
421827b7
421827b7
421827b7
421827b7
421827b7
413ad20f
40944afd
3f5d9798
416f9893
420bab5a
421827b7
421827b7
421827b7
421827b7
421827b7
421827b7
421827b7
421827b7
421827b7
421827b7
421827b7
413ad20f
40944afd
00000000
410f57f9
41c229aa
41dd47a8
41dd47a8
41dd47a8
41dd47a8
41dd47a8
41dd47a8
41dd47a8
41dd47a8
41dd47a8
41dd47a8
41dd47a8
409dd65d
3f4e45f8
00000000
412536ca
41a4ec28
41b5f758
41b5f758
41b5f758
41b5f758
41b5f758
41b5f758
41b5f758
41b5f758
41b5f758
41b5f758
41b5f758
40dd6d36
409b8faf
3f1e8d9c
40a50d34
410efab5
410ed480
410ed480
410ed480
410ed480
410ed480
410ed480
410ed480
410ed480
410ed480
410ed480
410ed480
40f5aae2
00000000
40b9c10e
4145b4cb
41bb46dc
41c0b952
41c0b952
41c0b952
41c0b952
41c0b952
41c0b952
41c0b952
41c0b952
41c0b952
41c0b952
41c0b952
41a3622a
404f91b7
40d540e4
4185198b
42096585
421022b0
421022b0
421022b0
421022b0
421022b0
421022b0
421022b0
421022b0
421022b0
421022b0
421022b0
41fdce80
413bfdbd
4105ec6e
419ae150
42130903
421ad562
421ad562
421ad562
421ad562
421ad562
421ad562
421ad562
421ad562
421ad562
421ad562
421ad562
4208762f
414fe0f8
4105ec6e
419ae150
42130903
421ad562
421ad562
421ad562
421ad562
421ad562
421ad562
421ad562
421ad562
421ad562
421ad562
421ad562
4208762f
414fe0f8
4105ec6e
419ae150
42130903
421ad562
421ad562
421ad562
421ad562
421ad562
421ad562
421ad562
421ad562
421ad562
421ad562
421ad562
4208762f
414fe0f8
4105ec6e
419ae150
42130903
421ad562
421ad562
421ad562
421ad562
421ad562
421ad562
421ad562
421ad562
421ad562
421ad562
421ad562
4208762f
414fe0f8
4105ec6e
419ae150
42130903
421ad562
421ad562
421ad562
421ad562
421ad562
421ad562
421ad562
421ad562
421ad562
421ad562
421ad562
4208762f
414fe0f8
4105ec6e
419ae150
42130903
421ad562
421ad562
421ad562
421ad562
421ad562
421ad562
421ad562
421ad562
421ad562
421ad562
421ad562
4208762f
414fe0f8
4105ec6e
419ae150
42130903
421ad562
421ad562
421ad562
421ad562
421ad562
421ad562
421ad562
421ad562
421ad562
421ad562
421ad562
4208762f
414fe0f8
4105ec6e
419ae150
42130903
421ad562
421ad562
421ad562
421ad562
421ad562
421ad562
421ad562
421ad562
421ad562
421ad562
421ad562
4208762f
414fe0f8
4105ec6e
419ae150
42130903
421ad562
421ad562
421ad562
421ad562
421ad562
421ad562
421ad562
421ad562
421ad562
421ad562
421ad562
4208762f
414fe0f8
4105ec6e
419ae150
42130903
421ad562
421ad562
421ad562
421ad562
421ad562
421ad562
421ad562
421ad562
421ad562
421ad562
421ad562
4208762f
414fe0f8
4105ec6e
419ae150
42130903
421ad562
421ad562
421ad562
421ad562
421ad562
421ad562
421ad562
421ad562
421ad562
421ad562
421ad562
4208762f
414fe0f8
40b75798
415b11c2
41fe35ee
420a9846
420a9846
420a9846
420a9846
420a9846
420a9846
420a9846
420a9846
420a9846
420a9846
420a9846
41eed278
413a7a2b
404b27d9
4103f4e1
4194bfcf
41a493f4
41a493f4
41a493f4
41a493f4
41a493f4
41a493f4
41a493f4
41a493f4
41a493f4
41a493f4
41a493f4
417fca16
40c55f92
40c83320
413f947c
417c15f6
41822d3b
41822d3b
41822d3b
41822d3b
41822d3b
41822d3b
41822d3b
41822d3b
41822d3b
41822d3b
41822d3b
4185d6e4
410cc952
411e728d
418032fe
41a470fb
41a2554a
41a2554a
41a2554a
41a2554a
41a2554a
41a2554a
41a2554a
41a2554a
41a2554a
41a2554a
41a2554a
41a34f52
410b6ee5
4111d75a
418fb38d
41d03d76
41d4926f
41d4926f
41d4926f
41d4926f
41d4926f
41d4926f
41d4926f
41d4926f
41d4926f
41d4926f
41d4926f
41d3bd70
415746d6
41115ba5
41987e60
41d7ffeb
41dd6628
41dd6628
41dd6628
41dd6628
41dd6628
41dd6628
41dd6628
41dd6628
41dd6628
41dd6628
41dd6628
41dc825f
4165a818
41115ba5
41987e60
41d7ffeb
41dd6628
41dd6628
41dd6628
41dd6628
41dd6628
41dd6628
41dd6628
41dd6628
41dd6628
41dd6628
41dd6628
41dc825f
4165a818
41115ba5
41987e60
41d7ffeb
41dd6628
41dd6628
41dd6628
41dd6628
41dd6628
41dd6628
41dd6628
41dd6628
41dd6628
41dd6628
41dd6628
41dc825f
4165a818
41115ba5
41987e60
41d7ffeb
41dd6628
41dd6628
41dd6628
41dd6628
41dd6628
41dd6628
41dd6628
41dd6628
41dd6628
41dd6628
41dd6628
41dc825f
4165a818
41115ba5
41987e60
41d7ffeb
41dd6628
41dd6628
41dd6628
41dd6628
41dd6628
41dd6628
41dd6628
41dd6628
41dd6628
41dd6628
41dd6628
41dc825f
4165a818
41115ba5
41987e60
41d7ffeb
41dd6628
41dd6628
41dd6628
41dd6628
41dd6628
41dd6628
41dd6628
41dd6628
41dd6628
41dd6628
41dd6628
41dc825f
4165a818
41115ba5
41987e60
41d7ffeb
41dd6628
41dd6628
41dd6628
41dd6628
41dd6628
41dd6628
41dd6628
41dd6628
41dd6628
41dd6628
41dd6628
41dc825f
4165a818
41115ba5
41987e60
41d7ffeb
41dd6628
41dd6628
41dd6628
41dd6628
41dd6628
41dd6628
41dd6628
41dd6628
41dd6628
41dd6628
41dd6628
41dc825f
4165a818
41115ba5
41987e60
41d7ffeb
41dd6628
41dd6628
41dd6628
41dd6628
41dd6628
41dd6628
41dd6628
41dd6628
41dd6628
41dd6628
41dd6628
41dc825f
4165a818
41115ba5
41987e60
41d7ffeb
41dd6628
41dd6628
41dd6628
41dd6628
41dd6628
41dd6628
41dd6628
41dd6628
41dd6628
41dd6628
41dd6628
41dc825f
4165a818
41115ba5
41987e60
41d7ffeb
41dd6628
41dd6628
41dd6628
41dd6628
41dd6628
41dd6628
41dd6628
41dd6628
41dd6628
41dd6628
41dd6628
41dc825f
4165a818
410eb21e
418f5be7
41d64300
41ddcab7
41ddcab7
41ddcab7
41ddcab7
41ddcab7
41ddcab7
41ddcab7
41ddcab7
41ddcab7
41ddcab7
41ddcab7
41d4d388
416ebe6a
407c50fc
4106ff81
415ba751
416732b0
416732b0
416732b0
416732b0
416732b0
416732b0
416732b0
416732b0
416732b0
416732b0
416732b0
4157795a
40c3b204
41159cd3
41734d92
419eeeef
41a2dac4
41a2dac4
41a2dac4
41a2dac4
41a2dac4
41a2dac4
41a2dac4
41a2dac4
41a2dac4
41a2dac4
41a2dac4
419d660a
413ebcb5
4166988e
41baba0e
41e248d0
41e53cd9
41e53cd9
41e53cd9
41e53cd9
41e53cd9
41e53cd9
41e53cd9
41e53cd9
41e53cd9
41e53cd9
41e53cd9
41cb9c79
414b16dd
4185e481
41e1b554
420ac894
420e9055
420e9055
420e9055
420e9055
420e9055
420e9055
420e9055
420e9055
420e9055
420e9055
420e9055
41ff17e7
41872205
41890fc1
41e6b72d
420cbf8c
42117d5e
42117d5e
42117d5e
42117d5e
42117d5e
42117d5e
42117d5e
42117d5e
42117d5e
42117d5e
42117d5e
420213e7
4187a26f
41890fc1
41e6b72d
420cbf8c
42117d5e
42117d5e
42117d5e
42117d5e
42117d5e
42117d5e
42117d5e
42117d5e
42117d5e
42117d5e
42117d5e
420213e7
4187a26f
41890fc1
41e6b72d
420cbf8c
42117d5e
42117d5e
42117d5e
42117d5e
42117d5e
42117d5e
42117d5e
42117d5e
42117d5e
42117d5e
42117d5e
420213e7
4187a26f
41890fc1
41e6b72d
420cbf8c
42117d5e
42117d5e
42117d5e
42117d5e
42117d5e
42117d5e
42117d5e
42117d5e
42117d5e
42117d5e
42117d5e
420213e7
4187a26f
41890fc1
41e6b72d
420cbf8c
42117d5e
42117d5e
42117d5e
42117d5e
42117d5e
42117d5e
42117d5e
42117d5e
42117d5e
42117d5e
42117d5e
420213e7
4187a26f
41890fc1
41e6b72d
420cbf8c
42117d5e
42117d5e
42117d5e
42117d5e
42117d5e
42117d5e
42117d5e
42117d5e
42117d5e
42117d5e
42117d5e
420213e7
4187a26f
41890fc1
41e6b72d
420cbf8c
42117d5e
42117d5e
42117d5e
42117d5e
42117d5e
42117d5e
42117d5e
42117d5e
42117d5e
42117d5e
42117d5e
420213e7
4187a26f
41890fc1
41e6b72d
420cbf8c
42117d5e
42117d5e
42117d5e
42117d5e
42117d5e
42117d5e
42117d5e
42117d5e
42117d5e
42117d5e
42117d5e
420213e7
4187a26f
41890fc1
41e6b72d
420cbf8c
42117d5e
42117d5e
42117d5e
42117d5e
42117d5e
42117d5e
42117d5e
42117d5e
42117d5e
42117d5e
42117d5e
420213e7
4187a26f
41890fc1
41e6b72d
420cbf8c
42117d5e
42117d5e
42117d5e
42117d5e
42117d5e
42117d5e
42117d5e
42117d5e
42117d5e
42117d5e
42117d5e
420213e7
4187a26f
41890fc1
41e6b72d
420cbf8c
42117d5e
42117d5e
42117d5e
42117d5e
42117d5e
42117d5e
42117d5e
42117d5e
42117d5e
42117d5e
42117d5e
420213e7
4187a26f
417ed0a6
41e00491
420ce2a3
421218aa
421218aa
421218aa
421218aa
421218aa
421218aa
421218aa
421218aa
421218aa
421218aa
421218aa
420419cf
418ef61c
40c02202
414cb4bb
418df6da
4194233d
4194233d
4194233d
4194233d
4194233d
4194233d
4194233d
4194233d
4194233d
4194233d
4194233d
416fdcbc
40c3a595
00000000
3ec30650
40974771
40ea6bad
40ea6bad
40ea6bad
40ea6bad
40ea6bad
40ea6bad
40ea6bad
40ea6bad
40ea6bad
40ea6bad
40ea6bad
3fc78156
3ea38f48
00000000
40916f98
412ee78a
4165144e
4165144e
4165144e
4165144e
4165144e
4165144e
4165144e
4165144e
4165144e
4165144e
4165144e
4088317f
00000000
3f4b77fc
41074282
4170e832
4189bbd5
4189bbd5
4189bbd5
4189bbd5
4189bbd5
4189bbd5
4189bbd5
4189bbd5
4189bbd5
4189bbd5
4189bbd5
405f141a
00000000
3fea18ae
4129ac8e
418eabfa
41984107
41984107
41984107
41984107
41984107
41984107
41984107
41984107
41984107
41984107
41984107
406878e0
00000000
3fea18ae
4129ac8e
418eabfa
41984107
41984107
41984107
41984107
41984107
41984107
41984107
41984107
41984107
41984107
41984107
406878e0
00000000
3fea18ae
4129ac8e
418eabfa
41984107
41984107
41984107
41984107
41984107
41984107
41984107
41984107
41984107
41984107
41984107
406878e0
00000000
3fea18ae
4129ac8e
418eabfa
41984107
41984107
41984107
41984107
41984107
41984107
41984107
41984107
41984107
41984107
41984107
406878e0
00000000
3fea18ae
4129ac8e
418eabfa
41984107
41984107
41984107
41984107
41984107
41984107
41984107
41984107
41984107
41984107
41984107
406878e0
00000000
3fea18ae
4129ac8e
418eabfa
41984107
41984107
41984107
41984107
41984107
41984107
41984107
41984107
41984107
41984107
41984107
406878e0
00000000
3fea18ae
4129ac8e
418eabfa
41984107
41984107
41984107
41984107
41984107
41984107
41984107
41984107
41984107
41984107
41984107
406878e0
00000000
3fea18ae
4129ac8e
418eabfa
41984107
41984107
41984107
41984107
41984107
41984107
41984107
41984107
41984107
41984107
41984107
406878e0
00000000
3fea18ae
4129ac8e
418eabfa
41984107
41984107
41984107
41984107
41984107
41984107
41984107
41984107
41984107
41984107
41984107
406878e0
00000000
3fea18ae
4129ac8e
418eabfa
41984107
41984107
41984107
41984107
41984107
41984107
41984107
41984107
41984107
41984107
41984107
406878e0
00000000
3fea18ae
4129ac8e
418eabfa
41984107
41984107
41984107
41984107
41984107
41984107
41984107
41984107
41984107
41984107
41984107
406878e0
00000000
405f1056
4131bcc4
41578796
41658e58
41658e58
41658e58
41658e58
41658e58
41658e58
41658e58
41658e58
41658e58
41658e58
41658e58
00000000
00000000
401de98e
40e0cf5b
411a9ce2
411e59c2
411e59c2
411e59c2
411e59c2
411e59c2
411e59c2
411e59c2
411e59c2
411e59c2
411e59c2
411e59c2
400ecc96
00000000
40381132
40a4717f
00000000
00000000
00000000
00000000
00000000
00000000
00000000
00000000
00000000
00000000
00000000
00000000
410a3d22
40a702d6
408076d0
407f9a99
00000000
00000000
00000000
00000000
00000000
00000000
00000000
00000000
00000000
00000000
00000000
00000000
4148ad1a
40a6ddf9
3fce8b43
3f972921
00000000
00000000
00000000
00000000
00000000
00000000
00000000
00000000
00000000
00000000
00000000
00000000
41159f6e
4020878a
3f304322
00000000
00000000
00000000
00000000
00000000
00000000
00000000
00000000
00000000
00000000
00000000
00000000
00000000
40f30aff
3f48c966
3f304322
00000000
00000000
00000000
00000000
00000000
00000000
00000000
00000000
00000000
00000000
00000000
00000000
00000000
40f30aff
3f48c966
3f304322
00000000
00000000
00000000
00000000
00000000
00000000
00000000
00000000
00000000
00000000
00000000
00000000
00000000
40f30aff
3f48c966
3f304322
00000000
00000000
00000000
00000000
00000000
00000000
00000000
00000000
00000000
00000000
00000000
00000000
00000000
40f30aff
3f48c966
3f304322
00000000
00000000
00000000
00000000
00000000
00000000
00000000
00000000
00000000
00000000
00000000
00000000
00000000
40f30aff
3f48c966
3f304322
00000000
00000000
00000000
00000000
00000000
00000000
00000000
00000000
00000000
00000000
00000000
00000000
00000000
40f30aff
3f48c966
3f304322
00000000
00000000
00000000
00000000
00000000
00000000
00000000
00000000
00000000
00000000
00000000
00000000
00000000
40f30aff
3f48c966
3f304322
00000000
00000000
00000000
00000000
00000000
00000000
00000000
00000000
00000000
00000000
00000000
00000000
00000000
40f30aff
3f48c966
3f304322
00000000
00000000
00000000
00000000
00000000
00000000
00000000
00000000
00000000
00000000
00000000
00000000
00000000
40f30aff
3f48c966
3f304322
00000000
00000000
00000000
00000000
00000000
00000000
00000000
00000000
00000000
00000000
00000000
00000000
00000000
40f30aff
3f48c966
3f304322
00000000
00000000
00000000
00000000
00000000
00000000
00000000
00000000
00000000
00000000
00000000
00000000
00000000
40f30aff
3f48c966
405aeac1
4080f38b
00000000
00000000
00000000
00000000
00000000
00000000
00000000
00000000
00000000
00000000
00000000
00000000
41445718
405dd9fd
3faf19d6
00000000
00000000
00000000
00000000
00000000
00000000
00000000
00000000
00000000
00000000
00000000
00000000
00000000
40350cc8
00000000
00000000
405fa110
413accba
416a620e
416a620e
416a620e
416a620e
416a620e
416a620e
416a620e
416a620e
416a620e
416a620e
416a620e
40526958
00000000
3ee79cb8
40ffde96
41a95f8f
41c34698
41c34698
41c34698
41c34698
41c34698
41c34698
41c34698
41c34698
41c34698
41c34698
41c34698
00000000
3fafa12a
3e588670
40ed120c
41d6964f
41f32d28
41f32d28
41f32d28
41f32d28
41f32d28
41f32d28
41f32d28
41f32d28
41f32d28
41f32d28
41f32d28
00000000
40ebdce2
4028d180
41173f49
41f04c10
42039138
42039138
42039138
42039138
42039138
42039138
42039138
42039138
42039138
42039138
42039138
00000000
40e43b1c
4028d180
41173f49
41f04c10
42039138
42039138
42039138
42039138
42039138
42039138
42039138
42039138
42039138
42039138
42039138
00000000
40e43b1c
4028d180
41173f49
41f04c10
42039138
42039138
42039138
42039138
42039138
42039138
42039138
42039138
42039138
42039138
42039138
00000000
40e43b1c
4028d180
41173f49
41f04c10
42039138
42039138
42039138
42039138
42039138
42039138
42039138
42039138
42039138
42039138
42039138
00000000
40e43b1c
4028d180
41173f49
41f04c10
42039138
42039138
42039138
42039138
42039138
42039138
42039138
42039138
42039138
42039138
42039138
00000000
40e43b1c
4028d180
41173f49
41f04c10
42039138
42039138
42039138
42039138
42039138
42039138
42039138
42039138
42039138
42039138
42039138
00000000
40e43b1c
4028d180
41173f49
41f04c10
42039138
42039138
42039138
42039138
42039138
42039138
42039138
42039138
42039138
42039138
42039138
00000000
40e43b1c
4028d180
41173f49
41f04c10
42039138
42039138
42039138
42039138
42039138
42039138
42039138
42039138
42039138
42039138
42039138
00000000
40e43b1c
4028d180
41173f49
41f04c10
42039138
42039138
42039138
42039138
42039138
42039138
42039138
42039138
42039138
42039138
42039138
00000000
40e43b1c
4028d180
41173f49
41f04c10
42039138
42039138
42039138
42039138
42039138
42039138
42039138
42039138
42039138
42039138
42039138
00000000
40e43b1c
4028d180
41173f49
41f04c10
42039138
42039138
42039138
42039138
42039138
42039138
42039138
42039138
42039138
42039138
42039138
00000000
40e43b1c
00000000
3fde1764
419769e3
41b368d7
41b368d7
41b368d7
41b368d7
41b368d7
41b368d7
41b368d7
41b368d7
41b368d7
41b368d7
41b368d7
00000000
408f09ae
3f9287ee
408dacba
4182f5f5
4199439c
4199439c
4199439c
4199439c
4199439c
4199439c
4199439c
4199439c
4199439c
4199439c
4199439c
00000000
40d402f6
4024d204
40ad63af
413053a9
41378882
41378882
41378882
41378882
41378882
41378882
41378882
41378882
41378882
41378882
41378882
41093678
40ba234d
410459ed
41617e12
41c7f194
41d2bbf2
41d2bbf2
41d2bbf2
41d2bbf2
41d2bbf2
41d2bbf2
41d2bbf2
41d2bbf2
41d2bbf2
41d2bbf2
41d2bbf2
41a53813
4143f218
41392a7e
41a08377
421020ec
42198c1e
42198c1e
42198c1e
42198c1e
42198c1e
42198c1e
42198c1e
42198c1e
42198c1e
42198c1e
42198c1e
41f77cfc
41907da5
41287d8c
41a367c8
420e6b59
421995ca
421995ca
421995ca
421995ca
421995ca
421995ca
421995ca
421995ca
421995ca
421995ca
421995ca
41f7fd71
4195a55e
41287d8c
41a367c8
420e6b59
421995ca
421995ca
421995ca
421995ca
421995ca
421995ca
421995ca
421995ca
421995ca
421995ca
421995ca
41f7fd71
4195a55e
41287d8c
41a367c8
420e6b59
421995ca
421995ca
421995ca
421995ca
421995ca
421995ca
421995ca
421995ca
421995ca
421995ca
421995ca
41f7fd71
4195a55e
41287d8c
41a367c8
420e6b59
421995ca
421995ca
421995ca
421995ca
421995ca
421995ca
421995ca
421995ca
421995ca
421995ca
421995ca
41f7fd71
4195a55e
41287d8c
41a367c8
420e6b59
421995ca
421995ca
421995ca
421995ca
421995ca
421995ca
421995ca
421995ca
421995ca
421995ca
421995ca
41f7fd71
4195a55e
41287d8c
41a367c8
420e6b59
421995ca
421995ca
421995ca
421995ca
421995ca
421995ca
421995ca
421995ca
421995ca
421995ca
421995ca
41f7fd71
4195a55e
41287d8c
41a367c8
420e6b59
421995ca
421995ca
421995ca
421995ca
421995ca
421995ca
421995ca
421995ca
421995ca
421995ca
421995ca
41f7fd71
4195a55e
41287d8c
41a367c8
420e6b59
421995ca
421995ca
421995ca
421995ca
421995ca
421995ca
421995ca
421995ca
421995ca
421995ca
421995ca
41f7fd71
4195a55e
41287d8c
41a367c8
420e6b59
421995ca
421995ca
421995ca
421995ca
421995ca
421995ca
421995ca
421995ca
421995ca
421995ca
421995ca
41f7fd71
4195a55e
41287d8c
41a367c8
420e6b59
421995ca
421995ca
421995ca
421995ca
421995ca
421995ca
421995ca
421995ca
421995ca
421995ca
421995ca
41f7fd71
4195a55e
41287d8c
41a367c8
420e6b59
421995ca
421995ca
421995ca
421995ca
421995ca
421995ca
421995ca
421995ca
421995ca
421995ca
421995ca
41f7fd71
4195a55e
40e579de
418a5087
41fea0b0
420abbc9
420abbc9
420abbc9
420abbc9
420abbc9
420abbc9
420abbc9
420abbc9
420abbc9
420abbc9
420abbc9
41e4a62f
418f8b5f
4081a9a7
4116985d
4180b541
418e1038
418e1038
418e1038
418e1038
418e1038
418e1038
418e1038
418e1038
418e1038
418e1038
418e1038
415fa21d
41086c66
00000000
40878d59
408e92e0
40833dbe
40833dbe
40833dbe
40833dbe
40833dbe
40833dbe
40833dbe
40833dbe
40833dbe
40833dbe
40833dbe
40b5a864
3f7247c6
3ff5c2fb
411a9a40
40e5210d
40d508ed
40d508ed
40d508ed
40d508ed
40d508ed
40d508ed
40d508ed
40d508ed
40d508ed
40d508ed
40d508ed
4104c98c
3fac0d1f
4006df50
410d54c1
40cf3316
40c65a45
40c65a45
40c65a45
40c65a45
40c65a45
40c65a45
40c65a45
40c65a45
40c65a45
40c65a45
40c65a45
40f82409
3fec8c4f
40227a58
40fba5cb
40b77cf6
40aaa008
40aaa008
40aaa008
40aaa008
40aaa008
40aaa008
40aaa008
40aaa008
40aaa008
40aaa008
40aaa008
40c3fec7
3f040324
40227a58
40fba5cb
40b77cf6
40aaa008
40aaa008
40aaa008
40aaa008
40aaa008
40aaa008
40aaa008
40aaa008
40aaa008
40aaa008
40aaa008
40c3fec7
3f040324
40227a58
40fba5cb
40b77cf6
40aaa008
40aaa008
40aaa008
40aaa008
40aaa008
40aaa008
40aaa008
40aaa008
40aaa008
40aaa008
40aaa008
40c3fec7
3f040324
40227a58
40fba5cb
40b77cf6
40aaa008
40aaa008
40aaa008
40aaa008
40aaa008
40aaa008
40aaa008
40aaa008
40aaa008
40aaa008
40aaa008
40c3fec7
3f040324
40227a58
40fba5cb
40b77cf6
40aaa008
40aaa008
40aaa008
40aaa008
40aaa008
40aaa008
40aaa008
40aaa008
40aaa008
40aaa008
40aaa008
40c3fec7
3f040324
40227a58
40fba5cb
40b77cf6
40aaa008
40aaa008
40aaa008
40aaa008
40aaa008
40aaa008
40aaa008
40aaa008
40aaa008
40aaa008
40aaa008
40c3fec7
3f040324
40227a58
40fba5cb
40b77cf6
40aaa008
40aaa008
40aaa008
40aaa008
40aaa008
40aaa008
40aaa008
40aaa008
40aaa008
40aaa008
40aaa008
40c3fec7
3f040324
40227a58
40fba5cb
40b77cf6
40aaa008
40aaa008
40aaa008
40aaa008
40aaa008
40aaa008
40aaa008
40aaa008
40aaa008
40aaa008
40aaa008
40c3fec7
3f040324
40227a58
40fba5cb
40b77cf6
40aaa008
40aaa008
40aaa008
40aaa008
40aaa008
40aaa008
40aaa008
40aaa008
40aaa008
40aaa008
40aaa008
40c3fec7
3f040324
40227a58
40fba5cb
40b77cf6
40aaa008
40aaa008
40aaa008
40aaa008
40aaa008
40aaa008
40aaa008
40aaa008
40aaa008
40aaa008
40aaa008
40c3fec7
3f040324
40227a58
40fba5cb
40b77cf6
40aaa008
40aaa008
40aaa008
40aaa008
40aaa008
40aaa008
40aaa008
40aaa008
40aaa008
40aaa008
40aaa008
40c3fec7
3f040324
4064d77c
411daf38
40f47707
40d1fc14
40d1fc14
40d1fc14
40d1fc14
40d1fc14
40d1fc14
40d1fc14
40d1fc14
40d1fc14
40d1fc14
40d1fc14
410289f0
40502f26
4054403e
40b59f9a
40930e1b
409bb184
409bb184
409bb184
409bb184
409bb184
409bb184
409bb184
409bb184
409bb184
409bb184
409bb184
40b0f3d5
408d6a03
40e6c275
40af2119
3fd0162c
00000000
00000000
00000000
00000000
00000000
00000000
00000000
00000000
00000000
00000000
00000000
410b20be
408a177d
4101996a
4030a36d
00000000
00000000
00000000
00000000
00000000
00000000
00000000
00000000
00000000
00000000
00000000
00000000
4118c145
40a61034
40d6575f
00000000
00000000
00000000
00000000
00000000
00000000
00000000
00000000
00000000
00000000
00000000
00000000
00000000
40a653be
409bbeeb
40c02ba1
00000000
00000000
00000000
00000000
00000000
00000000
00000000
00000000
00000000
00000000
00000000
00000000
00000000
405b664b
409152d6
40c02ba1
00000000
00000000
00000000
00000000
00000000
00000000
00000000
00000000
00000000
00000000
00000000
00000000
00000000
405b664b
409152d6
40c02ba1
00000000
00000000
00000000
00000000
00000000
00000000
00000000
00000000
00000000
00000000
00000000
00000000
00000000
405b664b
409152d6
40c02ba1
00000000
00000000
00000000
00000000
00000000
00000000
00000000
00000000
00000000
00000000
00000000
00000000
00000000
405b664b
409152d6
40c02ba1
00000000
00000000
00000000
00000000
00000000
00000000
00000000
00000000
00000000
00000000
00000000
00000000
00000000
405b664b
409152d6
40c02ba1
00000000
00000000
00000000
00000000
00000000
00000000
00000000
00000000
00000000
00000000
00000000
00000000
00000000
405b664b
409152d6
40c02ba1
00000000
00000000
00000000
00000000
00000000
00000000
00000000
00000000
00000000
00000000
00000000
00000000
00000000
405b664b
409152d6
40c02ba1
00000000
00000000
00000000
00000000
00000000
00000000
00000000
00000000
00000000
00000000
00000000
00000000
00000000
405b664b
409152d6
40c02ba1
00000000
00000000
00000000
00000000
00000000
00000000
00000000
00000000
00000000
00000000
00000000
00000000
00000000
405b664b
409152d6
40c02ba1
00000000
00000000
00000000
00000000
00000000
00000000
00000000
00000000
00000000
00000000
00000000
00000000
00000000
405b664b
409152d6
40c02ba1
00000000
00000000
00000000
00000000
00000000
00000000
00000000
00000000
00000000
00000000
00000000
00000000
00000000
405b664b
409152d6
40ffd9bb
3f420473
00000000
00000000
00000000
00000000
00000000
00000000
00000000
00000000
00000000
00000000
00000000
00000000
410da1e9
40fd5998
40437ea5
00000000
00000000
00000000
00000000
00000000
00000000
00000000
00000000
00000000
00000000
00000000
00000000
00000000
3f045a9d
406981c0
00000000
00000000
40780213
40d03278
40d03278
40d03278
40d03278
40d03278
40d03278
40d03278
40d03278
40d03278
40d03278
40d03278
00000000
00000000
3f28dc44
402a87ff
41877aca
41a4fc28
41a4fc28
41a4fc28
41a4fc28
41a4fc28
41a4fc28
41a4fc28
41a4fc28
41a4fc28
41a4fc28
41a4fc28
40971158
00000000
408606bc
404f572b
419f6c8f
41b83e36
41b83e36
41b83e36
41b83e36
41b83e36
41b83e36
41b83e36
41b83e36
41b83e36
41b83e36
41b83e36
3f4110cc
00000000
40b35b1e
40943748
41b0d04e
41c4bc94
41c4bc94
41c4bc94
41c4bc94
41c4bc94
41c4bc94
41c4bc94
41c4bc94
41c4bc94
41c4bc94
41c4bc94
00000000
00000000
40b35b1e
40943748
41b0d04e
41c4bc94
41c4bc94
41c4bc94
41c4bc94
41c4bc94
41c4bc94
41c4bc94
41c4bc94
41c4bc94
41c4bc94
41c4bc94
00000000
00000000
40b35b1e
40943748
41b0d04e
41c4bc94
41c4bc94
41c4bc94
41c4bc94
41c4bc94
41c4bc94
41c4bc94
41c4bc94
41c4bc94
41c4bc94
41c4bc94
00000000
00000000
40b35b1e
40943748
41b0d04e
41c4bc94
41c4bc94
41c4bc94
41c4bc94
41c4bc94
41c4bc94
41c4bc94
41c4bc94
41c4bc94
41c4bc94
41c4bc94
00000000
00000000
40b35b1e
40943748
41b0d04e
41c4bc94
41c4bc94
41c4bc94
41c4bc94
41c4bc94
41c4bc94
41c4bc94
41c4bc94
41c4bc94
41c4bc94
41c4bc94
00000000
00000000
40b35b1e
40943748
41b0d04e
41c4bc94
41c4bc94
41c4bc94
41c4bc94
41c4bc94
41c4bc94
41c4bc94
41c4bc94
41c4bc94
41c4bc94
41c4bc94
00000000
00000000
40b35b1e
40943748
41b0d04e
41c4bc94
41c4bc94
41c4bc94
41c4bc94
41c4bc94
41c4bc94
41c4bc94
41c4bc94
41c4bc94
41c4bc94
41c4bc94
00000000
00000000
40b35b1e
40943748
41b0d04e
41c4bc94
41c4bc94
41c4bc94
41c4bc94
41c4bc94
41c4bc94
41c4bc94
41c4bc94
41c4bc94
41c4bc94
41c4bc94
00000000
00000000
40b35b1e
40943748
41b0d04e
41c4bc94
41c4bc94
41c4bc94
41c4bc94
41c4bc94
41c4bc94
41c4bc94
41c4bc94
41c4bc94
41c4bc94
41c4bc94
00000000
00000000
40b35b1e
40943748
41b0d04e
41c4bc94
41c4bc94
41c4bc94
41c4bc94
41c4bc94
41c4bc94
41c4bc94
41c4bc94
41c4bc94
41c4bc94
41c4bc94
00000000
00000000
40b35b1e
40943748
41b0d04e
41c4bc94
41c4bc94
41c4bc94
41c4bc94
41c4bc94
41c4bc94
41c4bc94
41c4bc94
41c4bc94
41c4bc94
41c4bc94
00000000
00000000
4052f8ef
3edcc948
415a0549
4186ad78
4186ad78
4186ad78
4186ad78
4186ad78
4186ad78
4186ad78
4186ad78
4186ad78
4186ad78
4186ad78
00000000
00000000
40ef643a
404fd4f1
412a188e
415a9643
415a9643
415a9643
415a9643
415a9643
415a9643
415a9643
415a9643
415a9643
415a9643
415a9643
00000000
00000000
00000000
00000000
40043d92
4076d170
4076d170
4076d170
4076d170
4076d170
4076d170
4076d170
4076d170
4076d170
4076d170
4076d170
00000000
00000000
00000000
4095a9f2
41a1e124
41b9d441
41b9d441
41b9d441
41b9d441
41b9d441
41b9d441
41b9d441
41b9d441
41b9d441
41b9d441
41b9d441
4142cf23
412f4b4e
3fbdafce
4186c54d
421d0a67
422b03d7
422b03d7
422b03d7
422b03d7
422b03d7
422b03d7
422b03d7
422b03d7
422b03d7
422b03d7
422b03d7
41e6aa0a
41ba538f
4040fb4a
41987592
4228edf9
4235b58e
4235b58e
4235b58e
4235b58e
4235b58e
4235b58e
4235b58e
4235b58e
4235b58e
4235b58e
4235b58e
41f2a804
41c32bf3
4040fb4a
41987592
4228edf9
4235b58e
4235b58e
4235b58e
4235b58e
4235b58e
4235b58e
4235b58e
4235b58e
4235b58e
4235b58e
4235b58e
41f2a804
41c32bf3
4040fb4a
41987592
4228edf9
4235b58e
4235b58e
4235b58e
4235b58e
4235b58e
4235b58e
4235b58e
4235b58e
4235b58e
4235b58e
4235b58e
41f2a804
41c32bf3
4040fb4a
41987592
4228edf9
4235b58e
4235b58e
4235b58e
4235b58e
4235b58e
4235b58e
4235b58e
4235b58e
4235b58e
4235b58e
4235b58e
41f2a804
41c32bf3
4040fb4a
41987592
4228edf9
4235b58e
4235b58e
4235b58e
4235b58e
4235b58e
4235b58e
4235b58e
4235b58e
4235b58e
4235b58e
4235b58e
41f2a804
41c32bf3
4040fb4a
41987592
4228edf9
4235b58e
4235b58e
4235b58e
4235b58e
4235b58e
4235b58e
4235b58e
4235b58e
4235b58e
4235b58e
4235b58e
41f2a804
41c32bf3
4040fb4a
41987592
4228edf9
4235b58e
4235b58e
4235b58e
4235b58e
4235b58e
4235b58e
4235b58e
4235b58e
4235b58e
4235b58e
4235b58e
41f2a804
41c32bf3
4040fb4a
41987592
4228edf9
4235b58e
4235b58e
4235b58e
4235b58e
4235b58e
4235b58e
4235b58e
4235b58e
4235b58e
4235b58e
4235b58e
41f2a804
41c32bf3
4040fb4a
41987592
4228edf9
4235b58e
4235b58e
4235b58e
4235b58e
4235b58e
4235b58e
4235b58e
4235b58e
4235b58e
4235b58e
4235b58e
41f2a804
41c32bf3
4040fb4a
41987592
4228edf9
4235b58e
4235b58e
4235b58e
4235b58e
4235b58e
4235b58e
4235b58e
4235b58e
4235b58e
4235b58e
4235b58e
41f2a804
41c32bf3
4040fb4a
41987592
4228edf9
4235b58e
4235b58e
4235b58e
4235b58e
4235b58e
4235b58e
4235b58e
4235b58e
4235b58e
4235b58e
4235b58e
41f2a804
41c32bf3
00000000
4157185e
420c1d5b
421b32ad
421b32ad
421b32ad
421b32ad
421b32ad
421b32ad
421b32ad
421b32ad
421b32ad
421b32ad
421b32ad
41cd8b0c
41ac6372
3fa667be
418d2210
4204a43b
420f98f4
420f98f4
420f98f4
420f98f4
420f98f4
420f98f4
420f98f4
420f98f4
420f98f4
420f98f4
420f98f4
41d91eb8
41bff894
00000000
40273342
4115fc13
4123f332
4123f332
4123f332
4123f332
4123f332
4123f332
4123f332
4123f332
4123f332
4123f332
4123f332
40c7d2a2
00000000
00000000
407788ca
418c106d
4199958f
4199958f
4199958f
4199958f
4199958f
4199958f
4199958f
4199958f
4199958f
4199958f
4199958f
415ec524
4098b641
4017d124
419203b8
4210cc3b
421b53fa
421b53fa
421b53fa
421b53fa
421b53fa
421b53fa
421b53fa
421b53fa
421b53fa
421b53fa
421b53fa
42037f25
417fe2cc
404516b7
41a381b1
421bc17a
4227648e
4227648e
4227648e
4227648e
4227648e
4227648e
4227648e
4227648e
4227648e
4227648e
4227648e
420ea785
418fc5fd
404516b7
41a381b1
421bc17a
4227648e
4227648e
4227648e
4227648e
4227648e
4227648e
4227648e
4227648e
4227648e
4227648e
4227648e
420ea785
418fc5fd
404516b7
41a381b1
421bc17a
4227648e
4227648e
4227648e
4227648e
4227648e
4227648e
4227648e
4227648e
4227648e
4227648e
4227648e
420ea785
418fc5fd
404516b7
41a381b1
421bc17a
4227648e
4227648e
4227648e
4227648e
4227648e
4227648e
4227648e
4227648e
4227648e
4227648e
4227648e
420ea785
418fc5fd
404516b7
41a381b1
421bc17a
4227648e
4227648e
4227648e
4227648e
4227648e
4227648e
4227648e
4227648e
4227648e
4227648e
4227648e
420ea785
418fc5fd
404516b7
41a381b1
421bc17a
4227648e
4227648e
4227648e
4227648e
4227648e
4227648e
4227648e
4227648e
4227648e
4227648e
4227648e
420ea785
418fc5fd
404516b7
41a381b1
421bc17a
4227648e
4227648e
4227648e
4227648e
4227648e
4227648e
4227648e
4227648e
4227648e
4227648e
4227648e
420ea785
418fc5fd
404516b7
41a381b1
421bc17a
4227648e
4227648e
4227648e
4227648e
4227648e
4227648e
4227648e
4227648e
4227648e
4227648e
4227648e
420ea785
418fc5fd
404516b7
41a381b1
421bc17a
4227648e
4227648e
4227648e
4227648e
4227648e
4227648e
4227648e
4227648e
4227648e
4227648e
4227648e
420ea785
418fc5fd
404516b7
41a381b1
421bc17a
4227648e
4227648e
4227648e
4227648e
4227648e
4227648e
4227648e
4227648e
4227648e
4227648e
4227648e
420ea785
418fc5fd
404516b7
41a381b1
421bc17a
4227648e
4227648e
4227648e
4227648e
4227648e
4227648e
4227648e
4227648e
4227648e
4227648e
4227648e
420ea785
418fc5fd
00000000
415022bb
4202ee9a
420fba56
420fba56
420fba56
420fba56
420fba56
420fba56
420fba56
420fba56
420fba56
420fba56
420fba56
41fd8902
4186e502
00000000
412f5830
41b8743a
41c70736
41c70736
41c70736
41c70736
41c70736
41c70736
41c70736
41c70736
41c70736
41c70736
41c70736
41b828c0
41883de0
00000000
00000000
3fc1643e
405f729f
405f729f
405f729f
405f729f
405f729f
405f729f
405f729f
405f729f
405f729f
405f729f
405f729f
00000000
00000000
00000000
00000000
40fbd032
4126bc8e
4126bc8e
4126bc8e
4126bc8e
4126bc8e
4126bc8e
4126bc8e
4126bc8e
4126bc8e
4126bc8e
4126bc8e
00000000
00000000
00000000
403e134b
414896f2
416f308c
416f308c
416f308c
416f308c
416f308c
416f308c
416f308c
416f308c
416f308c
416f308c
416f308c
00000000
00000000
3ec16348
40c6be88
418232fa
418d5a8d
418d5a8d
418d5a8d
418d5a8d
418d5a8d
418d5a8d
418d5a8d
418d5a8d
418d5a8d
418d5a8d
418d5a8d
00000000
00000000
3ec16348
40c6be88
418232fa
418d5a8d
418d5a8d
418d5a8d
418d5a8d
418d5a8d
418d5a8d
418d5a8d
418d5a8d
418d5a8d
418d5a8d
418d5a8d
00000000
00000000
3ec16348
40c6be88
418232fa
418d5a8d
418d5a8d
418d5a8d
418d5a8d
418d5a8d
418d5a8d
418d5a8d
418d5a8d
418d5a8d
418d5a8d
418d5a8d
00000000
00000000
3ec16348
40c6be88
418232fa
418d5a8d
418d5a8d
418d5a8d
418d5a8d
418d5a8d
418d5a8d
418d5a8d
418d5a8d
418d5a8d
418d5a8d
418d5a8d
00000000
00000000
3ec16348
40c6be88
418232fa
418d5a8d
418d5a8d
418d5a8d
418d5a8d
418d5a8d
418d5a8d
418d5a8d
418d5a8d
418d5a8d
418d5a8d
418d5a8d
00000000
00000000
3ec16348
40c6be88
418232fa
418d5a8d
418d5a8d
418d5a8d
418d5a8d
418d5a8d
418d5a8d
418d5a8d
418d5a8d
418d5a8d
418d5a8d
418d5a8d
00000000
00000000
3ec16348
40c6be88
418232fa
418d5a8d
418d5a8d
418d5a8d
418d5a8d
418d5a8d
418d5a8d
418d5a8d
418d5a8d
418d5a8d
418d5a8d
418d5a8d
00000000
00000000
3ec16348
40c6be88
418232fa
418d5a8d
418d5a8d
418d5a8d
418d5a8d
418d5a8d
418d5a8d
418d5a8d
418d5a8d
418d5a8d
418d5a8d
418d5a8d
00000000
00000000
3ec16348
40c6be88
418232fa
418d5a8d
418d5a8d
418d5a8d
418d5a8d
418d5a8d
418d5a8d
418d5a8d
418d5a8d
418d5a8d
418d5a8d
418d5a8d
00000000
00000000
3ec16348
40c6be88
418232fa
418d5a8d
418d5a8d
418d5a8d
418d5a8d
418d5a8d
418d5a8d
418d5a8d
418d5a8d
418d5a8d
418d5a8d
418d5a8d
00000000
00000000
3ec16348
40c6be88
418232fa
418d5a8d
418d5a8d
418d5a8d
418d5a8d
418d5a8d
418d5a8d
418d5a8d
418d5a8d
418d5a8d
418d5a8d
418d5a8d
00000000
00000000
00000000
40062c03
4115ba3a
41301b3e
41301b3e
41301b3e
41301b3e
41301b3e
41301b3e
41301b3e
41301b3e
41301b3e
41301b3e
41301b3e
00000000
00000000
40194b89
411862a0
41632678
41785b2a
41785b2a
41785b2a
41785b2a
41785b2a
41785b2a
41785b2a
41785b2a
41785b2a
41785b2a
41785b2a
00000000
3f9e7c12
40e50203
411ed510
417892bc
417f1f66
417f1f66
417f1f66
417f1f66
417f1f66
417f1f66
417f1f66
417f1f66
417f1f66
417f1f66
417f1f66
415cb549
411ed792
416084df
41ac60eb
41e919a2
41f43797
41f43797
41f43797
41f43797
41f43797
41f43797
41f43797
41f43797
41f43797
41f43797
41f43797
41c81e51
416dbb93
4154e6e1
41c094a2
420b3ad0
42126efd
42126efd
42126efd
42126efd
42126efd
42126efd
42126efd
42126efd
42126efd
42126efd
42126efd
41f4e405
41a9e0ca
4149a501
41be3daf
420b6dec
4213a3fd
4213a3fd
4213a3fd
4213a3fd
4213a3fd
4213a3fd
4213a3fd
4213a3fd
4213a3fd
4213a3fd
4213a3fd
41fbe464
41afcd26
4149a501
41be3daf
420b6dec
4213a3fd
4213a3fd
4213a3fd
4213a3fd
4213a3fd
4213a3fd
4213a3fd
4213a3fd
4213a3fd
4213a3fd
4213a3fd
41fbe464
41afcd26
4149a501
41be3daf
420b6dec
4213a3fd
4213a3fd
4213a3fd
4213a3fd
4213a3fd
4213a3fd
4213a3fd
4213a3fd
4213a3fd
4213a3fd
4213a3fd
41fbe464
41afcd26
4149a501
41be3daf
420b6dec
4213a3fd
4213a3fd
4213a3fd
4213a3fd
4213a3fd
4213a3fd
4213a3fd
4213a3fd
4213a3fd
4213a3fd
4213a3fd
41fbe464
41afcd26
4149a501
41be3daf
420b6dec
4213a3fd
4213a3fd
4213a3fd
4213a3fd
4213a3fd
4213a3fd
4213a3fd
4213a3fd
4213a3fd
4213a3fd
4213a3fd
41fbe464
41afcd26
4149a501
41be3daf
420b6dec
4213a3fd
4213a3fd
4213a3fd
4213a3fd
4213a3fd
4213a3fd
4213a3fd
4213a3fd
4213a3fd
4213a3fd
4213a3fd
41fbe464
41afcd26
4149a501
41be3daf
420b6dec
4213a3fd
4213a3fd
4213a3fd
4213a3fd
4213a3fd
4213a3fd
4213a3fd
4213a3fd
4213a3fd
4213a3fd
4213a3fd
41fbe464
41afcd26
4149a501
41be3daf
420b6dec
4213a3fd
4213a3fd
4213a3fd
4213a3fd
4213a3fd
4213a3fd
4213a3fd
4213a3fd
4213a3fd
4213a3fd
4213a3fd
41fbe464
41afcd26
4149a501
41be3daf
420b6dec
4213a3fd
4213a3fd
4213a3fd
4213a3fd
4213a3fd
4213a3fd
4213a3fd
4213a3fd
4213a3fd
4213a3fd
4213a3fd
41fbe464
41afcd26
4149a501
41be3daf
420b6dec
4213a3fd
4213a3fd
4213a3fd
4213a3fd
4213a3fd
4213a3fd
4213a3fd
4213a3fd
4213a3fd
4213a3fd
4213a3fd
41fbe464
41afcd26
4149a501
41be3daf
420b6dec
4213a3fd
4213a3fd
4213a3fd
4213a3fd
4213a3fd
4213a3fd
4213a3fd
4213a3fd
4213a3fd
4213a3fd
4213a3fd
41fbe464
41afcd26
41376b08
41af0c05
420546f8
420e15b0
420e15b0
420e15b0
420e15b0
420e15b0
420e15b0
420e15b0
420e15b0
420e15b0
420e15b0
420e15b0
41ecd202
41ab9c8b
3fd9bd49
410f59cb
41770176
418125cd
418125cd
418125cd
418125cd
418125cd
418125cd
418125cd
418125cd
418125cd
418125cd
418125cd
41583b3a
412772a4
3f231ef4
4111b868
416d2a44
4187b6ba
4187b6ba
4187b6ba
4187b6ba
4187b6ba
4187b6ba
4187b6ba
4187b6ba
4187b6ba
4187b6ba
4187b6ba
40f6e6a8
3f07f4c0
00000000
40d6f054
4187dd43
419fdc4e
419fdc4e
419fdc4e
419fdc4e
419fdc4e
419fdc4e
419fdc4e
419fdc4e
419fdc4e
419fdc4e
419fdc4e
402ae6cd
3fc460fc
3f4420b0
40ec7d5c
418e3787
41997bd3
41997bd3
41997bd3
41997bd3
41997bd3
41997bd3
41997bd3
41997bd3
41997bd3
41997bd3
41997bd3
00000000
00000000
400cfcef
410a7bb3
41984e5f
419bfe10
419bfe10
419bfe10
419bfe10
419bfe10
419bfe10
419bfe10
419bfe10
419bfe10
419bfe10
419bfe10
00000000
00000000
400cfcef
410a7bb3
41984e5f
419bfe10
419bfe10
419bfe10
419bfe10
419bfe10
419bfe10
419bfe10
419bfe10
419bfe10
419bfe10
419bfe10
00000000
00000000
400cfcef
410a7bb3
41984e5f
419bfe10
419bfe10
419bfe10
419bfe10
419bfe10
419bfe10
419bfe10
419bfe10
419bfe10
419bfe10
419bfe10
00000000
00000000
400cfcef
410a7bb3
41984e5f
419bfe10
419bfe10
419bfe10
419bfe10
419bfe10
419bfe10
419bfe10
419bfe10
419bfe10
419bfe10
419bfe10
00000000
00000000
400cfcef
410a7bb3
41984e5f
419bfe10
419bfe10
419bfe10
419bfe10
419bfe10
419bfe10
419bfe10
419bfe10
419bfe10
419bfe10
419bfe10
00000000
00000000
400cfcef
410a7bb3
41984e5f
419bfe10
419bfe10
419bfe10
419bfe10
419bfe10
419bfe10
419bfe10
419bfe10
419bfe10
419bfe10
419bfe10
00000000
00000000
400cfcef
410a7bb3
41984e5f
419bfe10
419bfe10
419bfe10
419bfe10
419bfe10
419bfe10
419bfe10
419bfe10
419bfe10
419bfe10
419bfe10
00000000
00000000
400cfcef
410a7bb3
41984e5f
419bfe10
419bfe10
419bfe10
419bfe10
419bfe10
419bfe10
419bfe10
419bfe10
419bfe10
419bfe10
419bfe10
00000000
00000000
400cfcef
410a7bb3
41984e5f
419bfe10
419bfe10
419bfe10
419bfe10
419bfe10
419bfe10
419bfe10
419bfe10
419bfe10
419bfe10
419bfe10
00000000
00000000
400cfcef
410a7bb3
41984e5f
419bfe10
419bfe10
419bfe10
419bfe10
419bfe10
419bfe10
419bfe10
419bfe10
419bfe10
419bfe10
419bfe10
00000000
00000000
400cfcef
410a7bb3
41984e5f
419bfe10
419bfe10
419bfe10
419bfe10
419bfe10
419bfe10
419bfe10
419bfe10
419bfe10
419bfe10
419bfe10
00000000
00000000
3e868cf0
4090df2c
41303ec7
4141c36b
4141c36b
4141c36b
4141c36b
4141c36b
4141c36b
4141c36b
4141c36b
4141c36b
4141c36b
4141c36b
00000000
00000000
00000000
00000000
4021a72b
407b5ebb
407b5ebb
407b5ebb
407b5ebb
407b5ebb
407b5ebb
407b5ebb
407b5ebb
407b5ebb
407b5ebb
407b5ebb
00000000
00000000
3f215494
4078e29f
414bf4b3
4181e18c
4181e18c
4181e18c
4181e18c
4181e18c
4181e18c
4181e18c
4181e18c
4181e18c
4181e18c
4181e18c
4008d361
40b5aed6
40007723
40f986dc
41a3e98d
41c5a559
41c5a559
41c5a559
41c5a559
41c5a559
41c5a559
41c5a559
41c5a559
41c5a559
41c5a559
41c5a559
3fca5702
410ab571
3fefc68e
4130020b
41d52e37
41edd9cb
41edd9cb
41edd9cb
41edd9cb
41edd9cb
41edd9cb
41edd9cb
41edd9cb
41edd9cb
41edd9cb
41edd9cb
404ef4c9
41280b43
40487e35
414cb338
41e4b304
41f1f0eb
41f1f0eb
41f1f0eb
41f1f0eb
41f1f0eb
41f1f0eb
41f1f0eb
41f1f0eb
41f1f0eb
41f1f0eb
41f1f0eb
4010481d
4113e720
40487e35
414cb338
41e4b304
41f1f0eb
41f1f0eb
41f1f0eb
41f1f0eb
41f1f0eb
41f1f0eb
41f1f0eb
41f1f0eb
41f1f0eb
41f1f0eb
41f1f0eb
4010481d
4113e720
40487e35
414cb338
41e4b304
41f1f0eb
41f1f0eb
41f1f0eb
41f1f0eb
41f1f0eb
41f1f0eb
41f1f0eb
41f1f0eb
41f1f0eb
41f1f0eb
41f1f0eb
4010481d
4113e720
40487e35
414cb338
41e4b304
41f1f0eb
41f1f0eb
41f1f0eb
41f1f0eb
41f1f0eb
41f1f0eb
41f1f0eb
41f1f0eb
41f1f0eb
41f1f0eb
41f1f0eb
4010481d
4113e720
40487e35
414cb338
41e4b304
41f1f0eb
41f1f0eb
41f1f0eb
41f1f0eb
41f1f0eb
41f1f0eb
41f1f0eb
41f1f0eb
41f1f0eb
41f1f0eb
41f1f0eb
4010481d
4113e720
40487e35
414cb338
41e4b304
41f1f0eb
41f1f0eb
41f1f0eb
41f1f0eb
41f1f0eb
41f1f0eb
41f1f0eb
41f1f0eb
41f1f0eb
41f1f0eb
41f1f0eb
4010481d
4113e720
40487e35
414cb338
41e4b304
41f1f0eb
41f1f0eb
41f1f0eb
41f1f0eb
41f1f0eb
41f1f0eb
41f1f0eb
41f1f0eb
41f1f0eb
41f1f0eb
41f1f0eb
4010481d
4113e720
40487e35
414cb338
41e4b304
41f1f0eb
41f1f0eb
41f1f0eb
41f1f0eb
41f1f0eb
41f1f0eb
41f1f0eb
41f1f0eb
41f1f0eb
41f1f0eb
41f1f0eb
4010481d
4113e720
40487e35
414cb338
41e4b304
41f1f0eb
41f1f0eb
41f1f0eb
41f1f0eb
41f1f0eb
41f1f0eb
41f1f0eb
41f1f0eb
41f1f0eb
41f1f0eb
41f1f0eb
4010481d
4113e720
40487e35
414cb338
41e4b304
41f1f0eb
41f1f0eb
41f1f0eb
41f1f0eb
41f1f0eb
41f1f0eb
41f1f0eb
41f1f0eb
41f1f0eb
41f1f0eb
41f1f0eb
4010481d
4113e720
40487e35
414cb338
41e4b304
41f1f0eb
41f1f0eb
41f1f0eb
41f1f0eb
41f1f0eb
41f1f0eb
41f1f0eb
41f1f0eb
41f1f0eb
41f1f0eb
41f1f0eb
4010481d
4113e720
3ed6cbd0
40fb014c
419eebbe
41af2004
41af2004
41af2004
41af2004
41af2004
41af2004
41af2004
41af2004
41af2004
41af2004
41af2004
00000000
40c5a05e
00000000
40df020e
413d5d33
4154e45f
4154e45f
4154e45f
4154e45f
4154e45f
4154e45f
4154e45f
4154e45f
4154e45f
4154e45f
4154e45f
00000000
408caa38
4109ce34
4150bc62
419440cb
419caeb8
419caeb8
419caeb8
419caeb8
419caeb8
419caeb8
419caeb8
419caeb8
419caeb8
419caeb8
419caeb8
41a05452
41430f67
415eae6c
41a4cd66
41d8fc47
41e1eefb
41e1eefb
41e1eefb
41e1eefb
41e1eefb
41e1eefb
41e1eefb
41e1eefb
41e1eefb
41e1eefb
41e1eefb
41dcc0fa
417549c0
41858619
41b76cce
41e13643
41e8173f
41e8173f
41e8173f
41e8173f
41e8173f
41e8173f
41e8173f
41e8173f
41e8173f
41e8173f
41e8173f
41d40ec8
414fdc31
4188b840
41c0ddc2
41e5a449
41ee9fe5
41ee9fe5
41ee9fe5
41ee9fe5
41ee9fe5
41ee9fe5
41ee9fe5
41ee9fe5
41ee9fe5
41ee9fe5
41ee9fe5
41d89d10
4158315f
4188b840
41c0ddc2
41e5a449
41ee9fe5
41ee9fe5
41ee9fe5
41ee9fe5
41ee9fe5
41ee9fe5
41ee9fe5
41ee9fe5
41ee9fe5
41ee9fe5
41ee9fe5
41d89d10
4158315f
4188b840
41c0ddc2
41e5a449
41ee9fe5
41ee9fe5
41ee9fe5
41ee9fe5
41ee9fe5
41ee9fe5
41ee9fe5
41ee9fe5
41ee9fe5
41ee9fe5
41ee9fe5
41d89d10
4158315f
4188b840
41c0ddc2
41e5a449
41ee9fe5
41ee9fe5
41ee9fe5
41ee9fe5
41ee9fe5
41ee9fe5
41ee9fe5
41ee9fe5
41ee9fe5
41ee9fe5
41ee9fe5
41d89d10
4158315f
4188b840
41c0ddc2
41e5a449
41ee9fe5
41ee9fe5
41ee9fe5
41ee9fe5
41ee9fe5
41ee9fe5
41ee9fe5
41ee9fe5
41ee9fe5
41ee9fe5
41ee9fe5
41d89d10
4158315f
4188b840
41c0ddc2
41e5a449
41ee9fe5
41ee9fe5
41ee9fe5
41ee9fe5
41ee9fe5
41ee9fe5
41ee9fe5
41ee9fe5
41ee9fe5
41ee9fe5
41ee9fe5
41d89d10
4158315f
4188b840
41c0ddc2
41e5a449
41ee9fe5
41ee9fe5
41ee9fe5
41ee9fe5
41ee9fe5
41ee9fe5
41ee9fe5
41ee9fe5
41ee9fe5
41ee9fe5
41ee9fe5
41d89d10
4158315f
4188b840
41c0ddc2
41e5a449
41ee9fe5
41ee9fe5
41ee9fe5
41ee9fe5
41ee9fe5
41ee9fe5
41ee9fe5
41ee9fe5
41ee9fe5
41ee9fe5
41ee9fe5
41d89d10
4158315f
4188b840
41c0ddc2
41e5a449
41ee9fe5
41ee9fe5
41ee9fe5
41ee9fe5
41ee9fe5
41ee9fe5
41ee9fe5
41ee9fe5
41ee9fe5
41ee9fe5
41ee9fe5
41d89d10
4158315f
4188b840
41c0ddc2
41e5a449
41ee9fe5
41ee9fe5
41ee9fe5
41ee9fe5
41ee9fe5
41ee9fe5
41ee9fe5
41ee9fe5
41ee9fe5
41ee9fe5
41ee9fe5
41d89d10
4158315f
4188b840
41c0ddc2
41e5a449
41ee9fe5
41ee9fe5
41ee9fe5
41ee9fe5
41ee9fe5
41ee9fe5
41ee9fe5
41ee9fe5
41ee9fe5
41ee9fe5
41ee9fe5
41d89d10
4158315f
4183eb38
41b7afa4
41dfc62c
41e92d4f
41e92d4f
41e92d4f
41e92d4f
41e92d4f
41e92d4f
41e92d4f
41e92d4f
41e92d4f
41e92d4f
41e92d4f
41d3c113
4151d651
41189959
414eb4e2
416d17e4
416fcde4
416fcde4
416fcde4
416fcde4
416fcde4
416fcde4
416fcde4
416fcde4
416fcde4
416fcde4
416fcde4
4144f4c0
406364c0
402d4a3c
40368c8e
40d3f15d
40d6fddf
40d6fddf
40d6fddf
40d6fddf
40d6fddf
40d6fddf
40d6fddf
40d6fddf
40d6fddf
40d6fddf
40d6fddf
3f9d671c
00000000
4093c0d8
40b5fcf3
41904698
4199e6fc
4199e6fc
4199e6fc
4199e6fc
4199e6fc
4199e6fc
4199e6fc
4199e6fc
4199e6fc
4199e6fc
4199e6fc
4134fd08
00000000
41007558
4162cbc2
420c1110
421690fc
421690fc
421690fc
421690fc
421690fc
421690fc
421690fc
421690fc
421690fc
421690fc
421690fc
41df8e9a
412e3b94
410979b6
4173f2d8
42127c75
421dacc7
421dacc7
421dacc7
421dacc7
421dacc7
421dacc7
421dacc7
421dacc7
421dacc7
421dacc7
421dacc7
41e94fb8
413bc7ce
410979b6
4173f2d8
42127c75
421dacc7
421dacc7
421dacc7
421dacc7
421dacc7
421dacc7
421dacc7
421dacc7
421dacc7
421dacc7
421dacc7
41e94fb8
413bc7ce
410979b6
4173f2d8
42127c75
421dacc7
421dacc7
421dacc7
421dacc7
421dacc7
421dacc7
421dacc7
421dacc7
421dacc7
421dacc7
421dacc7
41e94fb8
413bc7ce
410979b6
4173f2d8
42127c75
421dacc7
421dacc7
421dacc7
421dacc7
421dacc7
421dacc7
421dacc7
421dacc7
421dacc7
421dacc7
421dacc7
41e94fb8
413bc7ce
410979b6
4173f2d8
42127c75
421dacc7
421dacc7
421dacc7
421dacc7
421dacc7
421dacc7
421dacc7
421dacc7
421dacc7
421dacc7
421dacc7
41e94fb8
413bc7ce
410979b6
4173f2d8
42127c75
421dacc7
421dacc7
421dacc7
421dacc7
421dacc7
421dacc7
421dacc7
421dacc7
421dacc7
421dacc7
421dacc7
41e94fb8
413bc7ce
410979b6
4173f2d8
42127c75
421dacc7
421dacc7
421dacc7
421dacc7
421dacc7
421dacc7
421dacc7
421dacc7
421dacc7
421dacc7
421dacc7
41e94fb8
413bc7ce
410979b6
4173f2d8
42127c75
421dacc7
421dacc7
421dacc7
421dacc7
421dacc7
421dacc7
421dacc7
421dacc7
421dacc7
421dacc7
421dacc7
41e94fb8
413bc7ce
410979b6
4173f2d8
42127c75
421dacc7
421dacc7
421dacc7
421dacc7
421dacc7
421dacc7
421dacc7
421dacc7
421dacc7
421dacc7
421dacc7
41e94fb8
413bc7ce
410979b6
4173f2d8
42127c75
421dacc7
421dacc7
421dacc7
421dacc7
421dacc7
421dacc7
421dacc7
421dacc7
421dacc7
421dacc7
421dacc7
41e94fb8
413bc7ce
410979b6
4173f2d8
42127c75
421dacc7
421dacc7
421dacc7
421dacc7
421dacc7
421dacc7
421dacc7
421dacc7
421dacc7
421dacc7
421dacc7
41e94fb8
413bc7ce
406879a6
410b869e
41f3b65d
420885ca
420885ca
420885ca
420885ca
420885ca
420885ca
420885ca
420885ca
420885ca
420885ca
420885ca
41c8f544
412667c8
403fe41e
40ddc973
41b127be
41c7a9f1
41c7a9f1
41c7a9f1
41c7a9f1
41c7a9f1
41c7a9f1
41c7a9f1
41c7a9f1
41c7a9f1
41c7a9f1
41c7a9f1
41960256
41378e1e
40d0a2b7
40979fcd
00000000
00000000
00000000
00000000
00000000
00000000
00000000
00000000
00000000
00000000
00000000
00000000
40da4da1
3f4d636b
4094d44c
3fde428e
00000000
00000000
00000000
00000000
00000000
00000000
00000000
00000000
00000000
00000000
00000000
00000000
40f6eafc
40252fed
3fc5664d
00000000
00000000
00000000
00000000
00000000
00000000
00000000
00000000
00000000
00000000
00000000
00000000
00000000
409582e4
3fab9a46
3f503eee
00000000
00000000
00000000
00000000
00000000
00000000
00000000
00000000
00000000
00000000
00000000
00000000
00000000
409d9c6f
3fe87a78
3f503eee
00000000
00000000
00000000
00000000
00000000
00000000
00000000
00000000
00000000
00000000
00000000
00000000
00000000
409d9c6f
3fe87a78
3f503eee
00000000
00000000
00000000
00000000
00000000
00000000
00000000
00000000
00000000
00000000
00000000
00000000
00000000
409d9c6f
3fe87a78
3f503eee
00000000
00000000
00000000
00000000
00000000
00000000
00000000
00000000
00000000
00000000
00000000
00000000
00000000
409d9c6f
3fe87a78
3f503eee
00000000
00000000
00000000
00000000
00000000
00000000
00000000
00000000
00000000
00000000
00000000
00000000
00000000
409d9c6f
3fe87a78
3f503eee
00000000
00000000
00000000
00000000
00000000
00000000
00000000
00000000
00000000
00000000
00000000
00000000
00000000
409d9c6f
3fe87a78
3f503eee
00000000
00000000
00000000
00000000
00000000
00000000
00000000
00000000
00000000
00000000
00000000
00000000
00000000
409d9c6f
3fe87a78
3f503eee
00000000
00000000
00000000
00000000
00000000
00000000
00000000
00000000
00000000
00000000
00000000
00000000
00000000
409d9c6f
3fe87a78
3f503eee
00000000
00000000
00000000
00000000
00000000
00000000
00000000
00000000
00000000
00000000
00000000
00000000
00000000
409d9c6f
3fe87a78
3f503eee
00000000
00000000
00000000
00000000
00000000
00000000
00000000
00000000
00000000
00000000
00000000
00000000
00000000
409d9c6f
3fe87a78
3f503eee
00000000
00000000
00000000
00000000
00000000
00000000
00000000
00000000
00000000
00000000
00000000
00000000
00000000
409d9c6f
3fe87a78
4069fe0c
00000000
00000000
00000000
00000000
00000000
00000000
00000000
00000000
00000000
00000000
00000000
00000000
00000000
4114d6be
40b5ac18
00000000
00000000
00000000
00000000
00000000
00000000
00000000
00000000
00000000
00000000
00000000
00000000
00000000
00000000
00000000
00000000
40b044fb
4077aaf2
00000000
00000000
00000000
00000000
00000000
00000000
00000000
00000000
00000000
00000000
00000000
00000000
40e74572
402ffa22
40b434bb
3ec7af5e
00000000
00000000
00000000
00000000
00000000
00000000
00000000
00000000
00000000
00000000
00000000
00000000
40d3e683
406be5c7
40af6b91
00000000
00000000
00000000
00000000
00000000
00000000
00000000
00000000
00000000
00000000
00000000
00000000
00000000
409cc56f
4005c9ed
40c3441a
00000000
00000000
00000000
00000000
00000000
00000000
00000000
00000000
00000000
00000000
00000000
00000000
00000000
40b3b8cc
4009eedb
40c3441a
00000000
00000000
00000000
00000000
00000000
00000000
00000000
00000000
00000000
00000000
00000000
00000000
00000000
40b3b8cc
4009eedb
40c3441a
00000000
00000000
00000000
00000000
00000000
00000000
00000000
00000000
00000000
00000000
00000000
00000000
00000000
40b3b8cc
4009eedb
40c3441a
00000000
00000000
00000000
00000000
00000000
00000000
00000000
00000000
00000000
00000000
00000000
00000000
00000000
40b3b8cc
4009eedb
40c3441a
00000000
00000000
00000000
00000000
00000000
00000000
00000000
00000000
00000000
00000000
00000000
00000000
00000000
40b3b8cc
4009eedb
40c3441a
00000000
00000000
00000000
00000000
00000000
00000000
00000000
00000000
00000000
00000000
00000000
00000000
00000000
40b3b8cc
4009eedb
40c3441a
00000000
00000000
00000000
00000000
00000000
00000000
00000000
00000000
00000000
00000000
00000000
00000000
00000000
40b3b8cc
4009eedb
40c3441a
00000000
00000000
00000000
00000000
00000000
00000000
00000000
00000000
00000000
00000000
00000000
00000000
00000000
40b3b8cc
4009eedb
40c3441a
00000000
00000000
00000000
00000000
00000000
00000000
00000000
00000000
00000000
00000000
00000000
00000000
00000000
40b3b8cc
4009eedb
40c3441a
00000000
00000000
00000000
00000000
00000000
00000000
00000000
00000000
00000000
00000000
00000000
00000000
00000000
40b3b8cc
4009eedb
40c3441a
00000000
00000000
00000000
00000000
00000000
00000000
00000000
00000000
00000000
00000000
00000000
00000000
00000000
40b3b8cc
4009eedb
411ebd5a
4048dcb4
00000000
00000000
00000000
00000000
00000000
00000000
00000000
00000000
00000000
00000000
00000000
00000000
4122607f
409be835
403582d3
00000000
00000000
00000000
00000000
00000000
00000000
00000000
00000000
00000000
00000000
00000000
00000000
00000000
4041a1f1
40a2dcb7
412e4401
419058a8
41b5945b
41baf78d
41baf78d
41baf78d
41baf78d
41baf78d
41baf78d
41baf78d
41baf78d
41baf78d
41baf78d
41baf78d
41abfda2
414c5961
419612ec
41cfbae6
41f7c967
41f8b08b
41f8b08b
41f8b08b
41f8b08b
41f8b08b
41f8b08b
41f8b08b
41f8b08b
41f8b08b
41f8b08b
41f8b08b
41db976d
414e82b2
419c64b6
41deee14
420cd78d
420f01ee
420f01ee
420f01ee
420f01ee
420f01ee
420f01ee
420f01ee
420f01ee
420f01ee
420f01ee
420f01ee
41fbb70d
417a2923
41a15a31
41e2021d
420d860b
421015a2
421015a2
421015a2
421015a2
421015a2
421015a2
421015a2
421015a2
421015a2
421015a2
421015a2
41fe88a7
416fcf37
41a15a31
41e2021d
420d860b
421015a2
421015a2
421015a2
421015a2
421015a2
421015a2
421015a2
421015a2
421015a2
421015a2
421015a2
41fe88a7
416fcf37
41a15a31
41e2021d
420d860b
421015a2
421015a2
421015a2
421015a2
421015a2
421015a2
421015a2
421015a2
421015a2
421015a2
421015a2
41fe88a7
416fcf37
41a15a31
41e2021d
420d860b
421015a2
421015a2
421015a2
421015a2
421015a2
421015a2
421015a2
421015a2
421015a2
421015a2
421015a2
41fe88a7
416fcf37
41a15a31
41e2021d
420d860b
421015a2
421015a2
421015a2
421015a2
421015a2
421015a2
421015a2
421015a2
421015a2
421015a2
421015a2
41fe88a7
416fcf37
41a15a31
41e2021d
420d860b
421015a2
421015a2
421015a2
421015a2
421015a2
421015a2
421015a2
421015a2
421015a2
421015a2
421015a2
41fe88a7
416fcf37
41a15a31
41e2021d
420d860b
421015a2
421015a2
421015a2
421015a2
421015a2
421015a2
421015a2
421015a2
421015a2
421015a2
421015a2
41fe88a7
416fcf37
41a15a31
41e2021d
420d860b
421015a2
421015a2
421015a2
421015a2
421015a2
421015a2
421015a2
421015a2
421015a2
421015a2
421015a2
41fe88a7
416fcf37
41a15a31
41e2021d
420d860b
421015a2
421015a2
421015a2
421015a2
421015a2
421015a2
421015a2
421015a2
421015a2
421015a2
421015a2
41fe88a7
416fcf37
41a15a31
41e2021d
420d860b
421015a2
421015a2
421015a2
421015a2
421015a2
421015a2
421015a2
421015a2
421015a2
421015a2
421015a2
41fe88a7
416fcf37
41a15a31
41e2021d
420d860b
421015a2
421015a2
421015a2
421015a2
421015a2
421015a2
421015a2
421015a2
421015a2
421015a2
421015a2
41fe88a7
416fcf37
418eb977
41c4deb3
41ffd2e7
420340ed
420340ed
420340ed
420340ed
420340ed
420340ed
420340ed
420340ed
420340ed
420340ed
420340ed
41ea5b92
415ffb30
41152db0
41443880
417d8735
4182eabf
4182eabf
4182eabf
4182eabf
4182eabf
4182eabf
4182eabf
4182eabf
4182eabf
4182eabf
4182eabf
41593a74
407d646c
00000000
3f6bd6b0
40997e0c
40cd7e1c
40cd7e1c
40cd7e1c
40cd7e1c
40cd7e1c
40cd7e1c
40cd7e1c
40cd7e1c
40cd7e1c
40cd7e1c
40cd7e1c
3f8dfaf8
3f9b3b80
00000000
40703e4d
40f4685c
4115daa0
4115daa0
4115daa0
4115daa0
4115daa0
4115daa0
4115daa0
4115daa0
4115daa0
4115daa0
4115daa0
3d030640
00000000
00000000
40b529b8
41105d07
4120438b
4120438b
4120438b
4120438b
4120438b
4120438b
4120438b
4120438b
4120438b
4120438b
4120438b
00000000
00000000
00000000
410cea48
414936eb
414e8f4d
414e8f4d
414e8f4d
414e8f4d
414e8f4d
414e8f4d
414e8f4d
414e8f4d
414e8f4d
414e8f4d
414e8f4d
00000000
00000000
00000000
410cea48
414936eb
414e8f4d
414e8f4d
414e8f4d
414e8f4d
414e8f4d
414e8f4d
414e8f4d
414e8f4d
414e8f4d
414e8f4d
414e8f4d
00000000
00000000
00000000
410cea48
414936eb
414e8f4d
414e8f4d
414e8f4d
414e8f4d
414e8f4d
414e8f4d
414e8f4d
414e8f4d
414e8f4d
414e8f4d
414e8f4d
00000000
00000000
00000000
410cea48
414936eb
414e8f4d
414e8f4d
414e8f4d
414e8f4d
414e8f4d
414e8f4d
414e8f4d
414e8f4d
414e8f4d
414e8f4d
414e8f4d
00000000
00000000
00000000
410cea48
414936eb
414e8f4d
414e8f4d
414e8f4d
414e8f4d
414e8f4d
414e8f4d
414e8f4d
414e8f4d
414e8f4d
414e8f4d
414e8f4d
00000000
00000000
00000000
410cea48
414936eb
414e8f4d
414e8f4d
414e8f4d
414e8f4d
414e8f4d
414e8f4d
414e8f4d
414e8f4d
414e8f4d
414e8f4d
414e8f4d
00000000
00000000
00000000
410cea48
414936eb
414e8f4d
414e8f4d
414e8f4d
414e8f4d
414e8f4d
414e8f4d
414e8f4d
414e8f4d
414e8f4d
414e8f4d
414e8f4d
00000000
00000000
00000000
410cea48
414936eb
414e8f4d
414e8f4d
414e8f4d
414e8f4d
414e8f4d
414e8f4d
414e8f4d
414e8f4d
414e8f4d
414e8f4d
414e8f4d
00000000
00000000
00000000
410cea48
414936eb
414e8f4d
414e8f4d
414e8f4d
414e8f4d
414e8f4d
414e8f4d
414e8f4d
414e8f4d
414e8f4d
414e8f4d
414e8f4d
00000000
00000000
00000000
410cea48
414936eb
414e8f4d
414e8f4d
414e8f4d
414e8f4d
414e8f4d
414e8f4d
414e8f4d
414e8f4d
414e8f4d
414e8f4d
414e8f4d
00000000
00000000
00000000
410cea48
414936eb
414e8f4d
414e8f4d
414e8f4d
414e8f4d
414e8f4d
414e8f4d
414e8f4d
414e8f4d
414e8f4d
414e8f4d
414e8f4d
00000000
00000000
00000000
40f4a01c
40f3fe44
40fdefba
40fdefba
40fdefba
40fdefba
40fdefba
40fdefba
40fdefba
40fdefba
40fdefba
40fdefba
40fdefba
00000000
00000000
402e6ef9
40e9391e
40e94ba6
40e9a048
40e9a048
40e9a048
40e9a048
40e9a048
40e9a048
40e9a048
40e9a048
40e9a048
40e9a048
40e9a048
00000000
00000000
40b91bd9
412aa75b
4154ee8e
415232ee
415232ee
415232ee
415232ee
415232ee
415232ee
415232ee
415232ee
415232ee
415232ee
415232ee
412e27b8
40fe4cc0
415ac1c0
41cd40eb
41eabc8f
41eede36
41eede36
41eede36
41eede36
41eede36
41eede36
41eede36
41eede36
41eede36
41eede36
41eede36
41c9f7df
418ca2a9
4178ccbf
41ee45f7
4201a72f
42029c56
42029c56
42029c56
42029c56
42029c56
42029c56
42029c56
42029c56
42029c56
42029c56
42029c56
41daae27
418e160f
417cf347
41f42987
4203b420
420600f9
420600f9
420600f9
420600f9
420600f9
420600f9
420600f9
420600f9
420600f9
420600f9
420600f9
41e25f5d
4192f2b5
417cf347
41f42987
4203b420
420600f9
420600f9
420600f9
420600f9
420600f9
420600f9
420600f9
420600f9
420600f9
420600f9
420600f9
41e25f5d
4192f2b5
417cf347
41f42987
4203b420
420600f9
420600f9
420600f9
420600f9
420600f9
420600f9
420600f9
420600f9
420600f9
420600f9
420600f9
41e25f5d
4192f2b5
417cf347
41f42987
4203b420
420600f9
420600f9
420600f9
420600f9
420600f9
420600f9
420600f9
420600f9
420600f9
420600f9
420600f9
41e25f5d
4192f2b5
417cf347
41f42987
4203b420
420600f9
420600f9
420600f9
420600f9
420600f9
420600f9
420600f9
420600f9
420600f9
420600f9
420600f9
41e25f5d
4192f2b5
417cf347
41f42987
4203b420
420600f9
420600f9
420600f9
420600f9
420600f9
420600f9
420600f9
420600f9
420600f9
420600f9
420600f9
41e25f5d
4192f2b5
417cf347
41f42987
4203b420
420600f9
420600f9
420600f9
420600f9
420600f9
420600f9
420600f9
420600f9
420600f9
420600f9
420600f9
41e25f5d
4192f2b5
417cf347
41f42987
4203b420
420600f9
420600f9
420600f9
420600f9
420600f9
420600f9
420600f9
420600f9
420600f9
420600f9
420600f9
41e25f5d
4192f2b5
417cf347
41f42987
4203b420
420600f9
420600f9
420600f9
420600f9
420600f9
420600f9
420600f9
420600f9
420600f9
420600f9
420600f9
41e25f5d
4192f2b5
417cf347
41f42987
4203b420
420600f9
420600f9
420600f9
420600f9
420600f9
420600f9
420600f9
420600f9
420600f9
420600f9
420600f9
41e25f5d
4192f2b5
417cf347
41f42987
4203b420
420600f9
420600f9
420600f9
420600f9
420600f9
420600f9
420600f9
420600f9
420600f9
420600f9
420600f9
41e25f5d
4192f2b5
416f8e55
41ebd867
4203c6a4
42057b9d
42057b9d
42057b9d
42057b9d
42057b9d
42057b9d
42057b9d
42057b9d
42057b9d
42057b9d
42057b9d
41e62da0
4195fe84
40aa8862
41808612
4193eed2
4193ca98
4193ca98
4193ca98
4193ca98
4193ca98
4193ca98
4193ca98
4193ca98
4193ca98
4193ca98
4193ca98
4175d1cf
4125e36b
40e21d0f
410fb8f6
41651028
416d16e4
416d16e4
416d16e4
416d16e4
416d16e4
416d16e4
416d16e4
416d16e4
416d16e4
416d16e4
416d16e4
41597bee
409e8ac6
41375a7a
418d4a66
41c17100
41c24ae6
41c24ae6
41c24ae6
41c24ae6
41c24ae6
41c24ae6
41c24ae6
41c24ae6
41c24ae6
41c24ae6
41c24ae6
41ab631f
40f8f07b
41721b4a
41c87d9d
4207bbc8
420a602d
420a602d
420a602d
420a602d
420a602d
420a602d
420a602d
420a602d
420a602d
420a602d
420a602d
41f580db
4159800e
416e7ff2
41c9fdf1
4207d5b0
420aaa8b
420aaa8b
420aaa8b
420aaa8b
420aaa8b
420aaa8b
420aaa8b
420aaa8b
420aaa8b
420aaa8b
420aaa8b
41f3e6a1
415ca012
416e7ff2
41c9fdf1
4207d5b0
420aaa8b
420aaa8b
420aaa8b
420aaa8b
420aaa8b
420aaa8b
420aaa8b
420aaa8b
420aaa8b
420aaa8b
420aaa8b
41f3e6a1
415ca012
416e7ff2
41c9fdf1
4207d5b0
420aaa8b
420aaa8b
420aaa8b
420aaa8b
420aaa8b
420aaa8b
420aaa8b
420aaa8b
420aaa8b
420aaa8b
420aaa8b
41f3e6a1
415ca012
416e7ff2
41c9fdf1
4207d5b0
420aaa8b
420aaa8b
420aaa8b
420aaa8b
420aaa8b
420aaa8b
420aaa8b
420aaa8b
420aaa8b
420aaa8b
420aaa8b
41f3e6a1
415ca012
416e7ff2
41c9fdf1
4207d5b0
420aaa8b
420aaa8b
420aaa8b
420aaa8b
420aaa8b
420aaa8b
420aaa8b
420aaa8b
420aaa8b
420aaa8b
420aaa8b
41f3e6a1
415ca012
416e7ff2
41c9fdf1
4207d5b0
420aaa8b
420aaa8b
420aaa8b
420aaa8b
420aaa8b
420aaa8b
420aaa8b
420aaa8b
420aaa8b
420aaa8b
420aaa8b
41f3e6a1
415ca012
416e7ff2
41c9fdf1
4207d5b0
420aaa8b
420aaa8b
420aaa8b
420aaa8b
420aaa8b
420aaa8b
420aaa8b
420aaa8b
420aaa8b
420aaa8b
420aaa8b
41f3e6a1
415ca012
416e7ff2
41c9fdf1
4207d5b0
420aaa8b
420aaa8b
420aaa8b
420aaa8b
420aaa8b
420aaa8b
420aaa8b
420aaa8b
420aaa8b
420aaa8b
420aaa8b
41f3e6a1
415ca012
416e7ff2
41c9fdf1
4207d5b0
420aaa8b
420aaa8b
420aaa8b
420aaa8b
420aaa8b
420aaa8b
420aaa8b
420aaa8b
420aaa8b
420aaa8b
420aaa8b
41f3e6a1
415ca012
416e7ff2
41c9fdf1
4207d5b0
420aaa8b
420aaa8b
420aaa8b
420aaa8b
420aaa8b
420aaa8b
420aaa8b
420aaa8b
420aaa8b
420aaa8b
420aaa8b
41f3e6a1
415ca012
416e7ff2
41c9fdf1
4207d5b0
420aaa8b
420aaa8b
420aaa8b
420aaa8b
420aaa8b
420aaa8b
420aaa8b
420aaa8b
420aaa8b
420aaa8b
420aaa8b
41f3e6a1
415ca012
414f2076
41b6ed36
41ff1fa9
420466e7
420466e7
420466e7
420466e7
420466e7
420466e7
420466e7
420466e7
420466e7
420466e7
420466e7
41ebbf98
414da190
40b7f63b
41520f60
419564cf
41988de3
41988de3
41988de3
41988de3
41988de3
41988de3
41988de3
41988de3
41988de3
41988de3
41988de3
417fc5f2
40b98167
40bbb202
4119f018
418964e9
41919629
41919629
41919629
41919629
41919629
41919629
41919629
41919629
41919629
41919629
41919629
4186830e
40a7717a
4105a319
4150d9c8
41b68809
41bc6227
41bc6227
41bc6227
41bc6227
41bc6227
41bc6227
41bc6227
41bc6227
41bc6227
41bc6227
41bc6227
41a81f06
40bec50e
412b58f4
419097d5
41fecded
4206a3cf
4206a3cf
4206a3cf
4206a3cf
4206a3cf
4206a3cf
4206a3cf
4206a3cf
4206a3cf
4206a3cf
4206a3cf
41ed8f9f
4144ce1b
412eee8c
41924d65
4201efae
4209a987
4209a987
4209a987
4209a987
4209a987
4209a987
4209a987
4209a987
4209a987
4209a987
4209a987
41f20137
414a16b4
412eee8c
41924d65
4201efae
4209a987
4209a987
4209a987
4209a987
4209a987
4209a987
4209a987
4209a987
4209a987
4209a987
4209a987
41f20137
414a16b4
412eee8c
41924d65
4201efae
4209a987
4209a987
4209a987
4209a987
4209a987
4209a987
4209a987
4209a987
4209a987
4209a987
4209a987
41f20137
414a16b4
412eee8c
41924d65
4201efae
4209a987
4209a987
4209a987
4209a987
4209a987
4209a987
4209a987
4209a987
4209a987
4209a987
4209a987
41f20137
414a16b4
412eee8c
41924d65
4201efae
4209a987
4209a987
4209a987
4209a987
4209a987
4209a987
4209a987
4209a987
4209a987
4209a987
4209a987
41f20137
414a16b4
412eee8c
41924d65
4201efae
4209a987
4209a987
4209a987
4209a987
4209a987
4209a987
4209a987
4209a987
4209a987
4209a987
4209a987
41f20137
414a16b4
412eee8c
41924d65
4201efae
4209a987
4209a987
4209a987
4209a987
4209a987
4209a987
4209a987
4209a987
4209a987
4209a987
4209a987
41f20137
414a16b4
412eee8c
41924d65
4201efae
4209a987
4209a987
4209a987
4209a987
4209a987
4209a987
4209a987
4209a987
4209a987
4209a987
4209a987
41f20137
414a16b4
412eee8c
41924d65
4201efae
4209a987
4209a987
4209a987
4209a987
4209a987
4209a987
4209a987
4209a987
4209a987
4209a987
4209a987
41f20137
414a16b4
412eee8c
41924d65
4201efae
4209a987
4209a987
4209a987
4209a987
4209a987
4209a987
4209a987
4209a987
4209a987
4209a987
4209a987
41f20137
414a16b4
412eee8c
41924d65
4201efae
4209a987
4209a987
4209a987
4209a987
4209a987
4209a987
4209a987
4209a987
4209a987
4209a987
4209a987
41f20137
414a16b4
410cd3c1
416ce0a6
41e7746d
41fa5f77
41fa5f77
41fa5f77
41fa5f77
41fa5f77
41fa5f77
41fa5f77
41fa5f77
41fa5f77
41fa5f77
41fa5f77
41d7a16d
41379841
404b385b
40d6e2d6
4166b0f8
417a8bb8
417a8bb8
417a8bb8
417a8bb8
417a8bb8
417a8bb8
417a8bb8
417a8bb8
417a8bb8
417a8bb8
417a8bb8
4140c701
40beadce
4104c065
408ee2fe
00000000
00000000
00000000
00000000
00000000
00000000
00000000
00000000
00000000
00000000
00000000
00000000
40d4eb49
3f5607da
409d1990
00000000
00000000
00000000
00000000
00000000
00000000
00000000
00000000
00000000
00000000
00000000
00000000
00000000
40b75d77
00000000
4037fa40
00000000
00000000
00000000
00000000
00000000
00000000
00000000
00000000
00000000
00000000
00000000
00000000
00000000
40c4ece6
3fc58b98
3fd7a034
00000000
00000000
00000000
00000000
00000000
00000000
00000000
00000000
00000000
00000000
00000000
00000000
00000000
40cdca6a
3fe0ae2c
3fd7a034
00000000
00000000
00000000
00000000
00000000
00000000
00000000
00000000
00000000
00000000
00000000
00000000
00000000
40cdca6a
3fe0ae2c
3fd7a034
00000000
00000000
00000000
00000000
00000000
00000000
00000000
00000000
00000000
00000000
00000000
00000000
00000000
40cdca6a
3fe0ae2c
3fd7a034
00000000
00000000
00000000
00000000
00000000
00000000
00000000
00000000
00000000
00000000
00000000
00000000
00000000
40cdca6a
3fe0ae2c
3fd7a034
00000000
00000000
00000000
00000000
00000000
00000000
00000000
00000000
00000000
00000000
00000000
00000000
00000000
40cdca6a
3fe0ae2c
3fd7a034
00000000
00000000
00000000
00000000
00000000
00000000
00000000
00000000
00000000
00000000
00000000
00000000
00000000
40cdca6a
3fe0ae2c
3fd7a034
00000000
00000000
00000000
00000000
00000000
00000000
00000000
00000000
00000000
00000000
00000000
00000000
00000000
40cdca6a
3fe0ae2c
3fd7a034
00000000
00000000
00000000
00000000
00000000
00000000
00000000
00000000
00000000
00000000
00000000
00000000
00000000
40cdca6a
3fe0ae2c
3fd7a034
00000000
00000000
00000000
00000000
00000000
00000000
00000000
00000000
00000000
00000000
00000000
00000000
00000000
40cdca6a
3fe0ae2c
3fd7a034
00000000
00000000
00000000
00000000
00000000
00000000
00000000
00000000
00000000
00000000
00000000
00000000
00000000
40cdca6a
3fe0ae2c
3fd7a034
00000000
00000000
00000000
00000000
00000000
00000000
00000000
00000000
00000000
00000000
00000000
00000000
00000000
40cdca6a
3fe0ae2c
405f6c0f
00000000
00000000
00000000
00000000
00000000
00000000
00000000
00000000
00000000
00000000
00000000
00000000
00000000
4106d7d6
40371a8e
3f45f67e
00000000
00000000
00000000
00000000
00000000
00000000
00000000
00000000
00000000
00000000
00000000
00000000
00000000
40326c7a
3fccceb6
00000000
3f4a42a8
40d23392
40e9c8d4
40e9c8d4
40e9c8d4
40e9c8d4
40e9c8d4
40e9c8d4
40e9c8d4
40e9c8d4
40e9c8d4
40e9c8d4
40e9c8d4
409d11bc
00000000
3fa7efd2
408d01e0
416db736
41838771
41838771
41838771
41838771
41838771
41838771
41838771
41838771
41838771
41838771
41838771
413f90f2
00000000
40759f1b
4125639a
41e32dde
41f8774e
41f8774e
41f8774e
41f8774e
41f8774e
41f8774e
41f8774e
41f8774e
41f8774e
41f8774e
41f8774e
41cabfc7
40e2fa32
406f1327
41372cb6
41f24cf0
4204c9e4
4204c9e4
4204c9e4
4204c9e4
4204c9e4
4204c9e4
4204c9e4
4204c9e4
4204c9e4
4204c9e4
4204c9e4
41db6f3a
41167540
406f1327
41372cb6
41f24cf0
4204c9e4
4204c9e4
4204c9e4
4204c9e4
4204c9e4
4204c9e4
4204c9e4
4204c9e4
4204c9e4
4204c9e4
4204c9e4
41db6f3a
41167540
406f1327
41372cb6
41f24cf0
4204c9e4
4204c9e4
4204c9e4
4204c9e4
4204c9e4
4204c9e4
4204c9e4
4204c9e4
4204c9e4
4204c9e4
4204c9e4
41db6f3a
41167540
406f1327
41372cb6
41f24cf0
4204c9e4
4204c9e4
4204c9e4
4204c9e4
4204c9e4
4204c9e4
4204c9e4
4204c9e4
4204c9e4
4204c9e4
4204c9e4
41db6f3a
41167540
406f1327
41372cb6
41f24cf0
4204c9e4
4204c9e4
4204c9e4
4204c9e4
4204c9e4
4204c9e4
4204c9e4
4204c9e4
4204c9e4
4204c9e4
4204c9e4
41db6f3a
41167540
406f1327
41372cb6
41f24cf0
4204c9e4
4204c9e4
4204c9e4
4204c9e4
4204c9e4
4204c9e4
4204c9e4
4204c9e4
4204c9e4
4204c9e4
4204c9e4
41db6f3a
41167540
406f1327
41372cb6
41f24cf0
4204c9e4
4204c9e4
4204c9e4
4204c9e4
4204c9e4
4204c9e4
4204c9e4
4204c9e4
4204c9e4
4204c9e4
4204c9e4
41db6f3a
41167540
406f1327
41372cb6
41f24cf0
4204c9e4
4204c9e4
4204c9e4
4204c9e4
4204c9e4
4204c9e4
4204c9e4
4204c9e4
4204c9e4
4204c9e4
4204c9e4
41db6f3a
41167540
406f1327
41372cb6
41f24cf0
4204c9e4
4204c9e4
4204c9e4
4204c9e4
4204c9e4
4204c9e4
4204c9e4
4204c9e4
4204c9e4
4204c9e4
4204c9e4
41db6f3a
41167540
406f1327
41372cb6
41f24cf0
4204c9e4
4204c9e4
4204c9e4
4204c9e4
4204c9e4
4204c9e4
4204c9e4
4204c9e4
4204c9e4
4204c9e4
4204c9e4
41db6f3a
41167540
406f1327
41372cb6
41f24cf0
4204c9e4
4204c9e4
4204c9e4
4204c9e4
4204c9e4
4204c9e4
4204c9e4
4204c9e4
4204c9e4
4204c9e4
4204c9e4
41db6f3a
41167540
3ef93cd8
40cd7448
41d6096c
41f312ec
41f312ec
41f312ec
41f312ec
41f312ec
41f312ec
41f312ec
41f312ec
41f312ec
41f312ec
41f312ec
41c63075
41144d0d
400f1e95
40dd23e4
41a0475b
41b61fd2
41b61fd2
41b61fd2
41b61fd2
41b61fd2
41b61fd2
41b61fd2
41b61fd2
41b61fd2
41b61fd2
41b61fd2
4199fa91
41202565
40e7ac6c
4155fcb5
4193c4d0
4196cb44
4196cb44
4196cb44
4196cb44
4196cb44
4196cb44
4196cb44
4196cb44
4196cb44
4196cb44
4196cb44
418cd49c
410f9018
411b987c
418d9788
41d7fbe8
41e17c62
41e17c62
41e17c62
41e17c62
41e17c62
41e17c62
41e17c62
41e17c62
41e17c62
41e17c62
41e17c62
41cbda6a
417f2dc3
41526f55
41c5fe9e
421574e6
421c8e23
421c8e23
421c8e23
421c8e23
421c8e23
421c8e23
421c8e23
421c8e23
421c8e23
421c8e23
421c8e23
420bfc57
41b68e78
41500a27
41cd307a
4217e18a
42206277
42206277
42206277
42206277
42206277
42206277
42206277
42206277
42206277
42206277
42206277
420e5b32
41be4aa6
41500a27
41cd307a
4217e18a
42206277
42206277
42206277
42206277
42206277
42206277
42206277
42206277
42206277
42206277
42206277
420e5b32
41be4aa6
41500a27
41cd307a
4217e18a
42206277
42206277
42206277
42206277
42206277
42206277
42206277
42206277
42206277
42206277
42206277
420e5b32
41be4aa6
41500a27
41cd307a
4217e18a
42206277
42206277
42206277
42206277
42206277
42206277
42206277
42206277
42206277
42206277
42206277
420e5b32
41be4aa6
41500a27
41cd307a
4217e18a
42206277
42206277
42206277
42206277
42206277
42206277
42206277
42206277
42206277
42206277
42206277
420e5b32
41be4aa6
41500a27
41cd307a
4217e18a
42206277
42206277
42206277
42206277
42206277
42206277
42206277
42206277
42206277
42206277
42206277
420e5b32
41be4aa6
41500a27
41cd307a
4217e18a
42206277
42206277
42206277
42206277
42206277
42206277
42206277
42206277
42206277
42206277
42206277
420e5b32
41be4aa6
41500a27
41cd307a
4217e18a
42206277
42206277
42206277
42206277
42206277
42206277
42206277
42206277
42206277
42206277
42206277
420e5b32
41be4aa6
41500a27
41cd307a
4217e18a
42206277
42206277
42206277
42206277
42206277
42206277
42206277
42206277
42206277
42206277
42206277
420e5b32
41be4aa6
41500a27
41cd307a
4217e18a
42206277
42206277
42206277
42206277
42206277
42206277
42206277
42206277
42206277
42206277
42206277
420e5b32
41be4aa6
41500a27
41cd307a
4217e18a
42206277
42206277
42206277
42206277
42206277
42206277
42206277
42206277
42206277
42206277
42206277
420e5b32
41be4aa6
4136b688
41b8cf62
420ef841
4217e8d5
4217e8d5
4217e8d5
4217e8d5
4217e8d5
4217e8d5
4217e8d5
4217e8d5
4217e8d5
4217e8d5
4217e8d5
42076136
41b7b59c
40e7b318
41827eb6
41c4d510
41d0daf2
41d0daf2
41d0daf2
41d0daf2
41d0daf2
41d0daf2
41d0daf2
41d0daf2
41d0daf2
41d0daf2
41d0daf2
41b75524
4182fb4c
00000000
3f8abc75
41383678
4166e719
4166e719
4166e719
4166e719
4166e719
4166e719
4166e719
4166e719
4166e719
4166e719
4166e719
40a936aa
4081ff85
409733ae
4115e0f9
41d40940
41f3cfa3
41f3cfa3
41f3cfa3
41f3cfa3
41f3cfa3
41f3cfa3
41f3cfa3
41f3cfa3
41f3cfa3
41f3cfa3
41f3cfa3
41716f7d
41128ece
413e127c
41b45f89
423ccc48
424d44ce
424d44ce
424d44ce
424d44ce
424d44ce
424d44ce
424d44ce
424d44ce
424d44ce
424d44ce
424d44ce
41f71e0f
4189f14a
41613a9b
41cdeec9
424fe977
425cb028
425cb028
425cb028
425cb028
425cb028
425cb028
425cb028
425cb028
425cb028
425cb028
425cb028
420438b7
41963dad
41613a9b
41cdeec9
424fe977
425cb028
425cb028
425cb028
425cb028
425cb028
425cb028
425cb028
425cb028
425cb028
425cb028
425cb028
420438b7
41963dad
41613a9b
41cdeec9
424fe977
425cb028
425cb028
425cb028
425cb028
425cb028
425cb028
425cb028
425cb028
425cb028
425cb028
425cb028
420438b7
41963dad
41613a9b
41cdeec9
424fe977
425cb028
425cb028
425cb028
425cb028
425cb028
425cb028
425cb028
425cb028
425cb028
425cb028
425cb028
420438b7
41963dad
41613a9b
41cdeec9
424fe977
425cb028
425cb028
425cb028
425cb028
425cb028
425cb028
425cb028
425cb028
425cb028
425cb028
425cb028
420438b7
41963dad
41613a9b
41cdeec9
424fe977
425cb028
425cb028
425cb028
425cb028
425cb028
425cb028
425cb028
425cb028
425cb028
425cb028
425cb028
420438b7
41963dad
41613a9b
41cdeec9
424fe977
425cb028
425cb028
425cb028
425cb028
425cb028
425cb028
425cb028
425cb028
425cb028
425cb028
425cb028
420438b7
41963dad
41613a9b
41cdeec9
424fe977
425cb028
425cb028
425cb028
425cb028
425cb028
425cb028
425cb028
425cb028
425cb028
425cb028
425cb028
420438b7
41963dad
41613a9b
41cdeec9
424fe977
425cb028
425cb028
425cb028
425cb028
425cb028
425cb028
425cb028
425cb028
425cb028
425cb028
425cb028
420438b7
41963dad
41613a9b
41cdeec9
424fe977
425cb028
425cb028
425cb028
425cb028
425cb028
425cb028
425cb028
425cb028
425cb028
425cb028
425cb028
420438b7
41963dad
41613a9b
41cdeec9
424fe977
425cb028
425cb028
425cb028
425cb028
425cb028
425cb028
425cb028
425cb028
425cb028
425cb028
425cb028
420438b7
41963dad
4116bef0
41965206
4223db8a
423261bc
423261bc
423261bc
423261bc
423261bc
423261bc
423261bc
423261bc
423261bc
423261bc
423261bc
41cad812
4163debb
4108eb1a
419faf17
420540ed
420f3b90
420f3b90
420f3b90
420f3b90
420f3b90
420f3b90
420f3b90
420f3b90
420f3b90
420f3b90
420f3b90
41baa068
414d7129
409910e1
4124ec5f
4172fe6b
416f824b
416f824b
416f824b
416f824b
416f824b
416f824b
416f824b
416f824b
416f824b
416f824b
416f824b
414830bc
401246c2
4133d2ec
41af2866
41e70804
41e53aec
41e53aec
41e53aec
41e53aec
41e53aec
41e53aec
41e53aec
41e53aec
41e53aec
41e53aec
41e53aec
41bbd3e4
40b8451a
415aaf65
41d143a6
42189129
421b2c70
421b2c70
421b2c70
421b2c70
421b2c70
421b2c70
421b2c70
421b2c70
421b2c70
421b2c70
421b2c70
42050caf
4148d89c
4162597d
41d7514a
421d977e
422064c0
422064c0
422064c0
422064c0
422064c0
422064c0
422064c0
422064c0
422064c0
422064c0
422064c0
420a85af
41558df2
4162597d
41d7514a
421d977e
422064c0
422064c0
422064c0
422064c0
422064c0
422064c0
422064c0
422064c0
422064c0
422064c0
422064c0
420a85af
41558df2
4162597d
41d7514a
421d977e
422064c0
422064c0
422064c0
422064c0
422064c0
422064c0
422064c0
422064c0
422064c0
422064c0
422064c0
420a85af
41558df2
4162597d
41d7514a
421d977e
422064c0
422064c0
422064c0
422064c0
422064c0
422064c0
422064c0
422064c0
422064c0
422064c0
422064c0
420a85af
41558df2
4162597d
41d7514a
421d977e
422064c0
422064c0
422064c0
422064c0
422064c0
422064c0
422064c0
422064c0
422064c0
422064c0
422064c0
420a85af
41558df2
4162597d
41d7514a
421d977e
422064c0
422064c0
422064c0
422064c0
422064c0
422064c0
422064c0
422064c0
422064c0
422064c0
422064c0
420a85af
41558df2
4162597d
41d7514a
421d977e
422064c0
422064c0
422064c0
422064c0
422064c0
422064c0
422064c0
422064c0
422064c0
422064c0
422064c0
420a85af
41558df2
4162597d
41d7514a
421d977e
422064c0
422064c0
422064c0
422064c0
422064c0
422064c0
422064c0
422064c0
422064c0
422064c0
422064c0
420a85af
41558df2
4162597d
41d7514a
421d977e
422064c0
422064c0
422064c0
422064c0
422064c0
422064c0
422064c0
422064c0
422064c0
422064c0
422064c0
420a85af
41558df2
4162597d
41d7514a
421d977e
422064c0
422064c0
422064c0
422064c0
422064c0
422064c0
422064c0
422064c0
422064c0
422064c0
422064c0
420a85af
41558df2
4162597d
41d7514a
421d977e
422064c0
422064c0
422064c0
422064c0
422064c0
422064c0
422064c0
422064c0
422064c0
422064c0
422064c0
420a85af
41558df2
41329e39
41afbf86
420a74bd
420fae6a
420fae6a
420fae6a
420fae6a
420fae6a
420fae6a
420fae6a
420fae6a
420fae6a
420fae6a
420fae6a
41f75d1e
413c4867
40bdc248
4145798c
41aad280
41b219d4
41b219d4
41b219d4
41b219d4
41b219d4
41b219d4
41b219d4
41b219d4
41b219d4
41b219d4
41b219d4
41988c3c
40ef58f0
405dc0e0
4118831e
41723e2b
41791801
41791801
41791801
41791801
41791801
41791801
41791801
41791801
41791801
41791801
41791801
4167af33
4105f601
41263fb4
419febe2
41d0ac82
41d4f392
41d4f392
41d4f392
41d4f392
41d4f392
41d4f392
41d4f392
41d4f392
41d4f392
41d4f392
41d4f392
41c0d3a0
4141bd73
415d41b9
41b47a0a
41e8bc06
41ee9d0c
41ee9d0c
41ee9d0c
41ee9d0c
41ee9d0c
41ee9d0c
41ee9d0c
41ee9d0c
41ee9d0c
41ee9d0c
41ee9d0c
41ce06fc
4129c467
415f495b
41b4fb64
41eb89cc
41f1da98
41f1da98
41f1da98
41f1da98
41f1da98
41f1da98
41f1da98
41f1da98
41f1da98
41f1da98
41f1da98
41d05f58
4126f088
415f495b
41b4fb64
41eb89cc
41f1da98
41f1da98
41f1da98
41f1da98
41f1da98
41f1da98
41f1da98
41f1da98
41f1da98
41f1da98
41f1da98
41d05f58
4126f088
415f495b
41b4fb64
41eb89cc
41f1da98
41f1da98
41f1da98
41f1da98
41f1da98
41f1da98
41f1da98
41f1da98
41f1da98
41f1da98
41f1da98
41d05f58
4126f088
415f495b
41b4fb64
41eb89cc
41f1da98
41f1da98
41f1da98
41f1da98
41f1da98
41f1da98
41f1da98
41f1da98
41f1da98
41f1da98
41f1da98
41d05f58
4126f088
415f495b
41b4fb64
41eb89cc
41f1da98
41f1da98
41f1da98
41f1da98
41f1da98
41f1da98
41f1da98
41f1da98
41f1da98
41f1da98
41f1da98
41d05f58
4126f088
415f495b
41b4fb64
41eb89cc
41f1da98
41f1da98
41f1da98
41f1da98
41f1da98
41f1da98
41f1da98
41f1da98
41f1da98
41f1da98
41f1da98
41d05f58
4126f088
415f495b
41b4fb64
41eb89cc
41f1da98
41f1da98
41f1da98
41f1da98
41f1da98
41f1da98
41f1da98
41f1da98
41f1da98
41f1da98
41f1da98
41d05f58
4126f088
415f495b
41b4fb64
41eb89cc
41f1da98
41f1da98
41f1da98
41f1da98
41f1da98
41f1da98
41f1da98
41f1da98
41f1da98
41f1da98
41f1da98
41d05f58
4126f088
415f495b
41b4fb64
41eb89cc
41f1da98
41f1da98
41f1da98
41f1da98
41f1da98
41f1da98
41f1da98
41f1da98
41f1da98
41f1da98
41f1da98
41d05f58
4126f088
415f495b
41b4fb64
41eb89cc
41f1da98
41f1da98
41f1da98
41f1da98
41f1da98
41f1da98
41f1da98
41f1da98
41f1da98
41f1da98
41f1da98
41d05f58
4126f088
415f495b
41b4fb64
41eb89cc
41f1da98
41f1da98
41f1da98
41f1da98
41f1da98
41f1da98
41f1da98
41f1da98
41f1da98
41f1da98
41f1da98
41d05f58
4126f088
413fa8a7
4199fa00
41d45638
41db58aa
41db58aa
41db58aa
41db58aa
41db58aa
41db58aa
41db58aa
41db58aa
41db58aa
41db58aa
41db58aa
41bcd550
41162181
411339f5
41567262
4186d7a8
41892132
41892132
41892132
41892132
41892132
41892132
41892132
41892132
41892132
41892132
41892132
41580d0a
4080f2ab
408c2a74
4130ae76
4165e82e
418284d4
418284d4
418284d4
418284d4
418284d4
418284d4
418284d4
418284d4
418284d4
418284d4
418284d4
40a42bf8
3f1abd44
40bd8ac6
411ff2ae
41552a3b
416b5486
416b5486
416b5486
416b5486
416b5486
416b5486
416b5486
416b5486
416b5486
416b5486
416b5486
00000000
00000000
40b920c8
4132484e
4163aec6
4166ff46
4166ff46
4166ff46
4166ff46
4166ff46
4166ff46
4166ff46
4166ff46
4166ff46
4166ff46
4166ff46
00000000
00000000
41021eba
415c4449
41879a6d
41810246
41810246
41810246
41810246
41810246
41810246
41810246
41810246
41810246
41810246
41810246
00000000
00000000
41021eba
415c4449
41879a6d
41810246
41810246
41810246
41810246
41810246
41810246
41810246
41810246
41810246
41810246
41810246
00000000
00000000
41021eba
415c4449
41879a6d
41810246
41810246
41810246
41810246
41810246
41810246
41810246
41810246
41810246
41810246
41810246
00000000
00000000
41021eba
415c4449
41879a6d
41810246
41810246
41810246
41810246
41810246
41810246
41810246
41810246
41810246
41810246
41810246
00000000
00000000
41021eba
415c4449
41879a6d
41810246
41810246
41810246
41810246
41810246
41810246
41810246
41810246
41810246
41810246
41810246
00000000
00000000
41021eba
415c4449
41879a6d
41810246
41810246
41810246
41810246
41810246
41810246
41810246
41810246
41810246
41810246
41810246
00000000
00000000
41021eba
415c4449
41879a6d
41810246
41810246
41810246
41810246
41810246
41810246
41810246
41810246
41810246
41810246
41810246
00000000
00000000
41021eba
415c4449
41879a6d
41810246
41810246
41810246
41810246
41810246
41810246
41810246
41810246
41810246
41810246
41810246
00000000
00000000
41021eba
415c4449
41879a6d
41810246
41810246
41810246
41810246
41810246
41810246
41810246
41810246
41810246
41810246
41810246
00000000
00000000
41021eba
415c4449
41879a6d
41810246
41810246
41810246
41810246
41810246
41810246
41810246
41810246
41810246
41810246
41810246
00000000
00000000
41021eba
415c4449
41879a6d
41810246
41810246
41810246
41810246
41810246
41810246
41810246
41810246
41810246
41810246
41810246
00000000
00000000
408aaab2
41202467
41018431
40fa6f58
40fa6f58
40fa6f58
40fa6f58
40fa6f58
40fa6f58
40fa6f58
40fa6f58
40fa6f58
40fa6f58
40fa6f58
00000000
00000000
40928d70
408838fe
403acf8d
401413e7
401413e7
401413e7
401413e7
401413e7
401413e7
401413e7
401413e7
401413e7
401413e7
401413e7
00000000
00000000
4117365c
40da3e34
4047596e
3e5f4c28
3e5f4c28
3e5f4c28
3e5f4c28
3e5f4c28
3e5f4c28
3e5f4c28
3e5f4c28
3e5f4c28
3e5f4c28
3e5f4c28
412ae13b
411e2e69
40e57780
3fc0cdb8
00000000
00000000
00000000
00000000
00000000
00000000
00000000
00000000
00000000
00000000
00000000
00000000
4138b241
41114257
41001435
40649443
00000000
00000000
00000000
00000000
00000000
00000000
00000000
00000000
00000000
00000000
00000000
00000000
416079eb
411726a9
40d83498
403327d2
00000000
00000000
00000000
00000000
00000000
00000000
00000000
00000000
00000000
00000000
00000000
00000000
416ed491
4129b547
40d83498
403327d2
00000000
00000000
00000000
00000000
00000000
00000000
00000000
00000000
00000000
00000000
00000000
00000000
416ed491
4129b547
40d83498
403327d2
00000000
00000000
00000000
00000000
00000000
00000000
00000000
00000000
00000000
00000000
00000000
00000000
416ed491
4129b547
40d83498
403327d2
00000000
00000000
00000000
00000000
00000000
00000000
00000000
00000000
00000000
00000000
00000000
00000000
416ed491
4129b547
40d83498
403327d2
00000000
00000000
00000000
00000000
00000000
00000000
00000000
00000000
00000000
00000000
00000000
00000000
416ed491
4129b547
40d83498
403327d2
00000000
00000000
00000000
00000000
00000000
00000000
00000000
00000000
00000000
00000000
00000000
00000000
416ed491
4129b547
40d83498
403327d2
00000000
00000000
00000000
00000000
00000000
00000000
00000000
00000000
00000000
00000000
00000000
00000000
416ed491
4129b547
40d83498
403327d2
00000000
00000000
00000000
00000000
00000000
00000000
00000000
00000000
00000000
00000000
00000000
00000000
416ed491
4129b547
40d83498
403327d2
00000000
00000000
00000000
00000000
00000000
00000000
00000000
00000000
00000000
00000000
00000000
00000000
416ed491
4129b547
40d83498
403327d2
00000000
00000000
00000000
00000000
00000000
00000000
00000000
00000000
00000000
00000000
00000000
00000000
416ed491
4129b547
40d83498
403327d2
00000000
00000000
00000000
00000000
00000000
00000000
00000000
00000000
00000000
00000000
00000000
00000000
416ed491
4129b547
4103d121
40777196
00000000
00000000
00000000
00000000
00000000
00000000
00000000
00000000
00000000
00000000
00000000
00000000
41832b00
4133be02
3f042c40
00000000
00000000
00000000
00000000
00000000
00000000
00000000
00000000
00000000
00000000
00000000
00000000
00000000
409f4a65
400cb788
00000000
00000000
410bffc2
41465eb2
41465eb2
41465eb2
41465eb2
41465eb2
41465eb2
41465eb2
41465eb2
41465eb2
41465eb2
41465eb2
409410cd
409da234
00000000
40122116
418fbfa0
41b75e48
41b75e48
41b75e48
41b75e48
41b75e48
41b75e48
41b75e48
41b75e48
41b75e48
41b75e48
41b75e48
40dcc48d
40a18f38
3e8def28
3fb41e58
418f9a59
41a88d7a
41a88d7a
41a88d7a
41a88d7a
41a88d7a
41a88d7a
41a88d7a
41a88d7a
41a88d7a
41a88d7a
41a88d7a
00000000
00000000
4006f4a6
408bf33b
41a34242
41b5dd3f
41b5dd3f
41b5dd3f
41b5dd3f
41b5dd3f
41b5dd3f
41b5dd3f
41b5dd3f
41b5dd3f
41b5dd3f
41b5dd3f
00000000
00000000
4006f4a6
408bf33b
41a34242
41b5dd3f
41b5dd3f
41b5dd3f
41b5dd3f
41b5dd3f
41b5dd3f
41b5dd3f
41b5dd3f
41b5dd3f
41b5dd3f
41b5dd3f
00000000
00000000
4006f4a6
408bf33b
41a34242
41b5dd3f
41b5dd3f
41b5dd3f
41b5dd3f
41b5dd3f
41b5dd3f
41b5dd3f
41b5dd3f
41b5dd3f
41b5dd3f
41b5dd3f
00000000
00000000
4006f4a6
408bf33b
41a34242
41b5dd3f
41b5dd3f
41b5dd3f
41b5dd3f
41b5dd3f
41b5dd3f
41b5dd3f
41b5dd3f
41b5dd3f
41b5dd3f
41b5dd3f
00000000
00000000
4006f4a6
408bf33b
41a34242
41b5dd3f
41b5dd3f
41b5dd3f
41b5dd3f
41b5dd3f
41b5dd3f
41b5dd3f
41b5dd3f
41b5dd3f
41b5dd3f
41b5dd3f
00000000
00000000
4006f4a6
408bf33b
41a34242
41b5dd3f
41b5dd3f
41b5dd3f
41b5dd3f
41b5dd3f
41b5dd3f
41b5dd3f
41b5dd3f
41b5dd3f
41b5dd3f
41b5dd3f
00000000
00000000
4006f4a6
408bf33b
41a34242
41b5dd3f
41b5dd3f
41b5dd3f
41b5dd3f
41b5dd3f
41b5dd3f
41b5dd3f
41b5dd3f
41b5dd3f
41b5dd3f
41b5dd3f
00000000
00000000
4006f4a6
408bf33b
41a34242
41b5dd3f
41b5dd3f
41b5dd3f
41b5dd3f
41b5dd3f
41b5dd3f
41b5dd3f
41b5dd3f
41b5dd3f
41b5dd3f
41b5dd3f
00000000
00000000
4006f4a6
408bf33b
41a34242
41b5dd3f
41b5dd3f
41b5dd3f
41b5dd3f
41b5dd3f
41b5dd3f
41b5dd3f
41b5dd3f
41b5dd3f
41b5dd3f
41b5dd3f
00000000
00000000
4006f4a6
408bf33b
41a34242
41b5dd3f
41b5dd3f
41b5dd3f
41b5dd3f
41b5dd3f
41b5dd3f
41b5dd3f
41b5dd3f
41b5dd3f
41b5dd3f
41b5dd3f
00000000
00000000
4006f4a6
408bf33b
41a34242
41b5dd3f
41b5dd3f
41b5dd3f
41b5dd3f
41b5dd3f
41b5dd3f
41b5dd3f
41b5dd3f
41b5dd3f
41b5dd3f
41b5dd3f
00000000
00000000
00000000
00000000
411a2ada
41452558
41452558
41452558
41452558
41452558
41452558
41452558
41452558
41452558
41452558
41452558
00000000
00000000
3fa3d6f8
40442256
4118277c
4132cffa
4132cffa
4132cffa
4132cffa
4132cffa
4132cffa
4132cffa
4132cffa
4132cffa
4132cffa
4132cffa
00000000
00000000
40923185
40f0b391
4156193a
415dc893
415dc893
415dc893
415dc893
415dc893
415dc893
415dc893
415dc893
415dc893
415dc893
415dc893
415987f9
41094a98
41100109
416d68a8
41be0ba2
41c79bd2
41c79bd2
41c79bd2
41c79bd2
41c79bd2
41c79bd2
41c79bd2
41c79bd2
41c79bd2
41c79bd2
41c79bd2
41bb4f4b
4162321d
41489db5
41a0a023
41f53ee2
41ffb62d
41ffb62d
41ffb62d
41ffb62d
41ffb62d
41ffb62d
41ffb62d
41ffb62d
41ffb62d
41ffb62d
41ffb62d
41e79f9b
418107ae
414c2539
41ab4bf8
41fdb7c5
42054f79
42054f79
42054f79
42054f79
42054f79
42054f79
42054f79
42054f79
42054f79
42054f79
42054f79
41f14269
41899b19
414c2539
41ab4bf8
41fdb7c5
42054f79
42054f79
42054f79
42054f79
42054f79
42054f79
42054f79
42054f79
42054f79
42054f79
42054f79
41f14269
41899b19
414c2539
41ab4bf8
41fdb7c5
42054f79
42054f79
42054f79
42054f79
42054f79
42054f79
42054f79
42054f79
42054f79
42054f79
42054f79
41f14269
41899b19
414c2539
41ab4bf8
41fdb7c5
42054f79
42054f79
42054f79
42054f79
42054f79
42054f79
42054f79
42054f79
42054f79
42054f79
42054f79
41f14269
41899b19
414c2539
41ab4bf8
41fdb7c5
42054f79
42054f79
42054f79
42054f79
42054f79
42054f79
42054f79
42054f79
42054f79
42054f79
42054f79
41f14269
41899b19
414c2539
41ab4bf8
41fdb7c5
42054f79
42054f79
42054f79
42054f79
42054f79
42054f79
42054f79
42054f79
42054f79
42054f79
42054f79
41f14269
41899b19
414c2539
41ab4bf8
41fdb7c5
42054f79
42054f79
42054f79
42054f79
42054f79
42054f79
42054f79
42054f79
42054f79
42054f79
42054f79
41f14269
41899b19
414c2539
41ab4bf8
41fdb7c5
42054f79
42054f79
42054f79
42054f79
42054f79
42054f79
42054f79
42054f79
42054f79
42054f79
42054f79
41f14269
41899b19
414c2539
41ab4bf8
41fdb7c5
42054f79
42054f79
42054f79
42054f79
42054f79
42054f79
42054f79
42054f79
42054f79
42054f79
42054f79
41f14269
41899b19
414c2539
41ab4bf8
41fdb7c5
42054f79
42054f79
42054f79
42054f79
42054f79
42054f79
42054f79
42054f79
42054f79
42054f79
42054f79
41f14269
41899b19
414c2539
41ab4bf8
41fdb7c5
42054f79
42054f79
42054f79
42054f79
42054f79
42054f79
42054f79
42054f79
42054f79
42054f79
42054f79
41f14269
41899b19
4148bf56
41a8ee74
41fe7e51
42053626
42053626
42053626
42053626
42053626
42053626
42053626
42053626
42053626
42053626
42053626
41efafe6
41888b90
412e0113
41919699
41c1de76
41c859ef
41c859ef
41c859ef
41c859ef
41c859ef
41c859ef
41c859ef
41c859ef
41c859ef
41c859ef
41c859ef
41b0f898
4140c137
00000000
3e9313f8
410dc00d
41366425
41366425
41366425
41366425
41366425
41366425
41366425
41366425
41366425
41366425
41366425
3f833920
401abd79
00000000
405ee081
413d1c04
4168849b
4168849b
4168849b
4168849b
4168849b
4168849b
4168849b
4168849b
4168849b
4168849b
4168849b
00000000
00000000
00000000
410c645f
41968bcc
41a3d424
41a3d424
41a3d424
41a3d424
41a3d424
41a3d424
41a3d424
41a3d424
41a3d424
41a3d424
41a3d424
3f465be8
00000000
00000000
411bd06e
41a2b3a7
41a78584
41a78584
41a78584
41a78584
41a78584
41a78584
41a78584
41a78584
41a78584
41a78584
41a78584
00000000
00000000
00000000
411bd06e
41a2b3a7
41a78584
41a78584
41a78584
41a78584
41a78584
41a78584
41a78584
41a78584
41a78584
41a78584
41a78584
00000000
00000000
00000000
411bd06e
41a2b3a7
41a78584
41a78584
41a78584
41a78584
41a78584
41a78584
41a78584
41a78584
41a78584
41a78584
41a78584
00000000
00000000
00000000
411bd06e
41a2b3a7
41a78584
41a78584
41a78584
41a78584
41a78584
41a78584
41a78584
41a78584
41a78584
41a78584
41a78584
00000000
00000000
00000000
411bd06e
41a2b3a7
41a78584
41a78584
41a78584
41a78584
41a78584
41a78584
41a78584
41a78584
41a78584
41a78584
41a78584
00000000
00000000
00000000
411bd06e
41a2b3a7
41a78584
41a78584
41a78584
41a78584
41a78584
41a78584
41a78584
41a78584
41a78584
41a78584
41a78584
00000000
00000000
00000000
411bd06e
41a2b3a7
41a78584
41a78584
41a78584
41a78584
41a78584
41a78584
41a78584
41a78584
41a78584
41a78584
41a78584
00000000
00000000
00000000
411bd06e
41a2b3a7
41a78584
41a78584
41a78584
41a78584
41a78584
41a78584
41a78584
41a78584
41a78584
41a78584
41a78584
00000000
00000000
00000000
411bd06e
41a2b3a7
41a78584
41a78584
41a78584
41a78584
41a78584
41a78584
41a78584
41a78584
41a78584
41a78584
41a78584
00000000
00000000
00000000
411bd06e
41a2b3a7
41a78584
41a78584
41a78584
41a78584
41a78584
41a78584
41a78584
41a78584
41a78584
41a78584
41a78584
00000000
00000000
00000000
411bd06e
41a2b3a7
41a78584
41a78584
41a78584
41a78584
41a78584
41a78584
41a78584
41a78584
41a78584
41a78584
41a78584
00000000
00000000
00000000
408c3e72
41479ea3
414adfdf
414adfdf
414adfdf
414adfdf
414adfdf
414adfdf
414adfdf
414adfdf
414adfdf
414adfdf
414adfdf
00000000
00000000
00000000
4087bc22
40e844d6
40d8b896
40d8b896
40d8b896
40d8b896
40d8b896
40d8b896
40d8b896
40d8b896
40d8b896
40d8b896
40d8b896
00000000
00000000
40ada25a
411fd139
41830d38
4188a8e6
4188a8e6
4188a8e6
4188a8e6
4188a8e6
4188a8e6
4188a8e6
4188a8e6
4188a8e6
4188a8e6
4188a8e6
4177d217
412507ab
40ff509c
415778fe
41a72212
41ad344b
41ad344b
41ad344b
41ad344b
41ad344b
41ad344b
41ad344b
41ad344b
41ad344b
41ad344b
41ad344b
4196249f
4135667a
410f7150
418967fd
41d65a7a
41df6a38
41df6a38
41df6a38
41df6a38
41df6a38
41df6a38
41df6a38
41df6a38
41df6a38
41df6a38
41df6a38
41c3427f
4168fcf9
410c5377
418cd3fe
41d8a0ec
41e2a92e
41e2a92e
41e2a92e
41e2a92e
41e2a92e
41e2a92e
41e2a92e
41e2a92e
41e2a92e
41e2a92e
41e2a92e
41c7353e
416e8b93
410c5377
418cd3fe
41d8a0ec
41e2a92e
41e2a92e
41e2a92e
41e2a92e
41e2a92e
41e2a92e
41e2a92e
41e2a92e
41e2a92e
41e2a92e
41e2a92e
41c7353e
416e8b93
410c5377
418cd3fe
41d8a0ec
41e2a92e
41e2a92e
41e2a92e
41e2a92e
41e2a92e
41e2a92e
41e2a92e
41e2a92e
41e2a92e
41e2a92e
41e2a92e
41c7353e
416e8b93
410c5377
418cd3fe
41d8a0ec
41e2a92e
41e2a92e
41e2a92e
41e2a92e
41e2a92e
41e2a92e
41e2a92e
41e2a92e
41e2a92e
41e2a92e
41e2a92e
41c7353e
416e8b93
410c5377
418cd3fe
41d8a0ec
41e2a92e
41e2a92e
41e2a92e
41e2a92e
41e2a92e
41e2a92e
41e2a92e
41e2a92e
41e2a92e
41e2a92e
41e2a92e
41c7353e
416e8b93
410c5377
418cd3fe
41d8a0ec
41e2a92e
41e2a92e
41e2a92e
41e2a92e
41e2a92e
41e2a92e
41e2a92e
41e2a92e
41e2a92e
41e2a92e
41e2a92e
41c7353e
416e8b93
410c5377
418cd3fe
41d8a0ec
41e2a92e
41e2a92e
41e2a92e
41e2a92e
41e2a92e
41e2a92e
41e2a92e
41e2a92e
41e2a92e
41e2a92e
41e2a92e
41c7353e
416e8b93
410c5377
418cd3fe
41d8a0ec
41e2a92e
41e2a92e
41e2a92e
41e2a92e
41e2a92e
41e2a92e
41e2a92e
41e2a92e
41e2a92e
41e2a92e
41e2a92e
41c7353e
416e8b93
410c5377
418cd3fe
41d8a0ec
41e2a92e
41e2a92e
41e2a92e
41e2a92e
41e2a92e
41e2a92e
41e2a92e
41e2a92e
41e2a92e
41e2a92e
41e2a92e
41c7353e
416e8b93
410c5377
418cd3fe
41d8a0ec
41e2a92e
41e2a92e
41e2a92e
41e2a92e
41e2a92e
41e2a92e
41e2a92e
41e2a92e
41e2a92e
41e2a92e
41e2a92e
41c7353e
416e8b93
410c5377
418cd3fe
41d8a0ec
41e2a92e
41e2a92e
41e2a92e
41e2a92e
41e2a92e
41e2a92e
41e2a92e
41e2a92e
41e2a92e
41e2a92e
41e2a92e
41c7353e
416e8b93
40d999f8
4173b45b
41c578a3
41d2e6ce
41d2e6ce
41d2e6ce
41d2e6ce
41d2e6ce
41d2e6ce
41d2e6ce
41d2e6ce
41d2e6ce
41d2e6ce
41d2e6ce
41ba7f69
41614bb3
4052cd93
410a6a02
415e872b
416af445
416af445
416af445
416af445
416af445
416af445
416af445
416af445
416af445
416af445
416af445
414672bb
40be28fe
40af05ec
4128c9b9
4176e9d0
41806952
41806952
41806952
41806952
41806952
41806952
41806952
41806952
41806952
41806952
41806952
41743132
4125b8f3
40ec2018
41642ac8
419cfb5c
41a2eaa6
41a2eaa6
41a2eaa6
41a2eaa6
41a2eaa6
41a2eaa6
41a2eaa6
41a2eaa6
41a2eaa6
41a2eaa6
41a2eaa6
4199a6d4
414394a1
4114214e
4198b558
41d4dc43
41dea387
41dea387
41dea387
41dea387
41dea387
41dea387
41dea387
41dea387
41dea387
41dea387
41dea387
41d39539
417ae858
41136538
41a08588
41ddba51
41e9b66e
41e9b66e
41e9b66e
41e9b66e
41e9b66e
41e9b66e
41e9b66e
41e9b66e
41e9b66e
41e9b66e
41e9b66e
41df19ca
4186c799
41136538
41a08588
41ddba51
41e9b66e
41e9b66e
41e9b66e
41e9b66e
41e9b66e
41e9b66e
41e9b66e
41e9b66e
41e9b66e
41e9b66e
41e9b66e
41df19ca
4186c799
41136538
41a08588
41ddba51
41e9b66e
41e9b66e
41e9b66e
41e9b66e
41e9b66e
41e9b66e
41e9b66e
41e9b66e
41e9b66e
41e9b66e
41e9b66e
41df19ca
4186c799
41136538
41a08588
41ddba51
41e9b66e
41e9b66e
41e9b66e
41e9b66e
41e9b66e
41e9b66e
41e9b66e
41e9b66e
41e9b66e
41e9b66e
41e9b66e
41df19ca
4186c799
41136538
41a08588
41ddba51
41e9b66e
41e9b66e
41e9b66e
41e9b66e
41e9b66e
41e9b66e
41e9b66e
41e9b66e
41e9b66e
41e9b66e
41e9b66e
41df19ca
4186c799
41136538
41a08588
41ddba51
41e9b66e
41e9b66e
41e9b66e
41e9b66e
41e9b66e
41e9b66e
41e9b66e
41e9b66e
41e9b66e
41e9b66e
41e9b66e
41df19ca
4186c799
41136538
41a08588
41ddba51
41e9b66e
41e9b66e
41e9b66e
41e9b66e
41e9b66e
41e9b66e
41e9b66e
41e9b66e
41e9b66e
41e9b66e
41e9b66e
41df19ca
4186c799
41136538
41a08588
41ddba51
41e9b66e
41e9b66e
41e9b66e
41e9b66e
41e9b66e
41e9b66e
41e9b66e
41e9b66e
41e9b66e
41e9b66e
41e9b66e
41df19ca
4186c799
41136538
41a08588
41ddba51
41e9b66e
41e9b66e
41e9b66e
41e9b66e
41e9b66e
41e9b66e
41e9b66e
41e9b66e
41e9b66e
41e9b66e
41e9b66e
41df19ca
4186c799
41136538
41a08588
41ddba51
41e9b66e
41e9b66e
41e9b66e
41e9b66e
41e9b66e
41e9b66e
41e9b66e
41e9b66e
41e9b66e
41e9b66e
41e9b66e
41df19ca
4186c799
41136538
41a08588
41ddba51
41e9b66e
41e9b66e
41e9b66e
41e9b66e
41e9b66e
41e9b66e
41e9b66e
41e9b66e
41e9b66e
41e9b66e
41e9b66e
41df19ca
4186c799
41037e4c
4198cec8
41d892dc
41e3e98e
41e3e98e
41e3e98e
41e3e98e
41e3e98e
41e3e98e
41e3e98e
41e3e98e
41e3e98e
41e3e98e
41e3e98e
41dbf184
4183fb53
409bd865
413d7350
4186084d
418b39e4
418b39e4
418b39e4
418b39e4
418b39e4
418b39e4
418b39e4
418b39e4
418b39e4
418b39e4
418b39e4
417bec10
40f72580
00000000
408cc716
41514dbe
4180465a
4180465a
4180465a
4180465a
4180465a
4180465a
4180465a
4180465a
4180465a
4180465a
4180465a
409086c2
00000000
3fb42c5a
41434f61
41d9608c
41f66805
41f66805
41f66805
41f66805
41f66805
41f66805
41f66805
41f66805
41f66805
41f66805
41f66805
413115d0
40f5a95e
403d41fd
4167736f
42083f68
42147bdf
42147bdf
42147bdf
42147bdf
42147bdf
42147bdf
42147bdf
42147bdf
42147bdf
42147bdf
42147bdf
414005ab
41083bee
40b890d0
41892ec6
421a85e7
42232c93
42232c93
42232c93
42232c93
42232c93
42232c93
42232c93
42232c93
42232c93
42232c93
42232c93
415837b9
4118fab9
40b890d0
41892ec6
421a85e7
42232c93
42232c93
42232c93
42232c93
42232c93
42232c93
42232c93
42232c93
42232c93
42232c93
42232c93
415837b9
4118fab9
40b890d0
41892ec6
421a85e7
42232c93
42232c93
42232c93
42232c93
42232c93
42232c93
42232c93
42232c93
42232c93
42232c93
42232c93
415837b9
4118fab9
40b890d0
41892ec6
421a85e7
42232c93
42232c93
42232c93
42232c93
42232c93
42232c93
42232c93
42232c93
42232c93
42232c93
42232c93
415837b9
4118fab9
40b890d0
41892ec6
421a85e7
42232c93
42232c93
42232c93
42232c93
42232c93
42232c93
42232c93
42232c93
42232c93
42232c93
42232c93
415837b9
4118fab9
40b890d0
41892ec6
421a85e7
42232c93
42232c93
42232c93
42232c93
42232c93
42232c93
42232c93
42232c93
42232c93
42232c93
42232c93
415837b9
4118fab9
40b890d0
41892ec6
421a85e7
42232c93
42232c93
42232c93
42232c93
42232c93
42232c93
42232c93
42232c93
42232c93
42232c93
42232c93
415837b9
4118fab9
40b890d0
41892ec6
421a85e7
42232c93
42232c93
42232c93
42232c93
42232c93
42232c93
42232c93
42232c93
42232c93
42232c93
42232c93
415837b9
4118fab9
40b890d0
41892ec6
421a85e7
42232c93
42232c93
42232c93
42232c93
42232c93
42232c93
42232c93
42232c93
42232c93
42232c93
42232c93
415837b9
4118fab9
40b890d0
41892ec6
421a85e7
42232c93
42232c93
42232c93
42232c93
42232c93
42232c93
42232c93
42232c93
42232c93
42232c93
42232c93
415837b9
4118fab9
40b890d0
41892ec6
421a85e7
42232c93
42232c93
42232c93
42232c93
42232c93
42232c93
42232c93
42232c93
42232c93
42232c93
42232c93
415837b9
4118fab9
3fd2ff82
4131632b
41e4faa1
41f9f7f5
41f9f7f5
41f9f7f5
41f9f7f5
41f9f7f5
41f9f7f5
41f9f7f5
41f9f7f5
41f9f7f5
41f9f7f5
41f9f7f5
40eb7a5e
40de0800
40b03d6a
415a6245
41cfcee1
41e10abf
41e10abf
41e10abf
41e10abf
41e10abf
41e10abf
41e10abf
41e10abf
41e10abf
41e10abf
41e10abf
414ed80d
41550eb3
410a3be0
40b8214b
00000000
00000000
00000000
00000000
00000000
00000000
00000000
00000000
00000000
00000000
00000000
00000000
40d0c72d
00000000
40e82c3a
400fb9d8
00000000
00000000
00000000
00000000
00000000
00000000
00000000
00000000
00000000
00000000
00000000
00000000
408d9934
00000000
40e80ff0
40803f90
00000000
00000000
00000000
00000000
00000000
00000000
00000000
00000000
00000000
00000000
00000000
00000000
41090615
00000000
40d458c9
4012c928
00000000
00000000
00000000
00000000
00000000
00000000
00000000
00000000
00000000
00000000
00000000
00000000
41108a37
00000000
40d458c9
4012c928
00000000
00000000
00000000
00000000
00000000
00000000
00000000
00000000
00000000
00000000
00000000
00000000
41108a37
00000000
40d458c9
4012c928
00000000
00000000
00000000
00000000
00000000
00000000
00000000
00000000
00000000
00000000
00000000
00000000
41108a37
00000000
40d458c9
4012c928
00000000
00000000
00000000
00000000
00000000
00000000
00000000
00000000
00000000
00000000
00000000
00000000
41108a37
00000000
40d458c9
4012c928
00000000
00000000
00000000
00000000
00000000
00000000
00000000
00000000
00000000
00000000
00000000
00000000
41108a37
00000000
40d458c9
4012c928
00000000
00000000
00000000
00000000
00000000
00000000
00000000
00000000
00000000
00000000
00000000
00000000
41108a37
00000000
40d458c9
4012c928
00000000
00000000
00000000
00000000
00000000
00000000
00000000
00000000
00000000
00000000
00000000
00000000
41108a37
00000000
40d458c9
4012c928
00000000
00000000
00000000
00000000
00000000
00000000
00000000
00000000
00000000
00000000
00000000
00000000
41108a37
00000000
40d458c9
4012c928
00000000
00000000
00000000
00000000
00000000
00000000
00000000
00000000
00000000
00000000
00000000
00000000
41108a37
00000000
40d458c9
4012c928
00000000
00000000
00000000
00000000
00000000
00000000
00000000
00000000
00000000
00000000
00000000
00000000
41108a37
00000000
40d458c9
4012c928
00000000
00000000
00000000
00000000
00000000
00000000
00000000
00000000
00000000
00000000
00000000
00000000
41108a37
00000000
41129b99
40e8f345
00000000
00000000
00000000
00000000
00000000
00000000
00000000
00000000
00000000
00000000
00000000
00000000
4167cc25
00000000
401f16e2
3c508f20
00000000
00000000
00000000
00000000
00000000
00000000
00000000
00000000
00000000
00000000
00000000
00000000
40cb4962
00000000
00000000
40526c61
4155c74b
418654d0
418654d0
418654d0
418654d0
418654d0
418654d0
418654d0
418654d0
418654d0
418654d0
418654d0
40a91f28
40f02c1e
00000000
40cc856a
41a2f468
41c60e75
41c60e75
41c60e75
41c60e75
41c60e75
41c60e75
41c60e75
41c60e75
41c60e75
41c60e75
41c60e75
408fddaa
4115bea2
00000000
412847fd
41db816c
41f496d2
41f496d2
41f496d2
41f496d2
41f496d2
41f496d2
41f496d2
41f496d2
41f496d2
41f496d2
41f496d2
40c19b78
41373dc5
00000000
414a6312
41f702c4
4203616c
4203616c
4203616c
4203616c
4203616c
4203616c
4203616c
4203616c
4203616c
4203616c
4203616c
40cedc50
413271b8
00000000
414a6312
41f702c4
4203616c
4203616c
4203616c
4203616c
4203616c
4203616c
4203616c
4203616c
4203616c
4203616c
4203616c
40cedc50
413271b8
00000000
414a6312
41f702c4
4203616c
4203616c
4203616c
4203616c
4203616c
4203616c
4203616c
4203616c
4203616c
4203616c
4203616c
40cedc50
413271b8
00000000
414a6312
41f702c4
4203616c
4203616c
4203616c
4203616c
4203616c
4203616c
4203616c
4203616c
4203616c
4203616c
4203616c
40cedc50
413271b8
00000000
414a6312
41f702c4
4203616c
4203616c
4203616c
4203616c
4203616c
4203616c
4203616c
4203616c
4203616c
4203616c
4203616c
40cedc50
413271b8
00000000
414a6312
41f702c4
4203616c
4203616c
4203616c
4203616c
4203616c
4203616c
4203616c
4203616c
4203616c
4203616c
4203616c
40cedc50
413271b8
00000000
414a6312
41f702c4
4203616c
4203616c
4203616c
4203616c
4203616c
4203616c
4203616c
4203616c
4203616c
4203616c
4203616c
40cedc50
413271b8
00000000
414a6312
41f702c4
4203616c
4203616c
4203616c
4203616c
4203616c
4203616c
4203616c
4203616c
4203616c
4203616c
4203616c
40cedc50
413271b8
00000000
414a6312
41f702c4
4203616c
4203616c
4203616c
4203616c
4203616c
4203616c
4203616c
4203616c
4203616c
4203616c
4203616c
40cedc50
413271b8
00000000
414a6312
41f702c4
4203616c
4203616c
4203616c
4203616c
4203616c
4203616c
4203616c
4203616c
4203616c
4203616c
4203616c
40cedc50
413271b8
00000000
414a6312
41f702c4
4203616c
4203616c
4203616c
4203616c
4203616c
4203616c
4203616c
4203616c
4203616c
4203616c
4203616c
40cedc50
413271b8
00000000
4101029c
41a8d1b8
41ba1074
41ba1074
41ba1074
41ba1074
41ba1074
41ba1074
41ba1074
41ba1074
41ba1074
41ba1074
41ba1074
3dc353e0
40c8b13e
00000000
41120642
418d9fb9
4195e9b4
4195e9b4
4195e9b4
4195e9b4
4195e9b4
4195e9b4
4195e9b4
4195e9b4
4195e9b4
4195e9b4
4195e9b4
408f3fcc
41176f4f
4087e052
41143b0f
41475661
414391f9
414391f9
414391f9
414391f9
414391f9
414391f9
414391f9
414391f9
414391f9
414391f9
414391f9
41489121
40b91143
412ce73f
419929aa
41c97713
41cf1f69
41cf1f69
41cf1f69
41cf1f69
41cf1f69
41cf1f69
41cf1f69
41cf1f69
41cf1f69
41cf1f69
41cf1f69
41cd4c5c
412c05c8
4145b361
41a8d19a
41ea3c41
41f21161
41f21161
41f21161
41f21161
41f21161
41f21161
41f21161
41f21161
41f21161
41f21161
41f21161
41ec8536
415362fb
41412a07
41ac56e2
41eb309d
41f5c00d
41f5c00d
41f5c00d
41f5c00d
41f5c00d
41f5c00d
41f5c00d
41f5c00d
41f5c00d
41f5c00d
41f5c00d
41f06af2
41598389
41412a07
41ac56e2
41eb309d
41f5c00d
41f5c00d
41f5c00d
41f5c00d
41f5c00d
41f5c00d
41f5c00d
41f5c00d
41f5c00d
41f5c00d
41f5c00d
41f06af2
41598389
41412a07
41ac56e2
41eb309d
41f5c00d
41f5c00d
41f5c00d
41f5c00d
41f5c00d
41f5c00d
41f5c00d
41f5c00d
41f5c00d
41f5c00d
41f5c00d
41f06af2
41598389
41412a07
41ac56e2
41eb309d
41f5c00d
41f5c00d
41f5c00d
41f5c00d
41f5c00d
41f5c00d
41f5c00d
41f5c00d
41f5c00d
41f5c00d
41f5c00d
41f06af2
41598389
41412a07
41ac56e2
41eb309d
41f5c00d
41f5c00d
41f5c00d
41f5c00d
41f5c00d
41f5c00d
41f5c00d
41f5c00d
41f5c00d
41f5c00d
41f5c00d
41f06af2
41598389
41412a07
41ac56e2
41eb309d
41f5c00d
41f5c00d
41f5c00d
41f5c00d
41f5c00d
41f5c00d
41f5c00d
41f5c00d
41f5c00d
41f5c00d
41f5c00d
41f06af2
41598389
41412a07
41ac56e2
41eb309d
41f5c00d
41f5c00d
41f5c00d
41f5c00d
41f5c00d
41f5c00d
41f5c00d
41f5c00d
41f5c00d
41f5c00d
41f5c00d
41f06af2
41598389
41412a07
41ac56e2
41eb309d
41f5c00d
41f5c00d
41f5c00d
41f5c00d
41f5c00d
41f5c00d
41f5c00d
41f5c00d
41f5c00d
41f5c00d
41f5c00d
41f06af2
41598389
41412a07
41ac56e2
41eb309d
41f5c00d
41f5c00d
41f5c00d
41f5c00d
41f5c00d
41f5c00d
41f5c00d
41f5c00d
41f5c00d
41f5c00d
41f5c00d
41f06af2
41598389
41412a07
41ac56e2
41eb309d
41f5c00d
41f5c00d
41f5c00d
41f5c00d
41f5c00d
41f5c00d
41f5c00d
41f5c00d
41f5c00d
41f5c00d
41f5c00d
41f06af2
41598389
41412a07
41ac56e2
41eb309d
41f5c00d
41f5c00d
41f5c00d
41f5c00d
41f5c00d
41f5c00d
41f5c00d
41f5c00d
41f5c00d
41f5c00d
41f5c00d
41f06af2
41598389
4128b080
41a0652e
41e4155e
41ef1fe0
41ef1fe0
41ef1fe0
41ef1fe0
41ef1fe0
41ef1fe0
41ef1fe0
41ef1fe0
41ef1fe0
41ef1fe0
41ef1fe0
41f15cc9
4163a791
40f1348f
415b0776
41a96e44
41b38aca
41b38aca
41b38aca
41b38aca
41b38aca
41b38aca
41b38aca
41b38aca
41b38aca
41b38aca
41b38aca
41ac941a
412a3a4b
408b1709
41042016
416fc812
4174ce87
4174ce87
4174ce87
4174ce87
4174ce87
4174ce87
4174ce87
4174ce87
4174ce87
4174ce87
4174ce87
41454e3d
40e16c3a
4100dda8
418e45f4
41dc9fd6
41ed5d2e
41ed5d2e
41ed5d2e
41ed5d2e
41ed5d2e
41ed5d2e
41ed5d2e
41ed5d2e
41ed5d2e
41ed5d2e
41ed5d2e
41c68e14
418c422f
4113a4b6
41a0f787
420152c6
4209f987
4209f987
4209f987
4209f987
4209f987
4209f987
4209f987
4209f987
4209f987
4209f987
4209f987
41ee5680
41ad96b8
41023874
419eb0a3
41fd7a29
4208d919
4208d919
4208d919
4208d919
4208d919
4208d919
4208d919
4208d919
4208d919
4208d919
4208d919
41f05681
41b2d560
41023874
419eb0a3
41fd7a29
4208d919
4208d919
4208d919
4208d919
4208d919
4208d919
4208d919
4208d919
4208d919
4208d919
4208d919
41f05681
41b2d560
41023874
419eb0a3
41fd7a29
4208d919
4208d919
4208d919
4208d919
4208d919
4208d919
4208d919
4208d919
4208d919
4208d919
4208d919
41f05681
41b2d560
41023874
419eb0a3
41fd7a29
4208d919
4208d919
4208d919
4208d919
4208d919
4208d919
4208d919
4208d919
4208d919
4208d919
4208d919
41f05681
41b2d560
41023874
419eb0a3
41fd7a29
4208d919
4208d919
4208d919
4208d919
4208d919
4208d919
4208d919
4208d919
4208d919
4208d919
4208d919
41f05681
41b2d560
41023874
419eb0a3
41fd7a29
4208d919
4208d919
4208d919
4208d919
4208d919
4208d919
4208d919
4208d919
4208d919
4208d919
4208d919
41f05681
41b2d560
41023874
419eb0a3
41fd7a29
4208d919
4208d919
4208d919
4208d919
4208d919
4208d919
4208d919
4208d919
4208d919
4208d919
4208d919
41f05681
41b2d560
41023874
419eb0a3
41fd7a29
4208d919
4208d919
4208d919
4208d919
4208d919
4208d919
4208d919
4208d919
4208d919
4208d919
4208d919
41f05681
41b2d560
41023874
419eb0a3
41fd7a29
4208d919
4208d919
4208d919
4208d919
4208d919
4208d919
4208d919
4208d919
4208d919
4208d919
4208d919
41f05681
41b2d560
41023874
419eb0a3
41fd7a29
4208d919
4208d919
4208d919
4208d919
4208d919
4208d919
4208d919
4208d919
4208d919
4208d919
4208d919
41f05681
41b2d560
41023874
419eb0a3
41fd7a29
4208d919
4208d919
4208d919
4208d919
4208d919
4208d919
4208d919
4208d919
4208d919
4208d919
4208d919
41f05681
41b2d560
40d132d8
4180597e
41dcb54e
41f07ca2
41f07ca2
41f07ca2
41f07ca2
41f07ca2
41f07ca2
41f07ca2
41f07ca2
41f07ca2
41f07ca2
41f07ca2
41d64dbe
41aaa146
4065dcfe
41494920
4196f762
419fad91
419fad91
419fad91
419fad91
419fad91
419fad91
419fad91
419fad91
419fad91
419fad91
419fad91
419822b7
417f7cee
40ed3546
41160fd0
416053f9
41690c65
41690c65
41690c65
41690c65
41690c65
41690c65
41690c65
41690c65
41690c65
41690c65
41690c65
415441af
407b8597
411f8bf2
414b2cdc
41a1490b
41a42580
41a42580
41a42580
41a42580
41a42580
41a42580
41a42580
41a42580
41a42580
41a42580
41a42580
419108e3
40f6a420
415079a7
41900d80
41e4ca2a
41ef1ead
41ef1ead
41ef1ead
41ef1ead
41ef1ead
41ef1ead
41ef1ead
41ef1ead
41ef1ead
41ef1ead
41ef1ead
41d4785b
416f6f25
4153f33c
4195093a
41ebde30
41f70063
41f70063
41f70063
41f70063
41f70063
41f70063
41f70063
41f70063
41f70063
41f70063
41f70063
41da7bd1
4176899d
4153f33c
4195093a
41ebde30
41f70063
41f70063
41f70063
41f70063
41f70063
41f70063
41f70063
41f70063
41f70063
41f70063
41f70063
41da7bd1
4176899d
4153f33c
4195093a
41ebde30
41f70063
41f70063
41f70063
41f70063
41f70063
41f70063
41f70063
41f70063
41f70063
41f70063
41f70063
41da7bd1
4176899d
4153f33c
4195093a
41ebde30
41f70063
41f70063
41f70063
41f70063
41f70063
41f70063
41f70063
41f70063
41f70063
41f70063
41f70063
41da7bd1
4176899d
4153f33c
4195093a
41ebde30
41f70063
41f70063
41f70063
41f70063
41f70063
41f70063
41f70063
41f70063
41f70063
41f70063
41f70063
41da7bd1
4176899d
4153f33c
4195093a
41ebde30
41f70063
41f70063
41f70063
41f70063
41f70063
41f70063
41f70063
41f70063
41f70063
41f70063
41f70063
41da7bd1
4176899d
4153f33c
4195093a
41ebde30
41f70063
41f70063
41f70063
41f70063
41f70063
41f70063
41f70063
41f70063
41f70063
41f70063
41f70063
41da7bd1
4176899d
4153f33c
4195093a
41ebde30
41f70063
41f70063
41f70063
41f70063
41f70063
41f70063
41f70063
41f70063
41f70063
41f70063
41f70063
41da7bd1
4176899d
4153f33c
4195093a
41ebde30
41f70063
41f70063
41f70063
41f70063
41f70063
41f70063
41f70063
41f70063
41f70063
41f70063
41f70063
41da7bd1
4176899d
4153f33c
4195093a
41ebde30
41f70063
41f70063
41f70063
41f70063
41f70063
41f70063
41f70063
41f70063
41f70063
41f70063
41f70063
41da7bd1
4176899d
4153f33c
4195093a
41ebde30
41f70063
41f70063
41f70063
41f70063
41f70063
41f70063
41f70063
41f70063
41f70063
41f70063
41f70063
41da7bd1
4176899d
413da3af
41841657
41dcbc86
41eaeda8
41eaeda8
41eaeda8
41eaeda8
41eaeda8
41eaeda8
41eaeda8
41eaeda8
41eaeda8
41eaeda8
41eaeda8
41d1c2d5
41708491
40c87cbc
413a2071
41973e91
41a0d302
41a0d302
41a0d302
41a0d302
41a0d302
41a0d302
41a0d302
41a0d302
41a0d302
41a0d302
41a0d302
418bf122
412be724
00000000
3ff9e626
41514a92
41874b17
41874b17
41874b17
41874b17
41874b17
41874b17
41874b17
41874b17
41874b17
41874b17
41874b17
411ebbab
40f39e14
00000000
409ab756
41928d5e
41bbaedd
41bbaedd
41bbaedd
41bbaedd
41bbaedd
41bbaedd
41bbaedd
41bbaedd
41bbaedd
41bbaedd
41bbaedd
4100c04c
4110a318
00000000
411e43dc
41b74754
41d7c1ef
41d7c1ef
41d7c1ef
41d7c1ef
41d7c1ef
41d7c1ef
41d7c1ef
41d7c1ef
41d7c1ef
41d7c1ef
41d7c1ef
40af56f6
40e8a5e4
3e61b1a0
413455e5
41cd3ea6
41dfe442
41dfe442
41dfe442
41dfe442
41dfe442
41dfe442
41dfe442
41dfe442
41dfe442
41dfe442
41dfe442
406edb5b
40c66c5a
3e61b1a0
413455e5
41cd3ea6
41dfe442
41dfe442
41dfe442
41dfe442
41dfe442
41dfe442
41dfe442
41dfe442
41dfe442
41dfe442
41dfe442
406edb5b
40c66c5a
3e61b1a0
413455e5
41cd3ea6
41dfe442
41dfe442
41dfe442
41dfe442
41dfe442
41dfe442
41dfe442
41dfe442
41dfe442
41dfe442
41dfe442
406edb5b
40c66c5a
3e61b1a0
413455e5
41cd3ea6
41dfe442
41dfe442
41dfe442
41dfe442
41dfe442
41dfe442
41dfe442
41dfe442
41dfe442
41dfe442
41dfe442
406edb5b
40c66c5a
3e61b1a0
413455e5
41cd3ea6
41dfe442
41dfe442
41dfe442
41dfe442
41dfe442
41dfe442
41dfe442
41dfe442
41dfe442
41dfe442
41dfe442
406edb5b
40c66c5a
3e61b1a0
413455e5
41cd3ea6
41dfe442
41dfe442
41dfe442
41dfe442
41dfe442
41dfe442
41dfe442
41dfe442
41dfe442
41dfe442
41dfe442
406edb5b
40c66c5a
3e61b1a0
413455e5
41cd3ea6
41dfe442
41dfe442
41dfe442
41dfe442
41dfe442
41dfe442
41dfe442
41dfe442
41dfe442
41dfe442
41dfe442
406edb5b
40c66c5a
3e61b1a0
413455e5
41cd3ea6
41dfe442
41dfe442
41dfe442
41dfe442
41dfe442
41dfe442
41dfe442
41dfe442
41dfe442
41dfe442
41dfe442
406edb5b
40c66c5a
3e61b1a0
413455e5
41cd3ea6
41dfe442
41dfe442
41dfe442
41dfe442
41dfe442
41dfe442
41dfe442
41dfe442
41dfe442
41dfe442
41dfe442
406edb5b
40c66c5a
3e61b1a0
413455e5
41cd3ea6
41dfe442
41dfe442
41dfe442
41dfe442
41dfe442
41dfe442
41dfe442
41dfe442
41dfe442
41dfe442
41dfe442
406edb5b
40c66c5a
3e61b1a0
413455e5
41cd3ea6
41dfe442
41dfe442
41dfe442
41dfe442
41dfe442
41dfe442
41dfe442
41dfe442
41dfe442
41dfe442
41dfe442
406edb5b
40c66c5a
00000000
40daeb12
4184ebe3
41967b33
41967b33
41967b33
41967b33
41967b33
41967b33
41967b33
41967b33
41967b33
41967b33
41967b33
00000000
3fea9c0e
00000000
40ad9c60
4124e1b7
412fbb0e
412fbb0e
412fbb0e
412fbb0e
412fbb0e
412fbb0e
412fbb0e
412fbb0e
412fbb0e
412fbb0e
412fbb0e
00000000
00000000
410fc5c4
40f0f560
00000000
00000000
00000000
00000000
00000000
00000000
00000000
00000000
00000000
00000000
00000000
00000000
4132e582
405b7194
4123bff0
40e858ac
00000000
00000000
00000000
00000000
00000000
00000000
00000000
00000000
00000000
00000000
00000000
00000000
4153be50
3fa435f3
41385a04
40dea3c7
00000000
00000000
00000000
00000000
00000000
00000000
00000000
00000000
00000000
00000000
00000000
00000000
413776cc
00000000
4135589e
40b7ecd5
00000000
00000000
00000000
00000000
00000000
00000000
00000000
00000000
00000000
00000000
00000000
00000000
41312a37
00000000
4135589e
40b7ecd5
00000000
00000000
00000000
00000000
00000000
00000000
00000000
00000000
00000000
00000000
00000000
00000000
41312a37
00000000
4135589e
40b7ecd5
00000000
00000000
00000000
00000000
00000000
00000000
00000000
00000000
00000000
00000000
00000000
00000000
41312a37
00000000
4135589e
40b7ecd5
00000000
00000000
00000000
00000000
00000000
00000000
00000000
00000000
00000000
00000000
00000000
00000000
41312a37
00000000
4135589e
40b7ecd5
00000000
00000000
00000000
00000000
00000000
00000000
00000000
00000000
00000000
00000000
00000000
00000000
41312a37
00000000
4135589e
40b7ecd5
00000000
00000000
00000000
00000000
00000000
00000000
00000000
00000000
00000000
00000000
00000000
00000000
41312a37
00000000
4135589e
40b7ecd5
00000000
00000000
00000000
00000000
00000000
00000000
00000000
00000000
00000000
00000000
00000000
00000000
41312a37
00000000
4135589e
40b7ecd5
00000000
00000000
00000000
00000000
00000000
00000000
00000000
00000000
00000000
00000000
00000000
00000000
41312a37
00000000
4135589e
40b7ecd5
00000000
00000000
00000000
00000000
00000000
00000000
00000000
00000000
00000000
00000000
00000000
00000000
41312a37
00000000
4135589e
40b7ecd5
00000000
00000000
00000000
00000000
00000000
00000000
00000000
00000000
00000000
00000000
00000000
00000000
41312a37
00000000
4135589e
40b7ecd5
00000000
00000000
00000000
00000000
00000000
00000000
00000000
00000000
00000000
00000000
00000000
00000000
41312a37
00000000
416fdef6
411568bc
00000000
00000000
00000000
00000000
00000000
00000000
00000000
00000000
00000000
00000000
00000000
00000000
4169e556
3ea63af0
40e53413
00000000
00000000
00000000
00000000
00000000
00000000
00000000
00000000
00000000
00000000
00000000
00000000
00000000
3ff38858
00000000
40e136da
409ad56e
00000000
00000000
00000000
00000000
00000000
00000000
00000000
00000000
00000000
00000000
00000000
00000000
4104a196
406103d9
4116aee2
402fe05c
00000000
00000000
00000000
00000000
00000000
00000000
00000000
00000000
00000000
00000000
00000000
00000000
40f77e77
00000000
4123ca75
40607cd0
00000000
00000000
00000000
00000000
00000000
00000000
00000000
00000000
00000000
00000000
00000000
00000000
411b1f2c
3fa94c5a
41243cdb
40279446
00000000
00000000
00000000
00000000
00000000
00000000
00000000
00000000
00000000
00000000
00000000
00000000
412038fc
3f26901f
41243cdb
40279446
00000000
00000000
00000000
00000000
00000000
00000000
00000000
00000000
00000000
00000000
00000000
00000000
412038fc
3f26901f
41243cdb
40279446
00000000
00000000
00000000
00000000
00000000
00000000
00000000
00000000
00000000
00000000
00000000
00000000
412038fc
3f26901f
41243cdb
40279446
00000000
00000000
00000000
00000000
00000000
00000000
00000000
00000000
00000000
00000000
00000000
00000000
412038fc
3f26901f
41243cdb
40279446
00000000
00000000
00000000
00000000
00000000
00000000
00000000
00000000
00000000
00000000
00000000
00000000
412038fc
3f26901f
41243cdb
40279446
00000000
00000000
00000000
00000000
00000000
00000000
00000000
00000000
00000000
00000000
00000000
00000000
412038fc
3f26901f
41243cdb
40279446
00000000
00000000
00000000
00000000
00000000
00000000
00000000
00000000
00000000
00000000
00000000
00000000
412038fc
3f26901f
41243cdb
40279446
00000000
00000000
00000000
00000000
00000000
00000000
00000000
00000000
00000000
00000000
00000000
00000000
412038fc
3f26901f
41243cdb
40279446
00000000
00000000
00000000
00000000
00000000
00000000
00000000
00000000
00000000
00000000
00000000
00000000
412038fc
3f26901f
41243cdb
40279446
00000000
00000000
00000000
00000000
00000000
00000000
00000000
00000000
00000000
00000000
00000000
00000000
412038fc
3f26901f
41243cdb
40279446
00000000
00000000
00000000
00000000
00000000
00000000
00000000
00000000
00000000
00000000
00000000
00000000
412038fc
3f26901f
41490830
40fa13e3
00000000
00000000
00000000
00000000
00000000
00000000
00000000
00000000
00000000
00000000
00000000
00000000
4175d27b
408b74c1
40e9ef55
00000000
00000000
00000000
00000000
00000000
00000000
00000000
00000000
00000000
00000000
00000000
00000000
00000000
40a357da
00000000
00000000
3d84e060
00000000
00000000
00000000
00000000
00000000
00000000
00000000
00000000
00000000
00000000
00000000
00000000
3fe4fb65
4087cd46
3fc6a1df
3fcfffb5
00000000
00000000
00000000
00000000
00000000
00000000
00000000
00000000
00000000
00000000
00000000
00000000
402bbf26
409ea548
400a655a
4059c11a
00000000
00000000
00000000
00000000
00000000
00000000
00000000
00000000
00000000
00000000
00000000
00000000
3f8e076f
4090f64f
4028b0ce
4058c152
00000000
00000000
00000000
00000000
00000000
00000000
00000000
00000000
00000000
00000000
00000000
00000000
3f6d9004
408a40b8
4028b0ce
4058c152
00000000
00000000
00000000
00000000
00000000
00000000
00000000
00000000
00000000
00000000
00000000
00000000
3f6d9004
408a40b8
4028b0ce
4058c152
00000000
00000000
00000000
00000000
00000000
00000000
00000000
00000000
00000000
00000000
00000000
00000000
3f6d9004
408a40b8
4028b0ce
4058c152
00000000
00000000
00000000
00000000
00000000
00000000
00000000
00000000
00000000
00000000
00000000
00000000
3f6d9004
408a40b8
4028b0ce
4058c152
00000000
00000000
00000000
00000000
00000000
00000000
00000000
00000000
00000000
00000000
00000000
00000000
3f6d9004
408a40b8
4028b0ce
4058c152
00000000
00000000
00000000
00000000
00000000
00000000
00000000
00000000
00000000
00000000
00000000
00000000
3f6d9004
408a40b8
4028b0ce
4058c152
00000000
00000000
00000000
00000000
00000000
00000000
00000000
00000000
00000000
00000000
00000000
00000000
3f6d9004
408a40b8
4028b0ce
4058c152
00000000
00000000
00000000
00000000
00000000
00000000
00000000
00000000
00000000
00000000
00000000
00000000
3f6d9004
408a40b8
4028b0ce
4058c152
00000000
00000000
00000000
00000000
00000000
00000000
00000000
00000000
00000000
00000000
00000000
00000000
3f6d9004
408a40b8
4028b0ce
4058c152
00000000
00000000
00000000
00000000
00000000
00000000
00000000
00000000
00000000
00000000
00000000
00000000
3f6d9004
408a40b8
4028b0ce
4058c152
00000000
00000000
00000000
00000000
00000000
00000000
00000000
00000000
00000000
00000000
00000000
00000000
3f6d9004
408a40b8
40944151
40ff2c9a
3f116a40
00000000
00000000
00000000
00000000
00000000
00000000
00000000
00000000
00000000
00000000
00000000
40a1ecc9
40c1096f
40be0ff4
40c7032d
3f9ca801
3eaf2a68
3eaf2a68
3eaf2a68
3eaf2a68
3eaf2a68
3eaf2a68
3eaf2a68
3eaf2a68
3eaf2a68
3eaf2a68
3eaf2a68
40661d84
3f94103b
00000000
3fc1b874
4124007c
414ffc0c
414ffc0c
414ffc0c
414ffc0c
414ffc0c
414ffc0c
414ffc0c
414ffc0c
414ffc0c
414ffc0c
414ffc0c
40903eb4
40b235a0
00000000
407e3b55
41885e0f
41a27e14
41a27e14
41a27e14
41a27e14
41a27e14
41a27e14
41a27e14
41a27e14
41a27e14
41a27e14
41a27e14
40a4c0d8
4107ba3e
00000000
410412fa
41bfaa5c
41cf8567
41cf8567
41cf8567
41cf8567
41cf8567
41cf8567
41cf8567
41cf8567
41cf8567
41cf8567
41cf8567
40888fca
40e62f1c
00000000
413aa377
41e4e02f
41eb11ad
41eb11ad
41eb11ad
41eb11ad
41eb11ad
41eb11ad
41eb11ad
41eb11ad
41eb11ad
41eb11ad
41eb11ad
40a63ae8
40e88c92
00000000
413aa377
41e4e02f
41eb11ad
41eb11ad
41eb11ad
41eb11ad
41eb11ad
41eb11ad
41eb11ad
41eb11ad
41eb11ad
41eb11ad
41eb11ad
40a63ae8
40e88c92
00000000
413aa377
41e4e02f
41eb11ad
41eb11ad
41eb11ad
41eb11ad
41eb11ad
41eb11ad
41eb11ad
41eb11ad
41eb11ad
41eb11ad
41eb11ad
40a63ae8
40e88c92
00000000
413aa377
41e4e02f
41eb11ad
41eb11ad
41eb11ad
41eb11ad
41eb11ad
41eb11ad
41eb11ad
41eb11ad
41eb11ad
41eb11ad
41eb11ad
40a63ae8
40e88c92
00000000
413aa377
41e4e02f
41eb11ad
41eb11ad
41eb11ad
41eb11ad
41eb11ad
41eb11ad
41eb11ad
41eb11ad
41eb11ad
41eb11ad
41eb11ad
40a63ae8
40e88c92
00000000
413aa377
41e4e02f
41eb11ad
41eb11ad
41eb11ad
41eb11ad
41eb11ad
41eb11ad
41eb11ad
41eb11ad
41eb11ad
41eb11ad
41eb11ad
40a63ae8
40e88c92
00000000
413aa377
41e4e02f
41eb11ad
41eb11ad
41eb11ad
41eb11ad
41eb11ad
41eb11ad
41eb11ad
41eb11ad
41eb11ad
41eb11ad
41eb11ad
40a63ae8
40e88c92
00000000
413aa377
41e4e02f
41eb11ad
41eb11ad
41eb11ad
41eb11ad
41eb11ad
41eb11ad
41eb11ad
41eb11ad
41eb11ad
41eb11ad
41eb11ad
40a63ae8
40e88c92
00000000
413aa377
41e4e02f
41eb11ad
41eb11ad
41eb11ad
41eb11ad
41eb11ad
41eb11ad
41eb11ad
41eb11ad
41eb11ad
41eb11ad
41eb11ad
40a63ae8
40e88c92
00000000
413aa377
41e4e02f
41eb11ad
41eb11ad
41eb11ad
41eb11ad
41eb11ad
41eb11ad
41eb11ad
41eb11ad
41eb11ad
41eb11ad
41eb11ad
40a63ae8
40e88c92
00000000
413aa377
41e4e02f
41eb11ad
41eb11ad
41eb11ad
41eb11ad
41eb11ad
41eb11ad
41eb11ad
41eb11ad
41eb11ad
41eb11ad
41eb11ad
40a63ae8
40e88c92
00000000
40e5f33c
41a016b9
41a748df
41a748df
41a748df
41a748df
41a748df
41a748df
41a748df
41a748df
41a748df
41a748df
41a748df
00000000
401709f5
00000000
410aefab
418cd757
4191138f
4191138f
4191138f
4191138f
4191138f
4191138f
4191138f
4191138f
4191138f
4191138f
4191138f
4031fbdb
40a82fd8
40a20800
40fe20d4
4152b030
415ab8f6
415ab8f6
415ab8f6
415ab8f6
415ab8f6
415ab8f6
415ab8f6
415ab8f6
415ab8f6
415ab8f6
415ab8f6
41554b6c
40b6479a
411ca4cc
41746a83
41af0455
41b309b6
41b309b6
41b309b6
41b309b6
41b309b6
41b309b6
41b309b6
41b309b6
41b309b6
41b309b6
41b309b6
41a6cec8
40e19fca
4125ce3a
4191acd4
41db1920
41e51bc7
41e51bc7
41e51bc7
41e51bc7
41e51bc7
41e51bc7
41e51bc7
41e51bc7
41e51bc7
41e51bc7
41e51bc7
41d1c021
41334515
4122b372
41989bea
41e3cfcd
41efc444
41efc444
41efc444
41efc444
41efc444
41efc444
41efc444
41efc444
41efc444
41efc444
41efc444
41dce83e
41489442
4122b372
41989bea
41e3cfcd
41efc444
41efc444
41efc444
41efc444
41efc444
41efc444
41efc444
41efc444
41efc444
41efc444
41efc444
41dce83e
41489442
4122b372
41989bea
41e3cfcd
41efc444
41efc444
41efc444
41efc444
41efc444
41efc444
41efc444
41efc444
41efc444
41efc444
41efc444
41dce83e
41489442
4122b372
41989bea
41e3cfcd
41efc444
41efc444
41efc444
41efc444
41efc444
41efc444
41efc444
41efc444
41efc444
41efc444
41efc444
41dce83e
41489442
4122b372
41989bea
41e3cfcd
41efc444
41efc444
41efc444
41efc444
41efc444
41efc444
41efc444
41efc444
41efc444
41efc444
41efc444
41dce83e
41489442
4122b372
41989bea
41e3cfcd
41efc444
41efc444
41efc444
41efc444
41efc444
41efc444
41efc444
41efc444
41efc444
41efc444
41efc444
41dce83e
41489442
4122b372
41989bea
41e3cfcd
41efc444
41efc444
41efc444
41efc444
41efc444
41efc444
41efc444
41efc444
41efc444
41efc444
41efc444
41dce83e
41489442
4122b372
41989bea
41e3cfcd
41efc444
41efc444
41efc444
41efc444
41efc444
41efc444
41efc444
41efc444
41efc444
41efc444
41efc444
41dce83e
41489442
4122b372
41989bea
41e3cfcd
41efc444
41efc444
41efc444
41efc444
41efc444
41efc444
41efc444
41efc444
41efc444
41efc444
41efc444
41dce83e
41489442
4122b372
41989bea
41e3cfcd
41efc444
41efc444
41efc444
41efc444
41efc444
41efc444
41efc444
41efc444
41efc444
41efc444
41efc444
41dce83e
41489442
4122b372
41989bea
41e3cfcd
41efc444
41efc444
41efc444
41efc444
41efc444
41efc444
41efc444
41efc444
41efc444
41efc444
41efc444
41dce83e
41489442
411069eb
41920261
41d95385
41e7d3d9
41e7d3d9
41e7d3d9
41e7d3d9
41e7d3d9
41e7d3d9
41e7d3d9
41e7d3d9
41e7d3d9
41e7d3d9
41e7d3d9
41d93bb4
4142658e
40c9f074
414d90af
4199b1c9
41a1bf22
41a1bf22
41a1bf22
41a1bf22
41a1bf22
41a1bf22
41a1bf22
41a1bf22
41a1bf22
41a1bf22
41a1bf22
4193693b
40de88c2
40c83950
410cf801
41038ffe
4107baf2
4107baf2
4107baf2
4107baf2
4107baf2
4107baf2
4107baf2
4107baf2
4107baf2
4107baf2
4107baf2
4138407f
40a9881c
40f2fa36
41322562
40b7a09f
40a2dff7
40a2dff7
40a2dff7
40a2dff7
40a2dff7
40a2dff7
40a2dff7
40a2dff7
40a2dff7
40a2dff7
40a2dff7
410f515c
40886885
411b8414
41614ee6
40c2f607
409b6dac
409b6dac
409b6dac
409b6dac
409b6dac
409b6dac
409b6dac
409b6dac
409b6dac
409b6dac
409b6dac
410d94a9
4059578c
411a9d8b
4157570b
40925ca0
405a8ca0
405a8ca0
405a8ca0
405a8ca0
405a8ca0
405a8ca0
405a8ca0
405a8ca0
405a8ca0
405a8ca0
405a8ca0
40d935c2
3fc59756
411a9d8b
4157570b
40925ca0
405a8ca0
405a8ca0
405a8ca0
405a8ca0
405a8ca0
405a8ca0
405a8ca0
405a8ca0
405a8ca0
405a8ca0
405a8ca0
40d935c2
3fc59756
411a9d8b
4157570b
40925ca0
405a8ca0
405a8ca0
405a8ca0
405a8ca0
405a8ca0
405a8ca0
405a8ca0
405a8ca0
405a8ca0
405a8ca0
405a8ca0
40d935c2
3fc59756
411a9d8b
4157570b
40925ca0
405a8ca0
405a8ca0
405a8ca0
405a8ca0
405a8ca0
405a8ca0
405a8ca0
405a8ca0
405a8ca0
405a8ca0
405a8ca0
40d935c2
3fc59756
411a9d8b
4157570b
40925ca0
405a8ca0
405a8ca0
405a8ca0
405a8ca0
405a8ca0
405a8ca0
405a8ca0
405a8ca0
405a8ca0
405a8ca0
405a8ca0
40d935c2
3fc59756
411a9d8b
4157570b
40925ca0
405a8ca0
405a8ca0
405a8ca0
405a8ca0
405a8ca0
405a8ca0
405a8ca0
405a8ca0
405a8ca0
405a8ca0
405a8ca0
40d935c2
3fc59756
411a9d8b
4157570b
40925ca0
405a8ca0
405a8ca0
405a8ca0
405a8ca0
405a8ca0
405a8ca0
405a8ca0
405a8ca0
405a8ca0
405a8ca0
405a8ca0
40d935c2
3fc59756
411a9d8b
4157570b
40925ca0
405a8ca0
405a8ca0
405a8ca0
405a8ca0
405a8ca0
405a8ca0
405a8ca0
405a8ca0
405a8ca0
405a8ca0
405a8ca0
40d935c2
3fc59756
411a9d8b
4157570b
40925ca0
405a8ca0
405a8ca0
405a8ca0
405a8ca0
405a8ca0
405a8ca0
405a8ca0
405a8ca0
405a8ca0
405a8ca0
405a8ca0
40d935c2
3fc59756
411a9d8b
4157570b
40925ca0
405a8ca0
405a8ca0
405a8ca0
405a8ca0
405a8ca0
405a8ca0
405a8ca0
405a8ca0
405a8ca0
405a8ca0
405a8ca0
40d935c2
3fc59756
411a9d8b
4157570b
40925ca0
405a8ca0
405a8ca0
405a8ca0
405a8ca0
405a8ca0
405a8ca0
405a8ca0
405a8ca0
405a8ca0
405a8ca0
405a8ca0
40d935c2
3fc59756
4127b027
416b7dac
40b2931d
406f0b5e
406f0b5e
406f0b5e
406f0b5e
406f0b5e
406f0b5e
406f0b5e
406f0b5e
406f0b5e
406f0b5e
406f0b5e
40e81f44
3fd7d8ea
4095a704
409512fa
00000000
00000000
00000000
00000000
00000000
00000000
00000000
00000000
00000000
00000000
00000000
00000000
3c67f080
00000000
40c34294
409587cb
00000000
00000000
00000000
00000000
00000000
00000000
00000000
00000000
00000000
00000000
00000000
00000000
40a51113
00000000
4027fed3
3f4eaae6
00000000
00000000
00000000
00000000
00000000
00000000
00000000
00000000
00000000
00000000
00000000
00000000
40a39ef8
00000000
3f216eae
00000000
00000000
00000000
00000000
00000000
00000000
00000000
00000000
00000000
00000000
00000000
00000000
00000000
00000000
00000000
3e1046e4
00000000
00000000
00000000
00000000
00000000
00000000
00000000
00000000
00000000
00000000
00000000
00000000
00000000
00000000
00000000
3e1046e4
00000000
00000000
00000000
00000000
00000000
00000000
00000000
00000000
00000000
00000000
00000000
00000000
00000000
00000000
00000000
3e1046e4
00000000
00000000
00000000
00000000
00000000
00000000
00000000
00000000
00000000
00000000
00000000
00000000
00000000
00000000
00000000
3e1046e4
00000000
00000000
00000000
00000000
00000000
00000000
00000000
00000000
00000000
00000000
00000000
00000000
00000000
00000000
00000000
3e1046e4
00000000
00000000
00000000
00000000
00000000
00000000
00000000
00000000
00000000
00000000
00000000
00000000
00000000
00000000
00000000
3e1046e4
00000000
00000000
00000000
00000000
00000000
00000000
00000000
00000000
00000000
00000000
00000000
00000000
00000000
00000000
00000000
3e1046e4
00000000
00000000
00000000
00000000
00000000
00000000
00000000
00000000
00000000
00000000
00000000
00000000
00000000
00000000
00000000
3e1046e4
00000000
00000000
00000000
00000000
00000000
00000000
00000000
00000000
00000000
00000000
00000000
00000000
00000000
00000000
00000000
3e1046e4
00000000
00000000
00000000
00000000
00000000
00000000
00000000
00000000
00000000
00000000
00000000
00000000
00000000
00000000
00000000
3e1046e4
00000000
00000000
00000000
00000000
00000000
00000000
00000000
00000000
00000000
00000000
00000000
00000000
00000000
00000000
00000000
3e1046e4
00000000
00000000
00000000
00000000
00000000
00000000
00000000
00000000
00000000
00000000
00000000
00000000
00000000
00000000
00000000
406b2c32
3f60a13b
00000000
00000000
00000000
00000000
00000000
00000000
00000000
00000000
00000000
00000000
00000000
00000000
400f63b3
00000000
00000000
00000000
00000000
00000000
00000000
00000000
00000000
00000000
00000000
00000000
00000000
00000000
00000000
00000000
00000000
00000000
