00000000
00000000
00000000
00000000
00000000
00000000
00000000
00000000
00000000
00000000
00000000
00000000
00000000
00000000
00000000
00000000
00000000
00000000
00000000
00000000
00000000
00000000
00000000
00000000
00000000
00000000
00000000
00000000
00000000
00000000
00000000
00000000
00000000
00000000
00000000
00000000
00000000
00000000
00000000
00000000
00000000
00000000
00000000
00000000
00000000
00000000
00000000
00000000
00000000
00000000
00000000
00000000
00000000
00000000
00000000
00000000
00000000
00000000
00000000
00000000
00000000
00000000
00000000
00000000
00000000
00000000
00000000
00000000
00000000
00000000
00000000
00000000
00000000
00000000
00000000
00000000
00000000
00000000
00000000
00000000
00000000
00000000
00000000
00000000
00000000
00000000
00000000
00000000
00000000
00000000
00000000
00000000
00000000
00000000
00000000
00000000
00000000
00000000
00000000
00000000
00000000
00000000
00000000
00000000
00000000
00000000
00000000
00000000
00000000
00000000
00000000
00000000
00000000
00000000
00000000
00000000
00000000
00000000
00000000
00000000
00000000
00000000
00000000
00000000
00000000
00000000
00000000
00000000
00000000
00000000
00000000
00000000
00000000
00000000
00000000
00000000
00000000
00000000
00000000
00000000
00000000
00000000
00000000
00000000
00000000
00000000
00000000
00000000
00000000
00000000
00000000
00000000
00000000
00000000
00000000
00000000
00000000
00000000
00000000
00000000
00000000
00000000
00000000
00000000
00000000
00000000
00000000
00000000
00000000
00000000
00000000
00000000
00000000
00000000
00000000
00000000
00000000
00000000
00000000
00000000
00000000
00000000
00000000
00000000
00000000
00000000
00000000
00000000
00000000
00000000
00000000
00000000
00000000
00000000
00000000
00000000
00000000
00000000
00000000
00000000
00000000
00000000
00000000
00000000
00000000
00000000
00000000
00000000
00000000
00000000
00000000
00000000
00000000
00000000
00000000
00000000
00000000
00000000
00000000
00000000
00000000
00000000
00000000
00000000
00000000
3f3890b8
3ea41ee8
3ea41ee8
3ea41ee8
3ea41ee8
3ea41ee8
3ea41ee8
3ea41ee8
3ea41ee8
3ea41ee8
3ea41ee8
3ea41ee8
3ea41ee8
3f263868
3edf6bf8
00000000
3e8cb4f8
00000000
00000000
00000000
00000000
00000000
00000000
00000000
00000000
00000000
00000000
00000000
00000000
00000000
00000000
00000000
00000000
3f251acc
3f251acc
3f251acc
3f251acc
3f251acc
3f251acc
3f251acc
3f251acc
3f251acc
3f251acc
3f251acc
3f251acc
00000000
00000000
00000000
00000000
3f92f03b
3f92f03b
3f92f03b
3f92f03b
3f92f03b
3f92f03b
3f92f03b
3f92f03b
3f92f03b
3f92f03b
3f92f03b
3f92f03b
00000000
00000000
3d7f7c00
3eb5423c
4006740c
4006740c
4006740c
4006740c
4006740c
4006740c
4006740c
4006740c
4006740c
4006740c
4006740c
4006740c
3f43028a
00000000
3d7f7c00
3eb5423c
4006740c
4006740c
4006740c
4006740c
4006740c
4006740c
4006740c
4006740c
4006740c
4006740c
4006740c
4006740c
3f43028a
00000000
3d7f7c00
3eb5423c
4006740c
4006740c
4006740c
4006740c
4006740c
4006740c
4006740c
4006740c
4006740c
4006740c
4006740c
4006740c
3f43028a
00000000
3d7f7c00
3eb5423c
4006740c
4006740c
4006740c
4006740c
4006740c
4006740c
4006740c
4006740c
4006740c
4006740c
4006740c
4006740c
3f43028a
00000000
3d7f7c00
3eb5423c
4006740c
4006740c
4006740c
4006740c
4006740c
4006740c
4006740c
4006740c
4006740c
4006740c
4006740c
4006740c
3f43028a
00000000
3d7f7c00
3eb5423c
4006740c
4006740c
4006740c
4006740c
4006740c
4006740c
4006740c
4006740c
4006740c
4006740c
4006740c
4006740c
3f43028a
00000000
3d7f7c00
3eb5423c
4006740c
4006740c
4006740c
4006740c
4006740c
4006740c
4006740c
4006740c
4006740c
4006740c
4006740c
4006740c
3f43028a
00000000
3d7f7c00
3eb5423c
4006740c
4006740c
4006740c
4006740c
4006740c
4006740c
4006740c
4006740c
4006740c
4006740c
4006740c
4006740c
3f43028a
00000000
3d7f7c00
3eb5423c
4006740c
4006740c
4006740c
4006740c
4006740c
4006740c
4006740c
4006740c
4006740c
4006740c
4006740c
4006740c
3f43028a
00000000
3d7f7c00
3eb5423c
4006740c
4006740c
4006740c
4006740c
4006740c
4006740c
4006740c
4006740c
4006740c
4006740c
4006740c
4006740c
3f43028a
00000000
3d7f7c00
3eb5423c
4006740c
4006740c
4006740c
4006740c
4006740c
4006740c
4006740c
4006740c
4006740c
4006740c
4006740c
4006740c
3f43028a
00000000
3d7f7c00
3eb5423c
4006740c
4006740c
4006740c
4006740c
4006740c
4006740c
4006740c
4006740c
4006740c
4006740c
4006740c
4006740c
3f43028a
00000000
00000000
00000000
00000000
00000000
00000000
00000000
00000000
00000000
00000000
00000000
00000000
00000000
00000000
00000000
00000000
00000000
00000000
00000000
00000000
00000000
00000000
00000000
00000000
00000000
00000000
00000000
00000000
00000000
00000000
00000000
00000000
00000000
3f075861
3ebe579f
3edaf0d2
3edaf0d2
3edaf0d2
3edaf0d2
3edaf0d2
3edaf0d2
3edaf0d2
3edaf0d2
3edaf0d2
3edaf0d2
3edaf0d2
3edaf0d2
3efb62b1
3e185a3c
00000000
00000000
00000000
00000000
00000000
00000000
00000000
00000000
00000000
00000000
00000000
00000000
00000000
00000000
00000000
00000000
00000000
00000000
00000000
00000000
00000000
00000000
00000000
00000000
00000000
00000000
00000000
00000000
00000000
00000000
00000000
00000000
00000000
00000000
00000000
00000000
00000000
00000000
00000000
00000000
00000000
00000000
00000000
00000000
00000000
00000000
00000000
00000000
00000000
00000000
00000000
00000000
00000000
00000000
00000000
00000000
00000000
00000000
00000000
00000000
00000000
00000000
00000000
00000000
00000000
00000000
00000000
00000000
00000000
00000000
00000000
00000000
00000000
00000000
00000000
00000000
00000000
00000000
00000000
00000000
00000000
00000000
00000000
00000000
00000000
00000000
00000000
00000000
00000000
00000000
00000000
00000000
00000000
00000000
00000000
00000000
00000000
00000000
00000000
00000000
00000000
00000000
00000000
00000000
00000000
00000000
00000000
00000000
00000000
00000000
00000000
00000000
00000000
00000000
00000000
00000000
00000000
00000000
00000000
00000000
00000000
00000000
00000000
00000000
00000000
00000000
00000000
00000000
00000000
00000000
00000000
00000000
00000000
00000000
00000000
00000000
00000000
00000000
00000000
00000000
00000000
00000000
00000000
00000000
00000000
00000000
00000000
00000000
00000000
00000000
00000000
00000000
00000000
00000000
00000000
00000000
00000000
00000000
00000000
00000000
00000000
00000000
00000000
00000000
00000000
00000000
00000000
00000000
00000000
00000000
00000000
00000000
00000000
00000000
00000000
00000000
00000000
00000000
00000000
00000000
00000000
00000000
00000000
00000000
00000000
00000000
00000000
00000000
00000000
00000000
00000000
00000000
00000000
00000000
00000000
00000000
00000000
00000000
00000000
00000000
00000000
00000000
00000000
00000000
00000000
00000000
00000000
00000000
00000000
00000000
00000000
00000000
00000000
00000000
00000000
00000000
00000000
00000000
00000000
00000000
00000000
00000000
00000000
00000000
00000000
00000000
00000000
00000000
00000000
00000000
00000000
00000000
00000000
00000000
00000000
00000000
00000000
00000000
00000000
00000000
00000000
00000000
00000000
00000000
00000000
00000000
00000000
00000000
00000000
00000000
00000000
00000000
00000000
00000000
3efe41fc
00000000
00000000
3e4ca210
00000000
00000000
00000000
00000000
00000000
00000000
00000000
00000000
00000000
00000000
00000000
00000000
3f550038
3d78d040
00000000
00000000
00000000
00000000
00000000
00000000
00000000
00000000
00000000
00000000
00000000
00000000
00000000
00000000
00000000
00000000
00000000
00000000
00000000
00000000
00000000
00000000
00000000
00000000
00000000
00000000
00000000
00000000
00000000
00000000
00000000
00000000
00000000
00000000
00000000
00000000
00000000
00000000
00000000
00000000
00000000
00000000
00000000
00000000
00000000
00000000
00000000
00000000
00000000
00000000
00000000
00000000
00000000
00000000
00000000
00000000
00000000
00000000
00000000
00000000
00000000
00000000
00000000
00000000
00000000
00000000
00000000
00000000
00000000
00000000
00000000
00000000
00000000
00000000
00000000
00000000
00000000
00000000
00000000
00000000
00000000
00000000
00000000
00000000
00000000
00000000
00000000
00000000
00000000
00000000
00000000
00000000
00000000
00000000
00000000
00000000
00000000
00000000
00000000
00000000
00000000
00000000
00000000
00000000
00000000
00000000
00000000
00000000
00000000
00000000
00000000
00000000
00000000
00000000
00000000
00000000
00000000
00000000
00000000
00000000
00000000
00000000
00000000
00000000
00000000
00000000
00000000
00000000
00000000
00000000
00000000
00000000
00000000
00000000
00000000
00000000
00000000
00000000
00000000
00000000
00000000
00000000
00000000
00000000
00000000
00000000
00000000
00000000
00000000
00000000
00000000
00000000
00000000
00000000
00000000
00000000
00000000
00000000
00000000
00000000
00000000
00000000
00000000
00000000
00000000
00000000
00000000
00000000
00000000
00000000
00000000
00000000
00000000
00000000
00000000
00000000
00000000
00000000
00000000
00000000
00000000
00000000
00000000
00000000
00000000
00000000
00000000
00000000
00000000
00000000
00000000
00000000
3dcc8310
3f7501ec
3e937040
3e937040
3e937040
3e937040
3e937040
3e937040
3e937040
3e937040
3e937040
3e937040
3e937040
3e937040
3f7a65e4
00000000
00000000
00000000
00000000
00000000
00000000
00000000
00000000
00000000
00000000
00000000
00000000
00000000
00000000
00000000
00000000
00000000
00000000
00000000
3eda8f38
3eda8f38
3eda8f38
3eda8f38
3eda8f38
3eda8f38
3eda8f38
3eda8f38
3eda8f38
3eda8f38
3eda8f38
3eda8f38
00000000
00000000
00000000
00000000
3f9444b2
3f9444b2
3f9444b2
3f9444b2
3f9444b2
3f9444b2
3f9444b2
3f9444b2
3f9444b2
3f9444b2
3f9444b2
3f9444b2
3bbdda00
00000000
3c185f00
3efa2880
400e2b01
400e2b01
400e2b01
400e2b01
400e2b01
400e2b01
400e2b01
400e2b01
400e2b01
400e2b01
400e2b01
400e2b01
3f71d218
00000000
3c185f00
3efa2880
400e2b01
400e2b01
400e2b01
400e2b01
400e2b01
400e2b01
400e2b01
400e2b01
400e2b01
400e2b01
400e2b01
400e2b01
3f71d218
00000000
3c185f00
3efa2880
400e2b01
400e2b01
400e2b01
400e2b01
400e2b01
400e2b01
400e2b01
400e2b01
400e2b01
400e2b01
400e2b01
400e2b01
3f71d218
00000000
3c185f00
3efa2880
400e2b01
400e2b01
400e2b01
400e2b01
400e2b01
400e2b01
400e2b01
400e2b01
400e2b01
400e2b01
400e2b01
400e2b01
3f71d218
00000000
3c185f00
3efa2880
400e2b01
400e2b01
400e2b01
400e2b01
400e2b01
400e2b01
400e2b01
400e2b01
400e2b01
400e2b01
400e2b01
400e2b01
3f71d218
00000000
3c185f00
3efa2880
400e2b01
400e2b01
400e2b01
400e2b01
400e2b01
400e2b01
400e2b01
400e2b01
400e2b01
400e2b01
400e2b01
400e2b01
3f71d218
00000000
3c185f00
3efa2880
400e2b01
400e2b01
400e2b01
400e2b01
400e2b01
400e2b01
400e2b01
400e2b01
400e2b01
400e2b01
400e2b01
400e2b01
3f71d218
00000000
3c185f00
3efa2880
400e2b01
400e2b01
400e2b01
400e2b01
400e2b01
400e2b01
400e2b01
400e2b01
400e2b01
400e2b01
400e2b01
400e2b01
3f71d218
00000000
3c185f00
3efa2880
400e2b01
400e2b01
400e2b01
400e2b01
400e2b01
400e2b01
400e2b01
400e2b01
400e2b01
400e2b01
400e2b01
400e2b01
3f71d218
00000000
3c185f00
3efa2880
400e2b01
400e2b01
400e2b01
400e2b01
400e2b01
400e2b01
400e2b01
400e2b01
400e2b01
400e2b01
400e2b01
400e2b01
3f71d218
00000000
3c185f00
3efa2880
400e2b01
400e2b01
400e2b01
400e2b01
400e2b01
400e2b01
400e2b01
400e2b01
400e2b01
400e2b01
400e2b01
400e2b01
3f71d218
00000000
3c185f00
3efa2880
400e2b01
400e2b01
400e2b01
400e2b01
400e2b01
400e2b01
400e2b01
400e2b01
400e2b01
400e2b01
400e2b01
400e2b01
3f71d218
00000000
00000000
00000000
3e641b90
3e641b90
3e641b90
3e641b90
3e641b90
3e641b90
3e641b90
3e641b90
3e641b90
3e641b90
3e641b90
3e641b90
00000000
00000000
00000000
00000000
00000000
00000000
00000000
00000000
00000000
00000000
00000000
00000000
00000000
00000000
00000000
00000000
00000000
00000000
00000000
00000000
00000000
00000000
00000000
00000000
00000000
00000000
00000000
00000000
00000000
00000000
00000000
00000000
00000000
00000000
00000000
00000000
3dcc3920
3dcc3920
3dcc3920
3dcc3920
3dcc3920
3dcc3920
3dcc3920
3dcc3920
3dcc3920
3dcc3920
3dcc3920
3dcc3920
00000000
00000000
00000000
00000000
3f9fc916
3f9fc916
3f9fc916
3f9fc916
3f9fc916
3f9fc916
3f9fc916
3f9fc916
3f9fc916
3f9fc916
3f9fc916
3f9fc916
3b87f800
00000000
00000000
00000000
3f9fc916
3f9fc916
3f9fc916
3f9fc916
3f9fc916
3f9fc916
3f9fc916
3f9fc916
3f9fc916
3f9fc916
3f9fc916
3f9fc916
3b87f800
00000000
00000000
00000000
3f9fc916
3f9fc916
3f9fc916
3f9fc916
3f9fc916
3f9fc916
3f9fc916
3f9fc916
3f9fc916
3f9fc916
3f9fc916
3f9fc916
3b87f800
00000000
00000000
00000000
3f9fc916
3f9fc916
3f9fc916
3f9fc916
3f9fc916
3f9fc916
3f9fc916
3f9fc916
3f9fc916
3f9fc916
3f9fc916
3f9fc916
3b87f800
00000000
00000000
00000000
3f9fc916
3f9fc916
3f9fc916
3f9fc916
3f9fc916
3f9fc916
3f9fc916
3f9fc916
3f9fc916
3f9fc916
3f9fc916
3f9fc916
3b87f800
00000000
00000000
00000000
3f9fc916
3f9fc916
3f9fc916
3f9fc916
3f9fc916
3f9fc916
3f9fc916
3f9fc916
3f9fc916
3f9fc916
3f9fc916
3f9fc916
3b87f800
00000000
00000000
00000000
3f9fc916
3f9fc916
3f9fc916
3f9fc916
3f9fc916
3f9fc916
3f9fc916
3f9fc916
3f9fc916
3f9fc916
3f9fc916
3f9fc916
3b87f800
00000000
00000000
00000000
3f9fc916
3f9fc916
3f9fc916
3f9fc916
3f9fc916
3f9fc916
3f9fc916
3f9fc916
3f9fc916
3f9fc916
3f9fc916
3f9fc916
3b87f800
00000000
00000000
00000000
3f9fc916
3f9fc916
3f9fc916
3f9fc916
3f9fc916
3f9fc916
3f9fc916
3f9fc916
3f9fc916
3f9fc916
3f9fc916
3f9fc916
3b87f800
00000000
00000000
00000000
3f9fc916
3f9fc916
3f9fc916
3f9fc916
3f9fc916
3f9fc916
3f9fc916
3f9fc916
3f9fc916
3f9fc916
3f9fc916
3f9fc916
3b87f800
00000000
00000000
00000000
3f9fc916
3f9fc916
3f9fc916
3f9fc916
3f9fc916
3f9fc916
3f9fc916
3f9fc916
3f9fc916
3f9fc916
3f9fc916
3f9fc916
3b87f800
00000000
00000000
00000000
3f9fc916
3f9fc916
3f9fc916
3f9fc916
3f9fc916
3f9fc916
3f9fc916
3f9fc916
3f9fc916
3f9fc916
3f9fc916
3f9fc916
3b87f800
00000000
00000000
00000000
00000000
00000000
00000000
00000000
00000000
00000000
00000000
00000000
00000000
00000000
00000000
00000000
00000000
00000000
00000000
00000000
00000000
00000000
00000000
00000000
00000000
00000000
00000000
00000000
00000000
00000000
00000000
00000000
00000000
00000000
00000000
00000000
3ec2cf38
3ec2cf38
3ec2cf38
3ec2cf38
3ec2cf38
3ec2cf38
3ec2cf38
3ec2cf38
3ec2cf38
3ec2cf38
3ec2cf38
3ec2cf38
00000000
00000000
00000000
00000000
3fb21f28
3fb21f28
3fb21f28
3fb21f28
3fb21f28
3fb21f28
3fb21f28
3fb21f28
3fb21f28
3fb21f28
3fb21f28
3fb21f28
00000000
00000000
3e90aa98
3f1b4724
401dc423
401dc423
401dc423
401dc423
401dc423
401dc423
401dc423
401dc423
401dc423
401dc423
401dc423
401dc423
3f3ccc0c
00000000
3e90aa98
3f1b4724
401dc423
401dc423
401dc423
401dc423
401dc423
401dc423
401dc423
401dc423
401dc423
401dc423
401dc423
401dc423
3f3ccc0c
00000000
3e90aa98
3f1b4724
401dc423
401dc423
401dc423
401dc423
401dc423
401dc423
401dc423
401dc423
401dc423
401dc423
401dc423
401dc423
3f3ccc0c
00000000
3e90aa98
3f1b4724
401dc423
401dc423
401dc423
401dc423
401dc423
401dc423
401dc423
401dc423
401dc423
401dc423
401dc423
401dc423
3f3ccc0c
00000000
3e90aa98
3f1b4724
401dc423
401dc423
401dc423
401dc423
401dc423
401dc423
401dc423
401dc423
401dc423
401dc423
401dc423
401dc423
3f3ccc0c
00000000
3e90aa98
3f1b4724
401dc423
401dc423
401dc423
401dc423
401dc423
401dc423
401dc423
401dc423
401dc423
401dc423
401dc423
401dc423
3f3ccc0c
00000000
3e90aa98
3f1b4724
401dc423
401dc423
401dc423
401dc423
401dc423
401dc423
401dc423
401dc423
401dc423
401dc423
401dc423
401dc423
3f3ccc0c
00000000
3e90aa98
3f1b4724
401dc423
401dc423
401dc423
401dc423
401dc423
401dc423
401dc423
401dc423
401dc423
401dc423
401dc423
401dc423
3f3ccc0c
00000000
3e90aa98
3f1b4724
401dc423
401dc423
401dc423
401dc423
401dc423
401dc423
401dc423
401dc423
401dc423
401dc423
401dc423
401dc423
3f3ccc0c
00000000
3e90aa98
3f1b4724
401dc423
401dc423
401dc423
401dc423
401dc423
401dc423
401dc423
401dc423
401dc423
401dc423
401dc423
401dc423
3f3ccc0c
00000000
3e90aa98
3f1b4724
401dc423
401dc423
401dc423
401dc423
401dc423
401dc423
401dc423
401dc423
401dc423
401dc423
401dc423
401dc423
3f3ccc0c
00000000
3e90aa98
3f1b4724
401dc423
401dc423
401dc423
401dc423
401dc423
401dc423
401dc423
401dc423
401dc423
401dc423
401dc423
401dc423
3f3ccc0c
00000000
00000000
00000000
3da5efc0
3da5efc0
3da5efc0
3da5efc0
3da5efc0
3da5efc0
3da5efc0
3da5efc0
3da5efc0
3da5efc0
3da5efc0
3da5efc0
00000000
00000000
00000000
00000000
00000000
00000000
00000000
00000000
00000000
00000000
00000000
00000000
00000000
00000000
00000000
00000000
00000000
00000000
00000000
00000000
3ee33fc0
3ee33fc0
3ee33fc0
3ee33fc0
3ee33fc0
3ee33fc0
3ee33fc0
3ee33fc0
3ee33fc0
3ee33fc0
3ee33fc0
3ee33fc0
00000000
00000000
00000000
00000000
3f80819c
3f80819c
3f80819c
3f80819c
3f80819c
3f80819c
3f80819c
3f80819c
3f80819c
3f80819c
3f80819c
3f80819c
3d4d2840
00000000
00000000
3e173a80
3ff6fac4
3ff6fac4
3ff6fac4
3ff6fac4
3ff6fac4
3ff6fac4
3ff6fac4
3ff6fac4
3ff6fac4
3ff6fac4
3ff6fac4
3ff6fac4
3f3c76a4
00000000
00000000
3e173a80
3ff6fac4
3ff6fac4
3ff6fac4
3ff6fac4
3ff6fac4
3ff6fac4
3ff6fac4
3ff6fac4
3ff6fac4
3ff6fac4
3ff6fac4
3ff6fac4
3f3c76a4
00000000
00000000
3e173a80
3ff6fac4
3ff6fac4
3ff6fac4
3ff6fac4
3ff6fac4
3ff6fac4
3ff6fac4
3ff6fac4
3ff6fac4
3ff6fac4
3ff6fac4
3ff6fac4
3f3c76a4
00000000
00000000
3e173a80
3ff6fac4
3ff6fac4
3ff6fac4
3ff6fac4
3ff6fac4
3ff6fac4
3ff6fac4
3ff6fac4
3ff6fac4
3ff6fac4
3ff6fac4
3ff6fac4
3f3c76a4
00000000
00000000
3e173a80
3ff6fac4
3ff6fac4
3ff6fac4
3ff6fac4
3ff6fac4
3ff6fac4
3ff6fac4
3ff6fac4
3ff6fac4
3ff6fac4
3ff6fac4
3ff6fac4
3f3c76a4
00000000
00000000
3e173a80
3ff6fac4
3ff6fac4
3ff6fac4
3ff6fac4
3ff6fac4
3ff6fac4
3ff6fac4
3ff6fac4
3ff6fac4
3ff6fac4
3ff6fac4
3ff6fac4
3f3c76a4
00000000
00000000
3e173a80
3ff6fac4
3ff6fac4
3ff6fac4
3ff6fac4
3ff6fac4
3ff6fac4
3ff6fac4
3ff6fac4
3ff6fac4
3ff6fac4
3ff6fac4
3ff6fac4
3f3c76a4
00000000
00000000
3e173a80
3ff6fac4
3ff6fac4
3ff6fac4
3ff6fac4
3ff6fac4
3ff6fac4
3ff6fac4
3ff6fac4
3ff6fac4
3ff6fac4
3ff6fac4
3ff6fac4
3f3c76a4
00000000
00000000
3e173a80
3ff6fac4
3ff6fac4
3ff6fac4
3ff6fac4
3ff6fac4
3ff6fac4
3ff6fac4
3ff6fac4
3ff6fac4
3ff6fac4
3ff6fac4
3ff6fac4
3f3c76a4
00000000
00000000
3e173a80
3ff6fac4
3ff6fac4
3ff6fac4
3ff6fac4
3ff6fac4
3ff6fac4
3ff6fac4
3ff6fac4
3ff6fac4
3ff6fac4
3ff6fac4
3ff6fac4
3f3c76a4
00000000
00000000
3e173a80
3ff6fac4
3ff6fac4
3ff6fac4
3ff6fac4
3ff6fac4
3ff6fac4
3ff6fac4
3ff6fac4
3ff6fac4
3ff6fac4
3ff6fac4
3ff6fac4
3f3c76a4
00000000
00000000
3e173a80
3ff6fac4
3ff6fac4
3ff6fac4
3ff6fac4
3ff6fac4
3ff6fac4
3ff6fac4
3ff6fac4
3ff6fac4
3ff6fac4
3ff6fac4
3ff6fac4
3f3c76a4
00000000
00000000
00000000
3de78480
3de78480
3de78480
3de78480
3de78480
3de78480
3de78480
3de78480
3de78480
3de78480
3de78480
3de78480
00000000
00000000
00000000
00000000
00000000
00000000
00000000
00000000
00000000
00000000
00000000
00000000
00000000
00000000
00000000
00000000
00000000
00000000
00000000
00000000
00000000
00000000
00000000
00000000
00000000
00000000
00000000
00000000
00000000
00000000
00000000
00000000
00000000
00000000
00000000
3d4c5bc0
00000000
00000000
00000000
00000000
00000000
00000000
00000000
00000000
00000000
00000000
00000000
00000000
3ec5a530
3e1a37f0
00000000
3e125980
00000000
00000000
00000000
00000000
00000000
00000000
00000000
00000000
00000000
00000000
00000000
00000000
3ed77608
3e485ad0
00000000
3e125980
00000000
00000000
00000000
00000000
00000000
00000000
00000000
00000000
00000000
00000000
00000000
00000000
3ed77608
3e485ad0
00000000
3e125980
00000000
00000000
00000000
00000000
00000000
00000000
00000000
00000000
00000000
00000000
00000000
00000000
3ed77608
3e485ad0
00000000
3e125980
00000000
00000000
00000000
00000000
00000000
00000000
00000000
00000000
00000000
00000000
00000000
00000000
3ed77608
3e485ad0
00000000
3e125980
00000000
00000000
00000000
00000000
00000000
00000000
00000000
00000000
00000000
00000000
00000000
00000000
3ed77608
3e485ad0
00000000
3e125980
00000000
00000000
00000000
00000000
00000000
00000000
00000000
00000000
00000000
00000000
00000000
00000000
3ed77608
3e485ad0
00000000
3e125980
00000000
00000000
00000000
00000000
00000000
00000000
00000000
00000000
00000000
00000000
00000000
00000000
3ed77608
3e485ad0
00000000
3e125980
00000000
00000000
00000000
00000000
00000000
00000000
00000000
00000000
00000000
00000000
00000000
00000000
3ed77608
3e485ad0
00000000
3e125980
00000000
00000000
00000000
00000000
00000000
00000000
00000000
00000000
00000000
00000000
00000000
00000000
3ed77608
3e485ad0
00000000
3e125980
00000000
00000000
00000000
00000000
00000000
00000000
00000000
00000000
00000000
00000000
00000000
00000000
3ed77608
3e485ad0
00000000
3e125980
00000000
00000000
00000000
00000000
00000000
00000000
00000000
00000000
00000000
00000000
00000000
00000000
3ed77608
3e485ad0
00000000
3e125980
00000000
00000000
00000000
00000000
00000000
00000000
00000000
00000000
00000000
00000000
00000000
00000000
3ed77608
3e485ad0
3f6d0ff0
3fb2e892
3f726830
3f726830
3f726830
3f726830
3f726830
3f726830
3f726830
3f726830
3f726830
3f726830
3f726830
3f726830
3fd36038
3f4bcec4
00000000
3f4f098c
3ed9acc0
3ed9acc0
3ed9acc0
3ed9acc0
3ed9acc0
3ed9acc0
3ed9acc0
3ed9acc0
3ed9acc0
3ed9acc0
3ed9acc0
3ed9acc0
3f55c284
3ef8ec08
00000000
3cc5f2c0
3c0cb240
3c0cb240
3c0cb240
3c0cb240
3c0cb240
3c0cb240
3c0cb240
3c0cb240
3c0cb240
3c0cb240
3c0cb240
3c0cb240
00000000
00000000
00000000
00000000
3da3213a
3da3213a
3da3213a
3da3213a
3da3213a
3da3213a
3da3213a
3da3213a
3da3213a
3da3213a
3da3213a
3da3213a
00000000
00000000
00000000
00000000
00000000
00000000
00000000
00000000
00000000
00000000
00000000
00000000
00000000
00000000
00000000
00000000
00000000
00000000
00000000
00000000
00000000
00000000
00000000
00000000
00000000
00000000
00000000
00000000
00000000
00000000
00000000
00000000
00000000
00000000
00000000
00000000
00000000
00000000
00000000
00000000
00000000
00000000
00000000
00000000
00000000
00000000
00000000
00000000
00000000
00000000
00000000
00000000
00000000
00000000
00000000
00000000
00000000
00000000
00000000
00000000
00000000
00000000
00000000
00000000
00000000
00000000
00000000
00000000
00000000
00000000
00000000
00000000
00000000
00000000
00000000
00000000
00000000
00000000
00000000
00000000
00000000
00000000
00000000
00000000
00000000
00000000
00000000
00000000
00000000
00000000
00000000
00000000
00000000
00000000
00000000
00000000
00000000
00000000
00000000
00000000
00000000
00000000
00000000
00000000
00000000
00000000
00000000
00000000
00000000
00000000
00000000
00000000
00000000
00000000
00000000
00000000
00000000
00000000
00000000
00000000
00000000
00000000
00000000
00000000
00000000
00000000
00000000
00000000
00000000
00000000
00000000
00000000
00000000
00000000
00000000
00000000
00000000
00000000
00000000
00000000
00000000
00000000
00000000
00000000
00000000
00000000
00000000
00000000
00000000
00000000
00000000
00000000
00000000
00000000
00000000
00000000
00000000
00000000
00000000
00000000
00000000
00000000
00000000
00000000
00000000
00000000
00000000
00000000
00000000
00000000
00000000
00000000
00000000
00000000
00000000
00000000
00000000
00000000
00000000
00000000
00000000
00000000
00000000
00000000
00000000
00000000
00000000
00000000
00000000
00000000
00000000
00000000
00000000
00000000
00000000
00000000
00000000
00000000
00000000
00000000
00000000
00000000
00000000
00000000
00000000
00000000
00000000
00000000
00000000
00000000
00000000
00000000
00000000
00000000
00000000
00000000
00000000
00000000
00000000
00000000
00000000
00000000
00000000
00000000
00000000
00000000
00000000
00000000
00000000
00000000
00000000
00000000
00000000
00000000
00000000
00000000
00000000
00000000
00000000
00000000
00000000
00000000
00000000
3c3a0500
00000000
00000000
00000000
00000000
00000000
00000000
00000000
00000000
00000000
00000000
00000000
00000000
3e981e78
00000000
00000000
3e274ee0
00000000
00000000
00000000
00000000
00000000
00000000
00000000
00000000
00000000
00000000
00000000
00000000
3f162dfc
00000000
00000000
3e274ee0
00000000
00000000
00000000
00000000
00000000
00000000
00000000
00000000
00000000
00000000
00000000
00000000
3f162dfc
00000000
00000000
3e274ee0
00000000
00000000
00000000
00000000
00000000
00000000
00000000
00000000
00000000
00000000
00000000
00000000
3f162dfc
00000000
00000000
3e274ee0
00000000
00000000
00000000
00000000
00000000
00000000
00000000
00000000
00000000
00000000
00000000
00000000
3f162dfc
00000000
00000000
3e274ee0
00000000
00000000
00000000
00000000
00000000
00000000
00000000
00000000
00000000
00000000
00000000
00000000
3f162dfc
00000000
00000000
3e274ee0
00000000
00000000
00000000
00000000
00000000
00000000
00000000
00000000
00000000
00000000
00000000
00000000
3f162dfc
00000000
00000000
3e274ee0
00000000
00000000
00000000
00000000
00000000
00000000
00000000
00000000
00000000
00000000
00000000
00000000
3f162dfc
00000000
00000000
3e274ee0
00000000
00000000
00000000
00000000
00000000
00000000
00000000
00000000
00000000
00000000
00000000
00000000
3f162dfc
00000000
00000000
3e274ee0
00000000
00000000
00000000
00000000
00000000
00000000
00000000
00000000
00000000
00000000
00000000
00000000
3f162dfc
00000000
00000000
3e274ee0
00000000
00000000
00000000
00000000
00000000
00000000
00000000
00000000
00000000
00000000
00000000
00000000
3f162dfc
00000000
00000000
3e274ee0
00000000
00000000
00000000
00000000
00000000
00000000
00000000
00000000
00000000
00000000
00000000
00000000
3f162dfc
00000000
00000000
3e274ee0
00000000
00000000
00000000
00000000
00000000
00000000
00000000
00000000
00000000
00000000
00000000
00000000
3f162dfc
00000000
00000000
3faf3c80
3f6cd3e4
3f6cd3e4
3f6cd3e4
3f6cd3e4
3f6cd3e4
3f6cd3e4
3f6cd3e4
3f6cd3e4
3f6cd3e4
3f6cd3e4
3f6cd3e4
3f6cd3e4
3fedef54
3ed0d1b8
00000000
3f1e7c4c
3e1a10d0
3e1a10d0
3e1a10d0
3e1a10d0
3e1a10d0
3e1a10d0
3e1a10d0
3e1a10d0
3e1a10d0
3e1a10d0
3e1a10d0
3e1a10d0
3f5b3654
00000000
00000000
00000000
00000000
00000000
00000000
00000000
00000000
00000000
00000000
00000000
00000000
00000000
00000000
00000000
00000000
00000000
00000000
3effd7d8
00000000
00000000
00000000
00000000
00000000
00000000
00000000
00000000
00000000
00000000
00000000
00000000
3eca48d8
3e0505f0
00000000
3eebf310
00000000
00000000
00000000
00000000
00000000
00000000
00000000
00000000
00000000
00000000
00000000
00000000
3ef60b08
00000000
00000000
3eebf310
00000000
00000000
00000000
00000000
00000000
00000000
00000000
00000000
00000000
00000000
00000000
00000000
3ef60b08
00000000
00000000
3eebf310
00000000
00000000
00000000
00000000
00000000
00000000
00000000
00000000
00000000
00000000
00000000
00000000
3ef60b08
00000000
00000000
3eebf310
00000000
00000000
00000000
00000000
00000000
00000000
00000000
00000000
00000000
00000000
00000000
00000000
3ef60b08
00000000
00000000
3eebf310
00000000
00000000
00000000
00000000
00000000
00000000
00000000
00000000
00000000
00000000
00000000
00000000
3ef60b08
00000000
00000000
3eebf310
00000000
00000000
00000000
00000000
00000000
00000000
00000000
00000000
00000000
00000000
00000000
00000000
3ef60b08
00000000
00000000
3eebf310
00000000
00000000
00000000
00000000
00000000
00000000
00000000
00000000
00000000
00000000
00000000
00000000
3ef60b08
00000000
00000000
3eebf310
00000000
00000000
00000000
00000000
00000000
00000000
00000000
00000000
00000000
00000000
00000000
00000000
3ef60b08
00000000
00000000
3eebf310
00000000
00000000
00000000
00000000
00000000
00000000
00000000
00000000
00000000
00000000
00000000
00000000
3ef60b08
00000000
00000000
3eebf310
00000000
00000000
00000000
00000000
00000000
00000000
00000000
00000000
00000000
00000000
00000000
00000000
3ef60b08
00000000
00000000
3eebf310
00000000
00000000
00000000
00000000
00000000
00000000
00000000
00000000
00000000
00000000
00000000
00000000
3ef60b08
00000000
00000000
3eebf310
00000000
00000000
00000000
00000000
00000000
00000000
00000000
00000000
00000000
00000000
00000000
00000000
3ef60b08
00000000
3e988020
3fd1ca58
3f8cb420
3f8cb420
3f8cb420
3f8cb420
3f8cb420
3f8cb420
3f8cb420
3f8cb420
3f8cb420
3f8cb420
3f8cb420
3f8cb420
400756cc
3f99d474
00000000
3eb3cdc8
3d9453e0
3d9453e0
3d9453e0
3d9453e0
3d9453e0
3d9453e0
3d9453e0
3d9453e0
3d9453e0
3d9453e0
3d9453e0
3d9453e0
3f2da844
3eb7ad60
00000000
00000000
00000000
00000000
00000000
00000000
00000000
00000000
00000000
00000000
00000000
00000000
00000000
00000000
00000000
00000000
00000000
00000000
3edf3e00
3edf3e00
3edf3e00
3edf3e00
3edf3e00
3edf3e00
3edf3e00
3edf3e00
3edf3e00
3edf3e00
3edf3e00
3edf3e00
00000000
00000000
00000000
00000000
3fcc3f3e
3fcc3f3e
3fcc3f3e
3fcc3f3e
3fcc3f3e
3fcc3f3e
3fcc3f3e
3fcc3f3e
3fcc3f3e
3fcc3f3e
3fcc3f3e
3fcc3f3e
3ea253a8
00000000
00000000
00000000
3fcc3f3e
3fcc3f3e
3fcc3f3e
3fcc3f3e
3fcc3f3e
3fcc3f3e
3fcc3f3e
3fcc3f3e
3fcc3f3e
3fcc3f3e
3fcc3f3e
3fcc3f3e
3ea253a8
00000000
00000000
00000000
3fcc3f3e
3fcc3f3e
3fcc3f3e
3fcc3f3e
3fcc3f3e
3fcc3f3e
3fcc3f3e
3fcc3f3e
3fcc3f3e
3fcc3f3e
3fcc3f3e
3fcc3f3e
3ea253a8
00000000
00000000
00000000
3fcc3f3e
3fcc3f3e
3fcc3f3e
3fcc3f3e
3fcc3f3e
3fcc3f3e
3fcc3f3e
3fcc3f3e
3fcc3f3e
3fcc3f3e
3fcc3f3e
3fcc3f3e
3ea253a8
00000000
00000000
00000000
3fcc3f3e
3fcc3f3e
3fcc3f3e
3fcc3f3e
3fcc3f3e
3fcc3f3e
3fcc3f3e
3fcc3f3e
3fcc3f3e
3fcc3f3e
3fcc3f3e
3fcc3f3e
3ea253a8
00000000
00000000
00000000
3fcc3f3e
3fcc3f3e
3fcc3f3e
3fcc3f3e
3fcc3f3e
3fcc3f3e
3fcc3f3e
3fcc3f3e
3fcc3f3e
3fcc3f3e
3fcc3f3e
3fcc3f3e
3ea253a8
00000000
00000000
00000000
3fcc3f3e
3fcc3f3e
3fcc3f3e
3fcc3f3e
3fcc3f3e
3fcc3f3e
3fcc3f3e
3fcc3f3e
3fcc3f3e
3fcc3f3e
3fcc3f3e
3fcc3f3e
3ea253a8
00000000
00000000
00000000
3fcc3f3e
3fcc3f3e
3fcc3f3e
3fcc3f3e
3fcc3f3e
3fcc3f3e
3fcc3f3e
3fcc3f3e
3fcc3f3e
3fcc3f3e
3fcc3f3e
3fcc3f3e
3ea253a8
00000000
00000000
00000000
3fcc3f3e
3fcc3f3e
3fcc3f3e
3fcc3f3e
3fcc3f3e
3fcc3f3e
3fcc3f3e
3fcc3f3e
3fcc3f3e
3fcc3f3e
3fcc3f3e
3fcc3f3e
3ea253a8
00000000
00000000
00000000
3fcc3f3e
3fcc3f3e
3fcc3f3e
3fcc3f3e
3fcc3f3e
3fcc3f3e
3fcc3f3e
3fcc3f3e
3fcc3f3e
3fcc3f3e
3fcc3f3e
3fcc3f3e
3ea253a8
00000000
00000000
00000000
3fcc3f3e
3fcc3f3e
3fcc3f3e
3fcc3f3e
3fcc3f3e
3fcc3f3e
3fcc3f3e
3fcc3f3e
3fcc3f3e
3fcc3f3e
3fcc3f3e
3fcc3f3e
3ea253a8
00000000
00000000
00000000
3fcc3f3e
3fcc3f3e
3fcc3f3e
3fcc3f3e
3fcc3f3e
3fcc3f3e
3fcc3f3e
3fcc3f3e
3fcc3f3e
3fcc3f3e
3fcc3f3e
3fcc3f3e
3ea253a8
00000000
00000000
00000000
00000000
00000000
00000000
00000000
00000000
00000000
00000000
00000000
00000000
00000000
00000000
00000000
00000000
00000000
00000000
00000000
00000000
00000000
00000000
00000000
00000000
00000000
00000000
00000000
00000000
00000000
00000000
00000000
00000000
00000000
00000000
00000000
3f0ea0c4
3f0ea0c4
3f0ea0c4
3f0ea0c4
3f0ea0c4
3f0ea0c4
3f0ea0c4
3f0ea0c4
3f0ea0c4
3f0ea0c4
3f0ea0c4
3f0ea0c4
00000000
00000000
00000000
00000000
3f9c4678
3f9c4678
3f9c4678
3f9c4678
3f9c4678
3f9c4678
3f9c4678
3f9c4678
3f9c4678
3f9c4678
3f9c4678
3f9c4678
00000000
00000000
00000000
3e509f70
400e5174
400e5174
400e5174
400e5174
400e5174
400e5174
400e5174
400e5174
400e5174
400e5174
400e5174
400e5174
3f24cd88
00000000
00000000
3e509f70
400e5174
400e5174
400e5174
400e5174
400e5174
400e5174
400e5174
400e5174
400e5174
400e5174
400e5174
400e5174
3f24cd88
00000000
00000000
3e509f70
400e5174
400e5174
400e5174
400e5174
400e5174
400e5174
400e5174
400e5174
400e5174
400e5174
400e5174
400e5174
3f24cd88
00000000
00000000
3e509f70
400e5174
400e5174
400e5174
400e5174
400e5174
400e5174
400e5174
400e5174
400e5174
400e5174
400e5174
400e5174
3f24cd88
00000000
00000000
3e509f70
400e5174
400e5174
400e5174
400e5174
400e5174
400e5174
400e5174
400e5174
400e5174
400e5174
400e5174
400e5174
3f24cd88
00000000
00000000
3e509f70
400e5174
400e5174
400e5174
400e5174
400e5174
400e5174
400e5174
400e5174
400e5174
400e5174
400e5174
400e5174
3f24cd88
00000000
00000000
3e509f70
400e5174
400e5174
400e5174
400e5174
400e5174
400e5174
400e5174
400e5174
400e5174
400e5174
400e5174
400e5174
3f24cd88
00000000
00000000
3e509f70
400e5174
400e5174
400e5174
400e5174
400e5174
400e5174
400e5174
400e5174
400e5174
400e5174
400e5174
400e5174
3f24cd88
00000000
00000000
3e509f70
400e5174
400e5174
400e5174
400e5174
400e5174
400e5174
400e5174
400e5174
400e5174
400e5174
400e5174
400e5174
3f24cd88
00000000
00000000
3e509f70
400e5174
400e5174
400e5174
400e5174
400e5174
400e5174
400e5174
400e5174
400e5174
400e5174
400e5174
400e5174
3f24cd88
00000000
00000000
3e509f70
400e5174
400e5174
400e5174
400e5174
400e5174
400e5174
400e5174
400e5174
400e5174
400e5174
400e5174
400e5174
3f24cd88
00000000
00000000
3e509f70
400e5174
400e5174
400e5174
400e5174
400e5174
400e5174
400e5174
400e5174
400e5174
400e5174
400e5174
400e5174
3f24cd88
00000000
00000000
00000000
00000000
00000000
00000000
00000000
00000000
00000000
00000000
00000000
00000000
00000000
00000000
00000000
00000000
00000000
00000000
00000000
00000000
00000000
00000000
00000000
00000000
00000000
00000000
00000000
00000000
00000000
00000000
00000000
00000000
00000000
00000000
00000000
3f18c462
3f18c462
3f18c462
3f18c462
3f18c462
3f18c462
3f18c462
3f18c462
3f18c462
3f18c462
3f18c462
3f18c462
00000000
00000000
00000000
00000000
3f9946d7
3f9946d7
3f9946d7
3f9946d7
3f9946d7
3f9946d7
3f9946d7
3f9946d7
3f9946d7
3f9946d7
3f9946d7
3f9946d7
00000000
00000000
00000000
3e707500
3fff3fe7
3fff3fe7
3fff3fe7
3fff3fe7
3fff3fe7
3fff3fe7
3fff3fe7
3fff3fe7
3fff3fe7
3fff3fe7
3fff3fe7
3fff3fe7
3f2d31d6
00000000
00000000
3e707500
3fff3fe7
3fff3fe7
3fff3fe7
3fff3fe7
3fff3fe7
3fff3fe7
3fff3fe7
3fff3fe7
3fff3fe7
3fff3fe7
3fff3fe7
3fff3fe7
3f2d31d6
00000000
00000000
3e707500
3fff3fe7
3fff3fe7
3fff3fe7
3fff3fe7
3fff3fe7
3fff3fe7
3fff3fe7
3fff3fe7
3fff3fe7
3fff3fe7
3fff3fe7
3fff3fe7
3f2d31d6
00000000
00000000
3e707500
3fff3fe7
3fff3fe7
3fff3fe7
3fff3fe7
3fff3fe7
3fff3fe7
3fff3fe7
3fff3fe7
3fff3fe7
3fff3fe7
3fff3fe7
3fff3fe7
3f2d31d6
00000000
00000000
3e707500
3fff3fe7
3fff3fe7
3fff3fe7
3fff3fe7
3fff3fe7
3fff3fe7
3fff3fe7
3fff3fe7
3fff3fe7
3fff3fe7
3fff3fe7
3fff3fe7
3f2d31d6
00000000
00000000
3e707500
3fff3fe7
3fff3fe7
3fff3fe7
3fff3fe7
3fff3fe7
3fff3fe7
3fff3fe7
3fff3fe7
3fff3fe7
3fff3fe7
3fff3fe7
3fff3fe7
3f2d31d6
00000000
00000000
3e707500
3fff3fe7
3fff3fe7
3fff3fe7
3fff3fe7
3fff3fe7
3fff3fe7
3fff3fe7
3fff3fe7
3fff3fe7
3fff3fe7
3fff3fe7
3fff3fe7
3f2d31d6
00000000
00000000
3e707500
3fff3fe7
3fff3fe7
3fff3fe7
3fff3fe7
3fff3fe7
3fff3fe7
3fff3fe7
3fff3fe7
3fff3fe7
3fff3fe7
3fff3fe7
3fff3fe7
3f2d31d6
00000000
00000000
3e707500
3fff3fe7
3fff3fe7
3fff3fe7
3fff3fe7
3fff3fe7
3fff3fe7
3fff3fe7
3fff3fe7
3fff3fe7
3fff3fe7
3fff3fe7
3fff3fe7
3f2d31d6
00000000
00000000
3e707500
3fff3fe7
3fff3fe7
3fff3fe7
3fff3fe7
3fff3fe7
3fff3fe7
3fff3fe7
3fff3fe7
3fff3fe7
3fff3fe7
3fff3fe7
3fff3fe7
3f2d31d6
00000000
00000000
3e707500
3fff3fe7
3fff3fe7
3fff3fe7
3fff3fe7
3fff3fe7
3fff3fe7
3fff3fe7
3fff3fe7
3fff3fe7
3fff3fe7
3fff3fe7
3fff3fe7
3f2d31d6
00000000
00000000
3e707500
3fff3fe7
3fff3fe7
3fff3fe7
3fff3fe7
3fff3fe7
3fff3fe7
3fff3fe7
3fff3fe7
3fff3fe7
3fff3fe7
3fff3fe7
3fff3fe7
3f2d31d6
00000000
00000000
00000000
00000000
00000000
00000000
00000000
00000000
00000000
00000000
00000000
00000000
00000000
00000000
00000000
00000000
00000000
00000000
00000000
00000000
00000000
00000000
00000000
00000000
00000000
00000000
00000000
00000000
00000000
00000000
00000000
00000000
00000000
00000000
00000000
00000000
00000000
00000000
00000000
00000000
00000000
00000000
00000000
00000000
00000000
00000000
00000000
00000000
00000000
00000000
3c2d4c80
00000000
00000000
00000000
00000000
00000000
00000000
00000000
00000000
00000000
00000000
00000000
00000000
3eb0a288
00000000
00000000
3e807110
00000000
00000000
00000000
00000000
00000000
00000000
00000000
00000000
00000000
00000000
00000000
00000000
3e2eed70
00000000
00000000
3e807110
00000000
00000000
00000000
00000000
00000000
00000000
00000000
00000000
00000000
00000000
00000000
00000000
3e2eed70
00000000
00000000
3e807110
00000000
00000000
00000000
00000000
00000000
00000000
00000000
00000000
00000000
00000000
00000000
00000000
3e2eed70
00000000
00000000
3e807110
00000000
00000000
00000000
00000000
00000000
00000000
00000000
00000000
00000000
00000000
00000000
00000000
3e2eed70
00000000
00000000
3e807110
00000000
00000000
00000000
00000000
00000000
00000000
00000000
00000000
00000000
00000000
00000000
00000000
3e2eed70
00000000
00000000
3e807110
00000000
00000000
00000000
00000000
00000000
00000000
00000000
00000000
00000000
00000000
00000000
00000000
3e2eed70
00000000
00000000
3e807110
00000000
00000000
00000000
00000000
00000000
00000000
00000000
00000000
00000000
00000000
00000000
00000000
3e2eed70
00000000
00000000
3e807110
00000000
00000000
00000000
00000000
00000000
00000000
00000000
00000000
00000000
00000000
00000000
00000000
3e2eed70
00000000
00000000
3e807110
00000000
00000000
00000000
00000000
00000000
00000000
00000000
00000000
00000000
00000000
00000000
00000000
3e2eed70
00000000
00000000
3e807110
00000000
00000000
00000000
00000000
00000000
00000000
00000000
00000000
00000000
00000000
00000000
00000000
3e2eed70
00000000
00000000
3e807110
00000000
00000000
00000000
00000000
00000000
00000000
00000000
00000000
00000000
00000000
00000000
00000000
3e2eed70
00000000
00000000
3e807110
00000000
00000000
00000000
00000000
00000000
00000000
00000000
00000000
00000000
00000000
00000000
00000000
3e2eed70
00000000
3ce3e6c0
3f57e700
3eb85db8
3eb85db8
3eb85db8
3eb85db8
3eb85db8
3eb85db8
3eb85db8
3eb85db8
3eb85db8
3eb85db8
3eb85db8
3eb85db8
3f813b26
3e9d5d80
00000000
00000000
00000000
00000000
00000000
00000000
00000000
00000000
00000000
00000000
00000000
00000000
00000000
00000000
00000000
00000000
3e0e1e4a
3ddfedf0
3e0f55cc
3e0f55cc
3e0f55cc
3e0f55cc
3e0f55cc
3e0f55cc
3e0f55cc
3e0f55cc
3e0f55cc
3e0f55cc
3e0f55cc
3e0f55cc
3f23a324
3e985661
00000000
00000000
00000000
00000000
00000000
00000000
00000000
00000000
00000000
00000000
00000000
00000000
00000000
00000000
3e4dacfa
00000000
00000000
00000000
00000000
00000000
00000000
00000000
00000000
00000000
00000000
00000000
00000000
00000000
00000000
00000000
00000000
00000000
00000000
00000000
00000000
00000000
00000000
00000000
00000000
00000000
00000000
00000000
00000000
00000000
00000000
00000000
00000000
00000000
00000000
00000000
00000000
00000000
00000000
00000000
00000000
00000000
00000000
00000000
00000000
00000000
00000000
00000000
00000000
00000000
00000000
00000000
00000000
00000000
00000000
00000000
00000000
00000000
00000000
00000000
00000000
00000000
00000000
00000000
00000000
00000000
00000000
00000000
00000000
00000000
00000000
00000000
00000000
00000000
00000000
00000000
00000000
00000000
00000000
00000000
00000000
00000000
00000000
00000000
00000000
00000000
00000000
00000000
00000000
00000000
00000000
00000000
00000000
00000000
00000000
00000000
00000000
00000000
00000000
00000000
00000000
00000000
00000000
00000000
00000000
00000000
00000000
00000000
00000000
00000000
00000000
00000000
00000000
00000000
00000000
00000000
00000000
00000000
00000000
00000000
00000000
00000000
00000000
00000000
00000000
00000000
00000000
00000000
00000000
00000000
00000000
00000000
00000000
00000000
00000000
00000000
00000000
00000000
00000000
00000000
00000000
00000000
00000000
00000000
00000000
00000000
00000000
00000000
00000000
00000000
00000000
00000000
00000000
00000000
00000000
00000000
00000000
00000000
00000000
00000000
00000000
00000000
00000000
00000000
00000000
00000000
00000000
00000000
00000000
00000000
00000000
00000000
00000000
00000000
00000000
00000000
00000000
00000000
00000000
00000000
00000000
00000000
00000000
00000000
00000000
00000000
00000000
00000000
00000000
00000000
00000000
00000000
00000000
00000000
00000000
00000000
00000000
00000000
00000000
00000000
00000000
00000000
00000000
00000000
00000000
00000000
00000000
00000000
00000000
00000000
00000000
00000000
00000000
00000000
00000000
00000000
00000000
00000000
00000000
00000000
00000000
00000000
00000000
00000000
00000000
00000000
00000000
00000000
00000000
00000000
00000000
00000000
00000000
00000000
00000000
00000000
00000000
00000000
00000000
00000000
00000000
00000000
00000000
3ee1b180
00000000
00000000
00000000
00000000
00000000
00000000
00000000
00000000
00000000
00000000
00000000
00000000
3efa1b80
3e370010
00000000
3ec1dd48
00000000
00000000
00000000
00000000
00000000
00000000
00000000
00000000
00000000
00000000
00000000
00000000
3efff238
3dfa9000
00000000
3ec1dd48
00000000
00000000
00000000
00000000
00000000
00000000
00000000
00000000
00000000
00000000
00000000
00000000
3efff238
3dfa9000
00000000
3ec1dd48
00000000
00000000
00000000
00000000
00000000
00000000
00000000
00000000
00000000
00000000
00000000
00000000
3efff238
3dfa9000
00000000
3ec1dd48
00000000
00000000
00000000
00000000
00000000
00000000
00000000
00000000
00000000
00000000
00000000
00000000
3efff238
3dfa9000
00000000
3ec1dd48
00000000
00000000
00000000
00000000
00000000
00000000
00000000
00000000
00000000
00000000
00000000
00000000
3efff238
3dfa9000
00000000
3ec1dd48
00000000
00000000
00000000
00000000
00000000
00000000
00000000
00000000
00000000
00000000
00000000
00000000
3efff238
3dfa9000
00000000
3ec1dd48
00000000
00000000
00000000
00000000
00000000
00000000
00000000
00000000
00000000
00000000
00000000
00000000
3efff238
3dfa9000
00000000
3ec1dd48
00000000
00000000
00000000
00000000
00000000
00000000
00000000
00000000
00000000
00000000
00000000
00000000
3efff238
3dfa9000
00000000
3ec1dd48
00000000
00000000
00000000
00000000
00000000
00000000
00000000
00000000
00000000
00000000
00000000
00000000
3efff238
3dfa9000
00000000
3ec1dd48
00000000
00000000
00000000
00000000
00000000
00000000
00000000
00000000
00000000
00000000
00000000
00000000
3efff238
3dfa9000
00000000
3ec1dd48
00000000
00000000
00000000
00000000
00000000
00000000
00000000
00000000
00000000
00000000
00000000
00000000
3efff238
3dfa9000
00000000
3ec1dd48
00000000
00000000
00000000
00000000
00000000
00000000
00000000
00000000
00000000
00000000
00000000
00000000
3efff238
3dfa9000
3e1d0ce0
3fd77166
3f667b4c
3f667b4c
3f667b4c
3f667b4c
3f667b4c
3f667b4c
3f667b4c
3f667b4c
3f667b4c
3f667b4c
3f667b4c
3f667b4c
3fd546c0
3f812e0e
00000000
3ed62068
00000000
00000000
00000000
00000000
00000000
00000000
00000000
00000000
00000000
00000000
00000000
00000000
3eac3480
3e063210
3cbb47e0
00000000
3f514bba
3f514bba
3f514bba
3f514bba
3f514bba
3f514bba
3f514bba
3f514bba
3f514bba
3f514bba
3f514bba
3f514bba
00000000
00000000
00000000
00000000
3f77bc3c
3f77bc3c
3f77bc3c
3f77bc3c
3f77bc3c
3f77bc3c
3f77bc3c
3f77bc3c
3f77bc3c
3f77bc3c
3f77bc3c
3f77bc3c
00000000
00000000
3f127d73
3f31de9c
4018dd96
4018dd96
4018dd96
4018dd96
4018dd96
4018dd96
4018dd96
4018dd96
4018dd96
4018dd96
4018dd96
4018dd96
3f4cc8bc
00000000
3f127d73
3f31de9c
4018dd96
4018dd96
4018dd96
4018dd96
4018dd96
4018dd96
4018dd96
4018dd96
4018dd96
4018dd96
4018dd96
4018dd96
3f4cc8bc
00000000
3f127d73
3f31de9c
4018dd96
4018dd96
4018dd96
4018dd96
4018dd96
4018dd96
4018dd96
4018dd96
4018dd96
4018dd96
4018dd96
4018dd96
3f4cc8bc
00000000
3f127d73
3f31de9c
4018dd96
4018dd96
4018dd96
4018dd96
4018dd96
4018dd96
4018dd96
4018dd96
4018dd96
4018dd96
4018dd96
4018dd96
3f4cc8bc
00000000
3f127d73
3f31de9c
4018dd96
4018dd96
4018dd96
4018dd96
4018dd96
4018dd96
4018dd96
4018dd96
4018dd96
4018dd96
4018dd96
4018dd96
3f4cc8bc
00000000
3f127d73
3f31de9c
4018dd96
4018dd96
4018dd96
4018dd96
4018dd96
4018dd96
4018dd96
4018dd96
4018dd96
4018dd96
4018dd96
4018dd96
3f4cc8bc
00000000
3f127d73
3f31de9c
4018dd96
4018dd96
4018dd96
4018dd96
4018dd96
4018dd96
4018dd96
4018dd96
4018dd96
4018dd96
4018dd96
4018dd96
3f4cc8bc
00000000
3f127d73
3f31de9c
4018dd96
4018dd96
4018dd96
4018dd96
4018dd96
4018dd96
4018dd96
4018dd96
4018dd96
4018dd96
4018dd96
4018dd96
3f4cc8bc
00000000
3f127d73
3f31de9c
4018dd96
4018dd96
4018dd96
4018dd96
4018dd96
4018dd96
4018dd96
4018dd96
4018dd96
4018dd96
4018dd96
4018dd96
3f4cc8bc
00000000
3f127d73
3f31de9c
4018dd96
4018dd96
4018dd96
4018dd96
4018dd96
4018dd96
4018dd96
4018dd96
4018dd96
4018dd96
4018dd96
4018dd96
3f4cc8bc
00000000
3f127d73
3f31de9c
4018dd96
4018dd96
4018dd96
4018dd96
4018dd96
4018dd96
4018dd96
4018dd96
4018dd96
4018dd96
4018dd96
4018dd96
3f4cc8bc
00000000
3f127d73
3f31de9c
4018dd96
4018dd96
4018dd96
4018dd96
4018dd96
4018dd96
4018dd96
4018dd96
4018dd96
4018dd96
4018dd96
4018dd96
3f4cc8bc
00000000
00000000
00000000
3dcb1fbc
3dcb1fbc
3dcb1fbc
3dcb1fbc
3dcb1fbc
3dcb1fbc
3dcb1fbc
3dcb1fbc
3dcb1fbc
3dcb1fbc
3dcb1fbc
3dcb1fbc
00000000
00000000
00000000
00000000
00000000
00000000
00000000
00000000
00000000
00000000
00000000
00000000
00000000
00000000
00000000
00000000
00000000
00000000
00000000
00000000
00000000
00000000
00000000
00000000
00000000
00000000
00000000
00000000
00000000
00000000
00000000
00000000
3eb24714
00000000
00000000
3ea1cd78
00000000
00000000
00000000
00000000
00000000
00000000
00000000
00000000
00000000
00000000
00000000
00000000
3ef515c4
00000000
00000000
00000000
00000000
00000000
00000000
00000000
00000000
00000000
00000000
00000000
00000000
00000000
00000000
00000000
00000000
00000000
00000000
00000000
00000000
00000000
00000000
00000000
00000000
00000000
00000000
00000000
00000000
00000000
00000000
00000000
00000000
00000000
00000000
00000000
00000000
00000000
00000000
00000000
00000000
00000000
00000000
00000000
00000000
00000000
00000000
00000000
00000000
00000000
00000000
00000000
00000000
00000000
00000000
00000000
00000000
00000000
00000000
00000000
00000000
00000000
00000000
00000000
00000000
00000000
00000000
00000000
00000000
00000000
00000000
00000000
00000000
00000000
00000000
00000000
00000000
00000000
00000000
00000000
00000000
00000000
00000000
00000000
00000000
00000000
00000000
00000000
00000000
00000000
00000000
00000000
00000000
00000000
00000000
00000000
00000000
00000000
00000000
00000000
00000000
00000000
00000000
00000000
00000000
00000000
00000000
00000000
00000000
00000000
00000000
00000000
00000000
00000000
00000000
00000000
00000000
00000000
00000000
00000000
00000000
00000000
00000000
00000000
00000000
00000000
00000000
00000000
00000000
00000000
00000000
00000000
00000000
00000000
00000000
00000000
00000000
00000000
00000000
00000000
00000000
00000000
00000000
00000000
00000000
00000000
00000000
00000000
00000000
00000000
00000000
00000000
00000000
00000000
00000000
00000000
00000000
00000000
00000000
00000000
00000000
00000000
00000000
00000000
00000000
00000000
00000000
00000000
00000000
00000000
00000000
00000000
00000000
00000000
00000000
00000000
00000000
00000000
00000000
00000000
00000000
00000000
00000000
00000000
00000000
00000000
00000000
00000000
00000000
00000000
00000000
00000000
00000000
00000000
00000000
3f8004dd
3ea7f01c
3ea7f01c
3ea7f01c
3ea7f01c
3ea7f01c
3ea7f01c
3ea7f01c
3ea7f01c
3ea7f01c
3ea7f01c
3ea7f01c
3ea7f01c
3f6b00d6
00000000
00000000
00000000
00000000
00000000
00000000
00000000
00000000
00000000
00000000
00000000
00000000
00000000
00000000
00000000
00000000
00000000
3e9d3b30
3f0cccfb
3f0b49d6
3f0b49d6
3f0b49d6
3f0b49d6
3f0b49d6
3f0b49d6
3f0b49d6
3f0b49d6
3f0b49d6
3f0b49d6
3f0b49d6
3f0b49d6
3f325da4
3ef51c96
3e95ba1a
00000000
00000000
00000000
00000000
00000000
00000000
00000000
00000000
00000000
00000000
00000000
00000000
00000000
00000000
00000000
00000000
00000000
00000000
00000000
00000000
00000000
00000000
00000000
00000000
00000000
00000000
00000000
00000000
00000000
00000000
00000000
00000000
00000000
00000000
00000000
00000000
00000000
00000000
00000000
00000000
00000000
00000000
00000000
00000000
00000000
00000000
00000000
00000000
00000000
00000000
00000000
00000000
00000000
00000000
00000000
00000000
00000000
00000000
00000000
00000000
00000000
00000000
00000000
00000000
00000000
00000000
00000000
00000000
00000000
00000000
00000000
00000000
00000000
00000000
00000000
00000000
00000000
00000000
00000000
00000000
00000000
00000000
00000000
00000000
00000000
00000000
00000000
00000000
00000000
00000000
00000000
00000000
00000000
00000000
00000000
00000000
00000000
00000000
00000000
00000000
00000000
00000000
00000000
00000000
00000000
00000000
00000000
00000000
00000000
00000000
00000000
00000000
00000000
00000000
00000000
00000000
00000000
00000000
00000000
00000000
00000000
00000000
00000000
00000000
00000000
00000000
00000000
00000000
00000000
00000000
00000000
00000000
00000000
00000000
00000000
00000000
00000000
00000000
00000000
00000000
00000000
00000000
00000000
00000000
00000000
00000000
00000000
00000000
00000000
00000000
00000000
00000000
00000000
00000000
00000000
00000000
00000000
00000000
00000000
00000000
00000000
00000000
00000000
00000000
00000000
00000000
00000000
00000000
00000000
00000000
00000000
00000000
00000000
00000000
00000000
00000000
00000000
00000000
00000000
00000000
00000000
00000000
00000000
00000000
00000000
00000000
00000000
00000000
00000000
00000000
00000000
00000000
00000000
00000000
00000000
00000000
00000000
00000000
00000000
00000000
00000000
00000000
00000000
00000000
00000000
00000000
00000000
00000000
00000000
00000000
00000000
00000000
00000000
00000000
00000000
00000000
00000000
00000000
00000000
00000000
00000000
00000000
00000000
00000000
00000000
00000000
00000000
00000000
00000000
00000000
00000000
00000000
00000000
00000000
00000000
00000000
00000000
00000000
00000000
00000000
3e351690
00000000
00000000
00000000
00000000
00000000
00000000
00000000
00000000
00000000
00000000
00000000
00000000
3e86cf98
00000000
00000000
3f39cefc
00000000
00000000
00000000
00000000
00000000
00000000
00000000
00000000
00000000
00000000
00000000
00000000
3ee0ddc0
00000000
00000000
3f6377dc
00000000
00000000
00000000
00000000
00000000
00000000
00000000
00000000
00000000
00000000
00000000
00000000
3f3e43e8
00000000
00000000
3f6377dc
00000000
00000000
00000000
00000000
00000000
00000000
00000000
00000000
00000000
00000000
00000000
00000000
3f3e43e8
00000000
00000000
3f6377dc
00000000
00000000
00000000
00000000
00000000
00000000
00000000
00000000
00000000
00000000
00000000
00000000
3f3e43e8
00000000
00000000
3f6377dc
00000000
00000000
00000000
00000000
00000000
00000000
00000000
00000000
00000000
00000000
00000000
00000000
3f3e43e8
00000000
00000000
3f6377dc
00000000
00000000
00000000
00000000
00000000
00000000
00000000
00000000
00000000
00000000
00000000
00000000
3f3e43e8
00000000
00000000
3f6377dc
00000000
00000000
00000000
00000000
00000000
00000000
00000000
00000000
00000000
00000000
00000000
00000000
3f3e43e8
00000000
00000000
3f6377dc
00000000
00000000
00000000
00000000
00000000
00000000
00000000
00000000
00000000
00000000
00000000
00000000
3f3e43e8
00000000
00000000
3f6377dc
00000000
00000000
00000000
00000000
00000000
00000000
00000000
00000000
00000000
00000000
00000000
00000000
3f3e43e8
00000000
00000000
3f6377dc
00000000
00000000
00000000
00000000
00000000
00000000
00000000
00000000
00000000
00000000
00000000
00000000
3f3e43e8
00000000
00000000
3f6377dc
00000000
00000000
00000000
00000000
00000000
00000000
00000000
00000000
00000000
00000000
00000000
00000000
3f3e43e8
00000000
00000000
3f6377dc
00000000
00000000
00000000
00000000
00000000
00000000
00000000
00000000
00000000
00000000
00000000
00000000
3f3e43e8
00000000
00000000
3f6377dc
00000000
00000000
00000000
00000000
00000000
00000000
00000000
00000000
00000000
00000000
00000000
00000000
3f3e43e8
00000000
3e3d8340
400b90c3
3f646588
3f646588
3f646588
3f646588
3f646588
3f646588
3f646588
3f646588
3f646588
3f646588
3f646588
3f646588
4003071d
3eae28e8
00000000
3edc6bc0
00000000
00000000
00000000
00000000
00000000
00000000
00000000
00000000
00000000
00000000
00000000
00000000
3f6230a4
00000000
00000000
00000000
00000000
00000000
00000000
00000000
00000000
00000000
00000000
00000000
00000000
00000000
00000000
00000000
00000000
00000000
00000000
00000000
00000000
00000000
00000000
00000000
00000000
00000000
00000000
00000000
00000000
00000000
00000000
00000000
00000000
00000000
00000000
00000000
3f398a14
3f398a14
3f398a14
3f398a14
3f398a14
3f398a14
3f398a14
3f398a14
3f398a14
3f398a14
3f398a14
3f398a14
3e3ec740
00000000
00000000
00000000
3f398a14
3f398a14
3f398a14
3f398a14
3f398a14
3f398a14
3f398a14
3f398a14
3f398a14
3f398a14
3f398a14
3f398a14
3e3ec740
00000000
00000000
00000000
3f398a14
3f398a14
3f398a14
3f398a14
3f398a14
3f398a14
3f398a14
3f398a14
3f398a14
3f398a14
3f398a14
3f398a14
3e3ec740
00000000
00000000
00000000
3f398a14
3f398a14
3f398a14
3f398a14
3f398a14
3f398a14
3f398a14
3f398a14
3f398a14
3f398a14
3f398a14
3f398a14
3e3ec740
00000000
00000000
00000000
3f398a14
3f398a14
3f398a14
3f398a14
3f398a14
3f398a14
3f398a14
3f398a14
3f398a14
3f398a14
3f398a14
3f398a14
3e3ec740
00000000
00000000
00000000
3f398a14
3f398a14
3f398a14
3f398a14
3f398a14
3f398a14
3f398a14
3f398a14
3f398a14
3f398a14
3f398a14
3f398a14
3e3ec740
00000000
00000000
00000000
3f398a14
3f398a14
3f398a14
3f398a14
3f398a14
3f398a14
3f398a14
3f398a14
3f398a14
3f398a14
3f398a14
3f398a14
3e3ec740
00000000
00000000
00000000
3f398a14
3f398a14
3f398a14
3f398a14
3f398a14
3f398a14
3f398a14
3f398a14
3f398a14
3f398a14
3f398a14
3f398a14
3e3ec740
00000000
00000000
00000000
3f398a14
3f398a14
3f398a14
3f398a14
3f398a14
3f398a14
3f398a14
3f398a14
3f398a14
3f398a14
3f398a14
3f398a14
3e3ec740
00000000
00000000
00000000
3f398a14
3f398a14
3f398a14
3f398a14
3f398a14
3f398a14
3f398a14
3f398a14
3f398a14
3f398a14
3f398a14
3f398a14
3e3ec740
00000000
00000000
00000000
3f398a14
3f398a14
3f398a14
3f398a14
3f398a14
3f398a14
3f398a14
3f398a14
3f398a14
3f398a14
3f398a14
3f398a14
3e3ec740
00000000
00000000
00000000
3f398a14
3f398a14
3f398a14
3f398a14
3f398a14
3f398a14
3f398a14
3f398a14
3f398a14
3f398a14
3f398a14
3f398a14
3e3ec740
00000000
00000000
00000000
00000000
00000000
00000000
00000000
00000000
00000000
00000000
00000000
00000000
00000000
00000000
00000000
00000000
00000000
00000000
00000000
00000000
00000000
00000000
00000000
00000000
00000000
00000000
00000000
00000000
00000000
00000000
00000000
00000000
00000000
00000000
00000000
3e064868
3e064868
3e064868
3e064868
3e064868
3e064868
3e064868
3e064868
3e064868
3e064868
3e064868
3e064868
00000000
00000000
00000000
00000000
3d5b3042
3d5b3042
3d5b3042
3d5b3042
3d5b3042
3d5b3042
3d5b3042
3d5b3042
3d5b3042
3d5b3042
3d5b3042
3d5b3042
00000000
00000000
00000000
00000000
3fdbceb3
3fdbceb3
3fdbceb3
3fdbceb3
3fdbceb3
3fdbceb3
3fdbceb3
3fdbceb3
3fdbceb3
3fdbceb3
3fdbceb3
3fdbceb3
3d12deb6
00000000
00000000
00000000
3fdbceb3
3fdbceb3
3fdbceb3
3fdbceb3
3fdbceb3
3fdbceb3
3fdbceb3
3fdbceb3
3fdbceb3
3fdbceb3
3fdbceb3
3fdbceb3
3d12deb6
00000000
00000000
00000000
3fdbceb3
3fdbceb3
3fdbceb3
3fdbceb3
3fdbceb3
3fdbceb3
3fdbceb3
3fdbceb3
3fdbceb3
3fdbceb3
3fdbceb3
3fdbceb3
3d12deb6
00000000
00000000
00000000
3fdbceb3
3fdbceb3
3fdbceb3
3fdbceb3
3fdbceb3
3fdbceb3
3fdbceb3
3fdbceb3
3fdbceb3
3fdbceb3
3fdbceb3
3fdbceb3
3d12deb6
00000000
00000000
00000000
3fdbceb3
3fdbceb3
3fdbceb3
3fdbceb3
3fdbceb3
3fdbceb3
3fdbceb3
3fdbceb3
3fdbceb3
3fdbceb3
3fdbceb3
3fdbceb3
3d12deb6
00000000
00000000
00000000
3fdbceb3
3fdbceb3
3fdbceb3
3fdbceb3
3fdbceb3
3fdbceb3
3fdbceb3
3fdbceb3
3fdbceb3
3fdbceb3
3fdbceb3
3fdbceb3
3d12deb6
00000000
00000000
00000000
3fdbceb3
3fdbceb3
3fdbceb3
3fdbceb3
3fdbceb3
3fdbceb3
3fdbceb3
3fdbceb3
3fdbceb3
3fdbceb3
3fdbceb3
3fdbceb3
3d12deb6
00000000
00000000
00000000
3fdbceb3
3fdbceb3
3fdbceb3
3fdbceb3
3fdbceb3
3fdbceb3
3fdbceb3
3fdbceb3
3fdbceb3
3fdbceb3
3fdbceb3
3fdbceb3
3d12deb6
00000000
00000000
00000000
3fdbceb3
3fdbceb3
3fdbceb3
3fdbceb3
3fdbceb3
3fdbceb3
3fdbceb3
3fdbceb3
3fdbceb3
3fdbceb3
3fdbceb3
3fdbceb3
3d12deb6
00000000
00000000
00000000
3fdbceb3
3fdbceb3
3fdbceb3
3fdbceb3
3fdbceb3
3fdbceb3
3fdbceb3
3fdbceb3
3fdbceb3
3fdbceb3
3fdbceb3
3fdbceb3
3d12deb6
00000000
00000000
00000000
3fdbceb3
3fdbceb3
3fdbceb3
3fdbceb3
3fdbceb3
3fdbceb3
3fdbceb3
3fdbceb3
3fdbceb3
3fdbceb3
3fdbceb3
3fdbceb3
3d12deb6
00000000
00000000
00000000
3fdbceb3
3fdbceb3
3fdbceb3
3fdbceb3
3fdbceb3
3fdbceb3
3fdbceb3
3fdbceb3
3fdbceb3
3fdbceb3
3fdbceb3
3fdbceb3
3d12deb6
00000000
00000000
00000000
00000000
00000000
00000000
00000000
00000000
00000000
00000000
00000000
00000000
00000000
00000000
00000000
00000000
00000000
00000000
00000000
00000000
00000000
00000000
00000000
00000000
00000000
00000000
00000000
00000000
00000000
00000000
00000000
00000000
00000000
00000000
00000000
00000000
00000000
00000000
00000000
00000000
00000000
00000000
00000000
00000000
00000000
00000000
00000000
00000000
00000000
00000000
3e9a9d98
00000000
00000000
00000000
00000000
00000000
00000000
00000000
00000000
00000000
00000000
00000000
00000000
3ed88a70
3e024020
00000000
3e68b590
00000000
00000000
00000000
00000000
00000000
00000000
00000000
00000000
00000000
00000000
00000000
00000000
3ec64020
3dc28c20
00000000
3e68b590
00000000
00000000
00000000
00000000
00000000
00000000
00000000
00000000
00000000
00000000
00000000
00000000
3ec64020
3dc28c20
00000000
3e68b590
00000000
00000000
00000000
00000000
00000000
00000000
00000000
00000000
00000000
00000000
00000000
00000000
3ec64020
3dc28c20
00000000
3e68b590
00000000
00000000
00000000
00000000
00000000
00000000
00000000
00000000
00000000
00000000
00000000
00000000
3ec64020
3dc28c20
00000000
3e68b590
00000000
00000000
00000000
00000000
00000000
00000000
00000000
00000000
00000000
00000000
00000000
00000000
3ec64020
3dc28c20
00000000
3e68b590
00000000
00000000
00000000
00000000
00000000
00000000
00000000
00000000
00000000
00000000
00000000
00000000
3ec64020
3dc28c20
00000000
3e68b590
00000000
00000000
00000000
00000000
00000000
00000000
00000000
00000000
00000000
00000000
00000000
00000000
3ec64020
3dc28c20
00000000
3e68b590
00000000
00000000
00000000
00000000
00000000
00000000
00000000
00000000
00000000
00000000
00000000
00000000
3ec64020
3dc28c20
00000000
3e68b590
00000000
00000000
00000000
00000000
00000000
00000000
00000000
00000000
00000000
00000000
00000000
00000000
3ec64020
3dc28c20
00000000
3e68b590
00000000
00000000
00000000
00000000
00000000
00000000
00000000
00000000
00000000
00000000
00000000
00000000
3ec64020
3dc28c20
00000000
3e68b590
00000000
00000000
00000000
00000000
00000000
00000000
00000000
00000000
00000000
00000000
00000000
00000000
3ec64020
3dc28c20
00000000
3e68b590
00000000
00000000
00000000
00000000
00000000
00000000
00000000
00000000
00000000
00000000
00000000
00000000
3ec64020
3dc28c20
00000000
3fc832ba
3f5b7e0c
3f5b7e0c
3f5b7e0c
3f5b7e0c
3f5b7e0c
3f5b7e0c
3f5b7e0c
3f5b7e0c
3f5b7e0c
3f5b7e0c
3f5b7e0c
3f5b7e0c
3fd57bcc
3f0f70e8
00000000
3d739100
00000000
00000000
00000000
00000000
00000000
00000000
00000000
00000000
00000000
00000000
00000000
00000000
3e938b60
00000000
00000000
00000000
3eaddddc
3eaddddc
3eaddddc
3eaddddc
3eaddddc
3eaddddc
3eaddddc
3eaddddc
3eaddddc
3eaddddc
3eaddddc
3eaddddc
00000000
00000000
00000000
00000000
3fa9596d
3fa9596d
3fa9596d
3fa9596d
3fa9596d
3fa9596d
3fa9596d
3fa9596d
3fa9596d
3fa9596d
3fa9596d
3fa9596d
00000000
00000000
00000000
3ea83770
400f0284
400f0284
400f0284
400f0284
400f0284
400f0284
400f0284
400f0284
400f0284
400f0284
400f0284
400f0284
3f48e6e8
00000000
00000000
3ea83770
400f0284
400f0284
400f0284
400f0284
400f0284
400f0284
400f0284
400f0284
400f0284
400f0284
400f0284
400f0284
3f48e6e8
00000000
00000000
3ea83770
400f0284
400f0284
400f0284
400f0284
400f0284
400f0284
400f0284
400f0284
400f0284
400f0284
400f0284
400f0284
3f48e6e8
00000000
00000000
3ea83770
400f0284
400f0284
400f0284
400f0284
400f0284
400f0284
400f0284
400f0284
400f0284
400f0284
400f0284
400f0284
3f48e6e8
00000000
00000000
3ea83770
400f0284
400f0284
400f0284
400f0284
400f0284
400f0284
400f0284
400f0284
400f0284
400f0284
400f0284
400f0284
3f48e6e8
00000000
00000000
3ea83770
400f0284
400f0284
400f0284
400f0284
400f0284
400f0284
400f0284
400f0284
400f0284
400f0284
400f0284
400f0284
3f48e6e8
00000000
00000000
3ea83770
400f0284
400f0284
400f0284
400f0284
400f0284
400f0284
400f0284
400f0284
400f0284
400f0284
400f0284
400f0284
3f48e6e8
00000000
00000000
3ea83770
400f0284
400f0284
400f0284
400f0284
400f0284
400f0284
400f0284
400f0284
400f0284
400f0284
400f0284
400f0284
3f48e6e8
00000000
00000000
3ea83770
400f0284
400f0284
400f0284
400f0284
400f0284
400f0284
400f0284
400f0284
400f0284
400f0284
400f0284
400f0284
3f48e6e8
00000000
00000000
3ea83770
400f0284
400f0284
400f0284
400f0284
400f0284
400f0284
400f0284
400f0284
400f0284
400f0284
400f0284
400f0284
3f48e6e8
00000000
00000000
3ea83770
400f0284
400f0284
400f0284
400f0284
400f0284
400f0284
400f0284
400f0284
400f0284
400f0284
400f0284
400f0284
3f48e6e8
00000000
00000000
3ea83770
400f0284
400f0284
400f0284
400f0284
400f0284
400f0284
400f0284
400f0284
400f0284
400f0284
400f0284
400f0284
3f48e6e8
00000000
00000000
00000000
00000000
00000000
00000000
00000000
00000000
00000000
00000000
00000000
00000000
00000000
00000000
00000000
00000000
00000000
00000000
00000000
00000000
00000000
00000000
00000000
00000000
00000000
00000000
00000000
00000000
00000000
00000000
00000000
00000000
00000000
00000000
00000000
00000000
00000000
00000000
00000000
00000000
00000000
00000000
00000000
00000000
00000000
00000000
00000000
00000000
00000000
00000000
3f00db58
00000000
00000000
00000000
00000000
00000000
00000000
00000000
00000000
00000000
00000000
00000000
00000000
3f13b984
00000000
00000000
3f21d38c
00000000
00000000
00000000
00000000
00000000
00000000
00000000
00000000
00000000
00000000
00000000
00000000
3ef62b20
00000000
00000000
3f21d38c
00000000
00000000
00000000
00000000
00000000
00000000
00000000
00000000
00000000
00000000
00000000
00000000
3ef62b20
00000000
00000000
3f21d38c
00000000
00000000
00000000
00000000
00000000
00000000
00000000
00000000
00000000
00000000
00000000
00000000
3ef62b20
00000000
00000000
3f21d38c
00000000
00000000
00000000
00000000
00000000
00000000
00000000
00000000
00000000
00000000
00000000
00000000
3ef62b20
00000000
00000000
3f21d38c
00000000
00000000
00000000
00000000
00000000
00000000
00000000
00000000
00000000
00000000
00000000
00000000
3ef62b20
00000000
00000000
3f21d38c
00000000
00000000
00000000
00000000
00000000
00000000
00000000
00000000
00000000
00000000
00000000
00000000
3ef62b20
00000000
00000000
3f21d38c
00000000
00000000
00000000
00000000
00000000
00000000
00000000
00000000
00000000
00000000
00000000
00000000
3ef62b20
00000000
00000000
3f21d38c
00000000
00000000
00000000
00000000
00000000
00000000
00000000
00000000
00000000
00000000
00000000
00000000
3ef62b20
00000000
00000000
3f21d38c
00000000
00000000
00000000
00000000
00000000
00000000
00000000
00000000
00000000
00000000
00000000
00000000
3ef62b20
00000000
00000000
3f21d38c
00000000
00000000
00000000
00000000
00000000
00000000
00000000
00000000
00000000
00000000
00000000
00000000
3ef62b20
00000000
00000000
3f21d38c
00000000
00000000
00000000
00000000
00000000
00000000
00000000
00000000
00000000
00000000
00000000
00000000
3ef62b20
00000000
00000000
3f21d38c
00000000
00000000
00000000
00000000
00000000
00000000
00000000
00000000
00000000
00000000
00000000
00000000
3ef62b20
00000000
00000000
3ff66676
3f77a998
3f77a998
3f77a998
3f77a998
3f77a998
3f77a998
3f77a998
3f77a998
3f77a998
3f77a998
3f77a998
3f77a998
400503c7
3f0408e4
00000000
3ebc2880
00000000
00000000
00000000
00000000
00000000
00000000
00000000
00000000
00000000
00000000
00000000
00000000
3e86d898
00000000
00000000
00000000
00000000
00000000
00000000
00000000
00000000
00000000
00000000
00000000
00000000
00000000
00000000
00000000
00000000
00000000
00000000
00000000
00000000
00000000
00000000
00000000
00000000
00000000
00000000
00000000
00000000
00000000
00000000
00000000
3f041e04
3d84aa60
00000000
00000000
00000000
00000000
00000000
00000000
00000000
00000000
00000000
00000000
00000000
00000000
00000000
00000000
3f4a39a4
3e1cc760
00000000
00000000
00000000
00000000
00000000
00000000
00000000
00000000
00000000
00000000
00000000
00000000
00000000
00000000
3f4a39a4
3e1cc760
00000000
00000000
00000000
00000000
00000000
00000000
00000000
00000000
00000000
00000000
00000000
00000000
00000000
00000000
3f4a39a4
3e1cc760
00000000
00000000
00000000
00000000
00000000
00000000
00000000
00000000
00000000
00000000
00000000
00000000
00000000
00000000
3f4a39a4
3e1cc760
00000000
00000000
00000000
00000000
00000000
00000000
00000000
00000000
00000000
00000000
00000000
00000000
00000000
00000000
3f4a39a4
3e1cc760
00000000
00000000
00000000
00000000
00000000
00000000
00000000
00000000
00000000
00000000
00000000
00000000
00000000
00000000
3f4a39a4
3e1cc760
00000000
00000000
00000000
00000000
00000000
00000000
00000000
00000000
00000000
00000000
00000000
00000000
00000000
00000000
3f4a39a4
3e1cc760
00000000
00000000
00000000
00000000
00000000
00000000
00000000
00000000
00000000
00000000
00000000
00000000
00000000
00000000
3f4a39a4
3e1cc760
00000000
00000000
00000000
00000000
00000000
00000000
00000000
00000000
00000000
00000000
00000000
00000000
00000000
00000000
3f4a39a4
3e1cc760
00000000
00000000
00000000
00000000
00000000
00000000
00000000
00000000
00000000
00000000
00000000
00000000
00000000
00000000
3f4a39a4
3e1cc760
00000000
00000000
00000000
00000000
00000000
00000000
00000000
00000000
00000000
00000000
00000000
00000000
00000000
00000000
3f4a39a4
3e1cc760
00000000
00000000
00000000
00000000
00000000
00000000
00000000
00000000
00000000
00000000
00000000
00000000
00000000
00000000
3f4a39a4
3e1cc760
3f0d7ad4
3fa98fb4
3f8a6a34
3f8a6a34
3f8a6a34
3f8a6a34
3f8a6a34
3f8a6a34
3f8a6a34
3f8a6a34
3f8a6a34
3f8a6a34
3f8a6a34
3f8a6a34
4002b13d
3f648624
00000000
3ce73080
00000000
00000000
00000000
00000000
00000000
00000000
00000000
00000000
00000000
00000000
00000000
00000000
3e775840
00000000
00000000
00000000
3eb15b6c
3eb15b6c
3eb15b6c
3eb15b6c
3eb15b6c
3eb15b6c
3eb15b6c
3eb15b6c
3eb15b6c
3eb15b6c
3eb15b6c
3eb15b6c
00000000
00000000
00000000
00000000
3f76375a
3f76375a
3f76375a
3f76375a
3f76375a
3f76375a
3f76375a
3f76375a
3f76375a
3f76375a
3f76375a
3f76375a
00000000
00000000
3de93910
3e79b530
3ffe0871
3ffe0871
3ffe0871
3ffe0871
3ffe0871
3ffe0871
3ffe0871
3ffe0871
3ffe0871
3ffe0871
3ffe0871
3ffe0871
3e8dd210
00000000
3de93910
3e79b530
3ffe0871
3ffe0871
3ffe0871
3ffe0871
3ffe0871
3ffe0871
3ffe0871
3ffe0871
3ffe0871
3ffe0871
3ffe0871
3ffe0871
3e8dd210
00000000
3de93910
3e79b530
3ffe0871
3ffe0871
3ffe0871
3ffe0871
3ffe0871
3ffe0871
3ffe0871
3ffe0871
3ffe0871
3ffe0871
3ffe0871
3ffe0871
3e8dd210
00000000
3de93910
3e79b530
3ffe0871
3ffe0871
3ffe0871
3ffe0871
3ffe0871
3ffe0871
3ffe0871
3ffe0871
3ffe0871
3ffe0871
3ffe0871
3ffe0871
3e8dd210
00000000
3de93910
3e79b530
3ffe0871
3ffe0871
3ffe0871
3ffe0871
3ffe0871
3ffe0871
3ffe0871
3ffe0871
3ffe0871
3ffe0871
3ffe0871
3ffe0871
3e8dd210
00000000
3de93910
3e79b530
3ffe0871
3ffe0871
3ffe0871
3ffe0871
3ffe0871
3ffe0871
3ffe0871
3ffe0871
3ffe0871
3ffe0871
3ffe0871
3ffe0871
3e8dd210
00000000
3de93910
3e79b530
3ffe0871
3ffe0871
3ffe0871
3ffe0871
3ffe0871
3ffe0871
3ffe0871
3ffe0871
3ffe0871
3ffe0871
3ffe0871
3ffe0871
3e8dd210
00000000
3de93910
3e79b530
3ffe0871
3ffe0871
3ffe0871
3ffe0871
3ffe0871
3ffe0871
3ffe0871
3ffe0871
3ffe0871
3ffe0871
3ffe0871
3ffe0871
3e8dd210
00000000
3de93910
3e79b530
3ffe0871
3ffe0871
3ffe0871
3ffe0871
3ffe0871
3ffe0871
3ffe0871
3ffe0871
3ffe0871
3ffe0871
3ffe0871
3ffe0871
3e8dd210
00000000
3de93910
3e79b530
3ffe0871
3ffe0871
3ffe0871
3ffe0871
3ffe0871
3ffe0871
3ffe0871
3ffe0871
3ffe0871
3ffe0871
3ffe0871
3ffe0871
3e8dd210
00000000
3de93910
3e79b530
3ffe0871
3ffe0871
3ffe0871
3ffe0871
3ffe0871
3ffe0871
3ffe0871
3ffe0871
3ffe0871
3ffe0871
3ffe0871
3ffe0871
3e8dd210
00000000
3de93910
3e79b530
3ffe0871
3ffe0871
3ffe0871
3ffe0871
3ffe0871
3ffe0871
3ffe0871
3ffe0871
3ffe0871
3ffe0871
3ffe0871
3ffe0871
3e8dd210
00000000
00000000
00000000
3d87bf30
3d87bf30
3d87bf30
3d87bf30
3d87bf30
3d87bf30
3d87bf30
3d87bf30
3d87bf30
3d87bf30
3d87bf30
3d87bf30
00000000
00000000
00000000
00000000
00000000
00000000
00000000
00000000
00000000
00000000
00000000
00000000
00000000
00000000
00000000
00000000
00000000
00000000
00000000
00000000
00000000
00000000
00000000
00000000
00000000
00000000
00000000
00000000
00000000
00000000
00000000
00000000
00000000
00000000
00000000
00000000
3f1bc4e4
3f1bc4e4
3f1bc4e4
3f1bc4e4
3f1bc4e4
3f1bc4e4
3f1bc4e4
3f1bc4e4
3f1bc4e4
3f1bc4e4
3f1bc4e4
3f1bc4e4
00000000
00000000
00000000
3e303c20
3fe54ed4
3fe54ed4
3fe54ed4
3fe54ed4
3fe54ed4
3fe54ed4
3fe54ed4
3fe54ed4
3fe54ed4
3fe54ed4
3fe54ed4
3fe54ed4
3ef7ea68
00000000
00000000
3e303c20
3fe54ed4
3fe54ed4
3fe54ed4
3fe54ed4
3fe54ed4
3fe54ed4
3fe54ed4
3fe54ed4
3fe54ed4
3fe54ed4
3fe54ed4
3fe54ed4
3ef7ea68
00000000
00000000
3e303c20
3fe54ed4
3fe54ed4
3fe54ed4
3fe54ed4
3fe54ed4
3fe54ed4
3fe54ed4
3fe54ed4
3fe54ed4
3fe54ed4
3fe54ed4
3fe54ed4
3ef7ea68
00000000
00000000
3e303c20
3fe54ed4
3fe54ed4
3fe54ed4
3fe54ed4
3fe54ed4
3fe54ed4
3fe54ed4
3fe54ed4
3fe54ed4
3fe54ed4
3fe54ed4
3fe54ed4
3ef7ea68
00000000
00000000
3e303c20
3fe54ed4
3fe54ed4
3fe54ed4
3fe54ed4
3fe54ed4
3fe54ed4
3fe54ed4
3fe54ed4
3fe54ed4
3fe54ed4
3fe54ed4
3fe54ed4
3ef7ea68
00000000
00000000
3e303c20
3fe54ed4
3fe54ed4
3fe54ed4
3fe54ed4
3fe54ed4
3fe54ed4
3fe54ed4
3fe54ed4
3fe54ed4
3fe54ed4
3fe54ed4
3fe54ed4
3ef7ea68
00000000
00000000
3e303c20
3fe54ed4
3fe54ed4
3fe54ed4
3fe54ed4
3fe54ed4
3fe54ed4
3fe54ed4
3fe54ed4
3fe54ed4
3fe54ed4
3fe54ed4
3fe54ed4
3ef7ea68
00000000
00000000
3e303c20
3fe54ed4
3fe54ed4
3fe54ed4
3fe54ed4
3fe54ed4
3fe54ed4
3fe54ed4
3fe54ed4
3fe54ed4
3fe54ed4
3fe54ed4
3fe54ed4
3ef7ea68
00000000
00000000
3e303c20
3fe54ed4
3fe54ed4
3fe54ed4
3fe54ed4
3fe54ed4
3fe54ed4
3fe54ed4
3fe54ed4
3fe54ed4
3fe54ed4
3fe54ed4
3fe54ed4
3ef7ea68
00000000
00000000
3e303c20
3fe54ed4
3fe54ed4
3fe54ed4
3fe54ed4
3fe54ed4
3fe54ed4
3fe54ed4
3fe54ed4
3fe54ed4
3fe54ed4
3fe54ed4
3fe54ed4
3ef7ea68
00000000
00000000
3e303c20
3fe54ed4
3fe54ed4
3fe54ed4
3fe54ed4
3fe54ed4
3fe54ed4
3fe54ed4
3fe54ed4
3fe54ed4
3fe54ed4
3fe54ed4
3fe54ed4
3ef7ea68
00000000
00000000
3e303c20
3fe54ed4
3fe54ed4
3fe54ed4
3fe54ed4
3fe54ed4
3fe54ed4
3fe54ed4
3fe54ed4
3fe54ed4
3fe54ed4
3fe54ed4
3fe54ed4
3ef7ea68
00000000
00000000
00000000
00000000
00000000
00000000
00000000
00000000
00000000
00000000
00000000
00000000
00000000
00000000
00000000
00000000
00000000
00000000
00000000
00000000
00000000
00000000
00000000
00000000
00000000
00000000
00000000
00000000
00000000
00000000
00000000
00000000
00000000
3f0c5e7b
3e3ee8da
3eb71a98
3eb71a98
3eb71a98
3eb71a98
3eb71a98
3eb71a98
3eb71a98
3eb71a98
3eb71a98
3eb71a98
3eb71a98
3eb71a98
3dfa72a8
3e8bbda8
3dff949c
00000000
00000000
00000000
00000000
00000000
00000000
00000000
00000000
00000000
00000000
00000000
00000000
00000000
00000000
00000000
00000000
00000000
00000000
00000000
00000000
00000000
00000000
00000000
00000000
00000000
00000000
00000000
00000000
00000000
00000000
00000000
00000000
00000000
00000000
00000000
00000000
00000000
00000000
00000000
00000000
00000000
00000000
00000000
00000000
00000000
00000000
00000000
00000000
00000000
00000000
00000000
00000000
00000000
00000000
00000000
00000000
00000000
00000000
00000000
00000000
00000000
00000000
00000000
00000000
00000000
00000000
00000000
00000000
00000000
00000000
00000000
00000000
00000000
00000000
00000000
00000000
00000000
00000000
00000000
00000000
00000000
00000000
00000000
00000000
00000000
00000000
00000000
00000000
00000000
00000000
00000000
00000000
00000000
00000000
00000000
00000000
00000000
00000000
00000000
00000000
00000000
00000000
00000000
00000000
00000000
00000000
00000000
00000000
00000000
00000000
00000000
00000000
00000000
00000000
00000000
00000000
00000000
00000000
00000000
00000000
00000000
00000000
00000000
00000000
00000000
00000000
00000000
00000000
00000000
00000000
00000000
00000000
00000000
00000000
00000000
00000000
00000000
00000000
00000000
00000000
00000000
00000000
00000000
00000000
00000000
00000000
00000000
00000000
00000000
00000000
00000000
00000000
00000000
00000000
00000000
00000000
00000000
00000000
00000000
00000000
00000000
00000000
00000000
00000000
00000000
00000000
00000000
00000000
00000000
00000000
00000000
00000000
00000000
00000000
00000000
00000000
00000000
00000000
00000000
00000000
00000000
00000000
00000000
00000000
00000000
00000000
00000000
00000000
00000000
00000000
00000000
00000000
00000000
00000000
00000000
00000000
00000000
00000000
00000000
00000000
00000000
00000000
00000000
00000000
00000000
00000000
00000000
00000000
00000000
00000000
00000000
00000000
00000000
00000000
00000000
00000000
00000000
00000000
00000000
00000000
00000000
00000000
00000000
00000000
00000000
00000000
00000000
00000000
00000000
00000000
00000000
00000000
00000000
00000000
00000000
00000000
00000000
00000000
00000000
3ec3c68e
3c8833f0
3e06c855
3e06c855
3e06c855
3e06c855
3e06c855
3e06c855
3e06c855
3e06c855
3e06c855
3e06c855
3e06c855
3e06c855
3e0b08c6
3ee278fa
3ba3ae40
00000000
00000000
00000000
00000000
00000000
00000000
00000000
00000000
00000000
00000000
00000000
00000000
00000000
00000000
00000000
00000000
00000000
00000000
00000000
00000000
00000000
00000000
00000000
00000000
00000000
00000000
00000000
00000000
00000000
00000000
00000000
00000000
00000000
00000000
00000000
00000000
00000000
00000000
00000000
00000000
00000000
00000000
00000000
00000000
00000000
00000000
00000000
00000000
00000000
00000000
00000000
00000000
00000000
00000000
00000000
00000000
00000000
00000000
00000000
00000000
00000000
00000000
00000000
00000000
00000000
00000000
00000000
00000000
00000000
00000000
00000000
00000000
00000000
00000000
00000000
00000000
00000000
00000000
00000000
00000000
00000000
00000000
00000000
00000000
00000000
00000000
00000000
00000000
00000000
00000000
00000000
00000000
00000000
00000000
00000000
00000000
00000000
00000000
00000000
00000000
00000000
00000000
00000000
00000000
00000000
00000000
00000000
00000000
00000000
00000000
00000000
00000000
00000000
00000000
00000000
00000000
00000000
00000000
00000000
00000000
00000000
00000000
00000000
00000000
00000000
00000000
00000000
00000000
00000000
00000000
00000000
00000000
00000000
00000000
00000000
00000000
00000000
00000000
00000000
00000000
00000000
00000000
00000000
00000000
00000000
00000000
00000000
00000000
00000000
00000000
00000000
00000000
00000000
00000000
00000000
00000000
00000000
00000000
00000000
00000000
00000000
00000000
00000000
00000000
00000000
00000000
00000000
00000000
00000000
00000000
00000000
00000000
00000000
00000000
00000000
00000000
00000000
00000000
00000000
00000000
00000000
00000000
00000000
00000000
00000000
00000000
00000000
00000000
00000000
00000000
00000000
00000000
00000000
00000000
00000000
00000000
00000000
00000000
00000000
00000000
00000000
00000000
00000000
00000000
00000000
00000000
00000000
00000000
00000000
00000000
00000000
00000000
00000000
00000000
00000000
00000000
00000000
00000000
00000000
00000000
00000000
00000000
00000000
00000000
00000000
00000000
00000000
00000000
00000000
00000000
00000000
00000000
00000000
00000000
00000000
00000000
00000000
00000000
00000000
00000000
00000000
3e98c144
3e98c144
3e98c144
3e98c144
3e98c144
3e98c144
3e98c144
3e98c144
3e98c144
3e98c144
3e98c144
3e98c144
00000000
00000000
00000000
00000000
3f69e02a
3f69e02a
3f69e02a
3f69e02a
3f69e02a
3f69e02a
3f69e02a
3f69e02a
3f69e02a
3f69e02a
3f69e02a
3f69e02a
00000000
00000000
00000000
3e80d96c
400010e0
400010e0
400010e0
400010e0
400010e0
400010e0
400010e0
400010e0
400010e0
400010e0
400010e0
400010e0
3edd66b4
00000000
00000000
3e80d96c
400010e0
400010e0
400010e0
400010e0
400010e0
400010e0
400010e0
400010e0
400010e0
400010e0
400010e0
400010e0
3edd66b4
00000000
00000000
3e80d96c
400010e0
400010e0
400010e0
400010e0
400010e0
400010e0
400010e0
400010e0
400010e0
400010e0
400010e0
400010e0
3edd66b4
00000000
00000000
3e80d96c
400010e0
400010e0
400010e0
400010e0
400010e0
400010e0
400010e0
400010e0
400010e0
400010e0
400010e0
400010e0
3edd66b4
00000000
00000000
3e80d96c
400010e0
400010e0
400010e0
400010e0
400010e0
400010e0
400010e0
400010e0
400010e0
400010e0
400010e0
400010e0
3edd66b4
00000000
00000000
3e80d96c
400010e0
400010e0
400010e0
400010e0
400010e0
400010e0
400010e0
400010e0
400010e0
400010e0
400010e0
400010e0
3edd66b4
00000000
00000000
3e80d96c
400010e0
400010e0
400010e0
400010e0
400010e0
400010e0
400010e0
400010e0
400010e0
400010e0
400010e0
400010e0
3edd66b4
00000000
00000000
3e80d96c
400010e0
400010e0
400010e0
400010e0
400010e0
400010e0
400010e0
400010e0
400010e0
400010e0
400010e0
400010e0
3edd66b4
00000000
00000000
3e80d96c
400010e0
400010e0
400010e0
400010e0
400010e0
400010e0
400010e0
400010e0
400010e0
400010e0
400010e0
400010e0
3edd66b4
00000000
00000000
3e80d96c
400010e0
400010e0
400010e0
400010e0
400010e0
400010e0
400010e0
400010e0
400010e0
400010e0
400010e0
400010e0
3edd66b4
00000000
00000000
3e80d96c
400010e0
400010e0
400010e0
400010e0
400010e0
400010e0
400010e0
400010e0
400010e0
400010e0
400010e0
400010e0
3edd66b4
00000000
00000000
3e80d96c
400010e0
400010e0
400010e0
400010e0
400010e0
400010e0
400010e0
400010e0
400010e0
400010e0
400010e0
400010e0
3edd66b4
00000000
00000000
00000000
00000000
00000000
00000000
00000000
00000000
00000000
00000000
00000000
00000000
00000000
00000000
00000000
00000000
00000000
00000000
00000000
00000000
00000000
00000000
00000000
00000000
00000000
00000000
00000000
00000000
00000000
00000000
00000000
00000000
00000000
00000000
00000000
00000000
00000000
00000000
00000000
00000000
00000000
00000000
00000000
00000000
00000000
00000000
00000000
3ce05680
00000000
00000000
3e996260
00000000
00000000
00000000
00000000
00000000
00000000
00000000
00000000
00000000
00000000
00000000
00000000
3e9b0fd0
00000000
00000000
3e2813e0
00000000
00000000
00000000
00000000
00000000
00000000
00000000
00000000
00000000
00000000
00000000
00000000
3d9da8e0
00000000
00000000
3e2813e0
00000000
00000000
00000000
00000000
00000000
00000000
00000000
00000000
00000000
00000000
00000000
00000000
3d9da8e0
00000000
00000000
3e2813e0
00000000
00000000
00000000
00000000
00000000
00000000
00000000
00000000
00000000
00000000
00000000
00000000
3d9da8e0
00000000
00000000
3e2813e0
00000000
00000000
00000000
00000000
00000000
00000000
00000000
00000000
00000000
00000000
00000000
00000000
3d9da8e0
00000000
00000000
3e2813e0
00000000
00000000
00000000
00000000
00000000
00000000
00000000
00000000
00000000
00000000
00000000
00000000
3d9da8e0
00000000
00000000
3e2813e0
00000000
00000000
00000000
00000000
00000000
00000000
00000000
00000000
00000000
00000000
00000000
00000000
3d9da8e0
00000000
00000000
3e2813e0
00000000
00000000
00000000
00000000
00000000
00000000
00000000
00000000
00000000
00000000
00000000
00000000
3d9da8e0
00000000
00000000
3e2813e0
00000000
00000000
00000000
00000000
00000000
00000000
00000000
00000000
00000000
00000000
00000000
00000000
3d9da8e0
00000000
00000000
3e2813e0
00000000
00000000
00000000
00000000
00000000
00000000
00000000
00000000
00000000
00000000
00000000
00000000
3d9da8e0
00000000
00000000
3e2813e0
00000000
00000000
00000000
00000000
00000000
00000000
00000000
00000000
00000000
00000000
00000000
00000000
3d9da8e0
00000000
00000000
3e2813e0
00000000
00000000
00000000
00000000
00000000
00000000
00000000
00000000
00000000
00000000
00000000
00000000
3d9da8e0
00000000
00000000
3e2813e0
00000000
00000000
00000000
00000000
00000000
00000000
00000000
00000000
00000000
00000000
00000000
00000000
3d9da8e0
00000000
3e76aa70
3f9bae6a
3eff69f8
3eff69f8
3eff69f8
3eff69f8
3eff69f8
3eff69f8
3eff69f8
3eff69f8
3eff69f8
3eff69f8
3eff69f8
3eff69f8
3f6e2be0
3f3fb9fc
00000000
00000000
00000000
00000000
00000000
00000000
00000000
00000000
00000000
00000000
00000000
00000000
00000000
00000000
00000000
00000000
00000000
00000000
3effa4a8
3effa4a8
3effa4a8
3effa4a8
3effa4a8
3effa4a8
3effa4a8
3effa4a8
3effa4a8
3effa4a8
3effa4a8
3effa4a8
00000000
00000000
00000000
00000000
3f879b93
3f879b93
3f879b93
3f879b93
3f879b93
3f879b93
3f879b93
3f879b93
3f879b93
3f879b93
3f879b93
3f879b93
00000000
00000000
3e17a948
3e338ee0
40013728
40013728
40013728
40013728
40013728
40013728
40013728
40013728
40013728
40013728
40013728
40013728
3f3877b6
00000000
3e17a948
3e338ee0
40013728
40013728
40013728
40013728
40013728
40013728
40013728
40013728
40013728
40013728
40013728
40013728
3f3877b6
00000000
3e17a948
3e338ee0
40013728
40013728
40013728
40013728
40013728
40013728
40013728
40013728
40013728
40013728
40013728
40013728
3f3877b6
00000000
3e17a948
3e338ee0
40013728
40013728
40013728
40013728
40013728
40013728
40013728
40013728
40013728
40013728
40013728
40013728
3f3877b6
00000000
3e17a948
3e338ee0
40013728
40013728
40013728
40013728
40013728
40013728
40013728
40013728
40013728
40013728
40013728
40013728
3f3877b6
00000000
3e17a948
3e338ee0
40013728
40013728
40013728
40013728
40013728
40013728
40013728
40013728
40013728
40013728
40013728
40013728
3f3877b6
00000000
3e17a948
3e338ee0
40013728
40013728
40013728
40013728
40013728
40013728
40013728
40013728
40013728
40013728
40013728
40013728
3f3877b6
00000000
3e17a948
3e338ee0
40013728
40013728
40013728
40013728
40013728
40013728
40013728
40013728
40013728
40013728
40013728
40013728
3f3877b6
00000000
3e17a948
3e338ee0
40013728
40013728
40013728
40013728
40013728
40013728
40013728
40013728
40013728
40013728
40013728
40013728
3f3877b6
00000000
3e17a948
3e338ee0
40013728
40013728
40013728
40013728
40013728
40013728
40013728
40013728
40013728
40013728
40013728
40013728
3f3877b6
00000000
3e17a948
3e338ee0
40013728
40013728
40013728
40013728
40013728
40013728
40013728
40013728
40013728
40013728
40013728
40013728
3f3877b6
00000000
3e17a948
3e338ee0
40013728
40013728
40013728
40013728
40013728
40013728
40013728
40013728
40013728
40013728
40013728
40013728
3f3877b6
00000000
00000000
00000000
3e4cbfe8
3e4cbfe8
3e4cbfe8
3e4cbfe8
3e4cbfe8
3e4cbfe8
3e4cbfe8
3e4cbfe8
3e4cbfe8
3e4cbfe8
3e4cbfe8
3e4cbfe8
00000000
00000000
00000000
00000000
00000000
00000000
00000000
00000000
00000000
00000000
00000000
00000000
00000000
00000000
00000000
00000000
00000000
00000000
00000000
00000000
3eec3430
3eec3430
3eec3430
3eec3430
3eec3430
3eec3430
3eec3430
3eec3430
3eec3430
3eec3430
3eec3430
3eec3430
00000000
00000000
00000000
00000000
3fa34200
3fa34200
3fa34200
3fa34200
3fa34200
3fa34200
3fa34200
3fa34200
3fa34200
3fa34200
3fa34200
3fa34200
00000000
00000000
00000000
3eeb0200
400feb58
400feb58
400feb58
400feb58
400feb58
400feb58
400feb58
400feb58
400feb58
400feb58
400feb58
400feb58
3f3ef5f0
00000000
00000000
3eeb0200
400feb58
400feb58
400feb58
400feb58
400feb58
400feb58
400feb58
400feb58
400feb58
400feb58
400feb58
400feb58
3f3ef5f0
00000000
00000000
3eeb0200
400feb58
400feb58
400feb58
400feb58
400feb58
400feb58
400feb58
400feb58
400feb58
400feb58
400feb58
400feb58
3f3ef5f0
00000000
00000000
3eeb0200
400feb58
400feb58
400feb58
400feb58
400feb58
400feb58
400feb58
400feb58
400feb58
400feb58
400feb58
400feb58
3f3ef5f0
00000000
00000000
3eeb0200
400feb58
400feb58
400feb58
400feb58
400feb58
400feb58
400feb58
400feb58
400feb58
400feb58
400feb58
400feb58
3f3ef5f0
00000000
00000000
3eeb0200
400feb58
400feb58
400feb58
400feb58
400feb58
400feb58
400feb58
400feb58
400feb58
400feb58
400feb58
400feb58
3f3ef5f0
00000000
00000000
3eeb0200
400feb58
400feb58
400feb58
400feb58
400feb58
400feb58
400feb58
400feb58
400feb58
400feb58
400feb58
400feb58
3f3ef5f0
00000000
00000000
3eeb0200
400feb58
400feb58
400feb58
400feb58
400feb58
400feb58
400feb58
400feb58
400feb58
400feb58
400feb58
400feb58
3f3ef5f0
00000000
00000000
3eeb0200
400feb58
400feb58
400feb58
400feb58
400feb58
400feb58
400feb58
400feb58
400feb58
400feb58
400feb58
400feb58
3f3ef5f0
00000000
00000000
3eeb0200
400feb58
400feb58
400feb58
400feb58
400feb58
400feb58
400feb58
400feb58
400feb58
400feb58
400feb58
400feb58
3f3ef5f0
00000000
00000000
3eeb0200
400feb58
400feb58
400feb58
400feb58
400feb58
400feb58
400feb58
400feb58
400feb58
400feb58
400feb58
400feb58
3f3ef5f0
00000000
00000000
3eeb0200
400feb58
400feb58
400feb58
400feb58
400feb58
400feb58
400feb58
400feb58
400feb58
400feb58
400feb58
400feb58
3f3ef5f0
00000000
00000000
00000000
00000000
00000000
00000000
00000000
00000000
00000000
00000000
00000000
00000000
00000000
00000000
00000000
00000000
00000000
00000000
00000000
00000000
00000000
00000000
00000000
00000000
00000000
00000000
00000000
00000000
00000000
00000000
00000000
00000000
00000000
00000000
00000000
00000000
00000000
00000000
00000000
00000000
00000000
00000000
00000000
00000000
00000000
00000000
00000000
00000000
00000000
00000000
00000000
3f917958
3f917958
3f917958
3f917958
3f917958
3f917958
3f917958
3f917958
3f917958
3f917958
3f917958
3f917958
00000000
00000000
00000000
3e429550
400b8ca1
400b8ca1
400b8ca1
400b8ca1
400b8ca1
400b8ca1
400b8ca1
400b8ca1
400b8ca1
400b8ca1
400b8ca1
400b8ca1
3f38da58
00000000
00000000
3e429550
400b8ca1
400b8ca1
400b8ca1
400b8ca1
400b8ca1
400b8ca1
400b8ca1
400b8ca1
400b8ca1
400b8ca1
400b8ca1
400b8ca1
3f38da58
00000000
00000000
3e429550
400b8ca1
400b8ca1
400b8ca1
400b8ca1
400b8ca1
400b8ca1
400b8ca1
400b8ca1
400b8ca1
400b8ca1
400b8ca1
400b8ca1
3f38da58
00000000
00000000
3e429550
400b8ca1
400b8ca1
400b8ca1
400b8ca1
400b8ca1
400b8ca1
400b8ca1
400b8ca1
400b8ca1
400b8ca1
400b8ca1
400b8ca1
3f38da58
00000000
00000000
3e429550
400b8ca1
400b8ca1
400b8ca1
400b8ca1
400b8ca1
400b8ca1
400b8ca1
400b8ca1
400b8ca1
400b8ca1
400b8ca1
400b8ca1
3f38da58
00000000
00000000
3e429550
400b8ca1
400b8ca1
400b8ca1
400b8ca1
400b8ca1
400b8ca1
400b8ca1
400b8ca1
400b8ca1
400b8ca1
400b8ca1
400b8ca1
3f38da58
00000000
00000000
3e429550
400b8ca1
400b8ca1
400b8ca1
400b8ca1
400b8ca1
400b8ca1
400b8ca1
400b8ca1
400b8ca1
400b8ca1
400b8ca1
400b8ca1
3f38da58
00000000
00000000
3e429550
400b8ca1
400b8ca1
400b8ca1
400b8ca1
400b8ca1
400b8ca1
400b8ca1
400b8ca1
400b8ca1
400b8ca1
400b8ca1
400b8ca1
3f38da58
00000000
00000000
3e429550
400b8ca1
400b8ca1
400b8ca1
400b8ca1
400b8ca1
400b8ca1
400b8ca1
400b8ca1
400b8ca1
400b8ca1
400b8ca1
400b8ca1
3f38da58
00000000
00000000
3e429550
400b8ca1
400b8ca1
400b8ca1
400b8ca1
400b8ca1
400b8ca1
400b8ca1
400b8ca1
400b8ca1
400b8ca1
400b8ca1
400b8ca1
3f38da58
00000000
00000000
3e429550
400b8ca1
400b8ca1
400b8ca1
400b8ca1
400b8ca1
400b8ca1
400b8ca1
400b8ca1
400b8ca1
400b8ca1
400b8ca1
400b8ca1
3f38da58
00000000
00000000
3e429550
400b8ca1
400b8ca1
400b8ca1
400b8ca1
400b8ca1
400b8ca1
400b8ca1
400b8ca1
400b8ca1
400b8ca1
400b8ca1
400b8ca1
3f38da58
00000000
00000000
00000000
3d321c80
3d321c80
3d321c80
3d321c80
3d321c80
3d321c80
3d321c80
3d321c80
3d321c80
3d321c80
3d321c80
3d321c80
00000000
00000000
00000000
00000000
00000000
00000000
00000000
00000000
00000000
00000000
00000000
00000000
00000000
00000000
00000000
00000000
00000000
00000000
00000000
00000000
00000000
00000000
00000000
00000000
00000000
00000000
00000000
00000000
00000000
00000000
00000000
00000000
00000000
00000000
00000000
00000000
00000000
00000000
00000000
00000000
00000000
00000000
00000000
00000000
00000000
00000000
00000000
00000000
00000000
00000000
00000000
00000000
00000000
00000000
00000000
00000000
00000000
00000000
00000000
00000000
00000000
00000000
00000000
00000000
00000000
00000000
00000000
00000000
00000000
00000000
00000000
00000000
00000000
00000000
00000000
00000000
00000000
00000000
00000000
00000000
00000000
00000000
00000000
00000000
00000000
00000000
00000000
00000000
00000000
00000000
00000000
00000000
00000000
00000000
00000000
00000000
00000000
00000000
00000000
00000000
00000000
00000000
00000000
00000000
00000000
00000000
00000000
00000000
00000000
00000000
00000000
00000000
00000000
00000000
00000000
00000000
00000000
00000000
00000000
00000000
00000000
00000000
00000000
00000000
00000000
00000000
00000000
00000000
00000000
00000000
00000000
00000000
00000000
00000000
00000000
00000000
00000000
00000000
00000000
00000000
00000000
00000000
00000000
00000000
00000000
00000000
00000000
00000000
00000000
00000000
00000000
00000000
00000000
00000000
00000000
00000000
00000000
00000000
00000000
00000000
00000000
00000000
00000000
00000000
00000000
00000000
00000000
00000000
00000000
00000000
00000000
00000000
00000000
00000000
00000000
00000000
00000000
00000000
00000000
00000000
00000000
00000000
00000000
00000000
00000000
00000000
00000000
00000000
00000000
00000000
00000000
00000000
00000000
00000000
00000000
00000000
00000000
00000000
00000000
00000000
00000000
00000000
00000000
00000000
00000000
00000000
00000000
00000000
00000000
00000000
00000000
00000000
00000000
00000000
00000000
00000000
00000000
00000000
00000000
00000000
00000000
00000000
00000000
00000000
00000000
00000000
00000000
00000000
00000000
00000000
00000000
00000000
00000000
00000000
00000000
00000000
00000000
00000000
00000000
00000000
00000000
00000000
00000000
00000000
00000000
00000000
00000000
00000000
00000000
00000000
00000000
00000000
00000000
00000000
00000000
00000000
00000000
00000000
00000000
00000000
00000000
00000000
00000000
00000000
00000000
00000000
00000000
00000000
00000000
00000000
00000000
00000000
00000000
00000000
00000000
00000000
00000000
00000000
00000000
00000000
00000000
00000000
00000000
00000000
00000000
00000000
00000000
00000000
00000000
00000000
00000000
00000000
3f706340
3f706340
3f706340
3f706340
3f706340
3f706340
3f706340
3f706340
3f706340
3f706340
3f706340
3f706340
00000000
00000000
00000000
3eaf0dd0
4003a579
4003a579
4003a579
4003a579
4003a579
4003a579
4003a579
4003a579
4003a579
4003a579
4003a579
4003a579
3ee37f10
00000000
00000000
3eaf0dd0
4003a579
4003a579
4003a579
4003a579
4003a579
4003a579
4003a579
4003a579
4003a579
4003a579
4003a579
4003a579
3ee37f10
00000000
00000000
3eaf0dd0
4003a579
4003a579
4003a579
4003a579
4003a579
4003a579
4003a579
4003a579
4003a579
4003a579
4003a579
4003a579
3ee37f10
00000000
00000000
3eaf0dd0
4003a579
4003a579
4003a579
4003a579
4003a579
4003a579
4003a579
4003a579
4003a579
4003a579
4003a579
4003a579
3ee37f10
00000000
00000000
3eaf0dd0
4003a579
4003a579
4003a579
4003a579
4003a579
4003a579
4003a579
4003a579
4003a579
4003a579
4003a579
4003a579
3ee37f10
00000000
00000000
3eaf0dd0
4003a579
4003a579
4003a579
4003a579
4003a579
4003a579
4003a579
4003a579
4003a579
4003a579
4003a579
4003a579
3ee37f10
00000000
00000000
3eaf0dd0
4003a579
4003a579
4003a579
4003a579
4003a579
4003a579
4003a579
4003a579
4003a579
4003a579
4003a579
4003a579
3ee37f10
00000000
00000000
3eaf0dd0
4003a579
4003a579
4003a579
4003a579
4003a579
4003a579
4003a579
4003a579
4003a579
4003a579
4003a579
4003a579
3ee37f10
00000000
00000000
3eaf0dd0
4003a579
4003a579
4003a579
4003a579
4003a579
4003a579
4003a579
4003a579
4003a579
4003a579
4003a579
4003a579
3ee37f10
00000000
00000000
3eaf0dd0
4003a579
4003a579
4003a579
4003a579
4003a579
4003a579
4003a579
4003a579
4003a579
4003a579
4003a579
4003a579
3ee37f10
00000000
00000000
3eaf0dd0
4003a579
4003a579
4003a579
4003a579
4003a579
4003a579
4003a579
4003a579
4003a579
4003a579
4003a579
4003a579
3ee37f10
00000000
00000000
3eaf0dd0
4003a579
4003a579
4003a579
4003a579
4003a579
4003a579
4003a579
4003a579
4003a579
4003a579
4003a579
4003a579
3ee37f10
00000000
00000000
00000000
3d5ddd80
3d5ddd80
3d5ddd80
3d5ddd80
3d5ddd80
3d5ddd80
3d5ddd80
3d5ddd80
3d5ddd80
3d5ddd80
3d5ddd80
3d5ddd80
00000000
00000000
00000000
00000000
00000000
00000000
00000000
00000000
00000000
00000000
00000000
00000000
00000000
00000000
00000000
00000000
00000000
00000000
00000000
00000000
3ef83e68
3ef83e68
3ef83e68
3ef83e68
3ef83e68
3ef83e68
3ef83e68
3ef83e68
3ef83e68
3ef83e68
3ef83e68
3ef83e68
00000000
00000000
00000000
00000000
3fa553ca
3fa553ca
3fa553ca
3fa553ca
3fa553ca
3fa553ca
3fa553ca
3fa553ca
3fa553ca
3fa553ca
3fa553ca
3fa553ca
3cd59700
00000000
00000000
3ebb6040
400bf8ac
400bf8ac
400bf8ac
400bf8ac
400bf8ac
400bf8ac
400bf8ac
400bf8ac
400bf8ac
400bf8ac
400bf8ac
400bf8ac
3f44a3c0
00000000
00000000
3ebb6040
400bf8ac
400bf8ac
400bf8ac
400bf8ac
400bf8ac
400bf8ac
400bf8ac
400bf8ac
400bf8ac
400bf8ac
400bf8ac
400bf8ac
3f44a3c0
00000000
00000000
3ebb6040
400bf8ac
400bf8ac
400bf8ac
400bf8ac
400bf8ac
400bf8ac
400bf8ac
400bf8ac
400bf8ac
400bf8ac
400bf8ac
400bf8ac
3f44a3c0
00000000
00000000
3ebb6040
400bf8ac
400bf8ac
400bf8ac
400bf8ac
400bf8ac
400bf8ac
400bf8ac
400bf8ac
400bf8ac
400bf8ac
400bf8ac
400bf8ac
3f44a3c0
00000000
00000000
3ebb6040
400bf8ac
400bf8ac
400bf8ac
400bf8ac
400bf8ac
400bf8ac
400bf8ac
400bf8ac
400bf8ac
400bf8ac
400bf8ac
400bf8ac
3f44a3c0
00000000
00000000
3ebb6040
400bf8ac
400bf8ac
400bf8ac
400bf8ac
400bf8ac
400bf8ac
400bf8ac
400bf8ac
400bf8ac
400bf8ac
400bf8ac
400bf8ac
3f44a3c0
00000000
00000000
3ebb6040
400bf8ac
400bf8ac
400bf8ac
400bf8ac
400bf8ac
400bf8ac
400bf8ac
400bf8ac
400bf8ac
400bf8ac
400bf8ac
400bf8ac
3f44a3c0
00000000
00000000
3ebb6040
400bf8ac
400bf8ac
400bf8ac
400bf8ac
400bf8ac
400bf8ac
400bf8ac
400bf8ac
400bf8ac
400bf8ac
400bf8ac
400bf8ac
3f44a3c0
00000000
00000000
3ebb6040
400bf8ac
400bf8ac
400bf8ac
400bf8ac
400bf8ac
400bf8ac
400bf8ac
400bf8ac
400bf8ac
400bf8ac
400bf8ac
400bf8ac
3f44a3c0
00000000
00000000
3ebb6040
400bf8ac
400bf8ac
400bf8ac
400bf8ac
400bf8ac
400bf8ac
400bf8ac
400bf8ac
400bf8ac
400bf8ac
400bf8ac
400bf8ac
3f44a3c0
00000000
00000000
3ebb6040
400bf8ac
400bf8ac
400bf8ac
400bf8ac
400bf8ac
400bf8ac
400bf8ac
400bf8ac
400bf8ac
400bf8ac
400bf8ac
400bf8ac
3f44a3c0
00000000
00000000
3ebb6040
400bf8ac
400bf8ac
400bf8ac
400bf8ac
400bf8ac
400bf8ac
400bf8ac
400bf8ac
400bf8ac
400bf8ac
400bf8ac
400bf8ac
3f44a3c0
00000000
00000000
00000000
3d2dbf00
3d2dbf00
3d2dbf00
3d2dbf00
3d2dbf00
3d2dbf00
3d2dbf00
3d2dbf00
3d2dbf00
3d2dbf00
3d2dbf00
3d2dbf00
00000000
00000000
00000000
00000000
00000000
00000000
00000000
00000000
00000000
00000000
00000000
00000000
00000000
00000000
00000000
00000000
00000000
00000000
00000000
00000000
00000000
00000000
00000000
00000000
00000000
00000000
00000000
00000000
00000000
00000000
00000000
00000000
00000000
00000000
00000000
00000000
00000000
00000000
00000000
00000000
00000000
00000000
00000000
00000000
00000000
00000000
00000000
00000000
00000000
00000000
00000000
3e137408
3bbd7300
3bbd7300
3bbd7300
3bbd7300
3bbd7300
3bbd7300
3bbd7300
3bbd7300
3bbd7300
3bbd7300
3bbd7300
3bbd7300
3dd6e350
00000000
00000000
3e137408
3bbd7300
3bbd7300
3bbd7300
3bbd7300
3bbd7300
3bbd7300
3bbd7300
3bbd7300
3bbd7300
3bbd7300
3bbd7300
3bbd7300
3dd6e350
00000000
00000000
3e137408
3bbd7300
3bbd7300
3bbd7300
3bbd7300
3bbd7300
3bbd7300
3bbd7300
3bbd7300
3bbd7300
3bbd7300
3bbd7300
3bbd7300
3dd6e350
00000000
00000000
3e137408
3bbd7300
3bbd7300
3bbd7300
3bbd7300
3bbd7300
3bbd7300
3bbd7300
3bbd7300
3bbd7300
3bbd7300
3bbd7300
3bbd7300
3dd6e350
00000000
00000000
3e137408
3bbd7300
3bbd7300
3bbd7300
3bbd7300
3bbd7300
3bbd7300
3bbd7300
3bbd7300
3bbd7300
3bbd7300
3bbd7300
3bbd7300
3dd6e350
00000000
00000000
3e137408
3bbd7300
3bbd7300
3bbd7300
3bbd7300
3bbd7300
3bbd7300
3bbd7300
3bbd7300
3bbd7300
3bbd7300
3bbd7300
3bbd7300
3dd6e350
00000000
00000000
3e137408
3bbd7300
3bbd7300
3bbd7300
3bbd7300
3bbd7300
3bbd7300
3bbd7300
3bbd7300
3bbd7300
3bbd7300
3bbd7300
3bbd7300
3dd6e350
00000000
00000000
3e137408
3bbd7300
3bbd7300
3bbd7300
3bbd7300
3bbd7300
3bbd7300
3bbd7300
3bbd7300
3bbd7300
3bbd7300
3bbd7300
3bbd7300
3dd6e350
00000000
00000000
3e137408
3bbd7300
3bbd7300
3bbd7300
3bbd7300
3bbd7300
3bbd7300
3bbd7300
3bbd7300
3bbd7300
3bbd7300
3bbd7300
3bbd7300
3dd6e350
00000000
00000000
3e137408
3bbd7300
3bbd7300
3bbd7300
3bbd7300
3bbd7300
3bbd7300
3bbd7300
3bbd7300
3bbd7300
3bbd7300
3bbd7300
3bbd7300
3dd6e350
00000000
00000000
3e137408
3bbd7300
3bbd7300
3bbd7300
3bbd7300
3bbd7300
3bbd7300
3bbd7300
3bbd7300
3bbd7300
3bbd7300
3bbd7300
3bbd7300
3dd6e350
00000000
00000000
3e137408
3bbd7300
3bbd7300
3bbd7300
3bbd7300
3bbd7300
3bbd7300
3bbd7300
3bbd7300
3bbd7300
3bbd7300
3bbd7300
3bbd7300
3dd6e350
00000000
00000000
3d8df6c0
00000000
00000000
00000000
00000000
00000000
00000000
00000000
00000000
00000000
00000000
00000000
00000000
00000000
00000000
00000000
00000000
3cd8b100
3cd8b100
3cd8b100
3cd8b100
3cd8b100
3cd8b100
3cd8b100
3cd8b100
3cd8b100
3cd8b100
3cd8b100
3cd8b100
00000000
00000000
00000000
00000000
3e38f7f0
3e38f7f0
3e38f7f0
3e38f7f0
3e38f7f0
3e38f7f0
3e38f7f0
3e38f7f0
3e38f7f0
3e38f7f0
3e38f7f0
3e38f7f0
00000000
00000000
00000000
00000000
3f922160
3f922160
3f922160
3f922160
3f922160
3f922160
3f922160
3f922160
3f922160
3f922160
3f922160
3f922160
00000000
00000000
00000000
3ea8cac0
401088e0
401088e0
401088e0
401088e0
401088e0
401088e0
401088e0
401088e0
401088e0
401088e0
401088e0
401088e0
3f5ad470
00000000
00000000
3ea8cac0
401088e0
401088e0
401088e0
401088e0
401088e0
401088e0
401088e0
401088e0
401088e0
401088e0
401088e0
401088e0
3f5ad470
00000000
00000000
3ea8cac0
401088e0
401088e0
401088e0
401088e0
401088e0
401088e0
401088e0
401088e0
401088e0
401088e0
401088e0
401088e0
3f5ad470
00000000
00000000
3ea8cac0
401088e0
401088e0
401088e0
401088e0
401088e0
401088e0
401088e0
401088e0
401088e0
401088e0
401088e0
401088e0
3f5ad470
00000000
00000000
3ea8cac0
401088e0
401088e0
401088e0
401088e0
401088e0
401088e0
401088e0
401088e0
401088e0
401088e0
401088e0
401088e0
3f5ad470
00000000
00000000
3ea8cac0
401088e0
401088e0
401088e0
401088e0
401088e0
401088e0
401088e0
401088e0
401088e0
401088e0
401088e0
401088e0
3f5ad470
00000000
00000000
3ea8cac0
401088e0
401088e0
401088e0
401088e0
401088e0
401088e0
401088e0
401088e0
401088e0
401088e0
401088e0
401088e0
3f5ad470
00000000
00000000
3ea8cac0
401088e0
401088e0
401088e0
401088e0
401088e0
401088e0
401088e0
401088e0
401088e0
401088e0
401088e0
401088e0
3f5ad470
00000000
00000000
3ea8cac0
401088e0
401088e0
401088e0
401088e0
401088e0
401088e0
401088e0
401088e0
401088e0
401088e0
401088e0
401088e0
3f5ad470
00000000
00000000
3ea8cac0
401088e0
401088e0
401088e0
401088e0
401088e0
401088e0
401088e0
401088e0
401088e0
401088e0
401088e0
401088e0
3f5ad470
00000000
00000000
3ea8cac0
401088e0
401088e0
401088e0
401088e0
401088e0
401088e0
401088e0
401088e0
401088e0
401088e0
401088e0
401088e0
3f5ad470
00000000
00000000
3ea8cac0
401088e0
401088e0
401088e0
401088e0
401088e0
401088e0
401088e0
401088e0
401088e0
401088e0
401088e0
401088e0
3f5ad470
00000000
00000000
00000000
00000000
00000000
00000000
00000000
00000000
00000000
00000000
00000000
00000000
00000000
00000000
00000000
00000000
00000000
00000000
00000000
00000000
00000000
00000000
00000000
00000000
00000000
00000000
00000000
00000000
00000000
00000000
00000000
00000000
00000000
00000000
00000000
3eace200
3eace200
3eace200
3eace200
3eace200
3eace200
3eace200
3eace200
3eace200
3eace200
3eace200
3eace200
00000000
00000000
00000000
00000000
3f9f91a2
3f9f91a2
3f9f91a2
3f9f91a2
3f9f91a2
3f9f91a2
3f9f91a2
3f9f91a2
3f9f91a2
3f9f91a2
3f9f91a2
3f9f91a2
3d850300
00000000
3c96bc00
3ecee968
400f76c2
400f76c2
400f76c2
400f76c2
400f76c2
400f76c2
400f76c2
400f76c2
400f76c2
400f76c2
400f76c2
400f76c2
3f6878d8
00000000
3c96bc00
3ecee968
400f76c2
400f76c2
400f76c2
400f76c2
400f76c2
400f76c2
400f76c2
400f76c2
400f76c2
400f76c2
400f76c2
400f76c2
3f6878d8
00000000
3c96bc00
3ecee968
400f76c2
400f76c2
400f76c2
400f76c2
400f76c2
400f76c2
400f76c2
400f76c2
400f76c2
400f76c2
400f76c2
400f76c2
3f6878d8
00000000
3c96bc00
3ecee968
400f76c2
400f76c2
400f76c2
400f76c2
400f76c2
400f76c2
400f76c2
400f76c2
400f76c2
400f76c2
400f76c2
400f76c2
3f6878d8
00000000
3c96bc00
3ecee968
400f76c2
400f76c2
400f76c2
400f76c2
400f76c2
400f76c2
400f76c2
400f76c2
400f76c2
400f76c2
400f76c2
400f76c2
3f6878d8
00000000
3c96bc00
3ecee968
400f76c2
400f76c2
400f76c2
400f76c2
400f76c2
400f76c2
400f76c2
400f76c2
400f76c2
400f76c2
400f76c2
400f76c2
3f6878d8
00000000
3c96bc00
3ecee968
400f76c2
400f76c2
400f76c2
400f76c2
400f76c2
400f76c2
400f76c2
400f76c2
400f76c2
400f76c2
400f76c2
400f76c2
3f6878d8
00000000
3c96bc00
3ecee968
400f76c2
400f76c2
400f76c2
400f76c2
400f76c2
400f76c2
400f76c2
400f76c2
400f76c2
400f76c2
400f76c2
400f76c2
3f6878d8
00000000
3c96bc00
3ecee968
400f76c2
400f76c2
400f76c2
400f76c2
400f76c2
400f76c2
400f76c2
400f76c2
400f76c2
400f76c2
400f76c2
400f76c2
3f6878d8
00000000
3c96bc00
3ecee968
400f76c2
400f76c2
400f76c2
400f76c2
400f76c2
400f76c2
400f76c2
400f76c2
400f76c2
400f76c2
400f76c2
400f76c2
3f6878d8
00000000
3c96bc00
3ecee968
400f76c2
400f76c2
400f76c2
400f76c2
400f76c2
400f76c2
400f76c2
400f76c2
400f76c2
400f76c2
400f76c2
400f76c2
3f6878d8
00000000
3c96bc00
3ecee968
400f76c2
400f76c2
400f76c2
400f76c2
400f76c2
400f76c2
400f76c2
400f76c2
400f76c2
400f76c2
400f76c2
400f76c2
3f6878d8
00000000
00000000
00000000
3e156360
3e156360
3e156360
3e156360
3e156360
3e156360
3e156360
3e156360
3e156360
3e156360
3e156360
3e156360
00000000
00000000
00000000
00000000
00000000
00000000
00000000
00000000
00000000
00000000
00000000
00000000
00000000
00000000
00000000
00000000
00000000
00000000
00000000
00000000
00000000
00000000
00000000
00000000
00000000
00000000
00000000
00000000
00000000
00000000
00000000
00000000
00000000
00000000
00000000
3f5f4064
00000000
00000000
00000000
00000000
00000000
00000000
00000000
00000000
00000000
00000000
00000000
00000000
3f488fc4
3e7154f0
00000000
3f30c818
00000000
00000000
00000000
00000000
00000000
00000000
00000000
00000000
00000000
00000000
00000000
00000000
3eda6578
00000000
00000000
3f30c818
00000000
00000000
00000000
00000000
00000000
00000000
00000000
00000000
00000000
00000000
00000000
00000000
3eda6578
00000000
00000000
3f30c818
00000000
00000000
00000000
00000000
00000000
00000000
00000000
00000000
00000000
00000000
00000000
00000000
3eda6578
00000000
00000000
3f30c818
00000000
00000000
00000000
00000000
00000000
00000000
00000000
00000000
00000000
00000000
00000000
00000000
3eda6578
00000000
00000000
3f30c818
00000000
00000000
00000000
00000000
00000000
00000000
00000000
00000000
00000000
00000000
00000000
00000000
3eda6578
00000000
00000000
3f30c818
00000000
00000000
00000000
00000000
00000000
00000000
00000000
00000000
00000000
00000000
00000000
00000000
3eda6578
00000000
00000000
3f30c818
00000000
00000000
00000000
00000000
00000000
00000000
00000000
00000000
00000000
00000000
00000000
00000000
3eda6578
00000000
00000000
3f30c818
00000000
00000000
00000000
00000000
00000000
00000000
00000000
00000000
00000000
00000000
00000000
00000000
3eda6578
00000000
00000000
3f30c818
00000000
00000000
00000000
00000000
00000000
00000000
00000000
00000000
00000000
00000000
00000000
00000000
3eda6578
00000000
00000000
3f30c818
00000000
00000000
00000000
00000000
00000000
00000000
00000000
00000000
00000000
00000000
00000000
00000000
3eda6578
00000000
00000000
3f30c818
00000000
00000000
00000000
00000000
00000000
00000000
00000000
00000000
00000000
00000000
00000000
00000000
3eda6578
00000000
00000000
3f30c818
00000000
00000000
00000000
00000000
00000000
00000000
00000000
00000000
00000000
00000000
00000000
00000000
3eda6578
00000000
3e7e2da0
3ff5e5dc
3f8354d2
3f8354d2
3f8354d2
3f8354d2
3f8354d2
3f8354d2
3f8354d2
3f8354d2
3f8354d2
3f8354d2
3f8354d2
3f8354d2
3fdf38cc
3f0ffbf4
00000000
00000000
00000000
00000000
00000000
00000000
00000000
00000000
00000000
00000000
00000000
00000000
00000000
00000000
00000000
00000000
3f6c72e8
3edd9b28
3ea637e0
3ea637e0
3ea637e0
3ea637e0
3ea637e0
3ea637e0
3ea637e0
3ea637e0
3ea637e0
3ea637e0
3ea637e0
3ea637e0
00000000
3e2db3b0
00000000
00000000
00000000
00000000
00000000
00000000
00000000
00000000
00000000
00000000
00000000
00000000
00000000
00000000
00000000
00000000
00000000
00000000
00000000
00000000
00000000
00000000
00000000
00000000
00000000
00000000
00000000
00000000
00000000
00000000
00000000
00000000
00000000
00000000
00000000
00000000
00000000
00000000
00000000
00000000
00000000
00000000
00000000
00000000
00000000
00000000
00000000
00000000
00000000
00000000
00000000
00000000
00000000
00000000
00000000
00000000
00000000
00000000
00000000
00000000
00000000
00000000
00000000
00000000
00000000
00000000
00000000
00000000
00000000
00000000
00000000
00000000
00000000
00000000
00000000
00000000
00000000
00000000
00000000
00000000
00000000
00000000
00000000
00000000
00000000
00000000
00000000
00000000
00000000
00000000
00000000
00000000
00000000
00000000
00000000
00000000
00000000
00000000
00000000
00000000
00000000
00000000
00000000
00000000
00000000
00000000
00000000
00000000
00000000
00000000
00000000
00000000
00000000
00000000
00000000
00000000
00000000
00000000
00000000
00000000
00000000
00000000
00000000
00000000
00000000
00000000
00000000
00000000
00000000
00000000
00000000
00000000
00000000
00000000
00000000
00000000
00000000
00000000
00000000
00000000
00000000
00000000
00000000
00000000
00000000
00000000
00000000
00000000
00000000
00000000
00000000
00000000
00000000
00000000
00000000
00000000
00000000
00000000
00000000
00000000
00000000
00000000
00000000
00000000
00000000
00000000
00000000
00000000
00000000
00000000
00000000
00000000
00000000
00000000
00000000
00000000
00000000
00000000
00000000
00000000
00000000
00000000
00000000
00000000
00000000
00000000
00000000
00000000
00000000
00000000
00000000
00000000
00000000
00000000
00000000
00000000
00000000
00000000
00000000
00000000
00000000
00000000
00000000
00000000
00000000
00000000
00000000
00000000
00000000
00000000
00000000
00000000
00000000
00000000
00000000
00000000
00000000
00000000
00000000
00000000
00000000
00000000
00000000
00000000
00000000
00000000
00000000
00000000
00000000
00000000
00000000
00000000
00000000
00000000
00000000
00000000
00000000
00000000
00000000
00000000
00000000
00000000
00000000
00000000
00000000
00000000
00000000
00000000
00000000
00000000
00000000
00000000
00000000
00000000
00000000
00000000
00000000
3ebd55a8
00000000
00000000
00000000
00000000
00000000
00000000
00000000
00000000
00000000
00000000
00000000
00000000
3eed9458
00000000
00000000
3f1b864c
00000000
00000000
00000000
00000000
00000000
00000000
00000000
00000000
00000000
00000000
00000000
00000000
3f2e03fc
00000000
00000000
3f1b864c
00000000
00000000
00000000
00000000
00000000
00000000
00000000
00000000
00000000
00000000
00000000
00000000
3f2e03fc
00000000
00000000
3f1b864c
00000000
00000000
00000000
00000000
00000000
00000000
00000000
00000000
00000000
00000000
00000000
00000000
3f2e03fc
00000000
00000000
3f1b864c
00000000
00000000
00000000
00000000
00000000
00000000
00000000
00000000
00000000
00000000
00000000
00000000
3f2e03fc
00000000
00000000
3f1b864c
00000000
00000000
00000000
00000000
00000000
00000000
00000000
00000000
00000000
00000000
00000000
00000000
3f2e03fc
00000000
00000000
3f1b864c
00000000
00000000
00000000
00000000
00000000
00000000
00000000
00000000
00000000
00000000
00000000
00000000
3f2e03fc
00000000
00000000
3f1b864c
00000000
00000000
00000000
00000000
00000000
00000000
00000000
00000000
00000000
00000000
00000000
00000000
3f2e03fc
00000000
00000000
3f1b864c
00000000
00000000
00000000
00000000
00000000
00000000
00000000
00000000
00000000
00000000
00000000
00000000
3f2e03fc
00000000
00000000
3f1b864c
00000000
00000000
00000000
00000000
00000000
00000000
00000000
00000000
00000000
00000000
00000000
00000000
3f2e03fc
00000000
00000000
3f1b864c
00000000
00000000
00000000
00000000
00000000
00000000
00000000
00000000
00000000
00000000
00000000
00000000
3f2e03fc
00000000
00000000
3f1b864c
00000000
00000000
00000000
00000000
00000000
00000000
00000000
00000000
00000000
00000000
00000000
00000000
3f2e03fc
00000000
00000000
3f1b864c
00000000
00000000
00000000
00000000
00000000
00000000
00000000
00000000
00000000
00000000
00000000
00000000
3f2e03fc
00000000
3e807718
3fc0d738
3f4e870c
3f4e870c
3f4e870c
3f4e870c
3f4e870c
3f4e870c
3f4e870c
3f4e870c
3f4e870c
3f4e870c
3f4e870c
3f4e870c
3fe1fcea
3f002428
3dab1760
3f5e0d80
3e93c188
3e93c188
3e93c188
3e93c188
3e93c188
3e93c188
3e93c188
3e93c188
3e93c188
3e93c188
3e93c188
3e93c188
3f65a3a4
00000000
00000000
00000000
3ef95e56
3ef95e56
3ef95e56
3ef95e56
3ef95e56
3ef95e56
3ef95e56
3ef95e56
3ef95e56
3ef95e56
3ef95e56
3ef95e56
00000000
00000000
00000000
00000000
3f7c3913
3f7c3913
3f7c3913
3f7c3913
3f7c3913
3f7c3913
3f7c3913
3f7c3913
3f7c3913
3f7c3913
3f7c3913
3f7c3913
00000000
00000000
3e094dd0
3ec3a456
4012a6ef
4012a6ef
4012a6ef
4012a6ef
4012a6ef
4012a6ef
4012a6ef
4012a6ef
4012a6ef
4012a6ef
4012a6ef
4012a6ef
3f17c1b3
00000000
3e094dd0
3ec3a456
4012a6ef
4012a6ef
4012a6ef
4012a6ef
4012a6ef
4012a6ef
4012a6ef
4012a6ef
4012a6ef
4012a6ef
4012a6ef
4012a6ef
3f17c1b3
00000000
3e094dd0
3ec3a456
4012a6ef
4012a6ef
4012a6ef
4012a6ef
4012a6ef
4012a6ef
4012a6ef
4012a6ef
4012a6ef
4012a6ef
4012a6ef
4012a6ef
3f17c1b3
00000000
3e094dd0
3ec3a456
4012a6ef
4012a6ef
4012a6ef
4012a6ef
4012a6ef
4012a6ef
4012a6ef
4012a6ef
4012a6ef
4012a6ef
4012a6ef
4012a6ef
3f17c1b3
00000000
3e094dd0
3ec3a456
4012a6ef
4012a6ef
4012a6ef
4012a6ef
4012a6ef
4012a6ef
4012a6ef
4012a6ef
4012a6ef
4012a6ef
4012a6ef
4012a6ef
3f17c1b3
00000000
3e094dd0
3ec3a456
4012a6ef
4012a6ef
4012a6ef
4012a6ef
4012a6ef
4012a6ef
4012a6ef
4012a6ef
4012a6ef
4012a6ef
4012a6ef
4012a6ef
3f17c1b3
00000000
3e094dd0
3ec3a456
4012a6ef
4012a6ef
4012a6ef
4012a6ef
4012a6ef
4012a6ef
4012a6ef
4012a6ef
4012a6ef
4012a6ef
4012a6ef
4012a6ef
3f17c1b3
00000000
3e094dd0
3ec3a456
4012a6ef
4012a6ef
4012a6ef
4012a6ef
4012a6ef
4012a6ef
4012a6ef
4012a6ef
4012a6ef
4012a6ef
4012a6ef
4012a6ef
3f17c1b3
00000000
3e094dd0
3ec3a456
4012a6ef
4012a6ef
4012a6ef
4012a6ef
4012a6ef
4012a6ef
4012a6ef
4012a6ef
4012a6ef
4012a6ef
4012a6ef
4012a6ef
3f17c1b3
00000000
3e094dd0
3ec3a456
4012a6ef
4012a6ef
4012a6ef
4012a6ef
4012a6ef
4012a6ef
4012a6ef
4012a6ef
4012a6ef
4012a6ef
4012a6ef
4012a6ef
3f17c1b3
00000000
3e094dd0
3ec3a456
4012a6ef
4012a6ef
4012a6ef
4012a6ef
4012a6ef
4012a6ef
4012a6ef
4012a6ef
4012a6ef
4012a6ef
4012a6ef
4012a6ef
3f17c1b3
00000000
3e094dd0
3ec3a456
4012a6ef
4012a6ef
4012a6ef
4012a6ef
4012a6ef
4012a6ef
4012a6ef
4012a6ef
4012a6ef
4012a6ef
4012a6ef
4012a6ef
3f17c1b3
00000000
00000000
00000000
00000000
00000000
00000000
00000000
00000000
00000000
00000000
00000000
00000000
00000000
00000000
00000000
00000000
00000000
00000000
00000000
00000000
00000000
00000000
00000000
00000000
00000000
00000000
00000000
00000000
00000000
00000000
00000000
00000000
00000000
00000000
00000000
00000000
00000000
00000000
00000000
00000000
00000000
00000000
00000000
00000000
00000000
00000000
00000000
00000000
00000000
00000000
3e58b120
00000000
00000000
00000000
00000000
00000000
00000000
00000000
00000000
00000000
00000000
00000000
00000000
3f58d320
00000000
00000000
00000000
00000000
00000000
00000000
00000000
00000000
00000000
00000000
00000000
00000000
00000000
00000000
00000000
3efe85c0
00000000
00000000
00000000
00000000
00000000
00000000
00000000
00000000
00000000
00000000
00000000
00000000
00000000
00000000
00000000
3efe85c0
00000000
00000000
00000000
00000000
00000000
00000000
00000000
00000000
00000000
00000000
00000000
00000000
00000000
00000000
00000000
3efe85c0
00000000
00000000
00000000
00000000
00000000
00000000
00000000
00000000
00000000
00000000
00000000
00000000
00000000
00000000
00000000
3efe85c0
00000000
00000000
00000000
00000000
00000000
00000000
00000000
00000000
00000000
00000000
00000000
00000000
00000000
00000000
00000000
3efe85c0
00000000
00000000
00000000
00000000
00000000
00000000
00000000
00000000
00000000
00000000
00000000
00000000
00000000
00000000
00000000
3efe85c0
00000000
00000000
00000000
00000000
00000000
00000000
00000000
00000000
00000000
00000000
00000000
00000000
00000000
00000000
00000000
3efe85c0
00000000
00000000
00000000
00000000
00000000
00000000
00000000
00000000
00000000
00000000
00000000
00000000
00000000
00000000
00000000
3efe85c0
00000000
00000000
00000000
00000000
00000000
00000000
00000000
00000000
00000000
00000000
00000000
00000000
00000000
00000000
00000000
3efe85c0
00000000
00000000
00000000
00000000
00000000
00000000
00000000
00000000
00000000
00000000
00000000
00000000
00000000
00000000
00000000
3efe85c0
00000000
00000000
00000000
00000000
00000000
00000000
00000000
00000000
00000000
00000000
00000000
00000000
00000000
00000000
00000000
3efe85c0
00000000
00000000
00000000
00000000
00000000
00000000
00000000
00000000
00000000
00000000
00000000
00000000
00000000
00000000
00000000
3efe85c0
00000000
3ec69d48
3faa5c18
3f317c9c
3f317c9c
3f317c9c
3f317c9c
3f317c9c
3f317c9c
3f317c9c
3f317c9c
3f317c9c
3f317c9c
3f317c9c
3f317c9c
3fd6fe58
3f2d1a5c
00000000
00000000
00000000
00000000
00000000
00000000
00000000
00000000
00000000
00000000
00000000
00000000
00000000
00000000
3ee6bbb0
00000000
00000000
00000000
3eb9a430
3eb9a430
3eb9a430
3eb9a430
3eb9a430
3eb9a430
3eb9a430
3eb9a430
3eb9a430
3eb9a430
3eb9a430
3eb9a430
00000000
00000000
00000000
00000000
3fac9b3c
3fac9b3c
3fac9b3c
3fac9b3c
3fac9b3c
3fac9b3c
3fac9b3c
3fac9b3c
3fac9b3c
3fac9b3c
3fac9b3c
3fac9b3c
00000000
00000000
00000000
3f2583e0
40171c75
40171c75
40171c75
40171c75
40171c75
40171c75
40171c75
40171c75
40171c75
40171c75
40171c75
40171c75
3f3e718c
00000000
00000000
3f2583e0
40171c75
40171c75
40171c75
40171c75
40171c75
40171c75
40171c75
40171c75
40171c75
40171c75
40171c75
40171c75
3f3e718c
00000000
00000000
3f2583e0
40171c75
40171c75
40171c75
40171c75
40171c75
40171c75
40171c75
40171c75
40171c75
40171c75
40171c75
40171c75
3f3e718c
00000000
00000000
3f2583e0
40171c75
40171c75
40171c75
40171c75
40171c75
40171c75
40171c75
40171c75
40171c75
40171c75
40171c75
40171c75
3f3e718c
00000000
00000000
3f2583e0
40171c75
40171c75
40171c75
40171c75
40171c75
40171c75
40171c75
40171c75
40171c75
40171c75
40171c75
40171c75
3f3e718c
00000000
00000000
3f2583e0
40171c75
40171c75
40171c75
40171c75
40171c75
40171c75
40171c75
40171c75
40171c75
40171c75
40171c75
40171c75
3f3e718c
00000000
00000000
3f2583e0
40171c75
40171c75
40171c75
40171c75
40171c75
40171c75
40171c75
40171c75
40171c75
40171c75
40171c75
40171c75
3f3e718c
00000000
00000000
3f2583e0
40171c75
40171c75
40171c75
40171c75
40171c75
40171c75
40171c75
40171c75
40171c75
40171c75
40171c75
40171c75
3f3e718c
00000000
00000000
3f2583e0
40171c75
40171c75
40171c75
40171c75
40171c75
40171c75
40171c75
40171c75
40171c75
40171c75
40171c75
40171c75
3f3e718c
00000000
00000000
3f2583e0
40171c75
40171c75
40171c75
40171c75
40171c75
40171c75
40171c75
40171c75
40171c75
40171c75
40171c75
40171c75
3f3e718c
00000000
00000000
3f2583e0
40171c75
40171c75
40171c75
40171c75
40171c75
40171c75
40171c75
40171c75
40171c75
40171c75
40171c75
40171c75
3f3e718c
00000000
00000000
3f2583e0
40171c75
40171c75
40171c75
40171c75
40171c75
40171c75
40171c75
40171c75
40171c75
40171c75
40171c75
40171c75
3f3e718c
00000000
00000000
00000000
3e316bf0
3e316bf0
3e316bf0
3e316bf0
3e316bf0
3e316bf0
3e316bf0
3e316bf0
3e316bf0
3e316bf0
3e316bf0
3e316bf0
00000000
00000000
00000000
00000000
00000000
00000000
00000000
00000000
00000000
00000000
00000000
00000000
00000000
00000000
00000000
00000000
00000000
00000000
00000000
00000000
3ee2db5c
3ee2db5c
3ee2db5c
3ee2db5c
3ee2db5c
3ee2db5c
3ee2db5c
3ee2db5c
3ee2db5c
3ee2db5c
3ee2db5c
3ee2db5c
00000000
00000000
00000000
00000000
3f8ee6e9
3f8ee6e9
3f8ee6e9
3f8ee6e9
3f8ee6e9
3f8ee6e9
3f8ee6e9
3f8ee6e9
3f8ee6e9
3f8ee6e9
3f8ee6e9
3f8ee6e9
00000000
00000000
00000000
3f03999e
400b45aa
400b45aa
400b45aa
400b45aa
400b45aa
400b45aa
400b45aa
400b45aa
400b45aa
400b45aa
400b45aa
400b45aa
3f3726a6
00000000
00000000
3f03999e
400b45aa
400b45aa
400b45aa
400b45aa
400b45aa
400b45aa
400b45aa
400b45aa
400b45aa
400b45aa
400b45aa
400b45aa
3f3726a6
00000000
00000000
3f03999e
400b45aa
400b45aa
400b45aa
400b45aa
400b45aa
400b45aa
400b45aa
400b45aa
400b45aa
400b45aa
400b45aa
400b45aa
3f3726a6
00000000
00000000
3f03999e
400b45aa
400b45aa
400b45aa
400b45aa
400b45aa
400b45aa
400b45aa
400b45aa
400b45aa
400b45aa
400b45aa
400b45aa
3f3726a6
00000000
00000000
3f03999e
400b45aa
400b45aa
400b45aa
400b45aa
400b45aa
400b45aa
400b45aa
400b45aa
400b45aa
400b45aa
400b45aa
400b45aa
3f3726a6
00000000
00000000
3f03999e
400b45aa
400b45aa
400b45aa
400b45aa
400b45aa
400b45aa
400b45aa
400b45aa
400b45aa
400b45aa
400b45aa
400b45aa
3f3726a6
00000000
00000000
3f03999e
400b45aa
400b45aa
400b45aa
400b45aa
400b45aa
400b45aa
400b45aa
400b45aa
400b45aa
400b45aa
400b45aa
400b45aa
3f3726a6
00000000
00000000
3f03999e
400b45aa
400b45aa
400b45aa
400b45aa
400b45aa
400b45aa
400b45aa
400b45aa
400b45aa
400b45aa
400b45aa
400b45aa
3f3726a6
00000000
00000000
3f03999e
400b45aa
400b45aa
400b45aa
400b45aa
400b45aa
400b45aa
400b45aa
400b45aa
400b45aa
400b45aa
400b45aa
400b45aa
3f3726a6
00000000
00000000
3f03999e
400b45aa
400b45aa
400b45aa
400b45aa
400b45aa
400b45aa
400b45aa
400b45aa
400b45aa
400b45aa
400b45aa
400b45aa
3f3726a6
00000000
00000000
3f03999e
400b45aa
400b45aa
400b45aa
400b45aa
400b45aa
400b45aa
400b45aa
400b45aa
400b45aa
400b45aa
400b45aa
400b45aa
3f3726a6
00000000
00000000
3f03999e
400b45aa
400b45aa
400b45aa
400b45aa
400b45aa
400b45aa
400b45aa
400b45aa
400b45aa
400b45aa
400b45aa
400b45aa
3f3726a6
00000000
00000000
00000000
3cb92600
3cb92600
3cb92600
3cb92600
3cb92600
3cb92600
3cb92600
3cb92600
3cb92600
3cb92600
3cb92600
3cb92600
00000000
00000000
00000000
00000000
00000000
00000000
00000000
00000000
00000000
00000000
00000000
00000000
00000000
00000000
00000000
00000000
00000000
00000000
00000000
00000000
00000000
00000000
00000000
00000000
00000000
00000000
00000000
00000000
00000000
00000000
00000000
00000000
00000000
00000000
00000000
00000000
00000000
00000000
00000000
00000000
00000000
00000000
00000000
00000000
00000000
00000000
00000000
00000000
00000000
00000000
00000000
3bcd5c00
00000000
00000000
00000000
00000000
00000000
00000000
00000000
00000000
00000000
00000000
00000000
00000000
3e5edeb0
00000000
00000000
3bcd5c00
00000000
00000000
00000000
00000000
00000000
00000000
00000000
00000000
00000000
00000000
00000000
00000000
3e5edeb0
00000000
00000000
3bcd5c00
00000000
00000000
00000000
00000000
00000000
00000000
00000000
00000000
00000000
00000000
00000000
00000000
3e5edeb0
00000000
00000000
3bcd5c00
00000000
00000000
00000000
00000000
00000000
00000000
00000000
00000000
00000000
00000000
00000000
00000000
3e5edeb0
00000000
00000000
3bcd5c00
00000000
00000000
00000000
00000000
00000000
00000000
00000000
00000000
00000000
00000000
00000000
00000000
3e5edeb0
00000000
00000000
3bcd5c00
00000000
00000000
00000000
00000000
00000000
00000000
00000000
00000000
00000000
00000000
00000000
00000000
3e5edeb0
00000000
00000000
3bcd5c00
00000000
00000000
00000000
00000000
00000000
00000000
00000000
00000000
00000000
00000000
00000000
00000000
3e5edeb0
00000000
00000000
3bcd5c00
00000000
00000000
00000000
00000000
00000000
00000000
00000000
00000000
00000000
00000000
00000000
00000000
3e5edeb0
00000000
00000000
3bcd5c00
00000000
00000000
00000000
00000000
00000000
00000000
00000000
00000000
00000000
00000000
00000000
00000000
3e5edeb0
00000000
00000000
3bcd5c00
00000000
00000000
00000000
00000000
00000000
00000000
00000000
00000000
00000000
00000000
00000000
00000000
3e5edeb0
00000000
00000000
3bcd5c00
00000000
00000000
00000000
00000000
00000000
00000000
00000000
00000000
00000000
00000000
00000000
00000000
3e5edeb0
00000000
00000000
3bcd5c00
00000000
00000000
00000000
00000000
00000000
00000000
00000000
00000000
00000000
00000000
00000000
00000000
3e5edeb0
00000000
3d81e420
3fb71bbe
3f6f1adc
3f6f1adc
3f6f1adc
3f6f1adc
3f6f1adc
3f6f1adc
3f6f1adc
3f6f1adc
3f6f1adc
3f6f1adc
3f6f1adc
3f6f1adc
3fc1c966
3ed521f8
00000000
3e6cc040
00000000
00000000
00000000
00000000
00000000
00000000
00000000
00000000
00000000
00000000
00000000
00000000
3eaf77b0
00000000
3e5be414
3ec95b25
3ea07440
3ea07440
3ea07440
3ea07440
3ea07440
3ea07440
3ea07440
3ea07440
3ea07440
3ea07440
3ea07440
3ea07440
3e726086
3e94c2f3
3dd11ac2
00000000
00000000
00000000
00000000
00000000
00000000
00000000
00000000
00000000
00000000
00000000
00000000
00000000
00000000
00000000
00000000
00000000
00000000
00000000
00000000
00000000
00000000
00000000
00000000
00000000
00000000
00000000
00000000
00000000
00000000
00000000
00000000
00000000
00000000
00000000
00000000
00000000
00000000
00000000
00000000
00000000
00000000
00000000
00000000
00000000
00000000
00000000
00000000
00000000
00000000
00000000
00000000
00000000
00000000
00000000
00000000
00000000
00000000
00000000
00000000
00000000
00000000
00000000
00000000
00000000
00000000
00000000
00000000
00000000
00000000
00000000
00000000
00000000
00000000
00000000
00000000
00000000
00000000
00000000
00000000
00000000
00000000
00000000
00000000
00000000
00000000
00000000
00000000
00000000
00000000
00000000
00000000
00000000
00000000
00000000
00000000
00000000
00000000
00000000
00000000
00000000
00000000
00000000
00000000
00000000
00000000
00000000
00000000
00000000
00000000
00000000
00000000
00000000
00000000
00000000
00000000
00000000
00000000
00000000
00000000
00000000
00000000
00000000
00000000
00000000
00000000
00000000
00000000
00000000
00000000
00000000
00000000
00000000
00000000
00000000
00000000
00000000
00000000
00000000
00000000
00000000
00000000
00000000
00000000
00000000
00000000
00000000
00000000
00000000
00000000
00000000
00000000
00000000
00000000
00000000
00000000
00000000
00000000
00000000
00000000
00000000
00000000
00000000
00000000
00000000
00000000
00000000
00000000
00000000
00000000
00000000
00000000
00000000
00000000
00000000
00000000
00000000
00000000
00000000
00000000
00000000
00000000
00000000
00000000
00000000
00000000
00000000
00000000
00000000
00000000
00000000
00000000
00000000
00000000
00000000
00000000
00000000
00000000
00000000
00000000
00000000
00000000
00000000
00000000
00000000
00000000
00000000
00000000
00000000
00000000
00000000
00000000
00000000
00000000
00000000
00000000
00000000
00000000
00000000
00000000
00000000
00000000
00000000
00000000
00000000
00000000
00000000
00000000
00000000
00000000
00000000
00000000
00000000
00000000
00000000
00000000
00000000
00000000
00000000
00000000
00000000
00000000
00000000
00000000
00000000
00000000
00000000
00000000
00000000
00000000
00000000
00000000
00000000
00000000
00000000
00000000
00000000
00000000
00000000
00000000
00000000
00000000
00000000
00000000
00000000
00000000
00000000
00000000
00000000
3ed07418
00000000
00000000
3d6a4b80
00000000
00000000
00000000
00000000
00000000
00000000
00000000
00000000
00000000
00000000
00000000
00000000
3ef79a78
00000000
00000000
3d6a4b80
00000000
00000000
00000000
00000000
00000000
00000000
00000000
00000000
00000000
00000000
00000000
00000000
3ef79a78
00000000
00000000
3d6a4b80
00000000
00000000
00000000
00000000
00000000
00000000
00000000
00000000
00000000
00000000
00000000
00000000
3ef79a78
00000000
00000000
3d6a4b80
00000000
00000000
00000000
00000000
00000000
00000000
00000000
00000000
00000000
00000000
00000000
00000000
3ef79a78
00000000
00000000
3d6a4b80
00000000
00000000
00000000
00000000
00000000
00000000
00000000
00000000
00000000
00000000
00000000
00000000
3ef79a78
00000000
00000000
3d6a4b80
00000000
00000000
00000000
00000000
00000000
00000000
00000000
00000000
00000000
00000000
00000000
00000000
3ef79a78
00000000
00000000
3d6a4b80
00000000
00000000
00000000
00000000
00000000
00000000
00000000
00000000
00000000
00000000
00000000
00000000
3ef79a78
00000000
00000000
3d6a4b80
00000000
00000000
00000000
00000000
00000000
00000000
00000000
00000000
00000000
00000000
00000000
00000000
3ef79a78
00000000
00000000
3d6a4b80
00000000
00000000
00000000
00000000
00000000
00000000
00000000
00000000
00000000
00000000
00000000
00000000
3ef79a78
00000000
00000000
3d6a4b80
00000000
00000000
00000000
00000000
00000000
00000000
00000000
00000000
00000000
00000000
00000000
00000000
3ef79a78
00000000
00000000
3d6a4b80
00000000
00000000
00000000
00000000
00000000
00000000
00000000
00000000
00000000
00000000
00000000
00000000
3ef79a78
00000000
00000000
3d6a4b80
00000000
00000000
00000000
00000000
00000000
00000000
00000000
00000000
00000000
00000000
00000000
00000000
3ef79a78
00000000
3f4ab890
3fd913ae
3f85d4f6
3f85d4f6
3f85d4f6
3f85d4f6
3f85d4f6
3f85d4f6
3f85d4f6
3f85d4f6
3f85d4f6
3f85d4f6
3f85d4f6
3f85d4f6
3ff0cd7e
3f2721e8
00000000
3ee6f6a8
00000000
00000000
00000000
00000000
00000000
00000000
00000000
00000000
00000000
00000000
00000000
00000000
3ea77240
00000000
00000000
00000000
3eb3efe4
3eb3efe4
3eb3efe4
3eb3efe4
3eb3efe4
3eb3efe4
3eb3efe4
3eb3efe4
3eb3efe4
3eb3efe4
3eb3efe4
3eb3efe4
00000000
00000000
00000000
00000000
3fa512af
3fa512af
3fa512af
3fa512af
3fa512af
3fa512af
3fa512af
3fa512af
3fa512af
3fa512af
3fa512af
3fa512af
00000000
00000000
00000000
3f105c92
4012b9d2
4012b9d2
4012b9d2
4012b9d2
4012b9d2
4012b9d2
4012b9d2
4012b9d2
4012b9d2
4012b9d2
4012b9d2
4012b9d2
3f3c7816
00000000
00000000
3f105c92
4012b9d2
4012b9d2
4012b9d2
4012b9d2
4012b9d2
4012b9d2
4012b9d2
4012b9d2
4012b9d2
4012b9d2
4012b9d2
4012b9d2
3f3c7816
00000000
00000000
3f105c92
4012b9d2
4012b9d2
4012b9d2
4012b9d2
4012b9d2
4012b9d2
4012b9d2
4012b9d2
4012b9d2
4012b9d2
4012b9d2
4012b9d2
3f3c7816
00000000
00000000
3f105c92
4012b9d2
4012b9d2
4012b9d2
4012b9d2
4012b9d2
4012b9d2
4012b9d2
4012b9d2
4012b9d2
4012b9d2
4012b9d2
4012b9d2
3f3c7816
00000000
00000000
3f105c92
4012b9d2
4012b9d2
4012b9d2
4012b9d2
4012b9d2
4012b9d2
4012b9d2
4012b9d2
4012b9d2
4012b9d2
4012b9d2
4012b9d2
3f3c7816
00000000
00000000
3f105c92
4012b9d2
4012b9d2
4012b9d2
4012b9d2
4012b9d2
4012b9d2
4012b9d2
4012b9d2
4012b9d2
4012b9d2
4012b9d2
4012b9d2
3f3c7816
00000000
00000000
3f105c92
4012b9d2
4012b9d2
4012b9d2
4012b9d2
4012b9d2
4012b9d2
4012b9d2
4012b9d2
4012b9d2
4012b9d2
4012b9d2
4012b9d2
3f3c7816
00000000
00000000
3f105c92
4012b9d2
4012b9d2
4012b9d2
4012b9d2
4012b9d2
4012b9d2
4012b9d2
4012b9d2
4012b9d2
4012b9d2
4012b9d2
4012b9d2
3f3c7816
00000000
00000000
3f105c92
4012b9d2
4012b9d2
4012b9d2
4012b9d2
4012b9d2
4012b9d2
4012b9d2
4012b9d2
4012b9d2
4012b9d2
4012b9d2
4012b9d2
3f3c7816
00000000
00000000
3f105c92
4012b9d2
4012b9d2
4012b9d2
4012b9d2
4012b9d2
4012b9d2
4012b9d2
4012b9d2
4012b9d2
4012b9d2
4012b9d2
4012b9d2
3f3c7816
00000000
00000000
3f105c92
4012b9d2
4012b9d2
4012b9d2
4012b9d2
4012b9d2
4012b9d2
4012b9d2
4012b9d2
4012b9d2
4012b9d2
4012b9d2
4012b9d2
3f3c7816
00000000
00000000
3f105c92
4012b9d2
4012b9d2
4012b9d2
4012b9d2
4012b9d2
4012b9d2
4012b9d2
4012b9d2
4012b9d2
4012b9d2
4012b9d2
4012b9d2
3f3c7816
00000000
00000000
00000000
3e9add98
3e9add98
3e9add98
3e9add98
3e9add98
3e9add98
3e9add98
3e9add98
3e9add98
3e9add98
3e9add98
3e9add98
00000000
00000000
00000000
00000000
00000000
00000000
00000000
00000000
00000000
00000000
00000000
00000000
00000000
00000000
00000000
00000000
00000000
00000000
00000000
00000000
3ef7bb94
3ef7bb94
3ef7bb94
3ef7bb94
3ef7bb94
3ef7bb94
3ef7bb94
3ef7bb94
3ef7bb94
3ef7bb94
3ef7bb94
3ef7bb94
00000000
00000000
00000000
00000000
3f68d683
3f68d683
3f68d683
3f68d683
3f68d683
3f68d683
3f68d683
3f68d683
3f68d683
3f68d683
3f68d683
3f68d683
00000000
00000000
3e710400
3ec364a8
400379a3
400379a3
400379a3
400379a3
400379a3
400379a3
400379a3
400379a3
400379a3
400379a3
400379a3
400379a3
3f348f7d
00000000
3e710400
3ec364a8
400379a3
400379a3
400379a3
400379a3
400379a3
400379a3
400379a3
400379a3
400379a3
400379a3
400379a3
400379a3
3f348f7d
00000000
3e710400
3ec364a8
400379a3
400379a3
400379a3
400379a3
400379a3
400379a3
400379a3
400379a3
400379a3
400379a3
400379a3
400379a3
3f348f7d
00000000
3e710400
3ec364a8
400379a3
400379a3
400379a3
400379a3
400379a3
400379a3
400379a3
400379a3
400379a3
400379a3
400379a3
400379a3
3f348f7d
00000000
3e710400
3ec364a8
400379a3
400379a3
400379a3
400379a3
400379a3
400379a3
400379a3
400379a3
400379a3
400379a3
400379a3
400379a3
3f348f7d
00000000
3e710400
3ec364a8
400379a3
400379a3
400379a3
400379a3
400379a3
400379a3
400379a3
400379a3
400379a3
400379a3
400379a3
400379a3
3f348f7d
00000000
3e710400
3ec364a8
400379a3
400379a3
400379a3
400379a3
400379a3
400379a3
400379a3
400379a3
400379a3
400379a3
400379a3
400379a3
3f348f7d
00000000
3e710400
3ec364a8
400379a3
400379a3
400379a3
400379a3
400379a3
400379a3
400379a3
400379a3
400379a3
400379a3
400379a3
400379a3
3f348f7d
00000000
3e710400
3ec364a8
400379a3
400379a3
400379a3
400379a3
400379a3
400379a3
400379a3
400379a3
400379a3
400379a3
400379a3
400379a3
3f348f7d
00000000
3e710400
3ec364a8
400379a3
400379a3
400379a3
400379a3
400379a3
400379a3
400379a3
400379a3
400379a3
400379a3
400379a3
400379a3
3f348f7d
00000000
3e710400
3ec364a8
400379a3
400379a3
400379a3
400379a3
400379a3
400379a3
400379a3
400379a3
400379a3
400379a3
400379a3
400379a3
3f348f7d
00000000
3e710400
3ec364a8
400379a3
400379a3
400379a3
400379a3
400379a3
400379a3
400379a3
400379a3
400379a3
400379a3
400379a3
400379a3
3f348f7d
00000000
00000000
00000000
3d11fc00
3d11fc00
3d11fc00
3d11fc00
3d11fc00
3d11fc00
3d11fc00
3d11fc00
3d11fc00
3d11fc00
3d11fc00
3d11fc00
00000000
00000000
00000000
00000000
00000000
00000000
00000000
00000000
00000000
00000000
00000000
00000000
00000000
00000000
00000000
00000000
00000000
00000000
00000000
00000000
3ec30ef0
3ec30ef0
3ec30ef0
3ec30ef0
3ec30ef0
3ec30ef0
3ec30ef0
3ec30ef0
3ec30ef0
3ec30ef0
3ec30ef0
3ec30ef0
00000000
00000000
00000000
00000000
3f949774
3f949774
3f949774
3f949774
3f949774
3f949774
3f949774
3f949774
3f949774
3f949774
3f949774
3f949774
3da09be0
00000000
00000000
3f237e04
4015541f
4015541f
4015541f
4015541f
4015541f
4015541f
4015541f
4015541f
4015541f
4015541f
4015541f
4015541f
3f80ba52
00000000
00000000
3f237e04
4015541f
4015541f
4015541f
4015541f
4015541f
4015541f
4015541f
4015541f
4015541f
4015541f
4015541f
4015541f
3f80ba52
00000000
00000000
3f237e04
4015541f
4015541f
4015541f
4015541f
4015541f
4015541f
4015541f
4015541f
4015541f
4015541f
4015541f
4015541f
3f80ba52
00000000
00000000
3f237e04
4015541f
4015541f
4015541f
4015541f
4015541f
4015541f
4015541f
4015541f
4015541f
4015541f
4015541f
4015541f
3f80ba52
00000000
00000000
3f237e04
4015541f
4015541f
4015541f
4015541f
4015541f
4015541f
4015541f
4015541f
4015541f
4015541f
4015541f
4015541f
3f80ba52
00000000
00000000
3f237e04
4015541f
4015541f
4015541f
4015541f
4015541f
4015541f
4015541f
4015541f
4015541f
4015541f
4015541f
4015541f
3f80ba52
00000000
00000000
3f237e04
4015541f
4015541f
4015541f
4015541f
4015541f
4015541f
4015541f
4015541f
4015541f
4015541f
4015541f
4015541f
3f80ba52
00000000
00000000
3f237e04
4015541f
4015541f
4015541f
4015541f
4015541f
4015541f
4015541f
4015541f
4015541f
4015541f
4015541f
4015541f
3f80ba52
00000000
00000000
3f237e04
4015541f
4015541f
4015541f
4015541f
4015541f
4015541f
4015541f
4015541f
4015541f
4015541f
4015541f
4015541f
3f80ba52
00000000
00000000
3f237e04
4015541f
4015541f
4015541f
4015541f
4015541f
4015541f
4015541f
4015541f
4015541f
4015541f
4015541f
4015541f
3f80ba52
00000000
00000000
3f237e04
4015541f
4015541f
4015541f
4015541f
4015541f
4015541f
4015541f
4015541f
4015541f
4015541f
4015541f
4015541f
3f80ba52
00000000
00000000
3f237e04
4015541f
4015541f
4015541f
4015541f
4015541f
4015541f
4015541f
4015541f
4015541f
4015541f
4015541f
4015541f
3f80ba52
00000000
00000000
00000000
3e9a4f00
3e9a4f00
3e9a4f00
3e9a4f00
3e9a4f00
3e9a4f00
3e9a4f00
3e9a4f00
3e9a4f00
3e9a4f00
3e9a4f00
3e9a4f00
00000000
00000000
00000000
00000000
00000000
00000000
00000000
00000000
00000000
00000000
00000000
00000000
00000000
00000000
00000000
00000000
00000000
00000000
00000000
00000000
00000000
00000000
00000000
00000000
00000000
00000000
00000000
00000000
00000000
00000000
00000000
00000000
3e2dfd90
00000000
00000000
3e8bad78
00000000
00000000
00000000
00000000
00000000
00000000
00000000
00000000
00000000
00000000
00000000
00000000
3f1f91ec
3e50c990
00000000
3e583610
00000000
00000000
00000000
00000000
00000000
00000000
00000000
00000000
00000000
00000000
00000000
00000000
3f0293e8
00000000
00000000
3e583610
00000000
00000000
00000000
00000000
00000000
00000000
00000000
00000000
00000000
00000000
00000000
00000000
3f0293e8
00000000
00000000
3e583610
00000000
00000000
00000000
00000000
00000000
00000000
00000000
00000000
00000000
00000000
00000000
00000000
3f0293e8
00000000
00000000
3e583610
00000000
00000000
00000000
00000000
00000000
00000000
00000000
00000000
00000000
00000000
00000000
00000000
3f0293e8
00000000
00000000
3e583610
00000000
00000000
00000000
00000000
00000000
00000000
00000000
00000000
00000000
00000000
00000000
00000000
3f0293e8
00000000
00000000
3e583610
00000000
00000000
00000000
00000000
00000000
00000000
00000000
00000000
00000000
00000000
00000000
00000000
3f0293e8
00000000
00000000
3e583610
00000000
00000000
00000000
00000000
00000000
00000000
00000000
00000000
00000000
00000000
00000000
00000000
3f0293e8
00000000
00000000
3e583610
00000000
00000000
00000000
00000000
00000000
00000000
00000000
00000000
00000000
00000000
00000000
00000000
3f0293e8
00000000
00000000
3e583610
00000000
00000000
00000000
00000000
00000000
00000000
00000000
00000000
00000000
00000000
00000000
00000000
3f0293e8
00000000
00000000
3e583610
00000000
00000000
00000000
00000000
00000000
00000000
00000000
00000000
00000000
00000000
00000000
00000000
3f0293e8
00000000
00000000
3e583610
00000000
00000000
00000000
00000000
00000000
00000000
00000000
00000000
00000000
00000000
00000000
00000000
3f0293e8
00000000
00000000
3e583610
00000000
00000000
00000000
00000000
00000000
00000000
00000000
00000000
00000000
00000000
00000000
00000000
3f0293e8
00000000
3ecf05b8
3fc9a622
3f37a5ac
3f37a5ac
3f37a5ac
3f37a5ac
3f37a5ac
3f37a5ac
3f37a5ac
3f37a5ac
3f37a5ac
3f37a5ac
3f37a5ac
3f37a5ac
3fc0b5ce
3ec6ed58
00000000
3da82820
00000000
00000000
00000000
00000000
00000000
00000000
00000000
00000000
00000000
00000000
00000000
00000000
3e9f0650
00000000
3e8ff58e
3d0f8540
3e41ad78
3e41ad78
3e41ad78
3e41ad78
3e41ad78
3e41ad78
3e41ad78
3e41ad78
3e41ad78
3e41ad78
3e41ad78
3e41ad78
3e619488
3eed87cf
3def605e
00000000
00000000
00000000
00000000
00000000
00000000
00000000
00000000
00000000
00000000
00000000
00000000
00000000
00000000
00000000
00000000
00000000
00000000
00000000
00000000
00000000
00000000
00000000
00000000
00000000
00000000
00000000
00000000
00000000
00000000
00000000
00000000
00000000
00000000
00000000
00000000
00000000
00000000
00000000
00000000
00000000
00000000
00000000
00000000
00000000
00000000
00000000
00000000
00000000
00000000
00000000
00000000
00000000
00000000
00000000
00000000
00000000
00000000
00000000
00000000
00000000
00000000
00000000
00000000
00000000
00000000
00000000
00000000
00000000
00000000
00000000
00000000
00000000
00000000
00000000
00000000
00000000
00000000
00000000
00000000
00000000
00000000
00000000
00000000
00000000
00000000
00000000
00000000
00000000
00000000
00000000
00000000
00000000
00000000
00000000
00000000
00000000
00000000
00000000
00000000
00000000
00000000
00000000
00000000
00000000
00000000
00000000
00000000
00000000
00000000
00000000
00000000
00000000
00000000
00000000
00000000
00000000
00000000
00000000
00000000
00000000
00000000
00000000
00000000
00000000
00000000
00000000
00000000
00000000
00000000
00000000
00000000
00000000
00000000
00000000
00000000
00000000
00000000
00000000
00000000
00000000
00000000
00000000
00000000
00000000
00000000
00000000
00000000
00000000
00000000
00000000
00000000
00000000
00000000
00000000
00000000
00000000
00000000
00000000
00000000
00000000
00000000
00000000
00000000
00000000
00000000
00000000
00000000
00000000
00000000
00000000
00000000
00000000
00000000
00000000
00000000
00000000
00000000
00000000
00000000
00000000
00000000
00000000
00000000
00000000
00000000
00000000
00000000
00000000
00000000
00000000
00000000
00000000
00000000
00000000
00000000
00000000
00000000
00000000
00000000
00000000
00000000
00000000
00000000
00000000
00000000
00000000
00000000
00000000
00000000
00000000
00000000
00000000
00000000
00000000
00000000
00000000
00000000
00000000
00000000
00000000
00000000
00000000
00000000
00000000
00000000
00000000
00000000
00000000
00000000
00000000
00000000
00000000
00000000
00000000
00000000
00000000
00000000
00000000
3ed2b7fe
3e581aaa
3f1a9612
3f1a9612
3f1a9612
3f1a9612
3f1a9612
3f1a9612
3f1a9612
3f1a9612
3f1a9612
3f1a9612
3f1a9612
3f1a9612
3f30d31e
3f156790
00000000
00000000
00000000
00000000
00000000
00000000
00000000
00000000
00000000
00000000
00000000
00000000
00000000
00000000
00000000
00000000
00000000
00000000
00000000
00000000
00000000
00000000
00000000
00000000
00000000
00000000
00000000
00000000
00000000
00000000
00000000
00000000
00000000
00000000
00000000
00000000
00000000
00000000
00000000
00000000
00000000
00000000
00000000
00000000
00000000
00000000
00000000
00000000
00000000
00000000
00000000
00000000
00000000
00000000
00000000
00000000
00000000
00000000
00000000
00000000
00000000
00000000
00000000
00000000
00000000
00000000
00000000
00000000
00000000
00000000
00000000
00000000
00000000
00000000
00000000
00000000
00000000
00000000
00000000
00000000
00000000
00000000
00000000
00000000
00000000
00000000
00000000
00000000
00000000
00000000
00000000
00000000
00000000
00000000
00000000
00000000
00000000
00000000
00000000
00000000
00000000
00000000
00000000
00000000
00000000
00000000
00000000
00000000
00000000
00000000
00000000
00000000
00000000
00000000
00000000
00000000
00000000
00000000
00000000
00000000
00000000
00000000
00000000
00000000
00000000
00000000
00000000
00000000
00000000
00000000
00000000
00000000
00000000
00000000
00000000
00000000
00000000
00000000
00000000
00000000
00000000
00000000
00000000
00000000
00000000
00000000
00000000
00000000
00000000
00000000
00000000
00000000
00000000
00000000
00000000
00000000
00000000
00000000
00000000
00000000
00000000
00000000
00000000
00000000
00000000
00000000
00000000
00000000
00000000
00000000
00000000
00000000
00000000
00000000
00000000
00000000
00000000
00000000
00000000
00000000
00000000
00000000
00000000
00000000
00000000
00000000
00000000
00000000
00000000
00000000
00000000
00000000
00000000
00000000
00000000
00000000
00000000
00000000
00000000
00000000
00000000
00000000
00000000
00000000
00000000
00000000
00000000
00000000
00000000
00000000
00000000
00000000
00000000
00000000
00000000
00000000
00000000
00000000
00000000
00000000
00000000
00000000
00000000
00000000
00000000
00000000
00000000
00000000
00000000
00000000
00000000
00000000
00000000
00000000
00000000
00000000
00000000
00000000
00000000
00000000
00000000
3db3ace0
00000000
00000000
00000000
00000000
00000000
00000000
00000000
00000000
00000000
00000000
00000000
00000000
3e6560a0
00000000
00000000
3eb0fb54
00000000
00000000
00000000
00000000
00000000
00000000
00000000
00000000
00000000
00000000
00000000
00000000
3df6ac00
00000000
00000000
00000000
00000000
00000000
00000000
00000000
00000000
00000000
00000000
00000000
00000000
00000000
00000000
00000000
00000000
00000000
00000000
00000000
00000000
00000000
00000000
00000000
00000000
00000000
00000000
00000000
00000000
00000000
00000000
00000000
00000000
00000000
00000000
00000000
00000000
00000000
00000000
00000000
00000000
00000000
00000000
00000000
00000000
00000000
00000000
00000000
00000000
00000000
00000000
00000000
00000000
00000000
00000000
00000000
00000000
00000000
00000000
00000000
00000000
00000000
00000000
00000000
00000000
00000000
00000000
00000000
00000000
00000000
00000000
00000000
00000000
00000000
00000000
00000000
00000000
00000000
00000000
00000000
00000000
00000000
00000000
00000000
00000000
00000000
00000000
00000000
00000000
00000000
00000000
00000000
00000000
00000000
00000000
00000000
00000000
00000000
00000000
00000000
00000000
00000000
00000000
00000000
00000000
00000000
00000000
00000000
00000000
00000000
00000000
00000000
00000000
00000000
00000000
00000000
00000000
00000000
00000000
00000000
00000000
00000000
00000000
00000000
00000000
00000000
00000000
00000000
00000000
00000000
00000000
00000000
00000000
00000000
00000000
00000000
00000000
00000000
00000000
00000000
00000000
00000000
00000000
00000000
00000000
00000000
00000000
00000000
00000000
00000000
00000000
00000000
00000000
00000000
00000000
00000000
00000000
00000000
00000000
00000000
00000000
00000000
00000000
00000000
00000000
00000000
00000000
00000000
00000000
00000000
00000000
00000000
00000000
00000000
00000000
00000000
00000000
00000000
00000000
00000000
00000000
00000000
00000000
00000000
00000000
00000000
00000000
00000000
00000000
00000000
00000000
00000000
00000000
00000000
00000000
3ea0b5c4
00000000
00000000
00000000
00000000
00000000
00000000
00000000
00000000
00000000
00000000
00000000
00000000
3ed6443c
3dc32060
00000000
00000000
00000000
00000000
00000000
00000000
00000000
00000000
00000000
00000000
00000000
00000000
00000000
00000000
00000000
00000000
00000000
00000000
00000000
00000000
00000000
00000000
00000000
00000000
00000000
00000000
00000000
00000000
00000000
00000000
00000000
00000000
00000000
00000000
00000000
00000000
00000000
00000000
00000000
00000000
00000000
00000000
00000000
00000000
00000000
00000000
3f0a0ba8
00000000
00000000
00000000
00000000
00000000
00000000
00000000
00000000
00000000
00000000
00000000
00000000
00000000
00000000
00000000
3f458c9c
00000000
00000000
00000000
00000000
00000000
00000000
00000000
00000000
00000000
00000000
00000000
00000000
00000000
00000000
00000000
3f458c9c
00000000
00000000
00000000
00000000
00000000
00000000
00000000
00000000
00000000
00000000
00000000
00000000
00000000
00000000
00000000
3f458c9c
00000000
00000000
00000000
00000000
00000000
00000000
00000000
00000000
00000000
00000000
00000000
00000000
00000000
00000000
00000000
3f458c9c
00000000
00000000
00000000
00000000
00000000
00000000
00000000
00000000
00000000
00000000
00000000
00000000
00000000
00000000
00000000
3f458c9c
00000000
00000000
00000000
00000000
00000000
00000000
00000000
00000000
00000000
00000000
00000000
00000000
00000000
00000000
00000000
3f458c9c
00000000
00000000
00000000
00000000
00000000
00000000
00000000
00000000
00000000
00000000
00000000
00000000
00000000
00000000
00000000
3f458c9c
00000000
00000000
00000000
00000000
00000000
00000000
00000000
00000000
00000000
00000000
00000000
00000000
00000000
00000000
00000000
3f458c9c
00000000
00000000
00000000
00000000
00000000
00000000
00000000
00000000
00000000
00000000
00000000
00000000
00000000
00000000
00000000
3f458c9c
00000000
00000000
00000000
00000000
00000000
00000000
00000000
00000000
00000000
00000000
00000000
00000000
00000000
00000000
00000000
3f458c9c
00000000
00000000
00000000
00000000
00000000
00000000
00000000
00000000
00000000
00000000
00000000
00000000
00000000
00000000
00000000
3f458c9c
00000000
00000000
00000000
00000000
00000000
00000000
00000000
00000000
00000000
00000000
00000000
00000000
00000000
00000000
00000000
3f458c9c
00000000
3e6c7d00
3f9e3914
3f64a350
3f64a350
3f64a350
3f64a350
3f64a350
3f64a350
3f64a350
3f64a350
3f64a350
3f64a350
3f64a350
3f64a350
3fec198a
3f3d6c10
00000000
3e216940
00000000
00000000
00000000
00000000
00000000
00000000
00000000
00000000
00000000
00000000
00000000
00000000
3f0a5430
00000000
00000000
00000000
3eb87ca0
3eb87ca0
3eb87ca0
3eb87ca0
3eb87ca0
3eb87ca0
3eb87ca0
3eb87ca0
3eb87ca0
3eb87ca0
3eb87ca0
3eb87ca0
00000000
00000000
00000000
00000000
3f9eb752
3f9eb752
3f9eb752
3f9eb752
3f9eb752
3f9eb752
3f9eb752
3f9eb752
3f9eb752
3f9eb752
3f9eb752
3f9eb752
00000000
00000000
3d9da700
3ee65168
40163341
40163341
40163341
40163341
40163341
40163341
40163341
40163341
40163341
40163341
40163341
40163341
3f4d9df8
00000000
3d9da700
3ee65168
40163341
40163341
40163341
40163341
40163341
40163341
40163341
40163341
40163341
40163341
40163341
40163341
3f4d9df8
00000000
3d9da700
3ee65168
40163341
40163341
40163341
40163341
40163341
40163341
40163341
40163341
40163341
40163341
40163341
40163341
3f4d9df8
00000000
3d9da700
3ee65168
40163341
40163341
40163341
40163341
40163341
40163341
40163341
40163341
40163341
40163341
40163341
40163341
3f4d9df8
00000000
3d9da700
3ee65168
40163341
40163341
40163341
40163341
40163341
40163341
40163341
40163341
40163341
40163341
40163341
40163341
3f4d9df8
00000000
3d9da700
3ee65168
40163341
40163341
40163341
40163341
40163341
40163341
40163341
40163341
40163341
40163341
40163341
40163341
3f4d9df8
00000000
3d9da700
3ee65168
40163341
40163341
40163341
40163341
40163341
40163341
40163341
40163341
40163341
40163341
40163341
40163341
3f4d9df8
00000000
3d9da700
3ee65168
40163341
40163341
40163341
40163341
40163341
40163341
40163341
40163341
40163341
40163341
40163341
40163341
3f4d9df8
00000000
3d9da700
3ee65168
40163341
40163341
40163341
40163341
40163341
40163341
40163341
40163341
40163341
40163341
40163341
40163341
3f4d9df8
00000000
3d9da700
3ee65168
40163341
40163341
40163341
40163341
40163341
40163341
40163341
40163341
40163341
40163341
40163341
40163341
3f4d9df8
00000000
3d9da700
3ee65168
40163341
40163341
40163341
40163341
40163341
40163341
40163341
40163341
40163341
40163341
40163341
40163341
3f4d9df8
00000000
3d9da700
3ee65168
40163341
40163341
40163341
40163341
40163341
40163341
40163341
40163341
40163341
40163341
40163341
40163341
3f4d9df8
00000000
00000000
00000000
3de1a060
3de1a060
3de1a060
3de1a060
3de1a060
3de1a060
3de1a060
3de1a060
3de1a060
3de1a060
3de1a060
3de1a060
00000000
00000000
00000000
00000000
00000000
00000000
00000000
00000000
00000000
00000000
00000000
00000000
00000000
00000000
00000000
00000000
00000000
00000000
00000000
3db03f00
00000000
00000000
00000000
00000000
00000000
00000000
00000000
00000000
00000000
00000000
00000000
00000000
3ee93b28
3e0aea30
3cda8b40
3ef33864
00000000
00000000
00000000
00000000
00000000
00000000
00000000
00000000
00000000
00000000
00000000
00000000
3f4fa190
00000000
00000000
00000000
00000000
00000000
00000000
00000000
00000000
00000000
00000000
00000000
00000000
00000000
00000000
00000000
00000000
00000000
00000000
00000000
00000000
00000000
00000000
00000000
00000000
00000000
00000000
00000000
00000000
00000000
00000000
00000000
00000000
00000000
00000000
00000000
00000000
00000000
00000000
00000000
00000000
00000000
00000000
00000000
00000000
00000000
00000000
00000000
00000000
00000000
00000000
00000000
00000000
00000000
00000000
00000000
00000000
00000000
00000000
00000000
00000000
00000000
00000000
00000000
00000000
00000000
00000000
00000000
00000000
00000000
00000000
00000000
00000000
00000000
00000000
00000000
00000000
00000000
00000000
00000000
00000000
00000000
00000000
00000000
00000000
00000000
00000000
00000000
00000000
00000000
00000000
00000000
00000000
00000000
00000000
00000000
00000000
00000000
00000000
00000000
00000000
00000000
00000000
00000000
00000000
00000000
00000000
00000000
00000000
00000000
00000000
00000000
00000000
00000000
00000000
00000000
00000000
00000000
00000000
00000000
00000000
00000000
00000000
00000000
00000000
00000000
00000000
00000000
00000000
00000000
00000000
00000000
00000000
00000000
00000000
00000000
00000000
00000000
00000000
00000000
00000000
00000000
00000000
00000000
00000000
00000000
00000000
00000000
00000000
00000000
00000000
00000000
00000000
00000000
00000000
00000000
00000000
00000000
00000000
00000000
00000000
00000000
00000000
00000000
00000000
00000000
00000000
00000000
00000000
00000000
00000000
00000000
00000000
00000000
00000000
00000000
00000000
00000000
00000000
00000000
00000000
00000000
00000000
00000000
00000000
00000000
00000000
00000000
00000000
00000000
00000000
00000000
00000000
00000000
00000000
3efb48b4
00000000
00000000
00000000
00000000
00000000
00000000
00000000
00000000
00000000
00000000
00000000
00000000
3f39868c
00000000
00000000
00000000
00000000
00000000
00000000
00000000
00000000
00000000
00000000
00000000
00000000
00000000
00000000
00000000
00000000
00000000
3f2b4a84
3ee3c164
3efa9ceb
3efa9ceb
3efa9ceb
3efa9ceb
3efa9ceb
3efa9ceb
3efa9ceb
3efa9ceb
3efa9ceb
3efa9ceb
3efa9ceb
3efa9ceb
3f07d632
3d6fd2e8
3dc4d6f0
00000000
00000000
00000000
00000000
00000000
00000000
00000000
00000000
00000000
00000000
00000000
00000000
00000000
00000000
00000000
00000000
00000000
00000000
00000000
00000000
00000000
00000000
00000000
00000000
00000000
00000000
00000000
00000000
00000000
00000000
00000000
00000000
00000000
00000000
00000000
00000000
00000000
00000000
00000000
00000000
00000000
00000000
00000000
00000000
00000000
00000000
00000000
00000000
00000000
00000000
00000000
00000000
00000000
00000000
00000000
00000000
00000000
00000000
00000000
00000000
00000000
00000000
00000000
00000000
00000000
00000000
00000000
00000000
00000000
00000000
00000000
00000000
00000000
00000000
00000000
00000000
00000000
00000000
00000000
00000000
00000000
00000000
00000000
00000000
00000000
00000000
00000000
00000000
00000000
00000000
00000000
00000000
00000000
00000000
00000000
00000000
00000000
00000000
00000000
00000000
00000000
00000000
00000000
00000000
00000000
00000000
00000000
00000000
00000000
00000000
00000000
00000000
00000000
00000000
00000000
00000000
00000000
00000000
00000000
00000000
00000000
00000000
00000000
00000000
00000000
00000000
00000000
00000000
00000000
00000000
00000000
00000000
00000000
00000000
00000000
00000000
00000000
00000000
00000000
00000000
00000000
00000000
00000000
00000000
00000000
00000000
00000000
00000000
00000000
00000000
00000000
00000000
00000000
00000000
00000000
00000000
00000000
00000000
00000000
00000000
00000000
00000000
00000000
00000000
00000000
00000000
00000000
00000000
00000000
00000000
00000000
00000000
00000000
00000000
00000000
00000000
00000000
00000000
00000000
00000000
00000000
00000000
00000000
00000000
00000000
00000000
00000000
00000000
00000000
00000000
00000000
00000000
00000000
00000000
00000000
00000000
00000000
00000000
00000000
00000000
00000000
00000000
00000000
00000000
00000000
00000000
00000000
00000000
00000000
00000000
00000000
00000000
00000000
00000000
00000000
00000000
00000000
00000000
00000000
00000000
00000000
00000000
00000000
00000000
00000000
00000000
00000000
00000000
00000000
00000000
00000000
00000000
00000000
00000000
00000000
00000000
00000000
00000000
00000000
